fullName,rank,companyNumber,age
Макаров Дмитрий Викторович,капитан,3,36
Сидоров Сергей Олегович,полковник,5,31
Михайлов Юрий Алексеевич,прапорщик,11,22
Зайцев Сергей Михайлович,лейтенант,6,36
Орлов Роман Олегович,сержант,5,51
Кузнецов Андрей Кириллович,полковник,1,59
Алексеев Михаил Андреевич,майор,2,23
Алексеев Евгений Михайлович,лейтенант,1,32
Егоров Константин Иванович,рядовой,11,39
Степанов Андрей Кириллович,прапорщик,12,45
Кочергин Никита Андреевич,рядовой,8,36
Алексеев Кирилл Романович,сержант,4,24
Алексеев Кирилл Романович,рядовой,7,20
Никитин Никита Никитич,рядовой,2,31
Семёнов Олег Сергеевич,сержант,11,36
Николаев Егор Кириллович,майор,2,18
Семёнов Степан Дмитриевич,майор,8,52
Алексеев Павел Романович,лейтенант,12,42
Петров Сергей Кириллович,рядовой,5,24
Андреев Виктор Романович,майор,5,58
Новиков Денис Никитич,полковник,8,33
Соколов Кирилл Кириллович,прапорщик,11,59
Соловьёв Константин Юрьевич,сержант,7,56
Семёнов Дмитрий Сергеевич,майор,7,50
Никитин Матвей Андреевич,полковник,6,33
Сидоров Виктор Юрьевич,полковник,6,21
Михайлов Александр Ильич,лейтенант,1,23
Яковлев Сергей Романович,капитан,7,53
Козлов Юрий Викторович,прапорщик,11,19
Макаров Константин Иванович,сержант,10,19
Фёдоров Виктор Иванович,рядовой,10,40
Семёнов Павел Андреевич,капитан,2,51
Михайлов Иван Андреевич,лейтенант,7,50
Петров Роман Ильич,майор,10,56
Николаев Алексей Никитич,рядовой,7,58
Смирнов Максим Иванович,полковник,5,20
Захаров Юрий Павлович,сержант,12,49
Егоров Олег Александрович,капитан,9,59
Петров Роман Ильич,рядовой,2,27
Орлов Сергей Викторович,капитан,6,56
Кузнецов Степан Андреевич,полковник,3,31
Соколов Максим Алексеевич,прапорщик,7,49
Семёнов Андрей Иванович,рядовой,12,31
Егоров Матвей Олегович,рядовой,7,29
Андреев Иван Сергеевич,прапорщик,2,30
Михайлов Алексей Юрьевич,майор,12,49
Васильев Андрей Ильич,прапорщик,11,49
Соколов Юрий Юрьевич,полковник,5,29
Яковлев Сергей Никитич,майор,3,18
Степанов Кирилл Алексеевич,рядовой,8,56
Соколов Денис Михайлович,рядовой,6,59
Егоров Иван Максимович,капитан,12,57
Новиков Андрей Романович,рядовой,11,39
Козлов Андрей Романович,сержант,11,18
Соловьёв Павел Иванович,прапорщик,12,53
Семёнов Денис Кириллович,лейтенант,5,60
Захаров Алексей Юрьевич,сержант,8,55
Морозов Иван Андреевич,сержант,9,58
Смирнов Егор Максимович,сержант,10,27
Сидоров Илья Романович,рядовой,2,60
Борисов Олег Максимович,сержант,11,31
Петров Сергей Александрович,лейтенант,6,30
Морозов Виктор Дмитриевич,сержант,5,43
Козлов Кирилл Никитич,майор,12,24
Попов Артём Андреевич,полковник,12,26
Попов Илья Алексеевич,рядовой,9,48
Захаров Илья Романович,майор,8,21
Никитин Павел Никитич,сержант,10,24
Соколов Денис Александрович,капитан,6,53
Борисов Иван Ильич,лейтенант,10,28
Смирнов Илья Сергеевич,лейтенант,12,53
Попов Андрей Павлович,майор,1,51
Иванов Константин Ильич,лейтенант,2,41
Смирнов Константин Кириллович,рядовой,8,52
Новиков Кирилл Кириллович,капитан,1,30
Лебедев Олег Михайлович,майор,8,32
Павлов Сергей Сергеевич,сержант,4,46
Петров Виктор Михайлович,капитан,5,43
Попов Михаил Иванович,прапорщик,5,19
Лебедев Денис Александрович,рядовой,6,32
Яковлев Матвей Романович,майор,9,51
Кузнецов Артём Михайлович,капитан,12,24
Орлов Сергей Александрович,майор,9,29
Козлов Олег Кириллович,капитан,6,21
Захаров Андрей Михайлович,лейтенант,8,55
Павлов Алексей Романович,капитан,8,40
Соколов Иван Максимович,прапорщик,7,36
Смирнов Никита Кириллович,сержант,12,20
Лебедев Александр Павлович,лейтенант,7,49
Петров Олег Павлович,сержант,4,23
Смирнов Павел Максимович,майор,7,23
Смирнов Павел Романович,прапорщик,12,32
Иванов Константин Кириллович,лейтенант,4,25
Зайцев Артём Михайлович,майор,1,32
Семёнов Денис Максимович,лейтенант,1,31
Семёнов Павел Ильич,рядовой,7,24
Захаров Степан Андреевич,рядовой,1,36
Яковлев Матвей Андреевич,рядовой,8,27
Захаров Сергей Павлович,сержант,5,46
Андреев Михаил Андреевич,прапорщик,7,53
Михайлов Денис Кириллович,сержант,6,38
Петров Егор Романович,полковник,3,54
Орлов Константин Александрович,прапорщик,12,32
Кочергин Иван Сергеевич,сержант,1,46
Попов Дмитрий Иванович,лейтенант,9,60
Степанов Александр Кириллович,прапорщик,12,38
Иванов Степан Сергеевич,капитан,10,44
Павлов Кирилл Михайлович,прапорщик,7,38
Андреев Иван Максимович,полковник,12,46
Михайлов Михаил Алексеевич,рядовой,6,34
Петров Олег Иванович,рядовой,6,60
Фёдоров Егор Юрьевич,полковник,5,18
Козлов Алексей Дмитриевич,рядовой,12,43
Николаев Денис Романович,капитан,12,56
Орлов Илья Дмитриевич,рядовой,2,32
Борисов Кирилл Максимович,прапорщик,1,40
Макаров Олег Дмитриевич,лейтенант,11,48
Иванов Павел Максимович,полковник,5,35
Алексеев Матвей Никитич,капитан,5,18
Петров Александр Дмитриевич,прапорщик,1,19
Новиков Юрий Олегович,прапорщик,6,34
Степанов Иван Павлович,капитан,4,36
Макаров Степан Викторович,прапорщик,3,41
Алексеев Александр Никитич,капитан,10,56
Кузнецов Михаил Павлович,лейтенант,3,38
Лебедев Егор Дмитриевич,рядовой,4,51
Петров Юрий Юрьевич,капитан,6,23
Сидоров Евгений Сергеевич,сержант,11,24
Захаров Роман Иванович,сержант,11,60
Морозов Дмитрий Сергеевич,прапорщик,10,39
Степанов Александр Никитич,сержант,2,39
Иванов Иван Максимович,полковник,8,34
Сидоров Олег Олегович,майор,5,48
Захаров Денис Павлович,сержант,2,58
Петров Юрий Кириллович,полковник,3,33
Смирнов Павел Викторович,лейтенант,8,21
Попов Матвей Никитич,лейтенант,2,44
Егоров Кирилл Никитич,прапорщик,7,55
Алексеев Михаил Иванович,полковник,11,50
Степанов Алексей Михайлович,майор,5,23
Орлов Степан Кириллович,сержант,9,22
Соловьёв Максим Кириллович,полковник,8,58
Кузнецов Кирилл Михайлович,полковник,8,56
Зайцев Юрий Алексеевич,полковник,10,47
Макаров Юрий Романович,капитан,2,35
Яковлев Михаил Никитич,рядовой,1,54
Орлов Михаил Павлович,прапорщик,9,34
Борисов Роман Кириллович,полковник,10,27
Николаев Михаил Юрьевич,капитан,1,59
Семёнов Илья Юрьевич,лейтенант,11,58
Орлов Денис Олегович,полковник,5,54
Семёнов Артём Викторович,капитан,1,38
Соколов Кирилл Андреевич,прапорщик,2,54
Смирнов Степан Викторович,рядовой,7,26
Соловьёв Степан Викторович,прапорщик,8,45
Захаров Иван Олегович,лейтенант,12,43
Никитин Дмитрий Максимович,капитан,2,56
Васильев Матвей Алексеевич,лейтенант,5,26
Фёдоров Павел Ильич,рядовой,8,45
Соловьёв Павел Юрьевич,полковник,1,51
Захаров Матвей Олегович,полковник,8,38
Козлов Сергей Александрович,майор,6,59
Алексеев Артём Олегович,лейтенант,1,60
Новиков Кирилл Викторович,лейтенант,8,25
Михайлов Дмитрий Иванович,полковник,8,47
Яковлев Дмитрий Андреевич,прапорщик,12,19
Андреев Максим Иванович,прапорщик,5,34
Степанов Михаил Дмитриевич,майор,10,57
Борисов Степан Романович,лейтенант,6,26
Морозов Роман Ильич,лейтенант,5,35
Яковлев Степан Михайлович,прапорщик,6,39
Андреев Виктор Юрьевич,лейтенант,11,44
Васильев Илья Романович,майор,5,29
Иванов Юрий Романович,рядовой,10,39
Васильев Александр Викторович,сержант,8,48
Кузнецов Евгений Андреевич,лейтенант,7,54
Фёдоров Виктор Юрьевич,рядовой,12,53
Козлов Кирилл Алексеевич,майор,11,45
Зайцев Роман Александрович,сержант,7,45
Захаров Константин Александрович,полковник,11,29
Никитин Иван Олегович,майор,5,34
Павлов Алексей Никитич,сержант,12,41
Петров Дмитрий Юрьевич,капитан,7,24
Алексеев Матвей Кириллович,лейтенант,8,47
Орлов Евгений Михайлович,сержант,5,49
Смирнов Егор Никитич,капитан,2,55
Смирнов Роман Ильич,майор,7,55
Фёдоров Александр Юрьевич,полковник,3,39
Степанов Алексей Иванович,рядовой,2,42
Степанов Максим Иванович,лейтенант,10,48
Егоров Дмитрий Юрьевич,капитан,9,27
Васильев Дмитрий Юрьевич,майор,1,19
Егоров Максим Ильич,сержант,12,37
Зайцев Павел Александрович,сержант,4,48
Новиков Илья Алексеевич,полковник,7,54
Соловьёв Юрий Алексеевич,полковник,5,57
Новиков Сергей Александрович,рядовой,12,42
Орлов Павел Иванович,капитан,10,25
Смирнов Олег Алексеевич,капитан,5,44
Борисов Кирилл Дмитриевич,сержант,2,24
Павлов Андрей Викторович,капитан,2,34
Алексеев Матвей Иванович,рядовой,2,59
Кузнецов Александр Ильич,полковник,4,54
Зайцев Дмитрий Иванович,капитан,7,45
Орлов Егор Михайлович,сержант,4,54
Яковлев Михаил Ильич,капитан,11,31
Макаров Денис Иванович,полковник,11,36
Борисов Алексей Никитич,лейтенант,4,48
Макаров Денис Кириллович,прапорщик,11,53
Николаев Никита Дмитриевич,майор,4,18
Зайцев Алексей Викторович,лейтенант,3,23
Лебедев Павел Ильич,полковник,2,43
Попов Матвей Дмитриевич,полковник,6,40
Васильев Алексей Олегович,лейтенант,10,56
Кузнецов Кирилл Никитич,майор,12,50
Соколов Юрий Викторович,сержант,7,53
Андреев Иван Юрьевич,капитан,4,50
Борисов Виктор Михайлович,полковник,10,23
Захаров Алексей Олегович,лейтенант,3,50
Семёнов Денис Михайлович,лейтенант,9,42
Яковлев Константин Максимович,рядовой,5,19
Лебедев Роман Алексеевич,капитан,7,57
Захаров Роман Романович,сержант,12,36
Смирнов Никита Юрьевич,сержант,2,60
Егоров Дмитрий Андреевич,рядовой,5,19
Михайлов Максим Александрович,лейтенант,2,54
Сидоров Андрей Михайлович,сержант,12,33
Лебедев Дмитрий Алексеевич,лейтенант,6,46
Егоров Сергей Никитич,капитан,7,32
Захаров Матвей Романович,рядовой,2,55
Васильев Матвей Ильич,рядовой,11,23
Иванов Сергей Романович,капитан,5,41
Кочергин Иван Кириллович,рядовой,4,48
Петров Юрий Дмитриевич,майор,12,22
Орлов Юрий Викторович,прапорщик,10,30
Сидоров Иван Иванович,лейтенант,1,49
Соколов Александр Алексеевич,рядовой,12,46
Васильев Иван Ильич,сержант,10,48
Захаров Олег Дмитриевич,рядовой,1,24
Орлов Михаил Алексеевич,лейтенант,3,22
Зайцев Степан Алексеевич,полковник,3,34
Иванов Александр Олегович,рядовой,4,51
Кочергин Никита Михайлович,полковник,12,55
Алексеев Роман Дмитриевич,сержант,11,38
Соловьёв Максим Михайлович,сержант,6,52
Макаров Дмитрий Михайлович,полковник,8,23
Сидоров Степан Александрович,полковник,1,37
Фёдоров Дмитрий Максимович,прапорщик,12,33
Яковлев Максим Сергеевич,капитан,6,57
Яковлев Олег Олегович,рядовой,3,48
Кочергин Константин Ильич,полковник,12,35
Захаров Денис Юрьевич,капитан,7,44
Петров Никита Михайлович,капитан,6,42
Кузнецов Никита Юрьевич,прапорщик,1,35
Попов Алексей Никитич,лейтенант,5,21
Кочергин Павел Михайлович,майор,12,50
Алексеев Сергей Юрьевич,прапорщик,5,24
Макаров Евгений Алексеевич,лейтенант,8,24
Захаров Сергей Никитич,капитан,9,24
Кочергин Дмитрий Иванович,капитан,1,22
Козлов Денис Романович,прапорщик,8,20
Павлов Алексей Павлович,лейтенант,12,53
Кочергин Никита Дмитриевич,прапорщик,5,36
Сидоров Михаил Михайлович,майор,3,57
Яковлев Кирилл Андреевич,майор,7,49
Захаров Олег Александрович,капитан,9,21
Андреев Матвей Дмитриевич,рядовой,6,25
Соколов Иван Олегович,полковник,3,44
Егоров Кирилл Викторович,рядовой,5,27
Михайлов Максим Олегович,майор,10,60
Егоров Сергей Никитич,сержант,1,46
Кочергин Виктор Максимович,лейтенант,11,18
Петров Егор Максимович,прапорщик,4,45
Морозов Павел Юрьевич,сержант,11,32
Степанов Олег Викторович,лейтенант,7,24
Орлов Дмитрий Романович,прапорщик,2,47
Захаров Максим Романович,рядовой,1,49
Алексеев Александр Максимович,майор,8,40
Никитин Сергей Александрович,рядовой,8,48
Павлов Кирилл Алексеевич,капитан,5,41
Морозов Иван Олегович,рядовой,9,58
Алексеев Денис Юрьевич,полковник,1,45
Алексеев Денис Андреевич,майор,2,56
Макаров Алексей Алексеевич,капитан,4,37
Козлов Сергей Михайлович,сержант,1,58
Козлов Андрей Сергеевич,прапорщик,3,46
Попов Матвей Юрьевич,капитан,4,30
Алексеев Иван Михайлович,полковник,12,21
Борисов Евгений Сергеевич,сержант,11,20
Морозов Павел Михайлович,полковник,5,47
Николаев Роман Александрович,рядовой,3,60
Никитин Алексей Романович,полковник,7,26
Петров Степан Ильич,лейтенант,2,18
Соловьёв Степан Дмитриевич,сержант,6,49
Зайцев Виктор Дмитриевич,полковник,2,43
Соловьёв Олег Алексеевич,майор,1,59
Кочергин Юрий Кириллович,лейтенант,1,32
Борисов Матвей Романович,капитан,6,57
Смирнов Никита Сергеевич,лейтенант,8,42
Никитин Максим Олегович,майор,7,27
Козлов Роман Иванович,капитан,7,30
Кочергин Дмитрий Андреевич,полковник,6,33
Соловьёв Роман Юрьевич,сержант,3,21
Степанов Андрей Алексеевич,прапорщик,5,41
Петров Степан Александрович,лейтенант,10,35
Иванов Константин Викторович,капитан,8,31
Зайцев Олег Юрьевич,рядовой,9,30
Николаев Михаил Сергеевич,полковник,1,21
Николаев Александр Олегович,лейтенант,6,52
Новиков Евгений Никитич,сержант,12,54
Соколов Александр Александрович,прапорщик,7,21
Соколов Юрий Романович,полковник,11,44
Иванов Юрий Юрьевич,рядовой,7,35
Козлов Виктор Кириллович,лейтенант,6,57
Захаров Александр Никитич,прапорщик,8,57
Петров Олег Романович,майор,9,33
Петров Кирилл Юрьевич,рядовой,3,49
Николаев Евгений Александрович,сержант,8,45
Михайлов Матвей Сергеевич,сержант,1,21
Фёдоров Олег Дмитриевич,полковник,2,57
Павлов Никита Юрьевич,прапорщик,5,48
Васильев Степан Александрович,капитан,5,29
Семёнов Михаил Александрович,лейтенант,3,50
Попов Евгений Романович,полковник,1,46
Попов Матвей Романович,сержант,3,18
Морозов Юрий Андреевич,капитан,6,22
Фёдоров Матвей Дмитриевич,рядовой,4,39
Попов Кирилл Викторович,рядовой,2,46
Павлов Евгений Юрьевич,майор,6,18
Макаров Матвей Сергеевич,сержант,10,25
Борисов Евгений Михайлович,рядовой,9,19
Морозов Максим Никитич,рядовой,3,19
Андреев Александр Юрьевич,прапорщик,11,20
Михайлов Матвей Максимович,прапорщик,7,55
Степанов Артём Ильич,полковник,3,48
Алексеев Юрий Андреевич,полковник,7,53
Козлов Павел Михайлович,лейтенант,4,50
Лебедев Константин Ильич,рядовой,10,27
Орлов Матвей Алексеевич,полковник,4,56
Петров Роман Дмитриевич,прапорщик,7,30
Алексеев Дмитрий Викторович,рядовой,3,37
Зайцев Сергей Ильич,лейтенант,4,57
Соловьёв Михаил Максимович,сержант,11,38
Павлов Максим Кириллович,лейтенант,7,55
Новиков Артём Олегович,прапорщик,4,45
Морозов Виктор Ильич,рядовой,11,37
Борисов Никита Михайлович,прапорщик,7,53
Никитин Сергей Иванович,рядовой,9,55
Фёдоров Сергей Никитич,лейтенант,12,32
Захаров Олег Сергеевич,капитан,8,57
Павлов Павел Юрьевич,лейтенант,4,33
Орлов Дмитрий Андреевич,сержант,1,35
Кузнецов Артём Кириллович,полковник,4,51
Егоров Олег Кириллович,рядовой,11,54
Кочергин Александр Андреевич,прапорщик,1,57
Макаров Юрий Андреевич,лейтенант,1,34
Иванов Александр Никитич,сержант,9,45
Яковлев Роман Олегович,капитан,5,47
Петров Денис Андреевич,лейтенант,1,28
Лебедев Никита Юрьевич,майор,9,56
Алексеев Егор Ильич,лейтенант,9,19
Морозов Артём Юрьевич,сержант,9,21
Зайцев Степан Андреевич,сержант,4,20
Козлов Иван Александрович,рядовой,10,55
Павлов Алексей Никитич,лейтенант,8,21
Николаев Виктор Викторович,прапорщик,2,51
Андреев Роман Андреевич,рядовой,1,54
Егоров Виктор Олегович,полковник,4,43
Лебедев Евгений Алексеевич,капитан,11,59
Сидоров Егор Павлович,рядовой,1,42
Никитин Роман Максимович,сержант,8,55
Петров Михаил Алексеевич,прапорщик,3,52
Орлов Кирилл Павлович,прапорщик,9,19
Алексеев Степан Максимович,майор,8,56
Кузнецов Алексей Никитич,рядовой,11,57
Степанов Иван Викторович,рядовой,4,25
Петров Степан Дмитриевич,капитан,4,34
Павлов Александр Иванович,майор,5,34
Яковлев Евгений Викторович,капитан,10,20
Зайцев Кирилл Кириллович,сержант,5,44
Борисов Никита Павлович,майор,8,58
Кузнецов Роман Дмитриевич,сержант,2,31
Сидоров Виктор Александрович,лейтенант,12,45
Макаров Егор Никитич,рядовой,6,58
Степанов Павел Юрьевич,майор,11,37
Соколов Олег Александрович,капитан,8,53
Иванов Юрий Ильич,лейтенант,9,29
Яковлев Олег Романович,майор,4,46
Смирнов Андрей Олегович,майор,9,51
Семёнов Александр Никитич,рядовой,6,38
Семёнов Степан Сергеевич,сержант,11,46
Васильев Юрий Максимович,прапорщик,3,25
Зайцев Денис Романович,лейтенант,3,35
Семёнов Константин Михайлович,майор,5,33
Васильев Сергей Юрьевич,капитан,3,46
Соколов Дмитрий Иванович,майор,10,48
Алексеев Егор Андреевич,рядовой,9,37
Зайцев Александр Викторович,капитан,5,43
Михайлов Александр Сергеевич,прапорщик,8,46
Новиков Егор Павлович,сержант,2,56
Степанов Юрий Юрьевич,капитан,11,38
Зайцев Егор Романович,майор,3,38
Борисов Никита Никитич,сержант,5,39
Павлов Егор Павлович,лейтенант,3,57
Попов Павел Дмитриевич,лейтенант,3,26
Андреев Егор Юрьевич,капитан,5,20
Алексеев Виктор Александрович,рядовой,6,34
Смирнов Илья Алексеевич,лейтенант,12,32
Павлов Егор Ильич,сержант,10,26
Захаров Артём Павлович,сержант,3,40
Николаев Кирилл Олегович,майор,9,44
Попов Павел Олегович,лейтенант,2,21
Соколов Матвей Павлович,прапорщик,8,35
Николаев Степан Дмитриевич,капитан,5,30
Семёнов Олег Максимович,майор,5,55
Попов Егор Андреевич,лейтенант,4,58
Морозов Александр Павлович,рядовой,1,22
Кузнецов Егор Олегович,полковник,5,42
Николаев Дмитрий Олегович,рядовой,5,56
Захаров Дмитрий Максимович,рядовой,1,56
Смирнов Егор Павлович,прапорщик,11,55
Соловьёв Никита Никитич,прапорщик,5,33
Петров Дмитрий Сергеевич,лейтенант,9,35
Соловьёв Роман Андреевич,майор,12,49
Макаров Михаил Алексеевич,полковник,1,59
Фёдоров Алексей Андреевич,прапорщик,11,53
Козлов Евгений Викторович,майор,4,21
Семёнов Артём Алексеевич,рядовой,7,43
Морозов Роман Сергеевич,рядовой,12,46
Петров Олег Павлович,полковник,2,25
Зайцев Денис Максимович,сержант,11,34
Иванов Олег Андреевич,прапорщик,1,19
Алексеев Кирилл Алексеевич,сержант,8,44
Яковлев Кирилл Кириллович,прапорщик,10,59
Новиков Виктор Олегович,прапорщик,3,45
Орлов Виктор Иванович,рядовой,6,30
Новиков Денис Юрьевич,майор,5,23
Сидоров Егор Александрович,сержант,9,41
Андреев Павел Иванович,сержант,12,53
Павлов Денис Романович,прапорщик,10,58
Борисов Степан Юрьевич,прапорщик,10,29
Петров Кирилл Максимович,майор,6,38
Попов Евгений Алексеевич,полковник,4,21
Захаров Сергей Павлович,прапорщик,12,32
Иванов Виктор Кириллович,майор,3,56
Семёнов Иван Михайлович,прапорщик,11,36
Соколов Илья Андреевич,капитан,12,37
Морозов Виктор Викторович,капитан,7,49
Андреев Олег Никитич,майор,1,36
Соловьёв Денис Викторович,сержант,5,58
Николаев Роман Михайлович,капитан,8,27
Захаров Евгений Ильич,майор,5,24
Козлов Александр Олегович,лейтенант,11,60
Соловьёв Максим Александрович,рядовой,10,54
Лебедев Степан Никитич,прапорщик,3,57
Егоров Алексей Кириллович,рядовой,7,58
Михайлов Андрей Сергеевич,сержант,9,26
Алексеев Матвей Иванович,капитан,8,21
Яковлев Алексей Никитич,капитан,10,22
Иванов Никита Иванович,лейтенант,10,54
Козлов Максим Иванович,полковник,9,34
Соколов Кирилл Иванович,лейтенант,6,25
Николаев Андрей Кириллович,прапорщик,4,34
Михайлов Дмитрий Викторович,майор,1,50
Никитин Александр Олегович,полковник,11,31
Сидоров Илья Романович,капитан,11,36
Соколов Никита Викторович,капитан,12,59
Яковлев Кирилл Романович,капитан,1,48
Васильев Юрий Сергеевич,сержант,9,28
Сидоров Олег Сергеевич,полковник,2,29
Кочергин Михаил Андреевич,рядовой,11,50
Сидоров Никита Михайлович,прапорщик,8,53
Егоров Павел Ильич,полковник,8,58
Лебедев Дмитрий Юрьевич,рядовой,6,19
Лебедев Александр Иванович,майор,12,19
Николаев Роман Андреевич,лейтенант,11,31
Попов Иван Павлович,сержант,5,60
Соловьёв Артём Андреевич,лейтенант,6,46
Кузнецов Александр Юрьевич,капитан,9,21
Михайлов Денис Дмитриевич,лейтенант,9,57
Захаров Олег Кириллович,лейтенант,10,51
Семёнов Денис Романович,сержант,12,59
Васильев Константин Олегович,полковник,4,42
Козлов Сергей Никитич,прапорщик,5,35
Смирнов Виктор Кириллович,капитан,6,46
Андреев Павел Андреевич,капитан,3,43
Захаров Андрей Александрович,рядовой,7,40
Смирнов Никита Романович,сержант,8,36
Лебедев Степан Юрьевич,рядовой,6,59
Фёдоров Илья Ильич,сержант,2,59
Лебедев Павел Кириллович,рядовой,11,31
Николаев Михаил Юрьевич,прапорщик,7,22
Степанов Егор Сергеевич,полковник,8,42
Морозов Олег Дмитриевич,сержант,2,19
Захаров Александр Дмитриевич,сержант,8,51
Алексеев Михаил Иванович,полковник,9,60
Яковлев Иван Дмитриевич,полковник,1,40
Смирнов Олег Андреевич,прапорщик,4,50
Борисов Олег Дмитриевич,полковник,11,44
Васильев Сергей Александрович,прапорщик,4,49
Зайцев Роман Ильич,сержант,12,53
Лебедев Олег Алексеевич,майор,8,36
Орлов Роман Алексеевич,сержант,7,50
Орлов Константин Юрьевич,прапорщик,4,23
Сидоров Матвей Алексеевич,майор,5,31
Павлов Денис Андреевич,полковник,11,19
Лебедев Никита Викторович,капитан,4,24
Новиков Олег Никитич,прапорщик,11,56
Михайлов Сергей Павлович,майор,5,38
Орлов Павел Павлович,сержант,11,34
Орлов Артём Михайлович,рядовой,10,27
Никитин Денис Викторович,майор,2,40
Лебедев Илья Олегович,капитан,6,18
Николаев Иван Дмитриевич,прапорщик,11,25
Борисов Степан Андреевич,прапорщик,2,59
Яковлев Сергей Александрович,сержант,2,59
Павлов Егор Викторович,сержант,1,48
Морозов Павел Сергеевич,прапорщик,5,41
Алексеев Егор Максимович,капитан,7,43
Макаров Иван Павлович,полковник,1,23
Макаров Никита Дмитриевич,майор,5,33
Михайлов Александр Максимович,рядовой,3,43
Николаев Матвей Романович,лейтенант,7,37
Лебедев Матвей Олегович,полковник,11,43
Морозов Иван Ильич,майор,3,55
Николаев Денис Юрьевич,прапорщик,2,21
Фёдоров Александр Олегович,капитан,6,57
Иванов Андрей Кириллович,сержант,1,57
Захаров Михаил Олегович,полковник,12,29
Смирнов Михаил Юрьевич,майор,1,44
Зайцев Сергей Павлович,полковник,6,32
Соловьёв Иван Кириллович,полковник,1,38
Васильев Михаил Алексеевич,капитан,10,18
Семёнов Юрий Максимович,майор,7,27
Козлов Артём Дмитриевич,капитан,11,42
Смирнов Матвей Дмитриевич,лейтенант,2,21
Алексеев Роман Сергеевич,лейтенант,10,21
Соколов Егор Викторович,рядовой,6,54
Петров Кирилл Сергеевич,рядовой,8,60
Зайцев Павел Юрьевич,лейтенант,10,45
Орлов Артём Сергеевич,капитан,10,36
Алексеев Иван Дмитриевич,капитан,10,42
Орлов Дмитрий Викторович,прапорщик,10,44
Зайцев Максим Андреевич,сержант,10,50
Соколов Александр Юрьевич,капитан,9,37
Андреев Денис Викторович,полковник,10,52
Егоров Евгений Андреевич,прапорщик,4,47
Морозов Константин Павлович,капитан,12,43
Павлов Виктор Олегович,сержант,8,34
Яковлев Евгений Алексеевич,майор,4,18
Соловьёв Дмитрий Викторович,рядовой,6,34
Семёнов Никита Иванович,рядовой,2,30
Соловьёв Артём Павлович,лейтенант,3,60
Сидоров Максим Романович,лейтенант,8,51
Сидоров Кирилл Александрович,капитан,3,52
Попов Михаил Павлович,прапорщик,10,59
Зайцев Сергей Кириллович,лейтенант,2,44
Захаров Никита Дмитриевич,капитан,5,60
Николаев Алексей Ильич,майор,2,41
Яковлев Павел Олегович,майор,4,48
Павлов Максим Кириллович,рядовой,11,57
Сидоров Матвей Сергеевич,капитан,12,22
Андреев Илья Павлович,полковник,10,19
Иванов Кирилл Викторович,капитан,1,37
Алексеев Михаил Никитич,капитан,5,21
Никитин Матвей Максимович,прапорщик,2,56
Никитин Илья Михайлович,сержант,8,53
Козлов Максим Максимович,капитан,11,28
Алексеев Степан Дмитриевич,рядовой,10,50
Соловьёв Егор Дмитриевич,майор,7,51
Сидоров Михаил Никитич,полковник,2,45
Борисов Олег Олегович,полковник,12,42
Смирнов Сергей Юрьевич,полковник,8,27
Зайцев Константин Михайлович,сержант,1,44
Борисов Денис Дмитриевич,капитан,1,39
Макаров Евгений Иванович,капитан,3,35
Орлов Александр Михайлович,капитан,11,48
Семёнов Юрий Романович,майор,8,29
Новиков Александр Дмитриевич,сержант,1,30
Сидоров Матвей Максимович,майор,9,44
Сидоров Иван Иванович,капитан,9,56
Алексеев Алексей Андреевич,майор,5,57
Новиков Олег Викторович,лейтенант,5,59
Смирнов Константин Михайлович,капитан,6,50
Яковлев Артём Алексеевич,прапорщик,2,56
Козлов Дмитрий Максимович,рядовой,3,43
Соколов Артём Михайлович,капитан,3,27
Лебедев Денис Юрьевич,рядовой,9,38
Козлов Михаил Алексеевич,лейтенант,9,29
Соколов Константин Иванович,майор,6,34
Васильев Юрий Михайлович,прапорщик,9,29
Сидоров Илья Александрович,рядовой,2,38
Николаев Никита Юрьевич,лейтенант,10,35
Никитин Сергей Иванович,полковник,2,31
Степанов Степан Иванович,прапорщик,4,28
Борисов Артём Юрьевич,прапорщик,1,50
Никитин Артём Юрьевич,сержант,2,47
Фёдоров Алексей Романович,сержант,11,32
Кузнецов Кирилл Кириллович,прапорщик,12,27
Смирнов Артём Иванович,полковник,12,48
Захаров Павел Олегович,прапорщик,7,28
Павлов Александр Юрьевич,сержант,4,41
Иванов Александр Олегович,майор,5,38
Никитин Никита Дмитриевич,прапорщик,9,28
Степанов Михаил Дмитриевич,лейтенант,11,52
Попов Евгений Павлович,сержант,6,40
Егоров Иван Алексеевич,капитан,4,46
Иванов Егор Алексеевич,майор,11,41
Соловьёв Евгений Викторович,майор,4,42
Иванов Евгений Дмитриевич,прапорщик,6,52
Кузнецов Виктор Андреевич,лейтенант,3,30
Яковлев Юрий Максимович,лейтенант,8,41
Соловьёв Александр Максимович,рядовой,6,30
Соловьёв Андрей Викторович,майор,1,31
Зайцев Михаил Сергеевич,полковник,5,46
Семёнов Никита Павлович,полковник,12,52
Егоров Юрий Олегович,сержант,12,49
Сидоров Илья Викторович,капитан,10,52
Семёнов Александр Александрович,полковник,12,39
Соколов Евгений Алексеевич,капитан,10,53
Макаров Максим Алексеевич,майор,3,59
Захаров Илья Павлович,полковник,6,46
Андреев Матвей Ильич,полковник,11,49
Захаров Роман Михайлович,полковник,5,39
Смирнов Алексей Романович,лейтенант,3,28
Кузнецов Александр Ильич,полковник,5,44
Зайцев Кирилл Михайлович,полковник,3,55
Козлов Виктор Павлович,рядовой,4,51
Петров Иван Максимович,капитан,11,42
Петров Егор Ильич,капитан,10,34
Фёдоров Максим Дмитриевич,лейтенант,11,51
Васильев Евгений Андреевич,капитан,3,22
Кочергин Андрей Павлович,рядовой,5,29
Семёнов Евгений Иванович,майор,8,24
Никитин Дмитрий Кириллович,лейтенант,11,30
Николаев Александр Иванович,лейтенант,10,39
Николаев Олег Олегович,сержант,6,58
Петров Виктор Павлович,капитан,5,22
Кузнецов Артём Романович,сержант,9,51
Павлов Константин Александрович,майор,9,50
Никитин Евгений Павлович,полковник,1,51
Сидоров Максим Александрович,лейтенант,2,36
Степанов Алексей Ильич,майор,7,19
Соколов Егор Александрович,капитан,11,39
Павлов Виктор Никитич,прапорщик,5,31
Захаров Денис Андреевич,полковник,2,30
Попов Егор Юрьевич,лейтенант,7,31
Соловьёв Степан Кириллович,полковник,2,55
Сидоров Виктор Дмитриевич,полковник,5,32
Егоров Михаил Кириллович,рядовой,10,48
Козлов Денис Романович,полковник,7,50
Андреев Кирилл Алексеевич,рядовой,9,25
Павлов Дмитрий Максимович,полковник,9,48
Михайлов Иван Алексеевич,капитан,2,32
Смирнов Сергей Алексеевич,лейтенант,6,57
Андреев Иван Никитич,лейтенант,1,31
Петров Андрей Ильич,рядовой,3,22
Семёнов Евгений Сергеевич,лейтенант,1,37
Попов Юрий Кириллович,полковник,3,49
Соловьёв Никита Максимович,полковник,2,52
Фёдоров Константин Алексеевич,рядовой,7,31
Иванов Кирилл Сергеевич,лейтенант,6,26
Соловьёв Иван Алексеевич,лейтенант,2,53
Борисов Павел Сергеевич,рядовой,10,40
Соколов Сергей Дмитриевич,рядовой,2,47
Степанов Виктор Алексеевич,полковник,6,22
Соколов Роман Алексеевич,сержант,4,52
Николаев Александр Максимович,сержант,11,46
Петров Алексей Александрович,полковник,10,59
Борисов Степан Максимович,полковник,10,37
Иванов Максим Михайлович,лейтенант,10,42
Сидоров Юрий Кириллович,полковник,7,20
Яковлев Иван Юрьевич,сержант,8,28
Петров Олег Никитич,прапорщик,1,54
Павлов Александр Олегович,майор,4,40
Соколов Илья Ильич,прапорщик,1,25
Кочергин Юрий Алексеевич,лейтенант,3,38
Сидоров Дмитрий Никитич,полковник,10,35
Кочергин Сергей Юрьевич,сержант,1,41
Орлов Максим Романович,рядовой,4,32
Орлов Андрей Александрович,капитан,7,46
Васильев Дмитрий Андреевич,прапорщик,1,48
Новиков Максим Ильич,прапорщик,10,58
Орлов Егор Олегович,прапорщик,4,33
Козлов Дмитрий Кириллович,полковник,7,32
Орлов Евгений Иванович,лейтенант,5,30
Соколов Константин Сергеевич,капитан,6,50
Иванов Юрий Александрович,рядовой,9,37
Смирнов Роман Андреевич,майор,7,49
Морозов Дмитрий Максимович,майор,5,45
Егоров Илья Сергеевич,прапорщик,7,41
Иванов Александр Кириллович,капитан,5,58
Борисов Матвей Иванович,капитан,12,36
Кочергин Михаил Алексеевич,рядовой,2,50
Смирнов Олег Александрович,сержант,4,28
Иванов Сергей Павлович,прапорщик,2,56
Егоров Степан Александрович,лейтенант,12,19
Зайцев Константин Сергеевич,полковник,8,40
Петров Иван Романович,рядовой,12,55
Яковлев Алексей Павлович,полковник,8,48
Николаев Матвей Александрович,прапорщик,7,24
Борисов Роман Алексеевич,майор,3,58
Яковлев Евгений Никитич,сержант,12,56
Орлов Егор Иванович,лейтенант,9,58
Павлов Олег Юрьевич,полковник,3,18
Кузнецов Александр Михайлович,полковник,9,49
Сидоров Александр Кириллович,лейтенант,11,39
Соколов Михаил Юрьевич,лейтенант,5,23
Михайлов Михаил Андреевич,майор,12,48
Смирнов Виктор Викторович,прапорщик,6,31
Сидоров Михаил Иванович,капитан,6,40
Иванов Степан Дмитриевич,рядовой,3,58
Степанов Александр Олегович,майор,10,40
Новиков Денис Ильич,прапорщик,7,34
Кузнецов Иван Андреевич,капитан,5,31
Алексеев Олег Максимович,рядовой,10,19
Козлов Евгений Алексеевич,прапорщик,6,21
Николаев Евгений Сергеевич,прапорщик,12,45
Орлов Михаил Викторович,рядовой,3,30
Алексеев Александр Викторович,прапорщик,2,49
Петров Егор Александрович,сержант,3,41
Попов Никита Романович,сержант,11,60
Сидоров Артём Михайлович,майор,2,46
Алексеев Алексей Алексеевич,капитан,1,54
Морозов Михаил Максимович,лейтенант,6,35
Орлов Дмитрий Сергеевич,лейтенант,4,46
Степанов Дмитрий Иванович,полковник,9,35
Павлов Алексей Сергеевич,лейтенант,4,57
Васильев Артём Павлович,капитан,11,24
Иванов Степан Алексеевич,полковник,10,45
Николаев Виктор Иванович,лейтенант,2,26
Захаров Дмитрий Павлович,прапорщик,7,35
Макаров Егор Юрьевич,лейтенант,5,47
Павлов Матвей Павлович,сержант,6,21
Павлов Кирилл Иванович,рядовой,12,22
Николаев Михаил Кириллович,полковник,10,55
Козлов Андрей Иванович,лейтенант,1,55
Козлов Алексей Олегович,рядовой,1,27
Егоров Матвей Романович,полковник,2,34
Соколов Евгений Андреевич,прапорщик,11,39
Кузнецов Александр Кириллович,сержант,11,52
Никитин Егор Романович,полковник,10,25
Павлов Сергей Дмитриевич,полковник,6,29
Егоров Артём Дмитриевич,полковник,6,30
Иванов Егор Юрьевич,сержант,1,60
Павлов Илья Дмитриевич,сержант,9,51
Новиков Александр Сергеевич,майор,7,58
Семёнов Иван Павлович,капитан,3,22
Козлов Олег Сергеевич,майор,1,39
Иванов Денис Сергеевич,капитан,8,20
Степанов Матвей Юрьевич,прапорщик,5,40
Яковлев Юрий Михайлович,рядовой,7,55
Смирнов Михаил Кириллович,капитан,8,45
Семёнов Артём Никитич,сержант,2,58
Фёдоров Матвей Олегович,лейтенант,7,56
Фёдоров Константин Викторович,капитан,3,54
Кочергин Алексей Олегович,сержант,3,48
Васильев Алексей Михайлович,сержант,8,20
Васильев Виктор Максимович,капитан,11,20
Фёдоров Егор Павлович,полковник,6,24
Яковлев Кирилл Максимович,майор,4,37
Васильев Александр Викторович,лейтенант,9,59
Соловьёв Илья Андреевич,капитан,9,46
Кочергин Юрий Максимович,майор,11,45
Петров Матвей Максимович,капитан,2,48
Захаров Александр Алексеевич,майор,5,29
Соловьёв Илья Олегович,майор,4,46
Михайлов Виктор Ильич,лейтенант,4,52
Петров Максим Ильич,рядовой,9,34
Васильев Михаил Максимович,сержант,6,48
Андреев Сергей Олегович,майор,9,27
Алексеев Сергей Максимович,рядовой,12,36
Лебедев Роман Алексеевич,рядовой,8,31
Михайлов Иван Юрьевич,полковник,4,40
Новиков Сергей Михайлович,полковник,6,40
Захаров Егор Никитич,лейтенант,4,22
Николаев Сергей Павлович,капитан,9,38
Козлов Алексей Павлович,лейтенант,4,48
Николаев Александр Александрович,капитан,11,51
Борисов Константин Михайлович,сержант,9,30
Петров Сергей Никитич,капитан,11,41
Семёнов Евгений Сергеевич,лейтенант,6,45
Иванов Евгений Дмитриевич,майор,5,22
Егоров Виктор Дмитриевич,полковник,11,26
Новиков Михаил Павлович,полковник,12,29
Павлов Евгений Алексеевич,лейтенант,2,47
Васильев Кирилл Павлович,рядовой,9,47
Васильев Егор Ильич,рядовой,5,54
Васильев Юрий Максимович,капитан,2,30
Лебедев Андрей Андреевич,капитан,12,30
Егоров Александр Никитич,прапорщик,1,59
Соколов Александр Кириллович,прапорщик,10,25
Николаев Максим Павлович,прапорщик,8,44
Михайлов Павел Алексеевич,майор,8,30
Павлов Юрий Олегович,капитан,2,31
Борисов Илья Юрьевич,майор,3,28
Николаев Денис Сергеевич,капитан,2,41
Морозов Артём Алексеевич,прапорщик,12,50
Павлов Илья Дмитриевич,сержант,2,30
Кочергин Денис Максимович,лейтенант,1,59
Соколов Илья Никитич,рядовой,12,48
Никитин Евгений Викторович,лейтенант,1,27
Егоров Денис Никитич,капитан,1,48
Попов Егор Михайлович,капитан,9,22
Иванов Никита Александрович,сержант,10,23
Алексеев Денис Максимович,сержант,9,50
Орлов Илья Викторович,капитан,11,32
Степанов Олег Романович,майор,10,32
Никитин Дмитрий Андреевич,полковник,3,46
Николаев Евгений Сергеевич,прапорщик,7,54
Морозов Илья Романович,сержант,7,55
Егоров Андрей Кириллович,полковник,3,20
Лебедев Алексей Никитич,полковник,9,44
Смирнов Виктор Максимович,прапорщик,7,28
Соколов Дмитрий Павлович,лейтенант,9,19
Сидоров Виктор Михайлович,лейтенант,8,20
Сидоров Кирилл Максимович,полковник,3,53
Борисов Александр Михайлович,прапорщик,8,24
Борисов Алексей Дмитриевич,капитан,4,44
Кузнецов Михаил Викторович,прапорщик,9,39
Кочергин Алексей Ильич,полковник,8,52
Николаев Степан Олегович,майор,2,48
Яковлев Илья Андреевич,полковник,8,47
Алексеев Александр Олегович,полковник,4,57
Борисов Олег Романович,майор,2,33
Алексеев Степан Дмитриевич,лейтенант,6,48
Новиков Максим Олегович,капитан,9,34
Николаев Илья Олегович,лейтенант,12,33
Орлов Илья Юрьевич,майор,6,44
Никитин Максим Михайлович,прапорщик,4,39
Семёнов Иван Юрьевич,майор,8,51
Морозов Павел Андреевич,майор,10,35
Фёдоров Евгений Кириллович,лейтенант,2,52
Орлов Евгений Ильич,лейтенант,5,37
Павлов Павел Алексеевич,сержант,10,42
Петров Михаил Андреевич,прапорщик,5,38
Иванов Алексей Иванович,полковник,7,49
Николаев Дмитрий Андреевич,рядовой,8,51
Попов Константин Романович,полковник,10,53
Павлов Максим Павлович,полковник,2,18
Соколов Иван Олегович,сержант,3,55
Новиков Александр Кириллович,полковник,9,19
Новиков Артём Юрьевич,прапорщик,2,58
Попов Егор Александрович,капитан,12,42
Фёдоров Никита Сергеевич,рядовой,9,44
Никитин Сергей Викторович,рядовой,8,50
Васильев Константин Ильич,майор,2,33
Кузнецов Константин Никитич,рядовой,3,48
Захаров Матвей Никитич,сержант,6,20
Сидоров Роман Иванович,лейтенант,6,41
Фёдоров Денис Никитич,капитан,7,31
Николаев Андрей Максимович,рядовой,11,60
Семёнов Виктор Александрович,полковник,6,43
Петров Никита Романович,лейтенант,4,51
Андреев Олег Никитич,рядовой,1,54
Кочергин Александр Александрович,майор,7,42
Зайцев Сергей Олегович,полковник,11,22
Орлов Никита Ильич,рядовой,8,42
Кочергин Александр Алексеевич,прапорщик,5,41
Кочергин Константин Викторович,майор,10,23
Егоров Максим Никитич,сержант,4,42
Соловьёв Константин Викторович,прапорщик,8,39
Соловьёв Матвей Михайлович,лейтенант,1,42
Павлов Артём Михайлович,полковник,3,44
Иванов Матвей Ильич,сержант,9,52
Попов Олег Никитич,капитан,12,55
Алексеев Павел Павлович,лейтенант,12,21
Павлов Юрий Сергеевич,капитан,8,38
Егоров Степан Дмитриевич,прапорщик,2,36
Николаев Александр Ильич,лейтенант,4,37
Егоров Иван Михайлович,прапорщик,2,26
Захаров Роман Сергеевич,капитан,4,46
Степанов Дмитрий Алексеевич,сержант,11,56
Васильев Александр Никитич,прапорщик,4,22
Орлов Алексей Максимович,полковник,4,35
Соловьёв Юрий Романович,прапорщик,8,56
Степанов Константин Александрович,рядовой,8,29
Фёдоров Роман Павлович,полковник,9,49
Кузнецов Илья Дмитриевич,лейтенант,11,31
Алексеев Матвей Викторович,полковник,9,30
Лебедев Юрий Максимович,майор,11,41
Смирнов Дмитрий Никитич,рядовой,4,43
Семёнов Иван Юрьевич,лейтенант,8,56
Морозов Павел Ильич,майор,3,26
Михайлов Константин Павлович,лейтенант,4,47
Сидоров Павел Олегович,лейтенант,6,39
Никитин Иван Сергеевич,полковник,3,19
Зайцев Константин Никитич,прапорщик,5,60
Иванов Алексей Михайлович,прапорщик,4,53
Яковлев Евгений Андреевич,лейтенант,10,46
Кочергин Павел Михайлович,рядовой,4,42
Кочергин Денис Михайлович,полковник,9,51
Алексеев Евгений Павлович,капитан,1,51
Никитин Денис Олегович,сержант,10,23
Новиков Сергей Кириллович,прапорщик,10,20
Макаров Константин Никитич,капитан,1,36
Захаров Михаил Михайлович,лейтенант,5,29
Лебедев Дмитрий Викторович,сержант,6,37
Михайлов Никита Андреевич,лейтенант,9,44
Сидоров Дмитрий Романович,прапорщик,8,59
Попов Степан Юрьевич,прапорщик,1,47
Фёдоров Максим Кириллович,капитан,2,34
Кочергин Александр Кириллович,лейтенант,9,28
Павлов Александр Кириллович,прапорщик,7,51
Степанов Константин Сергеевич,майор,1,53
Николаев Олег Иванович,капитан,8,48
Лебедев Александр Юрьевич,прапорщик,1,24
Васильев Павел Ильич,полковник,10,58
Попов Никита Павлович,лейтенант,10,48
Андреев Михаил Павлович,полковник,4,23
Никитин Денис Юрьевич,рядовой,9,43
Попов Егор Олегович,майор,8,51
Алексеев Максим Павлович,сержант,4,53
Кочергин Артём Сергеевич,сержант,1,30
Кузнецов Егор Андреевич,прапорщик,11,57
Егоров Егор Никитич,рядовой,10,34
Кочергин Роман Иванович,полковник,5,54
Семёнов Иван Александрович,полковник,6,32
Кочергин Михаил Михайлович,полковник,4,34
Козлов Олег Романович,прапорщик,2,26
Смирнов Олег Викторович,лейтенант,3,21
Борисов Степан Дмитриевич,полковник,2,29
Соловьёв Евгений Кириллович,прапорщик,9,28
Павлов Александр Александрович,полковник,11,55
Попов Александр Иванович,сержант,7,38
Иванов Михаил Иванович,лейтенант,9,45
Степанов Егор Дмитриевич,рядовой,2,56
Попов Артём Ильич,рядовой,6,26
Захаров Михаил Александрович,прапорщик,2,38
Николаев Иван Романович,капитан,12,35
Андреев Андрей Викторович,лейтенант,9,44
Соловьёв Максим Алексеевич,лейтенант,8,54
Макаров Артём Кириллович,сержант,4,39
Алексеев Константин Никитич,сержант,1,23
Павлов Кирилл Михайлович,полковник,6,46
Кочергин Роман Максимович,лейтенант,12,60
Попов Павел Иванович,рядовой,12,44
Новиков Максим Александрович,сержант,2,52
Новиков Максим Юрьевич,сержант,11,29
Николаев Егор Иванович,полковник,3,31
Михайлов Олег Олегович,прапорщик,12,41
Новиков Егор Максимович,сержант,11,21
Соколов Степан Михайлович,майор,7,47
Орлов Алексей Олегович,прапорщик,5,21
Сидоров Константин Алексеевич,майор,9,56
Смирнов Михаил Ильич,полковник,6,31
Фёдоров Олег Михайлович,полковник,3,39
Николаев Юрий Олегович,сержант,9,60
Соловьёв Егор Александрович,лейтенант,12,50
Сидоров Илья Никитич,майор,8,39
Соловьёв Максим Кириллович,майор,5,20
Лебедев Виктор Михайлович,капитан,2,50
Соловьёв Никита Александрович,прапорщик,12,52
Борисов Андрей Михайлович,рядовой,6,60
Яковлев Никита Михайлович,лейтенант,12,40
Сидоров Андрей Дмитриевич,лейтенант,10,19
Орлов Олег Олегович,рядовой,2,57
Захаров Матвей Викторович,сержант,11,46
Кузнецов Никита Кириллович,полковник,1,32
Смирнов Никита Михайлович,лейтенант,5,32
Никитин Константин Михайлович,прапорщик,3,53
Иванов Юрий Романович,прапорщик,11,19
Петров Павел Алексеевич,полковник,12,31
Смирнов Павел Иванович,рядовой,8,53
Семёнов Илья Александрович,полковник,6,30
Козлов Александр Дмитриевич,сержант,5,58
Макаров Олег Ильич,сержант,12,57
Попов Роман Андреевич,рядовой,6,41
Никитин Юрий Иванович,майор,6,42
Зайцев Андрей Никитич,капитан,8,41
Кочергин Матвей Викторович,капитан,12,32
Зайцев Илья Кириллович,капитан,10,36
Васильев Максим Александрович,капитан,11,40
Сидоров Степан Иванович,полковник,8,53
Лебедев Евгений Алексеевич,полковник,9,18
Орлов Павел Романович,лейтенант,3,50
Соколов Константин Викторович,капитан,4,18
Орлов Максим Олегович,полковник,6,58
Николаев Павел Никитич,лейтенант,11,19
Зайцев Иван Никитич,прапорщик,7,28
Орлов Никита Павлович,майор,8,18
Борисов Артём Алексеевич,лейтенант,2,52
Захаров Олег Викторович,прапорщик,9,46
Зайцев Никита Дмитриевич,полковник,10,53
Соловьёв Дмитрий Андреевич,рядовой,8,39
Борисов Виктор Андреевич,рядовой,5,43
Захаров Павел Дмитриевич,лейтенант,5,31
Козлов Александр Павлович,полковник,5,52
Михайлов Денис Юрьевич,сержант,10,28
Петров Андрей Никитич,майор,5,35
Иванов Виктор Юрьевич,сержант,11,24
Козлов Денис Максимович,капитан,11,57
Макаров Виктор Александрович,рядовой,2,29
Петров Артём Павлович,лейтенант,3,57
Орлов Олег Максимович,майор,7,57
Захаров Олег Михайлович,сержант,7,23
Николаев Роман Олегович,майор,7,35
Семёнов Максим Александрович,лейтенант,12,54
Соколов Матвей Алексеевич,лейтенант,6,44
Морозов Андрей Александрович,капитан,4,24
Орлов Артём Александрович,майор,1,22
Макаров Роман Максимович,майор,9,32
Попов Максим Романович,сержант,10,20
Петров Денис Никитич,рядовой,12,42
Борисов Роман Михайлович,сержант,1,53
Кочергин Александр Никитич,сержант,9,60
Соколов Сергей Павлович,лейтенант,3,31
Кузнецов Михаил Павлович,полковник,12,34
Михайлов Денис Сергеевич,рядовой,7,21
Захаров Роман Дмитриевич,лейтенант,8,59
Соколов Денис Викторович,капитан,9,57
Попов Максим Михайлович,рядовой,9,25
Петров Дмитрий Викторович,сержант,10,19
Егоров Виктор Михайлович,лейтенант,10,52
Макаров Дмитрий Сергеевич,майор,2,47
Петров Матвей Павлович,прапорщик,8,58
Соловьёв Виктор Олегович,майор,6,52
Николаев Матвей Викторович,полковник,6,46
Козлов Александр Кириллович,полковник,12,32
Кочергин Олег Викторович,полковник,12,38
Николаев Павел Михайлович,полковник,8,56
Сидоров Александр Ильич,майор,8,51
Новиков Степан Павлович,прапорщик,3,31
Никитин Дмитрий Александрович,прапорщик,6,31
Васильев Кирилл Ильич,рядовой,5,57
Зайцев Степан Алексеевич,рядовой,8,20
Иванов Александр Андреевич,лейтенант,8,40
Фёдоров Кирилл Викторович,прапорщик,4,57
Алексеев Михаил Максимович,лейтенант,4,51
Кузнецов Никита Максимович,рядовой,8,27
Зайцев Олег Ильич,рядовой,4,40
Егоров Алексей Максимович,лейтенант,3,42
Соколов Виктор Кириллович,полковник,1,52
Никитин Дмитрий Михайлович,капитан,11,58
Иванов Степан Олегович,майор,2,24
Попов Матвей Александрович,прапорщик,5,32
Петров Роман Романович,майор,8,48
Кузнецов Максим Сергеевич,сержант,8,24
Андреев Роман Сергеевич,рядовой,10,51
Борисов Сергей Викторович,лейтенант,7,32
Яковлев Матвей Андреевич,рядовой,6,27
Яковлев Егор Юрьевич,сержант,11,46
Смирнов Максим Александрович,лейтенант,1,43
Павлов Егор Олегович,прапорщик,7,37
Смирнов Михаил Юрьевич,сержант,6,56
Зайцев Михаил Олегович,капитан,10,39
Васильев Олег Викторович,прапорщик,3,39
Попов Никита Викторович,лейтенант,7,52
Козлов Павел Юрьевич,майор,8,32
Орлов Павел Иванович,рядовой,7,58
Борисов Роман Дмитриевич,сержант,12,28
Орлов Олег Кириллович,майор,8,19
Смирнов Кирилл Александрович,капитан,6,59
Петров Виктор Викторович,полковник,11,22
Морозов Олег Сергеевич,капитан,10,42
Макаров Виктор Кириллович,сержант,4,21
Николаев Михаил Юрьевич,лейтенант,3,39
Андреев Павел Олегович,рядовой,12,23
Морозов Олег Иванович,майор,11,58
Соловьёв Илья Кириллович,полковник,9,36
Сидоров Роман Андреевич,полковник,11,55
Орлов Александр Олегович,сержант,9,50
Сидоров Никита Олегович,лейтенант,1,60
Зайцев Артём Александрович,капитан,9,21
Морозов Максим Ильич,прапорщик,4,35
Зайцев Павел Ильич,лейтенант,4,38
Алексеев Евгений Дмитриевич,майор,9,49
Лебедев Константин Кириллович,прапорщик,8,27
Новиков Юрий Михайлович,рядовой,12,45
Лебедев Роман Андреевич,рядовой,9,49
Макаров Михаил Кириллович,рядовой,10,44
Новиков Денис Никитич,сержант,10,58
Васильев Андрей Павлович,капитан,4,37
Егоров Денис Александрович,капитан,12,58
Попов Павел Романович,рядовой,7,28
Павлов Юрий Дмитриевич,капитан,5,40
Михайлов Евгений Андреевич,лейтенант,3,46
Семёнов Артём Кириллович,рядовой,3,39
Егоров Сергей Андреевич,майор,9,47
Кочергин Роман Кириллович,прапорщик,1,34
Захаров Сергей Викторович,полковник,12,34
Михайлов Иван Олегович,прапорщик,12,29
Соловьёв Андрей Никитич,лейтенант,10,43
Егоров Никита Сергеевич,лейтенант,10,29
Сидоров Денис Иванович,рядовой,8,24
Соколов Матвей Андреевич,майор,9,37
Фёдоров Кирилл Викторович,рядовой,12,58
Зайцев Никита Александрович,майор,1,40
Захаров Иван Михайлович,майор,6,51
Петров Денис Олегович,лейтенант,5,52
Лебедев Евгений Никитич,рядовой,4,52
Орлов Илья Сергеевич,сержант,8,45
Петров Денис Кириллович,сержант,6,56
Новиков Степан Алексеевич,майор,3,34
Морозов Андрей Никитич,полковник,9,52
Смирнов Роман Александрович,майор,4,41
Захаров Илья Никитич,рядовой,8,45
Андреев Матвей Никитич,лейтенант,2,34
Смирнов Сергей Сергеевич,рядовой,11,24
Новиков Виктор Викторович,полковник,4,54
Николаев Виктор Максимович,майор,3,54
Егоров Олег Кириллович,полковник,6,51
Михайлов Михаил Александрович,майор,2,26
Лебедев Денис Максимович,сержант,8,49
Андреев Сергей Романович,лейтенант,11,50
Фёдоров Артём Александрович,полковник,10,24
Орлов Иван Никитич,прапорщик,8,54
Яковлев Кирилл Александрович,капитан,1,60
Васильев Александр Алексеевич,сержант,10,58
Петров Роман Михайлович,полковник,2,56
Степанов Роман Романович,капитан,12,36
Петров Андрей Кириллович,лейтенант,7,34
Фёдоров Андрей Олегович,майор,6,53
Лебедев Андрей Александрович,сержант,4,53
Борисов Роман Романович,лейтенант,3,44
Петров Александр Александрович,прапорщик,10,52
Иванов Виктор Сергеевич,полковник,9,53
Егоров Александр Александрович,майор,4,18
Иванов Никита Ильич,лейтенант,9,27
Павлов Роман Юрьевич,майор,3,59
Соловьёв Олег Андреевич,рядовой,4,18
Лебедев Максим Дмитриевич,полковник,9,22
Борисов Егор Алексеевич,сержант,4,55
Лебедев Роман Павлович,сержант,2,41
Михайлов Максим Иванович,полковник,12,22
Козлов Степан Дмитриевич,лейтенант,1,26
Лебедев Андрей Алексеевич,полковник,12,56
Новиков Андрей Олегович,сержант,6,52
Никитин Илья Никитич,капитан,3,42
Васильев Степан Юрьевич,майор,11,35
Степанов Никита Иванович,капитан,2,21
Степанов Андрей Кириллович,сержант,6,41
Соловьёв Евгений Иванович,лейтенант,3,50
Николаев Илья Михайлович,лейтенант,11,31
Николаев Евгений Сергеевич,лейтенант,2,60
Степанов Александр Иванович,прапорщик,9,49
Морозов Артём Александрович,майор,11,27
Козлов Егор Максимович,прапорщик,12,55
Степанов Виктор Дмитриевич,полковник,11,57
Новиков Максим Олегович,лейтенант,10,38
Николаев Виктор Алексеевич,майор,1,29
Лебедев Константин Сергеевич,прапорщик,6,34
Яковлев Степан Максимович,полковник,2,53
Степанов Сергей Юрьевич,майор,3,50
Михайлов Никита Никитич,капитан,12,48
Михайлов Павел Михайлович,рядовой,1,54
Соловьёв Алексей Олегович,сержант,9,51
Кочергин Матвей Александрович,лейтенант,11,29
Иванов Дмитрий Александрович,прапорщик,8,19
Сидоров Павел Юрьевич,прапорщик,4,60
Орлов Никита Викторович,прапорщик,11,27
Орлов Константин Андреевич,прапорщик,6,41
Соловьёв Олег Олегович,капитан,1,53
Михайлов Егор Александрович,рядовой,2,39
Андреев Олег Сергеевич,сержант,4,42
Соловьёв Андрей Михайлович,майор,3,36
Степанов Олег Никитич,полковник,8,20
Иванов Андрей Иванович,рядовой,10,20
Кочергин Олег Викторович,сержант,5,35
Никитин Егор Дмитриевич,капитан,6,48
Андреев Денис Алексеевич,полковник,5,52
Семёнов Денис Никитич,лейтенант,7,33
Борисов Дмитрий Ильич,прапорщик,8,26
Орлов Степан Александрович,капитан,2,21
Петров Юрий Олегович,сержант,5,59
Лебедев Михаил Максимович,капитан,1,34
Борисов Андрей Дмитриевич,майор,3,28
Васильев Александр Романович,полковник,10,48
Борисов Матвей Викторович,сержант,4,45
Павлов Олег Алексеевич,капитан,8,42
Морозов Иван Иванович,майор,6,40
Кузнецов Никита Олегович,капитан,6,42
Борисов Степан Иванович,рядовой,12,45
Никитин Роман Михайлович,капитан,8,51
Попов Виктор Павлович,прапорщик,9,48
Смирнов Илья Дмитриевич,рядовой,1,29
Фёдоров Матвей Михайлович,лейтенант,11,34
Фёдоров Илья Кириллович,прапорщик,8,57
Егоров Матвей Андреевич,капитан,5,58
Николаев Евгений Никитич,прапорщик,8,18
Новиков Сергей Никитич,прапорщик,1,39
Орлов Роман Ильич,полковник,4,48
Петров Егор Романович,майор,2,22
Егоров Сергей Павлович,майор,2,30
Павлов Олег Викторович,полковник,6,59
Степанов Матвей Романович,капитан,5,28
Попов Павел Сергеевич,майор,4,33
Борисов Олег Андреевич,прапорщик,2,57
Орлов Константин Викторович,полковник,8,23
Сидоров Евгений Александрович,полковник,2,42
Лебедев Юрий Викторович,прапорщик,4,42
Петров Кирилл Александрович,полковник,10,51
Фёдоров Константин Андреевич,лейтенант,2,34
Соколов Виктор Олегович,капитан,5,48
Михайлов Константин Ильич,майор,5,48
Кочергин Юрий Ильич,майор,9,44
Сидоров Роман Максимович,майор,9,60
Семёнов Иван Павлович,прапорщик,12,38
Егоров Виктор Дмитриевич,капитан,5,30
Сидоров Константин Олегович,майор,6,28
Макаров Максим Викторович,полковник,10,20
Николаев Александр Романович,сержант,11,22
Кузнецов Егор Александрович,прапорщик,6,49
Новиков Дмитрий Андреевич,майор,9,37
Яковлев Никита Иванович,капитан,8,45
Козлов Никита Иванович,капитан,2,58
Попов Егор Максимович,сержант,1,49
Егоров Илья Викторович,полковник,4,24
Захаров Евгений Кириллович,прапорщик,10,37
Смирнов Алексей Кириллович,полковник,12,34
Фёдоров Павел Алексеевич,сержант,3,41
Андреев Евгений Дмитриевич,майор,3,36
Морозов Никита Юрьевич,рядовой,2,42
Попов Юрий Викторович,прапорщик,4,39
Смирнов Михаил Андреевич,капитан,7,30
Кузнецов Денис Дмитриевич,сержант,4,24
Лебедев Кирилл Дмитриевич,сержант,9,22
Петров Роман Александрович,полковник,11,49
Кочергин Илья Никитич,прапорщик,4,31
Михайлов Виктор Олегович,рядовой,3,59
Борисов Роман Ильич,сержант,12,41
Кочергин Кирилл Максимович,майор,7,58
Попов Павел Юрьевич,рядовой,3,39
Кузнецов Сергей Иванович,майор,12,23
Михайлов Виктор Кириллович,прапорщик,2,48
Кузнецов Олег Ильич,майор,7,50
Морозов Дмитрий Михайлович,майор,12,60
Новиков Степан Иванович,сержант,7,21
Николаев Андрей Кириллович,прапорщик,5,59
Семёнов Андрей Алексеевич,прапорщик,1,38
Яковлев Матвей Кириллович,рядовой,7,22
Смирнов Илья Александрович,рядовой,5,41
Николаев Евгений Андреевич,лейтенант,6,58
Попов Артём Михайлович,рядовой,9,49
Петров Матвей Олегович,капитан,11,32
Соколов Никита Иванович,прапорщик,7,33
Егоров Матвей Максимович,капитан,3,53
Михайлов Артём Викторович,прапорщик,9,42
Козлов Степан Дмитриевич,рядовой,6,41
Семёнов Юрий Ильич,полковник,4,51
Иванов Иван Андреевич,лейтенант,11,42
Иванов Павел Никитич,рядовой,5,34
Лебедев Матвей Александрович,рядовой,8,38
Иванов Никита Олегович,майор,7,40
Захаров Никита Дмитриевич,майор,7,38
Павлов Роман Юрьевич,полковник,12,26
Попов Артём Алексеевич,прапорщик,3,20
Михайлов Илья Александрович,рядовой,7,33
Андреев Максим Сергеевич,полковник,1,45
Соловьёв Павел Юрьевич,полковник,2,33
Кочергин Илья Романович,капитан,2,60
Захаров Максим Никитич,майор,3,21
Зайцев Андрей Павлович,рядовой,3,27
Васильев Алексей Олегович,майор,2,35
Иванов Юрий Андреевич,майор,5,39
Новиков Андрей Андреевич,прапорщик,12,56
Кузнецов Алексей Никитич,сержант,1,27
Соколов Юрий Андреевич,полковник,12,21
Иванов Александр Сергеевич,сержант,3,46
Егоров Константин Алексеевич,капитан,11,28
Михайлов Виктор Кириллович,прапорщик,1,59
Козлов Денис Сергеевич,майор,4,39
Соколов Алексей Романович,лейтенант,2,58
Семёнов Егор Алексеевич,капитан,5,51
Михайлов Егор Юрьевич,полковник,7,36
Петров Степан Викторович,лейтенант,10,41
Васильев Роман Максимович,прапорщик,1,53
Васильев Александр Викторович,рядовой,10,21
Кочергин Илья Кириллович,лейтенант,1,26
Семёнов Артём Сергеевич,майор,6,45
Семёнов Алексей Олегович,рядовой,8,30
Алексеев Алексей Андреевич,прапорщик,6,56
Орлов Степан Юрьевич,майор,8,47
Васильев Степан Алексеевич,майор,5,30
Егоров Андрей Максимович,прапорщик,7,28
Степанов Алексей Алексеевич,сержант,3,51
Соловьёв Илья Ильич,капитан,12,23
Васильев Евгений Романович,сержант,12,28
Васильев Никита Александрович,лейтенант,3,49
Орлов Александр Никитич,полковник,1,24
Михайлов Михаил Максимович,сержант,5,39
Яковлев Алексей Алексеевич,капитан,3,34
Захаров Матвей Павлович,лейтенант,11,19
Егоров Виктор Кириллович,капитан,12,32
Борисов Юрий Иванович,рядовой,5,44
Яковлев Алексей Ильич,сержант,11,47
Михайлов Сергей Иванович,сержант,6,53
Зайцев Илья Ильич,майор,9,46
Егоров Олег Иванович,полковник,10,23
Макаров Константин Александрович,прапорщик,4,20
Козлов Олег Михайлович,прапорщик,9,48
Морозов Павел Иванович,рядовой,9,29
Морозов Денис Андреевич,сержант,3,30
Иванов Александр Юрьевич,рядовой,9,44
Соловьёв Максим Олегович,капитан,5,50
Зайцев Михаил Павлович,майор,8,36
Лебедев Олег Иванович,сержант,12,57
Смирнов Кирилл Кириллович,майор,6,59
Кочергин Матвей Дмитриевич,капитан,11,42
Козлов Андрей Андреевич,лейтенант,11,18
Макаров Алексей Романович,полковник,3,41
Захаров Олег Михайлович,майор,2,25
Макаров Виктор Дмитриевич,полковник,6,40
Макаров Егор Алексеевич,майор,5,22
Кузнецов Егор Олегович,лейтенант,7,59
Егоров Александр Михайлович,рядовой,12,38
Козлов Роман Никитич,лейтенант,1,33
Васильев Егор Михайлович,сержант,5,38
Никитин Артём Андреевич,рядовой,7,38
Михайлов Илья Андреевич,лейтенант,11,22
Новиков Илья Никитич,полковник,1,60
Борисов Артём Юрьевич,рядовой,6,27
Борисов Юрий Михайлович,сержант,2,20
Степанов Максим Романович,майор,7,52
Соколов Олег Александрович,капитан,12,41
Соколов Максим Алексеевич,сержант,6,28
Макаров Роман Михайлович,капитан,8,36
Лебедев Степан Викторович,рядовой,7,46
Николаев Олег Павлович,прапорщик,5,28
Егоров Егор Кириллович,рядовой,8,60
Макаров Александр Викторович,капитан,2,20
Макаров Максим Дмитриевич,рядовой,3,36
Зайцев Михаил Александрович,прапорщик,7,56
Николаев Михаил Андреевич,рядовой,2,50
Семёнов Михаил Александрович,рядовой,5,34
Козлов Максим Дмитриевич,майор,12,21
Лебедев Алексей Ильич,майор,2,36
Яковлев Павел Алексеевич,рядовой,5,54
Степанов Артём Александрович,майор,7,36
Петров Кирилл Максимович,сержант,2,21
Лебедев Дмитрий Михайлович,майор,4,22
Иванов Матвей Иванович,полковник,1,31
Сидоров Матвей Викторович,капитан,6,20
Кочергин Егор Александрович,полковник,7,46
Захаров Матвей Сергеевич,прапорщик,2,34
Егоров Илья Иванович,рядовой,6,43
Иванов Павел Иванович,рядовой,5,26
Яковлев Иван Юрьевич,рядовой,11,27
Сидоров Никита Кириллович,капитан,7,25
Смирнов Никита Сергеевич,рядовой,2,45
Попов Денис Сергеевич,прапорщик,4,41
Степанов Артём Михайлович,рядовой,1,43
Смирнов Олег Олегович,прапорщик,1,58
Михайлов Юрий Юрьевич,сержант,6,40
Васильев Сергей Дмитриевич,лейтенант,4,49
Борисов Максим Алексеевич,сержант,1,46
Кузнецов Никита Дмитриевич,капитан,11,37
Фёдоров Алексей Никитич,рядовой,9,51
Алексеев Дмитрий Олегович,майор,10,26
Фёдоров Илья Кириллович,лейтенант,1,24
Орлов Александр Кириллович,полковник,2,55
Смирнов Юрий Михайлович,полковник,1,19
Захаров Константин Сергеевич,сержант,12,57
Лебедев Юрий Сергеевич,полковник,10,26
Орлов Юрий Алексеевич,капитан,9,46
Соловьёв Михаил Максимович,прапорщик,12,55
Соловьёв Кирилл Андреевич,полковник,6,34
Николаев Артём Никитич,майор,6,20
Кузнецов Роман Олегович,прапорщик,11,29
Семёнов Илья Олегович,майор,10,43
Зайцев Егор Михайлович,капитан,2,23
Петров Никита Максимович,полковник,3,54
Николаев Андрей Викторович,сержант,5,30
Иванов Егор Юрьевич,лейтенант,8,57
Егоров Илья Павлович,лейтенант,8,50
Сидоров Александр Юрьевич,рядовой,9,26
Михайлов Дмитрий Кириллович,майор,6,23
Андреев Юрий Кириллович,сержант,12,24
Морозов Иван Алексеевич,рядовой,9,29
Орлов Илья Олегович,лейтенант,2,42
Николаев Алексей Александрович,рядовой,8,27
Козлов Никита Сергеевич,майор,3,42
Николаев Роман Дмитриевич,майор,9,44
Козлов Егор Сергеевич,рядовой,1,53
Михайлов Александр Кириллович,капитан,1,54
Попов Виктор Юрьевич,лейтенант,8,31
Никитин Егор Александрович,полковник,9,44
Соколов Артём Ильич,полковник,10,56
Николаев Матвей Дмитриевич,лейтенант,7,43
Николаев Денис Олегович,рядовой,12,39
Морозов Александр Александрович,майор,1,39
Зайцев Дмитрий Дмитриевич,капитан,4,20
Алексеев Олег Алексеевич,прапорщик,1,55
Никитин Евгений Дмитриевич,прапорщик,6,45
Яковлев Михаил Никитич,полковник,2,55
Козлов Михаил Максимович,полковник,3,34
Васильев Егор Максимович,лейтенант,1,41
Иванов Юрий Алексеевич,капитан,11,55
Степанов Дмитрий Викторович,лейтенант,2,55
Смирнов Олег Сергеевич,майор,5,57
Борисов Степан Ильич,лейтенант,8,51
Михайлов Константин Александрович,сержант,3,23
Лебедев Иван Михайлович,капитан,12,23
Смирнов Денис Олегович,лейтенант,6,41
Иванов Юрий Дмитриевич,прапорщик,4,49
Фёдоров Олег Ильич,майор,2,39
Зайцев Иван Иванович,майор,11,26
Борисов Алексей Романович,рядовой,12,52
Соколов Степан Павлович,рядовой,4,55
Петров Артём Олегович,лейтенант,5,53
Алексеев Иван Иванович,лейтенант,8,41
Соловьёв Артём Романович,рядовой,6,33
Михайлов Виктор Юрьевич,прапорщик,4,56
Яковлев Андрей Юрьевич,рядовой,9,24
Попов Дмитрий Викторович,капитан,1,19
Васильев Денис Максимович,полковник,1,25
Иванов Илья Андреевич,полковник,1,50
Кузнецов Илья Михайлович,рядовой,7,18
Степанов Виктор Александрович,капитан,8,40
Семёнов Юрий Иванович,рядовой,7,43
Сидоров Павел Александрович,лейтенант,7,34
Новиков Кирилл Дмитриевич,прапорщик,4,55
Новиков Виктор Павлович,майор,2,45
Николаев Андрей Андреевич,майор,3,47
Андреев Иван Андреевич,лейтенант,2,19
Фёдоров Кирилл Дмитриевич,сержант,12,42
Иванов Алексей Никитич,полковник,7,40
Макаров Никита Андреевич,рядовой,12,51
Козлов Никита Павлович,капитан,9,43
Борисов Кирилл Ильич,полковник,4,60
Козлов Иван Михайлович,прапорщик,4,56
Сидоров Степан Дмитриевич,сержант,4,52
Новиков Степан Викторович,лейтенант,2,58
Новиков Михаил Михайлович,сержант,12,32
Орлов Виктор Викторович,сержант,7,59
Николаев Дмитрий Дмитриевич,капитан,6,46
Фёдоров Илья Викторович,капитан,5,46
Кочергин Артём Сергеевич,капитан,12,31
Николаев Кирилл Алексеевич,майор,10,19
Иванов Алексей Никитич,капитан,3,59
Семёнов Степан Романович,сержант,4,36
Кочергин Виктор Максимович,прапорщик,2,28
Смирнов Егор Юрьевич,лейтенант,12,18
Зайцев Евгений Олегович,рядовой,2,19
Кочергин Егор Романович,капитан,10,46
Егоров Виктор Алексеевич,майор,5,26
Макаров Матвей Олегович,прапорщик,9,26
Никитин Павел Ильич,капитан,6,34
Андреев Олег Дмитриевич,майор,11,37
Макаров Михаил Романович,рядовой,12,32
Борисов Павел Павлович,сержант,9,30
Макаров Кирилл Павлович,лейтенант,10,19
Егоров Сергей Михайлович,прапорщик,10,51
Кочергин Дмитрий Андреевич,капитан,12,43
Захаров Никита Кириллович,сержант,11,53
Андреев Илья Максимович,прапорщик,11,30
Иванов Денис Александрович,лейтенант,10,24
Степанов Дмитрий Никитич,майор,9,49
Егоров Егор Александрович,рядовой,6,21
Егоров Юрий Кириллович,сержант,5,38
Сидоров Алексей Андреевич,капитан,11,34
Морозов Кирилл Максимович,капитан,4,30
Никитин Денис Сергеевич,прапорщик,11,49
Никитин Юрий Никитич,сержант,6,19
Лебедев Михаил Кириллович,капитан,3,20
Зайцев Артём Иванович,полковник,11,21
Николаев Юрий Дмитриевич,лейтенант,9,45
Лебедев Иван Романович,прапорщик,1,20
Никитин Никита Ильич,майор,6,48
Захаров Олег Павлович,майор,1,59
Соколов Роман Викторович,сержант,4,42
Сидоров Кирилл Алексеевич,прапорщик,8,35
Сидоров Матвей Максимович,полковник,7,32
Кузнецов Константин Романович,лейтенант,7,22
Николаев Кирилл Алексеевич,майор,5,59
Соколов Егор Никитич,капитан,6,22
Лебедев Евгений Алексеевич,майор,8,41
Макаров Денис Юрьевич,сержант,1,42
Сидоров Кирилл Павлович,рядовой,2,49
Орлов Кирилл Максимович,капитан,7,37
Иванов Дмитрий Дмитриевич,полковник,12,55
Кузнецов Никита Олегович,майор,9,30
Борисов Виктор Романович,капитан,11,45
Зайцев Андрей Викторович,капитан,4,58
Захаров Степан Юрьевич,лейтенант,8,42
Фёдоров Кирилл Александрович,сержант,4,37
Семёнов Сергей Никитич,прапорщик,2,30
Лебедев Кирилл Александрович,полковник,3,52
Николаев Алексей Олегович,полковник,6,59
Никитин Егор Романович,сержант,10,32
Яковлев Виктор Павлович,лейтенант,6,42
Попов Иван Иванович,полковник,5,39
Орлов Кирилл Александрович,сержант,5,55
Николаев Евгений Кириллович,капитан,8,41
Степанов Матвей Романович,сержант,7,60
Новиков Олег Алексеевич,сержант,11,21
Соловьёв Павел Михайлович,лейтенант,1,39
Михайлов Кирилл Юрьевич,полковник,7,40
Егоров Юрий Ильич,капитан,11,18
Сидоров Степан Викторович,лейтенант,12,56
Попов Иван Дмитриевич,прапорщик,4,50
Павлов Никита Андреевич,полковник,9,46
Сидоров Матвей Кириллович,прапорщик,11,59
Никитин Кирилл Кириллович,рядовой,3,55
Степанов Юрий Викторович,майор,4,53
Фёдоров Михаил Михайлович,полковник,3,35
Петров Андрей Михайлович,полковник,9,18
Новиков Юрий Олегович,капитан,9,42
Андреев Олег Дмитриевич,капитан,12,46
Кочергин Артём Михайлович,майор,3,49
Попов Михаил Викторович,полковник,8,24
Смирнов Матвей Викторович,капитан,8,30
Семёнов Степан Максимович,прапорщик,7,25
Зайцев Роман Алексеевич,рядовой,12,49
Васильев Роман Юрьевич,полковник,2,33
Макаров Евгений Юрьевич,сержант,2,36
Иванов Юрий Ильич,рядовой,10,25
Кочергин Егор Олегович,полковник,12,25
Алексеев Алексей Никитич,майор,11,60
Кочергин Константин Олегович,лейтенант,7,29
Яковлев Максим Андреевич,сержант,5,47
Козлов Олег Алексеевич,сержант,5,49
Кочергин Олег Олегович,лейтенант,1,47
Смирнов Роман Викторович,рядовой,11,35
Егоров Виктор Иванович,лейтенант,10,27
Фёдоров Иван Иванович,майор,3,30
Фёдоров Андрей Дмитриевич,рядовой,10,30
Новиков Максим Кириллович,полковник,8,33
Михайлов Никита Михайлович,сержант,5,48
Зайцев Сергей Максимович,прапорщик,6,51
Попов Алексей Максимович,капитан,2,54
Фёдоров Максим Викторович,рядовой,10,18
Лебедев Александр Олегович,лейтенант,8,59
Алексеев Виктор Ильич,полковник,2,31
Смирнов Роман Никитич,прапорщик,4,53
Васильев Артём Павлович,прапорщик,3,40
Фёдоров Александр Кириллович,прапорщик,4,33
Андреев Алексей Максимович,рядовой,2,28
Фёдоров Михаил Павлович,лейтенант,6,56
Сидоров Михаил Иванович,полковник,10,46
Семёнов Дмитрий Кириллович,рядовой,12,48
Иванов Матвей Олегович,капитан,11,26
Морозов Степан Ильич,сержант,1,22
Борисов Кирилл Ильич,прапорщик,5,41
Кочергин Артём Павлович,полковник,8,57
Егоров Евгений Кириллович,лейтенант,9,45
Соколов Егор Никитич,майор,5,37
Борисов Павел Сергеевич,рядовой,11,43
Яковлев Артём Андреевич,полковник,7,46
Никитин Артём Андреевич,майор,1,42
Зайцев Юрий Александрович,прапорщик,3,55
Новиков Андрей Андреевич,полковник,2,23
Степанов Алексей Михайлович,лейтенант,5,31
Николаев Олег Романович,рядовой,7,56
Орлов Денис Алексеевич,рядовой,10,55
Макаров Артём Юрьевич,сержант,2,24
Кузнецов Александр Ильич,капитан,3,55
Степанов Евгений Ильич,капитан,10,20
Смирнов Матвей Александрович,полковник,11,41
Степанов Матвей Никитич,лейтенант,7,23
Алексеев Степан Дмитриевич,майор,11,42
Егоров Дмитрий Кириллович,рядовой,5,19
Иванов Никита Михайлович,полковник,7,51
Иванов Максим Ильич,рядовой,5,31
Яковлев Илья Олегович,рядовой,6,49
Михайлов Артём Алексеевич,рядовой,12,24
Смирнов Матвей Михайлович,капитан,6,57
Николаев Олег Андреевич,капитан,2,48
Степанов Сергей Павлович,полковник,10,60
Петров Константин Максимович,сержант,7,36
Сидоров Денис Олегович,прапорщик,12,54
Кузнецов Александр Иванович,капитан,5,52
Николаев Артём Павлович,рядовой,10,19
Борисов Максим Олегович,полковник,9,18
Смирнов Максим Романович,полковник,11,31
Макаров Егор Александрович,капитан,7,36
Васильев Константин Никитич,прапорщик,11,30
Николаев Кирилл Юрьевич,сержант,3,21
Иванов Павел Олегович,рядовой,2,41
Васильев Никита Ильич,полковник,11,19
Морозов Илья Алексеевич,полковник,6,45
Макаров Алексей Никитич,майор,9,52
Макаров Степан Александрович,полковник,5,56
Семёнов Дмитрий Михайлович,лейтенант,5,53
Борисов Юрий Романович,прапорщик,6,24
Орлов Роман Ильич,сержант,12,36
Петров Никита Викторович,полковник,11,36
Смирнов Максим Ильич,прапорщик,4,54
Смирнов Олег Александрович,сержант,9,59
Никитин Павел Максимович,майор,7,43
Семёнов Иван Александрович,капитан,11,41
Кузнецов Максим Романович,майор,9,42
Егоров Юрий Дмитриевич,прапорщик,12,30
Степанов Кирилл Андреевич,капитан,1,20
Захаров Евгений Андреевич,прапорщик,9,58
Фёдоров Денис Ильич,капитан,12,52
Петров Артём Юрьевич,рядовой,4,46
Семёнов Артём Максимович,сержант,1,41
Павлов Степан Олегович,капитан,11,37
Егоров Матвей Ильич,майор,1,47
Михайлов Евгений Викторович,капитан,2,30
Михайлов Александр Иванович,майор,11,25
Яковлев Кирилл Александрович,прапорщик,1,22
Павлов Сергей Кириллович,майор,12,42
Сидоров Денис Дмитриевич,рядовой,1,35
Егоров Матвей Никитич,майор,11,24
Макаров Андрей Ильич,майор,5,50
Яковлев Сергей Александрович,полковник,12,55
Новиков Виктор Романович,сержант,6,38
Борисов Илья Павлович,сержант,6,41
Алексеев Максим Михайлович,прапорщик,2,27
Орлов Юрий Викторович,рядовой,2,21
Степанов Артём Андреевич,рядовой,6,27
Козлов Кирилл Сергеевич,лейтенант,7,25
Смирнов Сергей Никитич,капитан,4,28
Михайлов Юрий Дмитриевич,капитан,7,39
Яковлев Андрей Олегович,полковник,2,26
Смирнов Роман Олегович,майор,10,37
Егоров Максим Дмитриевич,рядовой,2,22
Попов Юрий Ильич,сержант,12,19
Смирнов Егор Викторович,капитан,7,39
Морозов Олег Павлович,майор,8,33
Попов Илья Ильич,лейтенант,9,37
Смирнов Михаил Кириллович,прапорщик,5,43
Борисов Алексей Алексеевич,полковник,9,19
Макаров Денис Михайлович,майор,10,59
Петров Никита Ильич,капитан,11,54
Никитин Олег Александрович,прапорщик,12,57
Морозов Александр Михайлович,сержант,9,59
Сидоров Егор Кириллович,лейтенант,3,39
Лебедев Денис Алексеевич,рядовой,1,50
Семёнов Алексей Викторович,прапорщик,2,21
Зайцев Матвей Максимович,прапорщик,12,47
Борисов Павел Максимович,прапорщик,6,39
Сидоров Степан Никитич,капитан,6,41
Попов Константин Олегович,прапорщик,4,58
Фёдоров Андрей Андреевич,рядовой,8,30
Кузнецов Степан Никитич,сержант,5,51
Семёнов Олег Алексеевич,капитан,9,21
Орлов Алексей Александрович,сержант,10,22
Николаев Иван Алексеевич,лейтенант,6,24
Николаев Олег Кириллович,майор,5,27
Петров Михаил Романович,полковник,8,51
Никитин Сергей Кириллович,рядовой,5,41
Никитин Роман Андреевич,майор,6,32
Петров Артём Дмитриевич,сержант,5,22
Соколов Александр Александрович,рядовой,2,31
Сидоров Михаил Олегович,прапорщик,5,29
Сидоров Михаил Кириллович,лейтенант,11,48
Егоров Виктор Александрович,полковник,6,39
Орлов Константин Андреевич,майор,3,48
Семёнов Александр Андреевич,лейтенант,1,37
Козлов Иван Павлович,капитан,11,48
Степанов Павел Викторович,майор,3,40
Кочергин Виктор Олегович,майор,5,22
Сидоров Артём Иванович,рядовой,8,45
Захаров Михаил Павлович,лейтенант,3,46
Андреев Роман Ильич,сержант,10,44
Егоров Александр Дмитриевич,лейтенант,2,24
Степанов Михаил Юрьевич,прапорщик,1,60
Никитин Матвей Алексеевич,сержант,1,24
Сидоров Андрей Юрьевич,полковник,1,36
Кузнецов Андрей Иванович,капитан,12,32
Соколов Олег Андреевич,сержант,9,23
Захаров Михаил Кириллович,сержант,2,44
Борисов Максим Олегович,лейтенант,12,57
Борисов Виктор Юрьевич,прапорщик,11,37
Яковлев Егор Юрьевич,рядовой,8,25
Смирнов Константин Романович,рядовой,2,25
Морозов Денис Викторович,сержант,4,55
Петров Артём Юрьевич,рядовой,6,59
Морозов Евгений Павлович,рядовой,3,43
Новиков Андрей Ильич,лейтенант,3,37
Фёдоров Евгений Никитич,майор,7,55
Соловьёв Артём Викторович,рядовой,5,47
Николаев Степан Юрьевич,прапорщик,1,51
Орлов Александр Иванович,майор,12,47
Николаев Максим Максимович,полковник,8,51
Михайлов Олег Никитич,прапорщик,1,21
Кузнецов Денис Михайлович,полковник,9,56
Михайлов Алексей Михайлович,прапорщик,4,46
Степанов Артём Павлович,лейтенант,7,21
Новиков Михаил Павлович,полковник,12,47
Смирнов Сергей Максимович,лейтенант,2,51
Попов Денис Викторович,майор,4,36
Зайцев Иван Викторович,прапорщик,10,44
Лебедев Евгений Никитич,прапорщик,12,26
Лебедев Илья Кириллович,майор,11,58
Смирнов Олег Сергеевич,прапорщик,7,49
Фёдоров Михаил Сергеевич,полковник,4,39
Михайлов Олег Иванович,прапорщик,11,46
Степанов Иван Александрович,майор,8,56
Захаров Дмитрий Юрьевич,лейтенант,11,21
Зайцев Михаил Иванович,прапорщик,4,19
Иванов Максим Юрьевич,сержант,2,34
Смирнов Андрей Юрьевич,сержант,6,55
Попов Сергей Алексеевич,капитан,11,53
Морозов Роман Викторович,майор,3,34
Петров Матвей Иванович,прапорщик,11,58
Попов Никита Сергеевич,лейтенант,8,36
Николаев Степан Иванович,лейтенант,6,27
Яковлев Олег Павлович,прапорщик,3,35
Васильев Иван Никитич,сержант,9,26
Захаров Андрей Александрович,сержант,3,21
Михайлов Максим Александрович,лейтенант,5,54
Кочергин Дмитрий Викторович,сержант,7,39
Попов Юрий Дмитриевич,полковник,11,24
Макаров Кирилл Викторович,лейтенант,1,57
Алексеев Иван Кириллович,лейтенант,3,41
Петров Дмитрий Кириллович,сержант,2,54
Фёдоров Роман Ильич,полковник,3,21
Морозов Александр Олегович,майор,6,20
Кочергин Павел Павлович,майор,2,39
Яковлев Степан Михайлович,прапорщик,11,40
Кузнецов Артём Павлович,прапорщик,10,34
Сидоров Сергей Александрович,полковник,1,28
Петров Степан Павлович,лейтенант,7,20
Новиков Дмитрий Олегович,сержант,4,29
Смирнов Матвей Сергеевич,майор,8,38
Смирнов Константин Павлович,лейтенант,10,29
Борисов Павел Олегович,рядовой,6,51
Алексеев Матвей Кириллович,рядовой,5,31
Михайлов Алексей Алексеевич,рядовой,8,20
Борисов Михаил Ильич,рядовой,11,20
Яковлев Иван Викторович,сержант,3,27
Павлов Иван Михайлович,капитан,10,39
Яковлев Евгений Ильич,майор,7,49
Яковлев Михаил Алексеевич,капитан,12,43
Петров Максим Юрьевич,полковник,7,59
Семёнов Виктор Викторович,сержант,9,51
Петров Сергей Сергеевич,рядовой,4,20
Николаев Матвей Алексеевич,майор,10,27
Васильев Евгений Кириллович,прапорщик,3,27
Васильев Иван Юрьевич,прапорщик,1,35
Новиков Евгений Александрович,лейтенант,11,33
Николаев Алексей Михайлович,прапорщик,9,57
Кочергин Степан Михайлович,лейтенант,1,35
Соловьёв Сергей Алексеевич,лейтенант,2,43
Макаров Матвей Романович,майор,5,26
Лебедев Павел Кириллович,сержант,11,55
Козлов Денис Дмитриевич,сержант,2,37
Орлов Роман Максимович,майор,7,57
Зайцев Дмитрий Никитич,лейтенант,11,42
Сидоров Дмитрий Андреевич,капитан,7,60
Никитин Олег Иванович,прапорщик,5,23
Козлов Дмитрий Михайлович,сержант,8,47
Соловьёв Дмитрий Алексеевич,капитан,11,44
Лебедев Дмитрий Романович,рядовой,4,38
Алексеев Алексей Кириллович,лейтенант,3,35
Кочергин Виктор Михайлович,полковник,6,43
Иванов Михаил Иванович,полковник,2,23
Козлов Павел Дмитриевич,лейтенант,6,43
Макаров Илья Алексеевич,полковник,3,43
Семёнов Константин Максимович,полковник,2,22
Зайцев Денис Романович,рядовой,3,40
Степанов Юрий Алексеевич,майор,8,29
Захаров Павел Максимович,лейтенант,10,36
Кузнецов Андрей Андреевич,полковник,10,27
Яковлев Матвей Кириллович,капитан,5,22
Павлов Иван Романович,полковник,8,42
Сидоров Денис Павлович,прапорщик,11,49
Попов Алексей Михайлович,полковник,6,51
Борисов Евгений Кириллович,лейтенант,7,18
Семёнов Павел Ильич,сержант,11,36
Петров Евгений Ильич,майор,4,48
Егоров Артём Павлович,полковник,11,25
Морозов Олег Алексеевич,полковник,7,44
Егоров Роман Павлович,майор,9,19
Павлов Александр Юрьевич,капитан,6,44
Фёдоров Илья Дмитриевич,рядовой,1,29
Захаров Андрей Юрьевич,прапорщик,1,57
Васильев Юрий Олегович,майор,1,35
Семёнов Александр Андреевич,капитан,1,33
Борисов Илья Викторович,полковник,2,34
Кузнецов Виктор Сергеевич,сержант,8,36
Лебедев Алексей Юрьевич,полковник,10,32
Козлов Алексей Андреевич,майор,7,50
Степанов Кирилл Романович,прапорщик,3,49
Зайцев Егор Андреевич,капитан,4,33
Кочергин Павел Ильич,сержант,5,19
Орлов Денис Алексеевич,полковник,9,23
Захаров Константин Иванович,капитан,9,24
Николаев Виктор Олегович,рядовой,11,50
Иванов Павел Александрович,капитан,9,53
Макаров Дмитрий Михайлович,рядовой,10,31
Соколов Роман Алексеевич,лейтенант,3,35
Никитин Михаил Романович,полковник,3,29
Семёнов Матвей Михайлович,сержант,7,49
Соколов Андрей Юрьевич,сержант,3,27
Смирнов Никита Иванович,сержант,3,38
Петров Сергей Павлович,капитан,10,30
Никитин Алексей Викторович,прапорщик,6,24
Сидоров Юрий Павлович,прапорщик,12,22
Алексеев Александр Павлович,сержант,5,55
Захаров Никита Сергеевич,сержант,4,55
Алексеев Егор Александрович,майор,6,47
Фёдоров Андрей Павлович,лейтенант,12,37
Яковлев Денис Максимович,майор,2,50
Сидоров Артём Андреевич,майор,1,47
Кузнецов Артём Сергеевич,капитан,12,23
Павлов Кирилл Павлович,прапорщик,6,21
Никитин Егор Ильич,лейтенант,10,60
Соловьёв Евгений Романович,полковник,2,42
Лебедев Егор Иванович,прапорщик,10,57
Никитин Павел Максимович,капитан,7,44
Козлов Иван Павлович,рядовой,12,29
Кузнецов Артём Павлович,прапорщик,5,54
Андреев Павел Иванович,майор,2,36
Соколов Иван Александрович,майор,5,30
Борисов Виктор Михайлович,сержант,5,56
Смирнов Егор Андреевич,лейтенант,4,25
Семёнов Иван Юрьевич,полковник,5,35
Кузнецов Алексей Андреевич,рядовой,3,37
Кузнецов Олег Сергеевич,полковник,12,55
Зайцев Денис Ильич,капитан,2,60
Макаров Виктор Александрович,сержант,5,46
Васильев Сергей Викторович,прапорщик,2,20
Орлов Алексей Иванович,капитан,4,53
Фёдоров Александр Ильич,сержант,3,48
Смирнов Александр Никитич,прапорщик,4,38
Сидоров Артём Романович,майор,7,30
Орлов Юрий Никитич,сержант,2,46
Сидоров Константин Максимович,лейтенант,4,30
Никитин Матвей Михайлович,лейтенант,11,23
Андреев Матвей Михайлович,полковник,4,33
Яковлев Олег Алексеевич,прапорщик,5,24
Семёнов Егор Андреевич,майор,11,27
Петров Роман Андреевич,капитан,11,55
Борисов Кирилл Романович,полковник,9,20
Попов Евгений Никитич,прапорщик,8,25
Орлов Степан Олегович,капитан,11,24
Никитин Павел Максимович,лейтенант,12,29
Морозов Михаил Ильич,рядовой,5,38
Соколов Егор Романович,рядовой,4,31
Яковлев Евгений Олегович,рядовой,4,44
Лебедев Юрий Никитич,полковник,7,23
Алексеев Сергей Олегович,полковник,1,38
Михайлов Илья Кириллович,лейтенант,11,19
Семёнов Виктор Кириллович,лейтенант,8,23
Кузнецов Денис Михайлович,лейтенант,1,44
Степанов Матвей Кириллович,полковник,2,29
Смирнов Иван Никитич,полковник,1,60
Орлов Роман Викторович,сержант,10,45
Лебедев Андрей Дмитриевич,прапорщик,2,53
Алексеев Алексей Ильич,рядовой,10,24
Николаев Роман Викторович,капитан,11,46
Фёдоров Юрий Павлович,майор,5,49
Михайлов Александр Сергеевич,капитан,3,58
Морозов Матвей Кириллович,рядовой,8,39
Фёдоров Александр Михайлович,лейтенант,2,45
Смирнов Михаил Кириллович,капитан,12,35
Петров Илья Викторович,сержант,7,48
Фёдоров Михаил Иванович,лейтенант,7,55
Николаев Дмитрий Никитич,рядовой,5,26
Морозов Виктор Дмитриевич,капитан,6,43
Васильев Егор Дмитриевич,сержант,9,39
Николаев Никита Алексеевич,капитан,9,29
Васильев Сергей Ильич,сержант,10,57
Алексеев Денис Ильич,полковник,5,30
Яковлев Матвей Иванович,капитан,10,24
Соловьёв Константин Викторович,полковник,8,44
Соколов Евгений Иванович,капитан,7,60
Козлов Андрей Андреевич,прапорщик,12,59
Андреев Кирилл Кириллович,лейтенант,12,44
Васильев Егор Павлович,сержант,9,49
Смирнов Максим Викторович,полковник,2,45
Морозов Артём Романович,капитан,6,40
Васильев Константин Михайлович,прапорщик,1,45
Орлов Павел Романович,капитан,11,26
Степанов Кирилл Олегович,сержант,1,56
Козлов Иван Андреевич,капитан,6,38
Андреев Олег Михайлович,рядовой,8,55
Васильев Юрий Никитич,сержант,2,37
Борисов Павел Сергеевич,прапорщик,3,22
Морозов Кирилл Никитич,майор,1,55
Кочергин Иван Павлович,сержант,5,27
Павлов Матвей Юрьевич,прапорщик,1,37
Иванов Матвей Алексеевич,майор,11,49
Николаев Юрий Викторович,полковник,1,30
Морозов Кирилл Викторович,лейтенант,7,32
Петров Иван Викторович,капитан,10,49
Фёдоров Максим Александрович,капитан,1,43
Андреев Олег Иванович,полковник,2,57
Соловьёв Михаил Александрович,лейтенант,3,32
Михайлов Егор Сергеевич,прапорщик,12,20
Михайлов Сергей Максимович,лейтенант,1,50
Кузнецов Павел Андреевич,сержант,1,55
Кузнецов Никита Максимович,полковник,12,31
Степанов Александр Александрович,сержант,10,40
Петров Максим Максимович,прапорщик,8,34
Борисов Виктор Викторович,сержант,10,54
Петров Юрий Иванович,прапорщик,6,26
Соколов Денис Ильич,майор,10,19
Михайлов Константин Юрьевич,прапорщик,8,36
Фёдоров Роман Никитич,прапорщик,3,42
Соколов Артём Ильич,полковник,4,58
Павлов Степан Никитич,майор,7,39
Сидоров Павел Дмитриевич,сержант,12,36
Павлов Артём Дмитриевич,капитан,3,36
Сидоров Артём Дмитриевич,рядовой,7,21
Кочергин Виктор Михайлович,майор,12,34
Захаров Павел Дмитриевич,сержант,6,58
Макаров Павел Кириллович,полковник,5,25
Семёнов Виктор Юрьевич,майор,11,30
Васильев Михаил Кириллович,полковник,12,58
Петров Юрий Викторович,рядовой,9,27
Зайцев Сергей Алексеевич,рядовой,7,60
Иванов Егор Ильич,капитан,3,32
Сидоров Евгений Павлович,лейтенант,11,60
Егоров Сергей Максимович,майор,1,52
Захаров Дмитрий Андреевич,полковник,4,52
Павлов Илья Павлович,капитан,11,48
Яковлев Александр Андреевич,полковник,11,40
Лебедев Константин Романович,сержант,6,45
Новиков Кирилл Максимович,рядовой,10,59
Орлов Артём Иванович,прапорщик,8,29
Егоров Роман Кириллович,капитан,10,43
Попов Михаил Александрович,майор,3,32
Егоров Юрий Михайлович,капитан,3,21
Соколов Максим Юрьевич,майор,6,57
Сидоров Кирилл Романович,рядовой,10,20
Степанов Олег Александрович,майор,4,57
Орлов Матвей Юрьевич,сержант,9,42
Степанов Илья Романович,сержант,10,58
Захаров Максим Александрович,лейтенант,12,48
Соколов Илья Ильич,капитан,3,46
Кочергин Никита Ильич,полковник,5,52
Орлов Дмитрий Алексеевич,майор,5,54
Кочергин Роман Алексеевич,сержант,9,41
Павлов Матвей Романович,майор,3,19
Сидоров Александр Сергеевич,майор,12,41
Орлов Михаил Никитич,полковник,5,53
Соловьёв Михаил Юрьевич,капитан,3,18
Лебедев Кирилл Дмитриевич,прапорщик,2,53
Соловьёв Иван Александрович,сержант,11,26
Попов Сергей Викторович,лейтенант,6,57
Степанов Дмитрий Андреевич,прапорщик,5,58
Степанов Евгений Кириллович,капитан,2,19
Васильев Алексей Александрович,майор,5,24
Макаров Дмитрий Кириллович,майор,8,26
Егоров Максим Дмитриевич,сержант,10,47
Попов Константин Романович,полковник,8,38
Морозов Сергей Андреевич,лейтенант,4,47
Петров Олег Дмитриевич,лейтенант,10,45
Никитин Олег Ильич,сержант,12,19
Захаров Алексей Алексеевич,прапорщик,2,47
Кочергин Егор Олегович,полковник,9,57
Степанов Алексей Сергеевич,сержант,8,36
Алексеев Алексей Сергеевич,полковник,4,31
Новиков Матвей Иванович,капитан,3,58
Степанов Матвей Павлович,прапорщик,7,28
Сидоров Павел Алексеевич,капитан,12,38
Соловьёв Константин Дмитриевич,капитан,12,54
Новиков Михаил Максимович,полковник,5,49
Морозов Артём Викторович,лейтенант,4,46
Никитин Степан Алексеевич,прапорщик,7,36
Никитин Евгений Иванович,капитан,7,37
Семёнов Егор Олегович,капитан,6,60
Фёдоров Виктор Юрьевич,лейтенант,12,18
Фёдоров Сергей Олегович,полковник,6,21
Кочергин Иван Олегович,прапорщик,6,22
Смирнов Матвей Александрович,прапорщик,10,26
Соловьёв Никита Олегович,капитан,8,18
Новиков Алексей Олегович,прапорщик,7,57
Семёнов Константин Иванович,рядовой,12,52
Петров Михаил Павлович,лейтенант,1,58
Кочергин Илья Алексеевич,капитан,6,20
Андреев Михаил Сергеевич,лейтенант,3,47
Фёдоров Александр Алексеевич,рядовой,11,57
Попов Алексей Романович,сержант,2,29
Никитин Илья Александрович,сержант,10,36
Михайлов Юрий Павлович,полковник,3,49
Кочергин Илья Романович,майор,2,36
Егоров Иван Михайлович,капитан,8,58
Сидоров Никита Сергеевич,сержант,11,56
Фёдоров Кирилл Иванович,полковник,9,56
Соколов Степан Романович,сержант,11,32
Фёдоров Евгений Никитич,капитан,10,58
Зайцев Константин Максимович,лейтенант,10,40
Соколов Матвей Романович,сержант,3,53
Андреев Денис Романович,рядовой,3,18
Козлов Юрий Дмитриевич,рядовой,9,23
Семёнов Виктор Никитич,полковник,10,47
Соколов Максим Сергеевич,рядовой,5,56
Алексеев Илья Ильич,лейтенант,1,54
Павлов Константин Сергеевич,полковник,1,38
Орлов Александр Никитич,майор,6,56
Никитин Роман Сергеевич,капитан,11,46
Борисов Олег Михайлович,рядовой,1,41
Степанов Денис Иванович,полковник,9,31
Михайлов Виктор Никитич,прапорщик,10,35
Попов Максим Александрович,майор,5,28
Иванов Виктор Никитич,полковник,2,50
Попов Степан Олегович,прапорщик,5,54
Петров Иван Викторович,сержант,6,39
Петров Юрий Иванович,прапорщик,2,39
Борисов Сергей Дмитриевич,капитан,4,47
Морозов Иван Викторович,рядовой,8,55
Кочергин Виктор Александрович,полковник,11,43
Сидоров Виктор Олегович,капитан,5,25
Васильев Матвей Сергеевич,сержант,9,34
Захаров Степан Ильич,лейтенант,10,38
Никитин Матвей Иванович,капитан,3,49
Лебедев Дмитрий Олегович,капитан,10,26
Борисов Андрей Олегович,капитан,11,25
Зайцев Матвей Павлович,капитан,11,60
Борисов Кирилл Александрович,лейтенант,1,51
Николаев Алексей Юрьевич,лейтенант,2,19
Иванов Алексей Кириллович,прапорщик,2,60
Кузнецов Александр Михайлович,прапорщик,10,42
Козлов Сергей Романович,полковник,8,31
Андреев Кирилл Михайлович,сержант,9,40
Яковлев Олег Олегович,сержант,4,48
Морозов Павел Михайлович,капитан,12,23
Соколов Степан Юрьевич,майор,9,49
Соловьёв Александр Сергеевич,капитан,9,23
Николаев Виктор Максимович,рядовой,12,32
Соколов Денис Романович,майор,3,31
Васильев Сергей Михайлович,сержант,3,35
Сидоров Олег Викторович,рядовой,11,47
Борисов Сергей Андреевич,лейтенант,9,49
Никитин Константин Олегович,сержант,4,50
Семёнов Константин Дмитриевич,полковник,9,22
Васильев Виктор Алексеевич,сержант,12,21
Зайцев Евгений Андреевич,сержант,1,37
Новиков Евгений Никитич,майор,12,33
Соловьёв Никита Сергеевич,капитан,8,50
Никитин Степан Сергеевич,лейтенант,5,55
Морозов Денис Сергеевич,полковник,1,36
Кузнецов Виктор Романович,капитан,10,19
Иванов Юрий Алексеевич,капитан,5,28
Кузнецов Кирилл Сергеевич,лейтенант,1,25
Павлов Олег Кириллович,полковник,11,24
Соколов Денис Юрьевич,майор,5,31
Михайлов Дмитрий Кириллович,рядовой,6,60
Семёнов Павел Алексеевич,прапорщик,12,58
Сидоров Денис Кириллович,сержант,4,40
Егоров Сергей Кириллович,лейтенант,9,28
Никитин Алексей Дмитриевич,рядовой,11,39
Соловьёв Андрей Юрьевич,капитан,7,53
Морозов Михаил Павлович,сержант,2,23
Кочергин Иван Александрович,майор,1,44
Попов Дмитрий Андреевич,рядовой,3,35
Иванов Иван Павлович,лейтенант,5,58
Николаев Никита Ильич,лейтенант,3,54
Кузнецов Сергей Кириллович,майор,6,20
Николаев Сергей Сергеевич,сержант,5,34
Яковлев Константин Павлович,капитан,12,55
Фёдоров Александр Андреевич,полковник,10,23
Зайцев Евгений Никитич,капитан,10,55
Михайлов Матвей Михайлович,майор,12,55
Михайлов Константин Викторович,сержант,6,36
Лебедев Андрей Дмитриевич,прапорщик,8,34
Захаров Михаил Андреевич,майор,2,46
Зайцев Матвей Олегович,сержант,10,34
Козлов Александр Михайлович,полковник,7,38
Смирнов Михаил Никитич,прапорщик,5,44
Андреев Матвей Юрьевич,прапорщик,9,22
Захаров Михаил Романович,сержант,6,26
Андреев Евгений Павлович,прапорщик,7,38
Соловьёв Александр Кириллович,рядовой,5,33
Сидоров Денис Никитич,сержант,2,33
Степанов Сергей Кириллович,полковник,7,56
Степанов Денис Романович,прапорщик,9,32
Степанов Артём Юрьевич,лейтенант,8,26
Макаров Иван Сергеевич,прапорщик,5,27
Попов Кирилл Сергеевич,сержант,6,18
Андреев Артём Ильич,прапорщик,2,29
Новиков Денис Андреевич,сержант,4,47
Яковлев Андрей Дмитриевич,лейтенант,5,22
Степанов Денис Иванович,сержант,8,21
Орлов Дмитрий Олегович,сержант,3,33
Степанов Константин Юрьевич,лейтенант,4,32
Морозов Алексей Сергеевич,рядовой,9,39
Яковлев Евгений Ильич,майор,8,41
Морозов Виктор Алексеевич,лейтенант,4,28
Сидоров Евгений Михайлович,полковник,6,24
Макаров Дмитрий Иванович,полковник,9,54
Андреев Юрий Максимович,капитан,2,24
Захаров Константин Михайлович,сержант,9,25
Семёнов Юрий Кириллович,прапорщик,3,59
Иванов Егор Михайлович,сержант,4,60
Яковлев Павел Романович,прапорщик,4,37
Васильев Артём Никитич,капитан,11,47
Андреев Сергей Викторович,сержант,11,18
Михайлов Дмитрий Ильич,сержант,5,27
Михайлов Артём Дмитриевич,полковник,1,57
Николаев Максим Викторович,сержант,2,42
Васильев Илья Андреевич,прапорщик,11,32
Иванов Виктор Юрьевич,полковник,3,37
Михайлов Денис Кириллович,полковник,10,19
Яковлев Денис Сергеевич,сержант,2,28
Морозов Денис Олегович,капитан,2,21
Кузнецов Михаил Сергеевич,капитан,9,60
Попов Денис Алексеевич,прапорщик,5,59
Степанов Матвей Алексеевич,рядовой,8,42
Козлов Павел Максимович,прапорщик,3,52
Васильев Максим Максимович,полковник,10,47
Семёнов Евгений Иванович,рядовой,7,43
Морозов Дмитрий Сергеевич,капитан,1,21
Морозов Кирилл Никитич,рядовой,3,47
Лебедев Роман Дмитриевич,рядовой,11,26
Соколов Сергей Павлович,сержант,6,48
Морозов Максим Александрович,рядовой,1,31
Кочергин Егор Иванович,лейтенант,5,33
Козлов Денис Кириллович,капитан,5,46
Николаев Максим Михайлович,полковник,6,50
Сидоров Роман Кириллович,полковник,1,29
Смирнов Алексей Максимович,капитан,3,30
Алексеев Артём Юрьевич,сержант,6,25
Сидоров Андрей Дмитриевич,майор,4,23
Петров Андрей Павлович,сержант,4,46
Иванов Матвей Дмитриевич,лейтенант,8,36
Павлов Алексей Иванович,сержант,3,54
Попов Никита Никитич,полковник,7,39
Зайцев Юрий Михайлович,лейтенант,7,32
Захаров Максим Олегович,капитан,2,37
Морозов Матвей Дмитриевич,сержант,7,39
Соколов Матвей Никитич,сержант,4,46
Попов Кирилл Олегович,лейтенант,8,42
Макаров Андрей Алексеевич,лейтенант,12,48
Кочергин Максим Юрьевич,прапорщик,11,46
Козлов Александр Михайлович,полковник,6,39
Попов Андрей Никитич,майор,3,20
Морозов Константин Олегович,прапорщик,3,41
Новиков Константин Викторович,капитан,1,42
Михайлов Илья Юрьевич,рядовой,10,59
Яковлев Роман Дмитриевич,майор,11,30
Новиков Евгений Юрьевич,сержант,2,24
Алексеев Дмитрий Сергеевич,прапорщик,7,39
Соколов Павел Иванович,сержант,2,24
Никитин Олег Романович,прапорщик,3,34
Иванов Максим Иванович,рядовой,11,34
Васильев Олег Викторович,капитан,1,51
Алексеев Степан Александрович,капитан,9,33
Фёдоров Евгений Иванович,прапорщик,9,59
Соколов Егор Михайлович,прапорщик,5,58
Павлов Иван Иванович,полковник,10,46
Козлов Павел Юрьевич,прапорщик,3,40
Макаров Михаил Алексеевич,майор,10,59
Петров Михаил Ильич,лейтенант,9,28
Захаров Денис Романович,лейтенант,9,34
Козлов Денис Романович,рядовой,12,46
Егоров Олег Олегович,полковник,8,29
Никитин Никита Кириллович,рядовой,9,24
Фёдоров Евгений Александрович,капитан,7,46
Егоров Виктор Михайлович,прапорщик,2,24
Соловьёв Константин Кириллович,майор,3,36
Алексеев Денис Максимович,майор,12,59
Козлов Константин Андреевич,лейтенант,6,28
Васильев Иван Сергеевич,рядовой,1,27
Макаров Константин Иванович,полковник,10,59
Кочергин Артём Романович,рядовой,9,49
Морозов Иван Дмитриевич,прапорщик,4,29
Петров Павел Кириллович,лейтенант,2,32
Орлов Олег Александрович,рядовой,5,37
Захаров Егор Михайлович,полковник,2,57
Семёнов Алексей Никитич,рядовой,11,21
Васильев Егор Юрьевич,прапорщик,9,18
Кочергин Павел Кириллович,сержант,12,51
Борисов Павел Михайлович,рядовой,2,23
Лебедев Максим Ильич,рядовой,4,49
Иванов Константин Викторович,рядовой,9,34
Алексеев Иван Дмитриевич,капитан,8,48
Захаров Юрий Кириллович,лейтенант,4,58
Смирнов Егор Андреевич,лейтенант,6,57
Попов Денис Никитич,лейтенант,1,23
Петров Александр Павлович,майор,10,59
Зайцев Иван Юрьевич,прапорщик,1,18
Степанов Юрий Викторович,рядовой,2,50
Васильев Андрей Иванович,майор,11,43
Кочергин Максим Александрович,лейтенант,2,18
Егоров Никита Кириллович,полковник,8,20
Иванов Денис Дмитриевич,полковник,1,24
Иванов Андрей Андреевич,сержант,12,25
Попов Юрий Павлович,капитан,4,57
Петров Никита Сергеевич,полковник,12,20
Смирнов Максим Максимович,майор,7,54
Васильев Кирилл Сергеевич,рядовой,7,47
Алексеев Константин Юрьевич,полковник,2,20
Зайцев Сергей Никитич,капитан,5,23
Сидоров Егор Кириллович,полковник,3,53
Кузнецов Андрей Иванович,рядовой,10,42
Михайлов Андрей Романович,капитан,11,42
Смирнов Егор Викторович,сержант,2,22
Борисов Денис Александрович,полковник,3,38
Михайлов Михаил Павлович,прапорщик,6,20
Попов Юрий Михайлович,майор,3,23
Соловьёв Евгений Андреевич,прапорщик,5,58
Егоров Дмитрий Романович,майор,8,40
Степанов Никита Александрович,сержант,5,27
Михайлов Олег Андреевич,лейтенант,4,33
Морозов Алексей Кириллович,рядовой,11,47
Николаев Никита Никитич,капитан,8,49
Смирнов Виктор Ильич,сержант,1,27
Иванов Роман Максимович,майор,4,57
Захаров Олег Андреевич,рядовой,4,24
Никитин Евгений Олегович,лейтенант,7,47
Михайлов Михаил Алексеевич,сержант,9,49
Павлов Александр Юрьевич,сержант,10,21
Петров Михаил Олегович,сержант,1,55
Яковлев Роман Олегович,лейтенант,8,45
Попов Павел Павлович,рядовой,11,28
Захаров Юрий Олегович,майор,5,57
Степанов Максим Дмитриевич,прапорщик,12,49
Смирнов Егор Никитич,полковник,10,38
Соловьёв Кирилл Романович,майор,9,34
Макаров Михаил Олегович,прапорщик,8,47
Андреев Сергей Кириллович,майор,11,46
Смирнов Матвей Ильич,прапорщик,3,47
Егоров Павел Ильич,майор,3,51
Яковлев Иван Ильич,сержант,3,47
Никитин Роман Олегович,прапорщик,5,52
Николаев Михаил Андреевич,лейтенант,5,56
Никитин Михаил Олегович,майор,5,39
Николаев Кирилл Дмитриевич,сержант,12,19
Макаров Александр Андреевич,майор,2,37
Соколов Роман Олегович,прапорщик,10,36
Морозов Артём Алексеевич,сержант,3,33
Новиков Никита Кириллович,сержант,6,42
Алексеев Евгений Алексеевич,сержант,9,56
Макаров Егор Иванович,полковник,8,60
Морозов Михаил Андреевич,майор,1,32
Зайцев Юрий Александрович,рядовой,4,32
Захаров Олег Викторович,майор,7,22
Захаров Константин Максимович,прапорщик,11,47
Семёнов Александр Сергеевич,прапорщик,2,25
Яковлев Максим Иванович,майор,9,24
Николаев Роман Андреевич,сержант,2,40
Соколов Константин Михайлович,сержант,9,22
Смирнов Матвей Викторович,майор,7,39
Петров Павел Максимович,лейтенант,4,56
Лебедев Олег Иванович,рядовой,6,46
Зайцев Константин Андреевич,рядовой,6,22
Петров Олег Максимович,рядовой,1,59
Козлов Кирилл Никитич,сержант,1,20
Кузнецов Иван Юрьевич,сержант,3,18
Орлов Роман Романович,лейтенант,10,36
Кузнецов Иван Олегович,майор,4,53
Иванов Олег Алексеевич,лейтенант,4,28
Соловьёв Роман Викторович,лейтенант,12,32
Андреев Олег Сергеевич,рядовой,5,33
Сидоров Дмитрий Викторович,прапорщик,4,56
Егоров Денис Максимович,прапорщик,2,35
Соловьёв Алексей Олегович,майор,5,26
Козлов Илья Александрович,полковник,7,60
Захаров Кирилл Павлович,рядовой,5,30
Егоров Артём Максимович,лейтенант,8,37
Андреев Андрей Романович,прапорщик,1,40
Павлов Михаил Юрьевич,прапорщик,4,53
Захаров Павел Никитич,лейтенант,6,26
Захаров Евгений Юрьевич,полковник,3,59
Новиков Никита Викторович,капитан,9,55
Павлов Алексей Алексеевич,полковник,5,39
Морозов Юрий Никитич,рядовой,12,59
Михайлов Андрей Сергеевич,рядовой,1,25
Новиков Олег Павлович,рядовой,2,48
Лебедев Евгений Романович,полковник,5,41
Васильев Павел Дмитриевич,майор,6,46
Андреев Константин Павлович,лейтенант,3,45
Степанов Алексей Ильич,сержант,10,39
Захаров Илья Александрович,рядовой,12,60
Николаев Андрей Иванович,майор,6,30
Степанов Никита Алексеевич,полковник,11,41
Кочергин Юрий Ильич,лейтенант,8,60
Макаров Артём Сергеевич,сержант,6,28
Новиков Матвей Юрьевич,полковник,1,25
Соколов Сергей Сергеевич,рядовой,8,40
Смирнов Денис Кириллович,майор,4,41
Павлов Артём Олегович,сержант,5,54
Николаев Алексей Сергеевич,прапорщик,2,39
Алексеев Павел Никитич,прапорщик,4,53
Семёнов Степан Юрьевич,рядовой,8,22
Соколов Никита Ильич,прапорщик,12,60
Егоров Виктор Максимович,рядовой,6,35
Павлов Алексей Романович,лейтенант,3,48
Васильев Константин Олегович,полковник,5,30
Орлов Артём Сергеевич,лейтенант,2,27
Иванов Олег Андреевич,капитан,7,60
Павлов Виктор Юрьевич,капитан,5,27
Орлов Юрий Юрьевич,лейтенант,6,24
Фёдоров Илья Павлович,майор,8,26
Петров Юрий Викторович,полковник,12,40
Петров Роман Павлович,капитан,10,24
Орлов Олег Андреевич,майор,9,38
Соловьёв Роман Романович,капитан,5,36
Сидоров Егор Никитич,полковник,10,33
Васильев Сергей Максимович,рядовой,6,42
Никитин Олег Романович,прапорщик,1,28
Кочергин Андрей Сергеевич,капитан,1,43
Андреев Юрий Александрович,майор,4,44
Соколов Алексей Кириллович,майор,6,25
Павлов Никита Алексеевич,сержант,10,60
Сидоров Егор Иванович,лейтенант,2,30
Андреев Дмитрий Викторович,майор,4,57
Егоров Иван Максимович,майор,11,36
Егоров Михаил Романович,прапорщик,5,30
Иванов Александр Викторович,майор,5,39
Зайцев Виктор Викторович,майор,8,48
Яковлев Михаил Сергеевич,майор,5,44
Зайцев Матвей Сергеевич,капитан,4,24
Кочергин Илья Ильич,полковник,3,41
Соколов Илья Олегович,сержант,1,39
Лебедев Матвей Викторович,майор,9,42
Кочергин Дмитрий Викторович,рядовой,3,39
Иванов Иван Павлович,лейтенант,7,20
Яковлев Роман Иванович,рядовой,9,41
Андреев Андрей Олегович,рядовой,1,44
Егоров Константин Олегович,прапорщик,6,31
Кузнецов Роман Михайлович,лейтенант,5,24
Николаев Юрий Михайлович,рядовой,3,35
Иванов Виктор Михайлович,сержант,10,45
Егоров Михаил Ильич,прапорщик,10,42
Петров Александр Александрович,рядовой,9,60
Орлов Андрей Александрович,капитан,8,24
Кочергин Олег Ильич,капитан,9,25
Козлов Артём Андреевич,лейтенант,2,54
Смирнов Евгений Кириллович,капитан,2,57
Павлов Денис Андреевич,рядовой,7,39
Иванов Сергей Максимович,лейтенант,12,41
Лебедев Егор Александрович,рядовой,9,20
Егоров Егор Викторович,майор,6,26
Кузнецов Егор Андреевич,прапорщик,10,23
Фёдоров Андрей Кириллович,сержант,9,24
Яковлев Роман Олегович,прапорщик,12,23
Семёнов Денис Ильич,рядовой,4,23
Соловьёв Константин Викторович,прапорщик,10,33
Смирнов Илья Романович,сержант,12,49
Орлов Егор Алексеевич,полковник,6,39
Степанов Илья Юрьевич,лейтенант,11,41
Сидоров Максим Андреевич,прапорщик,7,45
Николаев Никита Сергеевич,лейтенант,4,56
Смирнов Иван Алексеевич,лейтенант,2,39
Михайлов Степан Ильич,лейтенант,3,52
Сидоров Артём Никитич,рядовой,4,39
Иванов Артём Ильич,прапорщик,7,18
Андреев Денис Никитич,капитан,7,58
Егоров Иван Романович,лейтенант,5,59
Макаров Михаил Олегович,майор,6,37
Андреев Кирилл Андреевич,рядовой,9,49
Васильев Константин Алексеевич,рядовой,3,39
Борисов Никита Юрьевич,лейтенант,5,20
Борисов Матвей Дмитриевич,сержант,2,39
Сидоров Артём Никитич,полковник,11,42
Морозов Дмитрий Олегович,прапорщик,12,44
Степанов Павел Олегович,майор,12,32
Павлов Денис Михайлович,прапорщик,8,49
Сидоров Илья Никитич,рядовой,3,39
Макаров Илья Кириллович,прапорщик,2,19
Алексеев Матвей Викторович,полковник,3,57
Макаров Константин Викторович,лейтенант,7,41
Алексеев Алексей Дмитриевич,лейтенант,8,58
Петров Илья Кириллович,сержант,7,46
Соловьёв Виктор Юрьевич,лейтенант,5,37
Соловьёв Сергей Дмитриевич,полковник,12,53
Михайлов Артём Юрьевич,рядовой,12,25
Егоров Алексей Дмитриевич,рядовой,4,60
Яковлев Кирилл Дмитриевич,капитан,12,33
Фёдоров Евгений Алексеевич,лейтенант,12,25
Яковлев Денис Ильич,майор,12,26
Зайцев Дмитрий Ильич,рядовой,11,18
Алексеев Роман Павлович,прапорщик,7,41
Смирнов Евгений Михайлович,лейтенант,9,50
Семёнов Юрий Викторович,капитан,9,50
Новиков Матвей Юрьевич,капитан,12,40
Лебедев Юрий Юрьевич,рядовой,2,36
Соловьёв Константин Максимович,лейтенант,10,36
Алексеев Максим Дмитриевич,лейтенант,10,29
Захаров Илья Иванович,рядовой,1,52
Соловьёв Олег Ильич,сержант,8,60
Егоров Роман Павлович,капитан,7,52
Орлов Константин Никитич,сержант,1,19
Соколов Алексей Павлович,полковник,6,21
Николаев Илья Дмитриевич,прапорщик,3,34
Смирнов Сергей Михайлович,полковник,3,20
Макаров Иван Олегович,прапорщик,2,32
Васильев Никита Алексеевич,полковник,10,36
Степанов Матвей Юрьевич,лейтенант,1,33
Андреев Олег Олегович,полковник,12,22
Иванов Степан Михайлович,полковник,11,54
Попов Юрий Юрьевич,рядовой,5,38
Васильев Евгений Олегович,капитан,8,43
Сидоров Андрей Викторович,лейтенант,8,42
Кузнецов Сергей Ильич,прапорщик,5,58
Фёдоров Роман Максимович,прапорщик,12,32
Соловьёв Сергей Иванович,майор,4,60
Яковлев Евгений Ильич,майор,5,53
Зайцев Олег Иванович,сержант,2,29
Соловьёв Дмитрий Дмитриевич,капитан,6,54
Яковлев Дмитрий Никитич,рядовой,1,29
Михайлов Сергей Викторович,рядовой,4,43
Андреев Кирилл Алексеевич,сержант,8,33
Васильев Максим Ильич,прапорщик,11,27
Новиков Максим Никитич,майор,8,25
Захаров Евгений Юрьевич,полковник,7,28
Соловьёв Максим Юрьевич,полковник,8,56
Соловьёв Виктор Никитич,майор,3,59
Степанов Алексей Сергеевич,рядовой,2,49
Кузнецов Денис Михайлович,капитан,3,23
Андреев Никита Максимович,лейтенант,6,19
Макаров Денис Олегович,сержант,2,32
Кузнецов Кирилл Дмитриевич,майор,12,35
Козлов Роман Максимович,капитан,7,59
Николаев Никита Максимович,капитан,7,43
Попов Денис Максимович,прапорщик,6,48
Петров Егор Романович,майор,9,45
Никитин Евгений Олегович,сержант,4,46
Егоров Матвей Викторович,лейтенант,2,47
Смирнов Алексей Максимович,капитан,10,54
Васильев Юрий Максимович,лейтенант,7,48
Иванов Виктор Юрьевич,майор,1,18
Кузнецов Алексей Викторович,капитан,7,28
Макаров Кирилл Никитич,прапорщик,3,46
Егоров Михаил Ильич,рядовой,12,18
Соколов Константин Юрьевич,капитан,11,20
Алексеев Михаил Олегович,прапорщик,10,37
Макаров Константин Максимович,майор,9,44
Павлов Олег Никитич,капитан,11,50
Семёнов Юрий Михайлович,капитан,12,30
Андреев Алексей Александрович,сержант,12,55
Кузнецов Алексей Павлович,капитан,7,50
Семёнов Александр Ильич,лейтенант,6,41
Макаров Денис Иванович,полковник,5,38
Семёнов Юрий Павлович,прапорщик,4,18
Козлов Андрей Михайлович,майор,7,36
Васильев Александр Сергеевич,сержант,3,27
Попов Матвей Викторович,прапорщик,1,34
Сидоров Андрей Алексеевич,лейтенант,7,37
Никитин Илья Иванович,майор,1,54
Михайлов Никита Иванович,майор,11,59
Лебедев Илья Сергеевич,прапорщик,10,27
Орлов Егор Олегович,сержант,3,60
Михайлов Денис Викторович,лейтенант,1,30
Павлов Андрей Дмитриевич,лейтенант,2,21
Петров Андрей Михайлович,прапорщик,9,51
Орлов Егор Михайлович,рядовой,11,47
Николаев Павел Кириллович,капитан,10,42
Степанов Денис Кириллович,майор,11,32
Никитин Константин Ильич,сержант,9,30
Макаров Артём Викторович,полковник,7,53
Егоров Артём Павлович,капитан,10,51
Кузнецов Матвей Сергеевич,лейтенант,4,53
Соловьёв Егор Сергеевич,лейтенант,6,29
Макаров Андрей Кириллович,прапорщик,1,49
Захаров Олег Кириллович,лейтенант,9,49
Соколов Олег Иванович,сержант,2,55
Степанов Евгений Александрович,лейтенант,9,34
Яковлев Константин Павлович,рядовой,11,30
Яковлев Артём Никитич,сержант,10,57
Макаров Матвей Дмитриевич,капитан,7,47
Кузнецов Андрей Олегович,майор,11,45
Попов Степан Максимович,рядовой,8,43
Лебедев Иван Викторович,полковник,9,44
Лебедев Виктор Кириллович,майор,10,48
Сидоров Степан Максимович,капитан,1,40
Николаев Павел Викторович,прапорщик,7,50
Захаров Павел Кириллович,сержант,1,41
Васильев Юрий Юрьевич,прапорщик,1,60
Алексеев Алексей Михайлович,сержант,7,25
Петров Юрий Кириллович,сержант,3,35
Павлов Юрий Юрьевич,лейтенант,4,42
Морозов Сергей Михайлович,полковник,10,25
Степанов Степан Олегович,полковник,7,23
Васильев Андрей Никитич,рядовой,7,33
Морозов Денис Алексеевич,прапорщик,8,43
Соловьёв Артём Иванович,лейтенант,3,43
Орлов Юрий Романович,рядовой,1,47
Кузнецов Степан Никитич,полковник,4,50
Николаев Юрий Иванович,капитан,1,19
Козлов Константин Олегович,лейтенант,11,54
Попов Юрий Михайлович,майор,6,19
Яковлев Никита Максимович,полковник,5,57
Иванов Михаил Викторович,майор,4,40
Макаров Константин Юрьевич,прапорщик,5,32
Зайцев Михаил Романович,сержант,7,36
Степанов Павел Павлович,рядовой,12,21
Семёнов Денис Викторович,лейтенант,3,27
Попов Андрей Олегович,прапорщик,7,23
Никитин Никита Кириллович,сержант,1,18
Кузнецов Денис Александрович,сержант,8,41
Макаров Дмитрий Юрьевич,полковник,7,57
Семёнов Юрий Олегович,майор,10,33
Соловьёв Степан Дмитриевич,прапорщик,2,34
Морозов Илья Павлович,майор,10,18
Смирнов Егор Максимович,сержант,1,49
Фёдоров Александр Дмитриевич,рядовой,7,57
Соловьёв Константин Максимович,прапорщик,6,51
Борисов Матвей Кириллович,полковник,10,60
Попов Андрей Михайлович,прапорщик,6,40
Алексеев Никита Алексеевич,сержант,3,26
Смирнов Михаил Никитич,прапорщик,2,30
Степанов Павел Иванович,майор,2,46
Кочергин Павел Ильич,сержант,1,33
Павлов Максим Романович,лейтенант,10,38
Козлов Дмитрий Юрьевич,рядовой,6,60
Орлов Егор Иванович,майор,2,18
Зайцев Егор Ильич,лейтенант,2,59
Захаров Максим Андреевич,капитан,8,36
Петров Юрий Сергеевич,рядовой,8,30
Иванов Виктор Павлович,капитан,10,32
Зайцев Евгений Андреевич,рядовой,5,38
Кузнецов Степан Викторович,полковник,9,55
Степанов Павел Павлович,сержант,9,54
Соколов Александр Алексеевич,капитан,5,21
Морозов Андрей Максимович,капитан,6,21
Фёдоров Роман Дмитриевич,капитан,4,24
Козлов Сергей Андреевич,майор,7,21
Михайлов Юрий Иванович,майор,9,54
Алексеев Никита Михайлович,капитан,9,22
Павлов Кирилл Михайлович,рядовой,10,33
Павлов Егор Иванович,прапорщик,8,22
Степанов Алексей Юрьевич,майор,1,41
Михайлов Евгений Викторович,прапорщик,9,48
Петров Никита Павлович,лейтенант,3,32
Иванов Дмитрий Иванович,лейтенант,1,55
Николаев Михаил Михайлович,майор,7,24
Морозов Александр Сергеевич,сержант,11,32
Яковлев Никита Дмитриевич,лейтенант,7,58
Морозов Роман Олегович,полковник,1,41
Иванов Матвей Александрович,полковник,9,41
Николаев Матвей Викторович,лейтенант,6,49
Павлов Павел Ильич,полковник,8,54
Андреев Илья Сергеевич,капитан,5,49
Михайлов Илья Викторович,сержант,10,55
Петров Юрий Ильич,прапорщик,3,23
Андреев Павел Павлович,полковник,1,55
Смирнов Александр Андреевич,лейтенант,7,35
Семёнов Максим Никитич,сержант,5,59
Соколов Алексей Максимович,рядовой,2,58
Козлов Дмитрий Андреевич,лейтенант,11,44
Никитин Виктор Андреевич,сержант,8,46
Васильев Олег Сергеевич,полковник,4,33
Иванов Константин Кириллович,рядовой,5,41
Попов Илья Юрьевич,капитан,1,31
Новиков Роман Ильич,полковник,4,29
Егоров Иван Михайлович,майор,3,41
Алексеев Никита Павлович,капитан,7,44
Никитин Степан Дмитриевич,майор,11,39
Яковлев Степан Дмитриевич,рядовой,1,41
Яковлев Степан Иванович,майор,4,52
Смирнов Никита Юрьевич,полковник,6,21
Яковлев Максим Романович,прапорщик,4,52
Андреев Никита Викторович,капитан,2,53
Николаев Дмитрий Юрьевич,лейтенант,10,35
Степанов Сергей Никитич,капитан,9,25
Морозов Виктор Сергеевич,прапорщик,5,45
Алексеев Максим Романович,прапорщик,2,47
Сидоров Дмитрий Александрович,полковник,7,41
Алексеев Андрей Павлович,лейтенант,7,52
Павлов Матвей Никитич,полковник,6,60
Фёдоров Илья Павлович,сержант,8,49
Алексеев Егор Иванович,капитан,10,40
Степанов Константин Дмитриевич,сержант,11,32
Михайлов Михаил Андреевич,сержант,9,24
Зайцев Егор Алексеевич,сержант,7,45
Михайлов Евгений Никитич,капитан,11,24
Егоров Олег Павлович,рядовой,5,42
Борисов Алексей Кириллович,лейтенант,4,39
Павлов Дмитрий Иванович,полковник,4,30
Сидоров Виктор Иванович,рядовой,11,30
Сидоров Виктор Ильич,прапорщик,7,25
Зайцев Сергей Викторович,рядовой,3,49
Егоров Михаил Юрьевич,сержант,5,37
Лебедев Павел Ильич,лейтенант,3,29
Соколов Константин Сергеевич,лейтенант,7,22
Степанов Юрий Олегович,капитан,3,28
Морозов Евгений Романович,майор,9,35
Орлов Артём Сергеевич,сержант,11,38
Андреев Виктор Юрьевич,прапорщик,1,51
Лебедев Михаил Викторович,прапорщик,1,46
Васильев Константин Юрьевич,сержант,10,58
Алексеев Сергей Юрьевич,прапорщик,7,39
Лебедев Денис Дмитриевич,лейтенант,2,50
Борисов Илья Никитич,прапорщик,3,39
Смирнов Максим Дмитриевич,капитан,6,34
Фёдоров Никита Максимович,капитан,11,26
Новиков Сергей Иванович,сержант,9,45
Соколов Михаил Михайлович,рядовой,2,45
Соловьёв Максим Викторович,рядовой,11,60
Кочергин Кирилл Сергеевич,прапорщик,5,38
Васильев Илья Юрьевич,майор,6,29
Иванов Сергей Иванович,лейтенант,10,24
Михайлов Егор Сергеевич,лейтенант,11,37
Сидоров Матвей Юрьевич,сержант,4,48
Алексеев Евгений Михайлович,рядовой,12,57
Сидоров Артём Михайлович,рядовой,11,49
Егоров Максим Александрович,капитан,1,49
Смирнов Павел Иванович,лейтенант,11,24
Орлов Михаил Иванович,рядовой,5,55
Морозов Сергей Михайлович,капитан,12,59
Морозов Никита Ильич,капитан,8,31
Кочергин Степан Дмитриевич,полковник,8,29
Степанов Роман Олегович,майор,2,51
Петров Степан Михайлович,сержант,9,51
Борисов Максим Павлович,полковник,9,37
Егоров Андрей Викторович,майор,3,30
Николаев Александр Дмитриевич,лейтенант,1,37
Макаров Роман Михайлович,прапорщик,6,18
Соколов Александр Александрович,лейтенант,11,18
Михайлов Матвей Сергеевич,майор,10,57
Петров Евгений Максимович,полковник,9,48
Соколов Артём Дмитриевич,рядовой,3,49
Николаев Роман Кириллович,майор,3,47
Попов Алексей Ильич,полковник,8,32
Зайцев Егор Романович,рядовой,5,31
Кузнецов Олег Павлович,рядовой,6,55
Петров Кирилл Викторович,сержант,6,31
Фёдоров Андрей Алексеевич,лейтенант,11,41
Михайлов Павел Ильич,рядовой,6,31
Козлов Иван Ильич,полковник,5,41
Смирнов Артём Иванович,полковник,10,55
Алексеев Михаил Андреевич,лейтенант,1,58
Кочергин Дмитрий Александрович,капитан,9,57
Андреев Иван Алексеевич,лейтенант,5,18
Андреев Никита Максимович,прапорщик,11,33
Смирнов Роман Никитич,рядовой,2,56
Степанов Максим Ильич,лейтенант,6,44
Новиков Юрий Дмитриевич,майор,3,41
Яковлев Михаил Алексеевич,лейтенант,1,20
Алексеев Андрей Алексеевич,сержант,4,51
Михайлов Артём Иванович,полковник,8,56
Яковлев Константин Ильич,капитан,11,56
Фёдоров Павел Никитич,прапорщик,9,54
Попов Андрей Романович,рядовой,11,48
Михайлов Денис Романович,сержант,10,35
Степанов Иван Викторович,прапорщик,7,41
Фёдоров Сергей Алексеевич,капитан,9,57
Орлов Никита Олегович,сержант,9,30
Алексеев Денис Олегович,лейтенант,6,47
Петров Артём Максимович,майор,1,23
Попов Андрей Максимович,сержант,4,59
Никитин Юрий Юрьевич,прапорщик,4,59
Никитин Виктор Михайлович,сержант,2,37
Новиков Евгений Ильич,полковник,6,36
Орлов Никита Викторович,прапорщик,10,50
Егоров Юрий Кириллович,капитан,7,51
Васильев Степан Андреевич,прапорщик,3,41
Соловьёв Михаил Ильич,рядовой,10,30
Фёдоров Юрий Кириллович,полковник,6,29
Сидоров Матвей Максимович,лейтенант,4,36
Захаров Роман Олегович,полковник,1,45
Павлов Павел Андреевич,майор,5,48
Смирнов Матвей Юрьевич,полковник,6,44
Борисов Сергей Александрович,капитан,1,60
Яковлев Максим Дмитриевич,полковник,4,19
Попов Алексей Сергеевич,майор,3,31
Козлов Никита Иванович,рядовой,3,24
Соловьёв Егор Кириллович,сержант,4,27
Павлов Матвей Михайлович,рядовой,5,26
Яковлев Алексей Олегович,полковник,4,58
Кузнецов Егор Андреевич,рядовой,5,34
Фёдоров Артём Юрьевич,рядовой,6,59
Петров Кирилл Романович,рядовой,10,43
Семёнов Степан Викторович,лейтенант,9,50
Захаров Дмитрий Максимович,майор,2,58
Морозов Константин Сергеевич,сержант,3,45
Павлов Михаил Алексеевич,сержант,3,43
Васильев Никита Иванович,полковник,5,44
Степанов Виктор Дмитриевич,сержант,4,42
Зайцев Павел Ильич,рядовой,1,39
Лебедев Максим Викторович,сержант,3,30
Андреев Степан Сергеевич,прапорщик,5,39
Фёдоров Андрей Викторович,капитан,12,48
Алексеев Олег Алексеевич,майор,7,18
Борисов Алексей Ильич,прапорщик,7,36
Иванов Виктор Кириллович,рядовой,10,57
Никитин Константин Олегович,капитан,10,23
Степанов Матвей Александрович,лейтенант,12,53
Алексеев Денис Павлович,капитан,10,56
Козлов Артём Сергеевич,капитан,11,25
Борисов Олег Никитич,капитан,11,47
Михайлов Роман Сергеевич,сержант,4,60
Сидоров Константин Александрович,рядовой,3,36
Сидоров Матвей Романович,рядовой,8,38
Егоров Роман Ильич,лейтенант,4,39
Васильев Артём Алексеевич,лейтенант,1,26
Егоров Павел Павлович,лейтенант,7,50
Алексеев Степан Иванович,полковник,9,35
Васильев Максим Максимович,лейтенант,3,22
Петров Юрий Павлович,прапорщик,2,37
Андреев Константин Михайлович,полковник,8,31
Захаров Константин Павлович,майор,6,36
Макаров Артём Максимович,рядовой,6,40
Лебедев Денис Максимович,майор,1,31
Орлов Дмитрий Андреевич,лейтенант,6,54
Алексеев Дмитрий Романович,капитан,7,57
Лебедев Константин Ильич,прапорщик,9,37
Васильев Кирилл Алексеевич,сержант,2,34
Козлов Кирилл Романович,сержант,12,24
Попов Матвей Олегович,рядовой,7,26
Николаев Александр Сергеевич,капитан,1,35
Петров Олег Сергеевич,прапорщик,2,37
Макаров Сергей Никитич,рядовой,6,21
Павлов Матвей Александрович,майор,2,33
Орлов Кирилл Юрьевич,майор,5,28
Степанов Юрий Павлович,сержант,7,34
Сидоров Алексей Алексеевич,полковник,7,37
Лебедев Андрей Романович,майор,5,32
Андреев Павел Алексеевич,прапорщик,6,31
Степанов Роман Александрович,полковник,5,26
Михайлов Александр Максимович,лейтенант,5,58
Михайлов Андрей Иванович,майор,4,54
Андреев Юрий Павлович,капитан,11,39
Никитин Олег Алексеевич,лейтенант,7,50
Соловьёв Алексей Александрович,капитан,2,53
Николаев Степан Сергеевич,сержант,3,37
Захаров Роман Павлович,рядовой,5,28
Никитин Степан Дмитриевич,капитан,8,18
Попов Александр Викторович,капитан,12,18
Степанов Егор Кириллович,прапорщик,2,38
Степанов Максим Максимович,лейтенант,6,59
Васильев Илья Сергеевич,лейтенант,1,26
Орлов Матвей Ильич,сержант,8,56
Семёнов Александр Павлович,рядовой,5,59
Соколов Иван Юрьевич,прапорщик,9,47
Попов Матвей Ильич,лейтенант,2,49
Кузнецов Дмитрий Сергеевич,прапорщик,4,33
Соколов Александр Александрович,сержант,3,39
Кочергин Павел Олегович,прапорщик,8,34
Яковлев Максим Ильич,сержант,2,24
Морозов Максим Олегович,капитан,4,57
Новиков Степан Никитич,сержант,3,44
Николаев Егор Ильич,рядовой,6,37
Борисов Артём Александрович,капитан,10,19
Васильев Олег Никитич,майор,10,25
Соколов Максим Иванович,полковник,7,58
Фёдоров Артём Павлович,лейтенант,8,23
Васильев Роман Никитич,лейтенант,12,30
Фёдоров Максим Никитич,прапорщик,3,29
Егоров Олег Андреевич,сержант,3,38
Орлов Артём Никитич,капитан,11,38
Макаров Алексей Викторович,полковник,10,54
Васильев Юрий Михайлович,капитан,7,40
Лебедев Иван Романович,капитан,4,59
Соколов Матвей Алексеевич,рядовой,11,56
Семёнов Александр Павлович,прапорщик,1,45
Новиков Максим Андреевич,сержант,12,59
Сидоров Никита Михайлович,рядовой,3,37
Михайлов Иван Ильич,рядовой,8,39
Иванов Сергей Павлович,сержант,3,49
Николаев Александр Ильич,майор,5,54
Смирнов Кирилл Сергеевич,полковник,1,40
Кузнецов Роман Павлович,сержант,7,37
Попов Иван Андреевич,майор,2,29
Яковлев Роман Михайлович,майор,6,36
Васильев Роман Юрьевич,лейтенант,9,59
Никитин Денис Олегович,лейтенант,11,37
Кочергин Денис Алексеевич,лейтенант,10,50
Алексеев Юрий Ильич,рядовой,2,32
Васильев Илья Андреевич,лейтенант,10,53
Макаров Степан Андреевич,полковник,2,46
Иванов Алексей Олегович,майор,8,25
Степанов Павел Павлович,рядовой,5,56
Новиков Константин Сергеевич,полковник,9,40
Смирнов Михаил Викторович,прапорщик,7,25
Алексеев Дмитрий Ильич,капитан,5,55
Фёдоров Юрий Андреевич,лейтенант,1,44
Егоров Алексей Алексеевич,капитан,8,54
Фёдоров Юрий Павлович,рядовой,5,23
Никитин Александр Павлович,лейтенант,2,41
Степанов Алексей Ильич,сержант,12,39
Лебедев Евгений Дмитриевич,капитан,9,39
Захаров Дмитрий Олегович,капитан,1,30
Петров Юрий Кириллович,прапорщик,12,48
Макаров Максим Максимович,сержант,1,26
Семёнов Артём Александрович,полковник,11,26
Борисов Илья Иванович,майор,10,39
Андреев Сергей Андреевич,капитан,11,27
Петров Иван Андреевич,сержант,4,20
Захаров Артём Кириллович,прапорщик,12,53
Кузнецов Илья Кириллович,капитан,9,57
Орлов Матвей Максимович,рядовой,12,25
Соколов Олег Юрьевич,полковник,12,48
Яковлев Илья Викторович,капитан,3,46
Павлов Иван Павлович,лейтенант,9,28
Соколов Роман Александрович,майор,9,36
Попов Андрей Павлович,полковник,7,39
Смирнов Михаил Михайлович,майор,5,50
Кочергин Никита Викторович,прапорщик,4,19
Борисов Роман Андреевич,полковник,1,42
Егоров Максим Никитич,майор,11,53
Николаев Михаил Сергеевич,капитан,9,46
Кузнецов Дмитрий Алексеевич,полковник,10,50
Сидоров Максим Ильич,рядовой,1,51
Михайлов Илья Ильич,капитан,2,36
Борисов Максим Сергеевич,полковник,2,58
Лебедев Павел Олегович,сержант,4,19
Николаев Никита Александрович,лейтенант,5,54
Фёдоров Дмитрий Никитич,прапорщик,4,28
Лебедев Сергей Алексеевич,капитан,9,59
Иванов Андрей Михайлович,майор,5,25
Захаров Егор Максимович,майор,7,55
Васильев Виктор Олегович,полковник,3,35
Зайцев Дмитрий Романович,полковник,2,59
Николаев Егор Кириллович,сержант,4,50
Смирнов Артём Юрьевич,рядовой,12,38
Семёнов Юрий Никитич,рядовой,1,33
Семёнов Егор Алексеевич,сержант,7,39
Степанов Кирилл Сергеевич,майор,6,26
Морозов Степан Ильич,капитан,6,23
Захаров Егор Кириллович,прапорщик,8,51
Сидоров Сергей Олегович,прапорщик,5,45
Алексеев Евгений Михайлович,полковник,8,24
Зайцев Артём Алексеевич,майор,10,21
Захаров Сергей Дмитриевич,сержант,10,59
Смирнов Никита Романович,майор,2,24
Павлов Матвей Максимович,рядовой,1,24
Новиков Роман Дмитриевич,сержант,4,41
Соколов Никита Павлович,капитан,3,50
Козлов Александр Сергеевич,полковник,5,21
Павлов Сергей Андреевич,майор,4,39
Алексеев Илья Максимович,лейтенант,8,42
Кочергин Дмитрий Андреевич,лейтенант,2,43
Павлов Павел Алексеевич,лейтенант,9,58
Павлов Степан Михайлович,полковник,8,50
Никитин Виктор Викторович,рядовой,9,22
Соловьёв Константин Ильич,полковник,9,32
Новиков Денис Викторович,майор,1,40
Сидоров Александр Михайлович,лейтенант,4,18
Николаев Степан Александрович,сержант,9,28
Смирнов Артём Сергеевич,майор,2,37
Зайцев Евгений Алексеевич,прапорщик,11,23
Зайцев Михаил Кириллович,рядовой,5,36
Новиков Роман Викторович,капитан,11,55
Новиков Андрей Романович,капитан,7,32
Новиков Павел Александрович,полковник,1,23
Козлов Иван Олегович,капитан,12,56
Соколов Илья Михайлович,прапорщик,1,21
Михайлов Сергей Иванович,рядовой,11,23
Васильев Олег Дмитриевич,сержант,1,46
Никитин Роман Павлович,рядовой,8,18
Кочергин Юрий Сергеевич,лейтенант,11,43
Павлов Кирилл Олегович,прапорщик,12,52
Орлов Андрей Александрович,капитан,9,49
Кузнецов Евгений Никитич,полковник,9,22
Егоров Сергей Павлович,капитан,7,56
Кузнецов Илья Михайлович,прапорщик,5,21
Фёдоров Матвей Викторович,сержант,5,49
Никитин Иван Алексеевич,рядовой,4,54
Алексеев Артём Павлович,сержант,1,55
Сидоров Егор Александрович,майор,5,55
Орлов Михаил Сергеевич,лейтенант,12,28
Соловьёв Артём Максимович,капитан,1,22
Лебедев Дмитрий Павлович,лейтенант,9,42
Соколов Иван Андреевич,рядовой,12,52
Захаров Матвей Ильич,полковник,6,50
Михайлов Олег Дмитриевич,полковник,5,48
Петров Матвей Викторович,рядовой,3,44
Фёдоров Роман Иванович,лейтенант,12,35
Смирнов Виктор Олегович,прапорщик,7,42
Алексеев Иван Сергеевич,прапорщик,8,25
Сидоров Сергей Андреевич,рядовой,8,19
Смирнов Евгений Александрович,майор,6,58
Егоров Павел Ильич,полковник,6,54
Алексеев Денис Алексеевич,полковник,7,29
Морозов Никита Андреевич,прапорщик,8,44
Сидоров Матвей Александрович,майор,12,33
Васильев Матвей Михайлович,капитан,1,51
Алексеев Максим Олегович,майор,11,58
Егоров Артём Александрович,полковник,5,31
Михайлов Андрей Алексеевич,капитан,10,60
Зайцев Денис Иванович,сержант,3,25
Андреев Юрий Александрович,рядовой,12,33
Соколов Павел Ильич,рядовой,10,18
Михайлов Александр Дмитриевич,сержант,8,44
Морозов Степан Никитич,полковник,12,60
Козлов Виктор Александрович,рядовой,5,20
Борисов Никита Олегович,прапорщик,12,18
Кузнецов Матвей Викторович,капитан,8,20
Орлов Константин Дмитриевич,капитан,6,57
Петров Андрей Викторович,майор,10,54
Иванов Кирилл Павлович,сержант,7,56
Соловьёв Максим Сергеевич,капитан,4,51
Алексеев Кирилл Ильич,лейтенант,3,44
Козлов Егор Максимович,лейтенант,12,30
Кочергин Иван Юрьевич,рядовой,8,47
Фёдоров Алексей Олегович,майор,11,54
Андреев Михаил Алексеевич,майор,7,57
Смирнов Матвей Михайлович,майор,9,58
Степанов Иван Максимович,майор,11,34
Смирнов Юрий Андреевич,прапорщик,6,28
Захаров Иван Юрьевич,рядовой,6,20
Захаров Степан Юрьевич,прапорщик,6,20
Фёдоров Егор Алексеевич,прапорщик,5,52
Сидоров Степан Павлович,лейтенант,9,55
Андреев Матвей Александрович,рядовой,4,54
Смирнов Павел Ильич,капитан,8,21
Лебедев Кирилл Максимович,прапорщик,3,19
Смирнов Илья Михайлович,полковник,10,60
Захаров Степан Никитич,сержант,9,29
Павлов Виктор Максимович,прапорщик,1,36
Кочергин Алексей Никитич,лейтенант,9,45
Орлов Артём Иванович,полковник,8,29
Васильев Егор Алексеевич,лейтенант,4,32
Петров Евгений Александрович,сержант,5,38
Никитин Михаил Никитич,лейтенант,11,50
Новиков Илья Алексеевич,полковник,2,20
Соловьёв Константин Романович,прапорщик,10,42
Павлов Егор Сергеевич,лейтенант,8,60
Васильев Дмитрий Юрьевич,капитан,1,54
Степанов Максим Михайлович,лейтенант,8,44
Сидоров Иван Александрович,капитан,10,41
Смирнов Максим Дмитриевич,сержант,12,40
Кочергин Алексей Романович,лейтенант,12,43
Кузнецов Максим Дмитриевич,майор,11,56
Петров Андрей Александрович,прапорщик,8,55
Андреев Никита Иванович,рядовой,1,21
Никитин Кирилл Никитич,прапорщик,2,40
Алексеев Роман Кириллович,рядовой,6,46
Борисов Алексей Юрьевич,прапорщик,7,27
Захаров Алексей Александрович,сержант,2,46
Фёдоров Степан Алексеевич,полковник,9,31
Козлов Юрий Александрович,прапорщик,4,47
Иванов Сергей Кириллович,майор,8,43
Андреев Александр Викторович,сержант,1,60
Зайцев Артём Андреевич,майор,5,51
Степанов Артём Андреевич,сержант,11,47
Борисов Денис Иванович,лейтенант,8,48
Степанов Кирилл Павлович,лейтенант,9,38
Васильев Алексей Михайлович,рядовой,5,50
Новиков Андрей Олегович,майор,9,56
Егоров Степан Дмитриевич,лейтенант,8,40
Семёнов Олег Никитич,лейтенант,6,51
Фёдоров Виктор Викторович,капитан,6,43
Зайцев Михаил Иванович,рядовой,12,55
Попов Кирилл Андреевич,лейтенант,10,33
Михайлов Роман Андреевич,полковник,11,57
Орлов Степан Иванович,рядовой,7,40
Кузнецов Алексей Юрьевич,сержант,6,24
Сидоров Степан Викторович,лейтенант,9,43
Соколов Кирилл Максимович,прапорщик,5,53
Борисов Денис Юрьевич,лейтенант,5,46
Алексеев Артём Викторович,майор,12,22
Иванов Артём Максимович,капитан,9,46
Соловьёв Алексей Юрьевич,лейтенант,10,44
Петров Егор Павлович,лейтенант,11,36
Макаров Алексей Александрович,прапорщик,11,19
Орлов Никита Юрьевич,капитан,5,43
Попов Андрей Максимович,лейтенант,4,34
Никитин Егор Романович,рядовой,9,43
Соловьёв Никита Сергеевич,прапорщик,4,23
Кузнецов Максим Никитич,рядовой,11,32
Андреев Евгений Андреевич,майор,10,50
Николаев Денис Дмитриевич,капитан,12,45
Орлов Евгений Олегович,прапорщик,2,58
Михайлов Егор Олегович,полковник,1,24
Семёнов Александр Иванович,капитан,4,57
Алексеев Иван Дмитриевич,рядовой,12,39
Морозов Юрий Алексеевич,сержант,7,37
Сидоров Андрей Михайлович,лейтенант,6,39
Кузнецов Юрий Иванович,майор,8,53
Лебедев Артём Романович,рядовой,7,52
Соколов Андрей Александрович,полковник,3,28
Захаров Иван Сергеевич,рядовой,4,59
Сидоров Евгений Дмитриевич,рядовой,3,23
Макаров Кирилл Дмитриевич,рядовой,12,52
Михайлов Иван Романович,полковник,6,41
Лебедев Виктор Юрьевич,сержант,5,59
Васильев Андрей Алексеевич,сержант,10,22
Васильев Андрей Максимович,капитан,11,33
Алексеев Роман Михайлович,капитан,9,33
Морозов Павел Александрович,капитан,5,42
Степанов Евгений Юрьевич,сержант,3,54
Захаров Иван Романович,капитан,5,39
Алексеев Андрей Юрьевич,рядовой,11,30
Лебедев Дмитрий Андреевич,прапорщик,5,43
Соловьёв Константин Михайлович,прапорщик,10,52
Степанов Александр Дмитриевич,лейтенант,7,19
Козлов Михаил Викторович,капитан,4,21
Зайцев Егор Андреевич,полковник,7,36
Кочергин Никита Юрьевич,сержант,5,35
Никитин Михаил Павлович,сержант,2,27
Макаров Евгений Михайлович,полковник,3,20
Козлов Алексей Викторович,прапорщик,10,33
Орлов Павел Дмитриевич,капитан,9,23
Орлов Максим Андреевич,сержант,1,29
Никитин Максим Романович,майор,2,26
Николаев Виктор Иванович,рядовой,4,42
Егоров Кирилл Дмитриевич,прапорщик,5,24
Андреев Роман Романович,сержант,4,49
Иванов Александр Викторович,лейтенант,8,41
Сидоров Константин Дмитриевич,полковник,1,31
Попов Алексей Олегович,рядовой,8,33
Новиков Иван Никитич,сержант,3,45
Лебедев Кирилл Никитич,лейтенант,5,58
Соколов Максим Дмитриевич,полковник,4,26
Васильев Илья Иванович,полковник,5,33
Лебедев Юрий Олегович,лейтенант,4,21
Макаров Матвей Романович,капитан,3,22
Степанов Егор Михайлович,полковник,6,56
Степанов Егор Андреевич,сержант,5,31
Сидоров Андрей Максимович,сержант,6,41
Егоров Евгений Ильич,майор,10,28
Андреев Артём Александрович,лейтенант,9,25
Михайлов Сергей Андреевич,полковник,6,47
Иванов Виктор Олегович,лейтенант,1,47
Семёнов Константин Алексеевич,полковник,5,34
Борисов Юрий Романович,прапорщик,12,48
Фёдоров Олег Викторович,рядовой,2,32
Зайцев Сергей Иванович,полковник,12,44
Захаров Евгений Юрьевич,сержант,2,20
Кузнецов Михаил Алексеевич,лейтенант,5,38
Степанов Егор Кириллович,капитан,5,45
Егоров Михаил Иванович,капитан,4,24
Захаров Александр Александрович,сержант,6,53
Орлов Матвей Юрьевич,сержант,7,30
Орлов Алексей Юрьевич,прапорщик,1,29
Семёнов Олег Максимович,капитан,3,42
Новиков Алексей Сергеевич,майор,1,29
Соколов Степан Викторович,полковник,3,51
Зайцев Степан Александрович,лейтенант,4,45
Алексеев Юрий Никитич,капитан,8,20
Кочергин Олег Романович,капитан,12,57
Иванов Виктор Сергеевич,капитан,7,60
Николаев Кирилл Кириллович,майор,11,33
Морозов Егор Андреевич,сержант,10,39
Захаров Александр Алексеевич,рядовой,2,25
Борисов Евгений Юрьевич,рядовой,11,20
Иванов Дмитрий Андреевич,сержант,3,21
Морозов Илья Андреевич,майор,3,20
Павлов Павел Кириллович,капитан,12,40
Кочергин Дмитрий Александрович,прапорщик,7,42
Сидоров Иван Сергеевич,полковник,1,23
Новиков Денис Алексеевич,прапорщик,8,40
Борисов Павел Сергеевич,полковник,2,49
Васильев Павел Дмитриевич,полковник,7,44
Фёдоров Дмитрий Павлович,капитан,9,58
Макаров Евгений Иванович,лейтенант,12,45
Никитин Дмитрий Алексеевич,лейтенант,4,25
Алексеев Александр Кириллович,полковник,6,21
Кузнецов Юрий Никитич,полковник,6,18
Кочергин Артём Андреевич,майор,8,21
Яковлев Юрий Иванович,сержант,5,23
Орлов Егор Михайлович,полковник,11,38
Алексеев Михаил Павлович,капитан,7,42
Лебедев Роман Михайлович,лейтенант,10,25
Михайлов Алексей Никитич,рядовой,1,18
Яковлев Александр Сергеевич,сержант,8,34
Васильев Иван Михайлович,лейтенант,12,24
Иванов Денис Кириллович,капитан,3,30
Попов Андрей Романович,полковник,12,60
Орлов Степан Кириллович,сержант,8,45
Никитин Алексей Андреевич,полковник,4,33
Михайлов Никита Дмитриевич,рядовой,6,35
Смирнов Денис Юрьевич,лейтенант,6,47
Павлов Егор Олегович,рядовой,1,59
Петров Дмитрий Александрович,прапорщик,10,23
Соловьёв Сергей Павлович,сержант,11,35
Семёнов Константин Кириллович,капитан,4,58
Васильев Михаил Максимович,прапорщик,1,26
Кочергин Павел Павлович,сержант,2,38
Андреев Матвей Иванович,майор,9,21
Николаев Александр Юрьевич,прапорщик,8,39
Лебедев Никита Сергеевич,майор,4,25
Егоров Илья Андреевич,сержант,8,21
Орлов Степан Михайлович,прапорщик,5,42
Павлов Олег Романович,рядовой,2,60
Васильев Олег Максимович,сержант,9,41
Андреев Виктор Никитич,полковник,2,53
Новиков Алексей Кириллович,сержант,7,35
Фёдоров Иван Дмитриевич,рядовой,8,46
Соколов Илья Юрьевич,майор,1,22
Петров Егор Иванович,сержант,7,20
Морозов Михаил Юрьевич,рядовой,3,48
Козлов Илья Максимович,майор,1,52
Кузнецов Роман Алексеевич,майор,11,48
Лебедев Никита Олегович,полковник,12,56
Степанов Юрий Александрович,лейтенант,12,19
Новиков Сергей Олегович,капитан,7,18
Степанов Матвей Павлович,лейтенант,2,23
Зайцев Степан Алексеевич,капитан,10,26
Соловьёв Максим Александрович,лейтенант,6,50
Алексеев Михаил Кириллович,прапорщик,9,33
Иванов Павел Юрьевич,прапорщик,4,30
Андреев Роман Ильич,рядовой,5,55
Соловьёв Андрей Олегович,капитан,2,51
Орлов Роман Сергеевич,майор,8,38
Николаев Роман Олегович,сержант,5,38
Орлов Кирилл Павлович,прапорщик,11,28
Попов Александр Олегович,полковник,10,54
Орлов Андрей Романович,полковник,6,51
Никитин Илья Дмитриевич,рядовой,4,40
Павлов Дмитрий Викторович,прапорщик,7,58
Соколов Кирилл Никитич,капитан,2,20
Егоров Евгений Иванович,полковник,4,36
Павлов Степан Кириллович,рядовой,10,29
Лебедев Алексей Викторович,полковник,8,50
Захаров Артём Никитич,рядовой,8,55
Зайцев Виктор Ильич,сержант,9,23
Павлов Максим Павлович,майор,8,23
Борисов Денис Викторович,майор,2,25
Иванов Илья Никитич,рядовой,3,21
Яковлев Денис Кириллович,лейтенант,2,49
Новиков Никита Викторович,полковник,5,24
Семёнов Олег Максимович,капитан,5,58
Егоров Александр Александрович,полковник,1,19
Никитин Александр Максимович,сержант,4,21
Зайцев Виктор Алексеевич,майор,2,35
Зайцев Степан Александрович,прапорщик,1,23
Сидоров Илья Алексеевич,рядовой,6,60
Николаев Степан Максимович,капитан,3,47
Никитин Денис Андреевич,прапорщик,5,33
Николаев Иван Олегович,прапорщик,6,42
Сидоров Евгений Никитич,лейтенант,9,54
Борисов Сергей Иванович,майор,11,52
Макаров Артём Ильич,лейтенант,6,57
Никитин Иван Никитич,лейтенант,1,58
Козлов Сергей Никитич,капитан,8,25
Степанов Алексей Александрович,полковник,9,32
Соколов Евгений Андреевич,полковник,12,42
Морозов Егор Сергеевич,капитан,8,52
Николаев Павел Павлович,капитан,2,26
Кочергин Роман Олегович,майор,10,55
Смирнов Роман Алексеевич,майор,12,47
Соловьёв Иван Александрович,майор,9,58
Алексеев Юрий Павлович,прапорщик,8,36
Яковлев Степан Олегович,прапорщик,10,46
Лебедев Виктор Романович,капитан,8,49
Алексеев Денис Ильич,майор,11,58
Егоров Александр Дмитриевич,лейтенант,6,20
Макаров Егор Андреевич,сержант,11,33
Никитин Денис Кириллович,полковник,4,54
Соколов Кирилл Викторович,полковник,5,23
Яковлев Виктор Алексеевич,лейтенант,8,53
Егоров Роман Романович,лейтенант,1,46
Соколов Олег Иванович,прапорщик,7,18
Макаров Матвей Андреевич,рядовой,8,31
Кузнецов Максим Кириллович,сержант,1,58
Фёдоров Евгений Викторович,майор,9,55
Попов Олег Александрович,сержант,12,28
Козлов Виктор Иванович,прапорщик,8,43
Степанов Артём Дмитриевич,капитан,9,52
Васильев Денис Дмитриевич,лейтенант,10,55
Макаров Максим Александрович,лейтенант,3,30
Орлов Виктор Максимович,прапорщик,12,36
Соколов Михаил Никитич,капитан,2,54
Зайцев Денис Никитич,полковник,8,18
Николаев Степан Никитич,капитан,12,43
Семёнов Сергей Сергеевич,майор,8,28
Новиков Константин Романович,полковник,10,42
Соколов Кирилл Ильич,лейтенант,6,21
Степанов Кирилл Сергеевич,лейтенант,3,58
Андреев Юрий Павлович,лейтенант,3,35
Иванов Евгений Павлович,сержант,9,60
Семёнов Дмитрий Максимович,майор,4,27
Соловьёв Сергей Иванович,полковник,7,45
Лебедев Дмитрий Максимович,майор,10,22
Егоров Иван Сергеевич,лейтенант,2,18
Михайлов Никита Алексеевич,майор,1,48
Захаров Максим Александрович,сержант,3,23
Соколов Сергей Павлович,рядовой,6,20
Васильев Михаил Павлович,рядовой,11,23
Семёнов Илья Никитич,рядовой,8,34
Яковлев Максим Михайлович,лейтенант,6,41
Новиков Никита Максимович,полковник,3,33
Соловьёв Артём Романович,прапорщик,10,22
Алексеев Михаил Максимович,прапорщик,11,44
Кочергин Артём Александрович,майор,4,42
Васильев Илья Олегович,майор,5,50
Кочергин Никита Александрович,рядовой,8,36
Михайлов Артём Романович,сержант,6,59
Иванов Максим Максимович,лейтенант,6,32
Кочергин Кирилл Викторович,рядовой,7,59
Алексеев Константин Олегович,полковник,11,48
Семёнов Евгений Сергеевич,полковник,4,34
Сидоров Михаил Романович,сержант,5,35
Павлов Егор Михайлович,полковник,10,22
Орлов Никита Ильич,прапорщик,1,54
Иванов Виктор Михайлович,сержант,6,22
Зайцев Евгений Михайлович,рядовой,7,31
Степанов Андрей Михайлович,майор,12,43
Морозов Сергей Ильич,сержант,8,23
Петров Дмитрий Никитич,капитан,11,55
Смирнов Алексей Олегович,полковник,5,33
Егоров Кирилл Юрьевич,майор,1,57
Павлов Сергей Алексеевич,майор,1,41
Петров Константин Сергеевич,лейтенант,4,33
Козлов Виктор Андреевич,майор,4,43
Кузнецов Никита Кириллович,сержант,9,45
Морозов Денис Сергеевич,рядовой,12,56
Попов Юрий Никитич,капитан,12,24
Кузнецов Евгений Ильич,рядовой,1,45
Попов Илья Сергеевич,капитан,4,59
Степанов Алексей Михайлович,прапорщик,2,44
Семёнов Павел Максимович,лейтенант,8,43
Смирнов Виктор Олегович,рядовой,8,57
Захаров Максим Сергеевич,лейтенант,3,57
Яковлев Андрей Кириллович,сержант,12,38
Козлов Сергей Кириллович,майор,4,41
Васильев Максим Иванович,сержант,6,45
Попов Юрий Викторович,майор,3,37
Морозов Юрий Александрович,полковник,5,19
Козлов Кирилл Сергеевич,прапорщик,8,60
Семёнов Максим Олегович,капитан,3,52
Орлов Константин Алексеевич,рядовой,9,59
Кузнецов Михаил Никитич,лейтенант,9,28
Зайцев Сергей Павлович,сержант,7,26
Степанов Денис Александрович,сержант,9,45
Соловьёв Олег Никитич,майор,12,60
Николаев Олег Викторович,сержант,3,28
Васильев Андрей Андреевич,прапорщик,3,45
Васильев Иван Ильич,лейтенант,9,23
Попов Никита Михайлович,рядовой,5,39
Кузнецов Евгений Юрьевич,полковник,9,35
Семёнов Матвей Александрович,прапорщик,5,47
Новиков Юрий Максимович,лейтенант,7,37
Васильев Кирилл Михайлович,рядовой,1,40
Лебедев Павел Никитич,майор,12,20
Кочергин Юрий Романович,сержант,6,31
Попов Павел Кириллович,майор,3,35
Новиков Кирилл Кириллович,прапорщик,12,41
Смирнов Павел Иванович,прапорщик,1,53
Николаев Юрий Викторович,лейтенант,6,34
Семёнов Андрей Сергеевич,майор,6,60
Лебедев Александр Олегович,лейтенант,3,40
Захаров Юрий Александрович,рядовой,12,45
Попов Алексей Александрович,прапорщик,4,60
Зайцев Иван Викторович,рядовой,5,57
Соловьёв Михаил Юрьевич,сержант,5,51
Михайлов Павел Андреевич,лейтенант,2,40
Попов Евгений Кириллович,рядовой,6,45
Павлов Андрей Дмитриевич,полковник,9,21
Егоров Алексей Александрович,майор,8,59
Егоров Александр Алексеевич,сержант,1,55
Зайцев Андрей Иванович,сержант,11,25
Иванов Олег Михайлович,полковник,3,30
Николаев Матвей Михайлович,лейтенант,10,23
Васильев Дмитрий Алексеевич,лейтенант,10,26
Козлов Павел Александрович,сержант,6,23
Иванов Александр Алексеевич,сержант,8,56
Павлов Андрей Иванович,полковник,8,54
Захаров Павел Кириллович,прапорщик,10,60
Михайлов Артём Алексеевич,лейтенант,1,32
Попов Алексей Никитич,рядовой,9,18
Соловьёв Олег Викторович,лейтенант,11,20
Иванов Илья Юрьевич,полковник,9,24
Семёнов Сергей Иванович,рядовой,7,52
Фёдоров Андрей Никитич,лейтенант,1,50
Егоров Степан Иванович,полковник,10,28
Орлов Дмитрий Романович,рядовой,6,23
Никитин Алексей Андреевич,майор,9,44
Яковлев Роман Дмитриевич,рядовой,10,55
Степанов Юрий Викторович,майор,5,54
Михайлов Сергей Сергеевич,полковник,8,25
Морозов Павел Дмитриевич,сержант,7,36
Зайцев Евгений Юрьевич,сержант,8,26
Андреев Матвей Александрович,полковник,2,27
Фёдоров Константин Олегович,капитан,5,51
Андреев Артём Михайлович,полковник,4,26
Козлов Виктор Викторович,капитан,11,45
Николаев Денис Максимович,прапорщик,5,60
Соловьёв Алексей Романович,майор,10,56
Никитин Никита Юрьевич,рядовой,10,37
Лебедев Виктор Юрьевич,рядовой,1,47
Сидоров Константин Максимович,майор,11,21
Соколов Матвей Ильич,сержант,7,32
Борисов Матвей Андреевич,рядовой,11,48
Попов Артём Михайлович,рядовой,6,58
Сидоров Матвей Романович,капитан,12,52
Николаев Егор Олегович,сержант,2,60
Николаев Кирилл Кириллович,капитан,8,21
Кочергин Сергей Максимович,прапорщик,5,27
Соловьёв Сергей Сергеевич,полковник,12,51
Никитин Евгений Романович,капитан,5,56
Андреев Сергей Андреевич,майор,12,42
Фёдоров Виктор Романович,рядовой,8,31
Соколов Роман Павлович,лейтенант,5,53
Смирнов Кирилл Кириллович,рядовой,4,46
Борисов Кирилл Александрович,полковник,12,18
Андреев Максим Дмитриевич,рядовой,2,18
Борисов Егор Кириллович,капитан,3,29
Михайлов Кирилл Кириллович,сержант,7,40
Никитин Кирилл Романович,рядовой,11,50
Степанов Олег Сергеевич,майор,10,49
Егоров Олег Романович,полковник,6,22
Лебедев Константин Сергеевич,прапорщик,5,33
Кочергин Павел Дмитриевич,майор,4,35
Морозов Константин Михайлович,капитан,10,31
Иванов Михаил Михайлович,рядовой,9,20
Степанов Максим Дмитриевич,рядовой,7,55
Фёдоров Роман Максимович,капитан,9,31
Васильев Артём Максимович,лейтенант,8,55
Никитин Алексей Павлович,полковник,7,36
Иванов Юрий Кириллович,майор,1,46
Морозов Александр Романович,капитан,10,54
Иванов Олег Олегович,прапорщик,1,51
Смирнов Дмитрий Павлович,лейтенант,2,21
Козлов Сергей Викторович,капитан,7,41
Смирнов Александр Романович,капитан,3,19
Павлов Роман Романович,сержант,12,49
Новиков Павел Михайлович,прапорщик,12,40
Андреев Степан Ильич,капитан,4,23
Егоров Матвей Олегович,лейтенант,12,39
Михайлов Павел Кириллович,прапорщик,8,50
Смирнов Андрей Олегович,капитан,9,50
Макаров Сергей Александрович,лейтенант,11,58
Макаров Степан Павлович,майор,11,60
Соколов Алексей Дмитриевич,рядовой,10,47
Петров Олег Ильич,рядовой,8,58
Никитин Евгений Сергеевич,лейтенант,12,45
Кузнецов Илья Алексеевич,прапорщик,6,51
Павлов Сергей Максимович,майор,12,57
Николаев Сергей Алексеевич,майор,8,47
Алексеев Сергей Иванович,полковник,2,52
Иванов Иван Михайлович,прапорщик,3,34
Кочергин Иван Олегович,полковник,12,19
Петров Кирилл Андреевич,полковник,6,56
Лебедев Егор Романович,лейтенант,2,29
Фёдоров Кирилл Никитич,полковник,6,52
Новиков Иван Иванович,рядовой,10,43
Сидоров Кирилл Александрович,полковник,2,60
Андреев Кирилл Александрович,майор,10,19
Фёдоров Михаил Никитич,прапорщик,10,45
Попов Олег Иванович,сержант,2,44
Морозов Илья Викторович,полковник,12,31
Захаров Павел Дмитриевич,лейтенант,7,42
Макаров Роман Юрьевич,прапорщик,12,27
Соловьёв Кирилл Никитич,сержант,1,33
Смирнов Никита Юрьевич,капитан,10,49
Иванов Роман Иванович,полковник,9,22
Смирнов Андрей Михайлович,прапорщик,1,48
Лебедев Степан Кириллович,лейтенант,4,38
Петров Виктор Олегович,майор,9,21
Соловьёв Сергей Андреевич,сержант,8,25
Никитин Егор Олегович,сержант,4,56
Николаев Илья Иванович,сержант,7,18
Сидоров Иван Викторович,сержант,7,39
Фёдоров Евгений Максимович,полковник,4,26
Захаров Егор Сергеевич,сержант,6,59
Захаров Кирилл Андреевич,полковник,8,18
Сидоров Виктор Андреевич,сержант,4,59
Никитин Андрей Дмитриевич,рядовой,3,38
Соловьёв Виктор Кириллович,рядовой,5,43
Семёнов Михаил Александрович,полковник,8,24
Павлов Юрий Иванович,сержант,4,25
Никитин Максим Романович,лейтенант,5,50
Соколов Никита Олегович,сержант,12,53
Борисов Иван Романович,сержант,11,24
Никитин Евгений Михайлович,капитан,4,33
Кочергин Михаил Андреевич,рядовой,6,27
Зайцев Юрий Олегович,прапорщик,6,51
Лебедев Максим Павлович,лейтенант,4,59
Степанов Артём Дмитриевич,сержант,3,28
Смирнов Егор Дмитриевич,лейтенант,1,24
Егоров Андрей Максимович,полковник,12,39
Фёдоров Денис Михайлович,полковник,11,23
Борисов Андрей Иванович,рядовой,3,24
Павлов Степан Ильич,майор,4,36
Иванов Олег Максимович,лейтенант,10,22
Козлов Михаил Михайлович,майор,12,39
Николаев Матвей Юрьевич,лейтенант,12,42
Яковлев Павел Павлович,сержант,6,30
Алексеев Иван Сергеевич,рядовой,8,25
Макаров Андрей Дмитриевич,сержант,5,41
Андреев Денис Михайлович,рядовой,11,46
Фёдоров Роман Иванович,полковник,10,29
Васильев Александр Дмитриевич,сержант,3,36
Попов Андрей Кириллович,лейтенант,2,43
Кочергин Михаил Кириллович,сержант,11,30
Макаров Юрий Иванович,рядовой,10,57
Степанов Иван Алексеевич,рядовой,2,22
Фёдоров Андрей Алексеевич,лейтенант,1,57
Яковлев Виктор Ильич,майор,1,44
Захаров Денис Олегович,майор,5,26
Петров Олег Сергеевич,майор,2,49
Яковлев Юрий Кириллович,рядовой,1,22
Петров Константин Сергеевич,рядовой,11,34
Кочергин Дмитрий Дмитриевич,полковник,6,29
Николаев Дмитрий Никитич,капитан,6,42
Борисов Егор Павлович,майор,6,23
Иванов Артём Иванович,сержант,8,58
Попов Андрей Викторович,полковник,12,51
Соколов Павел Алексеевич,майор,10,18
Попов Никита Ильич,сержант,5,35
Егоров Степан Александрович,лейтенант,7,56
Зайцев Юрий Олегович,прапорщик,8,48
Захаров Роман Романович,прапорщик,4,54
Морозов Константин Алексеевич,капитан,10,24
Михайлов Егор Кириллович,полковник,2,28
Соловьёв Олег Никитич,прапорщик,11,33
Михайлов Иван Михайлович,капитан,12,22
Сидоров Роман Дмитриевич,майор,9,34
Орлов Иван Сергеевич,капитан,3,27
Попов Артём Михайлович,майор,5,58
Козлов Михаил Михайлович,лейтенант,11,37
Павлов Михаил Иванович,полковник,11,43
Никитин Константин Никитич,прапорщик,6,23
Андреев Кирилл Алексеевич,рядовой,11,41
Лебедев Андрей Максимович,прапорщик,3,42
Андреев Дмитрий Юрьевич,рядовой,4,30
Захаров Павел Максимович,прапорщик,4,52
Кузнецов Иван Павлович,полковник,5,60
Кочергин Сергей Андреевич,сержант,12,56
Морозов Никита Михайлович,прапорщик,12,58
Яковлев Андрей Романович,майор,10,25
Зайцев Артём Викторович,сержант,1,44
Захаров Иван Викторович,майор,11,31
Петров Константин Викторович,капитан,1,33
Соловьёв Константин Ильич,прапорщик,7,53
Кочергин Алексей Дмитриевич,майор,8,39
Васильев Павел Сергеевич,полковник,10,23
Никитин Виктор Ильич,капитан,3,51
Яковлев Виктор Максимович,капитан,12,31
Борисов Никита Александрович,лейтенант,4,57
Егоров Михаил Романович,прапорщик,1,41
Петров Роман Сергеевич,прапорщик,2,23
Михайлов Егор Андреевич,лейтенант,9,39
Кочергин Олег Олегович,сержант,2,48
Яковлев Юрий Павлович,сержант,11,47
Борисов Юрий Алексеевич,прапорщик,4,50
Зайцев Сергей Никитич,прапорщик,6,44
Соловьёв Матвей Максимович,майор,5,55
Степанов Иван Романович,сержант,11,20
Сидоров Михаил Михайлович,лейтенант,12,31
Соколов Степан Михайлович,прапорщик,6,36
Фёдоров Александр Максимович,сержант,11,27
Кузнецов Максим Никитич,капитан,2,31
Сидоров Андрей Дмитриевич,прапорщик,10,33
Петров Степан Кириллович,рядовой,10,27
Николаев Алексей Андреевич,майор,1,28
Андреев Михаил Максимович,полковник,8,45
Алексеев Павел Викторович,рядовой,11,43
Соловьёв Евгений Ильич,майор,9,28
Павлов Алексей Павлович,майор,7,46
Новиков Дмитрий Александрович,майор,1,56
Орлов Денис Юрьевич,сержант,6,36
Козлов Виктор Олегович,сержант,6,60
Зайцев Константин Иванович,капитан,1,25
Кузнецов Максим Ильич,прапорщик,6,30
Петров Сергей Алексеевич,прапорщик,4,34
Орлов Артём Олегович,майор,5,42
Алексеев Павел Кириллович,лейтенант,1,45
Семёнов Олег Романович,лейтенант,5,36
Иванов Артём Максимович,прапорщик,9,29
Попов Сергей Максимович,капитан,12,34
Яковлев Никита Юрьевич,сержант,1,40
Морозов Никита Кириллович,сержант,2,43
Захаров Олег Романович,полковник,6,38
Иванов Андрей Павлович,полковник,10,36
Захаров Матвей Александрович,прапорщик,9,31
Макаров Роман Дмитриевич,лейтенант,3,27
Павлов Евгений Никитич,полковник,10,54
Васильев Павел Андреевич,полковник,12,52
Николаев Степан Олегович,лейтенант,9,55
Егоров Александр Сергеевич,рядовой,7,58
Орлов Никита Алексеевич,капитан,6,36
Новиков Артём Дмитриевич,прапорщик,3,60
Васильев Егор Сергеевич,прапорщик,2,45
Зайцев Илья Викторович,рядовой,8,58
Попов Денис Михайлович,майор,3,19
Петров Виктор Иванович,рядовой,3,59
Степанов Михаил Александрович,лейтенант,10,57
Соколов Константин Викторович,лейтенант,12,53
Егоров Максим Дмитриевич,прапорщик,9,41
Козлов Сергей Иванович,полковник,10,19
Макаров Матвей Михайлович,сержант,5,53
Никитин Иван Никитич,майор,1,37
Смирнов Михаил Юрьевич,рядовой,5,18
Орлов Евгений Викторович,лейтенант,10,40
Соловьёв Максим Романович,майор,7,57
Козлов Алексей Андреевич,капитан,2,59
Васильев Иван Дмитриевич,майор,2,43
Павлов Евгений Никитич,майор,1,37
Андреев Денис Павлович,майор,4,32
Иванов Константин Никитич,лейтенант,11,56
Смирнов Михаил Сергеевич,прапорщик,11,54
Попов Евгений Никитич,сержант,8,42
Семёнов Иван Михайлович,рядовой,7,39
Соколов Иван Михайлович,лейтенант,12,42
Никитин Иван Романович,полковник,7,31
Орлов Иван Сергеевич,лейтенант,5,33
Кочергин Максим Сергеевич,рядовой,7,51
Морозов Павел Иванович,сержант,5,22
Борисов Денис Сергеевич,лейтенант,9,49
Новиков Денис Алексеевич,прапорщик,7,58
Соколов Кирилл Ильич,сержант,6,23
Иванов Сергей Максимович,рядовой,3,60
Яковлев Степан Ильич,майор,2,35
Козлов Виктор Максимович,прапорщик,2,21
Сидоров Максим Андреевич,рядовой,2,59
Лебедев Михаил Викторович,прапорщик,12,53
Сидоров Никита Юрьевич,капитан,7,24
Козлов Кирилл Андреевич,сержант,9,21
Попов Максим Алексеевич,прапорщик,6,52
Кузнецов Кирилл Юрьевич,майор,1,50
Иванов Денис Дмитриевич,капитан,3,47
Егоров Олег Иванович,лейтенант,5,30
Алексеев Юрий Никитич,сержант,6,35
Попов Виктор Никитич,майор,8,21
Попов Роман Сергеевич,майор,6,60
Новиков Роман Павлович,лейтенант,10,58
Кузнецов Александр Юрьевич,полковник,12,29
Козлов Иван Андреевич,сержант,4,25
Макаров Евгений Викторович,рядовой,9,44
Андреев Илья Ильич,полковник,5,35
Морозов Илья Викторович,прапорщик,1,53
Попов Павел Александрович,майор,4,50
Макаров Никита Павлович,майор,10,50
Петров Андрей Никитич,прапорщик,1,27
Лебедев Евгений Ильич,лейтенант,12,26
Орлов Роман Михайлович,капитан,5,24
Орлов Виктор Никитич,полковник,8,56
Петров Кирилл Никитич,лейтенант,6,23
Морозов Илья Юрьевич,майор,10,28
Кочергин Олег Александрович,полковник,7,19
Борисов Степан Андреевич,сержант,11,51
Кузнецов Александр Александрович,рядовой,11,58
Попов Константин Юрьевич,капитан,1,44
Николаев Денис Андреевич,майор,5,45
Фёдоров Олег Романович,сержант,1,57
Кузнецов Андрей Алексеевич,сержант,2,26
Егоров Степан Сергеевич,лейтенант,10,19
Васильев Никита Ильич,полковник,3,27
Соколов Алексей Юрьевич,сержант,4,37
Михайлов Андрей Михайлович,рядовой,7,21
Егоров Артём Максимович,прапорщик,9,55
Николаев Константин Михайлович,капитан,11,28
Орлов Алексей Ильич,майор,4,26
Попов Евгений Никитич,лейтенант,7,25
Степанов Павел Викторович,рядовой,1,50
Андреев Сергей Павлович,сержант,3,25
Соколов Олег Кириллович,лейтенант,12,38
Андреев Виктор Алексеевич,рядовой,5,40
Орлов Матвей Никитич,прапорщик,8,26
Кузнецов Денис Александрович,майор,1,34
Егоров Константин Юрьевич,полковник,5,34
Попов Алексей Романович,капитан,11,46
Васильев Дмитрий Ильич,лейтенант,5,50
Соловьёв Матвей Дмитриевич,капитан,4,46
Зайцев Кирилл Кириллович,сержант,12,21
Никитин Дмитрий Павлович,майор,1,59
Захаров Степан Кириллович,рядовой,11,47
Семёнов Илья Олегович,майор,11,42
Семёнов Матвей Иванович,капитан,9,46
Борисов Денис Максимович,майор,12,38
Лебедев Илья Кириллович,сержант,6,32
Егоров Артём Юрьевич,полковник,10,20
Попов Илья Никитич,полковник,11,21
Фёдоров Егор Никитич,майор,8,42
Никитин Сергей Алексеевич,лейтенант,12,51
Смирнов Андрей Дмитриевич,лейтенант,10,58
Кочергин Андрей Михайлович,капитан,1,54
Захаров Константин Иванович,сержант,3,34
Орлов Андрей Викторович,прапорщик,7,25
Соловьёв Иван Кириллович,лейтенант,3,21
Сидоров Денис Александрович,рядовой,2,46
Фёдоров Олег Романович,прапорщик,12,43
Лебедев Иван Никитич,лейтенант,4,41
Смирнов Дмитрий Олегович,лейтенант,12,37
Соловьёв Михаил Михайлович,майор,10,56
Захаров Евгений Дмитриевич,полковник,12,49
Смирнов Юрий Павлович,лейтенант,11,49
Егоров Юрий Дмитриевич,сержант,1,28
Новиков Павел Андреевич,сержант,11,18
Яковлев Александр Ильич,сержант,5,25
Борисов Степан Юрьевич,полковник,2,38
Андреев Никита Александрович,полковник,4,57
Николаев Артём Дмитриевич,полковник,4,50
Соловьёв Александр Ильич,полковник,6,35
Васильев Сергей Кириллович,лейтенант,12,32
Смирнов Андрей Иванович,полковник,12,19
Захаров Кирилл Сергеевич,полковник,10,52
Семёнов Юрий Иванович,капитан,10,47
Соколов Андрей Алексеевич,майор,10,26
Соловьёв Денис Дмитриевич,капитан,10,27
Яковлев Евгений Кириллович,полковник,12,60
Козлов Степан Павлович,сержант,10,24
Николаев Дмитрий Олегович,сержант,1,35
Алексеев Иван Олегович,сержант,1,32
Павлов Максим Павлович,капитан,2,54
Никитин Кирилл Павлович,лейтенант,1,47
Николаев Роман Олегович,полковник,5,35
Зайцев Кирилл Максимович,рядовой,9,40
Сидоров Дмитрий Сергеевич,прапорщик,5,60
Попов Иван Алексеевич,прапорщик,6,47
Соколов Александр Сергеевич,капитан,12,20
Егоров Денис Андреевич,прапорщик,9,37
Попов Илья Александрович,сержант,3,59
Макаров Денис Алексеевич,лейтенант,12,41
Попов Сергей Иванович,полковник,3,49
Никитин Виктор Андреевич,сержант,2,25
Андреев Кирилл Кириллович,прапорщик,2,42
Кочергин Илья Алексеевич,лейтенант,8,46
Никитин Матвей Викторович,сержант,8,46
Лебедев Сергей Михайлович,лейтенант,1,40
Васильев Юрий Никитич,лейтенант,12,39
Николаев Иван Никитич,полковник,1,57
Кочергин Степан Кириллович,прапорщик,12,59
Павлов Егор Юрьевич,рядовой,7,36
Никитин Роман Алексеевич,капитан,3,54
Сидоров Денис Юрьевич,полковник,4,42
Никитин Александр Романович,сержант,10,18
Яковлев Степан Максимович,рядовой,1,19
Петров Денис Юрьевич,капитан,4,25
Зайцев Евгений Алексеевич,майор,7,31
Семёнов Олег Михайлович,рядовой,10,52
Семёнов Виктор Дмитриевич,сержант,3,29
Фёдоров Дмитрий Максимович,капитан,4,32
Степанов Виктор Андреевич,сержант,8,34
Николаев Михаил Иванович,прапорщик,11,40
Макаров Михаил Никитич,лейтенант,3,46
Егоров Денис Алексеевич,прапорщик,5,46
Зайцев Виктор Викторович,полковник,2,47
Новиков Александр Олегович,лейтенант,9,42
Лебедев Павел Михайлович,сержант,1,42
Смирнов Артём Юрьевич,лейтенант,10,52
Соловьёв Алексей Ильич,лейтенант,7,23
Зайцев Степан Андреевич,прапорщик,12,56
Соловьёв Артём Александрович,капитан,8,51
Соловьёв Денис Александрович,капитан,2,29
Егоров Максим Алексеевич,рядовой,3,43
Васильев Никита Сергеевич,прапорщик,7,48
Сидоров Дмитрий Алексеевич,лейтенант,3,28
Андреев Никита Сергеевич,капитан,4,30
Фёдоров Егор Андреевич,полковник,9,36
Новиков Илья Юрьевич,майор,3,52
Попов Евгений Михайлович,рядовой,12,24
Соловьёв Алексей Иванович,майор,3,21
Петров Кирилл Кириллович,сержант,1,54
Сидоров Степан Алексеевич,капитан,11,25
Кузнецов Михаил Юрьевич,капитан,7,60
Алексеев Егор Викторович,капитан,4,19
Васильев Сергей Юрьевич,сержант,10,35
Петров Константин Ильич,лейтенант,6,23
Васильев Денис Олегович,майор,9,34
Егоров Сергей Никитич,майор,11,24
Андреев Константин Павлович,лейтенант,10,57
Соловьёв Сергей Никитич,полковник,6,22
Степанов Андрей Александрович,капитан,12,35
Степанов Егор Иванович,сержант,9,39
Сидоров Павел Михайлович,рядовой,6,43
Павлов Михаил Иванович,майор,10,31
Андреев Кирилл Дмитриевич,рядовой,1,47
Морозов Алексей Викторович,майор,10,57
Семёнов Алексей Андреевич,полковник,6,48
Захаров Виктор Романович,рядовой,3,29
Фёдоров Константин Кириллович,майор,2,60
Попов Алексей Юрьевич,сержант,6,35
Борисов Михаил Иванович,прапорщик,11,18
Соколов Виктор Александрович,лейтенант,10,38
Павлов Андрей Романович,прапорщик,7,48
Лебедев Андрей Кириллович,капитан,7,46
Орлов Денис Ильич,капитан,1,46
Фёдоров Максим Олегович,сержант,9,18
Кочергин Егор Алексеевич,лейтенант,8,57
Яковлев Михаил Александрович,капитан,12,55
Зайцев Дмитрий Викторович,сержант,8,26
Попов Константин Сергеевич,лейтенант,7,35
Павлов Александр Ильич,лейтенант,2,36
Николаев Виктор Иванович,прапорщик,5,19
Орлов Юрий Алексеевич,капитан,2,57
Морозов Роман Романович,рядовой,11,38
Макаров Евгений Михайлович,капитан,5,22
Николаев Кирилл Алексеевич,полковник,3,52
Соколов Никита Павлович,рядовой,12,26
Кузнецов Павел Кириллович,прапорщик,2,23
Орлов Денис Никитич,капитан,11,43
Васильев Егор Кириллович,капитан,12,20
Морозов Степан Михайлович,лейтенант,1,48
Иванов Виктор Михайлович,сержант,6,60
Андреев Сергей Юрьевич,прапорщик,10,30
Сидоров Иван Алексеевич,лейтенант,2,20
Павлов Виктор Михайлович,прапорщик,7,30
Яковлев Олег Максимович,полковник,5,46
Орлов Павел Павлович,рядовой,3,44
Фёдоров Дмитрий Юрьевич,прапорщик,6,50
Зайцев Никита Ильич,лейтенант,10,56
Орлов Денис Максимович,лейтенант,12,44
Егоров Олег Дмитриевич,капитан,7,39
Сидоров Сергей Викторович,прапорщик,11,37
Андреев Денис Ильич,полковник,3,23
Семёнов Олег Викторович,капитан,6,36
Фёдоров Иван Никитич,лейтенант,11,47
Иванов Роман Дмитриевич,капитан,11,39
Макаров Никита Ильич,прапорщик,9,41
Соловьёв Егор Никитич,полковник,12,32
Яковлев Алексей Викторович,майор,6,37
Сидоров Максим Романович,лейтенант,6,27
Семёнов Иван Дмитриевич,рядовой,11,40
Зайцев Роман Алексеевич,лейтенант,7,57
Козлов Степан Максимович,капитан,1,41
Кузнецов Иван Андреевич,рядовой,1,53
Фёдоров Кирилл Павлович,сержант,2,45
Макаров Кирилл Олегович,рядовой,7,43
Николаев Михаил Ильич,полковник,3,33
Семёнов Никита Романович,майор,9,31
Егоров Евгений Ильич,майор,4,32
Николаев Максим Михайлович,капитан,4,59
Кузнецов Матвей Никитич,капитан,6,54
Орлов Алексей Алексеевич,майор,1,43
Алексеев Егор Романович,сержант,5,49
Степанов Иван Максимович,рядовой,10,19
Иванов Андрей Максимович,рядовой,1,19
Васильев Алексей Олегович,лейтенант,7,23
Лебедев Степан Александрович,капитан,12,50
Зайцев Роман Михайлович,прапорщик,12,57
Яковлев Юрий Максимович,лейтенант,3,49
Андреев Денис Олегович,прапорщик,1,27
Соловьёв Константин Никитич,полковник,3,40
Петров Максим Андреевич,сержант,10,25
Морозов Артём Иванович,сержант,8,38
Козлов Алексей Юрьевич,рядовой,10,47
Соловьёв Роман Павлович,рядовой,7,28
Новиков Андрей Ильич,сержант,9,19
Смирнов Виктор Дмитриевич,полковник,8,20
Смирнов Иван Викторович,полковник,5,37
Кочергин Александр Кириллович,прапорщик,9,42
Михайлов Павел Сергеевич,лейтенант,12,38
Иванов Иван Ильич,рядовой,3,31
Соколов Сергей Романович,полковник,11,32
Михайлов Константин Юрьевич,лейтенант,3,24
Зайцев Денис Никитич,рядовой,11,19
Зайцев Олег Кириллович,лейтенант,6,24
Новиков Сергей Павлович,прапорщик,9,44
Андреев Роман Алексеевич,сержант,10,47
Орлов Артём Андреевич,лейтенант,9,43
Петров Алексей Никитич,майор,10,44
Васильев Матвей Иванович,прапорщик,11,60
Иванов Максим Андреевич,рядовой,11,56
Орлов Павел Максимович,прапорщик,11,55
Андреев Павел Иванович,сержант,6,30
Борисов Никита Иванович,сержант,1,23
Никитин Павел Павлович,прапорщик,5,54
Макаров Денис Дмитриевич,прапорщик,10,36
Михайлов Матвей Сергеевич,прапорщик,6,27
Никитин Максим Александрович,сержант,1,58
Никитин Артём Юрьевич,рядовой,11,46
Сидоров Илья Олегович,рядовой,5,26
Сидоров Андрей Сергеевич,полковник,1,20
Новиков Егор Юрьевич,капитан,8,40
Кузнецов Максим Дмитриевич,рядовой,9,36
Павлов Егор Романович,прапорщик,3,40
Орлов Никита Олегович,майор,9,42
Зайцев Андрей Алексеевич,сержант,10,21
Макаров Олег Романович,полковник,5,36
Захаров Сергей Викторович,рядовой,1,40
Соловьёв Роман Юрьевич,сержант,10,27
Степанов Артём Олегович,полковник,10,20
Лебедев Александр Павлович,прапорщик,11,51
Николаев Денис Андреевич,майор,4,39
Никитин Евгений Ильич,капитан,11,54
Орлов Виктор Романович,рядовой,8,41
Николаев Андрей Дмитриевич,прапорщик,8,48
Иванов Дмитрий Никитич,капитан,4,18
Орлов Иван Павлович,сержант,8,33
Борисов Алексей Иванович,прапорщик,4,52
Попов Иван Никитич,сержант,9,32
Кузнецов Юрий Павлович,полковник,3,26
Фёдоров Дмитрий Олегович,полковник,4,37
Егоров Артём Викторович,сержант,12,26
Борисов Илья Александрович,рядовой,5,44
Михайлов Егор Юрьевич,прапорщик,1,33
Егоров Дмитрий Романович,майор,5,23
Павлов Никита Алексеевич,рядовой,4,55
Семёнов Сергей Дмитриевич,полковник,2,19
Михайлов Кирилл Ильич,сержант,1,41
Никитин Дмитрий Дмитриевич,полковник,10,55
Борисов Илья Михайлович,рядовой,11,55
Зайцев Егор Александрович,рядовой,12,51
Яковлев Денис Павлович,капитан,5,60
Егоров Роман Иванович,прапорщик,9,60
Новиков Андрей Алексеевич,прапорщик,3,47
Лебедев Роман Иванович,лейтенант,6,41
Андреев Егор Никитич,прапорщик,3,55
Попов Денис Юрьевич,прапорщик,1,23
Степанов Артём Андреевич,полковник,6,26
Андреев Егор Викторович,прапорщик,10,35
Кузнецов Алексей Алексеевич,рядовой,7,42
Петров Константин Иванович,сержант,4,50
Захаров Сергей Михайлович,капитан,9,46
Сидоров Юрий Никитич,сержант,12,19
Макаров Юрий Кириллович,майор,6,47
Борисов Денис Викторович,капитан,4,25
Попов Кирилл Дмитриевич,прапорщик,10,33
Егоров Роман Ильич,лейтенант,3,32
Сидоров Денис Романович,майор,6,31
Васильев Иван Ильич,майор,5,48
Лебедев Олег Олегович,сержант,1,45
Фёдоров Степан Иванович,капитан,3,47
Борисов Егор Иванович,прапорщик,11,42
Соловьёв Константин Максимович,прапорщик,11,58
Борисов Степан Юрьевич,сержант,11,19
Николаев Илья Юрьевич,полковник,9,38
Егоров Сергей Михайлович,майор,11,59
Новиков Олег Андреевич,капитан,9,30
Алексеев Степан Викторович,лейтенант,2,57
Иванов Иван Романович,рядовой,6,43
Сидоров Сергей Иванович,полковник,6,41
Захаров Сергей Дмитриевич,лейтенант,5,56
Николаев Степан Сергеевич,капитан,9,43
Захаров Константин Павлович,рядовой,2,41
Павлов Евгений Александрович,рядовой,8,22
Макаров Евгений Викторович,полковник,3,55
Лебедев Александр Максимович,майор,3,44
Егоров Артём Сергеевич,прапорщик,7,28
Николаев Кирилл Алексеевич,рядовой,7,21
Морозов Олег Максимович,полковник,2,43
Степанов Денис Олегович,капитан,1,39
Михайлов Илья Романович,полковник,3,43
Борисов Степан Андреевич,майор,2,56
Зайцев Михаил Викторович,рядовой,10,18
Андреев Андрей Кириллович,сержант,8,24
Петров Юрий Юрьевич,полковник,4,26
Фёдоров Иван Иванович,капитан,3,25
Попов Илья Дмитриевич,полковник,4,37
Егоров Константин Дмитриевич,прапорщик,7,34
Захаров Артём Максимович,лейтенант,3,23
Макаров Дмитрий Михайлович,полковник,7,31
Никитин Максим Максимович,капитан,12,42
Никитин Иван Александрович,майор,2,54
Павлов Денис Ильич,прапорщик,1,38
Новиков Михаил Иванович,капитан,4,24
Павлов Сергей Кириллович,рядовой,3,40
Новиков Иван Александрович,капитан,10,49
Васильев Кирилл Сергеевич,сержант,6,59
Соловьёв Александр Романович,прапорщик,12,18
Лебедев Егор Михайлович,полковник,8,25
Николаев Степан Павлович,майор,3,58
Козлов Кирилл Ильич,лейтенант,9,25
Васильев Максим Никитич,прапорщик,4,57
Новиков Степан Александрович,полковник,8,26
Никитин Александр Викторович,полковник,9,34
Макаров Матвей Михайлович,прапорщик,9,37
Петров Алексей Андреевич,сержант,8,48
Кочергин Виктор Александрович,сержант,2,53
Петров Егор Олегович,полковник,8,26
Фёдоров Алексей Викторович,капитан,4,36
Михайлов Кирилл Иванович,рядовой,12,55
Петров Роман Викторович,лейтенант,5,59
Кузнецов Максим Александрович,полковник,9,30
Иванов Егор Ильич,майор,5,36
Васильев Денис Сергеевич,рядовой,11,60
Егоров Кирилл Алексеевич,прапорщик,8,40
Михайлов Алексей Кириллович,лейтенант,4,39
Васильев Юрий Михайлович,капитан,8,26
Новиков Евгений Олегович,капитан,10,50
Зайцев Олег Ильич,сержант,3,39
Соловьёв Илья Романович,рядовой,3,29
Лебедев Иван Михайлович,майор,7,58
Козлов Александр Ильич,сержант,9,34
Семёнов Сергей Кириллович,лейтенант,1,39
Егоров Денис Юрьевич,майор,6,26
Попов Алексей Максимович,полковник,11,58
Орлов Алексей Дмитриевич,рядовой,12,37
Иванов Олег Андреевич,сержант,11,35
Кузнецов Дмитрий Ильич,сержант,11,52
Семёнов Олег Ильич,капитан,5,41
Яковлев Артём Иванович,полковник,1,21
Кузнецов Сергей Романович,майор,12,44
Соколов Степан Ильич,лейтенант,7,44
Козлов Кирилл Ильич,лейтенант,6,50
Кочергин Константин Никитич,капитан,2,56
Козлов Денис Романович,полковник,12,25
Зайцев Илья Никитич,прапорщик,6,38
Соколов Юрий Алексеевич,капитан,7,49
Семёнов Артём Юрьевич,полковник,6,55
Новиков Андрей Ильич,рядовой,9,59
Павлов Евгений Павлович,рядовой,7,44
Кочергин Илья Кириллович,полковник,5,29
Захаров Евгений Дмитриевич,капитан,2,24
Фёдоров Кирилл Сергеевич,лейтенант,9,29
Новиков Константин Викторович,лейтенант,1,40
Орлов Кирилл Сергеевич,рядовой,11,34
Борисов Дмитрий Олегович,прапорщик,11,35
Семёнов Роман Иванович,рядовой,3,45
Семёнов Виктор Михайлович,капитан,1,47
Морозов Илья Иванович,рядовой,4,50
Соколов Кирилл Иванович,лейтенант,3,54
Васильев Илья Никитич,майор,10,38
Алексеев Никита Сергеевич,прапорщик,12,52
Кузнецов Андрей Ильич,полковник,1,56
Зайцев Михаил Юрьевич,лейтенант,1,39
Козлов Егор Викторович,лейтенант,12,41
Орлов Егор Максимович,сержант,5,54
Яковлев Степан Ильич,сержант,5,34
Смирнов Михаил Павлович,лейтенант,10,42
Козлов Артём Андреевич,прапорщик,11,28
Соловьёв Константин Сергеевич,полковник,5,59
Степанов Илья Юрьевич,сержант,6,58
Николаев Виктор Алексеевич,капитан,1,51
Яковлев Илья Максимович,полковник,12,23
Андреев Роман Олегович,лейтенант,12,34
Борисов Кирилл Викторович,капитан,7,51
Яковлев Иван Ильич,сержант,1,47
Сидоров Степан Максимович,рядовой,7,57
Михайлов Кирилл Сергеевич,майор,9,27
Кочергин Константин Юрьевич,майор,2,50
Андреев Иван Дмитриевич,майор,2,39
Соколов Павел Викторович,прапорщик,1,40
Никитин Кирилл Максимович,капитан,2,55
Захаров Павел Никитич,майор,12,56
Павлов Олег Романович,майор,2,25
Яковлев Денис Никитич,сержант,7,23
Новиков Андрей Андреевич,лейтенант,5,19
Новиков Матвей Максимович,сержант,3,51
Орлов Никита Ильич,майор,8,19
Павлов Сергей Дмитриевич,майор,4,40
Лебедев Виктор Михайлович,сержант,2,53
Козлов Сергей Дмитриевич,рядовой,5,59
Соловьёв Павел Алексеевич,прапорщик,7,20
Зайцев Сергей Андреевич,капитан,11,40
Михайлов Виктор Викторович,сержант,7,32
Смирнов Олег Романович,рядовой,9,22
Иванов Степан Олегович,лейтенант,8,21
Михайлов Виктор Андреевич,майор,10,40
Зайцев Виктор Викторович,капитан,1,31
Фёдоров Кирилл Дмитриевич,полковник,7,35
Кузнецов Олег Алексеевич,сержант,6,54
Соловьёв Евгений Михайлович,полковник,9,50
Яковлев Денис Павлович,капитан,11,23
Павлов Юрий Олегович,прапорщик,9,36
Сидоров Алексей Максимович,сержант,4,36
Козлов Роман Дмитриевич,прапорщик,10,59
Васильев Денис Дмитриевич,майор,7,27
Лебедев Андрей Кириллович,прапорщик,3,43
Михайлов Юрий Ильич,лейтенант,2,25
Соколов Евгений Юрьевич,рядовой,12,38
Семёнов Сергей Олегович,сержант,10,50
Михайлов Денис Иванович,прапорщик,9,49
Петров Дмитрий Олегович,прапорщик,7,25
Михайлов Роман Михайлович,капитан,4,50
Соловьёв Олег Иванович,лейтенант,12,20
Смирнов Егор Олегович,капитан,6,53
Яковлев Егор Викторович,полковник,8,51
Степанов Никита Кириллович,майор,3,37
Степанов Иван Романович,полковник,4,57
Васильев Дмитрий Кириллович,майор,7,22
Соловьёв Константин Ильич,сержант,7,19
Соколов Степан Павлович,рядовой,11,41
Макаров Иван Никитич,сержант,12,30
Соловьёв Роман Ильич,лейтенант,12,51
Иванов Виктор Ильич,лейтенант,2,47
Сидоров Степан Олегович,прапорщик,9,52
Иванов Иван Никитич,лейтенант,2,27
Петров Кирилл Олегович,прапорщик,5,38
Кочергин Никита Олегович,лейтенант,4,42
Макаров Артём Павлович,сержант,12,53
Орлов Сергей Ильич,капитан,3,60
Захаров Андрей Алексеевич,сержант,1,36
Никитин Алексей Сергеевич,рядовой,4,49
Степанов Павел Алексеевич,рядовой,5,59
Павлов Иван Ильич,лейтенант,12,20
Яковлев Максим Алексеевич,сержант,4,39
Никитин Иван Ильич,майор,8,58
Семёнов Юрий Иванович,капитан,1,23
Попов Константин Андреевич,капитан,11,57
Кузнецов Константин Андреевич,рядовой,2,32
Васильев Иван Александрович,майор,5,38
Борисов Денис Михайлович,майор,1,60
Павлов Никита Дмитриевич,майор,8,36
Степанов Олег Максимович,рядовой,4,56
Кузнецов Степан Андреевич,сержант,7,55
Алексеев Михаил Кириллович,капитан,3,45
Павлов Илья Максимович,сержант,9,18
Андреев Александр Ильич,сержант,9,30
Зайцев Илья Олегович,майор,8,30
Андреев Роман Максимович,прапорщик,12,21
Новиков Денис Олегович,рядовой,10,36
Борисов Матвей Олегович,рядовой,11,38
Павлов Сергей Сергеевич,майор,2,18
Кочергин Юрий Никитич,майор,3,55
Попов Алексей Кириллович,рядовой,12,57
Семёнов Евгений Романович,майор,11,51
Козлов Артём Андреевич,рядовой,2,20
Орлов Степан Максимович,рядовой,8,28
Соколов Андрей Андреевич,майор,11,49
Новиков Иван Кириллович,полковник,1,23
Степанов Михаил Михайлович,рядовой,1,50
Павлов Артём Никитич,полковник,5,34
Кузнецов Никита Кириллович,лейтенант,5,26
Михайлов Константин Никитич,рядовой,8,50
Фёдоров Степан Михайлович,лейтенант,12,49
Петров Андрей Ильич,капитан,3,50
Орлов Олег Ильич,рядовой,1,56
Сидоров Матвей Викторович,рядовой,10,23
Иванов Михаил Кириллович,майор,10,46
Никитин Павел Алексеевич,сержант,5,23
Иванов Виктор Андреевич,полковник,5,27
Морозов Дмитрий Романович,капитан,11,42
Васильев Сергей Дмитриевич,лейтенант,3,45
Зайцев Степан Никитич,прапорщик,2,53
Лебедев Иван Олегович,полковник,11,52
Степанов Егор Максимович,майор,8,45
Николаев Степан Викторович,майор,3,54
Алексеев Андрей Александрович,прапорщик,3,55
Семёнов Матвей Максимович,рядовой,2,37
Сидоров Дмитрий Александрович,капитан,12,27
Морозов Павел Алексеевич,сержант,1,42
Морозов Сергей Сергеевич,лейтенант,7,53
Попов Никита Сергеевич,прапорщик,3,50
Егоров Александр Дмитриевич,прапорщик,10,44
Иванов Матвей Михайлович,лейтенант,10,19
Морозов Дмитрий Никитич,майор,11,55
Макаров Никита Максимович,лейтенант,12,18
Яковлев Кирилл Андреевич,полковник,1,36
Семёнов Артём Александрович,капитан,8,53
Павлов Иван Романович,сержант,7,32
Попов Алексей Михайлович,прапорщик,2,32
Соколов Виктор Ильич,прапорщик,9,59
Петров Алексей Максимович,рядовой,4,48
Макаров Денис Александрович,рядовой,3,33
Зайцев Артём Романович,капитан,3,30
Фёдоров Александр Олегович,сержант,8,37
Орлов Максим Иванович,лейтенант,1,50
Соловьёв Евгений Ильич,сержант,9,43
Соловьёв Дмитрий Михайлович,рядовой,7,24
Новиков Илья Романович,полковник,5,32
Захаров Юрий Никитич,капитан,2,59
Андреев Евгений Андреевич,полковник,5,40
Орлов Никита Викторович,майор,5,59
Алексеев Олег Никитич,майор,4,30
Соколов Дмитрий Михайлович,полковник,1,31
Борисов Дмитрий Романович,капитан,2,50
Смирнов Матвей Иванович,сержант,6,18
Соловьёв Егор Андреевич,капитан,3,41
Зайцев Степан Дмитриевич,майор,12,56
Захаров Константин Михайлович,капитан,2,54
Николаев Кирилл Кириллович,лейтенант,4,33
Васильев Максим Алексеевич,полковник,10,31
Андреев Евгений Павлович,майор,6,39
Кочергин Степан Романович,полковник,11,21
Соловьёв Алексей Андреевич,рядовой,11,52
Иванов Матвей Ильич,капитан,12,37
Никитин Денис Андреевич,лейтенант,10,41
Сидоров Артём Алексеевич,полковник,12,35
Кочергин Никита Максимович,капитан,4,41
Борисов Константин Сергеевич,прапорщик,7,25
Николаев Алексей Дмитриевич,рядовой,12,34
Петров Иван Кириллович,прапорщик,1,18
Лебедев Иван Максимович,полковник,11,59
Алексеев Олег Дмитриевич,рядовой,12,19
Павлов Илья Сергеевич,полковник,8,33
Новиков Константин Олегович,сержант,3,24
Морозов Матвей Кириллович,майор,4,57
Захаров Иван Романович,сержант,2,49
Фёдоров Андрей Павлович,рядовой,3,60
Попов Кирилл Александрович,майор,11,21
Петров Андрей Романович,капитан,4,49
Зайцев Юрий Романович,полковник,9,23
Павлов Илья Романович,рядовой,11,20
Попов Андрей Юрьевич,майор,5,18
Орлов Евгений Юрьевич,прапорщик,11,49
Андреев Евгений Михайлович,полковник,3,32
Морозов Максим Дмитриевич,майор,3,45
Новиков Алексей Сергеевич,майор,5,55
Кузнецов Степан Никитич,рядовой,7,32
Борисов Юрий Михайлович,прапорщик,8,47
Николаев Павел Алексеевич,лейтенант,11,57
Алексеев Константин Ильич,капитан,11,27
Иванов Матвей Иванович,полковник,2,41
Макаров Олег Викторович,рядовой,5,40
Соловьёв Юрий Ильич,майор,12,32
Иванов Михаил Кириллович,прапорщик,10,35
Павлов Сергей Иванович,капитан,9,50
Зайцев Андрей Павлович,капитан,8,36
Новиков Илья Кириллович,майор,8,31
Смирнов Кирилл Александрович,сержант,10,19
Соколов Александр Дмитриевич,капитан,2,18
Соколов Константин Максимович,рядовой,2,59
Новиков Александр Юрьевич,прапорщик,6,54
Лебедев Степан Олегович,сержант,2,44
Яковлев Артём Михайлович,капитан,5,36
Соколов Дмитрий Романович,сержант,5,34
Яковлев Олег Юрьевич,прапорщик,6,19
Захаров Евгений Андреевич,сержант,9,27
Егоров Олег Сергеевич,лейтенант,2,32
Лебедев Олег Максимович,капитан,6,50
Павлов Александр Юрьевич,сержант,3,49
Смирнов Михаил Павлович,сержант,6,39
Новиков Андрей Никитич,лейтенант,9,44
Васильев Олег Викторович,сержант,1,31
Соловьёв Алексей Ильич,капитан,4,27
Никитин Андрей Юрьевич,рядовой,5,57
Михайлов Илья Андреевич,лейтенант,12,36
Иванов Алексей Павлович,прапорщик,6,53
Фёдоров Константин Алексеевич,прапорщик,6,53
Яковлев Дмитрий Алексеевич,сержант,12,33
Смирнов Александр Сергеевич,капитан,6,59
Михайлов Степан Александрович,полковник,6,23
Михайлов Илья Алексеевич,лейтенант,4,49
Николаев Кирилл Дмитриевич,капитан,10,34
Орлов Кирилл Юрьевич,рядовой,9,59
Никитин Максим Ильич,полковник,3,36
Никитин Дмитрий Олегович,сержант,2,36
Алексеев Сергей Кириллович,сержант,6,34
Лебедев Артём Кириллович,лейтенант,1,28
Соловьёв Никита Романович,прапорщик,12,43
Васильев Михаил Сергеевич,прапорщик,2,59
Морозов Иван Викторович,майор,2,53
Петров Иван Михайлович,капитан,3,27
Никитин Виктор Ильич,капитан,7,44
Морозов Андрей Иванович,майор,2,58
Михайлов Сергей Александрович,капитан,3,46
Михайлов Никита Викторович,прапорщик,6,44
Морозов Павел Андреевич,прапорщик,1,49
Алексеев Артём Кириллович,лейтенант,12,32
Алексеев Михаил Ильич,прапорщик,4,49
Смирнов Алексей Сергеевич,прапорщик,7,33
Петров Денис Дмитриевич,майор,1,56
Фёдоров Евгений Ильич,полковник,1,34
Попов Степан Павлович,сержант,3,33
Сидоров Дмитрий Алексеевич,лейтенант,6,38
Семёнов Михаил Юрьевич,прапорщик,11,36
Степанов Артём Павлович,лейтенант,8,32
Фёдоров Андрей Сергеевич,лейтенант,1,51
Соколов Михаил Дмитриевич,сержант,9,55
Лебедев Кирилл Александрович,капитан,4,55
Васильев Кирилл Павлович,прапорщик,8,56
Яковлев Артём Иванович,сержант,10,39
Соловьёв Роман Алексеевич,полковник,2,38
Новиков Андрей Олегович,сержант,7,47
Соловьёв Максим Алексеевич,лейтенант,12,48
Петров Максим Ильич,лейтенант,2,55
Сидоров Егор Павлович,лейтенант,4,29
Захаров Андрей Сергеевич,майор,12,59
Лебедев Олег Викторович,прапорщик,10,35
Захаров Максим Никитич,прапорщик,8,48
Макаров Алексей Александрович,полковник,5,39
Соколов Илья Викторович,майор,7,55
Захаров Иван Сергеевич,майор,7,26
Лебедев Роман Андреевич,полковник,5,33
Козлов Егор Дмитриевич,полковник,7,32
Петров Дмитрий Викторович,капитан,9,29
Васильев Юрий Ильич,майор,12,53
Козлов Максим Юрьевич,капитан,8,31
Орлов Олег Иванович,полковник,7,32
Степанов Алексей Максимович,рядовой,9,47
Павлов Сергей Павлович,сержант,7,59
Соловьёв Павел Юрьевич,лейтенант,4,39
Макаров Виктор Сергеевич,рядовой,6,58
Степанов Иван Ильич,прапорщик,5,44
Егоров Никита Александрович,рядовой,10,36
Лебедев Константин Михайлович,лейтенант,11,55
Попов Павел Кириллович,полковник,11,43
Никитин Олег Сергеевич,лейтенант,7,27
Яковлев Юрий Дмитриевич,капитан,8,54
Борисов Андрей Павлович,капитан,7,32
Николаев Егор Юрьевич,лейтенант,7,32
Степанов Роман Павлович,сержант,6,26
Семёнов Илья Павлович,рядовой,1,46
Морозов Матвей Александрович,прапорщик,1,59
Павлов Кирилл Сергеевич,майор,4,50
Соколов Евгений Дмитриевич,рядовой,2,47
Фёдоров Андрей Андреевич,рядовой,11,48
Степанов Александр Юрьевич,лейтенант,11,55
Орлов Евгений Павлович,рядовой,9,29
Морозов Егор Максимович,лейтенант,7,34
Петров Алексей Александрович,сержант,9,19
Кузнецов Алексей Алексеевич,майор,5,36
Зайцев Роман Олегович,рядовой,12,44
Фёдоров Максим Юрьевич,майор,6,53
Алексеев Роман Олегович,сержант,7,40
Семёнов Дмитрий Никитич,сержант,9,51
Васильев Артём Алексеевич,сержант,11,51
Михайлов Александр Сергеевич,сержант,7,56
Сидоров Иван Павлович,полковник,5,54
Павлов Матвей Викторович,лейтенант,5,28
Лебедев Артём Романович,капитан,9,34
Петров Виктор Викторович,рядовой,12,38
Новиков Иван Андреевич,рядовой,10,26
Алексеев Кирилл Павлович,майор,6,27
Козлов Егор Викторович,майор,10,34
Борисов Денис Сергеевич,капитан,10,22
Андреев Егор Олегович,капитан,1,49
Соколов Юрий Сергеевич,майор,1,19
Яковлев Максим Викторович,капитан,8,48
Кочергин Роман Дмитриевич,рядовой,3,28
Иванов Александр Кириллович,майор,12,45
Новиков Андрей Ильич,капитан,3,26
Соколов Никита Романович,сержант,3,19
Степанов Михаил Сергеевич,сержант,5,39
Николаев Юрий Павлович,сержант,11,58
Смирнов Андрей Александрович,сержант,6,34
Зайцев Олег Александрович,капитан,5,24
Сидоров Артём Павлович,прапорщик,5,40
Попов Никита Романович,рядовой,8,42
Фёдоров Егор Кириллович,лейтенант,5,56
Фёдоров Александр Алексеевич,лейтенант,3,50
Яковлев Константин Юрьевич,прапорщик,11,49
Кузнецов Дмитрий Ильич,майор,2,36
Андреев Артём Александрович,лейтенант,2,37
Соколов Алексей Иванович,капитан,10,57
Новиков Иван Дмитриевич,капитан,11,55
Зайцев Александр Олегович,капитан,10,53
Смирнов Степан Андреевич,сержант,8,22
Петров Кирилл Никитич,капитан,1,49
Смирнов Виктор Сергеевич,сержант,11,45
Михайлов Егор Дмитриевич,лейтенант,12,52
Борисов Евгений Викторович,капитан,6,52
Яковлев Александр Ильич,капитан,2,27
Николаев Иван Юрьевич,капитан,1,39
Васильев Виктор Юрьевич,прапорщик,2,50
Андреев Константин Романович,сержант,12,34
Попов Павел Викторович,майор,1,32
Козлов Иван Юрьевич,сержант,4,50
Иванов Александр Михайлович,рядовой,5,60
Зайцев Артём Алексеевич,майор,12,44
Макаров Виктор Никитич,майор,5,25
Захаров Александр Михайлович,полковник,3,31
Зайцев Андрей Александрович,рядовой,12,53
Кочергин Матвей Павлович,сержант,12,30
Соколов Кирилл Юрьевич,капитан,2,57
Соколов Михаил Алексеевич,рядовой,2,36
Лебедев Олег Никитич,лейтенант,8,38
Соловьёв Денис Кириллович,сержант,12,38
Сидоров Юрий Михайлович,рядовой,6,44
Сидоров Иван Ильич,полковник,2,29
Михайлов Илья Андреевич,рядовой,12,55
Лебедев Павел Андреевич,прапорщик,8,43
Смирнов Иван Михайлович,рядовой,4,38
Николаев Юрий Ильич,майор,1,20
Никитин Никита Павлович,капитан,5,25
Соловьёв Иван Андреевич,лейтенант,4,35
Петров Роман Юрьевич,полковник,6,34
Смирнов Илья Алексеевич,лейтенант,4,18
Яковлев Виктор Сергеевич,полковник,6,21
Яковлев Степан Андреевич,сержант,10,50
Васильев Дмитрий Андреевич,сержант,2,32
Васильев Иван Александрович,прапорщик,11,38
Захаров Юрий Дмитриевич,сержант,11,50
Алексеев Александр Юрьевич,сержант,10,37
Васильев Дмитрий Олегович,сержант,9,47
Васильев Кирилл Романович,рядовой,3,54
Морозов Сергей Викторович,майор,11,27
Павлов Никита Романович,капитан,7,49
Степанов Илья Сергеевич,лейтенант,1,59
Кузнецов Денис Олегович,сержант,12,36
Павлов Иван Олегович,полковник,6,43
Яковлев Сергей Андреевич,капитан,1,44
Степанов Матвей Романович,полковник,3,25
Смирнов Дмитрий Романович,сержант,2,43
Соловьёв Сергей Романович,лейтенант,7,48
Андреев Степан Романович,капитан,8,24
Васильев Кирилл Максимович,рядовой,3,56
Кузнецов Олег Максимович,рядовой,5,28
Соловьёв Артём Романович,майор,3,34
Лебедев Константин Павлович,прапорщик,12,40
Новиков Матвей Дмитриевич,полковник,9,38
Фёдоров Кирилл Романович,капитан,9,58
Никитин Юрий Дмитриевич,лейтенант,10,21
Новиков Илья Юрьевич,капитан,9,52
Степанов Павел Никитич,капитан,11,52
Соловьёв Михаил Михайлович,полковник,1,43
Петров Андрей Павлович,капитан,1,54
Николаев Матвей Никитич,рядовой,6,59
Кузнецов Сергей Александрович,сержант,1,49
Лебедев Денис Ильич,рядовой,9,50
Борисов Максим Романович,сержант,1,28
Козлов Илья Ильич,сержант,7,47
Лебедев Дмитрий Иванович,сержант,10,49
Козлов Андрей Иванович,сержант,9,37
Смирнов Юрий Андреевич,полковник,12,46
Козлов Олег Сергеевич,полковник,4,27
Морозов Илья Кириллович,сержант,12,40
Егоров Степан Михайлович,полковник,11,19
Новиков Максим Олегович,сержант,8,35
Попов Андрей Сергеевич,сержант,11,25
Сидоров Никита Никитич,майор,5,37
Николаев Евгений Иванович,рядовой,3,37
Никитин Егор Максимович,рядовой,11,22
Кочергин Степан Максимович,рядовой,8,24
Соколов Денис Юрьевич,майор,10,49
Соколов Александр Романович,рядовой,12,37
Николаев Роман Александрович,лейтенант,4,49
Попов Дмитрий Никитич,рядовой,4,58
Попов Виктор Никитич,рядовой,5,37
Яковлев Александр Сергеевич,сержант,2,46
Павлов Никита Олегович,майор,11,31
Борисов Олег Никитич,сержант,7,22
Михайлов Никита Иванович,полковник,1,23
Попов Константин Александрович,прапорщик,4,23
Яковлев Алексей Олегович,капитан,7,45
Лебедев Иван Иванович,лейтенант,5,43
Борисов Константин Ильич,лейтенант,4,31
Никитин Андрей Дмитриевич,капитан,5,51
Макаров Сергей Олегович,капитан,6,30
Сидоров Павел Александрович,майор,9,48
Зайцев Дмитрий Максимович,полковник,5,42
Смирнов Евгений Юрьевич,рядовой,11,28
Семёнов Юрий Кириллович,капитан,3,35
Захаров Роман Викторович,капитан,4,23
Новиков Юрий Павлович,прапорщик,3,39
Никитин Александр Алексеевич,сержант,3,34
Николаев Артём Олегович,полковник,10,45
Соловьёв Олег Никитич,майор,11,46
Орлов Денис Ильич,сержант,4,49
Попов Кирилл Алексеевич,капитан,3,59
Сидоров Илья Кириллович,сержант,5,18
Яковлев Роман Максимович,капитан,7,57
Николаев Михаил Павлович,рядовой,6,43
Козлов Андрей Викторович,прапорщик,6,19
Яковлев Матвей Олегович,капитан,6,60
Егоров Алексей Павлович,рядовой,7,55
Смирнов Артём Михайлович,сержант,11,51
Орлов Максим Андреевич,полковник,6,53
Яковлев Дмитрий Алексеевич,прапорщик,7,28
Сидоров Константин Викторович,прапорщик,8,45
Петров Михаил Никитич,рядовой,5,27
Михайлов Сергей Никитич,сержант,12,44
Фёдоров Роман Андреевич,лейтенант,2,43
Петров Кирилл Павлович,прапорщик,4,19
Борисов Александр Викторович,сержант,5,47
Борисов Роман Павлович,майор,1,40
Никитин Юрий Ильич,рядовой,4,57
Андреев Денис Ильич,лейтенант,5,48
Кочергин Роман Кириллович,лейтенант,8,48
Яковлев Алексей Никитич,полковник,12,29
Борисов Кирилл Алексеевич,лейтенант,9,37
Захаров Юрий Максимович,сержант,9,60
Семёнов Олег Олегович,полковник,2,26
Никитин Евгений Андреевич,лейтенант,2,28
Михайлов Юрий Викторович,лейтенант,10,54
Степанов Михаил Максимович,капитан,5,20
Алексеев Юрий Сергеевич,сержант,8,40
Кочергин Максим Александрович,прапорщик,1,53
Алексеев Денис Ильич,сержант,6,51
Яковлев Роман Михайлович,капитан,2,19
Кочергин Алексей Михайлович,лейтенант,2,42
Морозов Роман Ильич,майор,12,52
Макаров Егор Романович,рядовой,3,19
Фёдоров Кирилл Сергеевич,прапорщик,3,50
Иванов Денис Олегович,полковник,5,47
Никитин Денис Александрович,рядовой,7,55
Кочергин Андрей Александрович,майор,3,60
Соколов Артём Павлович,сержант,8,19
Кочергин Матвей Кириллович,майор,9,22
Васильев Денис Романович,лейтенант,12,26
Яковлев Артём Романович,прапорщик,4,41
Николаев Максим Алексеевич,капитан,1,37
Морозов Степан Олегович,сержант,12,53
Морозов Константин Иванович,сержант,5,21
Фёдоров Дмитрий Дмитриевич,прапорщик,6,23
Макаров Александр Павлович,майор,7,44
Иванов Матвей Дмитриевич,капитан,6,54
Попов Олег Михайлович,сержант,10,58
Николаев Евгений Максимович,прапорщик,9,58
Егоров Илья Алексеевич,сержант,6,49
Петров Алексей Сергеевич,рядовой,7,52
Макаров Роман Павлович,майор,1,28
Зайцев Степан Алексеевич,капитан,2,34
Степанов Евгений Павлович,прапорщик,7,60
Козлов Виктор Сергеевич,полковник,12,48
Павлов Сергей Иванович,прапорщик,11,53
Андреев Артём Павлович,полковник,2,22
Фёдоров Илья Кириллович,сержант,7,42
Никитин Олег Никитич,прапорщик,10,30
Новиков Иван Никитич,сержант,1,32
Новиков Олег Андреевич,лейтенант,8,53
Макаров Кирилл Романович,полковник,7,45
Макаров Максим Сергеевич,полковник,6,40
Кочергин Степан Максимович,лейтенант,1,56
Кочергин Михаил Дмитриевич,прапорщик,8,50
Семёнов Егор Олегович,рядовой,12,22
Семёнов Степан Алексеевич,майор,10,42
Соловьёв Сергей Никитич,майор,11,48
Соколов Александр Викторович,прапорщик,9,19
Кузнецов Иван Юрьевич,майор,12,26
Борисов Денис Ильич,рядовой,2,55
Борисов Константин Олегович,капитан,10,37
Кочергин Матвей Андреевич,рядовой,8,36
Соловьёв Матвей Павлович,прапорщик,9,55
Яковлев Юрий Михайлович,сержант,9,45
Павлов Михаил Никитич,полковник,4,53
Иванов Виктор Павлович,капитан,5,24
Зайцев Михаил Иванович,лейтенант,10,40
Морозов Иван Ильич,капитан,2,39
Николаев Егор Викторович,капитан,10,48
Николаев Андрей Максимович,прапорщик,7,23
Васильев Олег Александрович,сержант,11,32
Соловьёв Алексей Юрьевич,полковник,7,31
Степанов Максим Павлович,майор,11,57
Новиков Константин Юрьевич,сержант,10,46
Кочергин Евгений Викторович,майор,12,42
Морозов Павел Олегович,прапорщик,8,24
Павлов Максим Юрьевич,прапорщик,4,35
Петров Павел Олегович,рядовой,11,54
Борисов Олег Викторович,полковник,11,40
Смирнов Максим Юрьевич,прапорщик,7,31
Зайцев Михаил Михайлович,рядовой,7,21
Кузнецов Сергей Дмитриевич,капитан,2,42
Зайцев Алексей Олегович,капитан,7,57
Алексеев Денис Алексеевич,полковник,8,50
Андреев Илья Ильич,сержант,3,42
Яковлев Артём Юрьевич,сержант,2,54
Алексеев Евгений Алексеевич,прапорщик,4,44
Козлов Евгений Максимович,полковник,3,20
Петров Егор Юрьевич,капитан,12,57
Лебедев Алексей Олегович,лейтенант,2,41
Алексеев Павел Максимович,майор,5,47
Захаров Александр Максимович,сержант,10,52
Васильев Виктор Михайлович,майор,6,36
Сидоров Роман Михайлович,лейтенант,1,49
Орлов Сергей Иванович,рядовой,1,45
Николаев Юрий Павлович,прапорщик,3,53
Фёдоров Артём Дмитриевич,рядовой,5,38
Морозов Денис Павлович,капитан,6,57
Попов Андрей Андреевич,полковник,3,21
Иванов Роман Иванович,майор,11,57
Борисов Денис Викторович,прапорщик,11,25
Новиков Кирилл Андреевич,майор,1,23
Егоров Виктор Александрович,сержант,5,27
Иванов Юрий Павлович,майор,9,47
Соловьёв Алексей Максимович,лейтенант,1,35
Зайцев Егор Олегович,капитан,8,59
Захаров Александр Сергеевич,полковник,8,57
Кочергин Андрей Сергеевич,рядовой,7,48
Смирнов Андрей Кириллович,рядовой,5,42
Андреев Никита Кириллович,лейтенант,6,56
Степанов Степан Александрович,майор,12,58
Макаров Сергей Олегович,майор,7,40
Павлов Виктор Сергеевич,полковник,4,45
Захаров Егор Алексеевич,сержант,3,20
Павлов Роман Максимович,майор,1,26
Смирнов Илья Александрович,майор,12,41
Иванов Павел Павлович,полковник,4,56
Козлов Кирилл Юрьевич,капитан,4,36
Егоров Степан Максимович,майор,5,43
Иванов Виктор Андреевич,прапорщик,12,46
Новиков Александр Викторович,капитан,12,37
Яковлев Артём Никитич,прапорщик,5,25
Орлов Иван Иванович,лейтенант,7,42
Сидоров Константин Павлович,сержант,2,32
Попов Илья Алексеевич,капитан,6,18
Смирнов Виктор Юрьевич,полковник,7,23
Петров Артём Андреевич,полковник,2,43
Фёдоров Евгений Александрович,капитан,8,27
Кочергин Виктор Юрьевич,майор,1,39
Орлов Максим Сергеевич,капитан,4,51
Павлов Артём Дмитриевич,капитан,1,35
Фёдоров Олег Максимович,лейтенант,11,48
Зайцев Алексей Максимович,капитан,4,18
Михайлов Андрей Дмитриевич,рядовой,9,41
Козлов Дмитрий Иванович,сержант,8,32
Смирнов Максим Викторович,лейтенант,6,44
Семёнов Алексей Алексеевич,прапорщик,2,28
Егоров Роман Романович,майор,1,33
Соловьёв Евгений Никитич,рядовой,1,24
Орлов Павел Иванович,полковник,10,56
Николаев Юрий Алексеевич,сержант,3,34
Козлов Алексей Михайлович,прапорщик,5,19
Андреев Роман Олегович,рядовой,6,54
Николаев Алексей Андреевич,сержант,1,55
Семёнов Роман Михайлович,полковник,9,42
Сидоров Степан Ильич,майор,9,28
Морозов Никита Сергеевич,прапорщик,4,29
Захаров Максим Сергеевич,майор,8,28
Михайлов Матвей Павлович,майор,1,40
Сидоров Евгений Алексеевич,рядовой,9,58
Петров Степан Олегович,рядовой,8,50
Иванов Евгений Юрьевич,рядовой,4,39
Соколов Евгений Никитич,лейтенант,4,27
Михайлов Андрей Дмитриевич,майор,6,47
Петров Илья Олегович,прапорщик,10,41
Козлов Алексей Романович,лейтенант,1,49
Макаров Алексей Юрьевич,полковник,11,54
Попов Константин Александрович,майор,5,45
Макаров Павел Максимович,полковник,2,46
Кузнецов Максим Кириллович,лейтенант,1,29
Андреев Егор Максимович,лейтенант,8,23
Кочергин Юрий Юрьевич,сержант,8,21
Кузнецов Андрей Никитич,рядовой,1,28
Алексеев Алексей Сергеевич,рядовой,9,31
Иванов Степан Ильич,полковник,3,19
Никитин Павел Максимович,прапорщик,12,32
Николаев Сергей Кириллович,капитан,5,22
Захаров Никита Кириллович,рядовой,11,22
Андреев Евгений Алексеевич,сержант,1,48
Зайцев Илья Максимович,сержант,10,47
Кузнецов Павел Юрьевич,полковник,3,51
Лебедев Иван Максимович,сержант,12,20
Новиков Андрей Кириллович,капитан,8,60
Кочергин Евгений Александрович,майор,10,18
Иванов Денис Викторович,капитан,7,36
Попов Юрий Викторович,лейтенант,12,20
Степанов Иван Иванович,сержант,6,33
Зайцев Павел Максимович,сержант,9,38
Соловьёв Михаил Максимович,сержант,2,47
Николаев Олег Михайлович,прапорщик,9,59
Фёдоров Юрий Сергеевич,полковник,10,40
Михайлов Кирилл Алексеевич,майор,4,31
Михайлов Кирилл Дмитриевич,сержант,6,53
Николаев Евгений Иванович,полковник,6,22
Иванов Евгений Андреевич,майор,2,46
Смирнов Александр Викторович,прапорщик,9,38
Соколов Максим Романович,капитан,11,56
Алексеев Михаил Павлович,майор,1,53
Макаров Иван Андреевич,полковник,6,34
Семёнов Денис Юрьевич,прапорщик,4,50
Никитин Степан Сергеевич,майор,8,45
Павлов Илья Иванович,сержант,3,35
Семёнов Евгений Максимович,полковник,12,25
Иванов Виктор Сергеевич,полковник,7,27
Смирнов Константин Юрьевич,прапорщик,5,44
Козлов Артём Максимович,лейтенант,9,23
Захаров Юрий Иванович,майор,11,22
Кочергин Михаил Сергеевич,майор,10,19
Семёнов Дмитрий Михайлович,прапорщик,6,25
Степанов Юрий Павлович,прапорщик,10,29
Соколов Александр Павлович,майор,7,22
Соловьёв Константин Александрович,рядовой,8,59
Михайлов Евгений Никитич,сержант,6,28
Михайлов Егор Викторович,рядовой,10,31
Петров Роман Никитич,полковник,8,30
Андреев Павел Александрович,полковник,9,48
Морозов Артём Романович,капитан,11,54
Павлов Артём Алексеевич,майор,5,31
Фёдоров Виктор Иванович,рядовой,4,30
Соколов Максим Олегович,майор,10,41
Яковлев Кирилл Ильич,сержант,4,29
Михайлов Егор Кириллович,прапорщик,6,25
Алексеев Константин Юрьевич,капитан,9,30
Орлов Денис Юрьевич,лейтенант,3,21
Новиков Илья Юрьевич,полковник,2,50
Егоров Степан Михайлович,сержант,8,25
Макаров Роман Олегович,прапорщик,7,36
Яковлев Матвей Иванович,майор,4,56
Соловьёв Алексей Михайлович,рядовой,4,35
Семёнов Егор Павлович,прапорщик,12,41
Андреев Кирилл Никитич,рядовой,7,43
Егоров Константин Никитич,сержант,6,31
Попов Евгений Ильич,лейтенант,10,32
Иванов Олег Александрович,рядовой,2,59
Орлов Степан Юрьевич,сержант,2,59
Васильев Павел Ильич,майор,1,28
Петров Юрий Александрович,полковник,6,45
Николаев Олег Романович,лейтенант,3,60
Васильев Степан Олегович,майор,2,44
Макаров Дмитрий Максимович,капитан,7,22
Козлов Сергей Кириллович,полковник,12,45
Орлов Кирилл Дмитриевич,майор,7,55
Фёдоров Степан Дмитриевич,полковник,6,22
Егоров Михаил Дмитриевич,прапорщик,11,49
Яковлев Денис Кириллович,прапорщик,1,33
Захаров Сергей Никитич,капитан,8,36
Сидоров Роман Кириллович,сержант,3,51
Фёдоров Матвей Олегович,полковник,4,32
Алексеев Егор Александрович,полковник,3,32
Фёдоров Андрей Максимович,лейтенант,11,54
Орлов Андрей Сергеевич,рядовой,9,29
Павлов Павел Максимович,сержант,1,38
Сидоров Александр Андреевич,лейтенант,2,57
Иванов Матвей Максимович,прапорщик,8,58
Козлов Егор Дмитриевич,майор,6,42
Кузнецов Илья Ильич,рядовой,10,34
Лебедев Павел Викторович,лейтенант,9,51
Фёдоров Кирилл Ильич,прапорщик,11,42
Захаров Кирилл Романович,капитан,3,57
Фёдоров Кирилл Павлович,полковник,4,48
Васильев Илья Кириллович,рядовой,1,32
Макаров Александр Михайлович,лейтенант,2,42
Орлов Роман Андреевич,сержант,5,59
Попов Матвей Кириллович,майор,11,20
Смирнов Андрей Максимович,капитан,5,18
Никитин Александр Сергеевич,рядовой,3,55
Морозов Андрей Дмитриевич,лейтенант,11,50
Смирнов Степан Юрьевич,майор,11,36
Смирнов Михаил Павлович,прапорщик,7,44
Николаев Илья Викторович,рядовой,8,20
Николаев Кирилл Кириллович,майор,11,48
Васильев Иван Иванович,рядовой,5,33
Морозов Илья Романович,прапорщик,12,34
Алексеев Алексей Андреевич,сержант,11,52
Борисов Юрий Никитич,лейтенант,7,42
Петров Дмитрий Юрьевич,прапорщик,10,18
Козлов Максим Андреевич,лейтенант,2,56
Соколов Матвей Сергеевич,прапорщик,2,37
Смирнов Степан Иванович,капитан,5,21
Петров Михаил Павлович,прапорщик,7,18
Павлов Кирилл Павлович,капитан,6,35
Орлов Кирилл Романович,лейтенант,12,54
Зайцев Иван Викторович,прапорщик,6,45
Яковлев Максим Алексеевич,сержант,5,19
Петров Максим Романович,сержант,3,57
Иванов Михаил Александрович,майор,2,40
Иванов Денис Олегович,сержант,10,35
Попов Александр Сергеевич,сержант,12,24
Лебедев Андрей Алексеевич,рядовой,10,37
Соколов Кирилл Алексеевич,сержант,1,51
Яковлев Андрей Никитич,полковник,2,56
Павлов Олег Иванович,лейтенант,8,50
Семёнов Артём Никитич,рядовой,11,33
Лебедев Андрей Ильич,рядовой,12,47
Соколов Никита Юрьевич,рядовой,11,31
Кочергин Максим Викторович,лейтенант,5,54
Семёнов Евгений Иванович,сержант,12,41
Яковлев Алексей Романович,капитан,6,33
Захаров Никита Романович,майор,12,57
Козлов Никита Сергеевич,прапорщик,5,24
Новиков Илья Олегович,рядовой,5,33
Павлов Денис Андреевич,прапорщик,4,18
Павлов Евгений Никитич,капитан,7,20
Алексеев Кирилл Сергеевич,прапорщик,5,27
Морозов Юрий Дмитриевич,капитан,11,42
Козлов Артём Кириллович,полковник,8,39
Андреев Денис Дмитриевич,рядовой,6,40
Иванов Евгений Александрович,полковник,7,30
Козлов Никита Никитич,прапорщик,5,40
Иванов Олег Романович,майор,11,59
Попов Константин Павлович,прапорщик,4,48
Петров Кирилл Юрьевич,лейтенант,12,50
Борисов Дмитрий Иванович,полковник,7,53
Соколов Никита Дмитриевич,прапорщик,2,51
Соколов Кирилл Никитич,рядовой,3,47
Морозов Матвей Михайлович,майор,8,21
Смирнов Кирилл Алексеевич,капитан,6,19
Соколов Олег Ильич,лейтенант,10,33
Кочергин Степан Кириллович,прапорщик,1,27
Борисов Сергей Сергеевич,рядовой,5,40
Новиков Павел Дмитриевич,майор,11,58
Новиков Роман Александрович,лейтенант,6,30
Яковлев Михаил Ильич,рядовой,10,45
Алексеев Егор Ильич,прапорщик,10,25
Алексеев Роман Дмитриевич,прапорщик,12,38
Семёнов Иван Ильич,полковник,12,54
Петров Кирилл Иванович,прапорщик,11,36
Васильев Егор Алексеевич,полковник,4,30
Сидоров Константин Ильич,рядовой,12,27
Орлов Максим Дмитриевич,капитан,2,25
Орлов Дмитрий Ильич,капитан,8,48
Васильев Степан Александрович,рядовой,8,49
Захаров Степан Сергеевич,полковник,10,43
Павлов Иван Александрович,майор,7,42
Алексеев Евгений Никитич,сержант,4,23
Алексеев Никита Дмитриевич,капитан,9,31
Соколов Степан Максимович,майор,3,49
Кузнецов Михаил Дмитриевич,рядовой,5,21
Морозов Михаил Ильич,капитан,4,35
Кочергин Константин Михайлович,лейтенант,11,33
Егоров Михаил Кириллович,капитан,6,31
Соловьёв Денис Алексеевич,прапорщик,12,51
Иванов Максим Романович,полковник,4,60
Яковлев Матвей Никитич,капитан,7,27
Соловьёв Александр Дмитриевич,сержант,3,32
Петров Алексей Александрович,рядовой,12,56
Кузнецов Роман Павлович,рядовой,2,49
Соколов Евгений Иванович,прапорщик,12,41
Морозов Матвей Дмитриевич,прапорщик,2,58
Павлов Максим Викторович,полковник,11,42
Яковлев Максим Никитич,сержант,7,44
Кузнецов Михаил Никитич,сержант,7,49
Семёнов Юрий Александрович,полковник,5,58
Никитин Юрий Максимович,рядовой,1,50
Петров Дмитрий Алексеевич,майор,7,35
Степанов Сергей Ильич,прапорщик,11,55
Семёнов Кирилл Иванович,лейтенант,5,26
Морозов Андрей Юрьевич,прапорщик,12,31
Сидоров Иван Юрьевич,полковник,10,22
Иванов Матвей Кириллович,лейтенант,3,40
Алексеев Матвей Павлович,сержант,4,49
Васильев Кирилл Ильич,полковник,5,52
Павлов Константин Максимович,капитан,1,19
Никитин Александр Александрович,сержант,5,29
Иванов Максим Андреевич,лейтенант,8,42
Захаров Александр Павлович,лейтенант,3,41
Орлов Павел Иванович,полковник,8,52
Семёнов Михаил Никитич,рядовой,2,26
Макаров Евгений Никитич,капитан,5,29
Сидоров Денис Алексеевич,полковник,8,34
Никитин Олег Андреевич,рядовой,12,57
Михайлов Дмитрий Никитич,полковник,8,53
Макаров Павел Максимович,сержант,7,48
Смирнов Егор Максимович,майор,7,51
Новиков Павел Максимович,майор,3,42
Соловьёв Илья Андреевич,лейтенант,10,37
Сидоров Михаил Иванович,майор,6,18
Козлов Иван Кириллович,полковник,4,30
Борисов Дмитрий Юрьевич,рядовой,4,50
Попов Юрий Михайлович,полковник,3,55
Павлов Матвей Андреевич,лейтенант,1,36
Степанов Иван Кириллович,прапорщик,5,37
Зайцев Роман Ильич,полковник,11,36
Кочергин Кирилл Юрьевич,прапорщик,10,45
Соловьёв Никита Сергеевич,сержант,2,23
Иванов Максим Иванович,сержант,3,22
Соловьёв Олег Максимович,прапорщик,10,40
Павлов Степан Максимович,сержант,4,45
Захаров Степан Олегович,лейтенант,1,50
Орлов Степан Алексеевич,сержант,3,33
Морозов Сергей Максимович,сержант,11,55
Фёдоров Юрий Алексеевич,сержант,6,34
Козлов Виктор Никитич,прапорщик,8,19
Васильев Максим Юрьевич,лейтенант,9,60
Смирнов Дмитрий Максимович,полковник,11,31
Зайцев Алексей Михайлович,лейтенант,1,48
Васильев Дмитрий Сергеевич,прапорщик,2,35
Попов Илья Викторович,прапорщик,8,35
Андреев Никита Михайлович,полковник,6,59
Смирнов Иван Кириллович,полковник,11,30
Иванов Максим Олегович,прапорщик,12,34
Зайцев Евгений Викторович,лейтенант,6,46
Егоров Максим Иванович,майор,10,22
Алексеев Роман Иванович,прапорщик,11,23
Захаров Иван Андреевич,полковник,9,42
Михайлов Андрей Максимович,полковник,4,45
Петров Сергей Юрьевич,полковник,2,37
Семёнов Алексей Алексеевич,полковник,11,26
Степанов Юрий Никитич,прапорщик,4,24
Козлов Роман Романович,рядовой,7,36
Захаров Михаил Сергеевич,капитан,11,18
Захаров Никита Михайлович,полковник,1,19
Егоров Никита Кириллович,капитан,12,18
Орлов Виктор Михайлович,полковник,3,19
Никитин Иван Павлович,майор,2,57
Козлов Дмитрий Викторович,капитан,9,55
Алексеев Никита Максимович,сержант,2,24
Павлов Денис Александрович,полковник,11,51
Лебедев Евгений Максимович,прапорщик,8,34
Андреев Павел Сергеевич,лейтенант,8,22
Алексеев Никита Олегович,лейтенант,1,54
Егоров Егор Олегович,лейтенант,9,52
Фёдоров Сергей Олегович,капитан,3,19
Васильев Степан Иванович,сержант,11,51
Морозов Иван Никитич,полковник,1,22
Соловьёв Никита Никитич,майор,2,60
Морозов Александр Павлович,капитан,10,53
Фёдоров Максим Сергеевич,капитан,9,59
Сидоров Максим Павлович,майор,8,52
Семёнов Артём Михайлович,капитан,1,53
Никитин Никита Сергеевич,майор,5,57
Борисов Роман Олегович,лейтенант,6,47
Орлов Сергей Павлович,капитан,6,36
Иванов Андрей Ильич,рядовой,4,36
Попов Виктор Павлович,капитан,4,57
Николаев Виктор Павлович,капитан,10,40
Лебедев Сергей Кириллович,полковник,11,58
Степанов Матвей Викторович,рядовой,1,24
Алексеев Степан Никитич,прапорщик,2,58
Кузнецов Алексей Михайлович,майор,1,29
Соколов Евгений Викторович,полковник,9,57
Орлов Артём Дмитриевич,сержант,9,25
Борисов Михаил Викторович,лейтенант,1,35
Иванов Павел Павлович,полковник,12,29
Макаров Егор Андреевич,капитан,3,27
Морозов Павел Иванович,сержант,8,45
Попов Сергей Александрович,майор,10,53
Соловьёв Матвей Ильич,сержант,12,46
Кузнецов Иван Андреевич,полковник,1,45
Кочергин Иван Иванович,прапорщик,10,59
Иванов Матвей Юрьевич,сержант,1,33
Лебедев Никита Кириллович,лейтенант,5,41
Захаров Юрий Дмитриевич,капитан,12,51
Васильев Александр Павлович,капитан,3,54
Михайлов Евгений Сергеевич,полковник,8,21
Михайлов Павел Олегович,лейтенант,3,55
Новиков Андрей Викторович,майор,10,23
Яковлев Павел Максимович,лейтенант,4,46
Андреев Константин Александрович,рядовой,5,46
Кузнецов Александр Алексеевич,майор,12,51
Яковлев Степан Алексеевич,сержант,10,46
Козлов Денис Александрович,полковник,9,46
Семёнов Дмитрий Максимович,прапорщик,11,28
Борисов Михаил Алексеевич,прапорщик,5,33
Сидоров Дмитрий Андреевич,капитан,10,31
Захаров Андрей Сергеевич,рядовой,4,43
Семёнов Олег Михайлович,полковник,1,20
Козлов Алексей Романович,полковник,11,34
Кузнецов Денис Александрович,полковник,10,50
Васильев Сергей Сергеевич,капитан,1,33
Никитин Кирилл Ильич,рядовой,8,24
Новиков Степан Ильич,рядовой,6,37
Морозов Александр Андреевич,лейтенант,11,40
Орлов Константин Павлович,капитан,6,53
Смирнов Константин Юрьевич,прапорщик,9,53
Орлов Юрий Никитич,лейтенант,11,46
Михайлов Степан Андреевич,сержант,4,28
Захаров Степан Павлович,прапорщик,3,39
Иванов Михаил Олегович,прапорщик,8,23
Яковлев Юрий Юрьевич,прапорщик,3,42
Морозов Степан Никитич,рядовой,7,45
Захаров Максим Андреевич,прапорщик,6,19
Сидоров Максим Олегович,майор,1,24
Попов Олег Михайлович,майор,2,53
Смирнов Сергей Олегович,рядовой,8,43
Попов Сергей Александрович,капитан,7,57
Николаев Алексей Олегович,майор,3,23
Кочергин Степан Михайлович,лейтенант,3,19
Попов Дмитрий Павлович,сержант,2,37
Сидоров Дмитрий Андреевич,прапорщик,5,31
Попов Павел Иванович,майор,5,18
Орлов Матвей Олегович,полковник,9,42
Новиков Андрей Павлович,майор,2,49
Попов Кирилл Викторович,полковник,3,49
Орлов Артём Максимович,капитан,9,54
Семёнов Дмитрий Олегович,рядовой,5,35
Кочергин Андрей Александрович,сержант,8,36
Яковлев Михаил Иванович,лейтенант,2,54
Степанов Максим Олегович,майор,8,30
Новиков Юрий Андреевич,полковник,11,22
Михайлов Андрей Максимович,рядовой,5,19
Лебедев Олег Максимович,полковник,4,45
Орлов Роман Никитич,капитан,3,55
Иванов Денис Дмитриевич,сержант,9,32
Соловьёв Павел Никитич,сержант,8,25
Соловьёв Илья Михайлович,сержант,5,49
Петров Егор Никитич,майор,11,54
Кузнецов Андрей Андреевич,прапорщик,12,46
Захаров Сергей Олегович,майор,5,21
Захаров Александр Михайлович,полковник,9,54
Морозов Алексей Михайлович,рядовой,5,32
Николаев Кирилл Иванович,лейтенант,5,44
Яковлев Роман Ильич,капитан,8,23
Зайцев Евгений Дмитриевич,полковник,2,26
Макаров Дмитрий Павлович,сержант,4,40
Яковлев Денис Иванович,майор,10,57
Андреев Денис Михайлович,капитан,8,38
Борисов Роман Викторович,прапорщик,7,35
Кочергин Виктор Олегович,лейтенант,7,43
Яковлев Иван Михайлович,капитан,12,23
Соколов Михаил Сергеевич,лейтенант,10,35
Яковлев Александр Ильич,сержант,5,27
Попов Сергей Олегович,майор,5,40
Васильев Юрий Андреевич,полковник,11,36
Макаров Михаил Андреевич,рядовой,5,43
Смирнов Александр Александрович,прапорщик,10,50
Васильев Никита Дмитриевич,полковник,1,39
Зайцев Евгений Сергеевич,полковник,10,53
Васильев Егор Иванович,рядовой,5,43
Козлов Дмитрий Романович,капитан,11,23
Павлов Илья Юрьевич,лейтенант,6,31
Степанов Иван Дмитриевич,рядовой,6,47
Павлов Артём Михайлович,рядовой,1,52
Петров Денис Иванович,рядовой,10,39
Петров Виктор Ильич,прапорщик,5,41
Смирнов Артём Олегович,прапорщик,1,26
Макаров Юрий Никитич,сержант,12,27
Андреев Дмитрий Романович,капитан,6,18
Васильев Сергей Андреевич,полковник,12,24
Морозов Никита Иванович,капитан,10,41
Козлов Алексей Михайлович,рядовой,10,46
Смирнов Егор Павлович,прапорщик,6,31
Кочергин Дмитрий Сергеевич,капитан,2,24
Николаев Денис Александрович,сержант,3,53
Петров Виктор Кириллович,сержант,12,40
Васильев Степан Ильич,лейтенант,2,36
Михайлов Юрий Сергеевич,лейтенант,10,27
Зайцев Максим Олегович,прапорщик,2,37
Зайцев Степан Сергеевич,полковник,2,24
Соловьёв Михаил Олегович,капитан,8,29
Кочергин Сергей Сергеевич,лейтенант,4,48
Иванов Алексей Сергеевич,прапорщик,4,52
Зайцев Кирилл Иванович,рядовой,4,41
Фёдоров Олег Павлович,лейтенант,4,23
Васильев Виктор Сергеевич,сержант,2,30
Захаров Максим Алексеевич,прапорщик,4,34
Андреев Виктор Павлович,лейтенант,12,42
Кузнецов Константин Сергеевич,сержант,12,42
Попов Максим Романович,сержант,10,35
Соловьёв Кирилл Александрович,полковник,7,18
Сидоров Михаил Олегович,майор,2,26
Иванов Никита Михайлович,капитан,9,36
Михайлов Иван Иванович,сержант,10,30
Алексеев Дмитрий Александрович,лейтенант,5,51
Смирнов Артём Ильич,прапорщик,4,31
Андреев Илья Олегович,капитан,5,22
Соловьёв Иван Иванович,рядовой,9,19
Орлов Александр Викторович,майор,6,42
Морозов Степан Андреевич,прапорщик,6,34
Егоров Илья Олегович,капитан,12,42
Сидоров Андрей Ильич,майор,6,51
Семёнов Константин Александрович,прапорщик,1,48
Захаров Артём Дмитриевич,майор,12,56
Петров Денис Андреевич,капитан,5,51
Фёдоров Роман Кириллович,лейтенант,7,43
Лебедев Артём Сергеевич,сержант,10,43
Макаров Алексей Павлович,сержант,4,52
Козлов Иван Романович,прапорщик,8,19
Смирнов Виктор Максимович,сержант,2,36
Васильев Юрий Иванович,капитан,12,30
Борисов Константин Кириллович,капитан,5,28
Борисов Иван Алексеевич,капитан,12,27
Яковлев Степан Сергеевич,полковник,6,44
Морозов Константин Павлович,рядовой,5,21
Попов Степан Викторович,прапорщик,5,47
Лебедев Александр Павлович,прапорщик,9,23
Васильев Илья Романович,лейтенант,9,28
Степанов Павел Андреевич,прапорщик,12,36
Яковлев Андрей Кириллович,прапорщик,1,43
Павлов Евгений Никитич,сержант,10,33
Козлов Илья Павлович,рядовой,7,27
Соловьёв Егор Ильич,капитан,12,27
Соколов Константин Сергеевич,капитан,3,55
Новиков Денис Юрьевич,прапорщик,6,34
Захаров Матвей Олегович,майор,11,18
Соловьёв Артём Сергеевич,майор,11,52
Алексеев Евгений Павлович,прапорщик,10,29
Семёнов Константин Никитич,капитан,2,58
Попов Константин Олегович,прапорщик,6,36
Егоров Андрей Викторович,лейтенант,2,54
Макаров Матвей Максимович,майор,2,57
Макаров Павел Михайлович,рядовой,12,32
Кочергин Михаил Никитич,майор,8,48
Попов Павел Сергеевич,рядовой,9,50
Новиков Михаил Дмитриевич,майор,2,34
Лебедев Юрий Александрович,капитан,3,30
Сидоров Виктор Павлович,рядовой,8,59
Кузнецов Матвей Андреевич,майор,11,51
Михайлов Юрий Михайлович,майор,3,46
Смирнов Олег Александрович,прапорщик,6,38
Степанов Максим Алексеевич,капитан,10,54
Морозов Сергей Алексеевич,рядовой,11,48
Борисов Михаил Никитич,полковник,8,41
Алексеев Илья Павлович,прапорщик,2,50
Васильев Денис Александрович,прапорщик,8,20
Андреев Алексей Ильич,полковник,8,25
Николаев Юрий Алексеевич,прапорщик,1,42
Захаров Евгений Алексеевич,рядовой,12,26
Иванов Илья Иванович,капитан,2,33
Никитин Константин Викторович,капитан,11,39
Сидоров Константин Олегович,майор,3,34
Морозов Андрей Михайлович,рядовой,6,41
Егоров Павел Викторович,сержант,4,41
Степанов Максим Романович,полковник,6,28
Соловьёв Алексей Андреевич,капитан,8,48
Захаров Дмитрий Алексеевич,прапорщик,11,55
Захаров Степан Никитич,прапорщик,9,38
Яковлев Никита Никитич,сержант,3,20
Фёдоров Михаил Викторович,сержант,10,25
Попов Константин Павлович,лейтенант,4,33
Николаев Матвей Кириллович,лейтенант,1,58
Алексеев Артём Андреевич,сержант,1,18
Николаев Максим Викторович,рядовой,10,40
Морозов Денис Олегович,сержант,3,56
Борисов Матвей Сергеевич,лейтенант,7,26
Сидоров Матвей Олегович,майор,8,35
Захаров Степан Павлович,сержант,8,36
Зайцев Денис Дмитриевич,сержант,11,19
Васильев Егор Павлович,сержант,9,45
Орлов Юрий Дмитриевич,сержант,7,58
Егоров Иван Сергеевич,майор,8,39
Яковлев Евгений Михайлович,рядовой,6,32
Никитин Максим Олегович,прапорщик,9,38
Попов Алексей Юрьевич,лейтенант,12,25
Лебедев Алексей Викторович,прапорщик,7,21
Иванов Илья Никитич,рядовой,1,41
Соловьёв Степан Алексеевич,полковник,9,46
Иванов Илья Иванович,рядовой,8,23
Козлов Павел Михайлович,майор,12,54
Лебедев Кирилл Романович,рядовой,1,56
Семёнов Дмитрий Олегович,прапорщик,11,34
Петров Юрий Юрьевич,майор,2,58
Попов Виктор Романович,сержант,5,44
Смирнов Сергей Романович,полковник,6,58
Фёдоров Алексей Михайлович,майор,1,26
Лебедев Степан Алексеевич,рядовой,2,41
Павлов Максим Сергеевич,сержант,1,50
Николаев Илья Иванович,сержант,2,22
Никитин Егор Романович,майор,11,25
Морозов Андрей Андреевич,полковник,4,34
Фёдоров Дмитрий Олегович,рядовой,11,48
Захаров Максим Ильич,лейтенант,7,42
Захаров Иван Александрович,майор,9,21
Кочергин Александр Олегович,рядовой,6,21
Андреев Егор Никитич,рядовой,6,24
Сидоров Степан Кириллович,сержант,9,35
Иванов Юрий Сергеевич,майор,5,35
Петров Иван Александрович,прапорщик,4,51
Козлов Артём Романович,сержант,2,47
Васильев Андрей Никитич,лейтенант,2,40
Борисов Виктор Иванович,сержант,3,36
Николаев Юрий Максимович,рядовой,4,34
Сидоров Михаил Сергеевич,сержант,7,53
Козлов Андрей Павлович,прапорщик,9,32
Фёдоров Олег Алексеевич,лейтенант,4,52
Васильев Олег Олегович,полковник,9,52
Фёдоров Егор Александрович,майор,7,57
Михайлов Никита Павлович,капитан,11,35
Лебедев Дмитрий Ильич,рядовой,10,41
Семёнов Павел Олегович,прапорщик,10,24
Попов Олег Кириллович,капитан,12,34
Соловьёв Кирилл Михайлович,капитан,4,18
Лебедев Олег Никитич,прапорщик,8,50
Михайлов Кирилл Дмитриевич,майор,3,32
Петров Денис Юрьевич,рядовой,5,59
Кочергин Никита Дмитриевич,майор,11,27
Павлов Егор Александрович,полковник,2,22
Егоров Илья Викторович,лейтенант,10,22
Петров Евгений Максимович,полковник,9,56
Павлов Сергей Кириллович,лейтенант,9,21
Смирнов Сергей Дмитриевич,прапорщик,8,18
Егоров Олег Михайлович,прапорщик,12,34
Михайлов Никита Кириллович,полковник,11,26
Морозов Роман Юрьевич,сержант,2,22
Козлов Виктор Романович,рядовой,2,18
Козлов Кирилл Иванович,майор,11,26
Кочергин Матвей Андреевич,рядовой,7,39
Морозов Максим Никитич,полковник,7,29
Орлов Александр Александрович,рядовой,9,50
Павлов Евгений Юрьевич,майор,7,37
Макаров Сергей Никитич,сержант,8,46
Попов Алексей Алексеевич,капитан,6,38
Алексеев Павел Ильич,рядовой,5,54
Соколов Матвей Никитич,капитан,9,22
Макаров Дмитрий Юрьевич,сержант,3,47
Алексеев Юрий Максимович,капитан,11,56
Макаров Дмитрий Кириллович,лейтенант,8,46
Соколов Максим Сергеевич,рядовой,3,38
Андреев Артём Викторович,майор,6,55
Соколов Артём Романович,капитан,6,25
Андреев Матвей Максимович,майор,5,54
Михайлов Дмитрий Александрович,лейтенант,5,45
Соловьёв Денис Андреевич,сержант,10,47
Никитин Константин Максимович,рядовой,9,50
Кузнецов Сергей Дмитриевич,лейтенант,7,20
Фёдоров Виктор Иванович,прапорщик,9,60
Николаев Виктор Викторович,полковник,1,34
Кузнецов Матвей Кириллович,майор,8,47
Алексеев Павел Олегович,лейтенант,12,33
Кузнецов Матвей Михайлович,капитан,7,42
Иванов Денис Александрович,сержант,9,58
Семёнов Артём Юрьевич,полковник,3,31
