fullName,rank,companyNumber,age
Павлов Александр Иванович,лейтенант,2,27
Смирнов Роман Олегович,сержант,10,42
Орлов Роман Алексеевич,лейтенант,4,34
Попов Евгений Дмитриевич,майор,5,28
Кочергин Степан Романович,майор,11,36
Новиков Роман Александрович,майор,11,58
Андреев Виктор Павлович,капитан,9,54
Фёдоров Евгений Кириллович,сержант,2,57
Сидоров Виктор Кириллович,сержант,12,20
Яковлев Кирилл Никитич,сержант,2,48
Степанов Никита Ильич,прапорщик,12,52
Никитин Матвей Олегович,прапорщик,6,18
Новиков Михаил Олегович,сержант,5,19
Соловьёв Михаил Никитич,рядовой,7,31
Сидоров Егор Павлович,полковник,5,24
Семёнов Дмитрий Дмитриевич,рядовой,4,32
Лебедев Павел Александрович,прапорщик,8,35
Захаров Андрей Сергеевич,сержант,12,20
Алексеев Виктор Павлович,рядовой,6,50
Иванов Юрий Романович,лейтенант,10,18
Никитин Андрей Сергеевич,майор,8,21
Егоров Евгений Александрович,лейтенант,3,35
Кузнецов Дмитрий Юрьевич,прапорщик,4,19
Никитин Степан Викторович,полковник,8,27
Кузнецов Роман Олегович,полковник,7,46
Соколов Кирилл Романович,полковник,9,45
Петров Максим Романович,майор,1,20
Егоров Матвей Романович,полковник,5,54
Сидоров Юрий Никитич,майор,7,40
Сидоров Егор Юрьевич,полковник,10,28
Смирнов Андрей Викторович,рядовой,12,56
Соловьёв Никита Андреевич,лейтенант,2,48
Смирнов Евгений Олегович,лейтенант,1,60
Козлов Егор Кириллович,полковник,12,48
Кузнецов Александр Максимович,полковник,7,34
Павлов Олег Романович,прапорщик,8,23
Соколов Илья Андреевич,майор,6,53
Сидоров Юрий Олегович,сержант,5,53
Борисов Максим Кириллович,рядовой,1,37
Орлов Илья Павлович,сержант,6,59
Яковлев Роман Сергеевич,майор,6,33
Макаров Олег Кириллович,рядовой,6,53
Захаров Максим Юрьевич,майор,7,28
Яковлев Михаил Александрович,прапорщик,7,42
Сидоров Александр Максимович,рядовой,7,22
Козлов Матвей Максимович,полковник,7,23
Егоров Константин Ильич,майор,3,54
Андреев Степан Олегович,прапорщик,4,45
Кочергин Сергей Никитич,прапорщик,1,60
Сидоров Степан Максимович,капитан,8,53
Морозов Дмитрий Кириллович,полковник,8,37
Никитин Юрий Ильич,лейтенант,11,22
Попов Никита Максимович,прапорщик,3,60
Орлов Юрий Павлович,рядовой,9,56
Орлов Максим Андреевич,прапорщик,2,38
Зайцев Юрий Алексеевич,рядовой,3,23
Захаров Олег Кириллович,полковник,4,52
Лебедев Артём Александрович,рядовой,11,42
Петров Илья Алексеевич,полковник,9,55
Лебедев Константин Иванович,лейтенант,4,47
Макаров Иван Иванович,лейтенант,12,58
Яковлев Михаил Сергеевич,рядовой,9,55
Соловьёв Михаил Иванович,сержант,1,48
Кузнецов Никита Михайлович,майор,1,30
Семёнов Роман Михайлович,капитан,5,23
Васильев Илья Александрович,капитан,9,34
Макаров Никита Иванович,сержант,12,26
Зайцев Матвей Романович,прапорщик,10,34
Захаров Андрей Алексеевич,капитан,6,22
Михайлов Максим Кириллович,полковник,7,30
Кузнецов Матвей Романович,капитан,7,24
Соколов Артём Ильич,майор,4,18
Морозов Егор Сергеевич,полковник,11,32
Смирнов Максим Сергеевич,майор,11,33
Семёнов Андрей Ильич,майор,7,48
Андреев Юрий Дмитриевич,капитан,3,25
Васильев Матвей Алексеевич,майор,3,22
Зайцев Сергей Максимович,рядовой,9,55
Иванов Павел Ильич,майор,12,21
Егоров Денис Ильич,сержант,4,20
Степанов Олег Максимович,сержант,9,59
Степанов Максим Олегович,полковник,1,28
Иванов Евгений Андреевич,капитан,10,44
Орлов Виктор Сергеевич,капитан,2,35
Соколов Артём Романович,майор,9,44
Попов Степан Кириллович,прапорщик,9,53
Иванов Матвей Викторович,лейтенант,11,55
Алексеев Евгений Дмитриевич,лейтенант,7,53
Семёнов Павел Дмитриевич,сержант,5,36
Алексеев Кирилл Михайлович,сержант,4,59
Морозов Павел Павлович,прапорщик,9,35
Иванов Юрий Алексеевич,майор,8,19
Борисов Андрей Дмитриевич,полковник,8,41
Михайлов Андрей Андреевич,майор,5,53
Козлов Степан Дмитриевич,рядовой,5,47
Кочергин Степан Ильич,полковник,7,30
Николаев Виктор Сергеевич,прапорщик,10,43
Морозов Евгений Павлович,лейтенант,11,51
Макаров Сергей Михайлович,рядовой,4,35
Павлов Кирилл Романович,прапорщик,6,33
Алексеев Иван Ильич,майор,3,44
Васильев Артём Михайлович,прапорщик,11,46
Петров Евгений Максимович,рядовой,8,40
Зайцев Павел Павлович,лейтенант,2,36
Новиков Виктор Олегович,лейтенант,6,51
Орлов Кирилл Дмитриевич,капитан,12,56
Захаров Юрий Иванович,лейтенант,2,21
Семёнов Дмитрий Павлович,рядовой,2,34
Соловьёв Александр Алексеевич,сержант,11,31
Зайцев Олег Романович,полковник,10,44
Иванов Роман Иванович,капитан,6,40
Попов Алексей Иванович,рядовой,10,60
Новиков Михаил Ильич,лейтенант,1,35
Павлов Евгений Никитич,капитан,11,43
Макаров Максим Сергеевич,лейтенант,5,38
Лебедев Никита Викторович,лейтенант,9,26
Алексеев Олег Ильич,полковник,7,56
Андреев Виктор Александрович,майор,1,50
Козлов Виктор Юрьевич,сержант,11,21
Соколов Егор Иванович,капитан,12,20
Лебедев Иван Михайлович,лейтенант,8,34
Васильев Артём Никитич,рядовой,10,47
Петров Никита Романович,прапорщик,1,25
Андреев Виктор Ильич,сержант,4,36
Соловьёв Илья Максимович,полковник,8,26
Орлов Денис Никитич,капитан,7,32
Смирнов Евгений Иванович,сержант,12,34
Иванов Андрей Павлович,рядовой,11,21
Смирнов Никита Романович,полковник,3,42
Васильев Алексей Ильич,рядовой,1,46
Андреев Евгений Романович,лейтенант,8,50
Андреев Степан Никитич,лейтенант,3,20
Морозов Михаил Андреевич,рядовой,12,23
Сидоров Евгений Олегович,лейтенант,9,29
Семёнов Алексей Павлович,сержант,12,37
Петров Максим Максимович,прапорщик,10,46
Захаров Юрий Викторович,майор,5,24
Павлов Максим Андреевич,лейтенант,2,59
Морозов Сергей Ильич,полковник,2,55
Михайлов Евгений Алексеевич,майор,9,53
Никитин Андрей Викторович,лейтенант,12,32
Михайлов Артём Михайлович,лейтенант,4,41
Лебедев Сергей Павлович,майор,9,30
Фёдоров Кирилл Юрьевич,сержант,8,36
Фёдоров Иван Сергеевич,прапорщик,12,46
Попов Иван Михайлович,майор,12,47
Степанов Артём Сергеевич,майор,11,56
Павлов Александр Викторович,рядовой,3,33
Васильев Егор Викторович,капитан,2,27
Макаров Сергей Романович,прапорщик,5,28
Зайцев Илья Викторович,сержант,10,55
Лебедев Иван Александрович,прапорщик,11,24
Михайлов Юрий Романович,капитан,9,44
Сидоров Артём Павлович,прапорщик,4,27
Соколов Матвей Дмитриевич,лейтенант,4,26
Борисов Евгений Викторович,лейтенант,6,39
Михайлов Евгений Никитич,рядовой,1,36
Кузнецов Максим Александрович,полковник,11,56
Козлов Денис Романович,лейтенант,7,18
Сидоров Виктор Павлович,майор,7,60
Кочергин Виктор Викторович,капитан,4,55
Козлов Алексей Юрьевич,капитан,11,30
Кочергин Олег Дмитриевич,полковник,12,49
Козлов Евгений Дмитриевич,майор,10,49
Макаров Виктор Алексеевич,полковник,1,49
Орлов Павел Кириллович,майор,4,51
Сидоров Александр Сергеевич,полковник,4,43
Борисов Андрей Михайлович,рядовой,9,30
Сидоров Константин Романович,полковник,11,27
Андреев Юрий Павлович,прапорщик,7,48
Новиков Кирилл Романович,лейтенант,12,30
Макаров Алексей Андреевич,майор,12,39
Иванов Матвей Никитич,майор,7,47
Макаров Евгений Никитич,капитан,9,18
Никитин Матвей Романович,прапорщик,8,36
Попов Александр Александрович,сержант,9,54
Макаров Андрей Кириллович,прапорщик,4,60
Лебедев Сергей Никитич,полковник,3,36
Васильев Виктор Дмитриевич,полковник,2,33
Яковлев Иван Алексеевич,майор,5,56
Попов Степан Никитич,полковник,1,54
Кочергин Константин Олегович,прапорщик,8,32
Егоров Виктор Романович,сержант,11,47
Фёдоров Сергей Алексеевич,сержант,1,49
Кузнецов Максим Романович,полковник,10,52
Николаев Дмитрий Романович,лейтенант,1,29
Яковлев Алексей Андреевич,прапорщик,8,59
Петров Илья Алексеевич,майор,12,23
Соколов Артём Викторович,капитан,1,21
Кочергин Степан Никитич,рядовой,10,44
Михайлов Андрей Кириллович,капитан,6,38
Морозов Дмитрий Викторович,майор,10,30
Попов Александр Дмитриевич,майор,12,51
Кузнецов Виктор Андреевич,полковник,5,35
Орлов Юрий Сергеевич,сержант,1,58
Кочергин Сергей Александрович,капитан,6,38
Орлов Денис Дмитриевич,прапорщик,2,55
Васильев Егор Михайлович,рядовой,7,35
Смирнов Матвей Сергеевич,рядовой,9,26
Попов Алексей Никитич,рядовой,4,60
Андреев Алексей Иванович,рядовой,2,19
Кузнецов Илья Алексеевич,сержант,12,28
Макаров Сергей Ильич,капитан,10,58
Орлов Андрей Романович,полковник,9,25
Новиков Алексей Юрьевич,сержант,6,20
Попов Андрей Сергеевич,майор,5,57
Сидоров Роман Максимович,рядовой,12,23
Степанов Павел Романович,сержант,11,27
Сидоров Александр Романович,капитан,8,50
Николаев Михаил Алексеевич,полковник,11,52
Сидоров Михаил Кириллович,майор,6,25
Андреев Олег Никитич,майор,12,25
Степанов Павел Викторович,капитан,9,23
Семёнов Егор Кириллович,рядовой,11,24
Степанов Олег Сергеевич,рядовой,6,35
Захаров Артём Сергеевич,полковник,7,46
Петров Максим Никитич,рядовой,1,37
Орлов Степан Андреевич,полковник,1,44
Михайлов Виктор Иванович,лейтенант,3,59
Николаев Александр Александрович,капитан,9,30
Николаев Алексей Юрьевич,сержант,7,41
Кузнецов Олег Ильич,капитан,8,26
Морозов Олег Андреевич,рядовой,12,58
Фёдоров Роман Иванович,лейтенант,12,47
Степанов Юрий Сергеевич,полковник,7,46
Зайцев Максим Андреевич,лейтенант,10,37
Захаров Кирилл Александрович,рядовой,4,19
Морозов Павел Викторович,сержант,6,30
Соколов Олег Алексеевич,прапорщик,11,55
Лебедев Дмитрий Викторович,майор,4,19
Кочергин Степан Олегович,полковник,9,50
Семёнов Степан Олегович,полковник,2,54
Попов Дмитрий Андреевич,полковник,12,27
Павлов Юрий Иванович,прапорщик,1,35
Иванов Андрей Павлович,полковник,2,45
Соловьёв Роман Михайлович,прапорщик,11,21
Смирнов Никита Олегович,майор,11,26
Попов Никита Михайлович,капитан,2,57
Никитин Александр Олегович,рядовой,5,39
Зайцев Олег Алексеевич,майор,8,53
Сидоров Михаил Юрьевич,рядовой,6,60
Макаров Егор Никитич,капитан,8,24
Зайцев Денис Андреевич,капитан,2,28
Кочергин Павел Сергеевич,прапорщик,4,32
Михайлов Матвей Кириллович,сержант,9,37
Зайцев Артём Александрович,капитан,11,26
Алексеев Константин Викторович,капитан,9,59
Васильев Артём Сергеевич,рядовой,12,29
Яковлев Дмитрий Романович,майор,3,20
Николаев Матвей Павлович,прапорщик,6,57
Егоров Александр Ильич,прапорщик,5,21
Фёдоров Степан Иванович,лейтенант,6,57
Зайцев Матвей Максимович,капитан,8,34
Андреев Илья Иванович,рядовой,5,36
Никитин Юрий Никитич,полковник,12,54
Макаров Андрей Александрович,капитан,6,35
Фёдоров Матвей Михайлович,капитан,2,29
Никитин Евгений Ильич,рядовой,2,46
Борисов Юрий Никитич,капитан,5,35
Яковлев Андрей Алексеевич,полковник,9,33
Кузнецов Константин Романович,майор,9,47
Соловьёв Михаил Андреевич,лейтенант,10,44
Макаров Илья Александрович,полковник,5,57
Соловьёв Никита Романович,рядовой,10,37
Лебедев Степан Павлович,майор,5,22
Борисов Егор Ильич,капитан,9,28
Егоров Виктор Максимович,рядовой,12,39
Макаров Павел Алексеевич,прапорщик,2,28
Смирнов Сергей Никитич,лейтенант,3,33
Смирнов Максим Олегович,лейтенант,6,41
Кочергин Илья Олегович,полковник,4,18
Петров Виктор Никитич,полковник,11,30
Васильев Никита Дмитриевич,рядовой,6,43
Зайцев Михаил Александрович,лейтенант,11,58
Морозов Никита Павлович,капитан,5,23
Михайлов Роман Викторович,сержант,6,57
Кузнецов Юрий Ильич,майор,11,57
Кочергин Андрей Иванович,полковник,8,47
Михайлов Юрий Сергеевич,майор,7,25
Захаров Егор Иванович,лейтенант,11,43
Никитин Никита Викторович,лейтенант,5,18
Кочергин Артём Кириллович,лейтенант,6,39
Егоров Роман Сергеевич,лейтенант,2,23
Петров Егор Олегович,лейтенант,10,42
Степанов Илья Алексеевич,прапорщик,10,59
Алексеев Андрей Кириллович,прапорщик,5,30
Алексеев Константин Алексеевич,капитан,6,23
Морозов Егор Алексеевич,майор,9,31
Семёнов Константин Никитич,лейтенант,8,58
Новиков Максим Юрьевич,майор,4,32
Андреев Илья Олегович,майор,1,25
Петров Денис Олегович,лейтенант,7,20
Морозов Артём Никитич,майор,6,20
Васильев Никита Сергеевич,лейтенант,11,60
Орлов Матвей Никитич,капитан,12,52
Николаев Олег Дмитриевич,майор,11,43
Смирнов Евгений Никитич,лейтенант,5,53
Захаров Денис Павлович,рядовой,9,60
Морозов Иван Павлович,прапорщик,7,19
Васильев Роман Ильич,майор,3,36
Кузнецов Степан Олегович,лейтенант,3,27
Семёнов Сергей Андреевич,рядовой,8,32
Алексеев Роман Романович,лейтенант,7,47
Соколов Константин Дмитриевич,лейтенант,11,20
Яковлев Денис Алексеевич,лейтенант,11,49
Никитин Алексей Ильич,лейтенант,6,46
Алексеев Максим Михайлович,лейтенант,12,45
Алексеев Матвей Юрьевич,майор,2,44
Михайлов Александр Алексеевич,сержант,7,25
Андреев Виктор Андреевич,полковник,4,34
Соловьёв Павел Михайлович,полковник,6,46
Попов Кирилл Михайлович,капитан,2,47
Алексеев Кирилл Алексеевич,лейтенант,2,37
Захаров Евгений Максимович,рядовой,10,56
Борисов Никита Юрьевич,капитан,2,53
Соколов Артём Александрович,лейтенант,1,32
Николаев Илья Сергеевич,прапорщик,7,44
Семёнов Александр Романович,сержант,4,59
Зайцев Виктор Дмитриевич,капитан,6,23
Степанов Степан Ильич,капитан,11,42
Петров Роман Павлович,майор,3,37
Степанов Степан Иванович,лейтенант,12,54
Сидоров Максим Дмитриевич,полковник,4,18
Павлов Павел Викторович,полковник,6,51
Кочергин Артём Александрович,прапорщик,1,36
Никитин Кирилл Сергеевич,лейтенант,2,43
Кочергин Олег Сергеевич,сержант,1,43
Васильев Никита Никитич,капитан,6,30
Козлов Егор Максимович,майор,1,36
Захаров Евгений Александрович,капитан,9,18
Фёдоров Олег Юрьевич,прапорщик,11,55
Егоров Юрий Юрьевич,прапорщик,9,34
Захаров Дмитрий Алексеевич,прапорщик,10,33
Егоров Иван Максимович,полковник,4,52
Степанов Константин Андреевич,лейтенант,10,32
Фёдоров Виктор Никитич,полковник,5,35
Фёдоров Степан Александрович,прапорщик,12,46
Яковлев Артём Дмитриевич,рядовой,10,56
Фёдоров Андрей Павлович,рядовой,5,40
Захаров Виктор Викторович,майор,9,28
Зайцев Михаил Иванович,майор,11,43
Алексеев Илья Олегович,сержант,1,40
Смирнов Андрей Максимович,лейтенант,4,46
Степанов Павел Олегович,сержант,2,47
Соколов Артём Ильич,полковник,9,40
Кочергин Степан Кириллович,лейтенант,10,58
Фёдоров Иван Дмитриевич,майор,12,58
Борисов Дмитрий Сергеевич,прапорщик,11,20
Зайцев Юрий Кириллович,прапорщик,4,25
Соловьёв Егор Андреевич,капитан,3,30
Макаров Никита Павлович,сержант,2,33
Михайлов Артём Кириллович,прапорщик,8,23
Никитин Алексей Александрович,прапорщик,8,37
Степанов Андрей Максимович,сержант,11,52
Алексеев Александр Павлович,капитан,3,51
Степанов Иван Андреевич,полковник,11,60
Егоров Иван Дмитриевич,сержант,5,41
Кочергин Михаил Романович,полковник,4,25
Орлов Дмитрий Юрьевич,лейтенант,11,55
Андреев Дмитрий Юрьевич,рядовой,1,54
Кочергин Дмитрий Олегович,лейтенант,5,34
Соколов Олег Романович,полковник,10,32
Михайлов Матвей Юрьевич,рядовой,7,25
Соловьёв Матвей Олегович,сержант,4,42
Иванов Егор Максимович,рядовой,12,23
Соловьёв Илья Алексеевич,сержант,2,29
Васильев Александр Кириллович,лейтенант,8,28
Алексеев Евгений Никитич,лейтенант,4,20
Павлов Максим Олегович,капитан,1,30
Фёдоров Александр Ильич,майор,12,35
Кузнецов Дмитрий Павлович,сержант,9,57
Фёдоров Евгений Александрович,прапорщик,3,36
Борисов Степан Романович,полковник,2,58
Сидоров Виктор Олегович,капитан,12,53
Макаров Илья Алексеевич,рядовой,2,37
Захаров Илья Павлович,лейтенант,9,40
Егоров Иван Кириллович,сержант,12,34
Кочергин Роман Юрьевич,лейтенант,12,43
Егоров Андрей Ильич,рядовой,1,49
Васильев Денис Александрович,сержант,9,46
Захаров Денис Никитич,полковник,7,35
Соколов Евгений Романович,рядовой,9,51
Соловьёв Алексей Иванович,майор,8,19
Новиков Кирилл Романович,полковник,6,34
Попов Степан Кириллович,прапорщик,11,50
Павлов Денис Михайлович,сержант,2,21
Козлов Кирилл Кириллович,полковник,9,20
Морозов Михаил Викторович,полковник,10,59
Макаров Кирилл Кириллович,рядовой,2,51
Никитин Егор Дмитриевич,капитан,1,47
Морозов Юрий Кириллович,капитан,4,60
Андреев Павел Иванович,полковник,7,46
Никитин Егор Александрович,рядовой,12,34
Попов Денис Дмитриевич,капитан,9,33
Степанов Егор Романович,прапорщик,12,51
Борисов Олег Никитич,майор,4,31
Захаров Евгений Александрович,майор,6,31
Яковлев Егор Кириллович,прапорщик,8,58
Сидоров Юрий Павлович,лейтенант,9,20
Михайлов Иван Дмитриевич,прапорщик,11,37
Михайлов Матвей Андреевич,капитан,3,41
Егоров Алексей Михайлович,капитан,2,36
Павлов Александр Викторович,прапорщик,6,54
Попов Сергей Ильич,рядовой,12,20
Морозов Евгений Юрьевич,лейтенант,9,43
Захаров Константин Михайлович,полковник,7,22
Павлов Кирилл Максимович,лейтенант,6,49
Сидоров Кирилл Сергеевич,майор,8,53
Орлов Иван Никитич,полковник,11,25
Иванов Никита Павлович,лейтенант,4,26
Алексеев Алексей Михайлович,лейтенант,4,20
Попов Никита Юрьевич,капитан,12,44
Фёдоров Илья Романович,лейтенант,9,42
Алексеев Роман Викторович,сержант,7,19
Соколов Андрей Сергеевич,рядовой,11,28
Михайлов Никита Олегович,рядовой,6,35
Семёнов Константин Никитич,прапорщик,12,24
Павлов Виктор Иванович,рядовой,10,56
Алексеев Евгений Ильич,майор,3,48
Макаров Егор Андреевич,полковник,9,55
Николаев Дмитрий Андреевич,сержант,8,25
Иванов Матвей Олегович,рядовой,3,30
Соколов Юрий Александрович,прапорщик,8,33
Кузнецов Денис Алексеевич,сержант,5,30
Андреев Денис Романович,капитан,12,24
Смирнов Егор Андреевич,прапорщик,10,42
Яковлев Константин Викторович,рядовой,9,41
Сидоров Сергей Михайлович,майор,8,46
Лебедев Сергей Павлович,сержант,2,38
Степанов Артём Дмитриевич,капитан,7,27
Николаев Иван Павлович,полковник,2,23
Егоров Павел Максимович,капитан,3,53
Соколов Виктор Михайлович,полковник,12,35
Петров Андрей Олегович,майор,12,20
Орлов Евгений Кириллович,прапорщик,11,53
Борисов Степан Викторович,прапорщик,11,58
Васильев Матвей Никитич,рядовой,9,38
Никитин Степан Никитич,сержант,1,37
Степанов Матвей Михайлович,капитан,3,50
Семёнов Роман Викторович,майор,6,45
Лебедев Никита Кириллович,полковник,9,44
Алексеев Степан Максимович,прапорщик,6,59
Васильев Павел Андреевич,майор,5,23
Соловьёв Артём Ильич,лейтенант,4,30
Захаров Алексей Павлович,майор,5,21
Егоров Сергей Никитич,прапорщик,5,53
Козлов Дмитрий Андреевич,рядовой,9,36
Кузнецов Иван Кириллович,прапорщик,10,55
Смирнов Павел Андреевич,рядовой,6,48
Орлов Евгений Олегович,полковник,5,35
Андреев Евгений Алексеевич,капитан,7,23
Захаров Алексей Александрович,полковник,6,27
Орлов Евгений Викторович,рядовой,1,25
Козлов Дмитрий Павлович,сержант,5,45
Никитин Матвей Андреевич,рядовой,11,60
Захаров Андрей Андреевич,прапорщик,7,27
Михайлов Михаил Кириллович,лейтенант,7,27
Зайцев Константин Андреевич,майор,1,45
Алексеев Матвей Михайлович,прапорщик,7,59
Яковлев Олег Олегович,полковник,8,21
Яковлев Артём Викторович,рядовой,8,21
Сидоров Дмитрий Иванович,майор,6,48
Никитин Матвей Кириллович,капитан,9,26
Фёдоров Юрий Викторович,капитан,5,31
Лебедев Максим Сергеевич,лейтенант,11,22
Зайцев Виктор Иванович,полковник,12,59
Кочергин Константин Сергеевич,майор,2,48
Зайцев Степан Максимович,капитан,9,49
Захаров Никита Максимович,прапорщик,9,55
Захаров Сергей Олегович,сержант,4,56
Васильев Иван Михайлович,рядовой,9,59
Лебедев Максим Иванович,лейтенант,2,40
Соловьёв Роман Алексеевич,полковник,2,18
Петров Александр Михайлович,лейтенант,12,22
Захаров Павел Никитич,рядовой,7,59
Фёдоров Егор Романович,полковник,10,20
Захаров Дмитрий Ильич,лейтенант,1,52
Яковлев Егор Максимович,прапорщик,7,31
Козлов Максим Дмитриевич,сержант,8,58
Новиков Алексей Ильич,лейтенант,9,30
Лебедев Олег Олегович,сержант,4,25
Макаров Кирилл Юрьевич,рядовой,2,27
Кочергин Виктор Александрович,майор,6,44
Борисов Юрий Алексеевич,капитан,3,43
Кочергин Павел Алексеевич,сержант,7,26
Петров Сергей Кириллович,прапорщик,3,24
Михайлов Юрий Юрьевич,лейтенант,4,19
Кузнецов Юрий Павлович,сержант,9,25
Сидоров Степан Александрович,сержант,2,55
Кочергин Юрий Романович,сержант,6,55
Сидоров Артём Иванович,капитан,3,45
Соколов Денис Никитич,лейтенант,9,51
Соловьёв Юрий Андреевич,прапорщик,6,57
Борисов Сергей Юрьевич,капитан,2,31
Васильев Павел Сергеевич,полковник,8,27
Васильев Андрей Алексеевич,майор,4,57
Попов Юрий Викторович,прапорщик,5,23
Никитин Артём Юрьевич,рядовой,6,38
Новиков Михаил Александрович,полковник,6,37
Семёнов Никита Иванович,сержант,3,36
Смирнов Артём Олегович,полковник,10,20
Захаров Денис Дмитриевич,полковник,3,59
Новиков Павел Сергеевич,прапорщик,11,24
Иванов Юрий Юрьевич,полковник,2,48
Зайцев Степан Викторович,капитан,10,44
Семёнов Матвей Ильич,майор,7,18
Иванов Кирилл Романович,полковник,5,39
Семёнов Константин Никитич,сержант,8,41
Соколов Иван Ильич,лейтенант,4,28
Борисов Роман Иванович,сержант,8,27
Михайлов Михаил Михайлович,капитан,8,25
Попов Алексей Павлович,капитан,6,22
Новиков Олег Кириллович,лейтенант,10,28
Яковлев Дмитрий Дмитриевич,капитан,2,27
Морозов Юрий Иванович,сержант,5,21
Кузнецов Константин Юрьевич,рядовой,9,54
Морозов Илья Юрьевич,рядовой,7,60
Михайлов Дмитрий Максимович,сержант,8,35
Павлов Павел Павлович,полковник,8,53
Захаров Андрей Олегович,полковник,4,49
Кочергин Константин Андреевич,прапорщик,7,22
Иванов Никита Кириллович,рядовой,9,19
Новиков Виктор Никитич,полковник,8,56
Новиков Александр Романович,рядовой,12,38
Захаров Сергей Романович,капитан,5,56
Иванов Егор Дмитриевич,сержант,6,44
Николаев Алексей Викторович,рядовой,7,22
Иванов Виктор Иванович,рядовой,1,56
Смирнов Денис Сергеевич,капитан,11,41
Соколов Иван Андреевич,капитан,2,47
Семёнов Кирилл Александрович,капитан,10,53
Егоров Михаил Юрьевич,капитан,8,41
Орлов Артём Максимович,полковник,11,25
Морозов Михаил Романович,майор,2,44
Новиков Артём Кириллович,майор,11,55
Егоров Андрей Кириллович,лейтенант,8,18
Петров Павел Викторович,прапорщик,2,53
Павлов Егор Андреевич,полковник,9,49
Макаров Матвей Юрьевич,рядовой,10,52
Павлов Иван Алексеевич,майор,11,30
Петров Виктор Викторович,прапорщик,12,40
Зайцев Денис Олегович,полковник,11,24
Кочергин Никита Михайлович,рядовой,12,30
Зайцев Александр Дмитриевич,майор,10,31
Яковлев Алексей Алексеевич,рядовой,7,36
Кочергин Алексей Александрович,лейтенант,11,45
Семёнов Алексей Кириллович,лейтенант,2,55
Николаев Михаил Максимович,майор,1,29
Соловьёв Евгений Алексеевич,капитан,7,30
Макаров Евгений Александрович,сержант,7,37
Никитин Константин Андреевич,полковник,9,21
Соколов Максим Иванович,рядовой,11,28
Попов Егор Романович,майор,9,23
Андреев Иван Викторович,сержант,10,59
Николаев Алексей Иванович,лейтенант,9,30
Алексеев Илья Олегович,капитан,2,26
Соколов Александр Романович,майор,4,27
Зайцев Никита Андреевич,лейтенант,1,20
Сидоров Олег Максимович,капитан,11,24
Борисов Алексей Кириллович,рядовой,8,31
Егоров Евгений Дмитриевич,полковник,2,58
Кузнецов Алексей Максимович,сержант,5,58
Васильев Виктор Олегович,прапорщик,3,24
Петров Максим Дмитриевич,лейтенант,11,35
Фёдоров Алексей Дмитриевич,майор,6,21
Петров Павел Максимович,рядовой,10,58
Макаров Иван Сергеевич,прапорщик,9,19
Егоров Матвей Сергеевич,рядовой,12,22
Зайцев Никита Александрович,майор,12,37
Смирнов Алексей Алексеевич,майор,6,21
Зайцев Максим Сергеевич,сержант,9,47
Никитин Никита Дмитриевич,капитан,3,43
Лебедев Дмитрий Ильич,капитан,1,55
Семёнов Илья Александрович,лейтенант,10,55
Смирнов Михаил Кириллович,лейтенант,2,56
Сидоров Дмитрий Михайлович,прапорщик,2,37
Смирнов Кирилл Павлович,майор,9,50
Захаров Сергей Юрьевич,прапорщик,7,22
Петров Павел Иванович,капитан,4,36
Павлов Илья Романович,капитан,2,28
Лебедев Никита Кириллович,лейтенант,12,29
Новиков Денис Дмитриевич,прапорщик,3,32
Орлов Артём Никитич,лейтенант,6,18
Захаров Павел Максимович,лейтенант,9,30
Морозов Егор Ильич,майор,7,35
Зайцев Дмитрий Иванович,капитан,6,50
Павлов Максим Сергеевич,капитан,6,40
Лебедев Денис Максимович,лейтенант,1,46
Зайцев Иван Иванович,лейтенант,7,45
Яковлев Андрей Викторович,рядовой,1,42
Смирнов Дмитрий Никитич,сержант,1,33
Иванов Денис Ильич,майор,12,40
Соколов Степан Павлович,капитан,3,50
Сидоров Никита Викторович,капитан,1,18
Макаров Иван Павлович,рядовой,7,56
Иванов Дмитрий Романович,сержант,5,47
Фёдоров Никита Дмитриевич,майор,8,37
Егоров Сергей Михайлович,прапорщик,5,33
Никитин Павел Михайлович,прапорщик,7,56
Попов Роман Павлович,сержант,7,31
Степанов Матвей Сергеевич,капитан,12,51
Смирнов Юрий Кириллович,капитан,4,30
Михайлов Юрий Никитич,рядовой,6,39
Борисов Алексей Алексеевич,лейтенант,8,48
Орлов Иван Максимович,сержант,6,52
Степанов Константин Олегович,рядовой,7,19
Петров Максим Ильич,рядовой,2,33
Зайцев Виктор Юрьевич,капитан,8,22
Захаров Степан Юрьевич,майор,10,47
Орлов Юрий Алексеевич,капитан,4,21
Козлов Дмитрий Викторович,лейтенант,3,38
Павлов Михаил Дмитриевич,полковник,1,56
Николаев Александр Олегович,сержант,11,39
Иванов Павел Михайлович,лейтенант,12,42
Орлов Роман Александрович,прапорщик,1,44
Егоров Павел Александрович,полковник,3,41
Макаров Матвей Алексеевич,полковник,9,51
Никитин Константин Викторович,сержант,8,58
Павлов Кирилл Александрович,лейтенант,11,18
Михайлов Сергей Александрович,сержант,5,25
Алексеев Виктор Сергеевич,лейтенант,8,26
Васильев Денис Викторович,полковник,4,20
Козлов Александр Романович,сержант,4,21
Смирнов Виктор Алексеевич,прапорщик,2,51
Алексеев Михаил Викторович,рядовой,5,51
Морозов Никита Дмитриевич,сержант,4,23
Соколов Иван Никитич,майор,5,49
Смирнов Матвей Павлович,прапорщик,1,31
Зайцев Денис Сергеевич,прапорщик,12,19
Иванов Денис Михайлович,капитан,9,32
Борисов Евгений Андреевич,лейтенант,9,27
Зайцев Дмитрий Максимович,сержант,1,27
Андреев Сергей Романович,полковник,3,43
Яковлев Алексей Дмитриевич,лейтенант,11,45
Орлов Денис Иванович,майор,8,38
Орлов Иван Сергеевич,майор,9,45
Борисов Константин Викторович,сержант,6,19
Захаров Александр Олегович,полковник,10,47
Соколов Егор Романович,полковник,9,46
Захаров Юрий Михайлович,капитан,12,27
Соловьёв Виктор Ильич,рядовой,11,40
Смирнов Сергей Александрович,майор,9,23
Захаров Денис Ильич,рядовой,4,39
Соловьёв Иван Максимович,капитан,1,55
Андреев Артём Олегович,лейтенант,12,25
Семёнов Егор Иванович,капитан,9,23
Егоров Евгений Кириллович,полковник,8,42
Иванов Егор Максимович,майор,12,46
Сидоров Андрей Иванович,прапорщик,12,21
Борисов Иван Иванович,капитан,5,54
Васильев Константин Сергеевич,полковник,11,48
Павлов Алексей Олегович,прапорщик,1,53
Васильев Кирилл Михайлович,прапорщик,4,35
Петров Алексей Романович,майор,6,55
Степанов Максим Дмитриевич,капитан,8,46
Смирнов Денис Романович,полковник,7,42
Макаров Виктор Кириллович,прапорщик,8,55
Иванов Артём Максимович,капитан,7,51
Васильев Алексей Дмитриевич,рядовой,8,31
Павлов Виктор Павлович,прапорщик,5,32
Лебедев Александр Сергеевич,рядовой,3,43
Захаров Константин Алексеевич,капитан,10,47
Николаев Андрей Андреевич,прапорщик,10,46
Алексеев Максим Кириллович,прапорщик,9,49
Семёнов Олег Павлович,рядовой,2,32
Смирнов Александр Олегович,сержант,5,41
Васильев Максим Сергеевич,прапорщик,8,24
Павлов Андрей Павлович,прапорщик,3,29
Соловьёв Иван Сергеевич,майор,1,43
Егоров Кирилл Олегович,лейтенант,7,40
Соловьёв Егор Иванович,капитан,5,20
Новиков Алексей Максимович,майор,1,31
Зайцев Иван Михайлович,капитан,8,30
Алексеев Михаил Иванович,лейтенант,8,22
Попов Максим Алексеевич,прапорщик,10,53
Макаров Иван Олегович,майор,5,22
Фёдоров Матвей Юрьевич,полковник,12,60
Кузнецов Сергей Кириллович,рядовой,12,57
Сидоров Илья Павлович,капитан,4,55
Соловьёв Юрий Дмитриевич,сержант,9,28
Козлов Иван Олегович,лейтенант,12,29
Попов Александр Юрьевич,полковник,2,59
Сидоров Артём Иванович,рядовой,11,32
Васильев Егор Олегович,капитан,10,36
Зайцев Константин Никитич,капитан,3,49
Павлов Артём Олегович,лейтенант,8,35
Новиков Денис Ильич,сержант,5,39
Лебедев Сергей Романович,полковник,6,35
Козлов Егор Михайлович,лейтенант,3,47
Орлов Роман Дмитриевич,прапорщик,2,29
Борисов Степан Максимович,лейтенант,8,25
Семёнов Максим Павлович,капитан,10,36
Михайлов Михаил Алексеевич,майор,9,30
Козлов Роман Ильич,полковник,3,35
Семёнов Дмитрий Александрович,прапорщик,3,55
Орлов Виктор Иванович,прапорщик,12,35
Семёнов Сергей Алексеевич,рядовой,1,46
Соколов Максим Павлович,капитан,1,52
Петров Роман Алексеевич,прапорщик,3,33
Степанов Олег Юрьевич,майор,8,43
Андреев Денис Романович,сержант,3,57
Козлов Павел Кириллович,капитан,2,53
Семёнов Юрий Романович,капитан,10,21
Морозов Евгений Никитич,рядовой,10,59
Никитин Юрий Никитич,капитан,3,35
Алексеев Михаил Сергеевич,рядовой,9,51
Иванов Илья Михайлович,лейтенант,8,20
Андреев Александр Олегович,рядовой,7,56
Васильев Степан Михайлович,лейтенант,4,50
Сидоров Александр Павлович,сержант,8,18
Яковлев Виктор Викторович,сержант,2,53
Морозов Дмитрий Андреевич,сержант,7,22
Кочергин Илья Никитич,рядовой,6,36
Кочергин Михаил Романович,капитан,1,25
Семёнов Матвей Алексеевич,полковник,5,21
Андреев Александр Максимович,лейтенант,6,41
Иванов Михаил Кириллович,прапорщик,8,53
Смирнов Михаил Максимович,сержант,8,49
Иванов Максим Иванович,сержант,4,51
Семёнов Константин Андреевич,майор,9,33
Зайцев Павел Алексеевич,капитан,2,27
Зайцев Илья Сергеевич,майор,2,59
Павлов Денис Михайлович,майор,1,21
Захаров Денис Михайлович,сержант,3,42
Попов Степан Михайлович,сержант,3,32
Орлов Денис Павлович,рядовой,12,58
Соловьёв Артём Романович,лейтенант,8,26
Козлов Кирилл Михайлович,сержант,5,48
Попов Андрей Алексеевич,лейтенант,5,48
Кузнецов Евгений Кириллович,майор,4,32
Новиков Илья Алексеевич,майор,7,20
Никитин Виктор Ильич,сержант,3,27
Орлов Иван Романович,лейтенант,2,49
Николаев Матвей Ильич,прапорщик,11,35
Орлов Максим Викторович,сержант,1,57
Зайцев Евгений Максимович,майор,9,23
Андреев Павел Андреевич,прапорщик,12,60
Кузнецов Кирилл Сергеевич,полковник,3,56
Алексеев Илья Иванович,полковник,10,49
Морозов Алексей Андреевич,капитан,12,50
Соколов Андрей Александрович,полковник,10,32
Козлов Денис Михайлович,капитан,9,20
Зайцев Александр Алексеевич,капитан,4,44
Лебедев Иван Иванович,полковник,2,35
Морозов Никита Михайлович,полковник,12,56
Новиков Михаил Михайлович,майор,5,27
Захаров Константин Викторович,сержант,8,27
Алексеев Степан Ильич,сержант,4,31
Захаров Кирилл Ильич,сержант,8,40
Морозов Юрий Викторович,майор,11,32
Семёнов Степан Романович,рядовой,4,56
Васильев Максим Сергеевич,полковник,7,39
Васильев Сергей Андреевич,полковник,7,34
Морозов Роман Павлович,лейтенант,6,46
Петров Матвей Юрьевич,рядовой,8,23
Морозов Константин Максимович,майор,9,32
Яковлев Илья Кириллович,сержант,6,43
Попов Олег Иванович,прапорщик,1,25
Васильев Никита Никитич,рядовой,1,33
Макаров Кирилл Максимович,рядовой,4,46
Васильев Виктор Андреевич,рядовой,11,58
Николаев Андрей Андреевич,рядовой,2,47
Соколов Степан Алексеевич,полковник,3,58
Алексеев Дмитрий Павлович,капитан,7,58
Соловьёв Степан Олегович,лейтенант,4,18
Никитин Денис Александрович,капитан,10,44
Захаров Михаил Олегович,полковник,4,56
Макаров Константин Викторович,прапорщик,7,53
Смирнов Павел Алексеевич,капитан,10,39
Козлов Максим Максимович,рядовой,3,57
Яковлев Евгений Никитич,капитан,11,31
Егоров Артём Романович,рядовой,10,33
Кузнецов Иван Иванович,сержант,3,57
Макаров Роман Никитич,полковник,9,43
Васильев Виктор Андреевич,рядовой,12,23
Соловьёв Илья Александрович,полковник,7,38
Никитин Артём Ильич,сержант,4,56
Андреев Роман Максимович,полковник,2,60
Павлов Роман Павлович,прапорщик,11,25
Сидоров Никита Максимович,майор,7,36
Зайцев Юрий Михайлович,лейтенант,6,56
Соловьёв Андрей Ильич,капитан,7,41
Яковлев Константин Юрьевич,капитан,3,45
Козлов Александр Дмитриевич,капитан,1,18
Новиков Иван Александрович,сержант,3,28
Алексеев Дмитрий Александрович,полковник,9,50
Никитин Степан Никитич,полковник,11,30
Яковлев Павел Максимович,сержант,12,35
Степанов Иван Кириллович,рядовой,1,41
Васильев Степан Кириллович,рядовой,3,57
Андреев Александр Никитич,полковник,12,35
Попов Евгений Андреевич,сержант,12,44
Смирнов Егор Дмитриевич,полковник,2,19
Орлов Константин Юрьевич,сержант,12,53
Степанов Олег Ильич,майор,9,28
Сидоров Андрей Сергеевич,рядовой,2,41
Никитин Сергей Александрович,лейтенант,1,56
Семёнов Евгений Никитич,капитан,8,19
Новиков Виктор Андреевич,майор,1,55
Лебедев Виктор Викторович,полковник,11,43
Соловьёв Егор Кириллович,рядовой,1,21
Степанов Михаил Романович,сержант,2,56
Макаров Юрий Михайлович,сержант,3,31
Кочергин Никита Кириллович,сержант,8,23
Михайлов Денис Алексеевич,майор,11,40
Иванов Денис Павлович,полковник,3,30
Соколов Андрей Викторович,прапорщик,1,55
Орлов Кирилл Никитич,полковник,5,50
Соколов Максим Юрьевич,полковник,11,36
Макаров Павел Ильич,лейтенант,1,22
Кочергин Максим Олегович,майор,9,48
Макаров Юрий Павлович,сержант,12,19
Яковлев Денис Ильич,лейтенант,3,27
Зайцев Виктор Романович,лейтенант,6,52
Михайлов Евгений Кириллович,лейтенант,4,56
Смирнов Иван Дмитриевич,рядовой,4,50
Степанов Степан Сергеевич,рядовой,3,54
Фёдоров Иван Андреевич,сержант,11,31
Яковлев Илья Романович,капитан,7,26
Васильев Кирилл Андреевич,майор,3,32
Зайцев Михаил Андреевич,сержант,7,37
Сидоров Александр Сергеевич,прапорщик,11,35
Захаров Андрей Ильич,рядовой,6,42
Зайцев Роман Романович,полковник,8,46
Алексеев Александр Павлович,рядовой,11,58
Кузнецов Матвей Сергеевич,лейтенант,5,33
Новиков Алексей Сергеевич,рядовой,9,37
Соколов Константин Ильич,майор,10,19
Соколов Юрий Сергеевич,лейтенант,10,44
Михайлов Роман Олегович,капитан,1,27
Зайцев Роман Юрьевич,прапорщик,12,53
Морозов Сергей Сергеевич,лейтенант,7,60
Андреев Юрий Олегович,рядовой,3,35
Семёнов Виктор Павлович,майор,9,38
Захаров Юрий Викторович,лейтенант,7,37
Захаров Егор Алексеевич,лейтенант,6,56
Орлов Олег Дмитриевич,сержант,9,28
Семёнов Иван Никитич,лейтенант,10,35
Андреев Степан Алексеевич,прапорщик,12,36
Захаров Никита Викторович,лейтенант,4,36
Новиков Иван Алексеевич,рядовой,1,24
Васильев Денис Павлович,капитан,4,41
Яковлев Алексей Максимович,сержант,8,26
Орлов Кирилл Алексеевич,полковник,1,36
Алексеев Матвей Кириллович,прапорщик,3,22
Николаев Денис Дмитриевич,прапорщик,8,26
Кочергин Денис Викторович,капитан,9,30
Борисов Дмитрий Дмитриевич,сержант,12,21
Васильев Дмитрий Михайлович,сержант,4,21
Яковлев Денис Викторович,капитан,1,19
Николаев Максим Андреевич,рядовой,6,30
Попов Илья Никитич,рядовой,10,57
Фёдоров Матвей Романович,рядовой,7,28
Семёнов Сергей Сергеевич,рядовой,7,30
Сидоров Константин Иванович,прапорщик,5,52
Петров Егор Павлович,лейтенант,12,42
Михайлов Юрий Олегович,сержант,11,57
Захаров Виктор Дмитриевич,майор,12,44
Фёдоров Максим Павлович,прапорщик,2,26
Кочергин Никита Михайлович,лейтенант,4,48
Петров Кирилл Алексеевич,полковник,11,22
Захаров Михаил Сергеевич,прапорщик,3,33
Павлов Иван Викторович,полковник,9,49
Захаров Дмитрий Александрович,рядовой,10,51
Фёдоров Кирилл Иванович,рядовой,7,58
Степанов Артём Романович,майор,8,43
Соколов Виктор Ильич,капитан,11,25
Попов Артём Романович,полковник,5,59
Васильев Олег Ильич,лейтенант,1,43
Кузнецов Александр Ильич,лейтенант,7,21
Кузнецов Олег Дмитриевич,майор,8,20
Лебедев Илья Юрьевич,сержант,7,44
Зайцев Степан Дмитриевич,сержант,2,45
Зайцев Константин Викторович,лейтенант,1,46
Андреев Константин Александрович,прапорщик,7,59
Алексеев Александр Дмитриевич,прапорщик,6,55
Никитин Илья Максимович,капитан,10,35
Козлов Артём Михайлович,прапорщик,10,56
Сидоров Олег Павлович,рядовой,6,57
Петров Алексей Викторович,капитан,12,53
Борисов Андрей Олегович,майор,3,26
Фёдоров Никита Романович,лейтенант,5,24
Степанов Кирилл Иванович,майор,1,51
Николаев Константин Дмитриевич,лейтенант,7,19
Соколов Егор Кириллович,прапорщик,1,55
Николаев Максим Павлович,рядовой,7,54
Васильев Сергей Кириллович,полковник,4,33
Кочергин Артём Никитич,прапорщик,3,52
Иванов Кирилл Кириллович,сержант,3,42
Михайлов Кирилл Михайлович,полковник,6,50
Смирнов Роман Никитич,капитан,5,44
Яковлев Сергей Романович,сержант,11,50
Алексеев Степан Сергеевич,прапорщик,10,24
Морозов Егор Викторович,прапорщик,11,19
Николаев Денис Михайлович,капитан,2,46
Николаев Юрий Александрович,лейтенант,1,60
Макаров Степан Сергеевич,сержант,6,46
Соловьёв Дмитрий Павлович,рядовой,3,57
Егоров Алексей Андреевич,прапорщик,9,55
Борисов Юрий Викторович,рядовой,5,48
Петров Егор Юрьевич,прапорщик,10,43
Зайцев Никита Дмитриевич,полковник,1,60
Иванов Алексей Сергеевич,майор,10,46
Степанов Иван Олегович,прапорщик,11,46
Иванов Олег Никитич,майор,9,44
Орлов Александр Максимович,лейтенант,6,43
Сидоров Андрей Никитич,лейтенант,7,26
Фёдоров Егор Иванович,рядовой,3,41
Сидоров Егор Андреевич,капитан,12,58
Иванов Алексей Павлович,рядовой,5,29
Яковлев Андрей Никитич,лейтенант,5,42
Козлов Денис Иванович,рядовой,4,45
Егоров Максим Михайлович,полковник,9,19
Николаев Кирилл Михайлович,майор,7,32
Яковлев Никита Дмитриевич,полковник,1,58
Николаев Андрей Викторович,полковник,3,57
Сидоров Иван Сергеевич,прапорщик,2,24
Кузнецов Сергей Алексеевич,капитан,1,40
Егоров Евгений Никитич,рядовой,10,30
Кочергин Олег Алексеевич,лейтенант,11,31
Сидоров Илья Никитич,капитан,5,45
Иванов Иван Максимович,майор,9,28
Степанов Никита Андреевич,рядовой,10,60
Соколов Степан Романович,сержант,3,28
Яковлев Константин Ильич,рядовой,2,37
Яковлев Алексей Кириллович,рядовой,2,41
Соловьёв Михаил Юрьевич,полковник,10,46
Николаев Александр Михайлович,полковник,10,58
Орлов Павел Кириллович,рядовой,12,29
Иванов Роман Дмитриевич,прапорщик,4,55
Фёдоров Михаил Кириллович,полковник,12,28
Борисов Евгений Михайлович,прапорщик,11,22
Яковлев Андрей Ильич,капитан,8,51
Яковлев Евгений Михайлович,сержант,2,18
Лебедев Михаил Максимович,прапорщик,9,46
Алексеев Кирилл Алексеевич,лейтенант,4,18
Борисов Александр Алексеевич,рядовой,2,52
Павлов Денис Дмитриевич,полковник,7,58
Зайцев Константин Ильич,сержант,10,27
Зайцев Кирилл Дмитриевич,рядовой,2,42
Попов Евгений Александрович,рядовой,7,52
Захаров Дмитрий Викторович,сержант,3,51
Смирнов Павел Викторович,прапорщик,11,59
Николаев Дмитрий Викторович,лейтенант,3,22
Егоров Степан Александрович,лейтенант,7,40
Николаев Дмитрий Романович,лейтенант,6,41
Соколов Кирилл Александрович,рядовой,3,45
Орлов Денис Максимович,лейтенант,2,47
Кузнецов Иван Викторович,прапорщик,4,57
Соловьёв Павел Романович,прапорщик,4,23
Андреев Олег Олегович,рядовой,2,52
Алексеев Павел Сергеевич,прапорщик,12,29
Николаев Сергей Иванович,капитан,3,54
Яковлев Илья Дмитриевич,рядовой,5,35
Степанов Андрей Алексеевич,капитан,5,44
Захаров Степан Викторович,лейтенант,11,24
Алексеев Егор Сергеевич,рядовой,9,41
Лебедев Дмитрий Дмитриевич,рядовой,1,54
Попов Дмитрий Юрьевич,сержант,8,53
Яковлев Юрий Олегович,лейтенант,6,40
Орлов Денис Сергеевич,капитан,6,39
Семёнов Алексей Дмитриевич,сержант,5,22
Николаев Илья Олегович,полковник,6,22
Лебедев Роман Юрьевич,майор,11,59
Яковлев Юрий Кириллович,майор,8,27
Захаров Денис Алексеевич,прапорщик,10,19
Кочергин Артём Иванович,капитан,12,32
Смирнов Алексей Сергеевич,майор,6,22
Орлов Дмитрий Александрович,капитан,10,56
Смирнов Алексей Алексеевич,майор,5,51
Яковлев Егор Сергеевич,сержант,11,23
Смирнов Александр Ильич,прапорщик,9,19
Лебедев Иван Максимович,рядовой,10,23
Попов Дмитрий Михайлович,майор,6,55
Соколов Евгений Юрьевич,капитан,6,56
Яковлев Роман Кириллович,капитан,11,37
Фёдоров Илья Романович,майор,5,43
Павлов Сергей Олегович,лейтенант,3,30
Борисов Виктор Дмитриевич,рядовой,4,46
Соколов Роман Ильич,лейтенант,11,40
Семёнов Дмитрий Максимович,прапорщик,2,52
Зайцев Юрий Александрович,майор,8,49
Борисов Степан Кириллович,сержант,7,51
Попов Егор Максимович,прапорщик,12,37
Кочергин Кирилл Иванович,прапорщик,8,40
Борисов Илья Максимович,рядовой,1,26
Алексеев Егор Викторович,прапорщик,3,48
Фёдоров Иван Максимович,прапорщик,9,56
Сидоров Алексей Иванович,прапорщик,3,57
Смирнов Виктор Павлович,прапорщик,4,56
Зайцев Денис Михайлович,прапорщик,8,34
Иванов Максим Романович,капитан,11,44
Зайцев Егор Никитич,капитан,3,46
Захаров Алексей Иванович,прапорщик,6,28
Соловьёв Евгений Ильич,полковник,12,27
Михайлов Александр Андреевич,сержант,1,51
Макаров Павел Максимович,сержант,3,55
Новиков Артём Викторович,рядовой,12,38
Петров Сергей Дмитриевич,сержант,11,33
Козлов Михаил Сергеевич,прапорщик,11,26
Орлов Юрий Дмитриевич,рядовой,10,37
Петров Сергей Викторович,полковник,8,34
Степанов Олег Сергеевич,капитан,3,50
Васильев Андрей Никитич,капитан,6,24
Смирнов Александр Олегович,майор,12,46
Иванов Виктор Алексеевич,прапорщик,10,22
Сидоров Егор Кириллович,полковник,5,47
Николаев Степан Викторович,лейтенант,7,27
Степанов Денис Михайлович,майор,7,46
Степанов Артём Александрович,майор,8,27
Смирнов Денис Алексеевич,рядовой,11,55
Андреев Виктор Андреевич,лейтенант,10,19
Андреев Дмитрий Павлович,майор,9,59
Михайлов Роман Никитич,сержант,9,49
Соколов Михаил Иванович,майор,8,42
Васильев Виктор Иванович,капитан,12,47
Васильев Сергей Максимович,рядовой,4,41
Новиков Константин Алексеевич,прапорщик,9,42
Семёнов Кирилл Романович,лейтенант,5,37
Соколов Сергей Ильич,сержант,9,25
Соловьёв Матвей Павлович,рядовой,4,44
Егоров Алексей Кириллович,сержант,11,27
Степанов Юрий Дмитриевич,майор,5,45
Иванов Евгений Никитич,лейтенант,11,60
Лебедев Михаил Дмитриевич,лейтенант,3,36
Зайцев Евгений Дмитриевич,полковник,12,24
Егоров Денис Юрьевич,рядовой,8,56
Яковлев Александр Михайлович,капитан,2,38
Яковлев Юрий Алексеевич,лейтенант,8,24
Сидоров Матвей Алексеевич,лейтенант,6,18
Лебедев Олег Ильич,полковник,7,23
Соловьёв Илья Алексеевич,рядовой,5,21
Захаров Роман Кириллович,полковник,3,28
Васильев Роман Алексеевич,майор,9,24
Николаев Юрий Викторович,капитан,10,23
Захаров Сергей Максимович,сержант,1,48
Соколов Егор Павлович,рядовой,10,43
Лебедев Сергей Викторович,капитан,7,56
Лебедев Евгений Максимович,лейтенант,3,43
Кочергин Денис Сергеевич,полковник,5,22
Алексеев Степан Алексеевич,лейтенант,11,41
Козлов Денис Дмитриевич,рядовой,8,31
Яковлев Алексей Сергеевич,полковник,3,46
Сидоров Виктор Андреевич,рядовой,6,25
Никитин Константин Викторович,майор,1,56
Зайцев Роман Андреевич,лейтенант,4,24
Захаров Егор Юрьевич,сержант,5,54
Степанов Андрей Михайлович,сержант,7,49
Егоров Егор Максимович,полковник,8,50
Соловьёв Кирилл Александрович,прапорщик,5,52
Морозов Олег Сергеевич,сержант,1,44
Смирнов Андрей Павлович,капитан,8,33
Семёнов Александр Сергеевич,прапорщик,5,57
Орлов Евгений Викторович,лейтенант,2,41
Егоров Олег Андреевич,полковник,8,53
Захаров Сергей Андреевич,майор,6,56
Егоров Илья Ильич,майор,10,54
Сидоров Павел Юрьевич,майор,11,55
Васильев Егор Олегович,полковник,5,28
Смирнов Никита Максимович,рядовой,12,26
Андреев Роман Максимович,рядовой,10,22
Макаров Андрей Андреевич,лейтенант,8,38
Кочергин Виктор Иванович,сержант,10,54
Захаров Степан Ильич,лейтенант,7,58
Николаев Иван Кириллович,полковник,3,44
Никитин Михаил Алексеевич,лейтенант,11,44
Никитин Иван Викторович,сержант,1,23
Михайлов Андрей Ильич,прапорщик,11,26
Семёнов Виктор Михайлович,сержант,5,20
Яковлев Иван Максимович,майор,12,43
Кузнецов Денис Павлович,лейтенант,5,48
Егоров Юрий Никитич,капитан,7,19
Николаев Никита Павлович,прапорщик,2,32
Сидоров Юрий Александрович,лейтенант,7,43
Яковлев Дмитрий Андреевич,капитан,12,49
Кузнецов Константин Никитич,прапорщик,2,30
Макаров Матвей Олегович,рядовой,10,55
Петров Максим Михайлович,полковник,9,18
Кочергин Степан Максимович,рядовой,7,58
Фёдоров Павел Иванович,майор,1,31
Николаев Роман Ильич,майор,3,45
Попов Илья Юрьевич,прапорщик,1,39
Макаров Олег Никитич,сержант,3,29
Макаров Егор Александрович,сержант,8,53
Михайлов Роман Алексеевич,прапорщик,1,42
Борисов Юрий Ильич,лейтенант,6,56
Макаров Кирилл Иванович,капитан,8,21
Захаров Андрей Ильич,полковник,1,48
Николаев Максим Дмитриевич,майор,6,42
Новиков Дмитрий Александрович,лейтенант,8,37
Смирнов Матвей Павлович,лейтенант,10,38
Орлов Андрей Никитич,майор,1,58
Павлов Денис Михайлович,полковник,2,38
Никитин Олег Иванович,рядовой,8,39
Семёнов Егор Михайлович,прапорщик,10,42
Николаев Илья Алексеевич,рядовой,5,53
Захаров Сергей Павлович,прапорщик,3,35
Андреев Дмитрий Никитич,полковник,4,43
Морозов Михаил Романович,рядовой,10,22
Андреев Егор Дмитриевич,рядовой,11,29
Андреев Андрей Андреевич,лейтенант,11,39
Яковлев Юрий Олегович,лейтенант,10,57
Попов Егор Павлович,сержант,5,32
Соловьёв Кирилл Сергеевич,лейтенант,9,60
Сидоров Михаил Дмитриевич,капитан,10,42
Морозов Олег Павлович,рядовой,5,44
Степанов Андрей Сергеевич,майор,2,55
Соколов Виктор Павлович,капитан,8,41
Семёнов Кирилл Максимович,сержант,3,50
Семёнов Егор Юрьевич,рядовой,11,34
Михайлов Михаил Юрьевич,полковник,2,52
Кочергин Павел Никитич,майор,2,32
Борисов Константин Дмитриевич,прапорщик,1,52
Петров Евгений Олегович,сержант,12,51
Никитин Юрий Кириллович,прапорщик,12,38
Николаев Денис Сергеевич,прапорщик,3,47
Петров Павел Ильич,рядовой,10,23
Макаров Алексей Максимович,сержант,6,59
Козлов Никита Кириллович,прапорщик,4,58
Кузнецов Михаил Сергеевич,сержант,7,44
Кочергин Юрий Алексеевич,майор,1,45
Павлов Никита Павлович,лейтенант,1,57
Иванов Юрий Андреевич,капитан,9,39
Захаров Михаил Максимович,рядовой,2,25
Николаев Андрей Александрович,рядовой,6,20
Кузнецов Роман Максимович,полковник,6,41
Соловьёв Кирилл Андреевич,лейтенант,12,46
Орлов Максим Михайлович,рядовой,1,37
Яковлев Матвей Андреевич,полковник,9,52
Семёнов Егор Никитич,майор,7,50
Егоров Александр Александрович,майор,11,34
Яковлев Константин Романович,сержант,7,19
Фёдоров Юрий Сергеевич,майор,12,50
Морозов Михаил Павлович,прапорщик,2,30
Семёнов Андрей Сергеевич,рядовой,3,28
Васильев Максим Никитич,прапорщик,9,52
Кочергин Илья Олегович,лейтенант,9,20
Попов Константин Романович,прапорщик,5,52
Фёдоров Павел Викторович,прапорщик,3,44
Морозов Денис Дмитриевич,полковник,1,40
Алексеев Андрей Никитич,прапорщик,4,27
Степанов Олег Дмитриевич,майор,9,23
Андреев Максим Олегович,рядовой,12,56
Алексеев Алексей Кириллович,капитан,12,38
Макаров Олег Олегович,рядовой,4,42
Сидоров Никита Сергеевич,рядовой,1,31
Семёнов Кирилл Андреевич,рядовой,3,18
Степанов Егор Павлович,рядовой,1,49
Лебедев Виктор Романович,лейтенант,2,41
Морозов Никита Павлович,сержант,12,30
Козлов Виктор Никитич,лейтенант,7,37
Борисов Егор Максимович,майор,5,39
Лебедев Евгений Иванович,капитан,12,60
Макаров Александр Романович,рядовой,10,53
Яковлев Александр Романович,капитан,10,21
Морозов Роман Александрович,полковник,4,26
Кочергин Роман Андреевич,майор,12,39
Макаров Сергей Дмитриевич,сержант,2,41
Соловьёв Илья Александрович,капитан,8,20
Соколов Илья Александрович,полковник,3,35
Алексеев Денис Юрьевич,лейтенант,11,57
Макаров Егор Викторович,майор,1,45
Новиков Максим Дмитриевич,капитан,1,57
Орлов Максим Александрович,лейтенант,11,27
Борисов Павел Олегович,лейтенант,3,29
Новиков Евгений Романович,прапорщик,2,39
Соловьёв Олег Викторович,рядовой,4,34
Васильев Михаил Максимович,лейтенант,2,60
Петров Дмитрий Кириллович,майор,11,39
Зайцев Денис Дмитриевич,прапорщик,9,32
Николаев Илья Никитич,полковник,10,35
Соколов Олег Юрьевич,прапорщик,8,41
Петров Егор Ильич,лейтенант,9,39
Васильев Павел Алексеевич,капитан,7,31
Кочергин Павел Кириллович,прапорщик,11,23
Сидоров Матвей Андреевич,прапорщик,7,35
Захаров Сергей Павлович,прапорщик,1,45
Зайцев Михаил Ильич,майор,4,19
Морозов Михаил Дмитриевич,полковник,12,43
Козлов Егор Иванович,рядовой,5,50
Кузнецов Роман Алексеевич,лейтенант,3,39
Алексеев Илья Кириллович,рядовой,1,55
Захаров Олег Андреевич,майор,3,35
Соловьёв Максим Максимович,лейтенант,8,25
Морозов Матвей Ильич,лейтенант,8,33
Смирнов Юрий Юрьевич,полковник,5,28
Захаров Максим Сергеевич,прапорщик,3,24
Никитин Юрий Алексеевич,полковник,7,56
Борисов Илья Олегович,рядовой,10,55
Семёнов Дмитрий Юрьевич,сержант,10,57
Морозов Матвей Сергеевич,сержант,2,19
Захаров Илья Олегович,полковник,9,51
Никитин Егор Ильич,прапорщик,10,36
Смирнов Андрей Кириллович,рядовой,11,48
Соловьёв Матвей Павлович,полковник,8,37
Фёдоров Илья Викторович,майор,8,20
Степанов Роман Михайлович,сержант,3,41
Алексеев Артём Иванович,рядовой,7,19
Васильев Сергей Андреевич,рядовой,10,23
Новиков Кирилл Андреевич,майор,4,52
Яковлев Максим Никитич,прапорщик,5,21
Соколов Андрей Юрьевич,майор,5,24
Фёдоров Кирилл Олегович,прапорщик,3,27
Морозов Матвей Андреевич,полковник,3,49
Сидоров Константин Алексеевич,майор,1,48
Новиков Кирилл Максимович,майор,2,36
Орлов Евгений Павлович,сержант,10,60
Андреев Денис Ильич,сержант,11,50
Борисов Михаил Романович,сержант,9,25
Никитин Алексей Сергеевич,майор,7,45
Захаров Дмитрий Михайлович,майор,1,19
Макаров Павел Кириллович,майор,7,52
Макаров Иван Дмитриевич,рядовой,8,27
Сидоров Матвей Максимович,капитан,5,59
Захаров Иван Никитич,прапорщик,1,21
Петров Никита Михайлович,майор,4,59
Сидоров Виктор Алексеевич,сержант,3,44
Новиков Павел Алексеевич,сержант,3,46
Попов Михаил Никитич,полковник,11,58
Орлов Матвей Дмитриевич,сержант,9,54
Борисов Артём Никитич,лейтенант,7,59
Михайлов Константин Романович,сержант,12,30
Кузнецов Никита Ильич,майор,8,48
Николаев Михаил Алексеевич,сержант,11,44
Никитин Иван Максимович,лейтенант,5,53
Михайлов Илья Иванович,рядовой,5,40
Яковлев Михаил Павлович,сержант,7,20
Фёдоров Никита Кириллович,капитан,6,40
Морозов Степан Романович,капитан,10,24
Макаров Олег Дмитриевич,сержант,5,48
Лебедев Виктор Михайлович,прапорщик,12,57
Козлов Матвей Романович,сержант,12,56
Никитин Сергей Сергеевич,полковник,2,32
Борисов Дмитрий Ильич,сержант,12,23
Борисов Алексей Сергеевич,полковник,7,24
Борисов Олег Викторович,лейтенант,3,40
Сидоров Павел Викторович,сержант,11,24
Николаев Александр Андреевич,полковник,11,60
Степанов Евгений Кириллович,сержант,2,27
Алексеев Никита Андреевич,майор,9,24
Иванов Дмитрий Викторович,прапорщик,10,52
Павлов Виктор Юрьевич,рядовой,1,40
Михайлов Евгений Никитич,рядовой,5,33
Соловьёв Степан Дмитриевич,рядовой,9,42
Алексеев Егор Романович,капитан,11,22
Фёдоров Артём Кириллович,лейтенант,3,27
Борисов Илья Кириллович,капитан,4,42
Михайлов Егор Иванович,прапорщик,10,37
Алексеев Матвей Андреевич,рядовой,6,37
Егоров Степан Иванович,рядовой,8,31
Кузнецов Матвей Викторович,капитан,2,44
Попов Виктор Дмитриевич,полковник,8,48
Попов Егор Андреевич,прапорщик,3,31
Яковлев Андрей Дмитриевич,капитан,10,59
Кочергин Егор Андреевич,лейтенант,3,39
Захаров Дмитрий Юрьевич,рядовой,2,26
Никитин Дмитрий Александрович,полковник,9,36
Петров Денис Иванович,капитан,9,28
Кузнецов Андрей Юрьевич,сержант,11,37
Егоров Никита Кириллович,рядовой,8,50
Борисов Никита Юрьевич,капитан,11,48
Васильев Кирилл Дмитриевич,прапорщик,4,52
Кочергин Денис Павлович,лейтенант,8,18
Орлов Артём Юрьевич,майор,4,46
Козлов Роман Юрьевич,полковник,3,53
Зайцев Дмитрий Ильич,лейтенант,8,25
Андреев Павел Михайлович,майор,7,41
Зайцев Дмитрий Максимович,сержант,4,39
Семёнов Евгений Андреевич,сержант,4,58
Степанов Кирилл Викторович,рядовой,9,32
Новиков Дмитрий Олегович,сержант,7,27
Степанов Матвей Кириллович,лейтенант,5,37
Сидоров Кирилл Юрьевич,полковник,8,46
Яковлев Олег Никитич,прапорщик,10,54
Михайлов Сергей Кириллович,лейтенант,9,18
Павлов Павел Дмитриевич,капитан,4,28
Иванов Иван Павлович,прапорщик,5,51
Никитин Максим Юрьевич,полковник,6,40
Кузнецов Никита Кириллович,капитан,2,58
Попов Матвей Романович,сержант,6,19
Борисов Александр Ильич,рядовой,9,54
Андреев Иван Ильич,майор,8,44
Петров Виктор Алексеевич,лейтенант,9,48
Петров Артём Кириллович,сержант,2,59
Фёдоров Евгений Ильич,майор,7,31
Петров Артём Андреевич,капитан,6,51
Макаров Егор Викторович,прапорщик,4,58
Кочергин Александр Никитич,капитан,11,57
Егоров Евгений Кириллович,сержант,7,26
Макаров Степан Сергеевич,лейтенант,12,38
Иванов Егор Дмитриевич,майор,10,36
Андреев Иван Максимович,капитан,9,51
Иванов Виктор Павлович,майор,10,59
Андреев Матвей Максимович,полковник,4,23
Козлов Сергей Михайлович,сержант,10,44
Лебедев Артём Александрович,лейтенант,5,43
Захаров Степан Павлович,майор,4,52
Кочергин Михаил Павлович,полковник,2,21
Борисов Иван Сергеевич,сержант,8,47
Соловьёв Константин Михайлович,капитан,2,48
Алексеев Никита Романович,капитан,10,53
Егоров Андрей Кириллович,капитан,2,44
Андреев Андрей Юрьевич,рядовой,5,57
Смирнов Михаил Сергеевич,капитан,6,44
Соловьёв Андрей Кириллович,сержант,4,52
Зайцев Виктор Кириллович,рядовой,7,49
Попов Павел Дмитриевич,рядовой,4,46
Кузнецов Виктор Никитич,майор,8,21
Макаров Виктор Михайлович,рядовой,12,57
Морозов Максим Ильич,рядовой,8,37
Фёдоров Матвей Андреевич,капитан,1,58
Иванов Артём Иванович,капитан,3,58
Иванов Матвей Юрьевич,майор,1,53
Васильев Павел Андреевич,полковник,11,27
Алексеев Илья Александрович,сержант,1,49
Егоров Илья Юрьевич,рядовой,11,44
Захаров Кирилл Андреевич,майор,10,35
Никитин Роман Сергеевич,сержант,11,40
Николаев Денис Сергеевич,полковник,12,28
Васильев Артём Сергеевич,майор,7,19
Зайцев Артём Дмитриевич,капитан,12,57
Степанов Алексей Иванович,лейтенант,4,23
Сидоров Михаил Александрович,полковник,3,24
Морозов Артём Дмитриевич,капитан,1,36
Петров Алексей Викторович,полковник,7,22
Лебедев Денис Сергеевич,сержант,12,50
Козлов Илья Кириллович,сержант,4,35
Яковлев Матвей Михайлович,сержант,11,27
Никитин Артём Максимович,майор,8,49
Егоров Сергей Павлович,сержант,2,35
Попов Денис Олегович,прапорщик,11,45
Фёдоров Иван Александрович,лейтенант,7,27
Сидоров Юрий Михайлович,рядовой,7,31
Соловьёв Никита Дмитриевич,майор,3,22
Новиков Алексей Максимович,рядовой,7,59
Смирнов Сергей Михайлович,рядовой,1,42
Новиков Никита Романович,капитан,3,18
Иванов Виктор Михайлович,полковник,2,26
Захаров Кирилл Михайлович,прапорщик,2,42
Смирнов Константин Никитич,полковник,7,39
Соколов Иван Александрович,капитан,3,31
Макаров Евгений Юрьевич,капитан,9,33
Захаров Алексей Кириллович,сержант,12,33
Андреев Роман Викторович,лейтенант,1,56
Павлов Павел Иванович,сержант,5,27
Морозов Юрий Максимович,лейтенант,1,25
Васильев Юрий Романович,капитан,9,23
Орлов Алексей Сергеевич,прапорщик,6,40
Кузнецов Кирилл Кириллович,полковник,1,50
Семёнов Сергей Ильич,рядовой,2,43
Сидоров Степан Александрович,прапорщик,2,24
Андреев Алексей Максимович,майор,3,42
Смирнов Дмитрий Александрович,лейтенант,12,25
Петров Юрий Андреевич,майор,10,42
Семёнов Кирилл Олегович,полковник,12,56
Семёнов Иван Александрович,сержант,5,54
Захаров Артём Сергеевич,лейтенант,4,56
Васильев Юрий Никитич,капитан,4,41
Морозов Иван Никитич,капитан,1,52
Фёдоров Иван Никитич,лейтенант,2,49
Лебедев Сергей Романович,прапорщик,7,36
Егоров Павел Павлович,прапорщик,4,27
Кузнецов Юрий Михайлович,полковник,7,55
Кочергин Илья Сергеевич,полковник,9,58
Смирнов Никита Олегович,рядовой,10,57
Васильев Юрий Алексеевич,лейтенант,4,34
Васильев Дмитрий Андреевич,лейтенант,3,19
Зайцев Михаил Андреевич,прапорщик,1,25
Захаров Матвей Андреевич,рядовой,8,31
Павлов Сергей Дмитриевич,рядовой,11,51
Зайцев Константин Викторович,сержант,12,31
Андреев Олег Алексеевич,прапорщик,8,24
Фёдоров Виктор Алексеевич,прапорщик,9,55
Степанов Константин Павлович,полковник,8,32
Степанов Дмитрий Ильич,рядовой,7,54
Лебедев Алексей Сергеевич,капитан,9,41
Николаев Степан Михайлович,рядовой,8,33
Захаров Михаил Кириллович,рядовой,10,19
Яковлев Виктор Иванович,майор,8,31
Михайлов Роман Олегович,майор,8,39
Орлов Степан Юрьевич,рядовой,2,39
Андреев Юрий Никитич,сержант,11,26
Орлов Олег Юрьевич,рядовой,10,41
Морозов Денис Викторович,майор,3,20
Борисов Дмитрий Романович,майор,4,44
Никитин Степан Дмитриевич,капитан,10,45
Михайлов Илья Романович,майор,4,52
Попов Дмитрий Сергеевич,капитан,8,49
Алексеев Иван Максимович,сержант,10,35
Яковлев Олег Михайлович,майор,2,22
Морозов Илья Александрович,капитан,2,27
Андреев Денис Дмитриевич,полковник,8,30
Борисов Роман Павлович,сержант,1,44
Николаев Андрей Юрьевич,сержант,5,35
Лебедев Александр Олегович,лейтенант,5,41
Иванов Иван Максимович,лейтенант,3,32
Козлов Андрей Иванович,сержант,7,40
Орлов Матвей Романович,майор,11,46
Фёдоров Иван Олегович,майор,9,25
Смирнов Алексей Александрович,рядовой,6,44
Зайцев Никита Романович,прапорщик,4,21
Макаров Виктор Михайлович,рядовой,8,35
Васильев Олег Ильич,капитан,8,28
Борисов Виктор Викторович,полковник,1,48
Николаев Матвей Ильич,сержант,6,57
Николаев Алексей Никитич,сержант,4,53
Новиков Кирилл Андреевич,сержант,12,27
Павлов Павел Александрович,рядовой,12,48
Сидоров Дмитрий Павлович,сержант,8,51
Сидоров Юрий Сергеевич,капитан,7,51
Захаров Павел Кириллович,капитан,4,55
Орлов Юрий Романович,полковник,5,30
Михайлов Олег Романович,полковник,8,22
Кузнецов Степан Никитич,рядовой,4,50
Михайлов Дмитрий Иванович,капитан,9,47
Захаров Александр Михайлович,полковник,10,23
Козлов Артём Сергеевич,капитан,11,47
Соколов Андрей Кириллович,майор,4,38
Смирнов Павел Романович,рядовой,10,44
Кузнецов Артём Кириллович,прапорщик,5,19
Орлов Матвей Кириллович,полковник,9,57
Павлов Илья Кириллович,сержант,4,46
Орлов Евгений Юрьевич,сержант,11,60
Соколов Никита Дмитриевич,прапорщик,9,28
Степанов Олег Романович,капитан,12,50
Сидоров Михаил Александрович,прапорщик,10,39
Сидоров Матвей Романович,лейтенант,8,35
Кочергин Михаил Андреевич,полковник,3,47
Васильев Дмитрий Дмитриевич,лейтенант,4,43
Новиков Иван Дмитриевич,прапорщик,9,48
Петров Михаил Андреевич,капитан,11,20
Михайлов Виктор Сергеевич,капитан,3,57
Новиков Олег Михайлович,лейтенант,7,31
Васильев Олег Викторович,лейтенант,10,54
Борисов Илья Александрович,прапорщик,8,20
Смирнов Илья Александрович,сержант,8,45
Соловьёв Александр Михайлович,капитан,2,55
Борисов Сергей Юрьевич,капитан,10,47
Иванов Никита Викторович,капитан,11,46
Васильев Сергей Александрович,капитан,1,29
Семёнов Максим Кириллович,лейтенант,3,29
Яковлев Никита Иванович,лейтенант,9,36
Сидоров Павел Александрович,сержант,3,26
Кузнецов Максим Сергеевич,сержант,12,50
Егоров Егор Максимович,капитан,7,45
Соловьёв Александр Юрьевич,рядовой,10,37
Сидоров Юрий Романович,лейтенант,3,34
Сидоров Егор Романович,майор,9,60
Николаев Кирилл Иванович,майор,4,42
Козлов Евгений Максимович,майор,1,40
Васильев Михаил Александрович,прапорщик,4,36
Семёнов Михаил Алексеевич,полковник,11,31
Петров Виктор Максимович,полковник,1,48
Макаров Константин Кириллович,прапорщик,6,43
Морозов Максим Кириллович,капитан,11,19
Зайцев Денис Алексеевич,лейтенант,8,37
Соловьёв Виктор Романович,полковник,4,32
Степанов Роман Андреевич,прапорщик,12,54
Козлов Павел Максимович,лейтенант,9,19
Николаев Юрий Алексеевич,лейтенант,2,38
Попов Андрей Викторович,сержант,8,28
Макаров Андрей Олегович,сержант,9,45
Смирнов Иван Сергеевич,лейтенант,9,22
Васильев Степан Ильич,прапорщик,9,24
Захаров Денис Сергеевич,рядовой,6,27
Новиков Олег Романович,рядовой,4,38
Лебедев Олег Ильич,прапорщик,5,29
Сидоров Сергей Ильич,майор,11,39
Семёнов Константин Павлович,рядовой,5,34
Новиков Александр Дмитриевич,прапорщик,8,55
Козлов Денис Никитич,сержант,2,39
Попов Алексей Юрьевич,майор,10,23
Смирнов Александр Викторович,прапорщик,7,40
Фёдоров Дмитрий Павлович,прапорщик,4,18
Попов Олег Александрович,рядовой,7,52
Макаров Роман Иванович,майор,3,30
Попов Дмитрий Никитич,сержант,1,59
Новиков Алексей Андреевич,прапорщик,8,18
Михайлов Алексей Никитич,капитан,6,21
Сидоров Артём Павлович,лейтенант,3,36
Фёдоров Александр Кириллович,сержант,12,21
Соловьёв Александр Романович,майор,12,53
Орлов Иван Романович,сержант,2,54
Соколов Алексей Павлович,капитан,5,35
Орлов Роман Никитич,сержант,2,19
Кузнецов Павел Сергеевич,майор,3,19
Козлов Денис Олегович,майор,6,51
Васильев Олег Иванович,лейтенант,2,59
Андреев Денис Олегович,сержант,1,51
Макаров Константин Алексеевич,лейтенант,10,54
Семёнов Константин Ильич,прапорщик,9,31
Попов Павел Михайлович,капитан,1,49
Михайлов Андрей Павлович,капитан,10,18
Смирнов Иван Иванович,рядовой,2,47
Семёнов Матвей Михайлович,лейтенант,6,20
Соколов Олег Максимович,лейтенант,11,50
Смирнов Матвей Викторович,сержант,7,45
Новиков Александр Олегович,капитан,1,25
Попов Александр Александрович,сержант,10,19
Соловьёв Евгений Сергеевич,майор,10,47
Макаров Дмитрий Никитич,лейтенант,7,39
Степанов Никита Никитич,полковник,5,20
Павлов Степан Романович,рядовой,4,49
Попов Максим Ильич,рядовой,5,23
Павлов Александр Никитич,капитан,3,55
Никитин Егор Александрович,майор,12,36
Алексеев Алексей Дмитриевич,полковник,9,49
Соколов Степан Никитич,сержант,3,28
Смирнов Матвей Павлович,сержант,5,30
Степанов Юрий Юрьевич,лейтенант,9,27
Николаев Матвей Андреевич,полковник,4,50
Смирнов Никита Никитич,лейтенант,5,31
Андреев Алексей Иванович,прапорщик,8,40
Фёдоров Илья Кириллович,прапорщик,1,45
Яковлев Матвей Михайлович,рядовой,4,54
Зайцев Александр Юрьевич,майор,5,34
Соколов Андрей Юрьевич,капитан,3,18
Попов Андрей Алексеевич,рядовой,3,33
Орлов Иван Александрович,майор,4,27
Николаев Олег Андреевич,капитан,9,52
Степанов Денис Дмитриевич,майор,3,45
Иванов Дмитрий Иванович,сержант,1,45
Соловьёв Сергей Александрович,полковник,9,36
Смирнов Александр Павлович,полковник,10,60
Андреев Денис Юрьевич,майор,11,47
Фёдоров Артём Андреевич,сержант,9,43
Васильев Виктор Юрьевич,лейтенант,4,43
Макаров Михаил Андреевич,рядовой,8,52
Фёдоров Юрий Юрьевич,сержант,3,50
Макаров Виктор Александрович,полковник,12,35
Андреев Юрий Кириллович,лейтенант,10,23
Лебедев Михаил Алексеевич,майор,4,53
Яковлев Дмитрий Олегович,капитан,2,55
Сидоров Евгений Дмитриевич,капитан,9,24
Яковлев Денис Никитич,прапорщик,6,26
Андреев Иван Романович,майор,4,49
Соловьёв Александр Александрович,прапорщик,2,20
Попов Артём Кириллович,полковник,7,28
Павлов Роман Никитич,рядовой,2,43
Борисов Константин Андреевич,лейтенант,8,59
Петров Илья Кириллович,майор,12,22
Орлов Илья Олегович,майор,5,55
Иванов Илья Олегович,майор,6,46
Сидоров Егор Юрьевич,сержант,10,59
Соколов Максим Александрович,рядовой,1,23
Павлов Матвей Иванович,прапорщик,1,41
Никитин Денис Михайлович,прапорщик,9,49
Соловьёв Александр Кириллович,капитан,2,49
Смирнов Денис Михайлович,лейтенант,5,56
Борисов Александр Юрьевич,капитан,3,33
Кузнецов Евгений Иванович,сержант,4,48
Соколов Роман Андреевич,сержант,1,39
Никитин Иван Павлович,сержант,12,21
Андреев Иван Алексеевич,лейтенант,7,56
Соколов Сергей Иванович,полковник,9,39
Попов Юрий Сергеевич,капитан,7,27
Морозов Илья Иванович,лейтенант,4,55
Михайлов Виктор Юрьевич,прапорщик,3,26
Михайлов Артём Никитич,капитан,1,55
Зайцев Артём Михайлович,сержант,7,55
Никитин Алексей Олегович,сержант,5,34
Новиков Степан Ильич,рядовой,5,25
Яковлев Александр Иванович,прапорщик,6,59
Соловьёв Евгений Павлович,рядовой,2,56
Соколов Олег Викторович,лейтенант,3,53
Кочергин Денис Романович,майор,7,43
Макаров Степан Александрович,полковник,8,30
Новиков Никита Викторович,полковник,2,19
Лебедев Сергей Викторович,капитан,1,44
Морозов Никита Дмитриевич,сержант,7,37
Семёнов Андрей Андреевич,сержант,2,34
Борисов Егор Никитич,полковник,3,20
Кузнецов Александр Викторович,лейтенант,6,49
Козлов Егор Павлович,полковник,8,40
Егоров Максим Ильич,прапорщик,4,36
Андреев Кирилл Викторович,полковник,8,42
Макаров Алексей Кириллович,лейтенант,12,54
Кочергин Егор Кириллович,лейтенант,9,45
Смирнов Алексей Александрович,полковник,5,40
Степанов Денис Юрьевич,полковник,7,48
Соловьёв Олег Михайлович,рядовой,5,57
Морозов Александр Павлович,полковник,11,56
Попов Матвей Максимович,майор,10,60
Яковлев Сергей Максимович,прапорщик,11,41
Алексеев Никита Алексеевич,капитан,3,47
Орлов Степан Сергеевич,майор,4,43
Кузнецов Кирилл Александрович,полковник,12,35
Алексеев Денис Юрьевич,капитан,4,30
Павлов Илья Романович,полковник,12,21
Кузнецов Олег Викторович,капитан,7,60
Попов Виктор Павлович,сержант,11,24
Михайлов Максим Кириллович,прапорщик,12,20
Васильев Юрий Викторович,капитан,6,23
Новиков Максим Алексеевич,рядовой,2,22
Никитин Павел Александрович,лейтенант,8,49
Соколов Егор Романович,сержант,11,33
Лебедев Олег Никитич,лейтенант,7,25
Смирнов Никита Романович,капитан,12,36
Козлов Виктор Юрьевич,полковник,4,50
Соловьёв Михаил Александрович,рядовой,9,25
Сидоров Дмитрий Иванович,полковник,3,23
Попов Кирилл Александрович,майор,8,45
Макаров Егор Юрьевич,капитан,7,24
Степанов Степан Павлович,полковник,7,36
Морозов Артём Кириллович,капитан,4,47
Соколов Артём Сергеевич,рядовой,8,58
Зайцев Михаил Викторович,лейтенант,1,30
Сидоров Дмитрий Юрьевич,лейтенант,8,30
Николаев Матвей Кириллович,сержант,10,44
Михайлов Максим Михайлович,прапорщик,2,28
Семёнов Матвей Юрьевич,полковник,10,52
Павлов Александр Алексеевич,лейтенант,3,21
Степанов Константин Ильич,прапорщик,3,41
Сидоров Андрей Александрович,капитан,9,47
Зайцев Матвей Романович,прапорщик,12,43
Семёнов Юрий Дмитриевич,рядовой,5,48
Морозов Виктор Викторович,рядовой,2,26
Захаров Евгений Александрович,капитан,8,20
Васильев Кирилл Сергеевич,рядовой,7,30
Павлов Егор Максимович,рядовой,2,18
Егоров Артём Дмитриевич,рядовой,6,30
Фёдоров Виктор Андреевич,полковник,8,53
Иванов Дмитрий Романович,лейтенант,1,50
Павлов Егор Ильич,полковник,9,60
Захаров Михаил Максимович,капитан,7,26
Соловьёв Степан Никитич,полковник,2,56
Михайлов Кирилл Викторович,прапорщик,7,57
Иванов Матвей Юрьевич,капитан,3,33
Попов Виктор Максимович,полковник,9,30
Козлов Никита Юрьевич,лейтенант,12,52
Борисов Матвей Ильич,капитан,10,32
Васильев Никита Павлович,сержант,12,35
Смирнов Константин Иванович,рядовой,8,53
Кочергин Илья Сергеевич,капитан,11,55
Яковлев Алексей Викторович,капитан,7,57
Никитин Степан Иванович,лейтенант,9,48
Макаров Павел Павлович,майор,8,30
Лебедев Юрий Иванович,лейтенант,9,51
Захаров Дмитрий Романович,майор,12,56
Орлов Егор Олегович,прапорщик,3,25
Яковлев Роман Ильич,майор,11,58
Новиков Евгений Юрьевич,капитан,7,35
Соловьёв Евгений Александрович,рядовой,1,39
Яковлев Сергей Максимович,капитан,5,26
Орлов Роман Никитич,рядовой,12,18
Попов Андрей Дмитриевич,прапорщик,9,33
Фёдоров Павел Романович,майор,8,53
Егоров Александр Кириллович,прапорщик,3,42
Соловьёв Алексей Викторович,сержант,11,52
Попов Иван Павлович,полковник,1,45
Андреев Юрий Викторович,рядовой,7,27
Морозов Александр Максимович,полковник,11,48
Макаров Олег Алексеевич,полковник,7,24
Смирнов Константин Дмитриевич,капитан,6,45
Андреев Дмитрий Павлович,майор,10,57
Соколов Алексей Кириллович,сержант,12,30
Алексеев Денис Кириллович,лейтенант,12,39
Орлов Кирилл Дмитриевич,рядовой,10,48
Васильев Сергей Максимович,рядовой,3,19
Соловьёв Андрей Викторович,сержант,3,25
Кочергин Илья Максимович,лейтенант,5,60
Орлов Олег Сергеевич,капитан,10,32
Павлов Павел Андреевич,майор,8,33
Соколов Кирилл Александрович,капитан,12,39
Павлов Роман Кириллович,прапорщик,5,45
Козлов Алексей Кириллович,полковник,3,42
Никитин Егор Андреевич,прапорщик,3,55
Макаров Павел Олегович,лейтенант,4,55
Иванов Иван Михайлович,сержант,11,42
Алексеев Артём Ильич,капитан,11,57
Сидоров Алексей Андреевич,капитан,1,18
Попов Илья Юрьевич,рядовой,11,44
Иванов Константин Ильич,рядовой,5,22
Лебедев Виктор Кириллович,майор,4,42
Смирнов Алексей Кириллович,капитан,4,30
Павлов Максим Михайлович,прапорщик,11,35
Орлов Олег Викторович,прапорщик,2,39
Попов Илья Романович,капитан,10,46
Кузнецов Матвей Александрович,полковник,7,47
Андреев Максим Кириллович,сержант,3,32
Лебедев Юрий Александрович,капитан,1,33
Смирнов Илья Никитич,лейтенант,5,36
Яковлев Илья Александрович,майор,2,39
Орлов Илья Кириллович,капитан,6,53
Соколов Артём Андреевич,полковник,11,45
Морозов Дмитрий Александрович,рядовой,3,51
Сидоров Евгений Никитич,майор,9,57
Соколов Олег Павлович,прапорщик,6,56
Соловьёв Дмитрий Кириллович,полковник,11,21
Никитин Дмитрий Павлович,лейтенант,10,55
Сидоров Олег Ильич,прапорщик,7,53
Макаров Дмитрий Павлович,майор,1,42
Морозов Роман Максимович,сержант,2,49
Зайцев Михаил Юрьевич,сержант,7,49
Попов Артём Никитич,полковник,1,45
Павлов Степан Викторович,лейтенант,3,48
Никитин Никита Ильич,капитан,7,42
Павлов Константин Юрьевич,майор,1,46
Васильев Михаил Андреевич,рядовой,9,19
Макаров Евгений Ильич,рядовой,7,56
Егоров Андрей Ильич,майор,8,54
Никитин Павел Иванович,сержант,12,37
Кузнецов Виктор Александрович,прапорщик,7,43
Егоров Александр Викторович,сержант,6,28
Кочергин Иван Романович,лейтенант,6,29
Степанов Виктор Александрович,прапорщик,4,59
Яковлев Дмитрий Ильич,лейтенант,2,18
Зайцев Александр Михайлович,майор,7,58
Яковлев Александр Романович,рядовой,1,19
Смирнов Павел Романович,рядовой,1,57
Захаров Степан Юрьевич,сержант,7,35
Соловьёв Егор Андреевич,лейтенант,2,44
Борисов Иван Иванович,полковник,3,18
Морозов Павел Кириллович,полковник,12,39
Зайцев Кирилл Максимович,прапорщик,8,28
Соколов Павел Юрьевич,прапорщик,3,34
Захаров Иван Никитич,сержант,11,38
Павлов Павел Сергеевич,капитан,10,38
Степанов Денис Никитич,лейтенант,6,23
Козлов Степан Никитич,лейтенант,11,41
Кочергин Артём Сергеевич,полковник,7,19
Захаров Артём Алексеевич,майор,9,60
Павлов Евгений Михайлович,майор,9,54
Семёнов Степан Никитич,рядовой,12,49
Кузнецов Егор Кириллович,майор,12,40
Кузнецов Евгений Андреевич,капитан,1,51
Попов Артём Сергеевич,прапорщик,4,60
Соловьёв Юрий Дмитриевич,майор,3,40
Кузнецов Дмитрий Александрович,майор,3,54
Никитин Юрий Александрович,прапорщик,3,60
Алексеев Павел Дмитриевич,капитан,8,52
Попов Никита Кириллович,прапорщик,7,49
Орлов Александр Викторович,майор,9,39
Николаев Дмитрий Олегович,рядовой,7,22
Соколов Сергей Андреевич,рядовой,8,51
Павлов Виктор Максимович,лейтенант,11,29
Кочергин Егор Павлович,капитан,9,48
Михайлов Андрей Алексеевич,сержант,4,51
Яковлев Михаил Никитич,прапорщик,7,22
Сидоров Иван Романович,прапорщик,10,41
Яковлев Иван Максимович,майор,2,46
Никитин Александр Никитич,капитан,5,59
Андреев Михаил Максимович,прапорщик,4,42
Смирнов Кирилл Романович,полковник,2,60
Николаев Степан Ильич,рядовой,4,27
Смирнов Виктор Сергеевич,майор,7,48
Захаров Дмитрий Никитич,полковник,10,24
Яковлев Матвей Павлович,полковник,2,18
Петров Денис Андреевич,лейтенант,1,47
Кочергин Евгений Иванович,рядовой,7,36
Макаров Дмитрий Олегович,прапорщик,1,21
Фёдоров Степан Никитич,прапорщик,6,24
Макаров Андрей Алексеевич,лейтенант,3,57
Михайлов Алексей Максимович,рядовой,7,45
Захаров Михаил Юрьевич,сержант,11,35
Егоров Илья Андреевич,прапорщик,10,38
Семёнов Михаил Иванович,капитан,2,32
Васильев Денис Иванович,капитан,10,30
Соколов Кирилл Иванович,полковник,9,29
Никитин Артём Максимович,капитан,8,25
Кочергин Павел Михайлович,лейтенант,12,46
Никитин Матвей Олегович,капитан,10,60
Никитин Андрей Алексеевич,прапорщик,11,47
Алексеев Евгений Дмитриевич,лейтенант,3,39
Семёнов Виктор Викторович,прапорщик,11,22
Васильев Максим Романович,майор,5,44
Васильев Егор Юрьевич,майор,7,27
Смирнов Артём Олегович,полковник,1,45
Кузнецов Константин Никитич,полковник,12,55
Михайлов Кирилл Викторович,майор,3,49
Кузнецов Михаил Иванович,прапорщик,11,49
Кочергин Константин Юрьевич,прапорщик,2,24
Степанов Михаил Кириллович,майор,4,32
Кочергин Артём Олегович,рядовой,2,37
Михайлов Денис Сергеевич,прапорщик,11,54
Козлов Виктор Викторович,лейтенант,11,22
Козлов Кирилл Михайлович,прапорщик,10,41
Андреев Константин Павлович,рядовой,5,20
Борисов Константин Викторович,лейтенант,5,23
Яковлев Евгений Никитич,рядовой,3,42
Михайлов Александр Романович,полковник,4,41
Кузнецов Константин Кириллович,полковник,3,26
Лебедев Роман Юрьевич,сержант,12,60
Петров Никита Викторович,сержант,2,50
Алексеев Кирилл Романович,полковник,11,32
Кузнецов Виктор Олегович,рядовой,7,57
Сидоров Иван Михайлович,капитан,10,32
Николаев Юрий Михайлович,прапорщик,11,28
Попов Иван Сергеевич,капитан,1,40
Фёдоров Кирилл Юрьевич,рядовой,1,44
Яковлев Степан Юрьевич,сержант,12,18
Николаев Андрей Олегович,майор,3,19
Зайцев Матвей Олегович,майор,4,32
Яковлев Роман Михайлович,рядовой,10,46
Алексеев Андрей Алексеевич,лейтенант,2,60
Попов Степан Алексеевич,полковник,7,33
Смирнов Александр Павлович,полковник,9,47
Яковлев Алексей Иванович,прапорщик,1,46
Семёнов Кирилл Максимович,лейтенант,9,27
Яковлев Александр Михайлович,сержант,3,51
Сидоров Андрей Викторович,лейтенант,4,25
Никитин Иван Викторович,прапорщик,11,28
Орлов Денис Михайлович,сержант,8,52
Орлов Степан Юрьевич,сержант,5,26
Лебедев Матвей Максимович,прапорщик,1,42
Фёдоров Дмитрий Романович,капитан,1,54
Николаев Матвей Ильич,рядовой,7,37
Лебедев Дмитрий Иванович,капитан,11,34
Павлов Степан Викторович,прапорщик,4,35
Петров Денис Ильич,сержант,9,58
Новиков Матвей Павлович,полковник,9,50
Орлов Павел Кириллович,сержант,3,51
Сидоров Олег Юрьевич,рядовой,1,53
Попов Андрей Сергеевич,капитан,5,21
Васильев Артём Михайлович,капитан,12,48
Лебедев Матвей Кириллович,сержант,7,46
Никитин Степан Кириллович,прапорщик,9,53
Соловьёв Михаил Романович,прапорщик,10,20
Орлов Степан Олегович,лейтенант,11,51
Смирнов Артём Андреевич,полковник,4,24
Соловьёв Юрий Сергеевич,капитан,7,49
Никитин Юрий Павлович,майор,5,46
Фёдоров Виктор Кириллович,сержант,6,42
Кочергин Илья Алексеевич,капитан,3,29
Лебедев Александр Павлович,майор,11,55
Борисов Денис Юрьевич,лейтенант,8,33
Петров Степан Никитич,сержант,10,50
Фёдоров Дмитрий Викторович,полковник,8,20
Николаев Андрей Ильич,лейтенант,9,23
Орлов Дмитрий Михайлович,полковник,7,32
Кочергин Виктор Кириллович,сержант,12,19
Сидоров Матвей Никитич,лейтенант,2,26
Сидоров Кирилл Максимович,майор,3,58
Попов Степан Олегович,майор,8,30
Смирнов Виктор Михайлович,майор,2,58
Николаев Павел Михайлович,полковник,10,27
Николаев Егор Романович,майор,2,25
Павлов Никита Дмитриевич,полковник,3,18
Попов Олег Ильич,рядовой,6,58
Никитин Олег Алексеевич,рядовой,11,59
Павлов Александр Олегович,рядовой,3,37
Яковлев Константин Андреевич,рядовой,2,53
Макаров Михаил Кириллович,прапорщик,12,56
Семёнов Илья Александрович,полковник,10,51
Петров Егор Романович,лейтенант,3,48
Борисов Артём Дмитриевич,рядовой,7,39
Павлов Михаил Иванович,лейтенант,4,29
Орлов Кирилл Иванович,прапорщик,12,18
Макаров Матвей Кириллович,лейтенант,1,43
Фёдоров Егор Сергеевич,полковник,6,34
Николаев Александр Иванович,майор,3,24
Лебедев Юрий Юрьевич,сержант,11,54
Алексеев Андрей Андреевич,капитан,3,32
Макаров Виктор Никитич,майор,7,48
Смирнов Степан Никитич,прапорщик,7,22
Орлов Иван Ильич,сержант,8,37
Соколов Александр Викторович,лейтенант,12,60
Николаев Виктор Павлович,лейтенант,11,34
Николаев Александр Александрович,рядовой,11,51
Макаров Юрий Никитич,лейтенант,11,59
Алексеев Роман Иванович,сержант,6,54
Кочергин Александр Викторович,рядовой,3,35
Борисов Дмитрий Михайлович,майор,8,42
Морозов Юрий Андреевич,рядовой,11,40
Кочергин Алексей Алексеевич,майор,5,47
Смирнов Степан Дмитриевич,сержант,11,51
Егоров Максим Никитич,майор,4,47
Смирнов Дмитрий Никитич,майор,6,59
Егоров Алексей Павлович,рядовой,10,43
Макаров Дмитрий Александрович,майор,8,38
Петров Иван Викторович,прапорщик,3,28
Зайцев Максим Викторович,капитан,1,44
Алексеев Денис Викторович,полковник,5,50
Сидоров Евгений Ильич,рядовой,12,58
Сидоров Роман Ильич,майор,11,45
Егоров Кирилл Андреевич,полковник,7,33
Яковлев Артём Олегович,рядовой,9,55
Смирнов Илья Романович,прапорщик,10,45
Морозов Иван Алексеевич,лейтенант,3,53
Семёнов Степан Сергеевич,майор,12,50
Захаров Кирилл Сергеевич,майор,5,47
Кочергин Алексей Кириллович,капитан,1,28
Кочергин Денис Дмитриевич,полковник,10,36
Алексеев Максим Олегович,лейтенант,11,48
Сидоров Егор Михайлович,рядовой,9,25
Михайлов Егор Дмитриевич,прапорщик,11,54
Козлов Максим Андреевич,капитан,11,32
Алексеев Артём Андреевич,сержант,9,19
Борисов Виктор Алексеевич,капитан,8,56
Захаров Евгений Александрович,полковник,2,31
Никитин Михаил Юрьевич,сержант,12,20
Козлов Егор Юрьевич,сержант,9,45
Кочергин Денис Иванович,рядовой,10,45
Морозов Артём Викторович,полковник,7,47
Иванов Илья Алексеевич,лейтенант,5,57
Степанов Максим Никитич,сержант,9,33
Степанов Иван Романович,полковник,1,39
Борисов Илья Александрович,капитан,11,30
Васильев Роман Дмитриевич,рядовой,5,45
Зайцев Денис Сергеевич,прапорщик,2,23
Николаев Степан Алексеевич,лейтенант,1,33
Попов Алексей Никитич,майор,9,57
Сидоров Илья Павлович,рядовой,5,30
Лебедев Кирилл Иванович,прапорщик,8,59
Кочергин Егор Кириллович,капитан,5,19
Павлов Максим Андреевич,лейтенант,6,50
Захаров Кирилл Алексеевич,лейтенант,8,41
Козлов Михаил Викторович,капитан,3,28
Лебедев Виктор Дмитриевич,рядовой,10,27
Михайлов Олег Павлович,лейтенант,6,57
Фёдоров Денис Павлович,сержант,4,48
Смирнов Юрий Максимович,капитан,4,38
Смирнов Иван Александрович,капитан,8,25
Алексеев Никита Дмитриевич,капитан,2,47
Петров Артём Викторович,лейтенант,2,31
Фёдоров Алексей Никитич,сержант,9,24
Алексеев Павел Михайлович,прапорщик,4,52
Михайлов Никита Романович,прапорщик,3,58
Николаев Олег Викторович,сержант,5,35
Николаев Иван Иванович,полковник,4,57
Зайцев Олег Викторович,майор,11,55
Андреев Андрей Дмитриевич,рядовой,5,51
Кузнецов Константин Алексеевич,сержант,8,57
Зайцев Алексей Иванович,майор,10,56
Кочергин Степан Олегович,майор,6,18
Кочергин Егор Александрович,рядовой,2,43
Морозов Никита Павлович,прапорщик,2,23
Морозов Александр Кириллович,прапорщик,6,41
Павлов Сергей Дмитриевич,майор,11,21
Алексеев Роман Александрович,прапорщик,7,48
Семёнов Виктор Алексеевич,майор,2,30
Алексеев Александр Дмитриевич,капитан,5,31
Павлов Дмитрий Александрович,майор,7,33
Макаров Константин Кириллович,лейтенант,9,26
Никитин Илья Олегович,капитан,12,25
Иванов Константин Юрьевич,майор,9,46
Попов Максим Сергеевич,полковник,7,30
Орлов Александр Сергеевич,лейтенант,6,23
Алексеев Степан Дмитриевич,рядовой,5,48
Попов Сергей Романович,сержант,6,48
Борисов Виктор Дмитриевич,рядовой,10,31
Фёдоров Евгений Викторович,рядовой,8,21
Борисов Алексей Александрович,рядовой,11,40
Фёдоров Виктор Иванович,рядовой,11,24
Макаров Степан Викторович,капитан,10,18
Яковлев Дмитрий Романович,сержант,10,56
Никитин Кирилл Андреевич,сержант,3,40
Морозов Виктор Михайлович,полковник,4,59
Васильев Кирилл Алексеевич,майор,4,29
Николаев Максим Алексеевич,майор,5,30
Захаров Александр Андреевич,прапорщик,9,60
Николаев Артём Кириллович,майор,1,31
Кочергин Олег Максимович,сержант,3,26
Семёнов Егор Александрович,прапорщик,11,48
Николаев Кирилл Никитич,лейтенант,11,32
Иванов Константин Сергеевич,рядовой,1,46
Яковлев Олег Александрович,полковник,12,53
Семёнов Егор Павлович,лейтенант,9,37
Фёдоров Артём Ильич,прапорщик,11,59
Васильев Илья Иванович,майор,8,50
Новиков Илья Викторович,рядовой,2,22
Егоров Виктор Дмитриевич,сержант,4,43
Соловьёв Максим Ильич,лейтенант,4,48
Андреев Никита Александрович,лейтенант,1,38
Петров Илья Кириллович,майор,6,24
Борисов Сергей Павлович,сержант,12,60
Никитин Денис Никитич,полковник,6,46
Николаев Илья Олегович,полковник,3,40
Борисов Илья Александрович,сержант,5,60
Николаев Андрей Олегович,полковник,1,28
Лебедев Илья Алексеевич,сержант,7,57
Степанов Андрей Викторович,сержант,11,51
Лебедев Александр Андреевич,сержант,10,37
Макаров Александр Александрович,капитан,12,49
Фёдоров Максим Максимович,рядовой,3,54
Соколов Константин Михайлович,рядовой,10,54
Алексеев Матвей Олегович,лейтенант,9,54
Яковлев Матвей Павлович,прапорщик,12,40
Степанов Виктор Максимович,полковник,8,22
Васильев Дмитрий Кириллович,сержант,10,27
Захаров Степан Никитич,прапорщик,3,28
Смирнов Артём Никитич,майор,4,31
Кузнецов Максим Кириллович,полковник,4,20
Борисов Дмитрий Дмитриевич,прапорщик,12,28
Степанов Никита Павлович,рядовой,4,19
Никитин Андрей Ильич,майор,1,55
Фёдоров Евгений Юрьевич,майор,3,19
Попов Александр Викторович,прапорщик,3,21
Иванов Юрий Алексеевич,прапорщик,6,43
Степанов Артём Максимович,капитан,7,18
Алексеев Юрий Алексеевич,сержант,11,25
Михайлов Илья Юрьевич,прапорщик,5,32
Семёнов Илья Александрович,прапорщик,4,40
Степанов Егор Андреевич,лейтенант,7,33
Иванов Дмитрий Юрьевич,лейтенант,4,58
Попов Никита Андреевич,лейтенант,11,33
Степанов Иван Павлович,лейтенант,5,53
Павлов Максим Кириллович,капитан,2,35
Кузнецов Александр Кириллович,лейтенант,6,43
Степанов Михаил Максимович,полковник,5,33
Сидоров Михаил Александрович,рядовой,4,55
Егоров Степан Юрьевич,майор,9,37
Попов Константин Иванович,сержант,12,30
Макаров Иван Сергеевич,капитан,10,34
Борисов Алексей Никитич,рядовой,9,58
Павлов Евгений Иванович,лейтенант,11,32
Егоров Александр Алексеевич,майор,9,39
Кузнецов Максим Андреевич,полковник,1,21
Зайцев Михаил Максимович,лейтенант,5,53
Борисов Юрий Иванович,майор,2,41
Морозов Павел Павлович,прапорщик,9,48
Зайцев Дмитрий Ильич,полковник,3,25
Егоров Иван Александрович,сержант,10,41
Макаров Дмитрий Михайлович,сержант,4,60
Соловьёв Матвей Михайлович,рядовой,3,22
Алексеев Павел Дмитриевич,лейтенант,9,22
Соколов Никита Павлович,сержант,11,42
Соловьёв Андрей Андреевич,прапорщик,11,36
Алексеев Алексей Олегович,прапорщик,6,44
Смирнов Матвей Юрьевич,майор,8,26
Зайцев Илья Романович,майор,6,23
Семёнов Андрей Викторович,прапорщик,12,53
Новиков Иван Алексеевич,лейтенант,1,40
Козлов Константин Михайлович,прапорщик,7,24
Лебедев Илья Романович,сержант,7,21
Алексеев Юрий Никитич,прапорщик,8,18
Алексеев Юрий Юрьевич,прапорщик,1,56
Макаров Максим Алексеевич,лейтенант,1,27
Николаев Евгений Викторович,майор,1,19
Макаров Иван Максимович,рядовой,1,45
Новиков Евгений Дмитриевич,полковник,3,30
Кузнецов Матвей Павлович,капитан,10,58
Борисов Евгений Александрович,рядовой,9,52
Яковлев Сергей Никитич,капитан,5,52
Николаев Константин Никитич,лейтенант,11,39
Михайлов Максим Максимович,сержант,5,29
Кузнецов Константин Олегович,рядовой,7,57
Сидоров Илья Алексеевич,полковник,12,25
Семёнов Юрий Алексеевич,майор,10,38
Зайцев Андрей Максимович,капитан,7,45
Лебедев Евгений Андреевич,сержант,11,55
Алексеев Денис Романович,лейтенант,12,47
Алексеев Юрий Иванович,капитан,5,53
Кочергин Илья Викторович,капитан,8,59
Орлов Евгений Иванович,прапорщик,10,46
Яковлев Сергей Максимович,полковник,9,57
Борисов Денис Андреевич,прапорщик,12,51
Борисов Сергей Викторович,рядовой,7,30
Васильев Денис Викторович,прапорщик,8,27
Андреев Егор Викторович,майор,4,28
Зайцев Роман Сергеевич,сержант,7,22
Фёдоров Виктор Кириллович,лейтенант,5,21
Семёнов Юрий Павлович,сержант,1,58
Зайцев Алексей Андреевич,полковник,12,19
Семёнов Михаил Романович,майор,10,44
Попов Кирилл Максимович,майор,4,27
Михайлов Никита Сергеевич,майор,3,33
Орлов Максим Никитич,майор,11,23
Михайлов Алексей Максимович,полковник,6,51
Кузнецов Никита Михайлович,полковник,6,25
Михайлов Илья Никитич,сержант,9,27
Морозов Дмитрий Дмитриевич,капитан,12,42
Орлов Константин Андреевич,рядовой,6,22
Петров Артём Михайлович,майор,2,41
Козлов Михаил Андреевич,майор,9,30
Новиков Павел Никитич,сержант,9,33
Морозов Андрей Викторович,рядовой,7,18
Лебедев Денис Максимович,прапорщик,10,48
Кочергин Михаил Андреевич,сержант,7,57
Смирнов Денис Дмитриевич,сержант,3,37
Попов Алексей Кириллович,прапорщик,2,47
Николаев Иван Андреевич,полковник,12,23
Орлов Сергей Викторович,рядовой,1,41
Попов Михаил Романович,полковник,10,43
Иванов Константин Александрович,рядовой,3,48
Соловьёв Сергей Юрьевич,сержант,1,54
Орлов Степан Никитич,рядовой,3,46
Никитин Дмитрий Михайлович,сержант,2,40
Попов Сергей Максимович,полковник,10,57
Зайцев Денис Сергеевич,лейтенант,9,44
Макаров Алексей Иванович,майор,7,23
Морозов Егор Кириллович,лейтенант,9,52
Кочергин Кирилл Павлович,майор,11,39
Николаев Александр Никитич,полковник,6,42
Козлов Роман Александрович,полковник,12,44
Яковлев Алексей Иванович,сержант,7,58
Орлов Денис Никитич,капитан,3,53
Николаев Максим Юрьевич,рядовой,2,30
Яковлев Юрий Олегович,сержант,6,36
Васильев Сергей Кириллович,сержант,2,23
Андреев Андрей Юрьевич,майор,1,45
Макаров Михаил Романович,прапорщик,8,51
Захаров Артём Александрович,прапорщик,10,48
Степанов Юрий Максимович,рядовой,4,20
Макаров Артём Кириллович,полковник,8,55
Степанов Сергей Павлович,рядовой,9,39
Андреев Александр Алексеевич,капитан,8,43
Лебедев Дмитрий Олегович,прапорщик,5,18
Степанов Артём Александрович,майор,6,48
Лебедев Егор Максимович,прапорщик,1,42
Козлов Андрей Павлович,рядовой,1,40
Новиков Андрей Олегович,сержант,6,49
Михайлов Дмитрий Романович,рядовой,8,37
Михайлов Михаил Никитич,рядовой,4,51
Яковлев Степан Андреевич,прапорщик,9,59
Попов Илья Иванович,прапорщик,3,43
Соколов Иван Ильич,сержант,9,21
Соловьёв Роман Сергеевич,лейтенант,8,57
Степанов Евгений Дмитриевич,прапорщик,4,52
Андреев Максим Дмитриевич,рядовой,7,31
Смирнов Александр Романович,капитан,11,40
Иванов Иван Павлович,рядовой,5,18
Орлов Кирилл Олегович,капитан,8,25
Соловьёв Виктор Олегович,капитан,1,48
Захаров Илья Кириллович,капитан,3,24
Петров Константин Алексеевич,рядовой,1,57
Смирнов Сергей Михайлович,капитан,12,51
Степанов Андрей Сергеевич,майор,7,53
Морозов Александр Михайлович,лейтенант,10,30
Степанов Евгений Кириллович,майор,7,34
Борисов Роман Александрович,майор,7,58
Смирнов Александр Олегович,рядовой,4,32
Егоров Андрей Андреевич,майор,4,53
Николаев Юрий Алексеевич,сержант,4,41
Васильев Иван Романович,прапорщик,11,49
Кузнецов Иван Дмитриевич,прапорщик,10,26
Никитин Олег Романович,рядовой,11,22
Павлов Олег Викторович,сержант,1,44
Степанов Роман Иванович,полковник,8,49
Кочергин Денис Викторович,капитан,9,48
Смирнов Артём Александрович,капитан,11,34
Зайцев Евгений Ильич,капитан,8,26
Иванов Дмитрий Павлович,майор,7,31
Кузнецов Константин Романович,лейтенант,9,54
Павлов Роман Иванович,лейтенант,5,50
Никитин Павел Кириллович,лейтенант,8,58
Иванов Егор Максимович,капитан,12,49
Яковлев Матвей Александрович,рядовой,4,51
Сидоров Михаил Дмитриевич,прапорщик,4,53
Павлов Александр Максимович,прапорщик,4,22
Морозов Александр Александрович,полковник,6,52
Васильев Матвей Ильич,прапорщик,12,52
Фёдоров Олег Никитич,полковник,3,39
Фёдоров Роман Максимович,прапорщик,2,46
Егоров Михаил Ильич,полковник,8,42
Иванов Сергей Ильич,сержант,6,48
Орлов Павел Сергеевич,майор,7,56
Морозов Юрий Кириллович,майор,6,27
Михайлов Виктор Олегович,полковник,10,30
Никитин Виктор Олегович,рядовой,5,29
Фёдоров Павел Александрович,прапорщик,12,18
Сидоров Константин Кириллович,капитан,6,53
Козлов Евгений Максимович,майор,12,50
Макаров Михаил Кириллович,майор,3,35
Зайцев Михаил Иванович,лейтенант,12,37
Зайцев Илья Никитич,майор,3,38
Козлов Матвей Максимович,сержант,3,53
Кочергин Павел Романович,сержант,10,32
Соловьёв Олег Алексеевич,рядовой,1,45
Кузнецов Степан Павлович,капитан,6,26
Смирнов Виктор Дмитриевич,рядовой,12,47
Соколов Никита Дмитриевич,рядовой,4,29
Макаров Олег Иванович,полковник,8,19
Николаев Михаил Никитич,полковник,2,34
Егоров Андрей Андреевич,прапорщик,4,19
Попов Никита Романович,капитан,9,53
Морозов Никита Викторович,сержант,10,32
Степанов Денис Михайлович,сержант,11,43
Иванов Степан Иванович,прапорщик,1,26
Орлов Роман Алексеевич,полковник,6,55
Степанов Сергей Михайлович,полковник,11,33
Зайцев Никита Ильич,полковник,10,41
Степанов Никита Олегович,капитан,2,47
Попов Александр Юрьевич,рядовой,4,45
Андреев Денис Ильич,лейтенант,4,42
Соколов Дмитрий Сергеевич,прапорщик,11,29
Семёнов Денис Ильич,лейтенант,5,52
Захаров Максим Сергеевич,капитан,5,35
Павлов Денис Александрович,прапорщик,3,54
Смирнов Степан Никитич,прапорщик,1,54
Иванов Дмитрий Алексеевич,прапорщик,6,51
Лебедев Евгений Андреевич,прапорщик,8,30
Смирнов Артём Александрович,сержант,3,19
Соколов Иван Кириллович,майор,6,37
Петров Матвей Кириллович,сержант,11,34
Никитин Александр Сергеевич,лейтенант,5,47
Павлов Матвей Дмитриевич,полковник,12,44
Яковлев Дмитрий Кириллович,сержант,8,22
Степанов Степан Павлович,прапорщик,9,38
Сидоров Александр Андреевич,майор,12,22
Зайцев Михаил Павлович,прапорщик,5,52
Борисов Сергей Ильич,сержант,3,19
Захаров Роман Максимович,прапорщик,3,38
Соловьёв Александр Максимович,капитан,2,46
Семёнов Константин Викторович,капитан,6,19
Соловьёв Михаил Викторович,майор,12,20
Иванов Роман Алексеевич,сержант,6,20
Сидоров Иван Юрьевич,прапорщик,10,22
Лебедев Виктор Никитич,полковник,9,59
Козлов Дмитрий Алексеевич,сержант,10,32
Алексеев Александр Никитич,майор,5,49
Иванов Иван Александрович,лейтенант,7,21
Макаров Матвей Юрьевич,капитан,7,38
Кузнецов Денис Ильич,капитан,9,33
Сидоров Сергей Алексеевич,майор,6,55
Егоров Алексей Андреевич,полковник,2,50
Андреев Константин Викторович,полковник,1,25
Алексеев Андрей Никитич,майор,5,35
Морозов Максим Павлович,капитан,7,23
Васильев Денис Александрович,сержант,5,19
Зайцев Степан Никитич,капитан,8,51
Фёдоров Илья Сергеевич,прапорщик,12,20
Захаров Андрей Викторович,майор,5,33
Козлов Илья Сергеевич,полковник,10,24
Орлов Роман Иванович,прапорщик,6,55
Михайлов Степан Александрович,лейтенант,3,21
Козлов Виктор Романович,полковник,3,49
Степанов Никита Павлович,рядовой,8,28
Морозов Дмитрий Ильич,сержант,11,60
Андреев Илья Александрович,сержант,1,44
Никитин Степан Алексеевич,полковник,3,18
Фёдоров Артём Никитич,прапорщик,3,53
Смирнов Артём Михайлович,капитан,8,50
Фёдоров Иван Романович,полковник,3,32
Кузнецов Роман Павлович,рядовой,1,31
Павлов Андрей Сергеевич,рядовой,9,44
Попов Александр Романович,полковник,1,26
Морозов Никита Максимович,сержант,1,54
Никитин Олег Павлович,полковник,3,56
Новиков Алексей Олегович,прапорщик,11,57
Семёнов Денис Александрович,лейтенант,1,31
Новиков Никита Павлович,сержант,2,40
Морозов Никита Андреевич,лейтенант,5,27
Соловьёв Сергей Павлович,капитан,2,55
Борисов Матвей Юрьевич,прапорщик,10,37
Смирнов Виктор Александрович,прапорщик,6,34
Соловьёв Павел Дмитриевич,лейтенант,6,37
Макаров Денис Андреевич,капитан,3,37
Петров Олег Павлович,полковник,7,43
Сидоров Виктор Сергеевич,полковник,9,46
Соловьёв Дмитрий Александрович,лейтенант,5,57
Никитин Степан Александрович,рядовой,7,23
Павлов Дмитрий Андреевич,полковник,1,30
Смирнов Матвей Иванович,лейтенант,8,47
Соловьёв Никита Алексеевич,рядовой,7,30
Морозов Константин Алексеевич,майор,5,35
Новиков Матвей Александрович,лейтенант,7,38
Новиков Иван Сергеевич,полковник,6,41
Степанов Илья Викторович,лейтенант,6,60
Смирнов Михаил Андреевич,прапорщик,12,50
Иванов Денис Никитич,сержант,3,25
Попов Александр Ильич,полковник,8,31
Захаров Егор Александрович,рядовой,2,37
Фёдоров Алексей Кириллович,сержант,4,26
Никитин Константин Сергеевич,полковник,5,26
Николаев Дмитрий Михайлович,полковник,2,49
Козлов Артём Романович,сержант,9,36
Васильев Александр Юрьевич,рядовой,12,50
Новиков Егор Олегович,рядовой,10,19
Соколов Юрий Романович,рядовой,11,35
Степанов Дмитрий Ильич,сержант,4,24
Соколов Павел Ильич,лейтенант,12,20
Яковлев Матвей Юрьевич,сержант,12,21
Орлов Иван Ильич,рядовой,2,41
Зайцев Виктор Олегович,лейтенант,7,29
Яковлев Илья Олегович,прапорщик,9,26
Кочергин Илья Александрович,полковник,2,42
Соловьёв Максим Дмитриевич,сержант,1,60
Васильев Евгений Викторович,полковник,10,35
Попов Роман Ильич,майор,5,18
Макаров Матвей Никитич,полковник,8,40
Морозов Максим Романович,полковник,11,43
Степанов Евгений Кириллович,сержант,3,56
Зайцев Павел Максимович,майор,9,22
Попов Евгений Александрович,капитан,2,54
Сидоров Иван Юрьевич,майор,1,23
Козлов Юрий Алексеевич,полковник,8,47
Николаев Сергей Викторович,капитан,6,43
Семёнов Евгений Романович,майор,9,46
Зайцев Роман Олегович,рядовой,3,23
Андреев Иван Юрьевич,майор,12,36
Макаров Кирилл Никитич,рядовой,6,42
Морозов Иван Никитич,сержант,8,39
Соловьёв Константин Алексеевич,прапорщик,9,22
Васильев Андрей Сергеевич,капитан,1,24
Попов Константин Иванович,прапорщик,9,35
Орлов Кирилл Романович,лейтенант,4,38
Попов Роман Михайлович,рядовой,8,24
Андреев Михаил Максимович,сержант,2,20
Михайлов Егор Иванович,сержант,8,37
Петров Кирилл Иванович,лейтенант,5,38
Михайлов Артём Максимович,майор,3,54
Петров Илья Алексеевич,лейтенант,6,24
Кузнецов Павел Михайлович,лейтенант,3,54
Козлов Андрей Павлович,полковник,4,30
Лебедев Дмитрий Дмитриевич,капитан,6,25
Сидоров Артём Максимович,майор,3,27
Кузнецов Иван Олегович,рядовой,6,53
Михайлов Андрей Иванович,майор,2,23
Яковлев Степан Юрьевич,майор,5,29
Попов Илья Сергеевич,капитан,6,50
Васильев Максим Ильич,сержант,10,48
Морозов Денис Александрович,сержант,5,19
Степанов Иван Сергеевич,майор,9,23
Михайлов Степан Иванович,прапорщик,4,43
Кузнецов Олег Викторович,майор,5,51
Соловьёв Сергей Викторович,сержант,2,48
Макаров Степан Романович,сержант,10,48
Алексеев Михаил Алексеевич,полковник,9,34
Николаев Роман Романович,рядовой,10,27
Кочергин Максим Юрьевич,майор,11,40
Орлов Степан Павлович,полковник,10,27
Лебедев Юрий Никитич,сержант,11,57
Петров Олег Дмитриевич,сержант,10,25
Кочергин Сергей Дмитриевич,сержант,9,23
Смирнов Сергей Сергеевич,лейтенант,1,37
Иванов Михаил Юрьевич,капитан,11,60
Захаров Денис Кириллович,лейтенант,5,50
Петров Матвей Андреевич,рядовой,12,47
Макаров Александр Андреевич,рядовой,8,33
Козлов Денис Дмитриевич,майор,2,44
Орлов Илья Сергеевич,лейтенант,3,55
Фёдоров Евгений Максимович,рядовой,8,48
Смирнов Павел Павлович,майор,8,45
Семёнов Кирилл Максимович,майор,7,42
Зайцев Дмитрий Павлович,прапорщик,9,39
Соловьёв Степан Никитич,полковник,11,37
Михайлов Виктор Андреевич,прапорщик,6,21
Борисов Кирилл Павлович,прапорщик,6,32
Егоров Егор Никитич,прапорщик,2,29
Алексеев Никита Алексеевич,лейтенант,7,44
Лебедев Илья Сергеевич,прапорщик,6,29
Фёдоров Кирилл Максимович,майор,8,52
Васильев Алексей Максимович,рядовой,3,42
Павлов Сергей Олегович,капитан,6,19
Соловьёв Роман Ильич,прапорщик,6,51
Орлов Никита Олегович,майор,12,55
Семёнов Денис Максимович,рядовой,5,41
Николаев Роман Алексеевич,лейтенант,12,33
Новиков Алексей Никитич,сержант,4,41
Степанов Алексей Юрьевич,рядовой,1,39
Кузнецов Матвей Максимович,полковник,4,43
Попов Денис Алексеевич,прапорщик,9,43
Смирнов Евгений Алексеевич,рядовой,2,58
Михайлов Александр Михайлович,майор,9,47
Михайлов Андрей Олегович,рядовой,6,58
Захаров Михаил Викторович,рядовой,3,22
Никитин Роман Андреевич,лейтенант,6,47
Николаев Артём Кириллович,майор,3,20
Иванов Егор Сергеевич,рядовой,11,57
Захаров Илья Олегович,капитан,10,40
Яковлев Андрей Юрьевич,полковник,5,52
Иванов Алексей Ильич,сержант,11,40
Попов Илья Романович,полковник,9,58
Михайлов Виктор Иванович,капитан,7,33
Захаров Степан Ильич,майор,11,51
Новиков Роман Дмитриевич,лейтенант,5,55
Сидоров Роман Сергеевич,прапорщик,6,38
Алексеев Сергей Ильич,полковник,10,45
Никитин Юрий Дмитриевич,полковник,11,37
Семёнов Олег Романович,полковник,2,58
Иванов Михаил Алексеевич,прапорщик,3,38
Павлов Кирилл Павлович,прапорщик,9,55
Козлов Артём Ильич,сержант,6,48
Сидоров Иван Олегович,капитан,12,41
Васильев Евгений Михайлович,капитан,10,35
Иванов Евгений Михайлович,майор,8,47
Кузнецов Денис Викторович,сержант,9,19
Степанов Андрей Юрьевич,лейтенант,12,22
Новиков Александр Александрович,полковник,11,36
Захаров Роман Михайлович,рядовой,9,49
Степанов Степан Сергеевич,лейтенант,4,45
Смирнов Евгений Романович,лейтенант,12,39
Кузнецов Кирилл Иванович,сержант,2,42
Новиков Алексей Дмитриевич,майор,2,25
Макаров Евгений Дмитриевич,капитан,3,59
Степанов Никита Михайлович,майор,9,59
Фёдоров Андрей Максимович,майор,2,59
Кузнецов Сергей Иванович,капитан,5,45
Соколов Артём Кириллович,капитан,2,48
Козлов Виктор Михайлович,сержант,8,44
Яковлев Павел Дмитриевич,рядовой,8,47
Иванов Роман Дмитриевич,майор,6,32
Яковлев Артём Викторович,рядовой,11,25
Степанов Олег Кириллович,лейтенант,4,56
Никитин Константин Олегович,майор,6,22
Борисов Кирилл Ильич,лейтенант,5,45
Попов Павел Павлович,майор,12,54
Петров Матвей Никитич,майор,6,29
Сидоров Павел Дмитриевич,полковник,10,28
Кочергин Денис Сергеевич,сержант,6,52
Захаров Кирилл Александрович,прапорщик,8,44
Захаров Дмитрий Кириллович,полковник,12,19
Лебедев Илья Романович,прапорщик,7,21
Иванов Денис Викторович,майор,5,21
Николаев Денис Олегович,капитан,6,42
Михайлов Кирилл Андреевич,прапорщик,6,54
Соколов Илья Михайлович,капитан,9,42
Козлов Никита Никитич,лейтенант,9,21
Иванов Андрей Алексеевич,рядовой,11,57
Лебедев Егор Михайлович,лейтенант,6,30
Сидоров Юрий Юрьевич,майор,6,57
Фёдоров Павел Олегович,сержант,11,60
Николаев Денис Михайлович,сержант,4,32
Новиков Виктор Сергеевич,полковник,3,52
Андреев Илья Никитич,полковник,4,58
Соловьёв Денис Александрович,сержант,8,39
Попов Роман Олегович,капитан,6,48
Морозов Илья Максимович,лейтенант,11,56
Смирнов Артём Михайлович,лейтенант,9,56
Соколов Илья Андреевич,лейтенант,7,43
Яковлев Максим Павлович,сержант,10,50
Михайлов Евгений Сергеевич,полковник,2,47
Кузнецов Андрей Романович,рядовой,3,38
Семёнов Михаил Сергеевич,полковник,6,31
Попов Михаил Олегович,майор,1,58
Кочергин Илья Сергеевич,майор,9,18
Егоров Никита Иванович,прапорщик,3,20
Никитин Роман Александрович,капитан,11,56
Андреев Илья Павлович,рядовой,1,49
Павлов Павел Михайлович,капитан,4,39
Никитин Александр Павлович,рядовой,8,47
Попов Артём Андреевич,рядовой,8,40
Сидоров Сергей Кириллович,прапорщик,9,45
Фёдоров Иван Олегович,майор,9,25
Иванов Илья Алексеевич,рядовой,3,28
Михайлов Александр Сергеевич,лейтенант,4,28
Павлов Максим Романович,капитан,12,58
Яковлев Никита Никитич,сержант,2,27
Михайлов Олег Олегович,лейтенант,5,18
Андреев Александр Никитич,рядовой,5,33
Лебедев Степан Сергеевич,полковник,5,22
Смирнов Павел Иванович,капитан,8,32
Алексеев Дмитрий Олегович,майор,4,34
Петров Матвей Максимович,сержант,1,20
Морозов Иван Алексеевич,сержант,10,41
Васильев Алексей Викторович,капитан,2,50
Попов Илья Кириллович,полковник,2,44
Семёнов Сергей Олегович,сержант,10,55
Алексеев Юрий Максимович,майор,8,39
Новиков Степан Максимович,прапорщик,5,26
Николаев Юрий Кириллович,сержант,6,27
Орлов Сергей Романович,лейтенант,1,27
Васильев Виктор Алексеевич,прапорщик,8,37
Яковлев Роман Юрьевич,капитан,3,49
Сидоров Степан Иванович,прапорщик,12,22
Соколов Иван Дмитриевич,сержант,12,40
Андреев Павел Викторович,полковник,10,47
Соловьёв Степан Александрович,капитан,8,50
Николаев Михаил Сергеевич,лейтенант,9,44
Борисов Денис Кириллович,капитан,4,45
Степанов Илья Никитич,майор,12,56
Козлов Виктор Романович,полковник,8,29
Иванов Андрей Дмитриевич,сержант,6,28
Смирнов Дмитрий Никитич,капитан,2,25
Зайцев Кирилл Олегович,капитан,11,23
Соколов Степан Кириллович,сержант,2,31
Егоров Егор Ильич,майор,11,36
Козлов Андрей Ильич,полковник,6,26
Макаров Кирилл Ильич,лейтенант,12,25
Петров Кирилл Сергеевич,лейтенант,7,29
Захаров Степан Романович,полковник,12,24
Соловьёв Александр Кириллович,майор,1,22
Алексеев Кирилл Дмитриевич,майор,5,19
Соколов Константин Викторович,полковник,11,43
Кузнецов Сергей Сергеевич,капитан,9,19
Алексеев Константин Дмитриевич,прапорщик,4,50
Козлов Максим Сергеевич,прапорщик,11,50
Кузнецов Максим Сергеевич,сержант,1,42
Кузнецов Кирилл Никитич,рядовой,9,38
Никитин Александр Максимович,майор,7,44
Макаров Михаил Максимович,прапорщик,1,56
Степанов Матвей Юрьевич,майор,6,42
Егоров Максим Максимович,майор,4,34
Соколов Максим Романович,сержант,3,56
Соколов Сергей Михайлович,капитан,4,56
Кузнецов Евгений Андреевич,полковник,3,31
Морозов Юрий Павлович,сержант,5,48
Зайцев Алексей Олегович,сержант,12,35
Зайцев Иван Сергеевич,капитан,12,32
Козлов Сергей Олегович,прапорщик,3,46
Орлов Иван Ильич,рядовой,9,48
Андреев Андрей Михайлович,рядовой,4,43
Новиков Евгений Дмитриевич,рядовой,12,28
Орлов Матвей Никитич,рядовой,7,35
Борисов Олег Павлович,майор,8,45
Морозов Максим Юрьевич,сержант,8,49
Яковлев Юрий Романович,полковник,4,28
Козлов Сергей Андреевич,сержант,11,42
Фёдоров Никита Олегович,прапорщик,5,24
Михайлов Павел Ильич,рядовой,1,22
Макаров Матвей Александрович,сержант,9,29
Михайлов Александр Кириллович,рядовой,10,28
Кузнецов Виктор Кириллович,полковник,5,30
Кочергин Кирилл Никитич,прапорщик,7,45
Васильев Александр Дмитриевич,лейтенант,7,54
Фёдоров Степан Дмитриевич,майор,5,57
Михайлов Александр Павлович,лейтенант,5,37
Алексеев Матвей Максимович,прапорщик,8,24
Семёнов Виктор Андреевич,майор,4,21
Иванов Андрей Ильич,полковник,5,54
Орлов Андрей Михайлович,полковник,5,39
Фёдоров Дмитрий Юрьевич,прапорщик,11,28
Зайцев Константин Андреевич,полковник,9,19
Васильев Юрий Юрьевич,капитан,11,35
Михайлов Александр Дмитриевич,рядовой,2,18
Борисов Никита Олегович,капитан,10,48
Семёнов Константин Дмитриевич,сержант,12,45
Зайцев Кирилл Павлович,прапорщик,5,26
Орлов Андрей Сергеевич,полковник,7,55
Алексеев Виктор Алексеевич,майор,9,45
Козлов Денис Викторович,полковник,10,32
Зайцев Михаил Романович,капитан,7,30
Соловьёв Матвей Юрьевич,сержант,3,60
Васильев Максим Романович,сержант,11,43
Петров Матвей Викторович,капитан,5,53
Сидоров Никита Викторович,прапорщик,9,25
Иванов Дмитрий Максимович,майор,6,37
Новиков Иван Иванович,рядовой,3,34
Морозов Денис Кириллович,лейтенант,11,54
Андреев Степан Михайлович,капитан,1,21
Кузнецов Александр Кириллович,сержант,9,49
Соловьёв Олег Дмитриевич,лейтенант,9,54
Соловьёв Роман Максимович,лейтенант,9,33
Захаров Андрей Андреевич,прапорщик,11,21
Степанов Юрий Сергеевич,полковник,6,41
Лебедев Илья Алексеевич,сержант,3,29
Соколов Юрий Андреевич,лейтенант,1,23
Лебедев Матвей Никитич,сержант,7,57
Макаров Юрий Ильич,сержант,1,57
Козлов Олег Максимович,сержант,5,27
Васильев Михаил Ильич,майор,10,59
Никитин Дмитрий Олегович,рядовой,12,51
Михайлов Никита Павлович,майор,12,48
Кузнецов Иван Иванович,лейтенант,4,19
Кузнецов Юрий Ильич,майор,12,55
Зайцев Михаил Никитич,лейтенант,12,46
Сидоров Кирилл Павлович,лейтенант,4,31
Николаев Павел Дмитриевич,капитан,3,25
Соколов Иван Дмитриевич,рядовой,9,31
Зайцев Алексей Юрьевич,прапорщик,1,30
Смирнов Егор Никитич,майор,12,48
Захаров Кирилл Кириллович,прапорщик,2,52
Егоров Сергей Иванович,полковник,11,46
Николаев Егор Иванович,рядовой,6,21
Кузнецов Сергей Павлович,прапорщик,6,56
Павлов Андрей Максимович,капитан,5,25
Морозов Максим Юрьевич,лейтенант,4,50
Алексеев Максим Александрович,капитан,6,37
Яковлев Александр Кириллович,рядовой,4,27
Морозов Илья Иванович,прапорщик,6,55
Степанов Матвей Ильич,капитан,8,29
Иванов Юрий Романович,полковник,7,19
Иванов Олег Олегович,майор,5,26
Иванов Константин Алексеевич,полковник,3,41
Козлов Денис Кириллович,капитан,7,47
Захаров Дмитрий Викторович,полковник,2,20
Кочергин Юрий Александрович,рядовой,12,23
Андреев Илья Александрович,сержант,3,28
Васильев Виктор Алексеевич,сержант,6,37
Соколов Артём Юрьевич,майор,5,38
Васильев Егор Романович,лейтенант,1,26
Кочергин Денис Никитич,рядовой,3,23
Соловьёв Роман Кириллович,капитан,3,34
Фёдоров Павел Павлович,сержант,3,32
Яковлев Константин Юрьевич,сержант,5,52
Зайцев Кирилл Ильич,капитан,7,21
Степанов Павел Павлович,майор,1,47
Козлов Артём Максимович,рядовой,6,24
Морозов Олег Александрович,майор,8,22
Николаев Дмитрий Максимович,лейтенант,6,30
Андреев Никита Иванович,майор,11,22
Никитин Матвей Ильич,майор,3,21
Андреев Константин Алексеевич,капитан,4,59
Морозов Илья Михайлович,сержант,11,35
Николаев Константин Романович,рядовой,12,23
Фёдоров Алексей Александрович,рядовой,12,44
Михайлов Евгений Олегович,рядовой,11,38
Лебедев Виктор Викторович,полковник,10,55
Васильев Виктор Алексеевич,прапорщик,7,57
Николаев Роман Михайлович,капитан,3,51
Яковлев Павел Олегович,сержант,9,57
Николаев Павел Олегович,капитан,1,24
Попов Юрий Олегович,лейтенант,10,57
Васильев Дмитрий Дмитриевич,прапорщик,5,46
Кочергин Кирилл Алексеевич,майор,5,57
Михайлов Михаил Андреевич,майор,9,29
Зайцев Степан Максимович,капитан,4,27
Фёдоров Матвей Максимович,полковник,3,42
Кочергин Константин Максимович,лейтенант,11,52
Попов Иван Алексеевич,капитан,8,29
Смирнов Илья Олегович,капитан,12,19
Павлов Роман Олегович,рядовой,3,26
Козлов Роман Кириллович,рядовой,7,40
Соловьёв Дмитрий Сергеевич,майор,3,35
Зайцев Дмитрий Никитич,майор,1,31
Новиков Сергей Юрьевич,лейтенант,1,60
Орлов Константин Юрьевич,рядовой,4,49
Семёнов Денис Ильич,капитан,7,37
Иванов Кирилл Викторович,полковник,1,35
Зайцев Андрей Дмитриевич,майор,9,45
Захаров Роман Никитич,лейтенант,12,51
Алексеев Артём Иванович,майор,10,35
Соколов Александр Максимович,полковник,3,26
Кочергин Константин Никитич,рядовой,6,33
Орлов Никита Михайлович,полковник,4,25
Егоров Денис Александрович,майор,11,40
Никитин Дмитрий Алексеевич,сержант,2,44
Соловьёв Андрей Иванович,капитан,4,29
Соловьёв Алексей Михайлович,рядовой,12,51
Зайцев Михаил Александрович,майор,8,36
Козлов Артём Кириллович,прапорщик,2,44
Кузнецов Илья Андреевич,прапорщик,11,26
Егоров Денис Михайлович,прапорщик,1,26
Козлов Сергей Ильич,сержант,3,27
Семёнов Егор Александрович,полковник,4,55
Попов Сергей Сергеевич,лейтенант,6,50
Никитин Дмитрий Павлович,прапорщик,4,58
Егоров Матвей Романович,майор,2,26
Степанов Павел Олегович,лейтенант,12,33
Соловьёв Сергей Александрович,прапорщик,9,33
Захаров Александр Викторович,лейтенант,10,19
Захаров Виктор Никитич,лейтенант,4,38
Иванов Денис Юрьевич,сержант,12,24
Павлов Степан Романович,капитан,4,47
Лебедев Матвей Кириллович,сержант,6,56
Орлов Юрий Михайлович,майор,1,54
Захаров Никита Кириллович,полковник,4,28
Николаев Кирилл Кириллович,сержант,12,38
Соловьёв Александр Павлович,капитан,9,36
Соловьёв Михаил Кириллович,сержант,12,51
Степанов Александр Алексеевич,прапорщик,5,49
Макаров Максим Алексеевич,лейтенант,9,18
Зайцев Роман Павлович,прапорщик,5,53
Морозов Олег Олегович,полковник,8,53
Андреев Роман Алексеевич,лейтенант,12,50
Морозов Юрий Романович,рядовой,3,48
Никитин Дмитрий Сергеевич,рядовой,9,31
Алексеев Дмитрий Павлович,сержант,12,49
Иванов Юрий Романович,прапорщик,5,40
Алексеев Юрий Романович,рядовой,6,35
Николаев Максим Михайлович,сержант,4,52
Алексеев Максим Никитич,прапорщик,1,56
Новиков Сергей Кириллович,майор,11,53
Попов Андрей Иванович,полковник,9,22
Михайлов Юрий Дмитриевич,рядовой,11,18
Смирнов Виктор Сергеевич,капитан,1,40
Петров Виктор Никитич,майор,5,28
Орлов Степан Сергеевич,лейтенант,5,38
Егоров Юрий Дмитриевич,майор,12,51
Смирнов Дмитрий Павлович,майор,4,39
Морозов Сергей Юрьевич,полковник,3,43
Васильев Михаил Михайлович,прапорщик,6,44
Морозов Степан Алексеевич,прапорщик,8,44
Павлов Андрей Романович,капитан,5,40
Козлов Денис Андреевич,сержант,1,41
Петров Сергей Максимович,лейтенант,1,19
Кузнецов Егор Никитич,майор,10,45
Семёнов Иван Юрьевич,лейтенант,12,25
Козлов Алексей Дмитриевич,сержант,10,47
Кочергин Илья Викторович,лейтенант,6,40
Зайцев Матвей Викторович,капитан,5,32
Смирнов Виктор Ильич,полковник,7,42
Лебедев Максим Максимович,лейтенант,3,40
Васильев Никита Алексеевич,сержант,10,32
Никитин Степан Павлович,сержант,10,59
Сидоров Степан Юрьевич,майор,10,30
Борисов Виктор Викторович,прапорщик,10,33
Николаев Иван Андреевич,лейтенант,6,24
Васильев Максим Романович,капитан,12,42
Кузнецов Александр Юрьевич,рядовой,4,51
Козлов Кирилл Юрьевич,майор,8,60
Павлов Никита Никитич,майор,11,21
Лебедев Павел Михайлович,прапорщик,4,57
Васильев Кирилл Максимович,рядовой,3,31
Борисов Егор Никитич,полковник,7,29
Николаев Степан Романович,рядовой,7,54
Кочергин Иван Андреевич,майор,1,43
Никитин Кирилл Викторович,прапорщик,1,39
Морозов Юрий Александрович,сержант,8,38
Иванов Сергей Олегович,рядовой,6,41
Семёнов Дмитрий Михайлович,полковник,8,50
Соловьёв Иван Максимович,сержант,4,48
Макаров Алексей Юрьевич,майор,4,41
Семёнов Роман Иванович,лейтенант,5,27
Степанов Егор Иванович,сержант,10,55
Николаев Павел Дмитриевич,капитан,6,36
Семёнов Максим Юрьевич,майор,8,34
Борисов Сергей Олегович,капитан,7,49
Новиков Юрий Михайлович,капитан,10,57
Кочергин Сергей Романович,полковник,2,60
Николаев Егор Александрович,рядовой,9,18
Михайлов Михаил Ильич,прапорщик,12,52
Соколов Никита Сергеевич,рядовой,1,44
Орлов Денис Дмитриевич,полковник,12,46
Николаев Егор Александрович,сержант,12,34
Никитин Матвей Кириллович,рядовой,1,59
Захаров Юрий Викторович,майор,4,35
Сидоров Матвей Андреевич,лейтенант,5,60
Кузнецов Максим Андреевич,капитан,2,33
Васильев Дмитрий Никитич,сержант,9,21
Смирнов Степан Дмитриевич,капитан,8,40
Никитин Артём Викторович,прапорщик,2,29
Макаров Егор Александрович,рядовой,3,45
Николаев Иван Михайлович,прапорщик,11,50
Кочергин Максим Михайлович,сержант,1,42
Кузнецов Михаил Викторович,капитан,3,60
Яковлев Александр Алексеевич,полковник,9,27
Морозов Артём Олегович,прапорщик,6,27
Кузнецов Александр Романович,сержант,9,36
Соловьёв Евгений Дмитриевич,сержант,1,29
Морозов Сергей Иванович,лейтенант,2,43
Зайцев Максим Романович,майор,5,44
Лебедев Андрей Ильич,капитан,1,60
Борисов Михаил Никитич,рядовой,9,41
Орлов Дмитрий Викторович,рядовой,2,31
Егоров Артём Иванович,рядовой,5,45
Соколов Матвей Никитич,лейтенант,7,41
Павлов Кирилл Романович,прапорщик,12,47
Алексеев Алексей Александрович,лейтенант,10,32
Андреев Олег Никитич,полковник,9,42
Яковлев Денис Ильич,лейтенант,1,29
Смирнов Юрий Юрьевич,лейтенант,2,48
Зайцев Кирилл Ильич,сержант,7,37
Макаров Максим Юрьевич,сержант,11,29
Морозов Матвей Сергеевич,прапорщик,6,53
Захаров Евгений Романович,рядовой,2,52
Попов Павел Александрович,капитан,2,18
Яковлев Сергей Дмитриевич,сержант,7,33
Соловьёв Павел Дмитриевич,рядовой,11,24
Степанов Павел Александрович,лейтенант,12,32
Козлов Кирилл Кириллович,прапорщик,1,31
Степанов Дмитрий Олегович,майор,1,46
Орлов Денис Максимович,капитан,8,29
Захаров Константин Юрьевич,рядовой,4,34
Фёдоров Дмитрий Иванович,капитан,11,50
Макаров Алексей Дмитриевич,сержант,5,34
Яковлев Роман Никитич,майор,4,57
Николаев Денис Никитич,сержант,3,38
Семёнов Денис Кириллович,рядовой,5,59
Кузнецов Сергей Михайлович,прапорщик,4,50
Попов Артём Кириллович,сержант,2,31
Андреев Дмитрий Максимович,полковник,10,31
Павлов Роман Алексеевич,сержант,7,47
Попов Илья Романович,лейтенант,2,22
Степанов Михаил Ильич,лейтенант,2,36
Семёнов Никита Павлович,сержант,10,46
Павлов Степан Андреевич,сержант,6,39
Васильев Максим Михайлович,прапорщик,5,42
Степанов Дмитрий Никитич,капитан,9,30
Фёдоров Роман Ильич,прапорщик,8,24
Зайцев Егор Дмитриевич,рядовой,8,47
Сидоров Дмитрий Олегович,капитан,7,41
Михайлов Дмитрий Павлович,прапорщик,1,21
Кузнецов Артём Иванович,лейтенант,12,37
Никитин Максим Никитич,полковник,1,48
Лебедев Сергей Михайлович,полковник,3,23
Андреев Александр Романович,прапорщик,4,39
Макаров Максим Ильич,лейтенант,2,50
Соколов Юрий Михайлович,полковник,10,58
Семёнов Юрий Андреевич,полковник,3,57
Смирнов Дмитрий Дмитриевич,лейтенант,8,52
Соловьёв Матвей Романович,капитан,11,56
Сидоров Виктор Алексеевич,капитан,10,27
Смирнов Иван Олегович,полковник,10,45
Захаров Дмитрий Кириллович,капитан,4,34
Семёнов Евгений Олегович,сержант,7,35
Алексеев Максим Павлович,рядовой,6,59
Николаев Дмитрий Максимович,капитан,7,19
Фёдоров Александр Кириллович,прапорщик,1,57
Иванов Олег Юрьевич,капитан,7,22
Соловьёв Сергей Михайлович,рядовой,11,47
Алексеев Иван Александрович,сержант,5,60
Лебедев Александр Дмитриевич,капитан,3,43
Васильев Денис Никитич,майор,7,36
Кочергин Андрей Андреевич,майор,6,20
Николаев Иван Михайлович,лейтенант,7,28
Сидоров Павел Кириллович,майор,9,31
Макаров Виктор Романович,капитан,4,18
Сидоров Роман Михайлович,капитан,8,21
Лебедев Максим Андреевич,прапорщик,8,38
Смирнов Сергей Викторович,рядовой,5,36
Соловьёв Юрий Александрович,полковник,4,36
Попов Степан Викторович,прапорщик,11,43
Лебедев Артём Сергеевич,майор,2,21
Смирнов Иван Павлович,лейтенант,1,29
Лебедев Константин Максимович,майор,3,44
Сидоров Матвей Михайлович,рядовой,10,50
Яковлев Виктор Иванович,лейтенант,10,23
Иванов Илья Ильич,прапорщик,9,25
Петров Дмитрий Кириллович,сержант,5,58
Фёдоров Артём Ильич,рядовой,11,48
Новиков Андрей Андреевич,рядовой,7,41
Козлов Евгений Сергеевич,рядовой,6,48
Никитин Павел Максимович,сержант,7,46
Орлов Евгений Романович,сержант,8,56
Кузнецов Степан Дмитриевич,лейтенант,4,57
Борисов Роман Андреевич,прапорщик,9,22
Семёнов Олег Алексеевич,капитан,8,24
Васильев Максим Максимович,майор,6,50
Зайцев Алексей Романович,рядовой,9,36
Захаров Артём Михайлович,майор,3,23
Соловьёв Сергей Алексеевич,рядовой,12,52
Соловьёв Алексей Алексеевич,капитан,2,34
Морозов Михаил Викторович,рядовой,11,60
Фёдоров Михаил Кириллович,сержант,3,23
Кузнецов Никита Иванович,майор,5,30
Кузнецов Юрий Михайлович,прапорщик,12,31
Макаров Константин Алексеевич,сержант,1,47
Егоров Олег Сергеевич,полковник,1,39
Макаров Александр Михайлович,майор,12,21
Макаров Степан Максимович,лейтенант,11,47
Попов Илья Ильич,лейтенант,10,33
Морозов Сергей Дмитриевич,лейтенант,4,50
Морозов Максим Романович,полковник,4,36
Николаев Артём Иванович,лейтенант,8,55
Новиков Максим Иванович,прапорщик,11,18
Борисов Константин Никитич,лейтенант,2,46
Михайлов Матвей Романович,лейтенант,4,49
Павлов Дмитрий Сергеевич,капитан,8,24
Андреев Никита Максимович,сержант,1,18
Кочергин Артём Никитич,рядовой,10,44
Захаров Сергей Алексеевич,майор,10,54
Попов Роман Андреевич,майор,4,42
Смирнов Степан Сергеевич,прапорщик,8,55
Лебедев Иван Олегович,прапорщик,3,30
Лебедев Евгений Романович,рядовой,8,54
Андреев Александр Никитич,лейтенант,6,40
Попов Артём Александрович,полковник,4,31
Андреев Юрий Романович,майор,1,24
Попов Илья Алексеевич,капитан,1,21
Захаров Сергей Сергеевич,майор,3,35
Степанов Илья Михайлович,рядовой,11,40
Орлов Евгений Андреевич,сержант,2,28
Соловьёв Максим Иванович,рядовой,2,20
Павлов Степан Александрович,майор,10,52
Козлов Никита Дмитриевич,лейтенант,7,41
Степанов Юрий Кириллович,прапорщик,7,24
Андреев Кирилл Дмитриевич,рядовой,9,24
Новиков Виктор Иванович,сержант,11,53
Кочергин Александр Павлович,капитан,10,27
Захаров Максим Юрьевич,майор,5,34
Семёнов Александр Юрьевич,прапорщик,10,60
Макаров Никита Алексеевич,сержант,5,56
Яковлев Константин Михайлович,майор,10,59
Павлов Павел Викторович,лейтенант,4,54
Смирнов Роман Александрович,рядовой,8,43
Козлов Михаил Максимович,майор,7,38
Орлов Степан Викторович,рядовой,12,22
Морозов Андрей Иванович,рядовой,7,33
Никитин Никита Никитич,рядовой,11,45
Лебедев Евгений Романович,сержант,1,35
Новиков Никита Павлович,лейтенант,6,59
Козлов Евгений Максимович,капитан,11,43
Соколов Андрей Никитич,полковник,12,31
Васильев Никита Александрович,капитан,11,40
Сидоров Сергей Андреевич,лейтенант,5,50
Яковлев Олег Сергеевич,лейтенант,3,44
Макаров Константин Иванович,сержант,1,39
Алексеев Виктор Олегович,рядовой,6,54
Козлов Павел Ильич,сержант,11,22
Козлов Иван Михайлович,лейтенант,6,43
Васильев Олег Андреевич,прапорщик,7,56
Петров Алексей Викторович,майор,7,23
Захаров Юрий Викторович,майор,7,52
Сидоров Илья Сергеевич,рядовой,3,59
Петров Степан Юрьевич,майор,5,20
Попов Степан Кириллович,полковник,7,39
Николаев Александр Дмитриевич,майор,11,33
Сидоров Константин Александрович,капитан,6,47
Павлов Степан Алексеевич,прапорщик,9,35
Соловьёв Андрей Алексеевич,рядовой,9,58
Кочергин Матвей Андреевич,полковник,1,47
Семёнов Михаил Павлович,рядовой,3,40
Никитин Егор Кириллович,лейтенант,9,23
Сидоров Юрий Павлович,капитан,1,56
Лебедев Андрей Викторович,сержант,3,59
Егоров Матвей Иванович,полковник,8,47
Козлов Денис Михайлович,капитан,5,18
Егоров Матвей Алексеевич,полковник,3,51
Алексеев Максим Андреевич,лейтенант,3,44
Захаров Александр Павлович,прапорщик,8,45
Егоров Алексей Олегович,лейтенант,3,51
Попов Михаил Сергеевич,полковник,12,57
Лебедев Евгений Павлович,капитан,1,34
Попов Евгений Юрьевич,капитан,11,56
Попов Никита Павлович,лейтенант,12,27
Андреев Михаил Сергеевич,капитан,6,36
Яковлев Сергей Иванович,лейтенант,2,48
Алексеев Алексей Павлович,капитан,7,47
Зайцев Алексей Андреевич,прапорщик,8,45
Захаров Матвей Романович,полковник,6,22
Михайлов Егор Иванович,капитан,10,50
Соколов Максим Михайлович,сержант,1,56
Яковлев Константин Иванович,сержант,3,24
Павлов Павел Кириллович,рядовой,11,41
Орлов Илья Дмитриевич,прапорщик,11,50
Макаров Роман Иванович,прапорщик,9,31
Зайцев Илья Дмитриевич,лейтенант,8,24
Степанов Сергей Юрьевич,прапорщик,3,41
Сидоров Евгений Олегович,капитан,8,39
Орлов Егор Павлович,майор,8,24
Зайцев Иван Иванович,полковник,12,26
Новиков Виктор Дмитриевич,капитан,8,40
Егоров Роман Сергеевич,полковник,4,59
Никитин Павел Кириллович,прапорщик,8,34
Орлов Виктор Иванович,полковник,1,21
Новиков Михаил Максимович,капитан,6,58
Петров Александр Олегович,рядовой,4,18
Семёнов Олег Никитич,сержант,7,32
Зайцев Кирилл Павлович,рядовой,6,45
Фёдоров Степан Юрьевич,капитан,4,36
Зайцев Александр Михайлович,капитан,7,56
Яковлев Илья Михайлович,рядовой,4,48
Иванов Иван Юрьевич,рядовой,4,60
Васильев Дмитрий Максимович,прапорщик,2,25
Егоров Андрей Павлович,майор,1,45
Андреев Дмитрий Павлович,капитан,3,23
Семёнов Константин Викторович,лейтенант,5,59
Кочергин Денис Александрович,полковник,6,49
Захаров Михаил Алексеевич,рядовой,6,20
Николаев Дмитрий Дмитриевич,рядовой,1,22
Егоров Олег Андреевич,лейтенант,1,43
Попов Дмитрий Сергеевич,рядовой,10,56
Иванов Роман Юрьевич,рядовой,12,56
Петров Павел Дмитриевич,полковник,5,28
Соколов Андрей Олегович,майор,11,44
Соколов Юрий Михайлович,прапорщик,7,37
Фёдоров Дмитрий Михайлович,полковник,1,48
Козлов Виктор Никитич,полковник,3,59
Морозов Константин Андреевич,сержант,1,28
Сидоров Илья Романович,полковник,3,19
Семёнов Егор Михайлович,майор,4,39
Козлов Артём Андреевич,прапорщик,7,25
Яковлев Олег Ильич,майор,8,20
Смирнов Никита Викторович,полковник,8,37
Новиков Максим Олегович,лейтенант,3,25
Новиков Юрий Романович,майор,10,50
Новиков Виктор Михайлович,лейтенант,11,23
Алексеев Олег Кириллович,лейтенант,12,24
Семёнов Виктор Романович,лейтенант,9,28
Орлов Олег Павлович,капитан,2,34
Орлов Сергей Иванович,прапорщик,11,19
Яковлев Максим Никитич,прапорщик,8,18
Иванов Михаил Александрович,полковник,2,49
Васильев Олег Кириллович,лейтенант,6,55
Сидоров Сергей Алексеевич,капитан,11,44
Андреев Максим Кириллович,рядовой,9,51
Васильев Константин Романович,прапорщик,8,20
Сидоров Егор Александрович,рядовой,7,23
Орлов Константин Иванович,полковник,10,37
Попов Матвей Кириллович,прапорщик,3,41
Соколов Иван Александрович,капитан,5,27
Иванов Юрий Павлович,прапорщик,10,55
Козлов Никита Михайлович,прапорщик,1,53
Иванов Павел Романович,капитан,10,27
Николаев Виктор Андреевич,полковник,2,59
Фёдоров Михаил Олегович,сержант,1,50
Соколов Константин Юрьевич,лейтенант,3,60
Зайцев Никита Сергеевич,капитан,9,32
Васильев Степан Романович,сержант,5,55
Сидоров Дмитрий Алексеевич,полковник,7,32
Степанов Степан Олегович,прапорщик,10,32
Морозов Михаил Михайлович,капитан,10,59
Семёнов Александр Викторович,прапорщик,6,36
Морозов Артём Алексеевич,сержант,4,59
Макаров Кирилл Александрович,капитан,2,46
Петров Евгений Романович,лейтенант,5,31
Егоров Андрей Олегович,лейтенант,9,27
Павлов Алексей Викторович,прапорщик,10,51
Яковлев Иван Павлович,капитан,1,47
Козлов Степан Максимович,рядовой,6,25
Андреев Илья Сергеевич,прапорщик,7,55
Зайцев Алексей Кириллович,сержант,11,50
Кочергин Виктор Ильич,прапорщик,6,50
Семёнов Алексей Кириллович,лейтенант,4,59
Кочергин Андрей Романович,майор,12,50
Новиков Олег Максимович,рядовой,11,34
Зайцев Матвей Юрьевич,прапорщик,9,47
Соколов Степан Олегович,капитан,9,19
Морозов Дмитрий Викторович,прапорщик,6,24
Смирнов Никита Алексеевич,прапорщик,8,22
Егоров Иван Максимович,полковник,1,59
Петров Александр Ильич,рядовой,1,33
Фёдоров Виктор Андреевич,полковник,11,48
Фёдоров Сергей Викторович,майор,3,51
Кочергин Илья Андреевич,прапорщик,10,37
Захаров Степан Юрьевич,полковник,12,50
Борисов Илья Олегович,полковник,1,20
Борисов Андрей Никитич,майор,11,41
Николаев Матвей Алексеевич,полковник,9,22
Новиков Роман Сергеевич,лейтенант,12,28
Зайцев Денис Александрович,рядовой,9,54
Смирнов Артём Юрьевич,полковник,3,25
Семёнов Виктор Андреевич,майор,9,33
Кочергин Александр Олегович,капитан,7,45
Соловьёв Степан Михайлович,полковник,5,52
Семёнов Павел Никитич,капитан,4,23
Лебедев Артём Ильич,сержант,3,19
Алексеев Алексей Михайлович,майор,9,19
Лебедев Алексей Викторович,прапорщик,4,39
Зайцев Евгений Иванович,лейтенант,10,31
Соловьёв Андрей Юрьевич,майор,5,33
Борисов Михаил Андреевич,полковник,1,39
Иванов Алексей Никитич,рядовой,10,18
Морозов Дмитрий Ильич,майор,12,36
Морозов Дмитрий Ильич,полковник,8,32
Морозов Александр Алексеевич,майор,7,54
Попов Никита Алексеевич,лейтенант,2,48
Морозов Максим Иванович,полковник,5,23
Егоров Степан Андреевич,майор,3,50
Лебедев Дмитрий Дмитриевич,сержант,2,31
Алексеев Олег Максимович,сержант,10,55
Козлов Алексей Ильич,сержант,4,55
Орлов Евгений Викторович,полковник,12,35
Орлов Олег Никитич,прапорщик,2,28
Кузнецов Иван Олегович,майор,11,60
Иванов Иван Олегович,лейтенант,1,46
Яковлев Юрий Павлович,прапорщик,5,59
Орлов Андрей Александрович,лейтенант,1,49
Семёнов Сергей Кириллович,майор,6,54
Степанов Андрей Кириллович,сержант,2,29
Павлов Константин Романович,рядовой,2,50
Макаров Егор Александрович,прапорщик,5,26
Васильев Максим Сергеевич,майор,3,42
Яковлев Андрей Иванович,полковник,8,35
Егоров Константин Михайлович,лейтенант,7,49
Новиков Роман Романович,прапорщик,1,41
Лебедев Никита Максимович,капитан,5,32
Михайлов Андрей Романович,прапорщик,9,27
Николаев Никита Александрович,капитан,6,22
Сидоров Матвей Никитич,полковник,10,34
Лебедев Юрий Иванович,полковник,12,18
Орлов Михаил Олегович,полковник,6,31
Михайлов Алексей Романович,прапорщик,11,27
Кузнецов Евгений Александрович,майор,4,27
Алексеев Александр Алексеевич,капитан,8,59
Макаров Юрий Никитич,полковник,9,19
Зайцев Никита Викторович,капитан,7,58
Павлов Иван Ильич,сержант,6,28
Петров Сергей Викторович,лейтенант,2,23
Петров Виктор Викторович,полковник,7,30
Петров Алексей Олегович,лейтенант,12,59
Борисов Олег Иванович,сержант,6,60
Павлов Максим Иванович,полковник,8,57
Борисов Сергей Викторович,сержант,2,34
Егоров Роман Алексеевич,майор,4,53
Андреев Матвей Иванович,рядовой,11,40
Смирнов Александр Кириллович,прапорщик,7,45
Лебедев Илья Дмитриевич,капитан,9,18
Михайлов Степан Александрович,капитан,2,29
Макаров Денис Андреевич,полковник,8,35
Алексеев Александр Дмитриевич,рядовой,2,23
Морозов Егор Олегович,сержант,11,25
Макаров Максим Александрович,майор,9,35
Павлов Матвей Романович,лейтенант,12,56
Николаев Артём Кириллович,полковник,9,24
Борисов Андрей Михайлович,рядовой,2,36
Семёнов Роман Павлович,капитан,7,35
Павлов Кирилл Олегович,рядовой,6,57
Смирнов Александр Сергеевич,прапорщик,6,28
Яковлев Павел Викторович,майор,2,47
Орлов Артём Александрович,прапорщик,4,24
Яковлев Максим Ильич,капитан,8,38
Иванов Павел Ильич,рядовой,11,18
Макаров Егор Сергеевич,лейтенант,4,39
Андреев Матвей Юрьевич,рядовой,8,48
Лебедев Алексей Сергеевич,лейтенант,7,36
Петров Максим Павлович,сержант,6,54
Фёдоров Артём Михайлович,прапорщик,5,47
Степанов Денис Андреевич,капитан,12,19
Егоров Константин Ильич,лейтенант,3,38
Козлов Матвей Олегович,рядовой,7,52
Степанов Степан Ильич,полковник,8,60
Фёдоров Александр Сергеевич,прапорщик,9,25
Никитин Виктор Дмитриевич,сержант,8,19
Никитин Виктор Кириллович,лейтенант,5,43
Морозов Юрий Юрьевич,лейтенант,2,58
Захаров Дмитрий Иванович,сержант,8,29
Васильев Виктор Юрьевич,полковник,6,37
Яковлев Артём Романович,прапорщик,8,48
Павлов Виктор Дмитриевич,рядовой,6,29
Алексеев Виктор Александрович,лейтенант,5,52
Кочергин Павел Ильич,прапорщик,9,51
Васильев Павел Юрьевич,майор,9,35
Лебедев Константин Сергеевич,майор,11,43
Борисов Роман Романович,капитан,11,23
Новиков Михаил Михайлович,прапорщик,1,32
Попов Юрий Ильич,рядовой,3,34
Николаев Евгений Сергеевич,полковник,5,28
Семёнов Кирилл Андреевич,майор,6,50
Козлов Сергей Иванович,полковник,10,42
Фёдоров Михаил Романович,майор,9,27
Захаров Денис Ильич,лейтенант,12,29
Иванов Кирилл Сергеевич,лейтенант,9,55
Васильев Константин Михайлович,сержант,5,25
Егоров Никита Александрович,прапорщик,9,55
Соловьёв Дмитрий Александрович,лейтенант,1,43
Семёнов Александр Юрьевич,лейтенант,3,35
Иванов Евгений Андреевич,капитан,4,31
Николаев Дмитрий Александрович,майор,10,29
Семёнов Артём Кириллович,капитан,6,27
Павлов Константин Алексеевич,полковник,6,49
Иванов Андрей Павлович,майор,8,28
Сидоров Степан Алексеевич,прапорщик,8,22
Захаров Матвей Викторович,лейтенант,4,25
Семёнов Никита Кириллович,полковник,7,32
Степанов Иван Павлович,майор,10,20
Соколов Роман Сергеевич,полковник,9,35
Соколов Константин Олегович,капитан,3,28
Захаров Павел Ильич,сержант,7,55
Сидоров Павел Романович,лейтенант,2,48
Павлов Артём Александрович,рядовой,12,30
Иванов Олег Иванович,лейтенант,5,34
Сидоров Никита Павлович,капитан,10,49
Соловьёв Михаил Андреевич,майор,9,47
Фёдоров Олег Ильич,майор,11,30
Никитин Сергей Кириллович,майор,10,19
Макаров Андрей Максимович,прапорщик,12,49
Соколов Олег Андреевич,рядовой,9,31
Андреев Егор Сергеевич,полковник,12,42
Андреев Алексей Андреевич,капитан,8,55
Новиков Денис Кириллович,рядовой,2,18
Козлов Евгений Андреевич,рядовой,5,51
Зайцев Сергей Олегович,рядовой,2,30
Соколов Егор Алексеевич,капитан,9,41
Семёнов Олег Дмитриевич,рядовой,6,52
Макаров Константин Олегович,лейтенант,2,54
Алексеев Матвей Алексеевич,майор,7,59
Соколов Юрий Александрович,сержант,11,44
Борисов Егор Дмитриевич,полковник,4,26
Николаев Виктор Викторович,майор,4,54
Макаров Павел Олегович,лейтенант,7,29
Козлов Александр Максимович,сержант,8,36
Сидоров Алексей Ильич,майор,10,22
Орлов Иван Иванович,майор,7,49
Васильев Никита Дмитриевич,майор,9,29
Кузнецов Юрий Александрович,полковник,12,35
Семёнов Виктор Кириллович,рядовой,2,55
Кузнецов Кирилл Александрович,полковник,8,35
Егоров Евгений Алексеевич,прапорщик,2,53
Васильев Олег Ильич,прапорщик,7,47
Кузнецов Александр Юрьевич,майор,11,22
Захаров Олег Александрович,рядовой,5,48
Соколов Кирилл Андреевич,лейтенант,3,29
Петров Евгений Иванович,капитан,11,18
Степанов Александр Сергеевич,прапорщик,2,47
Зайцев Михаил Олегович,сержант,3,19
Алексеев Степан Олегович,лейтенант,4,44
Михайлов Илья Михайлович,рядовой,6,28
Соколов Матвей Алексеевич,майор,1,26
Соловьёв Павел Дмитриевич,рядовой,7,43
Морозов Сергей Иванович,рядовой,8,34
Семёнов Иван Алексеевич,сержант,11,36
Васильев Виктор Олегович,лейтенант,11,44
Новиков Иван Никитич,майор,7,39
Захаров Олег Александрович,сержант,4,40
Иванов Кирилл Павлович,капитан,12,21
Андреев Сергей Романович,майор,3,46
Захаров Роман Иванович,рядовой,10,43
Петров Илья Дмитриевич,лейтенант,6,50
Фёдоров Егор Ильич,полковник,12,57
Николаев Егор Кириллович,сержант,3,55
Степанов Сергей Михайлович,майор,11,39
Андреев Денис Павлович,сержант,11,34
Васильев Илья Юрьевич,рядовой,3,33
Алексеев Илья Дмитриевич,лейтенант,2,56
Соколов Иван Викторович,майор,1,43
Смирнов Константин Юрьевич,полковник,9,21
Яковлев Олег Максимович,капитан,8,22
Алексеев Роман Ильич,прапорщик,11,23
Петров Никита Романович,лейтенант,8,28
Михайлов Андрей Викторович,полковник,5,26
Петров Олег Викторович,полковник,9,36
Попов Олег Викторович,рядовой,8,60
Сидоров Артём Викторович,полковник,6,43
Захаров Михаил Олегович,полковник,8,25
Михайлов Илья Олегович,прапорщик,9,54
Борисов Илья Павлович,рядовой,8,38
Борисов Константин Александрович,капитан,9,58
Семёнов Юрий Александрович,рядовой,3,41
Смирнов Евгений Алексеевич,капитан,2,43
Петров Алексей Романович,сержант,4,34
Новиков Максим Сергеевич,рядовой,3,29
Петров Максим Кириллович,капитан,3,22
Алексеев Александр Андреевич,сержант,9,57
Яковлев Артём Викторович,рядовой,12,56
Макаров Константин Юрьевич,сержант,7,33
Соколов Андрей Ильич,сержант,11,21
Борисов Александр Андреевич,полковник,4,28
Павлов Юрий Романович,сержант,2,27
Михайлов Александр Дмитриевич,лейтенант,3,26
Михайлов Сергей Юрьевич,прапорщик,12,51
Кочергин Дмитрий Александрович,лейтенант,5,55
Орлов Евгений Алексеевич,прапорщик,8,45
Степанов Александр Алексеевич,капитан,1,29
Лебедев Роман Александрович,полковник,5,38
Петров Виктор Алексеевич,рядовой,11,28
Никитин Егор Андреевич,лейтенант,9,28
Зайцев Виктор Юрьевич,сержант,12,39
Васильев Павел Ильич,майор,8,36
Фёдоров Илья Викторович,прапорщик,1,22
Макаров Алексей Павлович,капитан,5,57
Петров Степан Иванович,лейтенант,5,30
Кузнецов Олег Александрович,лейтенант,6,57
Соколов Сергей Андреевич,прапорщик,9,33
Никитин Степан Алексеевич,лейтенант,10,21
Кочергин Олег Романович,полковник,5,39
Лебедев Илья Михайлович,майор,9,39
Михайлов Сергей Ильич,полковник,3,32
Алексеев Роман Максимович,лейтенант,3,41
Попов Илья Дмитриевич,майор,11,53
Сидоров Константин Викторович,сержант,11,30
Андреев Олег Михайлович,капитан,5,39
Кузнецов Александр Михайлович,прапорщик,3,35
Кузнецов Олег Дмитриевич,прапорщик,3,44
Орлов Денис Ильич,капитан,11,50
Степанов Александр Викторович,полковник,7,25
Соколов Сергей Юрьевич,майор,7,32
Орлов Виктор Романович,прапорщик,12,20
Иванов Алексей Андреевич,рядовой,12,28
Борисов Юрий Олегович,полковник,8,53
Павлов Егор Иванович,рядовой,3,48
Макаров Александр Романович,лейтенант,1,28
Семёнов Артём Александрович,полковник,11,32
Егоров Алексей Дмитриевич,рядовой,1,60
Петров Артём Александрович,полковник,2,25
Петров Степан Дмитриевич,рядовой,10,29
Зайцев Степан Алексеевич,рядовой,1,30
Соловьёв Степан Юрьевич,капитан,2,39
Смирнов Михаил Сергеевич,лейтенант,9,55
Зайцев Алексей Олегович,прапорщик,5,21
Захаров Максим Павлович,сержант,12,36
Соловьёв Андрей Иванович,майор,6,41
Яковлев Илья Юрьевич,рядовой,10,48
Козлов Максим Романович,майор,5,28
Попов Юрий Дмитриевич,прапорщик,9,60
Васильев Андрей Кириллович,лейтенант,2,41
Яковлев Евгений Юрьевич,прапорщик,5,34
Захаров Константин Павлович,сержант,3,34
Соловьёв Андрей Никитич,лейтенант,7,21
Новиков Денис Алексеевич,капитан,5,50
Михайлов Андрей Алексеевич,рядовой,10,19
Иванов Сергей Никитич,сержант,2,20
Сидоров Егор Дмитриевич,капитан,8,19
Макаров Егор Викторович,майор,1,34
Макаров Илья Александрович,сержант,5,24
Борисов Константин Ильич,прапорщик,1,50
Андреев Александр Иванович,прапорщик,3,31
Соколов Матвей Юрьевич,прапорщик,2,40
Смирнов Степан Сергеевич,полковник,4,34
Попов Виктор Сергеевич,прапорщик,2,60
Михайлов Иван Кириллович,капитан,12,54
Иванов Никита Кириллович,лейтенант,10,59
Андреев Олег Сергеевич,майор,6,60
Борисов Никита Юрьевич,сержант,9,48
Кочергин Степан Никитич,майор,2,51
Никитин Сергей Олегович,сержант,12,53
Попов Роман Сергеевич,полковник,12,30
Соловьёв Роман Андреевич,прапорщик,4,58
Новиков Виктор Сергеевич,капитан,2,47
Орлов Олег Ильич,майор,10,38
Козлов Илья Андреевич,капитан,6,37
Михайлов Александр Романович,майор,6,35
Никитин Олег Павлович,сержант,11,26
Сидоров Степан Алексеевич,лейтенант,1,18
Соловьёв Роман Андреевич,лейтенант,9,44
Смирнов Дмитрий Никитич,прапорщик,8,44
Петров Олег Юрьевич,лейтенант,10,50
Зайцев Павел Павлович,майор,3,51
Алексеев Денис Никитич,сержант,4,30
Зайцев Юрий Романович,полковник,3,38
Никитин Степан Дмитриевич,прапорщик,10,59
Кочергин Юрий Алексеевич,прапорщик,3,40
Макаров Никита Александрович,полковник,4,25
Захаров Никита Кириллович,капитан,12,39
Захаров Артём Максимович,майор,4,22
Васильев Матвей Андреевич,рядовой,5,50
Фёдоров Виктор Юрьевич,прапорщик,2,46
Михайлов Илья Максимович,капитан,3,58
Алексеев Андрей Максимович,капитан,8,33
Смирнов Михаил Иванович,лейтенант,3,45
Николаев Матвей Никитич,сержант,6,50
Орлов Егор Павлович,рядовой,2,54
Орлов Кирилл Павлович,майор,2,25
Алексеев Александр Сергеевич,полковник,1,49
Новиков Виктор Романович,сержант,6,37
Николаев Степан Павлович,рядовой,11,39
Петров Евгений Иванович,прапорщик,2,23
Петров Олег Александрович,полковник,4,18
Кочергин Виктор Сергеевич,прапорщик,5,48
Сидоров Дмитрий Романович,лейтенант,9,47
Петров Илья Викторович,рядовой,4,25
Сидоров Павел Никитич,майор,3,47
Сидоров Дмитрий Дмитриевич,сержант,7,42
Алексеев Александр Олегович,сержант,3,53
Андреев Денис Максимович,полковник,6,55
Михайлов Юрий Романович,лейтенант,12,21
Кочергин Павел Романович,прапорщик,11,55
Козлов Сергей Романович,сержант,5,29
Семёнов Юрий Романович,майор,1,56
Иванов Сергей Павлович,полковник,11,24
Фёдоров Артём Павлович,прапорщик,5,32
Никитин Максим Павлович,сержант,4,18
Иванов Илья Александрович,рядовой,5,40
Никитин Олег Алексеевич,полковник,1,51
Никитин Алексей Ильич,прапорщик,1,57
Кочергин Евгений Кириллович,рядовой,2,36
Козлов Роман Ильич,майор,9,44
Семёнов Егор Михайлович,полковник,5,35
Сидоров Виктор Андреевич,рядовой,10,22
Семёнов Дмитрий Павлович,сержант,3,58
Смирнов Денис Никитич,сержант,7,18
Васильев Андрей Александрович,рядовой,12,31
Орлов Павел Александрович,сержант,10,25
Фёдоров Михаил Андреевич,прапорщик,10,37
Андреев Андрей Кириллович,полковник,10,53
Смирнов Сергей Андреевич,рядовой,1,39
Козлов Денис Александрович,рядовой,3,34
Орлов Кирилл Андреевич,майор,4,43
Иванов Юрий Андреевич,прапорщик,7,49
Соколов Алексей Алексеевич,капитан,2,46
Смирнов Алексей Кириллович,майор,3,21
Борисов Константин Романович,полковник,6,37
Иванов Константин Ильич,прапорщик,4,42
Андреев Евгений Олегович,капитан,2,35
Павлов Дмитрий Ильич,рядовой,7,44
Морозов Роман Ильич,рядовой,12,19
Макаров Олег Дмитриевич,сержант,9,48
Фёдоров Олег Романович,лейтенант,8,42
Борисов Максим Кириллович,прапорщик,3,53
Кузнецов Илья Ильич,прапорщик,5,33
Зайцев Александр Михайлович,лейтенант,2,37
Попов Денис Андреевич,майор,1,40
Сидоров Артём Иванович,прапорщик,2,36
Козлов Сергей Олегович,рядовой,11,23
Сидоров Андрей Михайлович,сержант,6,44
Николаев Максим Павлович,полковник,3,33
Никитин Андрей Павлович,майор,9,44
Кузнецов Матвей Максимович,полковник,4,47
Семёнов Андрей Юрьевич,лейтенант,11,56
Иванов Матвей Иванович,прапорщик,10,18
Соловьёв Евгений Никитич,майор,9,31
Смирнов Александр Ильич,полковник,5,37
Алексеев Константин Михайлович,сержант,1,46
Новиков Константин Алексеевич,рядовой,10,48
Никитин Олег Павлович,капитан,2,27
Лебедев Евгений Александрович,полковник,2,59
Попов Андрей Павлович,капитан,10,40
Сидоров Константин Дмитриевич,полковник,7,28
Степанов Михаил Никитич,сержант,1,41
Попов Александр Ильич,рядовой,7,39
Борисов Денис Сергеевич,полковник,3,53
Семёнов Матвей Ильич,сержант,11,36
Егоров Александр Александрович,рядовой,4,45
Захаров Дмитрий Никитич,полковник,10,36
Семёнов Кирилл Андреевич,рядовой,5,29
Фёдоров Кирилл Алексеевич,лейтенант,2,53
Захаров Павел Александрович,прапорщик,6,47
Захаров Роман Алексеевич,сержант,10,45
Попов Матвей Никитич,полковник,8,58
Иванов Денис Андреевич,рядовой,8,45
Зайцев Константин Иванович,капитан,1,40
Соколов Дмитрий Михайлович,прапорщик,4,23
Николаев Константин Викторович,прапорщик,1,43
Соколов Олег Иванович,капитан,1,48
Иванов Дмитрий Викторович,прапорщик,1,47
Борисов Илья Кириллович,капитан,8,31
Фёдоров Сергей Александрович,полковник,10,18
Борисов Павел Ильич,майор,4,23
Егоров Егор Кириллович,майор,10,51
Орлов Никита Максимович,полковник,5,42
Степанов Илья Павлович,лейтенант,12,42
Соколов Павел Максимович,майор,9,54
Петров Дмитрий Сергеевич,капитан,12,18
Борисов Денис Кириллович,майор,3,24
Егоров Павел Иванович,рядовой,5,59
Яковлев Максим Юрьевич,майор,4,35
Борисов Евгений Павлович,рядовой,8,23
Лебедев Денис Романович,прапорщик,6,19
Семёнов Олег Иванович,майор,7,50
Орлов Егор Александрович,прапорщик,8,49
Яковлев Юрий Дмитриевич,полковник,12,21
Сидоров Олег Ильич,капитан,12,52
Морозов Павел Викторович,майор,9,47
Яковлев Максим Максимович,сержант,10,29
Сидоров Сергей Юрьевич,рядовой,12,38
Козлов Михаил Павлович,лейтенант,10,42
Смирнов Кирилл Юрьевич,капитан,8,60
Козлов Артём Андреевич,лейтенант,10,35
Егоров Максим Кириллович,майор,4,41
Кузнецов Павел Иванович,майор,5,58
Петров Олег Александрович,прапорщик,12,36
Фёдоров Илья Александрович,прапорщик,3,24
Новиков Илья Максимович,майор,7,44
Морозов Сергей Михайлович,рядовой,4,43
Орлов Кирилл Дмитриевич,сержант,10,52
Зайцев Максим Олегович,капитан,8,53
Николаев Артём Ильич,сержант,7,28
Смирнов Александр Александрович,сержант,11,52
Фёдоров Евгений Михайлович,лейтенант,3,54
Смирнов Никита Иванович,рядовой,6,60
Попов Сергей Ильич,лейтенант,12,27
Васильев Юрий Александрович,капитан,2,58
Лебедев Андрей Павлович,рядовой,8,45
Сидоров Андрей Михайлович,сержант,1,37
Михайлов Максим Романович,лейтенант,9,26
Соловьёв Олег Дмитриевич,полковник,8,27
Семёнов Виктор Никитич,капитан,12,57
Михайлов Олег Дмитриевич,полковник,2,51
Степанов Евгений Алексеевич,лейтенант,7,29
Борисов Павел Кириллович,полковник,12,59
Кочергин Иван Михайлович,рядовой,9,59
Алексеев Матвей Олегович,майор,1,19
Захаров Алексей Алексеевич,капитан,6,49
Иванов Илья Никитич,капитан,4,40
Макаров Матвей Ильич,прапорщик,2,48
Кочергин Дмитрий Юрьевич,капитан,12,51
Семёнов Роман Юрьевич,капитан,10,33
Борисов Егор Сергеевич,капитан,6,29
Петров Павел Никитич,лейтенант,12,33
Яковлев Михаил Юрьевич,лейтенант,8,34
Смирнов Матвей Никитич,полковник,7,30
Николаев Артём Никитич,майор,5,25
Степанов Дмитрий Максимович,сержант,9,19
Попов Павел Максимович,прапорщик,4,54
Михайлов Андрей Дмитриевич,лейтенант,5,50
Петров Максим Романович,прапорщик,10,47
Попов Дмитрий Иванович,лейтенант,6,26
Попов Иван Максимович,капитан,3,44
Николаев Степан Александрович,лейтенант,6,20
Николаев Дмитрий Павлович,лейтенант,1,50
Соколов Артём Александрович,лейтенант,10,47
Яковлев Илья Ильич,капитан,3,50
Семёнов Евгений Максимович,майор,8,27
Васильев Никита Алексеевич,капитан,12,52
Смирнов Матвей Сергеевич,сержант,7,56
Никитин Константин Алексеевич,капитан,8,24
Андреев Александр Александрович,сержант,4,55
Захаров Денис Викторович,полковник,1,35
Соколов Максим Ильич,прапорщик,6,41
Сидоров Егор Ильич,капитан,9,50
Никитин Илья Алексеевич,капитан,10,57
Лебедев Виктор Сергеевич,рядовой,6,47
Фёдоров Кирилл Максимович,рядовой,2,52
Иванов Константин Максимович,лейтенант,7,18
Макаров Степан Сергеевич,майор,2,27
Егоров Сергей Никитич,лейтенант,2,35
Соколов Степан Никитич,рядовой,2,23
Фёдоров Олег Никитич,рядовой,11,30
Васильев Никита Олегович,полковник,10,21
Петров Иван Дмитриевич,прапорщик,6,31
Иванов Константин Олегович,сержант,12,49
Лебедев Максим Олегович,капитан,9,44
Павлов Артём Дмитриевич,рядовой,8,49
Алексеев Алексей Павлович,рядовой,10,34
Макаров Константин Андреевич,майор,8,37
Морозов Илья Юрьевич,капитан,6,59
Кочергин Константин Олегович,капитан,3,43
Захаров Юрий Дмитриевич,майор,7,56
Кузнецов Степан Александрович,прапорщик,2,46
Степанов Олег Иванович,капитан,9,31
Петров Илья Кириллович,прапорщик,1,19
Васильев Иван Павлович,лейтенант,1,20
Попов Евгений Романович,прапорщик,1,31
Павлов Кирилл Викторович,полковник,2,18
Алексеев Евгений Юрьевич,сержант,2,47
Соколов Егор Викторович,полковник,3,33
Андреев Максим Дмитриевич,майор,2,19
Степанов Михаил Иванович,полковник,10,47
Морозов Виктор Сергеевич,сержант,1,24
Попов Александр Юрьевич,сержант,1,52
Сидоров Роман Ильич,прапорщик,9,25
Сидоров Александр Романович,рядовой,3,47
Никитин Алексей Романович,майор,8,47
Никитин Алексей Олегович,рядовой,10,38
Павлов Юрий Никитич,полковник,4,42
Смирнов Юрий Алексеевич,лейтенант,4,40
Павлов Матвей Андреевич,прапорщик,4,37
Егоров Андрей Андреевич,капитан,1,50
Фёдоров Иван Павлович,сержант,11,31
Кочергин Алексей Кириллович,капитан,2,44
Андреев Сергей Кириллович,майор,6,18
Кузнецов Михаил Романович,полковник,6,29
Фёдоров Роман Викторович,майор,11,21
Егоров Степан Дмитриевич,лейтенант,12,31
Морозов Денис Андреевич,полковник,10,50
Зайцев Олег Андреевич,рядовой,6,37
Сидоров Илья Викторович,полковник,12,29
Павлов Алексей Сергеевич,сержант,8,23
Кочергин Михаил Кириллович,рядовой,11,43
Степанов Никита Дмитриевич,рядовой,7,51
Михайлов Максим Максимович,полковник,7,20
Соловьёв Алексей Дмитриевич,полковник,12,22
Попов Андрей Сергеевич,полковник,3,40
Павлов Михаил Юрьевич,полковник,3,33
Егоров Иван Никитич,капитан,5,50
Козлов Юрий Кириллович,полковник,11,44
Козлов Евгений Александрович,майор,3,28
Фёдоров Дмитрий Сергеевич,сержант,6,60
Яковлев Иван Максимович,сержант,8,35
Попов Сергей Никитич,полковник,2,38
Никитин Денис Александрович,капитан,10,41
Кузнецов Сергей Дмитриевич,полковник,5,43
Захаров Александр Романович,капитан,9,55
Козлов Алексей Павлович,рядовой,2,19
Орлов Михаил Никитич,майор,8,60
Алексеев Виктор Сергеевич,майор,5,54
Никитин Кирилл Ильич,прапорщик,1,40
Петров Максим Кириллович,полковник,7,50
Смирнов Константин Никитич,полковник,11,60
Морозов Иван Романович,полковник,5,41
Попов Илья Романович,прапорщик,9,56
Лебедев Андрей Романович,прапорщик,1,40
Зайцев Матвей Андреевич,прапорщик,2,24
Иванов Евгений Юрьевич,майор,2,38
Новиков Александр Алексеевич,сержант,10,30
Новиков Егор Павлович,сержант,10,46
Попов Матвей Никитич,капитан,4,40
Михайлов Матвей Романович,лейтенант,3,45
Васильев Михаил Иванович,полковник,6,60
Иванов Дмитрий Андреевич,сержант,11,19
Степанов Олег Викторович,сержант,10,42
Орлов Иван Алексеевич,капитан,7,42
Сидоров Павел Андреевич,капитан,6,57
Иванов Кирилл Дмитриевич,лейтенант,3,21
Козлов Олег Никитич,полковник,4,36
Смирнов Александр Андреевич,полковник,4,19
Смирнов Виктор Ильич,рядовой,12,25
Захаров Максим Кириллович,сержант,7,33
Соколов Константин Олегович,капитан,5,55
Алексеев Егор Олегович,капитан,7,48
Васильев Кирилл Сергеевич,полковник,6,33
Борисов Павел Максимович,сержант,3,23
Степанов Александр Михайлович,сержант,12,60
Борисов Роман Дмитриевич,прапорщик,7,54
Петров Кирилл Кириллович,лейтенант,12,37
Андреев Кирилл Михайлович,майор,11,42
Никитин Константин Михайлович,прапорщик,3,59
Сидоров Юрий Максимович,рядовой,7,46
Иванов Константин Дмитриевич,прапорщик,4,58
Соловьёв Дмитрий Кириллович,сержант,7,58
Сидоров Никита Сергеевич,майор,9,47
Смирнов Дмитрий Михайлович,рядовой,11,37
Михайлов Егор Михайлович,полковник,7,32
Павлов Павел Андреевич,сержант,9,37
Петров Максим Никитич,майор,5,58
Степанов Денис Дмитриевич,майор,11,60
Фёдоров Олег Юрьевич,майор,4,38
Егоров Дмитрий Романович,прапорщик,2,45
Соколов Сергей Алексеевич,полковник,8,40
Петров Александр Олегович,майор,11,54
Зайцев Алексей Сергеевич,прапорщик,4,57
Николаев Александр Александрович,прапорщик,1,44
Андреев Денис Никитич,полковник,9,58
Никитин Сергей Викторович,капитан,9,54
Петров Артём Кириллович,рядовой,4,55
Соколов Денис Иванович,полковник,11,60
Зайцев Евгений Сергеевич,полковник,4,18
Андреев Сергей Андреевич,рядовой,8,19
Степанов Павел Никитич,прапорщик,10,38
Борисов Иван Максимович,капитан,2,31
Михайлов Сергей Дмитриевич,сержант,10,19
Алексеев Сергей Павлович,капитан,2,52
Никитин Никита Ильич,лейтенант,2,21
Алексеев Денис Александрович,лейтенант,7,55
Кочергин Денис Александрович,сержант,6,51
Степанов Сергей Андреевич,лейтенант,2,48
Семёнов Илья Алексеевич,лейтенант,9,59
Фёдоров Юрий Юрьевич,капитан,2,21
Захаров Матвей Андреевич,капитан,10,36
Сидоров Егор Олегович,полковник,4,22
Егоров Матвей Иванович,сержант,11,38
Алексеев Иван Павлович,майор,8,52
Лебедев Константин Александрович,прапорщик,12,37
Яковлев Сергей Максимович,лейтенант,11,42
Степанов Максим Максимович,прапорщик,4,36
Иванов Олег Романович,сержант,5,26
Алексеев Константин Олегович,майор,10,45
Козлов Иван Олегович,капитан,7,57
Захаров Павел Александрович,рядовой,8,53
Попов Евгений Сергеевич,лейтенант,1,34
Смирнов Илья Юрьевич,капитан,12,59
Алексеев Кирилл Дмитриевич,прапорщик,10,48
Петров Артём Кириллович,прапорщик,2,18
Соколов Максим Сергеевич,рядовой,6,40
Семёнов Олег Юрьевич,рядовой,2,52
Соколов Александр Юрьевич,капитан,5,57
Яковлев Александр Алексеевич,полковник,5,40
Кочергин Александр Никитич,сержант,3,19
Смирнов Артём Дмитриевич,сержант,3,30
Козлов Олег Кириллович,майор,6,35
Петров Илья Иванович,лейтенант,2,32
Соловьёв Артём Михайлович,прапорщик,8,28
Николаев Иван Максимович,сержант,2,56
Кочергин Олег Романович,майор,12,48
Соколов Матвей Максимович,прапорщик,11,36
Козлов Роман Дмитриевич,майор,7,45
Петров Иван Олегович,лейтенант,5,49
Сидоров Андрей Михайлович,сержант,5,43
Николаев Степан Кириллович,прапорщик,9,38
Новиков Павел Викторович,прапорщик,2,39
Зайцев Денис Дмитриевич,рядовой,6,50
Соколов Андрей Олегович,майор,10,48
Николаев Илья Павлович,рядовой,7,32
Макаров Дмитрий Максимович,лейтенант,10,51
Николаев Андрей Максимович,майор,1,57
Фёдоров Константин Алексеевич,лейтенант,9,33
Борисов Юрий Кириллович,сержант,9,39
Степанов Юрий Павлович,полковник,9,32
Борисов Кирилл Романович,рядовой,2,45
Соловьёв Юрий Максимович,майор,1,42
Морозов Максим Романович,майор,2,31
Егоров Андрей Алексеевич,сержант,7,27
Степанов Артём Павлович,полковник,6,50
Павлов Илья Михайлович,майор,10,57
Кочергин Дмитрий Романович,сержант,1,37
Павлов Степан Андреевич,прапорщик,3,42
Зайцев Виктор Викторович,майор,10,22
Макаров Артём Иванович,рядовой,6,50
Кочергин Павел Никитич,рядовой,10,37
Зайцев Евгений Викторович,рядовой,9,51
Захаров Андрей Максимович,майор,8,52
Иванов Денис Павлович,лейтенант,2,41
Михайлов Матвей Александрович,майор,11,45
Смирнов Евгений Викторович,рядовой,1,23
Васильев Егор Романович,рядовой,3,29
Иванов Максим Олегович,сержант,6,46
Кочергин Константин Сергеевич,сержант,7,37
Николаев Иван Алексеевич,полковник,11,39
Козлов Степан Иванович,лейтенант,9,35
Попов Сергей Алексеевич,сержант,9,56
Егоров Никита Ильич,полковник,6,34
Зайцев Сергей Михайлович,сержант,1,24
Николаев Павел Михайлович,сержант,7,47
Яковлев Илья Павлович,сержант,3,38
Борисов Сергей Иванович,сержант,2,20
Андреев Кирилл Кириллович,рядовой,9,19
Новиков Никита Кириллович,рядовой,1,20
Попов Никита Дмитриевич,прапорщик,8,41
Новиков Юрий Юрьевич,лейтенант,10,23
Лебедев Сергей Кириллович,прапорщик,10,38
Сидоров Олег Михайлович,лейтенант,10,24
Семёнов Андрей Никитич,лейтенант,2,27
Лебедев Сергей Андреевич,лейтенант,3,37
Сидоров Константин Юрьевич,капитан,4,33
Соколов Артём Дмитриевич,лейтенант,6,40
Орлов Константин Викторович,полковник,7,22
Соколов Матвей Романович,сержант,12,26
Иванов Юрий Андреевич,сержант,8,57
Алексеев Сергей Юрьевич,лейтенант,11,19
Петров Максим Алексеевич,капитан,1,53
Морозов Никита Максимович,лейтенант,3,59
Козлов Кирилл Кириллович,сержант,12,25
Сидоров Павел Олегович,капитан,4,41
Новиков Дмитрий Иванович,сержант,11,38
Николаев Роман Михайлович,рядовой,12,42
Иванов Олег Романович,лейтенант,5,31
Яковлев Андрей Александрович,рядовой,9,53
Степанов Никита Александрович,полковник,10,22
Фёдоров Денис Алексеевич,лейтенант,6,18
Никитин Егор Кириллович,майор,7,28
Кузнецов Константин Алексеевич,полковник,3,39
Иванов Матвей Кириллович,капитан,7,38
Соловьёв Артём Максимович,сержант,4,38
Павлов Кирилл Михайлович,сержант,1,54
Михайлов Максим Михайлович,прапорщик,5,45
Андреев Алексей Дмитриевич,прапорщик,3,37
Фёдоров Денис Викторович,сержант,8,30
Никитин Максим Кириллович,майор,10,28
Зайцев Юрий Максимович,рядовой,11,50
Петров Евгений Алексеевич,майор,10,32
Соловьёв Степан Дмитриевич,лейтенант,5,31
Егоров Никита Викторович,полковник,3,56
Петров Илья Андреевич,рядовой,11,45
Фёдоров Сергей Романович,прапорщик,7,58
Соловьёв Иван Кириллович,майор,4,46
Кочергин Максим Дмитриевич,лейтенант,3,46
Лебедев Виктор Юрьевич,майор,7,58
Фёдоров Олег Юрьевич,сержант,3,36
Алексеев Александр Иванович,майор,8,20
Морозов Александр Андреевич,майор,2,24
Степанов Андрей Романович,рядовой,12,41
Егоров Виктор Ильич,лейтенант,12,51
Соловьёв Алексей Романович,полковник,2,47
Никитин Дмитрий Андреевич,прапорщик,11,40
Николаев Матвей Андреевич,лейтенант,8,34
Алексеев Павел Кириллович,прапорщик,5,30
Попов Андрей Алексеевич,капитан,4,46
Зайцев Алексей Максимович,сержант,1,29
Орлов Денис Ильич,сержант,3,19
Новиков Михаил Никитич,рядовой,11,19
Иванов Кирилл Иванович,сержант,5,36
Михайлов Роман Алексеевич,полковник,3,49
Макаров Константин Андреевич,капитан,2,49
Кузнецов Денис Алексеевич,прапорщик,4,30
Михайлов Иван Викторович,сержант,11,19
Михайлов Степан Михайлович,прапорщик,4,49
Кочергин Андрей Андреевич,прапорщик,11,41
Козлов Константин Никитич,полковник,9,36
Павлов Алексей Юрьевич,прапорщик,10,42
Морозов Матвей Юрьевич,лейтенант,11,54
Михайлов Сергей Кириллович,рядовой,1,50
Захаров Виктор Викторович,рядовой,1,45
Кузнецов Илья Романович,полковник,10,59
Смирнов Роман Ильич,полковник,2,50
Попов Виктор Михайлович,майор,5,42
Орлов Михаил Романович,полковник,7,42
Орлов Виктор Романович,лейтенант,12,44
Иванов Алексей Александрович,лейтенант,7,59
Кузнецов Кирилл Романович,рядовой,4,21
Козлов Егор Сергеевич,полковник,3,47
Макаров Илья Никитич,майор,9,39
Зайцев Денис Никитич,капитан,5,22
Никитин Степан Никитич,майор,5,28
Алексеев Никита Михайлович,капитан,11,38
Соколов Иван Дмитриевич,прапорщик,8,40
Михайлов Константин Никитич,рядовой,6,50
Лебедев Михаил Михайлович,капитан,2,39
Орлов Александр Алексеевич,сержант,3,56
Фёдоров Максим Иванович,майор,9,56
Лебедев Роман Максимович,рядовой,7,38
Морозов Александр Сергеевич,прапорщик,10,21
Соловьёв Евгений Викторович,лейтенант,10,54
Смирнов Матвей Викторович,прапорщик,9,19
Петров Михаил Олегович,полковник,10,20
Егоров Виктор Александрович,полковник,12,27
Кочергин Денис Андреевич,сержант,5,54
Иванов Константин Кириллович,прапорщик,3,49
Михайлов Константин Викторович,капитан,5,47
Фёдоров Алексей Алексеевич,капитан,2,41
Фёдоров Максим Романович,лейтенант,3,58
Новиков Константин Кириллович,майор,8,26
Козлов Константин Романович,полковник,12,26
Петров Кирилл Ильич,рядовой,2,43
Петров Михаил Андреевич,полковник,7,32
Макаров Денис Иванович,капитан,10,58
Никитин Денис Алексеевич,капитан,9,37
Кочергин Олег Иванович,капитан,6,47
Алексеев Александр Иванович,рядовой,11,38
Семёнов Матвей Юрьевич,прапорщик,12,30
Макаров Константин Алексеевич,полковник,10,23
Павлов Евгений Сергеевич,капитан,5,20
Морозов Кирилл Михайлович,лейтенант,12,40
Яковлев Алексей Максимович,майор,9,55
Васильев Матвей Дмитриевич,прапорщик,9,30
Петров Иван Павлович,полковник,9,26
Орлов Александр Романович,прапорщик,3,43
Иванов Андрей Михайлович,прапорщик,3,25
Сидоров Денис Кириллович,полковник,9,36
Степанов Роман Андреевич,майор,8,34
Соколов Юрий Олегович,капитан,12,37
Павлов Матвей Дмитриевич,лейтенант,1,22
Соколов Юрий Никитич,сержант,3,32
Фёдоров Никита Александрович,прапорщик,5,19
Морозов Денис Сергеевич,рядовой,11,45
Кузнецов Дмитрий Дмитриевич,сержант,1,25
Николаев Сергей Дмитриевич,прапорщик,2,27
Морозов Евгений Олегович,майор,1,36
Степанов Олег Павлович,рядовой,3,59
Попов Никита Дмитриевич,капитан,3,19
Смирнов Сергей Романович,прапорщик,3,43
Сидоров Денис Андреевич,капитан,12,26
Семёнов Дмитрий Андреевич,майор,7,25
Кузнецов Матвей Андреевич,полковник,8,55
Семёнов Роман Александрович,прапорщик,1,29
Лебедев Сергей Ильич,полковник,1,25
Иванов Дмитрий Михайлович,капитан,6,27
Фёдоров Кирилл Дмитриевич,полковник,1,31
Морозов Виктор Сергеевич,полковник,11,53
Егоров Олег Ильич,прапорщик,12,38
Семёнов Роман Никитич,капитан,5,46
Егоров Виктор Викторович,капитан,3,42
Андреев Виктор Максимович,рядовой,7,59
Никитин Юрий Максимович,лейтенант,12,60
Михайлов Роман Павлович,лейтенант,11,58
Васильев Алексей Олегович,лейтенант,4,60
Андреев Максим Андреевич,капитан,8,50
Зайцев Олег Викторович,лейтенант,9,27
Новиков Матвей Никитич,капитан,6,23
Кочергин Егор Алексеевич,лейтенант,4,39
Лебедев Никита Никитич,майор,9,36
Фёдоров Алексей Никитич,рядовой,6,35
Захаров Сергей Олегович,капитан,4,30
Смирнов Кирилл Алексеевич,рядовой,11,37
Лебедев Алексей Кириллович,полковник,9,20
Соловьёв Артём Алексеевич,лейтенант,1,38
Фёдоров Михаил Михайлович,рядовой,3,49
Новиков Максим Алексеевич,прапорщик,4,27
Иванов Никита Алексеевич,рядовой,12,48
Степанов Александр Михайлович,майор,3,42
Яковлев Виктор Олегович,рядовой,11,33
Кочергин Олег Викторович,лейтенант,4,37
Николаев Евгений Иванович,сержант,9,38
Орлов Андрей Романович,полковник,9,18
Васильев Юрий Сергеевич,сержант,1,25
Соколов Алексей Юрьевич,майор,10,43
Егоров Никита Иванович,полковник,10,43
Фёдоров Олег Алексеевич,рядовой,12,23
Семёнов Денис Александрович,рядовой,3,50
Смирнов Дмитрий Романович,капитан,4,56
Иванов Илья Дмитриевич,лейтенант,5,25
Кочергин Денис Александрович,сержант,12,23
Новиков Павел Алексеевич,полковник,11,57
Петров Иван Ильич,прапорщик,1,24
Иванов Иван Викторович,майор,3,40
Орлов Александр Андреевич,рядовой,1,55
Павлов Никита Ильич,рядовой,11,45
Андреев Александр Михайлович,сержант,9,58
Кузнецов Константин Максимович,сержант,6,30
Захаров Павел Михайлович,полковник,2,59
Борисов Сергей Юрьевич,сержант,8,35
Попов Константин Ильич,сержант,2,47
Морозов Егор Максимович,сержант,7,30
Соловьёв Сергей Сергеевич,прапорщик,10,42
Николаев Константин Иванович,майор,6,37
Борисов Константин Максимович,майор,8,53
Петров Степан Романович,прапорщик,8,43
Соколов Кирилл Сергеевич,майор,12,45
Попов Матвей Кириллович,рядовой,7,35
Иванов Олег Алексеевич,майор,4,46
Соколов Павел Ильич,рядовой,12,35
Морозов Юрий Викторович,прапорщик,2,26
Степанов Степан Олегович,рядовой,12,60
Андреев Илья Юрьевич,лейтенант,10,19
Соловьёв Никита Михайлович,сержант,6,32
Сидоров Денис Александрович,сержант,8,47
Борисов Денис Алексеевич,рядовой,11,47
Орлов Евгений Юрьевич,майор,3,52
Никитин Иван Андреевич,полковник,7,39
Иванов Дмитрий Ильич,рядовой,12,28
Яковлев Артём Иванович,полковник,5,50
Макаров Илья Олегович,лейтенант,3,38
Соколов Константин Павлович,лейтенант,2,53
Васильев Андрей Ильич,капитан,6,30
Иванов Андрей Максимович,прапорщик,6,54
Морозов Алексей Андреевич,сержант,10,58
Зайцев Илья Сергеевич,прапорщик,10,60
Орлов Максим Дмитриевич,прапорщик,12,23
Павлов Никита Дмитриевич,майор,8,54
Семёнов Андрей Алексеевич,капитан,2,21
Макаров Степан Сергеевич,капитан,12,50
Лебедев Александр Романович,рядовой,1,21
Соколов Евгений Сергеевич,рядовой,12,32
Кузнецов Дмитрий Кириллович,лейтенант,1,54
Кочергин Александр Ильич,сержант,8,35
Козлов Роман Максимович,сержант,7,55
Зайцев Александр Викторович,сержант,12,50
Петров Денис Кириллович,майор,5,36
Захаров Егор Павлович,капитан,1,58
Козлов Сергей Дмитриевич,сержант,4,23
Козлов Илья Викторович,капитан,12,58
Макаров Виктор Дмитриевич,прапорщик,5,43
Иванов Александр Юрьевич,капитан,2,56
Яковлев Кирилл Алексеевич,сержант,6,57
Андреев Юрий Алексеевич,рядовой,3,49
Соловьёв Артём Дмитриевич,полковник,5,54
Никитин Павел Юрьевич,капитан,1,39
Фёдоров Дмитрий Сергеевич,прапорщик,5,32
Иванов Сергей Сергеевич,рядовой,11,45
Семёнов Александр Иванович,рядовой,3,22
Петров Денис Романович,сержант,6,30
Морозов Виктор Никитич,майор,3,33
Алексеев Матвей Ильич,полковник,8,40
Морозов Степан Михайлович,капитан,2,26
Николаев Степан Алексеевич,лейтенант,5,29
Новиков Павел Максимович,прапорщик,9,39
Соловьёв Константин Павлович,рядовой,9,57
Новиков Роман Романович,майор,9,39
Михайлов Иван Кириллович,полковник,10,53
Яковлев Павел Кириллович,майор,1,23
Алексеев Сергей Алексеевич,лейтенант,10,27
Новиков Алексей Павлович,сержант,9,23
Сидоров Никита Александрович,лейтенант,2,44
Павлов Павел Андреевич,сержант,3,25
Борисов Денис Сергеевич,рядовой,5,42
Яковлев Иван Романович,сержант,1,23
Фёдоров Денис Дмитриевич,прапорщик,6,46
Макаров Дмитрий Сергеевич,прапорщик,4,60
Соловьёв Александр Андреевич,полковник,8,43
Лебедев Олег Сергеевич,майор,9,26
Михайлов Кирилл Александрович,прапорщик,3,52
Соколов Андрей Михайлович,сержант,1,20
Степанов Никита Михайлович,рядовой,1,50
Захаров Михаил Андреевич,полковник,10,47
Степанов Юрий Олегович,лейтенант,7,36
Кузнецов Егор Кириллович,майор,4,31
Смирнов Артём Алексеевич,прапорщик,7,29
Сидоров Алексей Викторович,прапорщик,2,37
Иванов Юрий Романович,прапорщик,2,45
Яковлев Виктор Андреевич,майор,10,47
Лебедев Андрей Максимович,лейтенант,2,44
Козлов Илья Михайлович,капитан,7,23
Лебедев Михаил Павлович,прапорщик,9,46
Николаев Юрий Алексеевич,рядовой,8,60
Козлов Никита Андреевич,рядовой,8,39
Семёнов Александр Михайлович,полковник,11,42
Михайлов Степан Ильич,майор,8,23
Борисов Никита Ильич,полковник,1,30
Семёнов Егор Ильич,майор,2,49
Михайлов Евгений Сергеевич,майор,7,47
Михайлов Илья Сергеевич,полковник,3,25
Макаров Степан Алексеевич,лейтенант,3,40
Козлов Егор Викторович,сержант,5,60
Семёнов Никита Ильич,майор,2,48
Захаров Степан Никитич,майор,2,45
Николаев Кирилл Викторович,майор,6,42
Иванов Константин Сергеевич,прапорщик,8,41
Михайлов Сергей Иванович,лейтенант,10,45
Смирнов Виктор Михайлович,полковник,3,53
Яковлев Алексей Кириллович,прапорщик,3,53
Попов Дмитрий Викторович,капитан,9,45
Кузнецов Андрей Кириллович,майор,6,32
Соловьёв Кирилл Алексеевич,сержант,2,32
Борисов Олег Андреевич,майор,9,44
Яковлев Степан Юрьевич,майор,10,60
Борисов Денис Ильич,сержант,6,54
Яковлев Степан Павлович,рядовой,10,54
Захаров Юрий Кириллович,полковник,10,36
Семёнов Матвей Иванович,капитан,9,56
Соколов Михаил Михайлович,сержант,3,50
Петров Сергей Михайлович,майор,1,57
Новиков Матвей Максимович,лейтенант,8,55
Иванов Юрий Сергеевич,лейтенант,2,40
Никитин Михаил Михайлович,капитан,12,38
Петров Матвей Кириллович,майор,7,26
Яковлев Илья Олегович,майор,1,46
Зайцев Егор Алексеевич,полковник,7,32
Лебедев Михаил Александрович,лейтенант,9,38
Козлов Егор Михайлович,лейтенант,6,26
Захаров Максим Романович,полковник,8,27
Новиков Степан Романович,лейтенант,12,43
Фёдоров Кирилл Олегович,прапорщик,4,56
Яковлев Евгений Юрьевич,майор,10,31
Иванов Иван Александрович,полковник,1,35
Кочергин Егор Олегович,рядовой,12,41
Орлов Алексей Андреевич,майор,7,24
Зайцев Андрей Никитич,лейтенант,2,30
Борисов Александр Романович,сержант,1,43
Михайлов Юрий Александрович,майор,10,22
Степанов Олег Максимович,майор,8,18
Кочергин Егор Кириллович,прапорщик,5,50
Степанов Сергей Александрович,полковник,3,23
Соловьёв Сергей Михайлович,майор,1,55
Сидоров Никита Романович,полковник,9,24
Кочергин Денис Ильич,капитан,4,32
Степанов Юрий Викторович,рядовой,5,57
Зайцев Евгений Ильич,прапорщик,7,33
Попов Денис Юрьевич,рядовой,4,43
Сидоров Павел Кириллович,сержант,9,50
Захаров Олег Юрьевич,прапорщик,3,38
Лебедев Егор Юрьевич,прапорщик,11,29
Кочергин Кирилл Кириллович,лейтенант,10,49
Яковлев Юрий Юрьевич,майор,6,26
Фёдоров Михаил Андреевич,рядовой,8,23
Никитин Константин Сергеевич,лейтенант,9,35
Андреев Константин Романович,капитан,9,28
Соловьёв Роман Ильич,полковник,5,55
Новиков Олег Романович,полковник,10,20
Фёдоров Юрий Ильич,полковник,8,41
Захаров Олег Михайлович,капитан,10,21
Михайлов Константин Романович,майор,2,22
Андреев Кирилл Сергеевич,рядовой,2,18
Павлов Константин Викторович,полковник,11,28
Кочергин Павел Александрович,прапорщик,10,37
Лебедев Сергей Ильич,лейтенант,4,55
Кузнецов Роман Павлович,лейтенант,10,41
Никитин Виктор Максимович,майор,9,30
Никитин Денис Александрович,сержант,10,35
Семёнов Илья Сергеевич,полковник,3,58
Фёдоров Кирилл Юрьевич,рядовой,8,40
Смирнов Михаил Юрьевич,лейтенант,8,37
Петров Дмитрий Андреевич,капитан,7,49
Михайлов Сергей Олегович,полковник,1,47
Соколов Максим Иванович,рядовой,5,48
Павлов Степан Андреевич,полковник,6,41
Кочергин Виктор Олегович,рядовой,3,52
Николаев Алексей Никитич,рядовой,9,27
Павлов Виктор Викторович,майор,3,46
Николаев Михаил Дмитриевич,лейтенант,5,49
Захаров Дмитрий Викторович,рядовой,5,36
Козлов Максим Олегович,майор,1,48
Андреев Артём Александрович,полковник,3,48
Андреев Матвей Юрьевич,капитан,5,30
Борисов Андрей Александрович,прапорщик,1,19
Петров Константин Михайлович,майор,4,42
Фёдоров Константин Олегович,майор,1,49
Фёдоров Кирилл Иванович,прапорщик,12,29
Попов Артём Ильич,полковник,7,18
Алексеев Юрий Михайлович,сержант,5,46
Кузнецов Павел Олегович,капитан,12,60
Соколов Алексей Сергеевич,полковник,6,26
Козлов Юрий Иванович,капитан,7,23
Макаров Иван Дмитриевич,капитан,9,40
Зайцев Кирилл Сергеевич,капитан,9,26
Алексеев Кирилл Александрович,майор,10,34
Сидоров Юрий Алексеевич,прапорщик,5,48
Кузнецов Михаил Олегович,сержант,4,20
Никитин Артём Никитич,прапорщик,9,36
Зайцев Александр Михайлович,сержант,1,50
Козлов Михаил Кириллович,майор,12,45
Соловьёв Егор Олегович,майор,5,49
Соловьёв Виктор Дмитриевич,прапорщик,5,48
Смирнов Павел Павлович,рядовой,4,20
Алексеев Константин Иванович,лейтенант,12,21
Семёнов Сергей Кириллович,рядовой,12,50
Иванов Андрей Юрьевич,капитан,6,28
Семёнов Юрий Андреевич,майор,5,37
Иванов Егор Романович,сержант,6,22
Семёнов Максим Викторович,рядовой,2,53
Егоров Андрей Андреевич,рядовой,4,25
Лебедев Андрей Кириллович,лейтенант,12,22
Васильев Андрей Дмитриевич,рядовой,1,24
Степанов Никита Никитич,рядовой,9,58
Андреев Денис Михайлович,капитан,6,19
Васильев Артём Михайлович,лейтенант,8,19
Морозов Иван Викторович,сержант,7,60
Михайлов Сергей Никитич,рядовой,3,29
Кочергин Константин Иванович,лейтенант,3,18
Степанов Кирилл Никитич,майор,11,43
Сидоров Степан Дмитриевич,сержант,9,50
Кузнецов Артём Никитич,сержант,8,48
Соловьёв Андрей Сергеевич,рядовой,9,31
Николаев Олег Максимович,капитан,12,39
Борисов Максим Юрьевич,прапорщик,11,33
Петров Константин Юрьевич,сержант,11,19
Михайлов Евгений Павлович,полковник,9,24
Павлов Андрей Дмитриевич,полковник,5,22
Кузнецов Константин Андреевич,прапорщик,1,44
Соловьёв Павел Кириллович,сержант,2,34
Андреев Олег Михайлович,прапорщик,11,58
Алексеев Олег Олегович,сержант,2,37
Алексеев Степан Юрьевич,полковник,1,35
Макаров Максим Сергеевич,прапорщик,2,44
Андреев Егор Романович,прапорщик,4,57
Кузнецов Максим Сергеевич,полковник,12,24
Орлов Андрей Никитич,полковник,7,34
Орлов Евгений Дмитриевич,лейтенант,9,52
Степанов Константин Дмитриевич,лейтенант,1,47
Семёнов Илья Александрович,капитан,9,33
Степанов Алексей Алексеевич,сержант,9,27
Смирнов Олег Александрович,сержант,2,40
Яковлев Андрей Ильич,прапорщик,11,51
Новиков Сергей Викторович,майор,12,24
Козлов Илья Андреевич,полковник,3,39
Лебедев Максим Викторович,лейтенант,10,23
Егоров Матвей Дмитриевич,лейтенант,5,24
Степанов Иван Юрьевич,сержант,3,19
Васильев Роман Александрович,лейтенант,2,36
Козлов Юрий Викторович,рядовой,4,46
Зайцев Евгений Михайлович,полковник,5,41
Семёнов Олег Олегович,майор,8,45
Орлов Артём Сергеевич,майор,5,25
Андреев Артём Сергеевич,майор,10,29
Степанов Константин Ильич,сержант,3,32
Козлов Михаил Юрьевич,полковник,11,52
Петров Дмитрий Дмитриевич,прапорщик,1,45
Лебедев Сергей Иванович,полковник,7,60
Кочергин Артём Павлович,капитан,12,38
Алексеев Евгений Дмитриевич,полковник,2,20
Козлов Олег Юрьевич,полковник,4,34
Павлов Виктор Алексеевич,капитан,1,35
Морозов Александр Иванович,лейтенант,4,26
Макаров Егор Павлович,сержант,1,40
Алексеев Андрей Иванович,майор,10,46
Кузнецов Андрей Ильич,лейтенант,1,55
Никитин Сергей Михайлович,прапорщик,3,60
Николаев Степан Михайлович,прапорщик,9,31
Сидоров Виктор Олегович,рядовой,5,56
Кочергин Виктор Дмитриевич,капитан,2,30
Васильев Александр Юрьевич,лейтенант,3,43
Макаров Андрей Андреевич,капитан,8,40
Петров Михаил Иванович,сержант,12,27
Борисов Юрий Андреевич,полковник,5,52
Морозов Виктор Дмитриевич,сержант,12,38
Лебедев Роман Иванович,капитан,10,30
Степанов Денис Андреевич,прапорщик,2,19
Павлов Константин Олегович,лейтенант,5,23
Лебедев Алексей Романович,майор,6,23
Яковлев Степан Иванович,майор,6,32
Степанов Кирилл Иванович,сержант,5,40
Попов Артём Иванович,сержант,2,36
Алексеев Сергей Максимович,майор,2,21
Макаров Матвей Иванович,капитан,12,47
Макаров Павел Михайлович,сержант,3,33
Захаров Кирилл Сергеевич,сержант,3,37
Попов Егор Алексеевич,капитан,10,52
Степанов Артём Павлович,прапорщик,2,57
Морозов Егор Романович,майор,5,40
Андреев Егор Александрович,сержант,6,43
Кочергин Сергей Юрьевич,сержант,10,57
Кочергин Кирилл Максимович,лейтенант,7,60
Николаев Виктор Романович,лейтенант,1,48
Лебедев Константин Михайлович,капитан,2,29
Иванов Дмитрий Ильич,сержант,6,50
Николаев Роман Павлович,сержант,8,19
Попов Максим Олегович,полковник,10,51
Семёнов Александр Максимович,сержант,12,45
Алексеев Юрий Викторович,рядовой,8,31
Павлов Андрей Ильич,сержант,8,56
Семёнов Сергей Ильич,полковник,1,28
Николаев Денис Максимович,майор,6,23
Васильев Артём Андреевич,лейтенант,10,20
Сидоров Степан Юрьевич,майор,4,44
Соколов Денис Павлович,полковник,3,48
Никитин Михаил Алексеевич,рядовой,9,43
Петров Дмитрий Алексеевич,рядовой,10,25
Яковлев Андрей Никитич,полковник,2,43
Николаев Михаил Михайлович,майор,8,57
Алексеев Евгений Алексеевич,прапорщик,9,56
Соколов Андрей Ильич,майор,2,46
Николаев Кирилл Никитич,майор,9,48
Макаров Кирилл Сергеевич,прапорщик,3,18
Никитин Артём Сергеевич,прапорщик,8,41
Новиков Виктор Александрович,полковник,7,23
Семёнов Михаил Юрьевич,сержант,9,33
Макаров Роман Олегович,капитан,5,49
Смирнов Евгений Ильич,прапорщик,5,57
Степанов Евгений Иванович,лейтенант,5,47
Кузнецов Матвей Иванович,сержант,12,45
Фёдоров Виктор Иванович,прапорщик,7,18
Соловьёв Никита Алексеевич,сержант,4,51
Козлов Андрей Романович,рядовой,7,55
Смирнов Илья Александрович,лейтенант,9,32
Смирнов Юрий Алексеевич,капитан,3,51
Фёдоров Дмитрий Кириллович,прапорщик,2,30
Борисов Никита Дмитриевич,лейтенант,12,20
Соловьёв Роман Викторович,рядовой,6,23
Фёдоров Алексей Иванович,полковник,12,53
Макаров Роман Алексеевич,рядовой,8,20
Иванов Евгений Юрьевич,полковник,9,22
Васильев Алексей Максимович,рядовой,2,25
Никитин Степан Алексеевич,майор,8,56
Павлов Юрий Никитич,рядовой,6,59
Егоров Андрей Юрьевич,сержант,5,41
Степанов Константин Павлович,прапорщик,12,57
Павлов Павел Алексеевич,майор,1,53
Морозов Евгений Алексеевич,прапорщик,6,39
Яковлев Александр Ильич,майор,2,45
Захаров Илья Дмитриевич,лейтенант,12,33
Васильев Матвей Романович,лейтенант,11,40
Сидоров Андрей Алексеевич,майор,6,30
Семёнов Егор Никитич,капитан,3,53
Кузнецов Виктор Михайлович,полковник,2,21
Андреев Кирилл Андреевич,рядовой,11,46
Сидоров Олег Дмитриевич,рядовой,12,58
Морозов Егор Кириллович,сержант,10,24
Егоров Дмитрий Юрьевич,прапорщик,12,58
Семёнов Роман Михайлович,прапорщик,10,31
Орлов Алексей Андреевич,полковник,10,30
Васильев Дмитрий Юрьевич,полковник,5,28
Борисов Артём Андреевич,капитан,10,33
Сидоров Юрий Дмитриевич,прапорщик,10,53
Павлов Дмитрий Олегович,капитан,5,35
Петров Егор Ильич,лейтенант,3,22
Борисов Виктор Ильич,лейтенант,7,25
Макаров Матвей Алексеевич,майор,9,28
Попов Кирилл Олегович,сержант,9,28
Морозов Роман Викторович,рядовой,7,56
Степанов Максим Викторович,прапорщик,6,60
Новиков Максим Кириллович,сержант,1,50
Смирнов Матвей Максимович,рядовой,11,32
Иванов Дмитрий Максимович,рядовой,12,39
Павлов Олег Сергеевич,рядовой,5,34
Захаров Илья Никитич,полковник,11,26
Михайлов Павел Михайлович,рядовой,6,42
Смирнов Артём Иванович,полковник,5,42
Кочергин Артём Александрович,лейтенант,4,50
Лебедев Никита Олегович,прапорщик,11,44
Смирнов Павел Максимович,полковник,2,29
Степанов Михаил Александрович,прапорщик,12,20
Сидоров Андрей Юрьевич,сержант,5,25
Степанов Денис Иванович,рядовой,3,50
Павлов Виктор Викторович,сержант,4,53
Сидоров Иван Михайлович,прапорщик,5,57
Павлов Юрий Иванович,лейтенант,3,47
Морозов Иван Юрьевич,лейтенант,11,47
Павлов Артём Алексеевич,рядовой,11,51
Макаров Роман Викторович,сержант,4,46
Кузнецов Роман Романович,лейтенант,11,51
Васильев Иван Алексеевич,полковник,1,21
Новиков Никита Максимович,полковник,7,41
Морозов Константин Максимович,прапорщик,2,48
Орлов Степан Андреевич,лейтенант,4,32
Андреев Никита Дмитриевич,сержант,2,37
Попов Сергей Юрьевич,сержант,2,57
Степанов Евгений Андреевич,сержант,12,46
Кузнецов Андрей Михайлович,сержант,9,27
Васильев Михаил Михайлович,майор,3,57
Орлов Дмитрий Викторович,рядовой,3,27
Макаров Илья Александрович,сержант,6,31
Орлов Александр Александрович,полковник,8,27
Соколов Андрей Никитич,полковник,9,58
Михайлов Кирилл Михайлович,прапорщик,1,39
Смирнов Артём Викторович,полковник,5,58
Павлов Степан Викторович,рядовой,6,39
Михайлов Евгений Александрович,рядовой,6,47
Макаров Алексей Романович,полковник,3,54
Николаев Кирилл Никитич,капитан,4,21
Козлов Юрий Алексеевич,полковник,4,30
Зайцев Андрей Максимович,прапорщик,4,60
Попов Евгений Алексеевич,полковник,4,33
Кузнецов Дмитрий Максимович,капитан,7,24
Никитин Роман Алексеевич,лейтенант,11,36
Морозов Роман Дмитриевич,капитан,9,20
Лебедев Евгений Викторович,сержант,11,23
Сидоров Илья Никитич,лейтенант,11,21
Новиков Дмитрий Алексеевич,полковник,3,49
Михайлов Константин Ильич,рядовой,11,21
Зайцев Юрий Кириллович,капитан,11,28
Захаров Константин Иванович,прапорщик,4,42
Николаев Илья Максимович,прапорщик,12,47
Николаев Илья Викторович,рядовой,4,53
Андреев Степан Романович,лейтенант,8,26
Николаев Егор Александрович,полковник,4,31
Васильев Роман Александрович,лейтенант,4,40
Козлов Павел Александрович,полковник,7,46
Николаев Александр Андреевич,сержант,12,24
Борисов Иван Романович,рядовой,9,24
Иванов Никита Кириллович,прапорщик,3,24
Алексеев Алексей Андреевич,капитан,7,40
Кузнецов Алексей Сергеевич,полковник,2,54
Егоров Егор Никитич,майор,5,48
Сидоров Артём Кириллович,прапорщик,2,51
Смирнов Алексей Сергеевич,майор,12,42
Никитин Степан Павлович,рядовой,7,29
Фёдоров Артём Олегович,полковник,12,22
Соловьёв Артём Сергеевич,полковник,9,35
Егоров Иван Павлович,лейтенант,8,47
Сидоров Максим Александрович,полковник,10,20
Орлов Павел Кириллович,сержант,11,28
Иванов Иван Павлович,сержант,6,48
Васильев Максим Павлович,капитан,6,45
Яковлев Андрей Романович,капитан,11,23
Борисов Роман Максимович,прапорщик,9,59
Кузнецов Александр Максимович,рядовой,1,33
Захаров Егор Олегович,лейтенант,6,52
Петров Олег Алексеевич,лейтенант,4,32
Семёнов Иван Викторович,полковник,11,58
Борисов Константин Ильич,рядовой,12,40
Борисов Евгений Ильич,лейтенант,6,48
Новиков Олег Романович,капитан,7,51
Фёдоров Степан Юрьевич,майор,4,59
Попов Матвей Юрьевич,прапорщик,5,32
Соколов Степан Викторович,майор,3,30
Михайлов Сергей Михайлович,сержант,10,31
Козлов Константин Сергеевич,рядовой,10,44
Макаров Евгений Олегович,сержант,2,24
Соловьёв Илья Юрьевич,прапорщик,10,45
Новиков Евгений Викторович,майор,3,20
Кочергин Денис Викторович,майор,3,30
Павлов Михаил Андреевич,капитан,2,50
Попов Роман Иванович,майор,5,55
Иванов Дмитрий Максимович,майор,1,32
Яковлев Евгений Александрович,рядовой,3,24
Захаров Павел Андреевич,прапорщик,11,36
Кочергин Артём Ильич,рядовой,3,54
Лебедев Илья Романович,капитан,10,58
Андреев Андрей Юрьевич,майор,5,20
Яковлев Артём Кириллович,полковник,10,28
Никитин Максим Кириллович,сержант,9,31
Зайцев Константин Дмитриевич,лейтенант,12,52
Михайлов Дмитрий Дмитриевич,полковник,6,23
Фёдоров Роман Ильич,капитан,4,41
Смирнов Илья Александрович,сержант,10,56
Новиков Павел Андреевич,майор,1,22
Васильев Артём Дмитриевич,сержант,5,27
Попов Степан Романович,майор,2,53
Орлов Алексей Никитич,сержант,3,41
Яковлев Роман Романович,рядовой,12,54
Новиков Юрий Никитич,лейтенант,12,60
Новиков Матвей Иванович,лейтенант,10,55
Андреев Александр Ильич,сержант,7,40
Михайлов Никита Кириллович,рядовой,11,39
Семёнов Михаил Кириллович,прапорщик,8,55
Семёнов Матвей Олегович,прапорщик,11,33
Кузнецов Денис Ильич,сержант,3,55
Степанов Константин Павлович,рядовой,5,33
Попов Дмитрий Олегович,рядовой,2,27
Смирнов Иван Александрович,прапорщик,4,48
Козлов Егор Иванович,рядовой,9,36
Васильев Артём Викторович,сержант,5,24
Николаев Иван Никитич,капитан,1,57
Зайцев Иван Алексеевич,лейтенант,7,56
Павлов Сергей Юрьевич,майор,2,60
Алексеев Михаил Андреевич,рядовой,11,49
Михайлов Илья Викторович,прапорщик,11,22
Орлов Иван Юрьевич,лейтенант,9,37
Кузнецов Матвей Сергеевич,рядовой,12,53
Сидоров Егор Романович,майор,9,52
Семёнов Степан Викторович,рядовой,2,54
Кочергин Денис Михайлович,майор,8,47
Фёдоров Артём Максимович,лейтенант,3,60
Яковлев Иван Юрьевич,рядовой,7,42
Соловьёв Павел Иванович,прапорщик,2,39
Захаров Михаил Дмитриевич,сержант,3,53
Степанов Андрей Олегович,сержант,5,47
Фёдоров Илья Олегович,лейтенант,7,53
Орлов Александр Алексеевич,капитан,10,37
Алексеев Сергей Никитич,полковник,6,38
Михайлов Матвей Максимович,полковник,2,49
Никитин Никита Романович,полковник,10,41
Егоров Артём Андреевич,рядовой,6,46
Иванов Павел Иванович,майор,7,37
Кочергин Андрей Иванович,лейтенант,8,29
Васильев Александр Романович,прапорщик,5,59
Новиков Илья Олегович,полковник,5,35
Козлов Илья Юрьевич,прапорщик,8,55
Иванов Юрий Юрьевич,майор,12,45
Павлов Степан Ильич,капитан,11,35
Зайцев Павел Сергеевич,лейтенант,10,49
Смирнов Матвей Викторович,майор,7,27
Борисов Степан Никитич,капитан,1,43
Никитин Илья Ильич,прапорщик,12,23
Захаров Евгений Олегович,сержант,12,43
Захаров Кирилл Викторович,полковник,8,53
Павлов Дмитрий Ильич,майор,7,47
Кочергин Егор Сергеевич,лейтенант,8,29
Петров Олег Александрович,сержант,4,25
Степанов Илья Дмитриевич,сержант,1,19
Сидоров Кирилл Романович,рядовой,2,45
Кузнецов Михаил Никитич,полковник,5,18
Захаров Александр Дмитриевич,сержант,8,26
Борисов Андрей Никитич,лейтенант,3,37
Кузнецов Михаил Кириллович,рядовой,6,43
Борисов Павел Олегович,майор,11,19
Фёдоров Олег Дмитриевич,капитан,3,30
Яковлев Дмитрий Александрович,лейтенант,8,54
Степанов Алексей Никитич,лейтенант,4,55
Борисов Никита Романович,прапорщик,7,34
Зайцев Алексей Андреевич,лейтенант,1,60
Павлов Сергей Викторович,полковник,6,56
Лебедев Юрий Александрович,рядовой,11,23
Козлов Александр Дмитриевич,полковник,5,47
Степанов Михаил Дмитриевич,прапорщик,2,41
Егоров Михаил Андреевич,прапорщик,9,22
Борисов Алексей Дмитриевич,полковник,11,60
Николаев Алексей Викторович,сержант,6,50
Борисов Сергей Максимович,прапорщик,2,45
Егоров Павел Романович,рядовой,7,40
Борисов Иван Ильич,полковник,2,32
Попов Степан Романович,рядовой,6,41
Кузнецов Павел Викторович,прапорщик,11,26
Егоров Роман Олегович,лейтенант,8,25
Николаев Константин Дмитриевич,сержант,4,30
Соловьёв Юрий Павлович,капитан,3,53
Захаров Юрий Викторович,капитан,12,21
Павлов Юрий Викторович,рядовой,8,58
Козлов Михаил Юрьевич,сержант,1,39
Борисов Андрей Максимович,майор,8,47
Морозов Олег Дмитриевич,капитан,7,32
Зайцев Константин Андреевич,лейтенант,8,43
Козлов Олег Михайлович,полковник,12,30
Смирнов Сергей Алексеевич,прапорщик,11,20
Степанов Виктор Павлович,полковник,11,18
Николаев Кирилл Кириллович,лейтенант,7,51
Степанов Павел Романович,лейтенант,1,36
Смирнов Сергей Иванович,сержант,6,45
Михайлов Андрей Кириллович,рядовой,7,34
Попов Юрий Сергеевич,капитан,7,33
Никитин Михаил Павлович,майор,12,23
Никитин Александр Викторович,прапорщик,11,54
Егоров Роман Александрович,лейтенант,9,44
Яковлев Илья Максимович,сержант,5,20
Фёдоров Денис Андреевич,полковник,7,53
Кузнецов Юрий Михайлович,капитан,4,48
Захаров Никита Максимович,лейтенант,1,43
Андреев Максим Никитич,рядовой,11,31
Соловьёв Никита Максимович,капитан,11,40
Лебедев Илья Дмитриевич,рядовой,10,48
Новиков Егор Иванович,сержант,5,51
Соколов Михаил Ильич,майор,2,23
Борисов Михаил Иванович,рядовой,7,37
Фёдоров Илья Ильич,прапорщик,12,56
Макаров Никита Олегович,капитан,3,35
Иванов Сергей Кириллович,капитан,12,39
Степанов Степан Олегович,полковник,5,44
Егоров Михаил Александрович,майор,9,40
Яковлев Виктор Андреевич,полковник,3,52
Яковлев Алексей Никитич,капитан,8,36
Николаев Артём Андреевич,сержант,7,28
Николаев Константин Алексеевич,прапорщик,10,57
Фёдоров Олег Романович,рядовой,2,35
Андреев Дмитрий Павлович,капитан,12,35
Никитин Дмитрий Александрович,полковник,11,18
Кочергин Денис Никитич,лейтенант,12,24
Козлов Константин Максимович,сержант,1,60
Смирнов Максим Сергеевич,полковник,7,27
Зайцев Евгений Алексеевич,полковник,12,21
Макаров Матвей Иванович,майор,7,35
Смирнов Константин Александрович,майор,12,32
Козлов Олег Викторович,рядовой,12,57
Семёнов Дмитрий Никитич,капитан,3,29
Смирнов Александр Романович,лейтенант,2,60
Попов Сергей Юрьевич,майор,6,28
Морозов Кирилл Юрьевич,майор,1,46
Павлов Степан Ильич,прапорщик,10,55
Захаров Михаил Михайлович,лейтенант,3,60
Морозов Сергей Андреевич,майор,2,26
Иванов Степан Олегович,майор,6,38
Иванов Павел Александрович,лейтенант,1,24
Степанов Михаил Ильич,рядовой,6,58
Павлов Михаил Викторович,рядовой,7,31
Борисов Кирилл Михайлович,рядовой,6,24
Соловьёв Илья Павлович,полковник,2,27
Макаров Михаил Дмитриевич,сержант,7,19
Смирнов Алексей Юрьевич,майор,9,29
Лебедев Александр Сергеевич,лейтенант,7,20
Попов Виктор Михайлович,рядовой,3,43
Соколов Юрий Романович,полковник,7,53
Павлов Иван Иванович,прапорщик,3,54
Козлов Сергей Дмитриевич,рядовой,7,26
Захаров Константин Максимович,лейтенант,10,45
Семёнов Дмитрий Ильич,сержант,4,52
Лебедев Степан Андреевич,полковник,6,18
Павлов Артём Никитич,рядовой,1,23
Соловьёв Денис Дмитриевич,прапорщик,8,43
Новиков Дмитрий Александрович,сержант,11,53
Сидоров Роман Дмитриевич,лейтенант,1,30
Кузнецов Егор Максимович,полковник,3,34
Михайлов Артём Кириллович,лейтенант,5,54
Яковлев Матвей Олегович,капитан,9,54
Алексеев Евгений Алексеевич,лейтенант,4,34
Семёнов Дмитрий Викторович,сержант,5,45
Попов Никита Юрьевич,капитан,9,54
Алексеев Евгений Олегович,сержант,1,39
Зайцев Виктор Романович,рядовой,7,48
Кузнецов Евгений Андреевич,сержант,7,18
Егоров Илья Романович,сержант,4,31
Козлов Максим Олегович,сержант,11,48
Андреев Денис Александрович,сержант,9,49
Михайлов Степан Алексеевич,капитан,12,29
Соколов Сергей Ильич,рядовой,11,55
Яковлев Иван Сергеевич,сержант,4,21
Алексеев Олег Иванович,майор,6,30
Васильев Матвей Сергеевич,лейтенант,5,55
Кочергин Юрий Никитич,полковник,7,52
Новиков Олег Олегович,лейтенант,2,56
Новиков Иван Сергеевич,прапорщик,4,60
Орлов Константин Иванович,рядовой,11,44
Смирнов Олег Юрьевич,сержант,5,18
Фёдоров Илья Михайлович,лейтенант,8,27
Николаев Артём Максимович,сержант,4,30
Кочергин Сергей Никитич,сержант,5,59
Фёдоров Егор Никитич,капитан,12,42
Семёнов Максим Максимович,прапорщик,4,55
Морозов Юрий Юрьевич,сержант,12,18
Васильев Артём Михайлович,рядовой,7,18
Новиков Роман Алексеевич,капитан,1,58
Семёнов Дмитрий Романович,полковник,1,22
Никитин Кирилл Андреевич,лейтенант,6,41
Николаев Алексей Павлович,сержант,6,34
Петров Никита Юрьевич,полковник,1,23
Макаров Илья Олегович,сержант,3,34
Степанов Илья Михайлович,майор,6,47
Сидоров Матвей Олегович,полковник,7,54
Степанов Максим Никитич,капитан,9,26
Фёдоров Дмитрий Михайлович,лейтенант,2,43
Смирнов Денис Максимович,сержант,3,49
Соловьёв Сергей Михайлович,полковник,8,24
Сидоров Степан Романович,лейтенант,4,18
Алексеев Павел Дмитриевич,лейтенант,11,45
Николаев Максим Ильич,рядовой,3,25
Захаров Андрей Викторович,прапорщик,7,58
Кочергин Евгений Кириллович,прапорщик,2,42
Сидоров Андрей Ильич,прапорщик,7,25
Сидоров Павел Андреевич,лейтенант,4,31
Степанов Артём Дмитриевич,капитан,1,45
Борисов Олег Иванович,капитан,11,27
Кузнецов Степан Кириллович,полковник,1,18
Козлов Кирилл Павлович,сержант,5,51
Сидоров Степан Олегович,капитан,6,38
Козлов Олег Олегович,полковник,2,45
Орлов Степан Максимович,прапорщик,12,54
Петров Юрий Андреевич,рядовой,3,19
Васильев Олег Александрович,капитан,12,29
Орлов Иван Ильич,майор,7,30
Николаев Роман Романович,лейтенант,8,58
Морозов Роман Павлович,прапорщик,5,29
Петров Павел Романович,капитан,3,28
Лебедев Олег Романович,рядовой,11,37
Новиков Егор Романович,полковник,12,42
Лебедев Дмитрий Сергеевич,майор,7,27
Орлов Константин Иванович,капитан,5,57
Орлов Максим Павлович,полковник,6,51
Соловьёв Михаил Максимович,прапорщик,5,25
Кочергин Евгений Павлович,рядовой,6,29
Морозов Иван Кириллович,майор,11,35
Степанов Павел Романович,рядовой,4,20
Егоров Артём Андреевич,прапорщик,5,55
Макаров Дмитрий Александрович,капитан,2,38
Соловьёв Кирилл Алексеевич,сержант,2,53
Захаров Михаил Ильич,майор,3,31
Орлов Александр Юрьевич,прапорщик,9,47
Новиков Юрий Иванович,сержант,5,60
Соловьёв Олег Александрович,рядовой,1,60
Лебедев Олег Никитич,капитан,11,21
Кузнецов Олег Иванович,лейтенант,4,60
Морозов Павел Викторович,майор,3,52
Захаров Дмитрий Никитич,лейтенант,7,46
Новиков Егор Никитич,капитан,4,26
Морозов Сергей Павлович,прапорщик,10,57
Егоров Денис Михайлович,сержант,8,59
Яковлев Александр Максимович,майор,9,57
Лебедев Алексей Кириллович,полковник,10,50
Яковлев Виктор Романович,капитан,8,54
Борисов Евгений Дмитриевич,лейтенант,7,44
Морозов Никита Андреевич,прапорщик,9,53
Морозов Илья Дмитриевич,сержант,5,45
Павлов Егор Викторович,сержант,1,34
Зайцев Дмитрий Александрович,рядовой,10,41
Васильев Роман Иванович,полковник,11,45
Семёнов Артём Юрьевич,сержант,10,29
Алексеев Евгений Юрьевич,лейтенант,2,26
Никитин Евгений Михайлович,прапорщик,2,37
Кузнецов Матвей Кириллович,майор,4,44
Иванов Алексей Олегович,капитан,1,53
Егоров Денис Юрьевич,прапорщик,8,52
Семёнов Артём Иванович,капитан,5,36
Алексеев Илья Михайлович,сержант,9,60
Морозов Илья Иванович,лейтенант,5,45
Кузнецов Дмитрий Олегович,лейтенант,6,27
Семёнов Илья Романович,майор,10,59
Кочергин Никита Иванович,сержант,9,54
Егоров Дмитрий Дмитриевич,рядовой,8,43
Козлов Роман Павлович,полковник,7,58
Семёнов Юрий Сергеевич,прапорщик,7,60
Николаев Артём Александрович,майор,12,46
Борисов Матвей Андреевич,прапорщик,8,57
Лебедев Иван Павлович,лейтенант,9,21
Никитин Дмитрий Александрович,сержант,8,31
Никитин Сергей Кириллович,лейтенант,3,44
Никитин Никита Максимович,сержант,6,38
Павлов Никита Юрьевич,капитан,10,26
Борисов Матвей Андреевич,сержант,5,58
Петров Алексей Максимович,рядовой,10,57
Яковлев Дмитрий Павлович,прапорщик,4,45
Степанов Иван Викторович,майор,10,36
Михайлов Иван Викторович,прапорщик,10,28
Орлов Дмитрий Иванович,рядовой,4,24
Павлов Алексей Юрьевич,полковник,4,42
Козлов Виктор Алексеевич,рядовой,10,24
Андреев Егор Юрьевич,майор,12,47
Сидоров Александр Павлович,лейтенант,10,35
Лебедев Константин Кириллович,капитан,12,21
Кузнецов Степан Ильич,капитан,3,47
Зайцев Степан Сергеевич,майор,8,51
Козлов Матвей Алексеевич,лейтенант,9,45
Борисов Павел Александрович,майор,4,19
Николаев Александр Никитич,прапорщик,2,28
Козлов Иван Сергеевич,майор,7,47
Сидоров Роман Максимович,сержант,8,20
Смирнов Евгений Сергеевич,рядовой,1,46
Васильев Матвей Иванович,полковник,3,49
Егоров Кирилл Иванович,майор,2,27
Лебедев Юрий Максимович,рядовой,6,60
Андреев Артём Ильич,прапорщик,10,52
Лебедев Виктор Викторович,капитан,11,56
Макаров Кирилл Сергеевич,прапорщик,7,48
Козлов Иван Александрович,капитан,7,53
Новиков Иван Олегович,сержант,6,54
Козлов Роман Викторович,сержант,4,30
Новиков Роман Максимович,майор,8,50
Козлов Сергей Юрьевич,лейтенант,2,21
Соловьёв Виктор Алексеевич,рядовой,4,49
Павлов Егор Михайлович,рядовой,2,52
Степанов Виктор Никитич,лейтенант,5,48
Сидоров Иван Ильич,капитан,9,43
Егоров Кирилл Юрьевич,капитан,7,33
Павлов Алексей Михайлович,лейтенант,10,52
Лебедев Максим Олегович,капитан,6,40
Сидоров Илья Максимович,сержант,8,58
Орлов Денис Ильич,рядовой,6,26
Захаров Степан Максимович,прапорщик,10,18
Михайлов Артём Павлович,майор,2,26
Козлов Сергей Романович,майор,2,42
Васильев Константин Никитич,прапорщик,2,28
Захаров Степан Романович,майор,9,54
Сидоров Артём Александрович,капитан,10,51
Соловьёв Максим Юрьевич,капитан,2,25
Соловьёв Юрий Романович,капитан,11,50
Лебедев Андрей Михайлович,капитан,12,31
Новиков Илья Дмитриевич,полковник,12,58
Алексеев Денис Никитич,рядовой,7,49
Смирнов Андрей Кириллович,капитан,9,53
Степанов Сергей Ильич,майор,10,58
Козлов Денис Павлович,капитан,9,48
Егоров Константин Юрьевич,полковник,3,35
Васильев Денис Андреевич,прапорщик,12,58
Андреев Артём Олегович,майор,8,39
Кузнецов Артём Иванович,полковник,7,33
Лебедев Сергей Александрович,майор,11,50
Орлов Павел Викторович,сержант,4,39
Макаров Егор Максимович,полковник,4,58
Яковлев Виктор Александрович,капитан,6,27
Новиков Денис Максимович,капитан,6,32
Морозов Артём Дмитриевич,майор,8,46
Никитин Андрей Сергеевич,капитан,8,24
Кочергин Виктор Ильич,прапорщик,6,59
Захаров Денис Михайлович,капитан,4,54
Козлов Юрий Юрьевич,прапорщик,2,31
Морозов Илья Сергеевич,полковник,12,26
Васильев Виктор Михайлович,лейтенант,11,56
Попов Павел Юрьевич,полковник,9,32
Лебедев Дмитрий Максимович,сержант,5,49
Смирнов Дмитрий Максимович,рядовой,4,50
Соколов Олег Ильич,сержант,2,23
Попов Павел Викторович,капитан,8,59
Михайлов Кирилл Романович,сержант,8,58
Алексеев Виктор Олегович,лейтенант,11,29
Николаев Михаил Андреевич,капитан,3,30
Семёнов Егор Павлович,сержант,8,50
Павлов Илья Максимович,сержант,1,45
Алексеев Денис Сергеевич,сержант,11,31
Андреев Денис Олегович,капитан,10,34
Борисов Илья Ильич,капитан,4,45
Макаров Юрий Михайлович,полковник,11,40
Орлов Михаил Андреевич,лейтенант,4,58
Степанов Матвей Михайлович,капитан,11,59
Смирнов Егор Павлович,рядовой,5,54
Егоров Денис Сергеевич,рядовой,9,28
Макаров Константин Олегович,капитан,11,27
Степанов Андрей Никитич,майор,6,56
Петров Павел Михайлович,лейтенант,3,24
Борисов Никита Иванович,лейтенант,4,27
Соловьёв Юрий Романович,сержант,6,50
Андреев Виктор Иванович,майор,9,26
Борисов Максим Андреевич,майор,5,21
Кузнецов Артём Сергеевич,прапорщик,1,60
Захаров Кирилл Дмитриевич,капитан,9,47
Соколов Максим Кириллович,сержант,2,60
Захаров Андрей Романович,лейтенант,12,53
Иванов Павел Павлович,сержант,11,34
Егоров Константин Кириллович,лейтенант,6,54
Борисов Михаил Иванович,майор,12,60
Морозов Денис Александрович,рядовой,12,60
Лебедев Алексей Юрьевич,капитан,6,31
Захаров Павел Викторович,прапорщик,12,39
Андреев Денис Ильич,полковник,7,35
Смирнов Кирилл Андреевич,капитан,7,36
Орлов Александр Сергеевич,капитан,2,19
Сидоров Виктор Алексеевич,капитан,1,21
Попов Виктор Максимович,рядовой,8,54
Алексеев Олег Кириллович,лейтенант,7,56
Иванов Андрей Александрович,прапорщик,2,18
Степанов Олег Ильич,сержант,12,51
Захаров Алексей Сергеевич,сержант,12,40
Кузнецов Степан Иванович,прапорщик,3,19
Яковлев Андрей Максимович,полковник,4,39
Кузнецов Степан Кириллович,сержант,9,51
Кузнецов Степан Романович,прапорщик,11,59
Семёнов Степан Олегович,лейтенант,10,42
Андреев Артём Дмитриевич,сержант,4,40
Козлов Евгений Павлович,рядовой,1,21
Иванов Александр Михайлович,майор,7,51
Васильев Матвей Андреевич,майор,5,24
Николаев Никита Дмитриевич,лейтенант,7,40
Попов Юрий Ильич,майор,4,38
Семёнов Дмитрий Сергеевич,капитан,2,44
Фёдоров Дмитрий Андреевич,капитан,9,21
Кочергин Юрий Иванович,рядовой,6,26
Лебедев Дмитрий Сергеевич,майор,3,48
Михайлов Александр Сергеевич,сержант,10,45
Николаев Иван Олегович,прапорщик,3,35
Степанов Юрий Романович,прапорщик,8,44
Семёнов Максим Андреевич,полковник,3,37
Лебедев Степан Андреевич,сержант,2,60
Соколов Виктор Андреевич,прапорщик,9,51
Никитин Александр Юрьевич,лейтенант,2,26
Козлов Андрей Юрьевич,рядовой,7,60
Морозов Илья Павлович,лейтенант,2,27
Никитин Юрий Максимович,рядовой,3,31
Зайцев Иван Андреевич,капитан,2,34
Андреев Евгений Дмитриевич,сержант,3,57
Егоров Артём Романович,майор,9,47
Михайлов Иван Никитич,полковник,5,25
Николаев Андрей Никитич,рядовой,5,33
Павлов Кирилл Алексеевич,майор,9,50
Соколов Илья Иванович,майор,12,60
Зайцев Максим Максимович,прапорщик,9,59
Никитин Алексей Юрьевич,майор,1,28
Михайлов Олег Иванович,сержант,9,41
Козлов Алексей Кириллович,прапорщик,5,44
Захаров Илья Ильич,сержант,2,22
Сидоров Константин Михайлович,лейтенант,1,22
Соловьёв Максим Юрьевич,полковник,3,60
Борисов Илья Павлович,сержант,11,23
Андреев Павел Александрович,майор,11,24
Андреев Юрий Дмитриевич,лейтенант,11,45
Кузнецов Илья Юрьевич,капитан,6,40
Алексеев Иван Сергеевич,сержант,4,59
Соловьёв Олег Дмитриевич,рядовой,7,49
Новиков Илья Дмитриевич,сержант,2,26
Иванов Егор Павлович,сержант,3,45
Лебедев Илья Иванович,капитан,10,36
Егоров Илья Андреевич,капитан,12,42
Новиков Юрий Олегович,прапорщик,2,26
Кочергин Егор Кириллович,рядовой,6,55
Алексеев Евгений Кириллович,полковник,3,51
Кузнецов Илья Кириллович,рядовой,8,48
Семёнов Илья Олегович,майор,5,55
Николаев Илья Ильич,прапорщик,12,34
Кочергин Степан Максимович,лейтенант,11,39
Зайцев Олег Романович,лейтенант,10,38
Павлов Денис Дмитриевич,лейтенант,7,50
Николаев Роман Павлович,полковник,1,56
Соловьёв Роман Иванович,полковник,1,48
Морозов Роман Олегович,сержант,9,43
Макаров Алексей Кириллович,сержант,9,53
Михайлов Максим Дмитриевич,майор,2,47
Козлов Матвей Александрович,майор,5,56
Борисов Матвей Олегович,майор,7,21
Васильев Никита Олегович,майор,3,30
Орлов Степан Александрович,сержант,6,38
Морозов Денис Максимович,лейтенант,10,36
Борисов Роман Ильич,сержант,11,57
Морозов Сергей Михайлович,майор,7,47
Новиков Иван Дмитриевич,майор,3,31
Лебедев Матвей Павлович,майор,2,57
Яковлев Дмитрий Михайлович,сержант,5,34
Николаев Олег Павлович,сержант,12,37
Макаров Максим Олегович,полковник,12,59
Семёнов Кирилл Викторович,прапорщик,9,56
Степанов Матвей Кириллович,капитан,7,20
Захаров Кирилл Ильич,полковник,12,25
Егоров Андрей Максимович,полковник,2,52
Зайцев Сергей Никитич,капитан,6,20
Алексеев Сергей Викторович,капитан,10,45
Соколов Кирилл Михайлович,рядовой,7,20
Макаров Евгений Алексеевич,прапорщик,8,60
Козлов Андрей Андреевич,сержант,10,49
Павлов Артём Александрович,майор,12,55
Степанов Максим Викторович,капитан,3,29
Андреев Константин Ильич,майор,11,55
Павлов Константин Дмитриевич,майор,9,40
Захаров Матвей Кириллович,сержант,8,49
Орлов Иван Юрьевич,рядовой,6,41
Орлов Дмитрий Ильич,лейтенант,2,52
Сидоров Виктор Павлович,сержант,5,48
Алексеев Егор Романович,майор,10,18
Фёдоров Артём Михайлович,полковник,10,59
Семёнов Матвей Викторович,прапорщик,5,38
Сидоров Дмитрий Сергеевич,майор,11,40
Козлов Степан Михайлович,прапорщик,6,40
Михайлов Никита Олегович,сержант,4,29
Зайцев Максим Викторович,капитан,2,35
Андреев Виктор Александрович,рядовой,9,59
Кочергин Кирилл Ильич,майор,6,48
Сидоров Егор Максимович,лейтенант,1,27
Степанов Денис Алексеевич,лейтенант,3,21
Зайцев Андрей Михайлович,прапорщик,6,36
Алексеев Павел Юрьевич,сержант,7,23
Михайлов Андрей Михайлович,прапорщик,9,31
Яковлев Константин Михайлович,рядовой,12,46
Морозов Денис Алексеевич,сержант,1,53
Степанов Роман Максимович,майор,3,59
Алексеев Павел Никитич,прапорщик,7,40
Яковлев Матвей Максимович,лейтенант,12,31
Семёнов Андрей Кириллович,прапорщик,3,32
Егоров Андрей Ильич,капитан,10,27
Фёдоров Егор Романович,капитан,5,45
Кочергин Юрий Ильич,лейтенант,12,44
Андреев Евгений Андреевич,капитан,8,35
Борисов Олег Андреевич,майор,6,57
Михайлов Артём Юрьевич,сержант,12,41
Козлов Олег Сергеевич,полковник,9,22
Морозов Евгений Александрович,капитан,5,55
Орлов Виктор Михайлович,лейтенант,7,58
Кочергин Олег Алексеевич,лейтенант,4,52
Лебедев Андрей Михайлович,капитан,9,44
Васильев Никита Андреевич,сержант,2,44
Соловьёв Павел Кириллович,сержант,8,41
Орлов Олег Ильич,лейтенант,2,35
Васильев Алексей Павлович,капитан,12,57
Морозов Артём Юрьевич,полковник,7,50
Павлов Виктор Андреевич,прапорщик,1,57
Макаров Виктор Максимович,капитан,5,58
Захаров Сергей Алексеевич,полковник,3,55
Фёдоров Михаил Викторович,рядовой,4,34
Николаев Степан Ильич,полковник,2,55
Захаров Алексей Павлович,майор,5,57
Зайцев Константин Алексеевич,капитан,10,50
Попов Максим Викторович,прапорщик,5,57
Михайлов Матвей Павлович,лейтенант,4,54
Кузнецов Сергей Сергеевич,сержант,2,54
Кочергин Максим Викторович,сержант,12,19
Петров Максим Александрович,сержант,10,29
Лебедев Сергей Андреевич,сержант,12,57
Иванов Павел Никитич,прапорщик,7,49
Морозов Александр Юрьевич,прапорщик,1,35
Кочергин Максим Андреевич,майор,3,34
Семёнов Сергей Михайлович,рядовой,2,43
Семёнов Артём Олегович,майор,5,39
Петров Роман Юрьевич,полковник,7,23
Новиков Роман Сергеевич,рядовой,8,47
Кочергин Павел Павлович,капитан,4,57
Сидоров Сергей Александрович,капитан,9,58
Андреев Константин Ильич,майор,11,56
Соловьёв Иван Ильич,капитан,6,27
Лебедев Артём Олегович,лейтенант,5,24
Васильев Дмитрий Михайлович,полковник,6,18
Михайлов Иван Михайлович,майор,5,26
Зайцев Кирилл Ильич,капитан,4,46
Захаров Илья Александрович,полковник,12,18
Яковлев Денис Сергеевич,майор,4,44
Андреев Никита Сергеевич,майор,1,45
Смирнов Евгений Ильич,прапорщик,6,34
Степанов Егор Михайлович,прапорщик,8,25
Иванов Денис Алексеевич,полковник,4,40
Степанов Никита Романович,рядовой,1,47
Попов Никита Михайлович,майор,12,41
Лебедев Александр Алексеевич,лейтенант,11,53
Степанов Алексей Андреевич,рядовой,5,47
Кочергин Андрей Алексеевич,капитан,10,60
Егоров Павел Алексеевич,майор,5,29
Павлов Александр Ильич,рядовой,11,20
Соловьёв Юрий Никитич,полковник,7,25
Лебедев Матвей Алексеевич,лейтенант,6,54
Козлов Артём Викторович,майор,9,52
Захаров Евгений Романович,капитан,9,59
Андреев Юрий Андреевич,капитан,2,51
Павлов Павел Павлович,лейтенант,8,27
Борисов Иван Сергеевич,капитан,6,19
Орлов Евгений Максимович,прапорщик,7,33
Яковлев Матвей Дмитриевич,капитан,1,41
Николаев Денис Максимович,лейтенант,4,33
Николаев Павел Алексеевич,майор,11,52
Попов Константин Максимович,рядовой,9,42
Попов Кирилл Ильич,капитан,1,24
Сидоров Юрий Дмитриевич,майор,11,30
Макаров Евгений Павлович,прапорщик,1,31
Соловьёв Дмитрий Павлович,майор,7,43
Николаев Никита Романович,полковник,8,39
Смирнов Степан Михайлович,майор,3,30
Егоров Олег Максимович,прапорщик,10,19
Иванов Роман Павлович,лейтенант,4,26
Кузнецов Матвей Сергеевич,полковник,7,18
Никитин Андрей Андреевич,сержант,8,49
Козлов Олег Михайлович,прапорщик,1,41
Захаров Кирилл Иванович,сержант,12,27
Кузнецов Кирилл Павлович,лейтенант,10,59
Новиков Алексей Андреевич,рядовой,6,50
Морозов Павел Алексеевич,полковник,8,48
Никитин Матвей Сергеевич,сержант,1,59
Козлов Виктор Кириллович,майор,8,32
Кузнецов Павел Юрьевич,полковник,3,54
Захаров Максим Никитич,рядовой,3,60
Кузнецов Егор Дмитриевич,капитан,2,36
Захаров Роман Кириллович,прапорщик,6,19
Борисов Роман Олегович,лейтенант,11,58
Фёдоров Михаил Дмитриевич,полковник,8,55
Смирнов Илья Викторович,рядовой,6,48
Николаев Сергей Сергеевич,полковник,4,28
Соловьёв Иван Алексеевич,полковник,4,38
Яковлев Егор Олегович,сержант,11,38
Лебедев Степан Ильич,сержант,12,22
Никитин Роман Никитич,прапорщик,6,43
Фёдоров Никита Андреевич,рядовой,2,30
Васильев Алексей Александрович,прапорщик,8,31
Лебедев Сергей Михайлович,рядовой,3,20
Борисов Денис Сергеевич,сержант,8,48
Семёнов Сергей Максимович,рядовой,2,45
Михайлов Олег Павлович,рядовой,9,27
Зайцев Виктор Андреевич,полковник,2,57
Попов Иван Андреевич,лейтенант,6,60
Зайцев Иван Романович,полковник,6,29
Степанов Илья Алексеевич,лейтенант,7,49
Соколов Артём Дмитриевич,сержант,3,54
Васильев Александр Никитич,капитан,6,23
Орлов Максим Максимович,лейтенант,1,51
Макаров Евгений Павлович,майор,3,25
Алексеев Михаил Михайлович,полковник,3,19
Соловьёв Андрей Викторович,полковник,9,22
Егоров Юрий Кириллович,сержант,6,29
Новиков Михаил Иванович,сержант,2,49
Борисов Алексей Олегович,капитан,3,23
Морозов Олег Романович,лейтенант,8,59
Сидоров Павел Андреевич,рядовой,2,29
Михайлов Евгений Никитич,полковник,5,25
Лебедев Максим Иванович,прапорщик,5,30
Соловьёв Павел Павлович,рядовой,9,55
Иванов Денис Ильич,рядовой,6,27
Соколов Кирилл Ильич,майор,11,59
Захаров Денис Андреевич,лейтенант,10,56
Морозов Сергей Сергеевич,сержант,3,18
Фёдоров Евгений Романович,сержант,8,34
Захаров Евгений Иванович,капитан,1,34
Егоров Алексей Викторович,лейтенант,11,36
Кузнецов Артём Ильич,лейтенант,10,31
Козлов Александр Сергеевич,прапорщик,12,47
Попов Александр Александрович,капитан,1,57
Сидоров Андрей Иванович,лейтенант,4,49
Николаев Степан Алексеевич,рядовой,1,39
Кочергин Иван Кириллович,сержант,9,20
Алексеев Роман Романович,сержант,6,44
Макаров Денис Александрович,прапорщик,12,41
Васильев Михаил Ильич,прапорщик,4,41
Кочергин Никита Дмитриевич,сержант,7,48
Сидоров Никита Кириллович,майор,5,38
Фёдоров Денис Михайлович,рядовой,5,34
Козлов Константин Алексеевич,лейтенант,2,22
Петров Виктор Ильич,лейтенант,10,21
Егоров Иван Дмитриевич,прапорщик,2,60
Никитин Евгений Олегович,прапорщик,7,47
Васильев Степан Иванович,полковник,7,37
Орлов Евгений Дмитриевич,майор,1,25
Орлов Андрей Романович,майор,4,57
Яковлев Дмитрий Романович,сержант,3,25
Борисов Матвей Павлович,сержант,7,19
Захаров Михаил Александрович,майор,12,26
Новиков Матвей Максимович,полковник,8,23
Козлов Михаил Михайлович,полковник,6,26
Егоров Илья Максимович,прапорщик,4,33
Егоров Константин Олегович,рядовой,2,60
Петров Матвей Алексеевич,капитан,3,29
Лебедев Виктор Романович,сержант,5,54
Андреев Никита Юрьевич,прапорщик,7,47
Соловьёв Михаил Никитич,майор,4,43
Васильев Алексей Алексеевич,полковник,6,19
Соколов Андрей Никитич,лейтенант,8,48
Егоров Юрий Сергеевич,лейтенант,11,60
Макаров Илья Андреевич,сержант,7,41
Семёнов Максим Максимович,прапорщик,2,50
Семёнов Артём Никитич,майор,12,49
Лебедев Иван Никитич,сержант,7,38
Козлов Иван Никитич,сержант,7,29
Петров Максим Юрьевич,полковник,2,25
Сидоров Кирилл Алексеевич,сержант,1,53
Сидоров Степан Кириллович,майор,11,46
Кузнецов Роман Дмитриевич,майор,11,32
Макаров Михаил Павлович,полковник,4,25
Лебедев Евгений Александрович,сержант,4,43
Зайцев Денис Кириллович,майор,10,45
Захаров Илья Олегович,капитан,10,45
Степанов Сергей Викторович,капитан,8,20
Иванов Сергей Викторович,майор,5,39
Васильев Степан Кириллович,сержант,3,23
Степанов Денис Никитич,рядовой,3,50
Кузнецов Илья Максимович,лейтенант,5,33
Иванов Илья Иванович,майор,10,21
Сидоров Степан Максимович,капитан,2,19
Попов Сергей Дмитриевич,прапорщик,1,29
Фёдоров Илья Максимович,сержант,11,18
Соловьёв Михаил Никитич,лейтенант,11,54
Лебедев Константин Иванович,полковник,11,39
Степанов Илья Павлович,майор,11,43
Фёдоров Кирилл Иванович,прапорщик,3,22
Зайцев Евгений Александрович,капитан,12,38
Борисов Павел Романович,прапорщик,5,51
Алексеев Илья Никитич,капитан,8,22
Егоров Илья Алексеевич,капитан,6,20
Кочергин Виктор Александрович,капитан,12,24
Борисов Дмитрий Никитич,полковник,6,29
Борисов Юрий Юрьевич,лейтенант,2,56
Макаров Юрий Александрович,сержант,5,27
Яковлев Денис Михайлович,сержант,5,23
Макаров Евгений Михайлович,сержант,5,31
Яковлев Никита Александрович,полковник,5,50
Смирнов Михаил Иванович,сержант,10,43
Борисов Евгений Ильич,рядовой,9,41
Козлов Алексей Михайлович,капитан,11,33
Михайлов Иван Кириллович,лейтенант,3,38
Никитин Иван Викторович,сержант,1,45
Соколов Степан Иванович,прапорщик,11,42
Сидоров Виктор Дмитриевич,капитан,1,42
Соколов Олег Никитич,сержант,12,39
Павлов Денис Юрьевич,лейтенант,3,42
Попов Никита Юрьевич,лейтенант,3,26
Козлов Денис Алексеевич,прапорщик,9,56
Зайцев Максим Андреевич,прапорщик,6,41
Соколов Юрий Викторович,сержант,5,27
Петров Дмитрий Алексеевич,майор,12,56
Степанов Егор Иванович,сержант,9,18
Семёнов Дмитрий Юрьевич,майор,11,47
Сидоров Евгений Максимович,прапорщик,9,38
Павлов Юрий Алексеевич,сержант,8,55
Андреев Артём Иванович,лейтенант,3,39
Морозов Павел Максимович,лейтенант,6,37
Васильев Кирилл Олегович,лейтенант,1,57
Зайцев Виктор Юрьевич,сержант,9,56
Васильев Олег Сергеевич,майор,2,27
Захаров Евгений Максимович,рядовой,1,25
Павлов Дмитрий Максимович,сержант,11,50
Николаев Олег Дмитриевич,прапорщик,11,27
Иванов Егор Ильич,прапорщик,8,26
Орлов Кирилл Кириллович,прапорщик,5,20
Михайлов Юрий Александрович,сержант,2,46
Зайцев Иван Алексеевич,рядовой,8,36
Соловьёв Михаил Юрьевич,сержант,11,26
Семёнов Егор Михайлович,сержант,10,22
Смирнов Денис Алексеевич,сержант,9,32
Никитин Иван Романович,рядовой,10,52
Андреев Юрий Андреевич,полковник,11,59
Николаев Евгений Викторович,рядовой,5,51
Фёдоров Константин Иванович,капитан,4,51
Козлов Денис Юрьевич,сержант,7,24
Степанов Егор Юрьевич,майор,2,43
Егоров Иван Юрьевич,прапорщик,5,25
Сидоров Евгений Никитич,майор,8,43
Попов Павел Викторович,майор,5,54
Зайцев Кирилл Викторович,майор,10,23
Кочергин Сергей Юрьевич,полковник,2,18
Попов Юрий Викторович,лейтенант,11,33
Борисов Александр Дмитриевич,рядовой,11,40
Семёнов Илья Александрович,прапорщик,6,27
Васильев Максим Сергеевич,сержант,5,60
Васильев Денис Романович,полковник,8,36
Алексеев Денис Павлович,лейтенант,6,37
Кузнецов Дмитрий Павлович,лейтенант,7,36
Морозов Дмитрий Викторович,рядовой,8,30
Смирнов Евгений Максимович,прапорщик,5,28
Сидоров Александр Алексеевич,майор,1,55
Макаров Дмитрий Максимович,лейтенант,8,36
Зайцев Михаил Ильич,лейтенант,12,23
Степанов Илья Романович,сержант,9,38
Егоров Андрей Никитич,рядовой,7,51
Фёдоров Степан Ильич,майор,9,23
Орлов Артём Романович,полковник,3,34
Кочергин Алексей Михайлович,лейтенант,1,29
Сидоров Виктор Юрьевич,полковник,8,21
Кузнецов Никита Ильич,капитан,12,33
Орлов Егор Юрьевич,полковник,8,55
Смирнов Александр Алексеевич,майор,3,18
Павлов Константин Павлович,капитан,6,50
Захаров Алексей Иванович,рядовой,8,36
Степанов Сергей Михайлович,прапорщик,6,54
Захаров Алексей Иванович,сержант,12,37
Алексеев Александр Романович,капитан,12,60
Смирнов Сергей Романович,сержант,4,44
Смирнов Илья Юрьевич,полковник,8,38
Соколов Михаил Алексеевич,прапорщик,6,57
Никитин Максим Андреевич,прапорщик,4,42
Павлов Матвей Олегович,майор,5,30
Васильев Сергей Сергеевич,прапорщик,6,56
Васильев Павел Андреевич,майор,11,21
Никитин Олег Юрьевич,лейтенант,1,51
Захаров Артём Иванович,полковник,11,35
Иванов Егор Кириллович,прапорщик,2,42
Иванов Константин Никитич,майор,2,58
Зайцев Кирилл Иванович,майор,5,53
Васильев Дмитрий Ильич,капитан,7,21
Макаров Егор Романович,майор,6,23
Кузнецов Степан Сергеевич,сержант,2,51
Михайлов Дмитрий Юрьевич,лейтенант,7,49
Соколов Юрий Дмитриевич,прапорщик,10,18
Лебедев Степан Алексеевич,прапорщик,4,30
Кочергин Сергей Павлович,рядовой,12,45
Соловьёв Артём Дмитриевич,сержант,6,53
Зайцев Илья Павлович,полковник,12,42
Захаров Степан Андреевич,майор,5,21
Кочергин Артём Кириллович,полковник,5,45
Алексеев Максим Сергеевич,лейтенант,5,57
Зайцев Матвей Кириллович,капитан,8,43
Лебедев Павел Викторович,майор,7,37
Новиков Артём Кириллович,рядовой,12,28
Фёдоров Кирилл Юрьевич,майор,6,42
Иванов Степан Александрович,рядовой,8,57
Соколов Виктор Юрьевич,лейтенант,3,29
Новиков Сергей Никитич,майор,2,57
Павлов Юрий Сергеевич,майор,1,27
Фёдоров Александр Юрьевич,полковник,9,38
Васильев Иван Ильич,майор,11,33
Фёдоров Александр Алексеевич,полковник,1,45
Семёнов Виктор Андреевич,полковник,4,60
Павлов Андрей Викторович,капитан,2,34
Алексеев Константин Павлович,полковник,8,42
Семёнов Максим Никитич,капитан,9,33
Павлов Роман Никитич,капитан,9,48
Егоров Юрий Юрьевич,майор,4,50
Сидоров Андрей Михайлович,лейтенант,6,49
Соловьёв Егор Дмитриевич,майор,3,35
Козлов Сергей Андреевич,прапорщик,7,54
Иванов Алексей Иванович,капитан,11,42
Никитин Степан Максимович,лейтенант,7,37
Иванов Максим Юрьевич,прапорщик,9,55
Петров Павел Дмитриевич,рядовой,12,32
Иванов Виктор Алексеевич,капитан,8,50
Борисов Илья Ильич,сержант,11,21
Захаров Егор Викторович,майор,2,37
Алексеев Юрий Юрьевич,майор,1,30
Никитин Максим Андреевич,капитан,7,56
Захаров Максим Кириллович,майор,3,25
Михайлов Денис Романович,полковник,3,40
Попов Юрий Никитич,полковник,4,52
Алексеев Артём Алексеевич,полковник,3,28
Сидоров Денис Дмитриевич,майор,6,21
Лебедев Никита Викторович,майор,9,18
Михайлов Денис Михайлович,рядовой,3,42
Михайлов Андрей Викторович,капитан,8,21
Морозов Илья Андреевич,лейтенант,9,42
Алексеев Иван Дмитриевич,рядовой,7,51
Яковлев Юрий Павлович,майор,2,52
Смирнов Юрий Михайлович,лейтенант,7,26
Кузнецов Алексей Максимович,прапорщик,8,23
Смирнов Павел Иванович,сержант,7,43
Морозов Артём Ильич,рядовой,7,46
Соловьёв Иван Кириллович,капитан,12,38
Борисов Михаил Михайлович,лейтенант,12,39
Морозов Егор Андреевич,прапорщик,5,28
Лебедев Виктор Юрьевич,полковник,2,53
Никитин Никита Романович,рядовой,7,52
Орлов Иван Юрьевич,рядовой,1,22
Захаров Степан Михайлович,капитан,5,40
Алексеев Михаил Дмитриевич,сержант,6,43
Лебедев Егор Сергеевич,рядовой,6,44
Новиков Дмитрий Романович,капитан,8,31
Новиков Алексей Алексеевич,майор,3,40
Яковлев Артём Павлович,рядовой,11,51
Смирнов Иван Кириллович,рядовой,5,32
Петров Константин Дмитриевич,майор,3,21
Кочергин Евгений Максимович,капитан,4,45
Степанов Сергей Андреевич,прапорщик,9,57
Орлов Иван Сергеевич,майор,4,49
Васильев Степан Юрьевич,майор,3,34
Николаев Дмитрий Дмитриевич,полковник,3,37
Соколов Андрей Михайлович,рядовой,6,20
Андреев Кирилл Максимович,рядовой,4,52
Петров Степан Максимович,майор,9,23
Соколов Денис Викторович,майор,11,27
Михайлов Олег Максимович,лейтенант,5,29
Кузнецов Виктор Олегович,прапорщик,5,53
Павлов Никита Сергеевич,полковник,1,24
Иванов Андрей Максимович,полковник,11,25
Захаров Илья Ильич,прапорщик,1,46
Егоров Максим Михайлович,сержант,7,43
Соколов Алексей Юрьевич,прапорщик,10,30
Борисов Кирилл Юрьевич,прапорщик,6,33
Фёдоров Виктор Романович,капитан,8,52
Никитин Иван Олегович,сержант,3,33
Егоров Егор Олегович,полковник,5,29
Козлов Иван Михайлович,майор,3,27
Михайлов Михаил Максимович,полковник,12,46
Морозов Артём Олегович,полковник,8,47
Морозов Илья Олегович,сержант,2,18
Кузнецов Денис Кириллович,майор,6,53
Макаров Максим Дмитриевич,лейтенант,12,55
Петров Андрей Никитич,лейтенант,6,44
Семёнов Олег Александрович,майор,8,60
Семёнов Дмитрий Алексеевич,полковник,2,34
Семёнов Кирилл Иванович,полковник,6,20
Борисов Максим Михайлович,майор,9,58
Никитин Андрей Ильич,полковник,5,60
Лебедев Константин Кириллович,рядовой,9,35
Фёдоров Виктор Викторович,прапорщик,5,30
Сидоров Иван Дмитриевич,лейтенант,8,53
Васильев Роман Юрьевич,полковник,7,19
Орлов Роман Олегович,капитан,12,47
Козлов Константин Андреевич,полковник,9,42
Соколов Юрий Дмитриевич,капитан,3,38
Никитин Илья Дмитриевич,рядовой,6,35
Соколов Максим Павлович,полковник,11,46
Андреев Александр Михайлович,рядовой,5,54
Кузнецов Алексей Алексеевич,прапорщик,1,60
Захаров Егор Олегович,майор,7,19
Никитин Роман Михайлович,рядовой,7,34
Кочергин Алексей Викторович,капитан,9,45
Алексеев Артём Александрович,рядовой,4,30
Смирнов Артём Юрьевич,прапорщик,9,47
Егоров Дмитрий Викторович,лейтенант,7,46
Лебедев Виктор Иванович,капитан,4,25
Васильев Виктор Максимович,сержант,10,49
Егоров Матвей Романович,сержант,10,45
Михайлов Евгений Ильич,капитан,9,50
Захаров Юрий Олегович,рядовой,12,25
Васильев Павел Иванович,прапорщик,5,32
Новиков Дмитрий Романович,прапорщик,11,23
Кочергин Виктор Алексеевич,прапорщик,6,53
Петров Евгений Максимович,полковник,8,50
Кочергин Константин Юрьевич,лейтенант,11,27
Никитин Степан Викторович,полковник,4,45
Иванов Матвей Сергеевич,полковник,2,18
Орлов Артём Иванович,сержант,6,53
Соколов Константин Романович,сержант,6,50
Петров Дмитрий Александрович,полковник,10,45
Васильев Максим Дмитриевич,полковник,1,54
Павлов Олег Павлович,сержант,4,22
Яковлев Роман Павлович,полковник,6,57
Соколов Иван Ильич,полковник,6,21
Сидоров Дмитрий Ильич,капитан,1,18
Кочергин Сергей Романович,капитан,11,48
Васильев Александр Сергеевич,капитан,3,37
Орлов Кирилл Сергеевич,полковник,9,57
Попов Илья Михайлович,капитан,3,27
Попов Михаил Викторович,рядовой,6,59
Фёдоров Юрий Сергеевич,прапорщик,2,39
Борисов Олег Алексеевич,капитан,6,36
Павлов Павел Иванович,капитан,9,46
Макаров Максим Максимович,капитан,7,58
Степанов Александр Андреевич,рядовой,4,51
Алексеев Степан Павлович,полковник,2,58
Борисов Олег Сергеевич,майор,12,52
Соколов Павел Никитич,майор,10,49
Никитин Никита Андреевич,майор,8,24
Кузнецов Павел Александрович,прапорщик,3,36
Иванов Евгений Алексеевич,лейтенант,5,42
Смирнов Константин Сергеевич,лейтенант,5,37
Соколов Артём Юрьевич,сержант,1,56
Петров Дмитрий Дмитриевич,лейтенант,3,57
Степанов Максим Кириллович,капитан,1,34
Смирнов Александр Михайлович,полковник,1,42
Соколов Артём Сергеевич,прапорщик,8,43
Семёнов Артём Александрович,рядовой,12,57
Смирнов Роман Никитич,лейтенант,2,57
Макаров Максим Романович,капитан,12,40
Васильев Дмитрий Олегович,полковник,8,34
Кочергин Илья Максимович,полковник,12,54
Новиков Никита Андреевич,полковник,11,30
Макаров Егор Андреевич,рядовой,10,18
Васильев Егор Максимович,майор,7,39
Михайлов Илья Никитич,прапорщик,2,59
Кузнецов Егор Кириллович,сержант,11,59
Алексеев Алексей Кириллович,лейтенант,11,44
Васильев Кирилл Романович,капитан,7,28
Зайцев Егор Ильич,прапорщик,11,31
Фёдоров Андрей Алексеевич,лейтенант,12,47
Михайлов Евгений Дмитриевич,лейтенант,7,43
Алексеев Дмитрий Олегович,прапорщик,5,40
Андреев Олег Алексеевич,майор,11,38
Михайлов Михаил Романович,майор,2,46
Алексеев Михаил Алексеевич,прапорщик,10,33
Попов Денис Кириллович,капитан,5,52
Борисов Степан Юрьевич,лейтенант,2,18
Соловьёв Дмитрий Романович,капитан,5,52
Зайцев Андрей Юрьевич,рядовой,7,56
Петров Степан Викторович,майор,2,31
Сидоров Константин Викторович,сержант,9,40
Егоров Дмитрий Андреевич,полковник,1,51
Попов Дмитрий Павлович,прапорщик,7,19
Яковлев Андрей Ильич,лейтенант,9,41
Семёнов Степан Олегович,рядовой,12,23
Морозов Евгений Александрович,прапорщик,4,57
Васильев Константин Максимович,майор,9,45
Яковлев Павел Олегович,лейтенант,6,18
Новиков Михаил Олегович,прапорщик,11,31
Андреев Дмитрий Юрьевич,лейтенант,3,21
Лебедев Виктор Дмитриевич,полковник,3,52
Попов Юрий Викторович,майор,4,54
Павлов Дмитрий Романович,сержант,8,47
Новиков Иван Павлович,капитан,4,19
Новиков Юрий Романович,полковник,2,20
Андреев Матвей Ильич,лейтенант,9,37
Степанов Евгений Олегович,рядовой,1,41
Соловьёв Михаил Андреевич,прапорщик,2,51
Егоров Егор Дмитриевич,полковник,11,40
Морозов Александр Юрьевич,лейтенант,9,52
Михайлов Илья Иванович,майор,11,19
Макаров Константин Сергеевич,капитан,2,36
Степанов Юрий Ильич,прапорщик,1,28
Алексеев Матвей Андреевич,капитан,8,54
Яковлев Дмитрий Романович,капитан,8,32
Иванов Виктор Викторович,майор,8,49
Павлов Сергей Дмитриевич,капитан,12,53
Смирнов Илья Дмитриевич,прапорщик,8,39
Борисов Кирилл Сергеевич,рядовой,1,30
Смирнов Егор Павлович,сержант,2,31
Козлов Алексей Ильич,капитан,2,43
Морозов Максим Михайлович,сержант,11,34
Васильев Андрей Михайлович,сержант,11,57
Кузнецов Евгений Никитич,рядовой,7,36
Фёдоров Артём Кириллович,капитан,5,41
Попов Михаил Викторович,майор,10,57
Яковлев Олег Михайлович,рядовой,10,47
Васильев Никита Викторович,рядовой,9,52
Соловьёв Алексей Иванович,сержант,4,26
Васильев Сергей Иванович,рядовой,3,24
Андреев Никита Михайлович,полковник,11,51
Яковлев Иван Юрьевич,рядовой,9,46
Новиков Роман Юрьевич,прапорщик,1,57
Иванов Виктор Павлович,рядовой,5,31
Фёдоров Роман Кириллович,полковник,2,19
Павлов Андрей Кириллович,сержант,11,22
Смирнов Сергей Романович,рядовой,9,29
Никитин Михаил Олегович,майор,2,58
Смирнов Михаил Максимович,лейтенант,4,40
Фёдоров Матвей Юрьевич,капитан,9,35
Сидоров Михаил Иванович,полковник,12,47
Новиков Денис Кириллович,прапорщик,6,53
Яковлев Иван Романович,лейтенант,7,48
Никитин Максим Павлович,полковник,4,37
Борисов Кирилл Юрьевич,лейтенант,10,53
Лебедев Илья Ильич,рядовой,2,54
Лебедев Матвей Викторович,прапорщик,4,21
Николаев Юрий Никитич,полковник,6,30
Лебедев Дмитрий Юрьевич,прапорщик,11,49
Соловьёв Сергей Ильич,рядовой,5,31
Яковлев Павел Олегович,капитан,3,44
Сидоров Павел Андреевич,капитан,3,60
Яковлев Иван Кириллович,рядовой,8,60
Морозов Дмитрий Михайлович,лейтенант,6,47
Макаров Дмитрий Викторович,прапорщик,11,25
Михайлов Сергей Юрьевич,прапорщик,6,19
Смирнов Виктор Сергеевич,майор,6,56
Морозов Константин Кириллович,рядовой,9,41
Семёнов Юрий Максимович,капитан,12,46
Фёдоров Максим Павлович,прапорщик,5,46
Павлов Никита Никитич,майор,5,30
Степанов Иван Павлович,сержант,2,19
Егоров Павел Юрьевич,прапорщик,9,40
Макаров Юрий Никитич,сержант,1,50
Макаров Михаил Сергеевич,сержант,10,59
Никитин Никита Сергеевич,капитан,1,35
Семёнов Иван Сергеевич,капитан,7,48
Соколов Александр Иванович,майор,11,42
Попов Роман Алексеевич,сержант,10,58
Попов Кирилл Максимович,прапорщик,2,33
Захаров Михаил Дмитриевич,рядовой,8,35
Степанов Виктор Викторович,рядовой,4,58
Андреев Егор Михайлович,рядовой,3,38
Макаров Кирилл Сергеевич,капитан,10,39
Иванов Евгений Сергеевич,майор,12,43
Михайлов Степан Юрьевич,майор,8,30
Борисов Константин Юрьевич,майор,9,42
Фёдоров Сергей Викторович,капитан,4,53
Николаев Матвей Андреевич,прапорщик,3,47
Зайцев Михаил Викторович,рядовой,5,42
Фёдоров Иван Максимович,майор,8,32
Соловьёв Олег Викторович,лейтенант,11,22
Морозов Иван Викторович,сержант,10,32
Иванов Роман Александрович,полковник,9,54
Андреев Степан Максимович,капитан,3,19
Степанов Артём Алексеевич,капитан,7,31
Зайцев Матвей Романович,полковник,12,32
Попов Никита Юрьевич,капитан,9,49
Иванов Андрей Андреевич,рядовой,3,58
Михайлов Кирилл Олегович,полковник,5,24
Макаров Егор Сергеевич,майор,7,42
Степанов Олег Михайлович,прапорщик,10,37
Егоров Артём Александрович,лейтенант,5,23
Васильев Павел Сергеевич,майор,5,40
Михайлов Юрий Андреевич,сержант,9,55
Семёнов Кирилл Ильич,майор,5,48
Кочергин Андрей Олегович,рядовой,2,60
Лебедев Сергей Кириллович,капитан,7,20
Яковлев Степан Ильич,полковник,9,55
Кузнецов Максим Олегович,лейтенант,12,27
Андреев Андрей Михайлович,рядовой,7,41
Кочергин Денис Ильич,капитан,11,45
Павлов Юрий Александрович,прапорщик,7,22
Иванов Роман Алексеевич,рядовой,8,39
Алексеев Алексей Олегович,капитан,3,31
Соколов Степан Кириллович,майор,4,22
Кузнецов Михаил Олегович,майор,8,42
Зайцев Денис Юрьевич,майор,4,46
Козлов Степан Александрович,полковник,1,60
Борисов Евгений Никитич,майор,11,31
Егоров Кирилл Иванович,рядовой,6,56
Кочергин Константин Сергеевич,сержант,3,28
Орлов Максим Алексеевич,прапорщик,10,41
Михайлов Артём Алексеевич,капитан,10,19
Васильев Андрей Романович,сержант,7,24
Новиков Кирилл Кириллович,полковник,9,60
Иванов Матвей Максимович,прапорщик,9,55
Фёдоров Виктор Алексеевич,лейтенант,8,51
Захаров Илья Никитич,рядовой,5,44
Алексеев Матвей Дмитриевич,прапорщик,7,59
Макаров Илья Алексеевич,майор,9,29
Соколов Алексей Олегович,лейтенант,9,20
Павлов Роман Павлович,сержант,12,23
Морозов Алексей Юрьевич,рядовой,8,46
Алексеев Иван Никитич,лейтенант,7,28
Захаров Юрий Дмитриевич,сержант,6,44
Андреев Роман Дмитриевич,капитан,5,35
Борисов Роман Юрьевич,капитан,10,41
Захаров Матвей Дмитриевич,рядовой,5,48
Степанов Егор Андреевич,лейтенант,3,41
Лебедев Евгений Юрьевич,лейтенант,2,58
Кочергин Олег Андреевич,капитан,7,53
Степанов Виктор Максимович,капитан,3,52
Сидоров Александр Викторович,полковник,2,49
Николаев Роман Андреевич,рядовой,6,43
Зайцев Никита Павлович,капитан,1,28
Попов Егор Кириллович,прапорщик,8,24
Яковлев Кирилл Сергеевич,майор,2,60
Соколов Роман Кириллович,рядовой,11,49
Лебедев Егор Алексеевич,полковник,7,18
Смирнов Евгений Кириллович,прапорщик,8,53
Михайлов Сергей Викторович,рядовой,12,52
Семёнов Дмитрий Максимович,прапорщик,6,18
Соловьёв Егор Иванович,капитан,1,36
Кочергин Павел Романович,полковник,8,39
Морозов Никита Алексеевич,лейтенант,12,45
Алексеев Роман Михайлович,майор,2,38
Соловьёв Матвей Викторович,рядовой,10,57
Сидоров Константин Дмитриевич,полковник,8,56
Павлов Кирилл Иванович,майор,2,47
Михайлов Виктор Ильич,капитан,9,22
Никитин Евгений Александрович,прапорщик,12,20
Захаров Александр Романович,лейтенант,4,58
Козлов Михаил Михайлович,майор,6,32
Кузнецов Олег Алексеевич,полковник,2,49
Зайцев Виктор Михайлович,полковник,2,39
Сидоров Олег Павлович,лейтенант,2,49
Зайцев Матвей Олегович,сержант,2,60
Васильев Егор Михайлович,сержант,12,60
Козлов Роман Алексеевич,рядовой,11,56
Яковлев Денис Павлович,прапорщик,1,30
Степанов Илья Андреевич,лейтенант,12,26
Лебедев Юрий Иванович,полковник,2,36
Макаров Андрей Сергеевич,полковник,5,39
Новиков Иван Максимович,лейтенант,9,55
Макаров Роман Иванович,прапорщик,3,20
Павлов Роман Алексеевич,рядовой,8,42
Алексеев Павел Михайлович,сержант,2,46
Иванов Александр Дмитриевич,рядовой,9,51
Соловьёв Павел Михайлович,лейтенант,12,40
Лебедев Степан Павлович,сержант,2,50
Соловьёв Олег Александрович,капитан,2,58
Алексеев Илья Павлович,рядовой,3,18
Козлов Егор Андреевич,капитан,7,53
Орлов Юрий Олегович,рядовой,5,35
Иванов Константин Юрьевич,прапорщик,8,21
Алексеев Сергей Иванович,рядовой,7,50
Егоров Олег Олегович,сержант,1,37
Васильев Олег Викторович,капитан,9,23
Захаров Виктор Романович,капитан,2,36
Сидоров Александр Алексеевич,лейтенант,6,27
Макаров Матвей Викторович,прапорщик,11,45
Степанов Дмитрий Викторович,капитан,11,28
Васильев Павел Михайлович,прапорщик,12,51
Орлов Дмитрий Михайлович,капитан,8,31
Михайлов Александр Романович,полковник,8,22
Лебедев Константин Романович,лейтенант,6,31
Соловьёв Павел Михайлович,лейтенант,4,36
Васильев Максим Иванович,сержант,1,53
Николаев Алексей Иванович,полковник,9,21
Николаев Андрей Андреевич,прапорщик,2,44
Макаров Алексей Максимович,полковник,7,47
Макаров Олег Алексеевич,майор,11,46
Степанов Роман Павлович,полковник,5,22
Зайцев Александр Дмитриевич,рядовой,3,50
Соколов Юрий Михайлович,прапорщик,10,28
Петров Виктор Юрьевич,майор,4,22
Иванов Евгений Ильич,майор,8,19
Макаров Степан Александрович,прапорщик,4,49
Семёнов Константин Романович,рядовой,10,43
Морозов Андрей Никитич,прапорщик,6,36
Яковлев Дмитрий Павлович,прапорщик,12,57
Семёнов Иван Олегович,капитан,10,48
Козлов Павел Дмитриевич,сержант,3,32
Яковлев Юрий Никитич,капитан,2,55
Фёдоров Александр Александрович,рядовой,2,41
Андреев Олег Павлович,капитан,4,40
Михайлов Максим Ильич,сержант,1,56
Павлов Павел Кириллович,лейтенант,6,55
Фёдоров Никита Алексеевич,сержант,7,44
Попов Егор Михайлович,сержант,8,46
Соловьёв Максим Романович,лейтенант,12,52
Козлов Павел Кириллович,лейтенант,12,20
Васильев Евгений Юрьевич,сержант,7,26
Макаров Сергей Викторович,капитан,9,28
Степанов Артём Максимович,полковник,5,37
Павлов Иван Никитич,лейтенант,7,56
Орлов Илья Андреевич,прапорщик,12,48
Попов Роман Дмитриевич,прапорщик,5,57
Зайцев Александр Андреевич,прапорщик,11,27
Никитин Олег Андреевич,капитан,1,32
Козлов Дмитрий Александрович,сержант,6,59
Соколов Матвей Андреевич,сержант,5,53
Зайцев Михаил Викторович,полковник,11,24
Кузнецов Кирилл Никитич,капитан,8,48
Павлов Денис Алексеевич,лейтенант,9,40
Алексеев Никита Иванович,полковник,12,18
Морозов Юрий Андреевич,капитан,5,33
Борисов Александр Никитич,прапорщик,4,59
Зайцев Михаил Андреевич,прапорщик,7,34
Никитин Матвей Алексеевич,сержант,1,32
Степанов Михаил Дмитриевич,прапорщик,4,33
Смирнов Олег Иванович,прапорщик,4,49
Павлов Алексей Олегович,майор,3,38
Захаров Олег Никитич,полковник,6,52
Борисов Виктор Ильич,капитан,11,59
Фёдоров Алексей Максимович,прапорщик,10,40
Лебедев Юрий Романович,лейтенант,7,49
Кочергин Александр Алексеевич,полковник,5,36
Петров Максим Сергеевич,полковник,5,30
Попов Дмитрий Романович,майор,5,51
Егоров Александр Кириллович,лейтенант,3,24
Семёнов Степан Викторович,капитан,5,37
Сидоров Матвей Дмитриевич,прапорщик,7,53
Макаров Андрей Павлович,майор,1,48
Михайлов Степан Романович,полковник,3,54
Егоров Роман Викторович,полковник,6,39
Новиков Андрей Алексеевич,майор,9,33
Соловьёв Павел Алексеевич,прапорщик,8,29
Зайцев Олег Александрович,майор,9,23
Лебедев Алексей Юрьевич,полковник,6,60
Морозов Андрей Иванович,капитан,10,32
Козлов Михаил Алексеевич,прапорщик,10,42
Попов Илья Викторович,прапорщик,2,23
Орлов Сергей Алексеевич,рядовой,4,54
Фёдоров Сергей Сергеевич,лейтенант,8,30
Лебедев Кирилл Юрьевич,лейтенант,3,58
Николаев Алексей Дмитриевич,сержант,2,39
Михайлов Михаил Андреевич,сержант,9,57
Степанов Илья Михайлович,майор,8,39
Павлов Кирилл Ильич,лейтенант,5,18
Кузнецов Олег Юрьевич,майор,9,19
Кочергин Олег Андреевич,майор,12,19
Степанов Андрей Алексеевич,лейтенант,6,24
Морозов Степан Романович,майор,11,40
Кузнецов Артём Дмитриевич,прапорщик,6,59
Захаров Сергей Михайлович,сержант,5,43
Козлов Егор Ильич,лейтенант,2,20
Козлов Павел Павлович,прапорщик,2,28
Михайлов Павел Иванович,лейтенант,9,52
Орлов Максим Максимович,рядовой,2,26
Козлов Максим Викторович,полковник,5,27
Алексеев Константин Михайлович,рядовой,2,23
Лебедев Виктор Андреевич,сержант,5,59
Алексеев Роман Александрович,сержант,9,18
Козлов Александр Сергеевич,сержант,2,49
Смирнов Евгений Юрьевич,рядовой,9,21
Соколов Егор Ильич,полковник,2,32
Андреев Кирилл Викторович,капитан,3,24
Никитин Павел Дмитриевич,сержант,12,27
Макаров Евгений Юрьевич,полковник,11,25
Семёнов Максим Романович,лейтенант,1,42
Яковлев Юрий Юрьевич,рядовой,5,52
Соловьёв Олег Максимович,прапорщик,12,32
Попов Дмитрий Сергеевич,рядовой,12,48
Орлов Илья Иванович,прапорщик,9,30
Соловьёв Максим Александрович,лейтенант,3,23
Попов Евгений Сергеевич,лейтенант,10,37
Петров Кирилл Павлович,сержант,12,44
Фёдоров Александр Алексеевич,капитан,1,31
Смирнов Сергей Олегович,рядовой,10,21
Козлов Олег Сергеевич,лейтенант,7,42
Алексеев Никита Дмитриевич,полковник,9,41
Кочергин Андрей Михайлович,прапорщик,6,39
Васильев Евгений Максимович,майор,1,57
Петров Кирилл Андреевич,капитан,9,41
Кочергин Никита Иванович,рядовой,4,48
Соловьёв Константин Юрьевич,полковник,3,49
Фёдоров Кирилл Иванович,капитан,2,36
Соколов Александр Андреевич,сержант,12,36
Морозов Константин Андреевич,лейтенант,5,43
Орлов Егор Алексеевич,майор,2,44
Захаров Юрий Юрьевич,капитан,6,40
Фёдоров Иван Олегович,рядовой,6,50
Семёнов Степан Сергеевич,лейтенант,7,31
Соловьёв Константин Александрович,сержант,10,42
Михайлов Дмитрий Андреевич,рядовой,9,35
Козлов Матвей Дмитриевич,лейтенант,5,39
Степанов Павел Олегович,сержант,2,52
Егоров Денис Сергеевич,майор,9,48
Степанов Евгений Алексеевич,сержант,6,25
Козлов Егор Александрович,полковник,10,41
Егоров Роман Дмитриевич,прапорщик,11,19
Фёдоров Матвей Сергеевич,прапорщик,11,47
Козлов Олег Сергеевич,сержант,3,41
Смирнов Никита Юрьевич,прапорщик,4,50
Петров Павел Сергеевич,прапорщик,9,50
Михайлов Павел Дмитриевич,полковник,3,51
Козлов Сергей Дмитриевич,прапорщик,2,24
Никитин Дмитрий Викторович,капитан,11,60
Попов Павел Ильич,майор,7,28
Фёдоров Степан Никитич,полковник,1,36
Иванов Павел Ильич,полковник,4,46
Васильев Алексей Павлович,рядовой,9,18
Егоров Алексей Викторович,сержант,4,52
Павлов Матвей Павлович,полковник,11,39
Кочергин Егор Иванович,прапорщик,11,51
Алексеев Андрей Дмитриевич,сержант,12,60
Кочергин Артём Павлович,полковник,10,39
Егоров Дмитрий Александрович,рядовой,11,34
Павлов Виктор Максимович,лейтенант,9,40
Павлов Виктор Никитич,рядовой,7,40
Борисов Олег Сергеевич,рядовой,7,60
Васильев Константин Ильич,рядовой,10,47
Соколов Илья Дмитриевич,полковник,11,60
Егоров Роман Кириллович,капитан,8,49
Лебедев Юрий Дмитриевич,прапорщик,3,40
Андреев Олег Сергеевич,капитан,10,39
Попов Павел Дмитриевич,сержант,1,44
Соловьёв Константин Иванович,лейтенант,10,36
Андреев Матвей Юрьевич,прапорщик,11,25
Новиков Никита Сергеевич,капитан,8,31
Кочергин Матвей Сергеевич,полковник,6,50
Морозов Михаил Кириллович,прапорщик,6,55
Попов Александр Андреевич,майор,2,33
Новиков Степан Андреевич,рядовой,3,35
Алексеев Артём Ильич,капитан,4,29
Егоров Дмитрий Алексеевич,капитан,11,47
Орлов Артём Романович,сержант,11,56
Михайлов Сергей Сергеевич,лейтенант,4,46
Зайцев Максим Викторович,капитан,5,41
Егоров Денис Романович,капитан,7,59
Попов Степан Романович,лейтенант,5,30
Васильев Сергей Сергеевич,лейтенант,5,46
Павлов Павел Павлович,рядовой,1,39
Васильев Егор Александрович,полковник,12,49
Новиков Юрий Ильич,сержант,10,52
Козлов Павел Дмитриевич,капитан,1,47
Морозов Дмитрий Никитич,полковник,4,32
Смирнов Матвей Юрьевич,рядовой,5,43
Кузнецов Степан Максимович,прапорщик,10,33
Васильев Роман Кириллович,рядовой,2,60
Смирнов Егор Александрович,лейтенант,5,23
Кочергин Роман Максимович,майор,12,33
Фёдоров Денис Олегович,сержант,2,25
Козлов Иван Алексеевич,майор,2,50
Соколов Максим Олегович,рядовой,9,52
Лебедев Михаил Иванович,полковник,4,40
Сидоров Евгений Викторович,капитан,7,31
Егоров Никита Никитич,полковник,8,47
Андреев Андрей Павлович,лейтенант,10,40
Соловьёв Дмитрий Ильич,прапорщик,6,50
Павлов Константин Дмитриевич,майор,6,31
Васильев Алексей Романович,прапорщик,8,40
Степанов Денис Никитич,полковник,9,60
Зайцев Степан Юрьевич,полковник,7,56
Лебедев Дмитрий Никитич,сержант,3,20
Попов Михаил Михайлович,полковник,6,60
Егоров Константин Дмитриевич,сержант,12,32
Андреев Денис Дмитриевич,майор,3,35
Иванов Андрей Михайлович,майор,2,50
Семёнов Павел Юрьевич,капитан,6,55
Яковлев Андрей Павлович,капитан,7,49
Никитин Виктор Сергеевич,прапорщик,10,23
Борисов Егор Павлович,капитан,12,18
Сидоров Матвей Романович,рядовой,1,22
Николаев Сергей Михайлович,майор,3,41
Николаев Алексей Олегович,прапорщик,1,38
Зайцев Максим Юрьевич,капитан,6,51
Козлов Андрей Максимович,капитан,2,58
Семёнов Матвей Иванович,сержант,2,36
Яковлев Роман Андреевич,полковник,1,56
Семёнов Никита Сергеевич,полковник,8,48
Алексеев Егор Никитич,майор,1,21
Лебедев Андрей Александрович,сержант,3,27
Фёдоров Степан Иванович,полковник,8,27
Андреев Степан Алексеевич,капитан,6,59
Степанов Денис Сергеевич,сержант,2,39
Семёнов Евгений Иванович,прапорщик,1,58
Новиков Евгений Павлович,капитан,1,36
Никитин Константин Викторович,полковник,12,39
Иванов Константин Никитич,сержант,12,24
Кочергин Юрий Алексеевич,рядовой,8,48
Яковлев Роман Викторович,полковник,10,46
Семёнов Максим Юрьевич,прапорщик,10,33
Петров Виктор Александрович,лейтенант,2,58
Лебедев Денис Михайлович,прапорщик,5,41
Борисов Максим Юрьевич,полковник,1,32
Петров Артём Павлович,майор,12,50
Семёнов Илья Кириллович,полковник,10,22
Смирнов Никита Михайлович,сержант,12,20
Смирнов Илья Максимович,сержант,5,53
Семёнов Михаил Алексеевич,сержант,8,35
Никитин Павел Ильич,прапорщик,3,37
Андреев Сергей Никитич,сержант,10,51
Соловьёв Кирилл Александрович,рядовой,1,37
Яковлев Виктор Александрович,лейтенант,5,35
Егоров Евгений Дмитриевич,рядовой,10,29
Яковлев Иван Олегович,сержант,8,58
Егоров Роман Алексеевич,капитан,12,28
Никитин Никита Александрович,майор,10,58
Степанов Михаил Андреевич,прапорщик,12,22
Новиков Матвей Алексеевич,полковник,10,54
Козлов Виктор Максимович,прапорщик,4,18
Никитин Дмитрий Михайлович,майор,1,44
Васильев Евгений Олегович,майор,11,55
Андреев Юрий Никитич,лейтенант,6,54
Фёдоров Максим Павлович,прапорщик,7,25
Михайлов Александр Ильич,полковник,6,35
Николаев Кирилл Александрович,полковник,7,19
Иванов Никита Ильич,сержант,6,53
Никитин Павел Юрьевич,полковник,5,52
Захаров Роман Юрьевич,рядовой,3,22
Иванов Егор Ильич,прапорщик,8,46
Соколов Павел Викторович,капитан,4,58
Михайлов Максим Алексеевич,полковник,11,46
Петров Евгений Кириллович,прапорщик,6,48
Соловьёв Артём Александрович,лейтенант,2,24
Петров Алексей Романович,майор,12,27
Орлов Константин Павлович,прапорщик,8,60
Соколов Степан Викторович,сержант,11,30
Новиков Максим Викторович,майор,11,27
Макаров Юрий Александрович,прапорщик,1,34
Макаров Роман Иванович,лейтенант,9,35
Кочергин Роман Павлович,сержант,8,24
Васильев Максим Андреевич,майор,5,21
Смирнов Илья Алексеевич,лейтенант,6,33
Лебедев Илья Кириллович,капитан,8,52
Морозов Дмитрий Кириллович,лейтенант,6,29
Соколов Илья Иванович,прапорщик,11,34
Степанов Константин Алексеевич,рядовой,9,42
Лебедев Юрий Романович,рядовой,2,56
Соколов Артём Никитич,прапорщик,4,45
Морозов Юрий Сергеевич,полковник,6,32
Попов Денис Олегович,полковник,4,58
Степанов Никита Олегович,майор,9,40
Яковлев Максим Михайлович,майор,3,31
Семёнов Дмитрий Михайлович,майор,9,39
Морозов Сергей Ильич,рядовой,12,32
Борисов Евгений Михайлович,сержант,12,44
Кочергин Максим Максимович,сержант,6,50
Соловьёв Юрий Михайлович,прапорщик,8,47
Орлов Виктор Романович,рядовой,3,58
Степанов Иван Иванович,майор,10,57
Павлов Константин Александрович,полковник,1,22
Смирнов Максим Сергеевич,капитан,6,19
Морозов Алексей Романович,капитан,10,32
Макаров Дмитрий Андреевич,рядовой,1,46
Козлов Максим Дмитриевич,капитан,8,49
Козлов Степан Дмитриевич,капитан,8,37
Фёдоров Егор Кириллович,прапорщик,8,58
Николаев Илья Викторович,сержант,12,53
Соколов Дмитрий Дмитриевич,капитан,4,20
Алексеев Артём Кириллович,капитан,7,58
Смирнов Егор Дмитриевич,сержант,3,27
Лебедев Кирилл Андреевич,майор,2,48
Павлов Виктор Алексеевич,майор,8,46
Сидоров Дмитрий Иванович,майор,1,60
Сидоров Юрий Кириллович,сержант,6,38
Сидоров Андрей Максимович,сержант,12,52
Васильев Дмитрий Кириллович,сержант,10,30
Васильев Михаил Олегович,сержант,3,44
Соловьёв Кирилл Андреевич,прапорщик,1,20
Никитин Юрий Сергеевич,полковник,8,35
Захаров Алексей Иванович,капитан,2,36
Андреев Кирилл Юрьевич,сержант,9,30
Никитин Илья Ильич,лейтенант,8,20
Лебедев Егор Алексеевич,майор,12,51
Иванов Виктор Иванович,полковник,7,19
Фёдоров Андрей Никитич,майор,5,18
Павлов Олег Никитич,лейтенант,8,24
Иванов Дмитрий Андреевич,лейтенант,6,49
Павлов Константин Олегович,капитан,8,49
Павлов Сергей Сергеевич,лейтенант,5,57
Петров Андрей Никитич,полковник,9,30
Макаров Евгений Олегович,полковник,7,39
Васильев Олег Павлович,майор,8,43
Васильев Дмитрий Викторович,сержант,12,52
Лебедев Андрей Викторович,полковник,6,47
Николаев Артём Сергеевич,полковник,9,29
Орлов Константин Сергеевич,полковник,4,22
Захаров Илья Кириллович,капитан,7,21
Лебедев Павел Алексеевич,полковник,8,36
Кочергин Андрей Алексеевич,сержант,3,38
Михайлов Михаил Павлович,полковник,11,33
Степанов Роман Ильич,полковник,11,57
Андреев Андрей Павлович,лейтенант,10,24
Степанов Денис Павлович,полковник,10,43
Васильев Артём Александрович,сержант,5,23
Фёдоров Юрий Михайлович,полковник,5,55
Алексеев Иван Михайлович,капитан,11,37
Лебедев Сергей Павлович,лейтенант,6,42
Козлов Виктор Никитич,полковник,9,41
Николаев Егор Никитич,майор,9,33
Захаров Александр Дмитриевич,капитан,2,38
Фёдоров Дмитрий Павлович,майор,5,21
Зайцев Артём Ильич,майор,12,40
Николаев Роман Алексеевич,лейтенант,5,59
Петров Степан Иванович,майор,10,39
Фёдоров Максим Никитич,полковник,10,41
Лебедев Андрей Алексеевич,капитан,2,42
Петров Никита Олегович,рядовой,6,26
Кочергин Иван Максимович,лейтенант,10,47
Лебедев Степан Максимович,капитан,8,42
Лебедев Виктор Кириллович,рядовой,5,53
Сидоров Андрей Михайлович,полковник,8,55
Морозов Егор Дмитриевич,прапорщик,11,19
Андреев Андрей Дмитриевич,лейтенант,6,22
Фёдоров Иван Андреевич,полковник,1,29
Михайлов Олег Сергеевич,полковник,12,57
Никитин Александр Иванович,сержант,7,27
Алексеев Артём Павлович,сержант,9,38
Макаров Егор Дмитриевич,прапорщик,11,31
Кочергин Андрей Иванович,лейтенант,11,43
Морозов Михаил Сергеевич,капитан,1,24
Захаров Олег Сергеевич,лейтенант,1,48
Павлов Андрей Сергеевич,рядовой,8,44
Михайлов Илья Олегович,рядовой,7,47
Морозов Андрей Михайлович,лейтенант,12,41
Иванов Денис Максимович,сержант,10,46
Орлов Алексей Иванович,капитан,12,52
Семёнов Сергей Кириллович,сержант,11,29
Захаров Евгений Юрьевич,прапорщик,5,27
Николаев Евгений Александрович,рядовой,6,43
Лебедев Михаил Максимович,полковник,9,27
Николаев Павел Никитич,майор,4,20
Фёдоров Дмитрий Михайлович,прапорщик,9,31
Козлов Максим Юрьевич,сержант,12,20
Иванов Степан Павлович,майор,6,48
Павлов Иван Юрьевич,полковник,1,35
Смирнов Никита Юрьевич,прапорщик,3,57
Козлов Кирилл Ильич,сержант,2,40
Андреев Константин Олегович,лейтенант,11,52
Кузнецов Павел Алексеевич,полковник,8,31
Петров Олег Юрьевич,сержант,12,57
Зайцев Илья Викторович,рядовой,8,31
Новиков Степан Романович,полковник,7,48
Фёдоров Степан Никитич,майор,10,56
Иванов Олег Дмитриевич,майор,11,55
Семёнов Кирилл Кириллович,лейтенант,6,46
Захаров Павел Андреевич,лейтенант,1,50
Морозов Матвей Ильич,майор,2,42
Кочергин Матвей Дмитриевич,прапорщик,4,37
Зайцев Кирилл Никитич,лейтенант,7,25
Николаев Сергей Викторович,полковник,8,23
Алексеев Андрей Кириллович,рядовой,3,35
Егоров Андрей Максимович,сержант,12,29
Петров Андрей Юрьевич,сержант,12,40
Семёнов Никита Алексеевич,сержант,7,29
Фёдоров Никита Никитич,капитан,4,25
Фёдоров Алексей Андреевич,капитан,4,20
Соловьёв Сергей Сергеевич,лейтенант,10,42
Павлов Матвей Сергеевич,полковник,5,40
Зайцев Дмитрий Иванович,прапорщик,10,59
Сидоров Андрей Никитич,майор,9,45
Алексеев Степан Дмитриевич,майор,1,24
Фёдоров Роман Кириллович,рядовой,5,31
Лебедев Иван Александрович,майор,2,37
Васильев Евгений Алексеевич,майор,1,37
Захаров Михаил Павлович,сержант,6,52
Фёдоров Андрей Максимович,полковник,2,21
Смирнов Денис Алексеевич,рядовой,8,48
Петров Матвей Юрьевич,лейтенант,12,27
Степанов Денис Иванович,сержант,4,31
Захаров Олег Романович,лейтенант,6,46
Васильев Андрей Никитич,лейтенант,1,25
Кузнецов Евгений Михайлович,прапорщик,3,55
Кочергин Юрий Кириллович,сержант,9,57
Михайлов Денис Алексеевич,лейтенант,10,48
Петров Денис Алексеевич,полковник,8,57
Иванов Степан Юрьевич,сержант,4,59
Андреев Артём Максимович,майор,7,56
Семёнов Виктор Иванович,рядовой,8,53
Соколов Юрий Олегович,полковник,12,40
Яковлев Матвей Сергеевич,майор,4,38
Новиков Роман Павлович,майор,6,27
Кузнецов Евгений Викторович,прапорщик,4,33
Степанов Виктор Павлович,капитан,9,45
Петров Максим Дмитриевич,сержант,6,43
Орлов Олег Алексеевич,капитан,10,46
Андреев Егор Викторович,полковник,2,36
Алексеев Евгений Павлович,полковник,11,30
Кузнецов Иван Викторович,прапорщик,5,19
Соловьёв Никита Иванович,прапорщик,1,52
Николаев Артём Михайлович,капитан,5,18
Васильев Роман Андреевич,капитан,10,57
Фёдоров Никита Никитич,прапорщик,5,48
Козлов Андрей Юрьевич,рядовой,10,28
Макаров Роман Сергеевич,сержант,11,23
Смирнов Юрий Романович,капитан,9,39
Соколов Артём Алексеевич,полковник,10,41
Лебедев Виктор Павлович,полковник,12,40
Зайцев Александр Иванович,майор,11,26
Фёдоров Роман Ильич,рядовой,9,18
Петров Дмитрий Дмитриевич,сержант,12,53
Смирнов Александр Викторович,прапорщик,2,29
Алексеев Олег Дмитриевич,рядовой,10,23
Петров Илья Максимович,сержант,9,20
Лебедев Виктор Андреевич,капитан,12,57
Орлов Михаил Никитич,полковник,8,34
Кочергин Алексей Алексеевич,лейтенант,10,42
Новиков Дмитрий Юрьевич,лейтенант,4,52
Кочергин Илья Максимович,капитан,7,32
Михайлов Никита Иванович,прапорщик,5,48
Иванов Егор Дмитриевич,майор,8,50
Петров Матвей Никитич,рядовой,8,25
Попов Павел Юрьевич,капитан,1,24
Сидоров Денис Олегович,сержант,2,39
Егоров Евгений Юрьевич,сержант,2,35
Фёдоров Виктор Дмитриевич,майор,4,33
Смирнов Матвей Андреевич,сержант,6,28
Орлов Юрий Романович,сержант,3,27
Петров Степан Максимович,сержант,11,49
Яковлев Михаил Кириллович,капитан,2,56
Петров Александр Сергеевич,рядовой,3,50
Михайлов Дмитрий Сергеевич,полковник,12,49
Кузнецов Илья Михайлович,майор,5,43
Макаров Денис Юрьевич,майор,12,58
Никитин Павел Иванович,сержант,7,53
Зайцев Павел Дмитриевич,капитан,3,43
Зайцев Евгений Максимович,полковник,6,34
Кузнецов Илья Алексеевич,капитан,2,55
Алексеев Константин Дмитриевич,майор,5,54
Соловьёв Юрий Максимович,капитан,9,59
Сидоров Денис Александрович,майор,1,25
Яковлев Матвей Сергеевич,капитан,12,47
Лебедев Александр Викторович,прапорщик,12,35
Соколов Олег Михайлович,лейтенант,11,50
Яковлев Андрей Максимович,полковник,8,31
Павлов Павел Сергеевич,прапорщик,6,41
Иванов Матвей Олегович,майор,12,37
Николаев Виктор Алексеевич,рядовой,3,35
Михайлов Егор Никитич,полковник,3,51
Макаров Никита Иванович,сержант,12,39
Попов Виктор Алексеевич,полковник,5,26
Андреев Дмитрий Александрович,прапорщик,3,60
Николаев Матвей Никитич,сержант,3,58
Степанов Павел Максимович,сержант,12,48
Соловьёв Степан Дмитриевич,лейтенант,8,26
Кузнецов Кирилл Михайлович,рядовой,5,43
Борисов Илья Ильич,сержант,8,51
Павлов Юрий Никитич,прапорщик,10,32
Иванов Никита Александрович,лейтенант,10,60
Козлов Степан Юрьевич,прапорщик,9,38
Кузнецов Матвей Юрьевич,сержант,5,56
Кузнецов Матвей Юрьевич,лейтенант,5,19
Никитин Дмитрий Павлович,капитан,7,34
Алексеев Константин Александрович,рядовой,7,36
Михайлов Виктор Андреевич,майор,4,46
Иванов Максим Никитич,рядовой,6,41
Сидоров Дмитрий Иванович,полковник,2,46
Семёнов Никита Юрьевич,полковник,9,42
Сидоров Олег Андреевич,сержант,6,59
Орлов Евгений Викторович,лейтенант,7,28
Кочергин Константин Дмитриевич,капитан,2,23
Борисов Константин Олегович,сержант,3,32
Кочергин Алексей Иванович,сержант,8,51
Алексеев Артём Дмитриевич,лейтенант,1,25
Николаев Олег Ильич,полковник,11,25
Орлов Роман Викторович,капитан,1,33
Соколов Виктор Андреевич,сержант,2,45
Новиков Павел Романович,капитан,7,34
Борисов Павел Максимович,полковник,8,20
Фёдоров Степан Александрович,сержант,1,48
Захаров Сергей Никитич,полковник,7,20
Смирнов Дмитрий Иванович,капитан,8,28
Михайлов Михаил Максимович,полковник,2,58
Сидоров Илья Юрьевич,майор,4,18
Яковлев Артём Максимович,полковник,1,41
Соловьёв Сергей Павлович,полковник,9,23
Никитин Михаил Олегович,полковник,10,25
Иванов Иван Павлович,прапорщик,4,27
Кочергин Артём Сергеевич,прапорщик,3,34
Соколов Степан Андреевич,майор,3,34
Андреев Кирилл Алексеевич,капитан,6,24
Морозов Илья Никитич,рядовой,1,29
Новиков Александр Юрьевич,прапорщик,3,43
Иванов Юрий Павлович,лейтенант,6,35
Макаров Артём Сергеевич,рядовой,4,58
Андреев Александр Олегович,сержант,8,48
Новиков Дмитрий Максимович,капитан,5,29
Попов Евгений Иванович,сержант,3,20
Новиков Артём Кириллович,майор,1,58
Иванов Роман Алексеевич,сержант,1,38
Иванов Кирилл Викторович,капитан,3,48
Семёнов Артём Никитич,майор,6,47
Андреев Артём Никитич,лейтенант,11,38
Кузнецов Егор Юрьевич,майор,11,60
Новиков Константин Кириллович,полковник,6,23
Степанов Константин Сергеевич,лейтенант,8,33
Лебедев Егор Павлович,рядовой,7,28
Морозов Константин Ильич,полковник,8,49
Попов Михаил Романович,лейтенант,5,34
Борисов Сергей Иванович,сержант,10,42
Яковлев Роман Дмитриевич,капитан,7,20
Захаров Михаил Михайлович,рядовой,11,22
Павлов Матвей Максимович,полковник,5,55
Алексеев Степан Викторович,сержант,7,52
Зайцев Юрий Никитич,прапорщик,7,23
Егоров Константин Максимович,майор,4,36
Степанов Артём Максимович,майор,7,48
Морозов Никита Александрович,майор,4,60
Смирнов Александр Ильич,капитан,9,50
Попов Константин Иванович,лейтенант,4,47
Степанов Денис Кириллович,майор,7,49
Егоров Павел Александрович,рядовой,10,44
Яковлев Алексей Алексеевич,сержант,2,34
Кузнецов Сергей Сергеевич,майор,3,39
Соколов Кирилл Александрович,прапорщик,5,35
Николаев Михаил Александрович,полковник,8,26
Никитин Максим Максимович,полковник,12,25
Попов Никита Павлович,полковник,7,46
Соловьёв Павел Иванович,лейтенант,2,25
Васильев Константин Ильич,майор,6,33
Петров Максим Ильич,полковник,7,31
Васильев Павел Романович,капитан,8,41
Семёнов Денис Юрьевич,полковник,11,49
Андреев Роман Сергеевич,сержант,8,44
Морозов Сергей Михайлович,майор,10,28
Новиков Сергей Александрович,рядовой,10,44
Степанов Дмитрий Александрович,полковник,5,23
Егоров Максим Кириллович,лейтенант,7,27
Петров Егор Павлович,полковник,7,23
Иванов Алексей Дмитриевич,рядовой,2,46
Михайлов Матвей Сергеевич,майор,12,50
Николаев Евгений Кириллович,прапорщик,8,47
Соколов Максим Дмитриевич,рядовой,2,19
Кочергин Дмитрий Александрович,сержант,1,51
Фёдоров Павел Юрьевич,сержант,8,20
Кочергин Сергей Алексеевич,полковник,5,38
Морозов Матвей Сергеевич,капитан,6,22
Соколов Андрей Алексеевич,майор,3,44
Алексеев Никита Дмитриевич,капитан,9,19
Смирнов Денис Дмитриевич,полковник,11,40
Алексеев Павел Никитич,капитан,12,20
Михайлов Никита Викторович,полковник,9,53
Михайлов Денис Сергеевич,прапорщик,11,31
Морозов Максим Алексеевич,рядовой,1,35
Соловьёв Юрий Иванович,майор,2,38
Егоров Алексей Никитич,сержант,7,39
Алексеев Евгений Иванович,майор,9,42
Степанов Денис Михайлович,прапорщик,4,19
Кузнецов Иван Сергеевич,рядовой,8,37
Фёдоров Егор Сергеевич,майор,9,39
Сидоров Алексей Александрович,прапорщик,5,20
Михайлов Евгений Ильич,полковник,5,40
Николаев Иван Олегович,полковник,9,26
Борисов Никита Никитич,рядовой,4,28
Сидоров Михаил Олегович,рядовой,8,48
Павлов Максим Никитич,сержант,10,32
Степанов Матвей Викторович,майор,9,34
Лебедев Егор Иванович,рядовой,6,37
Семёнов Роман Юрьевич,прапорщик,5,59
Фёдоров Артём Максимович,сержант,9,44
Семёнов Евгений Андреевич,сержант,7,29
Яковлев Виктор Юрьевич,майор,11,53
Михайлов Андрей Ильич,полковник,8,60
Новиков Дмитрий Романович,майор,2,48
Андреев Максим Викторович,прапорщик,8,59
Соловьёв Илья Алексеевич,сержант,9,30
Алексеев Сергей Ильич,капитан,2,37
Попов Александр Дмитриевич,сержант,9,48
Орлов Илья Никитич,майор,1,30
Алексеев Алексей Юрьевич,майор,6,42
Кузнецов Павел Иванович,сержант,3,36
Кузнецов Константин Кириллович,сержант,7,47
Михайлов Юрий Романович,полковник,3,21
Егоров Андрей Олегович,майор,1,48
Морозов Константин Сергеевич,лейтенант,11,31
Сидоров Сергей Олегович,рядовой,2,26
Новиков Александр Ильич,лейтенант,1,30
Алексеев Александр Андреевич,лейтенант,9,25
Морозов Юрий Викторович,майор,6,51
Михайлов Павел Юрьевич,прапорщик,12,40
Захаров Олег Алексеевич,капитан,2,20
Орлов Юрий Ильич,рядовой,10,56
Николаев Илья Павлович,сержант,6,41
Попов Илья Максимович,сержант,4,39
Егоров Егор Алексеевич,лейтенант,9,40
Иванов Илья Романович,майор,1,35
Михайлов Степан Павлович,майор,1,24
Петров Максим Павлович,майор,4,27
Степанов Дмитрий Александрович,рядовой,5,28
Смирнов Константин Ильич,капитан,7,20
Семёнов Артём Ильич,рядовой,3,41
Алексеев Юрий Павлович,рядовой,5,27
Петров Роман Андреевич,рядовой,5,20
Кузнецов Кирилл Кириллович,полковник,11,36
Орлов Андрей Сергеевич,лейтенант,2,60
Смирнов Никита Андреевич,сержант,4,25
Попов Степан Никитич,рядовой,6,58
Яковлев Алексей Викторович,лейтенант,7,40
Макаров Виктор Иванович,полковник,10,29
Морозов Илья Андреевич,полковник,5,28
Фёдоров Кирилл Викторович,прапорщик,10,38
Семёнов Роман Алексеевич,прапорщик,10,29
Степанов Степан Олегович,майор,2,51
Яковлев Иван Романович,сержант,9,53
Орлов Алексей Сергеевич,лейтенант,1,28
Яковлев Егор Андреевич,прапорщик,6,52
Морозов Андрей Андреевич,прапорщик,11,32
Сидоров Егор Викторович,сержант,1,53
Соколов Степан Никитич,майор,11,45
Сидоров Виктор Александрович,капитан,7,28
Борисов Алексей Олегович,полковник,11,38
Степанов Максим Никитич,рядовой,12,44
Борисов Егор Михайлович,сержант,6,20
Соловьёв Матвей Романович,лейтенант,11,27
Козлов Иван Романович,прапорщик,10,32
Васильев Степан Михайлович,рядовой,10,45
Попов Сергей Иванович,майор,11,58
Смирнов Никита Иванович,майор,12,30
Павлов Евгений Никитич,полковник,7,54
Николаев Иван Иванович,полковник,11,33
Егоров Михаил Викторович,сержант,7,39
Козлов Алексей Юрьевич,майор,7,45
Сидоров Сергей Ильич,рядовой,12,48
Кочергин Сергей Романович,майор,11,50
Макаров Егор Иванович,майор,12,18
Борисов Кирилл Юрьевич,рядовой,9,46
Попов Евгений Никитич,рядовой,2,18
Алексеев Иван Павлович,прапорщик,11,60
Морозов Виктор Михайлович,рядовой,6,45
Петров Алексей Дмитриевич,майор,11,22
Егоров Иван Ильич,сержант,9,39
Макаров Роман Романович,капитан,11,21
Николаев Константин Дмитриевич,прапорщик,11,33
Егоров Александр Иванович,майор,4,35
Алексеев Никита Александрович,полковник,4,27
Новиков Юрий Александрович,полковник,4,19
Семёнов Александр Кириллович,рядовой,9,50
Захаров Виктор Романович,майор,5,58
Попов Илья Никитич,полковник,9,56
Егоров Артём Юрьевич,майор,7,33
Егоров Павел Романович,майор,7,21
Егоров Константин Юрьевич,майор,12,30
Андреев Виктор Павлович,прапорщик,5,49
Лебедев Кирилл Олегович,майор,1,23
Орлов Максим Дмитриевич,капитан,5,30
Степанов Юрий Дмитриевич,полковник,2,45
Никитин Олег Кириллович,прапорщик,9,49
Морозов Сергей Михайлович,лейтенант,1,21
Кузнецов Никита Ильич,рядовой,1,57
Никитин Матвей Никитич,рядовой,4,59
Макаров Кирилл Никитич,капитан,10,22
Макаров Павел Иванович,майор,12,34
Иванов Сергей Викторович,лейтенант,5,57
Морозов Александр Ильич,прапорщик,5,34
Степанов Юрий Андреевич,прапорщик,4,21
Фёдоров Евгений Максимович,сержант,6,41
Смирнов Алексей Олегович,полковник,11,35
Иванов Александр Ильич,капитан,11,46
Морозов Никита Павлович,капитан,1,43
Орлов Роман Олегович,полковник,5,30
Иванов Егор Викторович,сержант,9,49
Фёдоров Дмитрий Андреевич,лейтенант,9,46
Николаев Артём Павлович,сержант,2,53
Новиков Евгений Максимович,лейтенант,8,34
Фёдоров Никита Никитич,капитан,12,55
Смирнов Максим Олегович,лейтенант,2,48
Соколов Олег Михайлович,майор,8,36
Попов Алексей Максимович,капитан,10,22
Новиков Артём Сергеевич,прапорщик,1,54
Лебедев Дмитрий Юрьевич,рядовой,11,20
Кузнецов Олег Дмитриевич,полковник,3,59
Никитин Артём Никитич,капитан,3,41
Петров Константин Павлович,рядовой,9,32
Зайцев Александр Кириллович,полковник,9,44
Попов Степан Сергеевич,полковник,9,57
Макаров Константин Кириллович,сержант,9,34
Соловьёв Дмитрий Дмитриевич,полковник,8,50
Соловьёв Андрей Олегович,полковник,11,58
Степанов Артём Максимович,майор,4,28
Захаров Кирилл Сергеевич,капитан,2,21
Николаев Дмитрий Алексеевич,сержант,6,55
Андреев Сергей Олегович,сержант,4,34
Фёдоров Артём Никитич,сержант,11,25
Иванов Матвей Иванович,капитан,12,56
Соловьёв Сергей Максимович,капитан,9,32
Смирнов Дмитрий Кириллович,рядовой,12,40
Кузнецов Иван Александрович,сержант,5,34
Макаров Максим Михайлович,прапорщик,1,37
Васильев Евгений Александрович,лейтенант,6,40
Борисов Кирилл Дмитриевич,прапорщик,11,58
Морозов Виктор Романович,капитан,7,37
Михайлов Никита Андреевич,лейтенант,5,43
Морозов Александр Юрьевич,сержант,12,31
Сидоров Виктор Кириллович,прапорщик,2,57
Смирнов Олег Олегович,сержант,9,50
Новиков Кирилл Кириллович,прапорщик,8,39
Соколов Юрий Максимович,прапорщик,9,18
Егоров Сергей Дмитриевич,сержант,7,26
Соколов Олег Кириллович,сержант,3,57
Зайцев Егор Максимович,капитан,12,33
Яковлев Александр Александрович,сержант,1,46
Степанов Александр Павлович,полковник,5,46
Васильев Константин Романович,майор,9,20
Иванов Степан Сергеевич,майор,8,34
Новиков Максим Максимович,лейтенант,1,47
Попов Илья Александрович,майор,9,56
Новиков Роман Павлович,лейтенант,3,57
Егоров Максим Викторович,капитан,9,30
Морозов Евгений Михайлович,сержант,5,58
Сидоров Денис Олегович,полковник,6,21
Соколов Егор Александрович,сержант,10,23
Степанов Артём Александрович,прапорщик,11,25
Кузнецов Иван Максимович,капитан,9,22
Петров Павел Михайлович,полковник,5,44
Фёдоров Андрей Никитич,майор,9,53
Кузнецов Егор Иванович,сержант,4,35
Васильев Дмитрий Никитич,рядовой,7,32
Кузнецов Матвей Андреевич,капитан,6,42
Козлов Максим Александрович,сержант,6,28
Новиков Виктор Сергеевич,прапорщик,5,36
Лебедев Константин Романович,полковник,9,22
Андреев Степан Романович,майор,1,25
Попов Александр Ильич,капитан,10,28
Смирнов Максим Олегович,сержант,5,49
Иванов Сергей Павлович,полковник,6,34
Смирнов Евгений Кириллович,майор,11,50
Михайлов Андрей Ильич,майор,7,31
Смирнов Денис Олегович,майор,12,23
Козлов Денис Ильич,рядовой,2,37
Николаев Максим Сергеевич,рядовой,1,57
Новиков Виктор Александрович,майор,6,44
Семёнов Константин Романович,капитан,7,34
Зайцев Виктор Дмитриевич,лейтенант,10,42
Смирнов Степан Никитич,полковник,12,21
Михайлов Алексей Сергеевич,полковник,2,44
Андреев Артём Ильич,прапорщик,11,21
Смирнов Егор Павлович,сержант,4,24
Соколов Константин Ильич,сержант,8,30
Кочергин Максим Юрьевич,капитан,9,36
Михайлов Олег Ильич,прапорщик,9,49
Новиков Олег Михайлович,капитан,6,30
Смирнов Андрей Михайлович,полковник,2,49
Соловьёв Матвей Сергеевич,полковник,11,44
Новиков Степан Викторович,майор,1,36
Алексеев Юрий Никитич,майор,1,21
Смирнов Кирилл Максимович,сержант,4,49
Петров Павел Михайлович,лейтенант,3,43
Кузнецов Сергей Павлович,полковник,4,22
Фёдоров Иван Викторович,полковник,7,23
Морозов Иван Никитич,полковник,4,40
Фёдоров Олег Сергеевич,сержант,7,34
Захаров Константин Кириллович,майор,1,24
Зайцев Роман Никитич,майор,6,26
Козлов Олег Олегович,лейтенант,11,28
Новиков Олег Кириллович,прапорщик,11,49
Соловьёв Дмитрий Максимович,прапорщик,10,28
Лебедев Павел Сергеевич,рядовой,3,42
Степанов Денис Никитич,майор,3,50
Степанов Александр Павлович,лейтенант,10,20
Михайлов Егор Кириллович,полковник,11,45
Новиков Артём Дмитриевич,прапорщик,5,57
Лебедев Константин Олегович,майор,10,49
Яковлев Иван Сергеевич,полковник,6,46
Кочергин Дмитрий Олегович,лейтенант,11,18
Иванов Максим Алексеевич,майор,9,19
Иванов Андрей Никитич,сержант,2,53
Зайцев Максим Дмитриевич,рядовой,10,50
Попов Олег Иванович,майор,4,31
Новиков Илья Павлович,прапорщик,10,36
Лебедев Александр Алексеевич,капитан,2,59
Алексеев Алексей Кириллович,лейтенант,6,54
Макаров Никита Олегович,лейтенант,12,57
Козлов Денис Максимович,прапорщик,12,60
Соловьёв Виктор Олегович,капитан,12,41
Лебедев Кирилл Никитич,прапорщик,3,51
Павлов Олег Алексеевич,прапорщик,1,52
Никитин Илья Ильич,майор,12,43
Лебедев Евгений Дмитриевич,майор,10,27
Попов Иван Ильич,прапорщик,6,52
Лебедев Павел Юрьевич,лейтенант,3,57
Егоров Константин Викторович,сержант,6,44
Козлов Артём Юрьевич,прапорщик,7,52
Орлов Роман Кириллович,капитан,12,50
Михайлов Олег Дмитриевич,прапорщик,6,31
Семёнов Алексей Иванович,капитан,4,54
Соколов Виктор Максимович,сержант,5,18
Соколов Юрий Павлович,рядовой,8,60
Васильев Олег Юрьевич,лейтенант,2,39
Яковлев Дмитрий Павлович,рядовой,4,59
Егоров Дмитрий Павлович,прапорщик,10,20
Петров Алексей Александрович,лейтенант,4,30
Павлов Илья Дмитриевич,прапорщик,1,36
Семёнов Константин Никитич,майор,2,45
Смирнов Андрей Кириллович,лейтенант,6,28
Павлов Константин Ильич,полковник,10,30
Соколов Виктор Романович,лейтенант,6,46
Яковлев Кирилл Никитич,прапорщик,9,28
Морозов Олег Викторович,прапорщик,3,32
Семёнов Иван Алексеевич,рядовой,5,33
Козлов Артём Михайлович,прапорщик,4,19
Соколов Константин Иванович,рядовой,10,35
Кочергин Степан Юрьевич,капитан,8,25
Соколов Константин Иванович,рядовой,4,51
Морозов Кирилл Ильич,сержант,7,43
Морозов Евгений Максимович,капитан,12,33
Попов Александр Павлович,лейтенант,8,59
Попов Сергей Олегович,сержант,6,45
Павлов Никита Викторович,капитан,9,34
Васильев Михаил Викторович,прапорщик,9,40
Иванов Степан Дмитриевич,капитан,11,45
Сидоров Дмитрий Романович,майор,8,27
Алексеев Олег Романович,полковник,3,50
Борисов Виктор Михайлович,лейтенант,12,23
Фёдоров Павел Павлович,прапорщик,5,32
Козлов Сергей Александрович,прапорщик,2,18
Алексеев Матвей Олегович,полковник,11,51
Павлов Роман Викторович,сержант,9,58
Кузнецов Алексей Павлович,прапорщик,6,60
Захаров Павел Ильич,сержант,2,26
Степанов Олег Кириллович,рядовой,12,40
Попов Илья Александрович,майор,1,39
Яковлев Максим Олегович,полковник,7,58
Морозов Андрей Ильич,прапорщик,4,22
Козлов Кирилл Павлович,прапорщик,12,47
Новиков Константин Максимович,лейтенант,5,50
Новиков Роман Алексеевич,прапорщик,12,32
Андреев Сергей Никитич,сержант,6,45
Иванов Илья Михайлович,рядовой,2,35
Алексеев Алексей Иванович,полковник,10,39
Никитин Кирилл Сергеевич,сержант,9,19
Орлов Константин Михайлович,полковник,10,30
Иванов Никита Романович,сержант,5,21
Николаев Александр Никитич,лейтенант,8,36
Егоров Александр Михайлович,рядовой,2,37
Фёдоров Иван Иванович,полковник,4,32
Козлов Никита Максимович,прапорщик,11,47
Михайлов Егор Александрович,лейтенант,8,50
Иванов Степан Ильич,рядовой,3,34
Алексеев Олег Иванович,сержант,12,18
Семёнов Андрей Алексеевич,капитан,10,41
Фёдоров Андрей Максимович,прапорщик,8,28
Яковлев Юрий Кириллович,рядовой,5,53
Павлов Павел Викторович,майор,6,41
Соловьёв Матвей Олегович,капитан,5,25
Васильев Степан Андреевич,полковник,9,53
Павлов Иван Романович,лейтенант,10,57
Степанов Александр Романович,полковник,12,43
Степанов Андрей Дмитриевич,сержант,9,58
Никитин Артём Романович,сержант,9,46
Кочергин Виктор Юрьевич,полковник,6,42
Алексеев Денис Ильич,майор,2,41
Николаев Степан Михайлович,рядовой,8,24
Соловьёв Кирилл Викторович,капитан,7,53
Фёдоров Максим Александрович,лейтенант,7,41
Смирнов Матвей Андреевич,рядовой,4,39
Петров Евгений Кириллович,полковник,7,51
Алексеев Александр Олегович,лейтенант,9,35
Новиков Павел Олегович,прапорщик,2,25
Захаров Илья Иванович,майор,9,58
Николаев Павел Алексеевич,майор,8,18
Иванов Олег Павлович,капитан,9,27
Сидоров Константин Андреевич,капитан,1,27
Новиков Никита Александрович,лейтенант,7,29
Новиков Степан Павлович,прапорщик,5,54
Никитин Виктор Сергеевич,полковник,6,55
Орлов Никита Сергеевич,майор,8,48
Михайлов Илья Никитич,рядовой,3,23
Степанов Денис Дмитриевич,сержант,1,44
Яковлев Илья Михайлович,капитан,4,28
Соколов Михаил Олегович,сержант,5,23
Морозов Алексей Сергеевич,сержант,9,44
Семёнов Олег Никитич,рядовой,11,46
Соловьёв Сергей Михайлович,прапорщик,9,40
Макаров Константин Александрович,полковник,8,22
Соколов Степан Михайлович,прапорщик,7,51
Михайлов Матвей Павлович,рядовой,7,28
Яковлев Кирилл Михайлович,полковник,4,53
Егоров Константин Ильич,майор,4,20
Николаев Юрий Михайлович,прапорщик,10,52
Сидоров Евгений Романович,полковник,9,25
Соловьёв Андрей Ильич,майор,11,50
Орлов Олег Павлович,лейтенант,4,55
Лебедев Константин Павлович,рядовой,1,51
Алексеев Александр Юрьевич,капитан,1,36
Козлов Павел Дмитриевич,сержант,4,28
Макаров Виктор Павлович,сержант,2,29
Захаров Виктор Романович,майор,2,60
Никитин Иван Викторович,лейтенант,10,51
Васильев Виктор Олегович,полковник,8,60
Смирнов Илья Александрович,капитан,9,41
Соловьёв Виктор Дмитриевич,капитан,6,34
Кузнецов Кирилл Дмитриевич,рядовой,3,50
Попов Денис Ильич,рядовой,6,36
Кузнецов Максим Андреевич,прапорщик,9,52
Лебедев Дмитрий Павлович,прапорщик,8,21
Попов Виктор Михайлович,прапорщик,12,41
Кузнецов Дмитрий Сергеевич,прапорщик,9,25
Павлов Матвей Никитич,капитан,1,59
Морозов Виктор Александрович,рядовой,12,57
Егоров Никита Максимович,лейтенант,9,41
Иванов Никита Андреевич,полковник,10,33
Фёдоров Кирилл Сергеевич,рядовой,8,32
Лебедев Андрей Дмитриевич,капитан,9,26
Попов Матвей Викторович,прапорщик,7,38
Николаев Кирилл Михайлович,капитан,1,45
Васильев Олег Михайлович,полковник,5,43
Егоров Дмитрий Алексеевич,сержант,5,19
Семёнов Александр Алексеевич,лейтенант,11,46
Макаров Андрей Олегович,рядовой,2,50
Соловьёв Степан Александрович,полковник,4,51
Соловьёв Сергей Никитич,прапорщик,10,18
Соловьёв Константин Юрьевич,рядовой,8,58
Егоров Андрей Никитич,майор,9,23
Новиков Павел Никитич,прапорщик,2,22
Смирнов Роман Михайлович,капитан,7,34
Николаев Павел Михайлович,майор,9,55
Орлов Денис Дмитриевич,капитан,7,37
Козлов Роман Романович,прапорщик,6,57
Петров Дмитрий Александрович,майор,11,50
Иванов Денис Кириллович,прапорщик,1,23
Фёдоров Олег Ильич,прапорщик,9,36
Кузнецов Павел Максимович,прапорщик,9,55
Семёнов Евгений Кириллович,полковник,10,19
Степанов Александр Александрович,лейтенант,2,46
Петров Андрей Александрович,сержант,12,50
Петров Виктор Сергеевич,сержант,4,26
Семёнов Евгений Александрович,капитан,2,23
Борисов Павел Сергеевич,полковник,5,50
Павлов Артём Викторович,лейтенант,4,40
Соловьёв Егор Юрьевич,рядовой,10,36
Степанов Олег Романович,прапорщик,7,53
Попов Максим Александрович,лейтенант,10,21
Павлов Степан Никитич,полковник,1,30
Павлов Денис Романович,сержант,11,41
Зайцев Павел Павлович,лейтенант,3,30
Орлов Никита Никитич,лейтенант,8,57
Морозов Илья Ильич,лейтенант,8,56
Кузнецов Павел Романович,лейтенант,5,20
Никитин Никита Викторович,капитан,4,47
Кочергин Александр Андреевич,капитан,9,41
Морозов Юрий Андреевич,капитан,12,50
Иванов Дмитрий Андреевич,полковник,5,43
Сидоров Михаил Максимович,сержант,3,39
Павлов Александр Михайлович,полковник,11,50
Борисов Кирилл Иванович,майор,2,25
Иванов Матвей Иванович,капитан,7,49
Макаров Андрей Юрьевич,капитан,5,22
Захаров Евгений Иванович,лейтенант,8,51
Егоров Роман Ильич,сержант,12,24
Кочергин Алексей Ильич,капитан,3,44
Морозов Олег Юрьевич,полковник,3,34
Соловьёв Кирилл Михайлович,майор,4,50
Петров Иван Викторович,полковник,5,34
Попов Максим Никитич,капитан,6,20
Новиков Виктор Викторович,капитан,5,47
Орлов Егор Никитич,прапорщик,11,24
Морозов Дмитрий Юрьевич,капитан,11,39
Яковлев Евгений Романович,сержант,3,45
Борисов Роман Андреевич,прапорщик,3,53
Семёнов Юрий Максимович,лейтенант,10,36
Михайлов Кирилл Алексеевич,майор,11,34
Степанов Степан Юрьевич,капитан,7,33
Фёдоров Денис Никитич,лейтенант,2,24
Никитин Артём Михайлович,прапорщик,2,30
Борисов Александр Андреевич,капитан,11,57
Никитин Павел Александрович,сержант,1,31
Макаров Юрий Юрьевич,сержант,1,56
Морозов Егор Алексеевич,прапорщик,1,40
Семёнов Матвей Андреевич,рядовой,5,54
Семёнов Кирилл Андреевич,рядовой,1,45
Орлов Егор Михайлович,лейтенант,8,45
Соколов Иван Павлович,рядовой,8,42
Никитин Александр Олегович,майор,10,36
Кузнецов Дмитрий Андреевич,сержант,12,29
Николаев Матвей Иванович,сержант,11,32
Павлов Кирилл Сергеевич,лейтенант,12,36
Козлов Иван Никитич,лейтенант,11,34
Иванов Сергей Дмитриевич,лейтенант,7,51
Смирнов Илья Александрович,майор,12,22
Борисов Александр Кириллович,прапорщик,7,23
Михайлов Константин Михайлович,майор,10,28
Васильев Роман Сергеевич,рядовой,11,45
Лебедев Денис Михайлович,лейтенант,8,31
Сидоров Илья Ильич,прапорщик,12,24
Смирнов Денис Дмитриевич,сержант,8,26
Козлов Илья Романович,майор,6,54
Семёнов Илья Андреевич,полковник,11,50
Никитин Роман Юрьевич,рядовой,8,59
Семёнов Никита Дмитриевич,сержант,5,50
Васильев Константин Сергеевич,сержант,1,43
Орлов Максим Романович,прапорщик,10,51
Козлов Алексей Ильич,лейтенант,12,47
Соловьёв Матвей Алексеевич,майор,3,30
Соловьёв Матвей Павлович,прапорщик,6,23
Макаров Никита Сергеевич,капитан,3,49
Николаев Никита Михайлович,рядовой,1,44
Семёнов Матвей Иванович,капитан,9,32
Михайлов Роман Андреевич,прапорщик,12,52
Петров Михаил Сергеевич,капитан,2,22
Смирнов Роман Александрович,сержант,9,25
Попов Никита Иванович,прапорщик,3,41
Петров Кирилл Кириллович,прапорщик,5,26
Алексеев Виктор Андреевич,рядовой,5,49
Сидоров Михаил Дмитриевич,капитан,1,34
Соловьёв Павел Никитич,майор,8,55
Морозов Артём Никитич,сержант,4,21
Кочергин Роман Олегович,лейтенант,1,35
Фёдоров Андрей Кириллович,лейтенант,12,54
Кузнецов Артём Алексеевич,полковник,3,20
Соловьёв Матвей Александрович,сержант,6,52
Петров Андрей Михайлович,лейтенант,12,53
Васильев Александр Романович,сержант,8,52
Степанов Михаил Александрович,капитан,9,45
Алексеев Евгений Сергеевич,капитан,9,42
Михайлов Юрий Олегович,полковник,5,60
Алексеев Егор Романович,капитан,4,41
Попов Илья Иванович,лейтенант,12,24
Соловьёв Алексей Сергеевич,майор,3,28
Орлов Денис Александрович,рядовой,2,54
Кузнецов Олег Кириллович,полковник,6,46
Соколов Денис Ильич,капитан,4,29
Морозов Виктор Дмитриевич,рядовой,10,29
Попов Денис Сергеевич,капитан,7,48
Зайцев Олег Александрович,сержант,2,18
Фёдоров Артём Юрьевич,рядовой,9,20
Козлов Евгений Андреевич,рядовой,6,33
Орлов Артём Викторович,майор,8,39
Соколов Максим Андреевич,капитан,5,46
Макаров Константин Михайлович,сержант,4,23
Морозов Олег Андреевич,рядовой,7,45
Михайлов Виктор Михайлович,майор,5,39
Макаров Александр Викторович,майор,5,29
Соловьёв Максим Юрьевич,капитан,8,51
Макаров Илья Александрович,рядовой,6,48
Морозов Алексей Романович,лейтенант,6,50
Васильев Роман Никитич,капитан,11,26
Павлов Юрий Павлович,полковник,7,53
Сидоров Александр Олегович,майор,4,18
Иванов Денис Алексеевич,рядовой,9,28
Никитин Роман Иванович,сержант,12,39
Соловьёв Илья Алексеевич,рядовой,9,24
Иванов Степан Олегович,полковник,5,26
Степанов Кирилл Кириллович,сержант,2,34
Лебедев Михаил Кириллович,майор,6,34
Козлов Михаил Сергеевич,рядовой,10,49
Макаров Матвей Юрьевич,майор,8,60
Борисов Юрий Олегович,майор,10,51
Семёнов Павел Павлович,полковник,1,53
Лебедев Дмитрий Ильич,прапорщик,5,28
Лебедев Егор Андреевич,капитан,4,23
Лебедев Олег Юрьевич,рядовой,8,46
Кузнецов Илья Дмитриевич,майор,10,45
Алексеев Павел Никитич,рядовой,7,29
Петров Илья Сергеевич,прапорщик,10,25
Фёдоров Иван Ильич,рядовой,5,30
Иванов Матвей Павлович,рядовой,7,19
Борисов Матвей Александрович,прапорщик,11,19
Соколов Никита Максимович,полковник,9,31
Егоров Юрий Павлович,рядовой,5,60
Никитин Александр Александрович,капитан,2,54
Никитин Степан Андреевич,сержант,11,27
Павлов Илья Андреевич,полковник,9,58
Николаев Виктор Александрович,рядовой,7,38
Морозов Роман Никитич,сержант,5,38
Никитин Евгений Максимович,капитан,8,28
Соловьёв Илья Павлович,рядовой,3,36
Попов Виктор Андреевич,майор,12,29
Алексеев Сергей Павлович,лейтенант,4,33
Кочергин Егор Дмитриевич,прапорщик,4,51
Никитин Павел Михайлович,прапорщик,6,28
Новиков Константин Александрович,майор,6,36
Макаров Максим Кириллович,сержант,4,46
Сидоров Матвей Кириллович,прапорщик,8,56
Фёдоров Илья Никитич,майор,6,59
Морозов Константин Андреевич,капитан,11,24
Макаров Никита Сергеевич,полковник,6,37
Семёнов Илья Павлович,прапорщик,4,23
Козлов Илья Ильич,лейтенант,7,39
Кузнецов Виктор Александрович,сержант,6,35
Кочергин Максим Андреевич,капитан,1,40
Николаев Михаил Кириллович,капитан,12,24
Зайцев Артём Андреевич,сержант,6,58
Фёдоров Егор Александрович,рядовой,2,21
Смирнов Михаил Романович,прапорщик,8,53
Соколов Егор Михайлович,полковник,4,47
Михайлов Евгений Андреевич,майор,7,26
Васильев Андрей Олегович,майор,2,53
Макаров Евгений Максимович,капитан,12,43
Васильев Матвей Максимович,сержант,5,46
Иванов Кирилл Ильич,рядовой,11,27
Михайлов Дмитрий Андреевич,майор,2,36
Петров Константин Сергеевич,майор,5,55
Андреев Андрей Максимович,прапорщик,2,46
Смирнов Александр Максимович,капитан,2,38
Новиков Дмитрий Алексеевич,сержант,5,52
Макаров Дмитрий Олегович,прапорщик,3,18
Новиков Юрий Олегович,сержант,4,60
Попов Александр Дмитриевич,майор,3,45
Егоров Артём Викторович,полковник,1,19
Лебедев Артём Михайлович,капитан,6,30
Павлов Виктор Сергеевич,рядовой,2,33
Борисов Егор Максимович,рядовой,11,40
Борисов Дмитрий Павлович,прапорщик,8,40
Кочергин Виктор Павлович,рядовой,4,57
Алексеев Максим Максимович,рядовой,8,43
Никитин Олег Михайлович,лейтенант,4,36
Петров Олег Кириллович,лейтенант,2,51
Михайлов Дмитрий Павлович,рядовой,5,52
Николаев Никита Михайлович,лейтенант,1,21
Егоров Сергей Максимович,капитан,5,43
Зайцев Никита Александрович,сержант,3,19
Никитин Иван Юрьевич,майор,3,43
Захаров Максим Романович,лейтенант,9,35
Степанов Илья Кириллович,рядовой,11,36
Яковлев Иван Павлович,капитан,12,35
Никитин Роман Кириллович,полковник,9,52
Соколов Михаил Олегович,майор,4,19
Сидоров Евгений Никитич,прапорщик,6,18
Андреев Алексей Иванович,полковник,3,53
Михайлов Илья Сергеевич,сержант,10,41
Михайлов Илья Сергеевич,сержант,12,20
Соколов Матвей Алексеевич,полковник,10,37
Лебедев Алексей Ильич,капитан,1,18
Никитин Роман Викторович,сержант,9,28
Фёдоров Алексей Никитич,полковник,5,29
Борисов Артём Кириллович,майор,2,59
Сидоров Артём Алексеевич,лейтенант,8,31
Михайлов Андрей Сергеевич,лейтенант,7,55
Лебедев Павел Юрьевич,рядовой,10,57
Орлов Степан Михайлович,прапорщик,3,26
Иванов Никита Юрьевич,полковник,10,51
Орлов Степан Михайлович,майор,12,41
Фёдоров Михаил Алексеевич,майор,8,32
Иванов Матвей Сергеевич,лейтенант,4,58
Зайцев Александр Максимович,майор,9,32
Попов Евгений Сергеевич,прапорщик,10,38
Лебедев Алексей Олегович,лейтенант,7,60
Борисов Евгений Юрьевич,полковник,10,53
Захаров Иван Павлович,рядовой,6,56
Сидоров Юрий Андреевич,майор,8,54
Захаров Денис Андреевич,капитан,9,27
Михайлов Егор Ильич,прапорщик,9,60
Морозов Юрий Ильич,сержант,2,21
Степанов Степан Романович,прапорщик,7,38
Зайцев Денис Павлович,капитан,1,25
Семёнов Степан Андреевич,полковник,10,58
Попов Егор Иванович,рядовой,6,40
Николаев Сергей Павлович,прапорщик,8,60
Никитин Степан Максимович,лейтенант,11,57
Смирнов Иван Андреевич,полковник,4,25
Михайлов Юрий Александрович,прапорщик,2,39
Соколов Матвей Никитич,капитан,2,30
Семёнов Дмитрий Алексеевич,лейтенант,9,55
Макаров Олег Алексеевич,рядовой,1,39
Павлов Алексей Дмитриевич,капитан,4,40
Лебедев Михаил Никитич,рядовой,9,24
Новиков Егор Романович,майор,11,20
Борисов Денис Максимович,майор,5,22
Захаров Матвей Дмитриевич,полковник,12,34
Алексеев Матвей Викторович,сержант,2,24
Павлов Иван Андреевич,капитан,12,52
Михайлов Артём Романович,капитан,8,57
Никитин Виктор Дмитриевич,сержант,6,42
Морозов Сергей Максимович,лейтенант,10,56
Егоров Егор Александрович,лейтенант,8,59
Егоров Юрий Никитич,полковник,1,32
Смирнов Виктор Александрович,прапорщик,12,56
Орлов Никита Кириллович,сержант,6,18
Егоров Виктор Иванович,капитан,1,34
Орлов Андрей Павлович,полковник,8,27
Алексеев Павел Олегович,лейтенант,9,26
Макаров Михаил Михайлович,полковник,8,35
Кочергин Константин Алексеевич,прапорщик,10,46
Алексеев Павел Андреевич,прапорщик,7,59
Фёдоров Евгений Михайлович,рядовой,4,39
Кузнецов Егор Андреевич,рядовой,3,21
Новиков Александр Юрьевич,капитан,5,35
Соколов Денис Сергеевич,рядовой,1,32
Сидоров Никита Кириллович,капитан,2,27
Петров Кирилл Дмитриевич,майор,9,20
Кочергин Артём Викторович,лейтенант,4,22
Фёдоров Евгений Олегович,полковник,10,19
Новиков Матвей Максимович,сержант,3,57
Васильев Сергей Максимович,сержант,8,24
Павлов Виктор Кириллович,прапорщик,9,60
Соколов Дмитрий Павлович,майор,4,48
Петров Сергей Андреевич,лейтенант,8,58
Семёнов Александр Викторович,капитан,5,22
Михайлов Андрей Алексеевич,прапорщик,9,52
Соколов Максим Никитич,прапорщик,11,45
Павлов Алексей Дмитриевич,прапорщик,1,23
Борисов Степан Александрович,майор,8,57
Михайлов Константин Александрович,майор,1,58
Алексеев Матвей Иванович,сержант,5,48
Козлов Матвей Юрьевич,лейтенант,6,22
Соловьёв Артём Олегович,рядовой,2,31
Смирнов Илья Андреевич,рядовой,1,49
Николаев Александр Кириллович,сержант,5,47
Кузнецов Иван Сергеевич,полковник,3,58
Кузнецов Михаил Павлович,полковник,4,55
Никитин Михаил Михайлович,рядовой,9,36
Козлов Евгений Олегович,капитан,4,38
Иванов Андрей Иванович,рядовой,2,34
Алексеев Евгений Викторович,лейтенант,4,40
Васильев Виктор Олегович,полковник,12,50
Алексеев Виктор Павлович,лейтенант,12,56
Алексеев Максим Викторович,майор,1,29
Семёнов Иван Иванович,майор,10,22
Сидоров Александр Викторович,майор,3,34
Захаров Евгений Ильич,прапорщик,2,44
Семёнов Александр Сергеевич,рядовой,4,49
Лебедев Никита Олегович,прапорщик,9,45
Орлов Константин Романович,капитан,12,35
Кочергин Денис Ильич,капитан,11,39
Попов Алексей Сергеевич,капитан,8,45
Кочергин Кирилл Иванович,полковник,9,21
Лебедев Максим Дмитриевич,лейтенант,5,39
Лебедев Юрий Дмитриевич,рядовой,3,35
Кочергин Андрей Иванович,майор,12,42
Кочергин Евгений Александрович,прапорщик,2,22
Зайцев Олег Никитич,лейтенант,3,38
Орлов Павел Никитич,капитан,8,48
Макаров Роман Сергеевич,сержант,7,60
Яковлев Евгений Романович,сержант,2,36
Андреев Юрий Александрович,майор,1,20
Попов Илья Юрьевич,полковник,7,48
Васильев Егор Александрович,прапорщик,2,46
Сидоров Илья Павлович,прапорщик,5,39
Степанов Алексей Кириллович,лейтенант,5,54
Степанов Денис Иванович,рядовой,3,37
Кочергин Максим Алексеевич,майор,6,40
Степанов Никита Олегович,капитан,3,33
Сидоров Евгений Кириллович,полковник,2,35
Захаров Алексей Иванович,лейтенант,1,30
Морозов Сергей Ильич,лейтенант,4,33
Степанов Сергей Михайлович,майор,11,51
Алексеев Александр Олегович,рядовой,11,39
Николаев Александр Михайлович,капитан,6,37
Егоров Денис Никитич,полковник,4,55
Петров Александр Алексеевич,майор,1,50
Зайцев Юрий Сергеевич,прапорщик,1,55
Алексеев Кирилл Павлович,лейтенант,5,29
Новиков Павел Никитич,рядовой,9,28
Соловьёв Денис Романович,полковник,5,31
Яковлев Дмитрий Викторович,майор,2,37
Николаев Максим Викторович,прапорщик,8,58
Смирнов Матвей Викторович,прапорщик,10,55
Никитин Роман Михайлович,лейтенант,3,31
Соловьёв Егор Павлович,рядовой,12,22
Лебедев Роман Максимович,прапорщик,8,18
Борисов Алексей Викторович,капитан,11,34
Николаев Дмитрий Михайлович,капитан,9,60
Захаров Роман Максимович,рядовой,2,46
Попов Кирилл Викторович,майор,12,53
Яковлев Константин Сергеевич,прапорщик,11,44
Морозов Илья Михайлович,лейтенант,2,57
Зайцев Олег Алексеевич,прапорщик,1,18
Сидоров Андрей Дмитриевич,сержант,10,50
Козлов Олег Иванович,прапорщик,12,37
Захаров Евгений Сергеевич,полковник,8,29
Кочергин Денис Кириллович,рядовой,11,27
Борисов Павел Ильич,прапорщик,1,34
Лебедев Алексей Максимович,рядовой,8,34
Морозов Олег Олегович,полковник,1,27
Макаров Егор Юрьевич,полковник,2,37
Петров Роман Андреевич,рядовой,12,57
Кочергин Олег Ильич,рядовой,8,53
Кочергин Кирилл Викторович,рядовой,5,33
Степанов Егор Олегович,полковник,11,59
Николаев Дмитрий Александрович,капитан,9,42
Лебедев Степан Александрович,майор,1,19
Сидоров Илья Ильич,рядовой,4,36
Никитин Константин Александрович,сержант,6,48
Фёдоров Максим Дмитриевич,майор,9,59
Макаров Максим Ильич,капитан,1,25
Орлов Матвей Никитич,полковник,1,38
Захаров Роман Алексеевич,лейтенант,10,60
Фёдоров Павел Иванович,рядовой,10,49
Фёдоров Артём Иванович,прапорщик,8,44
Степанов Олег Александрович,капитан,5,23
Фёдоров Евгений Павлович,сержант,2,54
Морозов Павел Дмитриевич,сержант,6,49
Никитин Юрий Дмитриевич,лейтенант,3,60
Попов Кирилл Максимович,сержант,10,26
Козлов Виктор Михайлович,сержант,12,51
Семёнов Андрей Юрьевич,лейтенант,6,22
Андреев Сергей Никитич,рядовой,3,20
Захаров Александр Юрьевич,майор,12,30
Смирнов Олег Александрович,лейтенант,11,41
Попов Роман Юрьевич,лейтенант,7,47
Алексеев Илья Сергеевич,лейтенант,2,19
Новиков Виктор Кириллович,прапорщик,12,22
Петров Юрий Павлович,сержант,9,43
Андреев Кирилл Юрьевич,майор,10,29
Васильев Максим Юрьевич,майор,12,42
Сидоров Виктор Сергеевич,прапорщик,8,58
Егоров Евгений Андреевич,прапорщик,5,52
Смирнов Никита Олегович,прапорщик,3,43
Новиков Артём Олегович,капитан,5,40
Степанов Сергей Иванович,рядовой,11,22
Кочергин Максим Кириллович,рядовой,5,50
Никитин Константин Викторович,майор,2,54
Фёдоров Никита Сергеевич,прапорщик,7,29
Соколов Александр Сергеевич,полковник,12,58
Васильев Денис Сергеевич,полковник,9,56
Захаров Артём Андреевич,полковник,8,43
Алексеев Матвей Андреевич,майор,7,50
Морозов Илья Александрович,лейтенант,5,37
Петров Сергей Михайлович,майор,4,43
Алексеев Виктор Михайлович,полковник,5,45
Козлов Александр Алексеевич,прапорщик,11,45
Кочергин Егор Михайлович,майор,6,20
Кузнецов Павел Викторович,рядовой,12,50
Козлов Илья Кириллович,рядовой,10,34
Лебедев Олег Андреевич,сержант,6,28
Яковлев Кирилл Дмитриевич,лейтенант,11,24
Степанов Виктор Павлович,сержант,2,37
Кузнецов Павел Максимович,капитан,6,22
Кочергин Евгений Павлович,сержант,2,27
Новиков Илья Дмитриевич,майор,9,25
Морозов Константин Викторович,майор,4,27
Михайлов Степан Ильич,майор,2,57
Сидоров Никита Михайлович,сержант,10,43
Павлов Константин Никитич,прапорщик,8,26
Козлов Константин Викторович,сержант,12,43
Иванов Денис Сергеевич,капитан,8,19
Захаров Константин Викторович,полковник,6,26
Никитин Степан Романович,рядовой,12,30
Кузнецов Константин Александрович,капитан,12,47
Смирнов Илья Викторович,майор,11,31
Павлов Степан Михайлович,капитан,6,51
Васильев Виктор Михайлович,сержант,6,53
Новиков Константин Юрьевич,майор,12,29
Макаров Денис Викторович,капитан,2,31
Новиков Матвей Дмитриевич,капитан,5,53
Соколов Андрей Павлович,рядовой,7,48
Кочергин Кирилл Романович,лейтенант,9,48
Никитин Константин Никитич,лейтенант,9,41
Лебедев Роман Викторович,полковник,12,50
Андреев Роман Кириллович,прапорщик,1,40
Павлов Андрей Дмитриевич,капитан,11,47
Петров Михаил Олегович,полковник,9,31
Попов Андрей Викторович,сержант,11,41
Козлов Михаил Юрьевич,рядовой,5,60
Морозов Никита Кириллович,майор,5,60
Петров Сергей Дмитриевич,капитан,10,53
Орлов Роман Олегович,майор,12,34
Лебедев Павел Александрович,полковник,8,30
Семёнов Александр Викторович,майор,11,35
Зайцев Артём Михайлович,капитан,8,40
Орлов Дмитрий Александрович,майор,3,54
Борисов Евгений Дмитриевич,полковник,10,44
Фёдоров Никита Дмитриевич,прапорщик,3,22
Орлов Роман Романович,рядовой,7,30
Морозов Денис Юрьевич,сержант,1,51
Козлов Иван Сергеевич,майор,9,52
Соколов Егор Максимович,лейтенант,5,41
Орлов Роман Кириллович,капитан,9,26
Сидоров Роман Максимович,рядовой,10,54
Фёдоров Евгений Алексеевич,прапорщик,3,60
Лебедев Олег Максимович,полковник,12,20
Павлов Илья Дмитриевич,рядовой,1,48
Зайцев Матвей Кириллович,лейтенант,2,36
Попов Алексей Юрьевич,лейтенант,10,20
Макаров Илья Олегович,сержант,7,35
Михайлов Илья Кириллович,полковник,3,47
Павлов Евгений Романович,прапорщик,8,34
Орлов Павел Андреевич,полковник,7,27
Семёнов Иван Викторович,сержант,1,26
Васильев Егор Дмитриевич,сержант,2,45
Морозов Дмитрий Викторович,прапорщик,6,22
Семёнов Илья Андреевич,майор,1,38
Зайцев Максим Юрьевич,майор,8,23
Егоров Степан Викторович,прапорщик,10,34
Михайлов Юрий Алексеевич,сержант,2,51
Смирнов Максим Михайлович,рядовой,11,48
Соколов Сергей Сергеевич,майор,12,55
Макаров Иван Иванович,полковник,7,51
Соколов Алексей Павлович,полковник,8,19
Михайлов Матвей Олегович,капитан,9,46
Соловьёв Егор Ильич,полковник,5,51
Борисов Роман Романович,прапорщик,8,26
Кузнецов Артём Дмитриевич,сержант,1,51
Фёдоров Константин Кириллович,капитан,9,49
Петров Матвей Олегович,лейтенант,7,50
Петров Алексей Александрович,сержант,5,46
Яковлев Виктор Алексеевич,полковник,4,33
Сидоров Андрей Алексеевич,лейтенант,9,21
Егоров Максим Александрович,капитан,9,50
Захаров Иван Дмитриевич,сержант,5,35
Новиков Евгений Дмитриевич,майор,8,48
Васильев Евгений Кириллович,полковник,5,40
Васильев Роман Романович,сержант,6,55
Кочергин Степан Романович,майор,7,60
Егоров Виктор Ильич,капитан,10,18
Морозов Дмитрий Романович,сержант,7,50
Алексеев Егор Юрьевич,лейтенант,6,44
Михайлов Александр Павлович,рядовой,1,54
Васильев Александр Кириллович,лейтенант,5,20
Макаров Александр Олегович,майор,4,57
Кузнецов Кирилл Михайлович,полковник,9,35
Петров Илья Сергеевич,сержант,11,33
Егоров Артём Юрьевич,майор,8,35
Попов Степан Михайлович,сержант,9,38
Сидоров Иван Юрьевич,прапорщик,7,39
Кочергин Никита Михайлович,лейтенант,10,25
Павлов Максим Павлович,прапорщик,5,45
Соколов Роман Дмитриевич,прапорщик,3,34
Фёдоров Иван Романович,рядовой,8,20
Кочергин Олег Никитич,капитан,6,27
Никитин Олег Юрьевич,лейтенант,2,42
Морозов Матвей Кириллович,сержант,12,29
Николаев Виктор Павлович,лейтенант,5,29
Алексеев Юрий Романович,рядовой,10,47
Алексеев Андрей Сергеевич,полковник,12,26
Кочергин Егор Кириллович,прапорщик,1,38
Захаров Денис Александрович,прапорщик,10,24
Макаров Денис Юрьевич,лейтенант,7,58
Васильев Михаил Алексеевич,капитан,4,30
Кузнецов Артём Кириллович,прапорщик,7,28
Семёнов Юрий Ильич,лейтенант,2,23
Козлов Максим Андреевич,полковник,1,43
Иванов Михаил Иванович,прапорщик,1,56
Алексеев Олег Алексеевич,сержант,11,21
Сидоров Максим Ильич,прапорщик,9,28
Алексеев Матвей Романович,рядовой,3,52
Яковлев Олег Викторович,капитан,4,35
Егоров Максим Романович,лейтенант,2,37
Захаров Юрий Павлович,сержант,10,48
Иванов Константин Александрович,сержант,6,40
Захаров Алексей Викторович,рядовой,10,43
Фёдоров Александр Максимович,лейтенант,8,27
Семёнов Илья Ильич,капитан,12,31
Попов Павел Юрьевич,майор,7,57
Никитин Сергей Сергеевич,сержант,2,51
Никитин Степан Кириллович,сержант,7,40
Андреев Степан Михайлович,полковник,3,46
Егоров Илья Максимович,лейтенант,5,40
Соколов Денис Павлович,лейтенант,2,34
Смирнов Степан Дмитриевич,рядовой,4,49
Новиков Алексей Иванович,капитан,8,23
Смирнов Егор Юрьевич,рядовой,5,26
Попов Иван Иванович,прапорщик,2,21
Козлов Никита Викторович,прапорщик,7,50
Фёдоров Юрий Никитич,сержант,1,44
Кочергин Иван Сергеевич,сержант,5,57
Михайлов Кирилл Кириллович,прапорщик,9,38
Соловьёв Кирилл Андреевич,рядовой,12,54
Павлов Олег Олегович,рядовой,10,49
Егоров Кирилл Ильич,капитан,10,30
Козлов Алексей Никитич,сержант,11,59
Захаров Евгений Максимович,рядовой,3,59
Васильев Олег Олегович,сержант,10,31
Павлов Андрей Викторович,лейтенант,8,52
Макаров Денис Ильич,рядовой,4,38
Борисов Александр Кириллович,прапорщик,8,34
Соколов Илья Романович,рядовой,11,30
Соловьёв Павел Викторович,капитан,9,43
Соколов Александр Михайлович,рядовой,8,36
Смирнов Константин Павлович,лейтенант,4,24
Соловьёв Евгений Ильич,лейтенант,8,36
Алексеев Виктор Ильич,сержант,11,21
Соколов Михаил Михайлович,лейтенант,8,20
Кузнецов Виктор Юрьевич,лейтенант,9,18
Николаев Егор Юрьевич,рядовой,5,53
Петров Артём Ильич,прапорщик,12,30
Никитин Александр Олегович,капитан,1,33
Фёдоров Матвей Павлович,прапорщик,12,22
Кочергин Иван Алексеевич,рядовой,10,18
Алексеев Павел Сергеевич,сержант,3,24
Павлов Константин Александрович,сержант,11,27
Алексеев Артём Максимович,рядовой,2,33
Захаров Евгений Дмитриевич,капитан,11,44
Попов Константин Павлович,майор,7,28
Степанов Андрей Ильич,рядовой,10,24
Николаев Алексей Алексеевич,лейтенант,7,46
Морозов Матвей Иванович,сержант,9,30
Семёнов Олег Ильич,майор,6,48
Степанов Юрий Юрьевич,майор,12,33
Новиков Роман Кириллович,капитан,2,53
Никитин Никита Андреевич,рядовой,12,34
Соловьёв Иван Романович,капитан,10,30
Павлов Егор Ильич,капитан,4,20
Никитин Илья Иванович,майор,5,47
Макаров Андрей Иванович,капитан,11,34
Захаров Андрей Сергеевич,рядовой,5,39
Никитин Евгений Иванович,лейтенант,2,54
Семёнов Евгений Александрович,полковник,5,53
Макаров Сергей Александрович,сержант,10,20
Смирнов Евгений Максимович,капитан,2,34
Петров Иван Андреевич,капитан,5,53
Яковлев Степан Ильич,рядовой,9,22
Иванов Дмитрий Юрьевич,майор,1,41
Орлов Денис Кириллович,лейтенант,8,33
Зайцев Артём Викторович,рядовой,5,20
Козлов Олег Павлович,рядовой,10,51
Новиков Илья Алексеевич,сержант,1,30
Попов Матвей Никитич,прапорщик,1,52
Зайцев Сергей Кириллович,лейтенант,3,49
Андреев Денис Олегович,майор,4,24
Зайцев Сергей Романович,рядовой,4,44
Захаров Роман Иванович,рядовой,12,33
Иванов Егор Юрьевич,капитан,2,31
Соколов Степан Михайлович,сержант,12,36
Макаров Роман Кириллович,майор,2,51
Макаров Михаил Викторович,лейтенант,2,28
Новиков Дмитрий Павлович,майор,3,56
Орлов Артём Викторович,капитан,10,39
Орлов Михаил Дмитриевич,полковник,5,49
Орлов Денис Юрьевич,капитан,4,28
Борисов Дмитрий Андреевич,капитан,12,37
Смирнов Евгений Михайлович,лейтенант,10,38
Павлов Виктор Михайлович,лейтенант,2,31
Яковлев Роман Олегович,прапорщик,11,30
Алексеев Степан Сергеевич,сержант,9,22
Макаров Максим Юрьевич,сержант,11,22
Борисов Александр Романович,сержант,11,23
Фёдоров Егор Алексеевич,лейтенант,9,31
Сидоров Андрей Кириллович,полковник,5,27
Степанов Виктор Алексеевич,лейтенант,5,48
Кочергин Олег Олегович,прапорщик,1,33
Иванов Максим Романович,рядовой,8,58
Семёнов Артём Александрович,капитан,6,39
Орлов Константин Юрьевич,лейтенант,11,25
Михайлов Артём Олегович,капитан,12,24
Яковлев Иван Максимович,прапорщик,10,60
Сидоров Андрей Дмитриевич,прапорщик,7,37
Новиков Михаил Павлович,сержант,8,34
Сидоров Артём Юрьевич,прапорщик,7,43
Степанов Павел Кириллович,прапорщик,12,45
Никитин Михаил Дмитриевич,полковник,6,47
Фёдоров Алексей Александрович,лейтенант,3,37
Павлов Олег Олегович,сержант,2,60
Яковлев Максим Кириллович,прапорщик,4,32
Зайцев Олег Максимович,сержант,3,18
Николаев Сергей Олегович,рядовой,8,42
Кузнецов Роман Романович,рядовой,7,37
Соловьёв Александр Ильич,лейтенант,9,37
Иванов Роман Викторович,сержант,3,40
Орлов Иван Алексеевич,сержант,11,22
Кузнецов Сергей Дмитриевич,лейтенант,3,42
Никитин Михаил Андреевич,лейтенант,3,38
Сидоров Роман Дмитриевич,полковник,11,56
Зайцев Егор Михайлович,лейтенант,8,23
Кочергин Никита Ильич,прапорщик,5,33
Захаров Кирилл Олегович,капитан,10,37
Андреев Евгений Александрович,прапорщик,8,22
Борисов Евгений Максимович,капитан,8,51
Яковлев Максим Юрьевич,лейтенант,1,56
Семёнов Роман Ильич,сержант,10,27
Васильев Иван Ильич,сержант,4,40
Смирнов Михаил Андреевич,майор,4,38
Захаров Михаил Никитич,майор,4,29
Новиков Александр Павлович,сержант,3,51
Васильев Сергей Олегович,капитан,3,42
Павлов Евгений Алексеевич,лейтенант,1,50
Алексеев Виктор Иванович,рядовой,12,28
Сидоров Илья Олегович,рядовой,9,20
Кочергин Дмитрий Кириллович,полковник,11,23
Макаров Юрий Юрьевич,прапорщик,11,26
Захаров Денис Михайлович,прапорщик,9,55
Степанов Степан Сергеевич,лейтенант,12,53
Андреев Степан Кириллович,майор,5,50
Соловьёв Юрий Никитич,сержант,7,29
Макаров Матвей Александрович,прапорщик,2,25
Павлов Никита Иванович,лейтенант,6,48
Алексеев Сергей Александрович,капитан,3,51
Зайцев Евгений Кириллович,прапорщик,7,54
Петров Константин Александрович,лейтенант,10,40
Фёдоров Кирилл Иванович,майор,7,30
Зайцев Артём Романович,сержант,6,29
Алексеев Максим Романович,капитан,9,29
Кочергин Евгений Сергеевич,майор,1,38
Николаев Егор Андреевич,прапорщик,1,45
Кочергин Степан Дмитриевич,сержант,11,42
Яковлев Дмитрий Алексеевич,лейтенант,6,25
Борисов Роман Кириллович,прапорщик,11,31
Семёнов Артём Андреевич,сержант,5,29
Зайцев Константин Дмитриевич,рядовой,1,34
Семёнов Егор Павлович,капитан,11,34
Фёдоров Константин Алексеевич,лейтенант,9,19
Павлов Иван Кириллович,рядовой,12,54
Петров Павел Романович,сержант,4,32
Кочергин Артём Сергеевич,прапорщик,6,35
Николаев Егор Максимович,прапорщик,3,29
Андреев Матвей Иванович,полковник,6,24
Соловьёв Павел Павлович,лейтенант,6,49
Семёнов Егор Максимович,лейтенант,5,50
Петров Кирилл Алексеевич,полковник,11,25
Никитин Александр Александрович,майор,1,45
Соловьёв Андрей Сергеевич,майор,9,29
Васильев Матвей Олегович,сержант,7,33
Макаров Степан Викторович,капитан,10,31
Сидоров Олег Михайлович,майор,9,56
Петров Михаил Михайлович,капитан,6,29
Алексеев Роман Павлович,полковник,5,41
Лебедев Дмитрий Андреевич,майор,7,60
Соловьёв Константин Сергеевич,прапорщик,9,18
Михайлов Дмитрий Иванович,прапорщик,2,27
Семёнов Илья Ильич,прапорщик,6,21
Андреев Юрий Иванович,лейтенант,12,30
Морозов Артём Никитич,полковник,8,44
Попов Артём Павлович,сержант,3,51
Егоров Андрей Павлович,майор,1,47
Смирнов Илья Романович,полковник,8,56
Орлов Роман Олегович,капитан,12,57
Новиков Илья Романович,лейтенант,10,40
Борисов Юрий Сергеевич,полковник,4,55
Новиков Иван Романович,капитан,5,32
Михайлов Константин Павлович,лейтенант,8,53
Семёнов Олег Кириллович,лейтенант,2,60
Морозов Алексей Юрьевич,сержант,4,21
Николаев Дмитрий Олегович,сержант,8,46
Кузнецов Олег Викторович,рядовой,2,58
Соколов Никита Павлович,капитан,5,49
Андреев Максим Алексеевич,лейтенант,8,32
Алексеев Никита Дмитриевич,лейтенант,12,31
Борисов Илья Сергеевич,майор,5,19
Семёнов Кирилл Александрович,рядовой,7,50
Соколов Виктор Алексеевич,лейтенант,3,20
Яковлев Алексей Сергеевич,майор,3,32
Иванов Павел Александрович,капитан,7,25
Попов Александр Романович,капитан,4,21
Кочергин Никита Павлович,майор,4,32
Андреев Матвей Ильич,лейтенант,9,41
Андреев Артём Дмитриевич,майор,3,60
Михайлов Максим Олегович,полковник,6,49
Кузнецов Илья Олегович,прапорщик,1,30
Иванов Роман Юрьевич,прапорщик,1,57
Макаров Константин Сергеевич,капитан,12,46
Фёдоров Никита Романович,майор,5,60
Никитин Константин Александрович,прапорщик,8,42
Никитин Олег Олегович,сержант,10,20
Морозов Юрий Олегович,прапорщик,3,55
Фёдоров Алексей Павлович,сержант,6,56
Петров Кирилл Ильич,прапорщик,3,19
Лебедев Матвей Викторович,лейтенант,7,42
Сидоров Илья Александрович,сержант,1,44
Николаев Александр Сергеевич,капитан,6,42
Лебедев Денис Ильич,рядовой,9,53
Михайлов Андрей Андреевич,прапорщик,8,52
Степанов Артём Дмитриевич,лейтенант,10,27
Борисов Константин Александрович,майор,6,41
Новиков Виктор Ильич,капитан,2,28
Павлов Матвей Алексеевич,капитан,5,31
Соловьёв Степан Дмитриевич,рядовой,3,37
Смирнов Юрий Алексеевич,лейтенант,12,20
Васильев Никита Никитич,сержант,6,58
Николаев Юрий Иванович,полковник,11,57
Фёдоров Евгений Дмитриевич,полковник,2,30
Кузнецов Роман Михайлович,прапорщик,8,31
Захаров Павел Михайлович,лейтенант,1,57
Борисов Денис Никитич,капитан,12,44
Николаев Юрий Иванович,сержант,2,29
Андреев Виктор Иванович,прапорщик,3,46
Степанов Константин Ильич,лейтенант,7,29
Морозов Михаил Александрович,рядовой,11,21
Соколов Максим Викторович,майор,5,59
Егоров Денис Александрович,прапорщик,2,51
Орлов Иван Викторович,капитан,7,33
Захаров Александр Викторович,капитан,2,51
Иванов Роман Романович,капитан,8,32
Васильев Олег Максимович,прапорщик,11,33
Фёдоров Виктор Викторович,сержант,12,31
Морозов Максим Максимович,прапорщик,6,27
Михайлов Максим Иванович,майор,8,46
Степанов Алексей Романович,капитан,11,38
Васильев Александр Андреевич,сержант,7,42
Морозов Олег Андреевич,майор,11,59
Соколов Виктор Сергеевич,полковник,5,36
Никитин Константин Ильич,сержант,9,56
Никитин Матвей Романович,лейтенант,10,25
Егоров Виктор Дмитриевич,прапорщик,4,31
Семёнов Степан Романович,майор,2,28
Кузнецов Алексей Иванович,майор,10,31
Захаров Никита Олегович,прапорщик,7,21
Иванов Матвей Олегович,полковник,2,36
Сидоров Дмитрий Михайлович,полковник,9,50
Кочергин Евгений Павлович,прапорщик,8,22
Орлов Кирилл Олегович,капитан,5,60
Семёнов Алексей Павлович,сержант,1,52
Смирнов Андрей Максимович,капитан,7,46
Николаев Илья Юрьевич,рядовой,3,58
Кочергин Артём Юрьевич,майор,8,29
Семёнов Артём Александрович,полковник,11,24
Новиков Александр Иванович,рядовой,11,49
Петров Евгений Романович,полковник,2,47
Кочергин Иван Романович,майор,2,60
Орлов Роман Максимович,рядовой,3,49
Николаев Иван Романович,сержант,4,58
Козлов Егор Максимович,капитан,4,50
Сидоров Дмитрий Юрьевич,капитан,12,27
Никитин Евгений Кириллович,лейтенант,8,56
Алексеев Юрий Сергеевич,полковник,3,18
Захаров Виктор Юрьевич,капитан,6,54
Семёнов Александр Ильич,сержант,2,35
Смирнов Степан Максимович,майор,9,36
Соколов Константин Юрьевич,майор,10,21
Смирнов Денис Никитич,полковник,1,33
Степанов Иван Алексеевич,майор,3,33
Михайлов Алексей Максимович,полковник,6,37
Васильев Степан Дмитриевич,рядовой,8,26
Захаров Виктор Андреевич,сержант,7,40
Андреев Иван Сергеевич,прапорщик,7,53
Фёдоров Егор Михайлович,капитан,3,27
Алексеев Дмитрий Михайлович,сержант,2,48
Кузнецов Матвей Михайлович,майор,1,24
Михайлов Степан Олегович,рядовой,3,46
Смирнов Илья Александрович,прапорщик,4,44
Кузнецов Егор Максимович,лейтенант,8,23
Орлов Илья Романович,сержант,9,59
Козлов Константин Дмитриевич,капитан,7,58
Козлов Матвей Никитич,майор,7,56
Кочергин Андрей Андреевич,полковник,5,18
Фёдоров Степан Дмитриевич,майор,8,33
Борисов Егор Иванович,лейтенант,2,23
Егоров Олег Викторович,майор,5,21
Андреев Денис Михайлович,капитан,10,22
Никитин Сергей Иванович,полковник,6,30
Степанов Александр Сергеевич,прапорщик,10,57
Соловьёв Иван Ильич,лейтенант,5,32
Захаров Никита Александрович,майор,8,20
Макаров Сергей Алексеевич,полковник,10,41
Иванов Олег Иванович,полковник,1,51
Алексеев Роман Максимович,рядовой,10,24
Макаров Юрий Олегович,прапорщик,1,36
Николаев Олег Ильич,капитан,11,51
Петров Матвей Александрович,прапорщик,5,28
Сидоров Евгений Романович,рядовой,3,21
Соколов Олег Павлович,полковник,3,45
Фёдоров Илья Ильич,лейтенант,6,45
Новиков Илья Олегович,капитан,5,59
Попов Александр Викторович,прапорщик,5,27
Соловьёв Никита Иванович,сержант,4,37
Макаров Юрий Кириллович,майор,12,26
Никитин Кирилл Максимович,прапорщик,11,43
Егоров Степан Дмитриевич,полковник,11,47
Кузнецов Степан Романович,лейтенант,1,19
Семёнов Илья Романович,рядовой,11,59
Смирнов Степан Александрович,майор,6,23
Иванов Матвей Сергеевич,майор,12,23
Козлов Артём Максимович,полковник,12,36
Фёдоров Александр Никитич,рядовой,2,58
Морозов Евгений Андреевич,сержант,9,27
Фёдоров Евгений Иванович,лейтенант,12,46
Зайцев Александр Алексеевич,капитан,9,58
Петров Иван Сергеевич,капитан,11,41
Алексеев Александр Иванович,сержант,9,41
Яковлев Олег Павлович,сержант,6,38
Николаев Евгений Максимович,майор,4,44
Яковлев Роман Олегович,рядовой,9,53
Петров Дмитрий Викторович,сержант,5,41
Соловьёв Константин Иванович,прапорщик,3,24
Яковлев Андрей Андреевич,рядовой,6,41
Кочергин Виктор Ильич,рядовой,11,35
Орлов Кирилл Александрович,прапорщик,6,45
Егоров Кирилл Юрьевич,лейтенант,6,45
Попов Роман Сергеевич,прапорщик,3,28
Николаев Павел Андреевич,лейтенант,2,18
Кочергин Павел Юрьевич,лейтенант,8,38
Макаров Никита Кириллович,полковник,2,23
Петров Степан Сергеевич,сержант,4,35
Яковлев Степан Кириллович,полковник,3,31
Кочергин Михаил Романович,рядовой,11,25
Павлов Егор Романович,капитан,9,58
Сидоров Иван Олегович,рядовой,9,60
Петров Денис Никитич,полковник,7,44
Андреев Сергей Кириллович,рядовой,4,19
Макаров Илья Иванович,лейтенант,3,58
Попов Максим Ильич,прапорщик,1,43
Михайлов Денис Андреевич,майор,1,60
Николаев Павел Иванович,капитан,8,43
Иванов Виктор Максимович,майор,11,28
Макаров Максим Кириллович,майор,4,21
Макаров Никита Викторович,майор,2,41
Смирнов Константин Иванович,капитан,4,30
Семёнов Андрей Иванович,рядовой,4,32
Павлов Егор Ильич,капитан,10,46
Морозов Михаил Олегович,капитан,3,30
Егоров Никита Юрьевич,сержант,2,26
Морозов Иван Ильич,сержант,5,20
Борисов Никита Ильич,сержант,10,55
Яковлев Олег Александрович,полковник,11,28
Алексеев Никита Андреевич,лейтенант,7,39
Иванов Павел Кириллович,полковник,8,30
Захаров Дмитрий Дмитриевич,рядовой,7,30
Павлов Степан Максимович,лейтенант,8,26
Орлов Андрей Александрович,полковник,2,18
Николаев Артём Алексеевич,капитан,4,23
Сидоров Максим Александрович,полковник,4,57
Соловьёв Иван Никитич,лейтенант,3,56
Яковлев Матвей Олегович,майор,5,45
Николаев Павел Никитич,лейтенант,12,22
Соколов Юрий Дмитриевич,полковник,8,27
Яковлев Александр Олегович,рядовой,1,29
Егоров Илья Михайлович,капитан,7,58
Иванов Роман Сергеевич,лейтенант,12,35
Андреев Степан Ильич,рядовой,3,30
Петров Роман Максимович,сержант,6,50
Борисов Денис Сергеевич,майор,11,23
Орлов Дмитрий Андреевич,прапорщик,3,49
Петров Егор Сергеевич,сержант,3,42
Зайцев Дмитрий Олегович,майор,2,36
Макаров Алексей Михайлович,прапорщик,9,45
Михайлов Максим Никитич,прапорщик,12,50
Попов Илья Максимович,сержант,12,52
Захаров Михаил Алексеевич,капитан,8,30
Соколов Артём Александрович,лейтенант,8,31
Лебедев Матвей Ильич,прапорщик,8,35
Лебедев Кирилл Павлович,прапорщик,1,27
Васильев Александр Иванович,полковник,6,59
Новиков Юрий Максимович,сержант,2,28
Новиков Андрей Ильич,прапорщик,11,56
Николаев Кирилл Павлович,рядовой,1,60
Алексеев Александр Сергеевич,прапорщик,1,33
Соколов Роман Юрьевич,лейтенант,10,25
Кузнецов Илья Иванович,майор,8,54
Смирнов Александр Александрович,майор,4,30
Смирнов Роман Викторович,майор,6,57
Иванов Роман Алексеевич,рядовой,8,18
Козлов Евгений Павлович,лейтенант,11,54
Фёдоров Максим Никитич,сержант,12,22
Кочергин Матвей Иванович,прапорщик,12,49
Зайцев Виктор Викторович,прапорщик,5,35
Павлов Сергей Павлович,рядовой,11,46
Сидоров Денис Алексеевич,майор,2,40
Алексеев Егор Ильич,капитан,7,29
Лебедев Константин Иванович,прапорщик,11,57
Васильев Дмитрий Никитич,рядовой,11,45
Макаров Михаил Викторович,рядовой,1,27
Семёнов Александр Михайлович,капитан,4,60
Макаров Павел Павлович,полковник,11,35
Смирнов Сергей Юрьевич,лейтенант,11,34
Новиков Константин Михайлович,рядовой,2,33
Кочергин Максим Олегович,полковник,1,47
Фёдоров Павел Сергеевич,рядовой,1,21
Андреев Юрий Александрович,рядовой,3,52
Васильев Олег Викторович,рядовой,3,40
Макаров Егор Алексеевич,рядовой,3,52
Зайцев Илья Иванович,лейтенант,3,58
Петров Михаил Кириллович,майор,9,55
Николаев Матвей Дмитриевич,рядовой,6,35
Сидоров Илья Максимович,лейтенант,6,51
Андреев Иван Сергеевич,сержант,1,40
Петров Сергей Андреевич,сержант,11,31
Борисов Андрей Юрьевич,рядовой,12,32
Кузнецов Александр Дмитриевич,полковник,5,42
Кочергин Юрий Сергеевич,сержант,10,43
Зайцев Илья Максимович,полковник,2,41
Кочергин Павел Юрьевич,рядовой,12,48
Андреев Максим Олегович,сержант,7,49
Борисов Степан Андреевич,полковник,2,35
Морозов Олег Павлович,лейтенант,12,36
Андреев Иван Романович,рядовой,3,43
Смирнов Виктор Иванович,капитан,7,24
Павлов Олег Павлович,рядовой,12,33
Новиков Иван Максимович,лейтенант,7,58
Сидоров Виктор Ильич,полковник,8,54
Павлов Степан Олегович,полковник,8,36
Борисов Кирилл Иванович,капитан,8,31
Лебедев Степан Олегович,майор,3,43
Морозов Юрий Сергеевич,полковник,2,48
Степанов Константин Павлович,сержант,10,23
Сидоров Денис Алексеевич,майор,4,52
Егоров Евгений Кириллович,прапорщик,1,60
Попов Виктор Иванович,капитан,7,28
Алексеев Артём Александрович,капитан,7,56
Попов Иван Кириллович,сержант,2,18
Орлов Евгений Викторович,сержант,8,46
Захаров Михаил Алексеевич,майор,5,37
Захаров Илья Романович,лейтенант,5,50
Иванов Денис Михайлович,рядовой,7,26
Лебедев Павел Кириллович,рядовой,6,47
Степанов Роман Никитич,сержант,9,53
Лебедев Артём Ильич,прапорщик,12,42
Попов Алексей Никитич,майор,7,35
Михайлов Андрей Викторович,полковник,3,28
Зайцев Илья Сергеевич,майор,11,30
Борисов Александр Михайлович,рядовой,1,58
Фёдоров Максим Алексеевич,майор,10,34
Егоров Егор Ильич,прапорщик,1,37
Степанов Матвей Ильич,лейтенант,11,36
Петров Илья Иванович,сержант,8,20
Васильев Виктор Алексеевич,рядовой,4,44
Николаев Максим Кириллович,лейтенант,3,43
Соколов Павел Кириллович,полковник,9,35
Яковлев Юрий Алексеевич,прапорщик,9,23
Кузнецов Дмитрий Александрович,капитан,10,40
Михайлов Максим Кириллович,прапорщик,3,44
Кузнецов Алексей Максимович,рядовой,9,40
Петров Дмитрий Дмитриевич,майор,10,24
Макаров Константин Юрьевич,лейтенант,6,47
Степанов Михаил Сергеевич,рядовой,6,20
Васильев Сергей Юрьевич,майор,2,23
Смирнов Иван Александрович,капитан,8,53
Макаров Андрей Андреевич,полковник,4,50
Фёдоров Никита Никитич,полковник,8,44
Николаев Евгений Михайлович,лейтенант,7,48
Фёдоров Дмитрий Павлович,сержант,5,34
Лебедев Александр Михайлович,прапорщик,5,29
Семёнов Кирилл Дмитриевич,лейтенант,7,44
Михайлов Михаил Никитич,рядовой,1,42
Смирнов Павел Алексеевич,рядовой,9,58
Новиков Максим Андреевич,сержант,3,20
Борисов Юрий Кириллович,майор,9,49
Орлов Егор Викторович,сержант,11,52
Макаров Михаил Андреевич,капитан,12,22
Егоров Михаил Павлович,полковник,2,27
Кузнецов Илья Сергеевич,капитан,3,37
Макаров Матвей Сергеевич,майор,5,20
Макаров Егор Иванович,сержант,5,20
Попов Константин Алексеевич,лейтенант,7,49
Соловьёв Виктор Ильич,рядовой,7,46
Павлов Олег Иванович,рядовой,5,30
Семёнов Кирилл Никитич,сержант,2,56
Лебедев Юрий Иванович,прапорщик,3,32
Козлов Иван Андреевич,капитан,1,24
Андреев Степан Юрьевич,рядовой,6,29
Егоров Кирилл Иванович,сержант,11,23
Смирнов Матвей Викторович,рядовой,8,56
Сидоров Виктор Михайлович,капитан,12,24
Андреев Виктор Ильич,капитан,9,28
Козлов Евгений Максимович,майор,1,50
Кочергин Дмитрий Никитич,прапорщик,11,24
Морозов Павел Кириллович,капитан,6,21
Соловьёв Павел Максимович,капитан,2,35
Козлов Роман Олегович,прапорщик,11,41
Васильев Илья Викторович,рядовой,12,38
Козлов Денис Михайлович,полковник,4,32
Васильев Михаил Ильич,полковник,5,22
Смирнов Олег Алексеевич,майор,12,41
Зайцев Олег Сергеевич,полковник,5,52
Кочергин Юрий Михайлович,рядовой,3,28
Козлов Кирилл Кириллович,рядовой,12,27
Николаев Андрей Александрович,майор,5,51
Лебедев Алексей Викторович,прапорщик,11,32
Николаев Константин Никитич,сержант,12,40
Павлов Роман Андреевич,рядовой,4,58
Смирнов Степан Михайлович,рядовой,12,53
Соловьёв Дмитрий Юрьевич,рядовой,11,46
Павлов Дмитрий Павлович,полковник,6,54
Егоров Матвей Никитич,рядовой,8,31
Попов Артём Никитич,майор,3,39
Смирнов Артём Олегович,рядовой,8,38
Николаев Никита Олегович,прапорщик,2,47
Васильев Олег Михайлович,сержант,7,27
Макаров Дмитрий Олегович,полковник,2,54
Борисов Михаил Кириллович,прапорщик,9,41
Попов Александр Иванович,капитан,5,47
Макаров Юрий Александрович,капитан,6,36
Зайцев Максим Андреевич,прапорщик,12,35
Семёнов Евгений Никитич,сержант,1,19
Орлов Виктор Романович,майор,1,47
Николаев Артём Романович,сержант,6,30
Попов Кирилл Никитич,прапорщик,10,27
Козлов Виктор Романович,майор,8,56
Лебедев Степан Павлович,майор,2,26
Павлов Роман Александрович,рядовой,4,34
Кузнецов Алексей Алексеевич,прапорщик,7,26
Зайцев Кирилл Павлович,майор,12,49
Семёнов Никита Максимович,лейтенант,7,44
Соколов Александр Кириллович,рядовой,8,60
Кузнецов Сергей Сергеевич,лейтенант,3,37
Макаров Кирилл Алексеевич,рядовой,7,54
Кочергин Максим Викторович,лейтенант,1,18
Яковлев Александр Никитич,рядовой,12,52
Макаров Артём Ильич,лейтенант,11,43
Орлов Егор Павлович,лейтенант,3,43
Борисов Дмитрий Романович,майор,6,53
Егоров Юрий Ильич,майор,8,25
Соловьёв Дмитрий Ильич,прапорщик,11,39
Павлов Кирилл Иванович,сержант,8,49
Николаев Павел Юрьевич,сержант,5,25
Лебедев Михаил Александрович,прапорщик,8,23
Яковлев Матвей Андреевич,капитан,2,26
Андреев Сергей Кириллович,полковник,12,40
Захаров Евгений Юрьевич,рядовой,5,31
Кузнецов Дмитрий Александрович,майор,5,44
Егоров Павел Дмитриевич,рядовой,10,50
Борисов Степан Олегович,прапорщик,7,48
Никитин Артём Ильич,майор,5,59
Яковлев Матвей Михайлович,рядовой,12,48
Смирнов Юрий Викторович,прапорщик,12,28
Новиков Иван Олегович,капитан,4,53
Степанов Никита Александрович,сержант,1,18
Зайцев Никита Алексеевич,капитан,6,43
Захаров Кирилл Алексеевич,лейтенант,11,28
Новиков Виктор Романович,капитан,7,25
Васильев Кирилл Викторович,лейтенант,2,38
Новиков Александр Александрович,рядовой,3,50
Никитин Евгений Александрович,рядовой,5,33
Новиков Сергей Алексеевич,прапорщик,6,30
Соловьёв Степан Александрович,лейтенант,8,48
Соловьёв Андрей Алексеевич,прапорщик,4,32
Козлов Александр Павлович,капитан,6,37
Николаев Алексей Алексеевич,сержант,2,19
Захаров Максим Алексеевич,майор,6,22
Кузнецов Степан Кириллович,сержант,8,19
Андреев Иван Дмитриевич,рядовой,4,21
Попов Алексей Михайлович,майор,3,47
Козлов Юрий Ильич,рядовой,7,43
Соколов Юрий Андреевич,прапорщик,2,50
Иванов Евгений Максимович,полковник,5,48
Никитин Виктор Никитич,майор,2,40
Кузнецов Илья Иванович,капитан,9,27
Макаров Евгений Александрович,майор,12,30
Сидоров Андрей Михайлович,полковник,4,51
Семёнов Дмитрий Максимович,лейтенант,7,56
Васильев Сергей Никитич,рядовой,3,47
Павлов Кирилл Максимович,капитан,3,55
Васильев Артём Юрьевич,сержант,10,46
Новиков Матвей Кириллович,прапорщик,6,19
Андреев Олег Олегович,сержант,10,37
Кузнецов Дмитрий Михайлович,майор,8,44
Васильев Илья Александрович,полковник,2,22
Попов Александр Романович,рядовой,5,34
Яковлев Юрий Михайлович,сержант,8,49
Павлов Степан Иванович,лейтенант,2,19
Смирнов Андрей Викторович,полковник,4,54
Семёнов Степан Олегович,прапорщик,6,25
Кочергин Денис Иванович,майор,1,41
Захаров Виктор Сергеевич,капитан,1,57
Борисов Иван Дмитриевич,рядовой,4,58
Сидоров Матвей Александрович,майор,9,20
Алексеев Алексей Викторович,сержант,10,48
Новиков Максим Алексеевич,лейтенант,12,51
Кузнецов Алексей Алексеевич,сержант,5,29
Соколов Алексей Андреевич,майор,4,20
Козлов Олег Викторович,майор,1,23
Андреев Алексей Павлович,капитан,3,24
Соколов Артём Михайлович,сержант,4,46
Михайлов Юрий Кириллович,полковник,7,27
Зайцев Андрей Ильич,капитан,9,29
Семёнов Дмитрий Александрович,лейтенант,7,27
Степанов Кирилл Ильич,полковник,10,48
Николаев Алексей Михайлович,сержант,3,46
Козлов Артём Никитич,майор,7,28
Орлов Константин Дмитриевич,лейтенант,6,27
Попов Иван Юрьевич,прапорщик,9,50
Соловьёв Евгений Викторович,рядовой,5,32
Андреев Роман Романович,сержант,11,55
Васильев Кирилл Викторович,капитан,8,21
Васильев Андрей Никитич,майор,1,35
Никитин Михаил Олегович,полковник,6,45
Фёдоров Павел Никитич,капитан,11,33
Соловьёв Роман Юрьевич,капитан,3,21
Павлов Константин Никитич,прапорщик,7,24
Андреев Андрей Сергеевич,рядовой,8,39
Семёнов Павел Максимович,майор,9,52
Кузнецов Егор Олегович,майор,2,48
Петров Максим Кириллович,полковник,7,33
