fullName,rank,companyNumber,age
Смирнов Виктор Олегович,майор,1,43
Попов Андрей Никитич,рядовой,1,46
Соколов Сергей Ильич,капитан,8,54
Михайлов Евгений Юрьевич,капитан,2,52
Лебедев Роман Андреевич,полковник,11,44
Лебедев Кирилл Павлович,капитан,4,47
Соловьёв Олег Максимович,прапорщик,12,21
Захаров Илья Алексеевич,капитан,7,26
Макаров Андрей Никитич,капитан,11,45
Захаров Сергей Викторович,рядовой,4,58
Степанов Евгений Иванович,полковник,12,46
Лебедев Олег Михайлович,рядовой,3,58
Лебедев Максим Алексеевич,полковник,8,58
Никитин Алексей Ильич,капитан,11,22
Николаев Александр Романович,майор,6,40
Павлов Константин Михайлович,сержант,12,52
Павлов Александр Иванович,полковник,10,24
Андреев Кирилл Алексеевич,сержант,7,47
Николаев Александр Романович,рядовой,2,24
Кузнецов Максим Олегович,капитан,6,22
Зайцев Виктор Александрович,рядовой,6,53
Борисов Кирилл Андреевич,прапорщик,1,38
Смирнов Матвей Алексеевич,полковник,6,45
Андреев Егор Романович,полковник,5,20
Егоров Дмитрий Юрьевич,капитан,8,42
Кочергин Андрей Олегович,сержант,8,57
Захаров Артём Ильич,капитан,3,59
Морозов Константин Иванович,сержант,7,46
Лебедев Роман Юрьевич,рядовой,4,23
Иванов Степан Олегович,рядовой,11,20
Борисов Константин Михайлович,полковник,9,44
Егоров Максим Юрьевич,прапорщик,9,45
Никитин Андрей Павлович,прапорщик,9,26
Борисов Александр Дмитриевич,рядовой,3,28
Яковлев Евгений Дмитриевич,капитан,3,20
Михайлов Никита Викторович,лейтенант,8,33
Никитин Алексей Алексеевич,полковник,2,23
Макаров Роман Викторович,капитан,11,52
Николаев Михаил Сергеевич,прапорщик,8,57
Кузнецов Денис Ильич,прапорщик,5,33
Кузнецов Михаил Кириллович,прапорщик,6,18
Иванов Александр Иванович,лейтенант,12,52
Козлов Максим Ильич,полковник,9,19
Егоров Александр Викторович,капитан,11,55
Кузнецов Павел Иванович,майор,11,45
Орлов Юрий Юрьевич,сержант,1,31
Алексеев Иван Викторович,рядовой,2,30
Фёдоров Никита Дмитриевич,лейтенант,3,52
Зайцев Михаил Дмитриевич,майор,5,39
Никитин Алексей Алексеевич,лейтенант,12,56
Козлов Артём Ильич,майор,5,22
Егоров Олег Сергеевич,полковник,12,56
Иванов Константин Александрович,сержант,11,26
Морозов Михаил Михайлович,лейтенант,12,44
Егоров Роман Олегович,полковник,10,30
Кузнецов Михаил Романович,прапорщик,7,34
Фёдоров Олег Олегович,полковник,9,55
Новиков Андрей Романович,капитан,10,31
Никитин Александр Олегович,капитан,11,20
Павлов Алексей Кириллович,прапорщик,6,30
Попов Виктор Сергеевич,капитан,2,49
Михайлов Степан Алексеевич,полковник,4,57
Новиков Денис Михайлович,сержант,7,49
Лебедев Сергей Викторович,лейтенант,9,43
Макаров Денис Кириллович,сержант,1,47
Семёнов Михаил Андреевич,майор,12,32
Орлов Павел Павлович,майор,5,27
Борисов Илья Викторович,майор,11,60
Никитин Степан Никитич,майор,2,44
Васильев Александр Дмитриевич,прапорщик,12,45
Алексеев Константин Ильич,лейтенант,12,54
Алексеев Никита Кириллович,капитан,10,28
Попов Юрий Никитич,сержант,11,22
Макаров Кирилл Иванович,капитан,6,59
Попов Максим Олегович,прапорщик,7,36
Михайлов Дмитрий Олегович,рядовой,12,27
Егоров Андрей Андреевич,сержант,12,20
Соколов Алексей Никитич,майор,5,30
Кузнецов Дмитрий Михайлович,лейтенант,5,29
Новиков Сергей Романович,лейтенант,6,57
Никитин Кирилл Иванович,полковник,3,20
Лебедев Олег Сергеевич,сержант,9,21
Смирнов Андрей Кириллович,рядовой,8,42
Михайлов Кирилл Викторович,полковник,1,20
Борисов Денис Алексеевич,сержант,11,56
Соловьёв Сергей Сергеевич,полковник,10,37
Никитин Олег Никитич,капитан,3,42
Макаров Денис Кириллович,майор,10,49
Борисов Олег Кириллович,рядовой,1,29
Козлов Виктор Павлович,капитан,2,57
Сидоров Егор Сергеевич,майор,3,60
Фёдоров Илья Алексеевич,капитан,11,45
Фёдоров Сергей Алексеевич,майор,4,51
Алексеев Павел Дмитриевич,рядовой,4,57
Петров Максим Юрьевич,сержант,9,48
Морозов Андрей Михайлович,сержант,5,56
Яковлев Виктор Дмитриевич,майор,9,49
Егоров Кирилл Иванович,лейтенант,2,31
Никитин Никита Романович,капитан,1,25
Андреев Олег Алексеевич,капитан,1,36
Борисов Илья Андреевич,лейтенант,1,42
Андреев Кирилл Олегович,майор,11,55
Михайлов Илья Александрович,сержант,10,23
Козлов Егор Александрович,майор,4,21
Попов Михаил Викторович,майор,3,25
Новиков Матвей Александрович,майор,12,24
Михайлов Александр Павлович,прапорщик,1,19
Сидоров Иван Юрьевич,прапорщик,8,30
Лебедев Артём Андреевич,лейтенант,9,60
Борисов Андрей Кириллович,полковник,3,45
Степанов Денис Павлович,сержант,4,19
Васильев Роман Ильич,полковник,6,24
Соловьёв Александр Иванович,рядовой,6,34
Павлов Сергей Александрович,полковник,6,37
Павлов Андрей Никитич,лейтенант,10,58
Семёнов Кирилл Сергеевич,капитан,2,46
Егоров Максим Дмитриевич,лейтенант,10,52
Павлов Александр Викторович,лейтенант,2,20
Васильев Олег Андреевич,капитан,4,41
Соколов Виктор Никитич,полковник,8,26
Фёдоров Кирилл Алексеевич,лейтенант,2,34
Фёдоров Егор Никитич,лейтенант,11,53
Захаров Юрий Сергеевич,прапорщик,8,26
Михайлов Степан Юрьевич,лейтенант,8,46
Николаев Михаил Ильич,лейтенант,3,31
Козлов Артём Юрьевич,сержант,9,49
Семёнов Константин Романович,лейтенант,5,21
Соловьёв Евгений Павлович,лейтенант,11,24
Николаев Илья Викторович,рядовой,10,25
Захаров Александр Александрович,прапорщик,10,41
Фёдоров Константин Романович,сержант,2,30
Сидоров Андрей Павлович,сержант,10,43
Егоров Александр Павлович,сержант,5,21
Иванов Илья Юрьевич,рядовой,2,28
Лебедев Павел Андреевич,майор,8,40
Михайлов Алексей Михайлович,майор,8,27
Семёнов Егор Кириллович,рядовой,8,33
Никитин Иван Дмитриевич,прапорщик,11,40
Никитин Иван Кириллович,прапорщик,5,20
Морозов Евгений Викторович,капитан,11,19
Соколов Матвей Александрович,прапорщик,6,21
Никитин Роман Иванович,прапорщик,11,23
Иванов Иван Александрович,капитан,2,20
Козлов Илья Романович,полковник,4,29
Сидоров Олег Никитич,рядовой,11,47
Семёнов Егор Михайлович,майор,10,48
Лебедев Евгений Иванович,сержант,7,20
Попов Матвей Павлович,лейтенант,5,53
Кочергин Матвей Романович,капитан,9,41
Михайлов Дмитрий Никитич,полковник,10,43
Никитин Дмитрий Викторович,майор,2,36
Смирнов Дмитрий Алексеевич,рядовой,4,53
Лебедев Юрий Михайлович,майор,6,57
Соколов Дмитрий Романович,полковник,1,31
Борисов Кирилл Олегович,полковник,2,22
Орлов Виктор Павлович,капитан,6,30
Орлов Виктор Иванович,полковник,4,35
Яковлев Виктор Юрьевич,рядовой,9,55
Зайцев Иван Алексеевич,рядовой,1,46
Лебедев Артём Александрович,полковник,9,30
Новиков Юрий Александрович,лейтенант,11,52
Михайлов Никита Дмитриевич,сержант,8,23
Кузнецов Степан Иванович,сержант,10,45
Сидоров Кирилл Михайлович,рядовой,6,53
Попов Дмитрий Иванович,лейтенант,9,48
Андреев Олег Павлович,капитан,3,55
Михайлов Алексей Алексеевич,майор,1,30
Новиков Сергей Андреевич,лейтенант,10,39
Петров Никита Андреевич,прапорщик,4,58
Алексеев Илья Дмитриевич,лейтенант,8,49
Степанов Степан Кириллович,сержант,2,60
Егоров Юрий Юрьевич,прапорщик,11,56
Яковлев Павел Павлович,рядовой,8,24
Кочергин Евгений Кириллович,майор,1,27
Семёнов Иван Ильич,капитан,5,35
Степанов Андрей Михайлович,майор,9,43
Соколов Михаил Иванович,сержант,3,35
Соколов Дмитрий Иванович,капитан,9,47
Новиков Константин Юрьевич,майор,11,35
Никитин Степан Кириллович,капитан,7,35
Макаров Кирилл Алексеевич,прапорщик,9,43
Никитин Иван Дмитриевич,лейтенант,10,44
Петров Юрий Андреевич,полковник,3,27
Орлов Денис Александрович,рядовой,10,51
Андреев Кирилл Кириллович,сержант,9,50
Кочергин Денис Никитич,капитан,2,60
Петров Олег Кириллович,лейтенант,4,37
Фёдоров Роман Дмитриевич,сержант,8,33
Кузнецов Артём Иванович,рядовой,11,38
Кочергин Сергей Алексеевич,прапорщик,1,44
Фёдоров Алексей Иванович,капитан,9,28
Андреев Степан Викторович,капитан,3,35
Сидоров Андрей Андреевич,лейтенант,11,36
Кочергин Степан Кириллович,рядовой,4,29
Егоров Виктор Никитич,рядовой,4,50
Яковлев Максим Романович,прапорщик,10,38
Захаров Денис Алексеевич,майор,7,38
Соловьёв Кирилл Александрович,прапорщик,7,58
Иванов Андрей Сергеевич,прапорщик,6,46
Егоров Иван Никитич,сержант,7,23
Кочергин Дмитрий Никитич,рядовой,4,26
Борисов Матвей Иванович,прапорщик,1,24
Макаров Илья Сергеевич,майор,7,37
Николаев Олег Алексеевич,майор,2,21
Петров Юрий Дмитриевич,рядовой,8,24
Егоров Роман Павлович,лейтенант,10,40
Захаров Кирилл Никитич,рядовой,3,41
Смирнов Евгений Ильич,сержант,9,29
Соловьёв Артём Юрьевич,полковник,2,50
Соловьёв Артём Михайлович,полковник,9,55
Макаров Евгений Сергеевич,лейтенант,5,51
Попов Илья Никитич,майор,3,45
Смирнов Иван Павлович,сержант,9,43
Егоров Юрий Сергеевич,рядовой,3,54
Иванов Сергей Иванович,капитан,11,30
Павлов Егор Дмитриевич,майор,7,42
Кочергин Сергей Андреевич,лейтенант,12,57
Новиков Кирилл Сергеевич,майор,4,57
Зайцев Сергей Андреевич,лейтенант,10,18
Зайцев Евгений Максимович,лейтенант,5,53
Орлов Сергей Андреевич,полковник,11,36
Новиков Павел Андреевич,капитан,6,23
Андреев Юрий Максимович,прапорщик,5,34
Соколов Константин Никитич,прапорщик,9,46
Морозов Олег Ильич,прапорщик,12,18
Алексеев Степан Олегович,прапорщик,10,25
Кочергин Никита Сергеевич,лейтенант,12,41
Алексеев Александр Михайлович,прапорщик,12,38
Захаров Илья Олегович,сержант,12,22
Никитин Олег Никитич,полковник,12,60
Яковлев Артём Кириллович,майор,5,43
Смирнов Дмитрий Викторович,капитан,4,23
Павлов Кирилл Сергеевич,прапорщик,5,28
Андреев Константин Романович,рядовой,6,18
Орлов Сергей Никитич,капитан,5,44
Захаров Никита Алексеевич,прапорщик,3,53
Сидоров Илья Михайлович,прапорщик,4,30
Захаров Иван Алексеевич,лейтенант,3,26
Степанов Виктор Кириллович,майор,8,21
Никитин Кирилл Андреевич,полковник,2,32
Степанов Сергей Викторович,сержант,4,59
Сидоров Павел Ильич,капитан,5,41
Алексеев Алексей Викторович,сержант,2,34
Зайцев Степан Сергеевич,полковник,4,32
Михайлов Юрий Кириллович,полковник,8,20
Макаров Константин Алексеевич,лейтенант,4,57
Борисов Алексей Никитич,майор,10,41
Захаров Алексей Олегович,рядовой,11,22
Сидоров Кирилл Ильич,рядовой,1,27
Яковлев Виктор Кириллович,рядовой,4,20
Попов Константин Юрьевич,сержант,5,55
Лебедев Виктор Максимович,майор,5,38
Борисов Олег Романович,лейтенант,6,22
Семёнов Евгений Юрьевич,капитан,6,21
Андреев Максим Павлович,полковник,1,60
Андреев Виктор Михайлович,рядовой,5,36
Петров Максим Юрьевич,сержант,12,29
Николаев Роман Андреевич,рядовой,3,21
Васильев Константин Кириллович,прапорщик,6,58
Васильев Дмитрий Алексеевич,рядовой,2,51
Смирнов Олег Ильич,лейтенант,11,28
Сидоров Дмитрий Дмитриевич,майор,8,55
Орлов Виктор Михайлович,капитан,1,53
Лебедев Александр Юрьевич,капитан,9,56
Соловьёв Алексей Андреевич,полковник,4,49
Алексеев Степан Дмитриевич,полковник,1,34
Кочергин Виктор Алексеевич,полковник,1,59
Соколов Алексей Олегович,полковник,10,42
Васильев Артём Иванович,рядовой,1,60
Иванов Роман Михайлович,лейтенант,12,53
Морозов Матвей Андреевич,рядовой,8,48
Кузнецов Павел Юрьевич,рядовой,7,50
Егоров Юрий Олегович,сержант,1,48
Николаев Матвей Александрович,лейтенант,5,35
Алексеев Константин Олегович,лейтенант,2,37
Кочергин Иван Михайлович,полковник,1,43
Андреев Дмитрий Александрович,капитан,7,27
Соколов Евгений Александрович,лейтенант,5,45
Николаев Евгений Сергеевич,лейтенант,10,36
Смирнов Михаил Сергеевич,капитан,11,40
Кузнецов Никита Викторович,рядовой,11,39
Яковлев Кирилл Никитич,полковник,1,21
Зайцев Евгений Андреевич,капитан,12,23
Зайцев Матвей Иванович,лейтенант,4,51
Фёдоров Виктор Иванович,прапорщик,2,48
Захаров Илья Викторович,майор,3,53
Егоров Артём Андреевич,сержант,8,47
Кузнецов Максим Викторович,полковник,9,54
Семёнов Роман Викторович,лейтенант,10,44
Николаев Кирилл Никитич,полковник,7,39
Степанов Кирилл Дмитриевич,капитан,8,21
Павлов Дмитрий Максимович,сержант,4,25
Макаров Иван Олегович,сержант,1,21
Михайлов Денис Андреевич,полковник,1,30
Козлов Денис Михайлович,капитан,4,47
Степанов Роман Олегович,лейтенант,6,43
Иванов Максим Романович,сержант,6,24
Соколов Матвей Романович,прапорщик,5,48
Алексеев Юрий Александрович,лейтенант,3,21
Кочергин Кирилл Павлович,полковник,12,25
Яковлев Артём Максимович,майор,12,59
Алексеев Матвей Романович,сержант,1,49
Степанов Никита Кириллович,полковник,6,27
Кочергин Егор Дмитриевич,капитан,8,59
Соколов Матвей Дмитриевич,лейтенант,11,55
Степанов Виктор Кириллович,рядовой,4,29
Кузнецов Максим Кириллович,лейтенант,5,37
Никитин Александр Александрович,прапорщик,4,54
Андреев Евгений Андреевич,майор,5,47
Смирнов Сергей Андреевич,прапорщик,9,41
Борисов Константин Андреевич,сержант,10,36
Петров Алексей Андреевич,лейтенант,10,50
Михайлов Денис Алексеевич,майор,9,23
Смирнов Егор Сергеевич,лейтенант,9,44
Фёдоров Евгений Викторович,сержант,12,47
Павлов Сергей Никитич,майор,11,51
Соколов Алексей Романович,майор,7,39
Лебедев Павел Олегович,сержант,9,35
Морозов Михаил Михайлович,лейтенант,6,56
Морозов Михаил Викторович,лейтенант,11,40
Фёдоров Александр Павлович,сержант,7,24
Новиков Дмитрий Никитич,прапорщик,9,38
Макаров Александр Алексеевич,полковник,12,22
Фёдоров Кирилл Романович,рядовой,4,20
Павлов Павел Андреевич,полковник,12,31
Борисов Илья Сергеевич,майор,10,48
Смирнов Александр Иванович,рядовой,12,18
Павлов Егор Александрович,сержант,4,25
Андреев Никита Юрьевич,прапорщик,9,28
Павлов Александр Сергеевич,майор,1,38
Фёдоров Кирилл Михайлович,майор,5,60
Семёнов Сергей Викторович,рядовой,5,46
Зайцев Кирилл Андреевич,лейтенант,12,41
Орлов Роман Дмитриевич,капитан,1,21
Козлов Максим Кириллович,майор,8,28
Морозов Егор Михайлович,майор,12,53
Андреев Максим Кириллович,лейтенант,10,48
Алексеев Дмитрий Алексеевич,майор,6,37
Борисов Виктор Олегович,рядовой,5,23
Петров Виктор Сергеевич,сержант,8,49
Николаев Олег Викторович,майор,8,29
Макаров Константин Павлович,майор,4,46
Никитин Максим Павлович,сержант,10,59
Козлов Роман Викторович,сержант,5,47
Васильев Олег Романович,майор,2,53
Новиков Александр Викторович,полковник,8,26
Захаров Егор Юрьевич,полковник,2,22
Борисов Евгений Михайлович,полковник,7,21
Морозов Денис Олегович,майор,4,38
Семёнов Кирилл Александрович,рядовой,7,28
Алексеев Евгений Олегович,прапорщик,10,43
Козлов Сергей Алексеевич,сержант,10,35
Соколов Александр Сергеевич,лейтенант,3,22
Михайлов Михаил Олегович,лейтенант,1,51
Николаев Илья Викторович,рядовой,5,33
Петров Михаил Максимович,прапорщик,2,42
Егоров Александр Никитич,капитан,7,29
Зайцев Павел Олегович,майор,11,25
Никитин Сергей Дмитриевич,лейтенант,7,45
Соколов Артём Дмитриевич,рядовой,7,23
Сидоров Константин Никитич,прапорщик,7,25
Новиков Матвей Павлович,полковник,2,49
Кузнецов Алексей Сергеевич,капитан,7,51
Борисов Максим Александрович,майор,2,53
Егоров Виктор Кириллович,майор,11,45
Алексеев Евгений Никитич,полковник,8,47
Соколов Павел Олегович,рядовой,1,23
Захаров Алексей Алексеевич,сержант,9,23
Никитин Алексей Александрович,майор,4,48
Морозов Иван Максимович,полковник,7,19
Зайцев Артём Сергеевич,майор,3,32
Алексеев Илья Сергеевич,сержант,10,52
Михайлов Павел Никитич,капитан,10,34
Козлов Сергей Кириллович,капитан,3,35
Егоров Степан Ильич,сержант,8,23
Попов Константин Романович,капитан,7,45
Смирнов Виктор Никитич,рядовой,1,58
Макаров Роман Викторович,капитан,7,25
Фёдоров Евгений Кириллович,сержант,11,36
Васильев Константин Александрович,капитан,9,38
Сидоров Кирилл Викторович,сержант,8,43
Соколов Дмитрий Алексеевич,капитан,9,38
Павлов Илья Юрьевич,майор,10,56
Андреев Роман Романович,прапорщик,8,56
Никитин Павел Никитич,сержант,7,26
Борисов Кирилл Дмитриевич,рядовой,2,43
Павлов Денис Павлович,полковник,12,47
Никитин Кирилл Романович,майор,11,38
Соловьёв Алексей Романович,полковник,8,60
Смирнов Сергей Романович,сержант,8,28
Васильев Денис Андреевич,прапорщик,3,54
Новиков Андрей Дмитриевич,прапорщик,1,50
Орлов Никита Ильич,капитан,8,59
Кочергин Максим Кириллович,прапорщик,9,46
Егоров Алексей Романович,майор,5,29
Макаров Артём Никитич,сержант,12,46
Алексеев Юрий Алексеевич,майор,9,26
Кочергин Матвей Александрович,капитан,12,40
Васильев Олег Олегович,прапорщик,1,23
Морозов Илья Сергеевич,лейтенант,12,56
Петров Сергей Михайлович,рядовой,5,53
Яковлев Степан Ильич,капитан,11,23
Петров Константин Романович,полковник,7,27
Соколов Максим Сергеевич,рядовой,8,35
Никитин Матвей Алексеевич,майор,2,41
Лебедев Егор Иванович,сержант,1,47
Кочергин Иван Юрьевич,полковник,9,39
Яковлев Никита Ильич,полковник,4,29
Степанов Андрей Павлович,майор,12,27
Семёнов Константин Кириллович,майор,7,38
Зайцев Виктор Иванович,майор,2,33
Соловьёв Иван Викторович,полковник,11,58
Кочергин Денис Иванович,рядовой,11,59
Попов Кирилл Максимович,капитан,6,23
Козлов Андрей Александрович,полковник,3,44
Зайцев Дмитрий Александрович,прапорщик,12,31
Попов Егор Романович,лейтенант,12,37
Орлов Виктор Иванович,капитан,2,43
Соловьёв Константин Никитич,прапорщик,12,35
Степанов Сергей Олегович,сержант,4,34
Зайцев Илья Андреевич,рядовой,8,48
Михайлов Андрей Павлович,прапорщик,11,41
Фёдоров Роман Юрьевич,прапорщик,9,42
Павлов Александр Ильич,прапорщик,12,40
Петров Евгений Михайлович,майор,6,58
Андреев Денис Ильич,полковник,4,42
Лебедев Иван Олегович,капитан,10,43
Орлов Артём Ильич,майор,12,55
Новиков Константин Романович,сержант,12,18
Семёнов Константин Андреевич,майор,7,19
Смирнов Никита Юрьевич,сержант,4,33
Козлов Евгений Александрович,рядовой,4,35
Иванов Максим Максимович,прапорщик,2,28
Петров Виктор Максимович,лейтенант,5,42
Сидоров Артём Михайлович,прапорщик,11,47
Семёнов Олег Сергеевич,прапорщик,1,44
Михайлов Дмитрий Викторович,прапорщик,2,39
Новиков Матвей Никитич,лейтенант,12,54
Морозов Андрей Романович,полковник,11,59
Яковлев Максим Александрович,полковник,2,46
Яковлев Олег Сергеевич,майор,11,19
Захаров Сергей Андреевич,сержант,6,27
Михайлов Олег Максимович,сержант,7,21
Сидоров Виктор Михайлович,майор,6,45
Степанов Алексей Викторович,лейтенант,5,21
Зайцев Дмитрий Олегович,сержант,5,18
Фёдоров Александр Иванович,лейтенант,7,22
Захаров Александр Олегович,прапорщик,4,40
Соловьёв Александр Викторович,капитан,7,20
Степанов Илья Павлович,лейтенант,4,19
Соловьёв Артём Кириллович,сержант,11,44
Андреев Михаил Алексеевич,прапорщик,10,41
Захаров Павел Алексеевич,полковник,12,30
Павлов Илья Иванович,капитан,1,44
Соловьёв Дмитрий Никитич,майор,10,33
Морозов Алексей Ильич,полковник,12,36
Новиков Иван Викторович,капитан,5,21
Васильев Сергей Юрьевич,прапорщик,6,29
Никитин Константин Ильич,майор,7,55
Кузнецов Сергей Никитич,рядовой,6,19
Михайлов Артём Никитич,прапорщик,1,48
Борисов Матвей Романович,капитан,1,28
Михайлов Михаил Михайлович,сержант,5,38
Орлов Олег Викторович,рядовой,7,50
Морозов Александр Никитич,капитан,4,55
Степанов Кирилл Дмитриевич,майор,10,43
Андреев Денис Ильич,прапорщик,5,40
Яковлев Юрий Викторович,сержант,11,40
Егоров Евгений Никитич,капитан,8,40
Иванов Денис Кириллович,полковник,9,45
Новиков Андрей Романович,капитан,11,37
Морозов Виктор Никитич,майор,9,54
Михайлов Роман Романович,майор,1,30
Морозов Роман Олегович,капитан,7,23
Семёнов Максим Юрьевич,сержант,4,60
Алексеев Денис Олегович,лейтенант,5,48
Яковлев Михаил Андреевич,сержант,6,34
Соколов Илья Иванович,лейтенант,8,34
Соловьёв Матвей Кириллович,капитан,12,46
Алексеев Евгений Павлович,прапорщик,9,54
Борисов Андрей Максимович,капитан,1,55
Андреев Максим Михайлович,рядовой,4,38
Борисов Степан Ильич,лейтенант,6,46
Степанов Константин Дмитриевич,майор,10,22
Алексеев Александр Романович,лейтенант,2,57
Новиков Никита Юрьевич,капитан,6,24
Петров Иван Максимович,прапорщик,9,18
Степанов Юрий Кириллович,майор,6,52
Зайцев Никита Ильич,капитан,2,42
Смирнов Алексей Викторович,майор,8,54
Кузнецов Максим Романович,лейтенант,8,39
Соловьёв Павел Сергеевич,полковник,1,53
Новиков Олег Викторович,майор,9,55
Зайцев Евгений Викторович,рядовой,9,40
Захаров Андрей Павлович,сержант,8,37
Кочергин Михаил Сергеевич,полковник,7,56
Сидоров Роман Алексеевич,прапорщик,5,41
Яковлев Кирилл Кириллович,лейтенант,11,18
Кочергин Степан Кириллович,лейтенант,2,57
Егоров Виктор Ильич,полковник,12,46
Морозов Матвей Алексеевич,рядовой,7,53
Михайлов Артём Олегович,прапорщик,2,42
Козлов Сергей Александрович,лейтенант,4,49
Захаров Андрей Иванович,прапорщик,11,54
Кузнецов Алексей Ильич,майор,10,48
Васильев Матвей Сергеевич,капитан,8,25
Сидоров Максим Олегович,лейтенант,6,45
Павлов Денис Дмитриевич,прапорщик,1,33
Иванов Роман Александрович,прапорщик,3,23
Макаров Степан Алексеевич,полковник,1,38
Лебедев Роман Дмитриевич,рядовой,11,48
Степанов Никита Александрович,рядовой,9,35
Попов Роман Олегович,капитан,4,26
Соколов Андрей Павлович,рядовой,1,53
Лебедев Евгений Максимович,рядовой,12,48
Михайлов Егор Кириллович,полковник,7,32
Попов Михаил Михайлович,прапорщик,10,56
Макаров Константин Дмитриевич,капитан,5,33
Васильев Никита Викторович,полковник,7,33
Орлов Андрей Ильич,рядовой,10,37
Никитин Артём Максимович,капитан,12,44
Кочергин Роман Андреевич,рядовой,5,59
Новиков Юрий Михайлович,капитан,2,27
Новиков Кирилл Павлович,сержант,12,42
Михайлов Константин Павлович,сержант,6,57
Козлов Егор Ильич,капитан,8,39
Лебедев Егор Алексеевич,лейтенант,9,43
Фёдоров Илья Викторович,капитан,6,25
Сидоров Павел Иванович,прапорщик,9,51
Захаров Роман Дмитриевич,сержант,4,60
Петров Алексей Андреевич,полковник,11,54
Лебедев Никита Павлович,рядовой,3,54
Захаров Степан Викторович,майор,6,30
Иванов Максим Алексеевич,полковник,7,31
Морозов Илья Иванович,лейтенант,2,20
Новиков Матвей Максимович,сержант,8,50
Макаров Олег Павлович,рядовой,2,36
Яковлев Иван Никитич,сержант,12,30
Павлов Егор Андреевич,майор,5,54
Яковлев Павел Максимович,капитан,2,31
Сидоров Степан Александрович,рядовой,1,28
Иванов Матвей Никитич,лейтенант,6,35
Попов Виктор Иванович,сержант,1,58
Кочергин Илья Дмитриевич,рядовой,11,51
Фёдоров Роман Павлович,прапорщик,6,42
Егоров Михаил Алексеевич,рядовой,8,49
Николаев Степан Максимович,прапорщик,6,18
Никитин Евгений Никитич,рядовой,4,43
Захаров Евгений Сергеевич,капитан,1,33
Павлов Сергей Максимович,прапорщик,2,59
Козлов Михаил Ильич,полковник,12,59
Васильев Артём Александрович,капитан,8,28
Андреев Кирилл Алексеевич,полковник,9,22
Лебедев Константин Павлович,майор,7,48
Соловьёв Иван Александрович,рядовой,5,34
Яковлев Олег Никитич,рядовой,12,45
Зайцев Сергей Иванович,майор,9,40
Зайцев Константин Иванович,сержант,1,20
Кузнецов Алексей Никитич,лейтенант,7,42
Николаев Иван Павлович,капитан,4,44
Фёдоров Артём Михайлович,прапорщик,12,57
Новиков Никита Максимович,прапорщик,4,45
Кузнецов Кирилл Сергеевич,лейтенант,7,37
Фёдоров Павел Олегович,рядовой,7,40
Иванов Кирилл Михайлович,сержант,1,51
Соловьёв Артём Олегович,капитан,2,29
Алексеев Виктор Романович,полковник,11,44
Сидоров Михаил Алексеевич,капитан,3,46
Кочергин Степан Романович,сержант,3,56
Андреев Дмитрий Кириллович,капитан,7,59
Сидоров Сергей Иванович,прапорщик,1,42
Никитин Андрей Романович,лейтенант,6,35
Фёдоров Андрей Павлович,прапорщик,3,57
Сидоров Роман Дмитриевич,капитан,10,60
Семёнов Павел Александрович,сержант,4,36
Лебедев Роман Викторович,полковник,1,56
Андреев Дмитрий Александрович,майор,11,25
Козлов Максим Викторович,капитан,9,37
Сидоров Олег Алексеевич,полковник,10,18
Никитин Роман Максимович,майор,6,59
Лебедев Александр Ильич,полковник,7,49
Петров Степан Алексеевич,прапорщик,11,29
Васильев Егор Кириллович,полковник,9,27
Яковлев Павел Ильич,майор,5,59
Лебедев Павел Викторович,рядовой,9,54
Макаров Степан Олегович,майор,12,22
Иванов Виктор Никитич,сержант,6,38
Николаев Евгений Олегович,капитан,9,33
Макаров Михаил Дмитриевич,майор,5,28
Кочергин Олег Павлович,прапорщик,8,46
Соловьёв Виктор Ильич,сержант,4,49
Иванов Егор Максимович,прапорщик,4,51
Андреев Михаил Алексеевич,майор,4,51
Борисов Роман Алексеевич,майор,7,57
Павлов Олег Романович,майор,2,55
Фёдоров Степан Иванович,полковник,12,59
Борисов Егор Иванович,лейтенант,2,20
Соловьёв Илья Иванович,прапорщик,12,55
Васильев Роман Кириллович,прапорщик,5,54
Фёдоров Иван Юрьевич,сержант,3,60
Алексеев Олег Александрович,полковник,8,53
Яковлев Константин Павлович,сержант,5,36
Фёдоров Никита Дмитриевич,сержант,5,29
Зайцев Кирилл Алексеевич,капитан,5,22
Смирнов Артём Алексеевич,сержант,9,41
Зайцев Матвей Ильич,прапорщик,10,52
Соловьёв Виктор Михайлович,лейтенант,11,22
Яковлев Павел Иванович,лейтенант,10,49
Зайцев Алексей Юрьевич,майор,1,56
Макаров Сергей Андреевич,полковник,5,48
Фёдоров Максим Кириллович,прапорщик,5,21
Павлов Евгений Кириллович,рядовой,8,20
Захаров Илья Викторович,сержант,12,30
Степанов Павел Сергеевич,майор,6,55
Семёнов Илья Сергеевич,капитан,6,33
Михайлов Степан Иванович,лейтенант,2,47
Соловьёв Илья Юрьевич,капитан,10,57
Яковлев Роман Михайлович,сержант,2,45
Орлов Дмитрий Романович,прапорщик,11,50
Егоров Олег Андреевич,майор,4,43
Иванов Алексей Андреевич,майор,10,54
Павлов Артём Алексеевич,лейтенант,7,21
Николаев Сергей Олегович,лейтенант,3,19
Макаров Александр Андреевич,полковник,10,47
Степанов Виктор Ильич,прапорщик,9,56
Никитин Кирилл Павлович,полковник,7,60
Петров Максим Дмитриевич,майор,10,40
Васильев Сергей Юрьевич,сержант,9,39
Соловьёв Артём Дмитриевич,полковник,6,58
Семёнов Павел Ильич,рядовой,4,33
Кочергин Алексей Андреевич,рядовой,9,51
Степанов Евгений Александрович,полковник,3,51
Семёнов Иван Иванович,прапорщик,1,34
Лебедев Александр Павлович,прапорщик,8,24
Васильев Роман Викторович,прапорщик,4,30
Егоров Роман Юрьевич,прапорщик,12,57
Сидоров Алексей Дмитриевич,полковник,7,32
Новиков Константин Александрович,прапорщик,8,59
Попов Роман Ильич,прапорщик,11,48
Сидоров Олег Романович,рядовой,8,44
Соколов Денис Максимович,прапорщик,10,56
Семёнов Роман Романович,капитан,2,28
Сидоров Артём Александрович,майор,8,23
Степанов Денис Кириллович,майор,8,19
Зайцев Матвей Сергеевич,капитан,7,37
Попов Андрей Максимович,рядовой,2,49
Кузнецов Евгений Олегович,рядовой,4,45
Никитин Денис Романович,полковник,10,20
Михайлов Максим Никитич,лейтенант,2,36
Алексеев Роман Андреевич,прапорщик,4,34
Николаев Кирилл Максимович,сержант,1,31
Соловьёв Андрей Олегович,сержант,9,34
Яковлев Виктор Александрович,прапорщик,11,20
Сидоров Андрей Романович,капитан,3,21
Кузнецов Артём Максимович,лейтенант,6,60
Фёдоров Максим Иванович,капитан,2,40
Лебедев Константин Юрьевич,прапорщик,9,18
Лебедев Алексей Павлович,майор,2,25
Семёнов Иван Павлович,майор,7,37
Яковлев Дмитрий Никитич,полковник,10,46
Семёнов Михаил Сергеевич,прапорщик,7,36
Орлов Евгений Романович,майор,2,41
Семёнов Юрий Сергеевич,лейтенант,7,26
Козлов Павел Сергеевич,прапорщик,7,41
Козлов Юрий Иванович,лейтенант,12,41
Соловьёв Роман Сергеевич,прапорщик,7,60
Семёнов Константин Алексеевич,лейтенант,2,37
Егоров Степан Александрович,майор,9,41
Макаров Сергей Алексеевич,майор,8,20
Иванов Дмитрий Ильич,лейтенант,2,27
Смирнов Алексей Иванович,полковник,10,50
Яковлев Сергей Олегович,полковник,9,46
Петров Матвей Максимович,рядовой,2,42
Кузнецов Евгений Юрьевич,майор,3,52
Иванов Константин Романович,рядовой,10,59
Иванов Александр Алексеевич,рядовой,5,54
Макаров Юрий Сергеевич,рядовой,10,41
Андреев Денис Викторович,рядовой,4,44
Степанов Егор Михайлович,полковник,10,31
Попов Артём Максимович,сержант,1,22
Петров Денис Михайлович,майор,8,49
Михайлов Евгений Викторович,капитан,5,26
Сидоров Илья Александрович,капитан,8,60
Смирнов Алексей Максимович,полковник,7,32
Козлов Иван Павлович,капитан,11,51
Козлов Сергей Павлович,сержант,4,31
Новиков Михаил Максимович,капитан,3,38
Захаров Юрий Иванович,сержант,5,44
Васильев Артём Сергеевич,рядовой,4,25
Попов Илья Кириллович,лейтенант,4,41
Егоров Иван Михайлович,лейтенант,8,28
Фёдоров Павел Дмитриевич,капитан,10,18
Кузнецов Дмитрий Максимович,лейтенант,1,51
Андреев Виктор Дмитриевич,капитан,10,33
Макаров Артём Викторович,лейтенант,1,25
Сидоров Никита Александрович,прапорщик,2,44
Козлов Сергей Дмитриевич,полковник,10,53
Попов Егор Алексеевич,рядовой,3,22
Сидоров Михаил Михайлович,майор,12,32
Иванов Кирилл Андреевич,рядовой,9,50
Яковлев Дмитрий Дмитриевич,майор,4,41
Михайлов Михаил Кириллович,лейтенант,4,27
Алексеев Андрей Иванович,сержант,12,52
Кочергин Иван Александрович,полковник,5,51
Андреев Евгений Андреевич,майор,7,44
Яковлев Сергей Кириллович,капитан,12,44
Кочергин Илья Ильич,прапорщик,7,30
Андреев Олег Романович,сержант,12,58
Новиков Кирилл Максимович,сержант,5,33
Морозов Александр Никитич,рядовой,5,42
Николаев Иван Иванович,сержант,8,23
Попов Степан Павлович,капитан,8,27
Морозов Виктор Ильич,прапорщик,6,36
Захаров Максим Ильич,капитан,4,39
Семёнов Артём Александрович,капитан,12,18
Захаров Егор Кириллович,майор,6,50
Орлов Дмитрий Ильич,прапорщик,12,38
Фёдоров Александр Павлович,полковник,11,52
Андреев Степан Олегович,рядовой,2,54
Захаров Виктор Сергеевич,сержант,11,20
Соловьёв Максим Сергеевич,лейтенант,11,20
Козлов Михаил Никитич,капитан,7,30
Яковлев Степан Юрьевич,сержант,8,30
Семёнов Александр Иванович,рядовой,2,31
Кузнецов Егор Кириллович,прапорщик,6,57
Борисов Денис Александрович,полковник,6,23
Михайлов Кирилл Михайлович,майор,10,36
Попов Роман Ильич,полковник,6,57
Зайцев Иван Максимович,капитан,12,34
Козлов Алексей Юрьевич,полковник,11,46
Семёнов Виктор Романович,капитан,6,22
Фёдоров Константин Максимович,полковник,4,29
Иванов Олег Иванович,капитан,10,50
Фёдоров Илья Викторович,сержант,2,58
Морозов Сергей Дмитриевич,полковник,10,50
Зайцев Роман Михайлович,прапорщик,12,56
Иванов Михаил Сергеевич,рядовой,2,34
Соколов Сергей Дмитриевич,капитан,9,34
Соловьёв Егор Викторович,капитан,9,18
Никитин Константин Сергеевич,лейтенант,11,27
Никитин Александр Андреевич,майор,4,24
Васильев Кирилл Александрович,сержант,5,56
Михайлов Дмитрий Александрович,майор,11,58
Козлов Сергей Ильич,майор,12,58
Иванов Константин Алексеевич,прапорщик,5,29
Смирнов Андрей Александрович,сержант,3,46
Степанов Степан Александрович,сержант,8,50
Степанов Сергей Юрьевич,майор,11,36
Егоров Никита Олегович,сержант,4,35
Сидоров Павел Ильич,прапорщик,2,30
Смирнов Андрей Дмитриевич,рядовой,11,18
Егоров Михаил Ильич,прапорщик,4,47
Степанов Олег Викторович,полковник,5,48
Морозов Иван Максимович,прапорщик,7,22
Павлов Юрий Алексеевич,майор,5,25
Егоров Александр Александрович,сержант,9,26
Никитин Кирилл Андреевич,сержант,6,19
Попов Олег Ильич,сержант,11,46
Лебедев Юрий Андреевич,полковник,6,40
Фёдоров Сергей Андреевич,лейтенант,12,30
Лебедев Юрий Олегович,прапорщик,9,29
Яковлев Иван Михайлович,рядовой,11,45
Козлов Михаил Ильич,прапорщик,8,54
Фёдоров Илья Олегович,сержант,5,46
Степанов Кирилл Романович,капитан,1,60
Орлов Евгений Максимович,капитан,5,36
Лебедев Матвей Юрьевич,лейтенант,12,41
Петров Максим Александрович,майор,9,36
Семёнов Артём Викторович,рядовой,12,54
Павлов Кирилл Ильич,полковник,6,53
Михайлов Максим Алексеевич,полковник,9,35
Петров Павел Максимович,капитан,11,35
Новиков Кирилл Никитич,полковник,8,27
Кузнецов Виктор Алексеевич,капитан,7,34
Павлов Евгений Ильич,майор,1,22
Николаев Артём Ильич,прапорщик,11,18
Соколов Андрей Викторович,полковник,6,30
Захаров Никита Дмитриевич,капитан,3,19
Попов Максим Никитич,рядовой,10,44
Николаев Матвей Михайлович,майор,6,45
Новиков Олег Романович,полковник,6,23
Иванов Виктор Кириллович,майор,9,21
Зайцев Иван Ильич,полковник,8,18
Попов Михаил Юрьевич,сержант,8,54
Михайлов Степан Иванович,майор,10,39
Алексеев Иван Павлович,лейтенант,7,50
Лебедев Артём Алексеевич,сержант,5,36
Семёнов Степан Никитич,прапорщик,7,54
Кочергин Денис Кириллович,полковник,1,60
Николаев Степан Алексеевич,рядовой,4,60
Андреев Сергей Ильич,майор,1,44
Яковлев Михаил Кириллович,прапорщик,3,49
Кузнецов Юрий Алексеевич,майор,4,40
Николаев Никита Олегович,майор,12,36
Кочергин Александр Романович,рядовой,1,50
Новиков Никита Кириллович,лейтенант,7,39
Морозов Илья Алексеевич,лейтенант,6,32
Николаев Денис Иванович,майор,12,22
Зайцев Никита Михайлович,лейтенант,4,52
Орлов Александр Ильич,майор,8,30
Орлов Илья Андреевич,майор,9,51
Иванов Александр Кириллович,сержант,3,48
Орлов Кирилл Андреевич,рядовой,9,19
Иванов Константин Дмитриевич,полковник,9,19
Михайлов Артём Романович,полковник,2,43
Яковлев Константин Романович,сержант,11,26
Семёнов Иван Александрович,рядовой,9,40
Орлов Константин Дмитриевич,капитан,10,32
Никитин Алексей Андреевич,сержант,9,59
Соколов Дмитрий Олегович,майор,10,38
Морозов Илья Сергеевич,лейтенант,2,35
Степанов Денис Павлович,лейтенант,10,19
Васильев Александр Михайлович,рядовой,2,26
Кузнецов Егор Кириллович,лейтенант,3,29
Борисов Павел Олегович,лейтенант,12,46
Соловьёв Артём Михайлович,капитан,12,49
Кочергин Виктор Андреевич,рядовой,4,49
Павлов Денис Андреевич,лейтенант,5,18
Козлов Артём Алексеевич,лейтенант,2,24
Сидоров Артём Алексеевич,лейтенант,9,38
Морозов Андрей Сергеевич,сержант,4,45
Степанов Алексей Юрьевич,майор,9,56
Морозов Роман Андреевич,майор,8,33
Михайлов Матвей Павлович,капитан,3,57
Егоров Матвей Кириллович,рядовой,2,22
Павлов Александр Максимович,лейтенант,8,51
Борисов Евгений Романович,майор,5,24
Иванов Матвей Михайлович,прапорщик,2,43
Орлов Сергей Александрович,рядовой,10,32
Сидоров Денис Романович,сержант,8,53
Козлов Андрей Дмитриевич,прапорщик,10,19
Морозов Денис Никитич,майор,5,36
Захаров Евгений Александрович,капитан,9,18
Попов Павел Кириллович,сержант,1,38
Сидоров Денис Олегович,сержант,10,27
Макаров Денис Кириллович,рядовой,11,36
Михайлов Евгений Александрович,полковник,4,42
Морозов Кирилл Романович,полковник,12,50
Егоров Олег Дмитриевич,полковник,3,33
Захаров Роман Александрович,майор,6,29
Андреев Никита Викторович,капитан,9,49
Кочергин Иван Павлович,рядовой,3,47
Макаров Юрий Кириллович,рядовой,10,57
Смирнов Роман Никитич,майор,11,37
Новиков Денис Андреевич,прапорщик,12,35
Зайцев Алексей Дмитриевич,сержант,6,19
Попов Сергей Ильич,рядовой,2,47
Михайлов Алексей Ильич,лейтенант,1,36
Никитин Александр Дмитриевич,полковник,10,31
Иванов Юрий Алексеевич,лейтенант,5,53
Семёнов Александр Ильич,майор,11,37
Петров Роман Андреевич,полковник,2,44
Сидоров Юрий Алексеевич,капитан,2,23
Андреев Кирилл Максимович,капитан,3,26
Петров Степан Павлович,капитан,9,49
Орлов Павел Андреевич,майор,11,27
Васильев Виктор Никитич,капитан,10,21
Соловьёв Денис Сергеевич,майор,9,22
Соловьёв Константин Сергеевич,полковник,7,52
Фёдоров Максим Ильич,сержант,11,33
Орлов Дмитрий Ильич,майор,8,34
Лебедев Алексей Михайлович,лейтенант,9,58
Соколов Евгений Олегович,капитан,8,33
Павлов Юрий Ильич,сержант,7,34
Борисов Иван Юрьевич,лейтенант,8,45
Егоров Кирилл Кириллович,капитан,9,20
Попов Павел Никитич,капитан,3,50
Васильев Дмитрий Кириллович,лейтенант,5,58
Козлов Никита Павлович,лейтенант,1,50
Морозов Егор Александрович,майор,7,49
Петров Александр Сергеевич,рядовой,12,54
Васильев Александр Алексеевич,рядовой,1,49
Павлов Никита Романович,полковник,1,48
Павлов Роман Кириллович,сержант,10,43
Зайцев Кирилл Олегович,полковник,4,52
Андреев Алексей Дмитриевич,сержант,8,60
Кочергин Алексей Сергеевич,прапорщик,12,32
Алексеев Матвей Александрович,сержант,6,31
Захаров Дмитрий Максимович,рядовой,4,23
Егоров Артём Кириллович,капитан,1,55
Захаров Илья Ильич,сержант,5,20
Морозов Дмитрий Юрьевич,лейтенант,4,38
Яковлев Никита Никитич,капитан,9,32
Степанов Денис Дмитриевич,полковник,11,29
Соловьёв Иван Максимович,сержант,1,33
Семёнов Дмитрий Дмитриевич,полковник,4,35
Кузнецов Алексей Ильич,капитан,3,44
Соколов Иван Иванович,прапорщик,9,32
Яковлев Роман Михайлович,рядовой,8,46
Андреев Илья Кириллович,полковник,5,28
Петров Максим Александрович,полковник,2,31
Алексеев Евгений Дмитриевич,прапорщик,8,22
Новиков Кирилл Юрьевич,сержант,8,56
Яковлев Дмитрий Ильич,сержант,11,50
Морозов Артём Никитич,рядовой,6,25
Соловьёв Алексей Сергеевич,майор,2,28
Лебедев Виктор Андреевич,полковник,6,58
Павлов Константин Павлович,капитан,11,52
Петров Егор Олегович,капитан,8,49
Васильев Матвей Юрьевич,прапорщик,6,33
Никитин Максим Иванович,прапорщик,3,41
Алексеев Сергей Алексеевич,прапорщик,11,33
Алексеев Максим Дмитриевич,майор,8,45
Зайцев Илья Ильич,майор,8,32
Смирнов Михаил Александрович,капитан,1,37
Иванов Евгений Никитич,прапорщик,6,36
Николаев Алексей Александрович,сержант,12,60
Макаров Павел Сергеевич,полковник,11,54
Иванов Олег Юрьевич,лейтенант,9,28
Борисов Кирилл Алексеевич,лейтенант,4,42
Яковлев Юрий Ильич,полковник,12,32
Попов Михаил Кириллович,майор,12,30
Смирнов Юрий Павлович,майор,2,25
Орлов Павел Сергеевич,майор,4,57
Захаров Сергей Сергеевич,капитан,11,37
Павлов Матвей Иванович,капитан,5,37
Новиков Олег Дмитриевич,сержант,8,22
Морозов Юрий Никитич,капитан,1,56
Никитин Виктор Дмитриевич,майор,6,59
Орлов Егор Максимович,полковник,6,23
Никитин Павел Алексеевич,сержант,2,34
Новиков Виктор Кириллович,майор,7,49
Борисов Андрей Олегович,сержант,11,22
Лебедев Илья Алексеевич,лейтенант,5,37
Степанов Иван Максимович,капитан,5,40
Алексеев Алексей Викторович,лейтенант,12,32
Алексеев Андрей Олегович,лейтенант,4,22
Морозов Евгений Павлович,прапорщик,5,38
Макаров Павел Иванович,рядовой,8,60
Фёдоров Максим Романович,рядовой,6,59
Васильев Егор Александрович,рядовой,1,37
Соловьёв Сергей Никитич,рядовой,7,43
Козлов Никита Михайлович,прапорщик,6,19
Никитин Никита Максимович,капитан,10,43
Зайцев Матвей Максимович,сержант,3,49
Егоров Кирилл Иванович,полковник,12,26
Зайцев Артём Александрович,майор,4,56
Иванов Роман Александрович,сержант,7,60
Михайлов Константин Александрович,майор,7,20
Макаров Михаил Олегович,прапорщик,12,20
Кочергин Егор Павлович,майор,2,54
Егоров Сергей Александрович,рядовой,7,53
Попов Артём Ильич,прапорщик,8,26
Петров Кирилл Алексеевич,сержант,7,40
Соколов Сергей Олегович,прапорщик,9,25
Морозов Олег Ильич,сержант,3,26
Степанов Максим Иванович,сержант,3,40
Соловьёв Юрий Михайлович,сержант,10,54
Фёдоров Степан Сергеевич,капитан,5,41
Кузнецов Павел Кириллович,сержант,7,22
Михайлов Виктор Алексеевич,сержант,7,32
Николаев Сергей Александрович,капитан,11,18
Захаров Степан Александрович,капитан,8,24
Николаев Максим Павлович,майор,1,37
Сидоров Сергей Михайлович,сержант,6,23
Фёдоров Виктор Дмитриевич,рядовой,10,28
Петров Максим Сергеевич,полковник,9,33
Сидоров Егор Павлович,рядовой,7,56
Иванов Денис Дмитриевич,рядовой,11,30
Козлов Денис Романович,прапорщик,2,23
Кочергин Константин Иванович,рядовой,3,29
Павлов Егор Максимович,полковник,2,25
Орлов Андрей Михайлович,прапорщик,7,39
Павлов Александр Александрович,майор,1,29
Попов Андрей Дмитриевич,майор,1,42
Павлов Евгений Юрьевич,прапорщик,12,54
Борисов Никита Максимович,капитан,3,42
Кузнецов Кирилл Кириллович,лейтенант,8,44
Макаров Илья Дмитриевич,прапорщик,8,53
Морозов Матвей Никитич,полковник,1,36
Яковлев Олег Викторович,полковник,5,49
Никитин Михаил Максимович,капитан,7,25
Борисов Евгений Сергеевич,сержант,5,36
Лебедев Максим Максимович,капитан,11,36
Николаев Роман Иванович,рядовой,4,23
Андреев Евгений Олегович,полковник,2,50
Кузнецов Илья Олегович,лейтенант,7,58
Андреев Михаил Павлович,сержант,3,53
Алексеев Виктор Олегович,прапорщик,6,48
Николаев Виктор Иванович,лейтенант,8,27
Борисов Иван Максимович,капитан,1,27
Зайцев Константин Дмитриевич,полковник,5,20
Андреев Матвей Викторович,рядовой,4,27
Морозов Константин Михайлович,сержант,12,40
Козлов Павел Дмитриевич,капитан,12,22
Васильев Александр Михайлович,рядовой,12,19
Захаров Олег Викторович,лейтенант,12,43
Борисов Артём Павлович,прапорщик,8,33
Андреев Сергей Павлович,майор,9,32
Орлов Константин Павлович,сержант,2,40
Сидоров Кирилл Александрович,прапорщик,6,34
Борисов Константин Алексеевич,майор,9,48
Фёдоров Константин Ильич,сержант,8,27
Иванов Александр Иванович,сержант,10,45
Соловьёв Артём Кириллович,полковник,12,50
Павлов Дмитрий Павлович,сержант,4,39
Орлов Илья Иванович,капитан,8,28
Николаев Никита Дмитриевич,рядовой,7,43
Кузнецов Павел Михайлович,прапорщик,4,27
Никитин Евгений Олегович,майор,5,36
Фёдоров Павел Андреевич,прапорщик,9,28
Попов Артём Юрьевич,сержант,3,59
Семёнов Евгений Михайлович,полковник,6,23
Зайцев Максим Максимович,сержант,6,35
Сидоров Максим Юрьевич,майор,12,55
Михайлов Виктор Дмитриевич,майор,10,48
Орлов Иван Алексеевич,майор,8,19
Лебедев Юрий Кириллович,лейтенант,12,38
Алексеев Сергей Иванович,майор,1,60
Сидоров Артём Алексеевич,прапорщик,3,57
Степанов Иван Никитич,лейтенант,9,24
Кочергин Олег Андреевич,рядовой,3,22
Морозов Сергей Сергеевич,прапорщик,8,36
Андреев Евгений Андреевич,лейтенант,9,34
Семёнов Егор Романович,прапорщик,6,27
Андреев Андрей Александрович,майор,10,43
Егоров Виктор Сергеевич,сержант,11,19
Борисов Илья Кириллович,рядовой,5,42
Макаров Степан Кириллович,рядовой,3,58
Макаров Евгений Алексеевич,рядовой,5,49
Иванов Виктор Максимович,лейтенант,6,60
Сидоров Сергей Алексеевич,прапорщик,5,38
Никитин Олег Павлович,полковник,6,52
Борисов Егор Александрович,прапорщик,6,32
Орлов Илья Олегович,рядовой,12,27
Кузнецов Константин Алексеевич,рядовой,8,26
Соколов Никита Никитич,рядовой,5,32
Сидоров Алексей Сергеевич,сержант,11,44
Попов Виктор Викторович,капитан,2,39
Лебедев Степан Романович,майор,1,26
Орлов Евгений Сергеевич,сержант,5,37
Козлов Егор Ильич,майор,8,55
Лебедев Степан Сергеевич,прапорщик,3,49
Николаев Денис Олегович,лейтенант,12,30
Петров Кирилл Романович,прапорщик,12,45
Смирнов Матвей Иванович,рядовой,12,43
Зайцев Денис Александрович,рядовой,7,49
Соколов Алексей Сергеевич,капитан,3,60
Кочергин Олег Александрович,полковник,4,42
Иванов Илья Олегович,сержант,6,56
Фёдоров Павел Викторович,полковник,2,28
Андреев Кирилл Викторович,прапорщик,9,31
Макаров Виктор Михайлович,майор,12,45
Васильев Роман Сергеевич,капитан,7,29
Иванов Степан Павлович,сержант,12,56
Иванов Алексей Романович,капитан,1,42
Смирнов Степан Викторович,рядовой,12,44
Козлов Денис Никитич,лейтенант,3,47
Андреев Павел Иванович,полковник,3,19
Лебедев Олег Юрьевич,сержант,8,43
Зайцев Степан Иванович,капитан,3,35
Фёдоров Илья Никитич,рядовой,4,33
Яковлев Александр Никитич,прапорщик,3,45
Павлов Денис Иванович,лейтенант,3,45
Николаев Павел Александрович,лейтенант,9,35
Козлов Денис Сергеевич,полковник,5,53
Морозов Михаил Сергеевич,сержант,8,58
Михайлов Матвей Алексеевич,полковник,11,18
Никитин Евгений Иванович,полковник,10,41
Сидоров Сергей Андреевич,сержант,7,59
Новиков Евгений Александрович,рядовой,12,51
Яковлев Алексей Андреевич,лейтенант,3,36
Яковлев Виктор Кириллович,сержант,11,33
Соловьёв Артём Никитич,сержант,9,56
Николаев Алексей Романович,полковник,7,34
Яковлев Евгений Сергеевич,лейтенант,4,28
Михайлов Илья Олегович,капитан,8,24
Никитин Константин Михайлович,капитан,3,31
Новиков Павел Михайлович,капитан,11,26
Алексеев Александр Сергеевич,прапорщик,3,41
Алексеев Михаил Иванович,полковник,5,55
Смирнов Денис Викторович,полковник,8,40
Иванов Константин Андреевич,сержант,5,32
Соловьёв Виктор Кириллович,рядовой,1,29
Кочергин Илья Викторович,майор,10,39
Макаров Егор Иванович,сержант,10,47
Семёнов Степан Иванович,лейтенант,1,39
Захаров Сергей Сергеевич,рядовой,2,57
Новиков Никита Павлович,сержант,2,33
Захаров Артём Михайлович,сержант,8,49
Яковлев Матвей Александрович,капитан,5,27
Яковлев Павел Михайлович,сержант,10,34
Захаров Андрей Иванович,сержант,2,56
Лебедев Дмитрий Романович,сержант,12,21
Михайлов Константин Дмитриевич,майор,12,23
Зайцев Матвей Кириллович,прапорщик,11,58
Макаров Павел Михайлович,майор,5,49
Андреев Андрей Андреевич,прапорщик,2,60
Никитин Денис Сергеевич,сержант,9,45
Морозов Юрий Викторович,сержант,8,35
Захаров Степан Романович,полковник,8,44
Семёнов Матвей Никитич,полковник,9,28
Павлов Никита Олегович,майор,1,26
Яковлев Егор Алексеевич,капитан,7,47
Алексеев Александр Максимович,прапорщик,1,45
Захаров Константин Павлович,капитан,7,26
Орлов Иван Иванович,рядовой,7,28
Сидоров Олег Иванович,рядовой,3,20
Морозов Матвей Сергеевич,рядовой,12,37
Васильев Иван Максимович,капитан,10,27
Козлов Кирилл Алексеевич,прапорщик,3,41
Михайлов Юрий Никитич,капитан,8,36
Яковлев Никита Дмитриевич,капитан,3,34
Козлов Матвей Олегович,рядовой,8,28
Васильев Максим Алексеевич,полковник,5,48
Павлов Денис Ильич,майор,7,49
Николаев Егор Павлович,рядовой,11,27
Кочергин Юрий Дмитриевич,сержант,12,58
Николаев Константин Никитич,капитан,11,28
Захаров Матвей Дмитриевич,рядовой,5,47
Егоров Олег Сергеевич,сержант,10,28
Соколов Илья Алексеевич,майор,1,56
Никитин Илья Юрьевич,майор,1,39
Семёнов Сергей Олегович,сержант,12,38
Кочергин Константин Олегович,капитан,7,43
Степанов Виктор Иванович,сержант,8,19
Михайлов Александр Романович,сержант,12,31
Степанов Илья Алексеевич,майор,7,38
Николаев Артём Павлович,прапорщик,5,48
Михайлов Матвей Романович,лейтенант,12,33
Михайлов Максим Павлович,полковник,12,44
Михайлов Андрей Андреевич,полковник,11,19
Соколов Сергей Андреевич,капитан,1,18
Петров Евгений Иванович,сержант,1,59
Иванов Кирилл Олегович,майор,9,28
Орлов Иван Юрьевич,лейтенант,3,54
Захаров Максим Викторович,капитан,8,36
Васильев Евгений Олегович,полковник,10,44
Зайцев Алексей Никитич,сержант,5,53
Попов Виктор Андреевич,рядовой,2,48
Фёдоров Павел Никитич,полковник,8,41
Сидоров Дмитрий Никитич,лейтенант,3,39
Павлов Илья Сергеевич,рядовой,2,47
Петров Максим Никитич,майор,3,30
Николаев Михаил Кириллович,рядовой,12,51
Васильев Иван Дмитриевич,полковник,4,34
Михайлов Денис Кириллович,лейтенант,8,48
Захаров Егор Алексеевич,прапорщик,3,52
Павлов Сергей Павлович,сержант,2,20
Соколов Иван Викторович,прапорщик,3,37
Николаев Виктор Кириллович,капитан,11,56
Лебедев Александр Михайлович,сержант,9,58
Макаров Матвей Никитич,рядовой,7,33
Степанов Юрий Алексеевич,капитан,5,57
Иванов Егор Андреевич,полковник,6,25
Степанов Виктор Иванович,полковник,9,36
Семёнов Роман Олегович,лейтенант,7,38
Фёдоров Михаил Никитич,майор,2,60
Зайцев Илья Дмитриевич,полковник,1,52
Фёдоров Роман Дмитриевич,прапорщик,11,39
Михайлов Михаил Юрьевич,полковник,8,52
Кузнецов Илья Юрьевич,полковник,12,35
Сидоров Максим Ильич,полковник,6,49
Степанов Егор Юрьевич,сержант,7,33
Семёнов Артём Кириллович,прапорщик,12,40
Орлов Юрий Романович,прапорщик,11,34
Зайцев Виктор Павлович,рядовой,4,26
Петров Михаил Никитич,сержант,1,36
Соколов Артём Дмитриевич,прапорщик,4,44
Козлов Андрей Алексеевич,полковник,1,19
Соловьёв Алексей Романович,капитан,3,28
Сидоров Никита Алексеевич,лейтенант,1,22
Иванов Евгений Максимович,полковник,6,41
Павлов Егор Олегович,рядовой,5,21
Никитин Максим Никитич,лейтенант,5,20
Новиков Алексей Олегович,рядовой,1,31
Михайлов Сергей Алексеевич,капитан,6,18
Орлов Никита Сергеевич,полковник,1,33
Павлов Максим Кириллович,полковник,11,31
Кочергин Степан Романович,рядовой,4,24
Павлов Кирилл Алексеевич,капитан,6,43
Орлов Алексей Сергеевич,майор,2,45
Борисов Виктор Михайлович,сержант,7,18
Захаров Егор Андреевич,прапорщик,2,49
Николаев Олег Юрьевич,лейтенант,10,57
Егоров Павел Юрьевич,рядовой,9,33
Никитин Егор Павлович,рядовой,5,28
Алексеев Кирилл Михайлович,лейтенант,11,21
Николаев Степан Юрьевич,прапорщик,8,43
Соловьёв Алексей Викторович,полковник,8,36
Никитин Виктор Андреевич,прапорщик,5,19
Кочергин Максим Кириллович,капитан,5,30
Иванов Дмитрий Андреевич,полковник,8,33
Смирнов Сергей Юрьевич,капитан,8,57
Андреев Александр Дмитриевич,капитан,2,19
Кочергин Дмитрий Алексеевич,капитан,3,39
Борисов Олег Сергеевич,полковник,5,20
Соколов Роман Никитич,майор,9,59
Степанов Максим Юрьевич,полковник,9,39
Андреев Матвей Романович,сержант,8,49
Иванов Михаил Кириллович,майор,2,38
Соловьёв Алексей Максимович,майор,1,18
Сидоров Алексей Дмитриевич,лейтенант,10,22
Соколов Павел Никитич,прапорщик,1,20
Семёнов Роман Ильич,рядовой,9,53
Кузнецов Евгений Алексеевич,прапорщик,7,25
Никитин Иван Кириллович,прапорщик,10,18
Андреев Павел Михайлович,майор,11,20
Козлов Никита Никитич,рядовой,8,20
Соловьёв Андрей Викторович,полковник,4,43
Козлов Андрей Павлович,лейтенант,11,37
Павлов Константин Ильич,полковник,8,50
Смирнов Сергей Андреевич,майор,3,22
Павлов Никита Александрович,майор,12,31
Соловьёв Матвей Александрович,прапорщик,6,29
Егоров Олег Иванович,сержант,6,53
Кузнецов Дмитрий Викторович,прапорщик,2,51
Кочергин Кирилл Сергеевич,капитан,1,27
Сидоров Александр Ильич,полковник,3,40
Андреев Илья Олегович,прапорщик,7,26
Орлов Никита Сергеевич,сержант,2,28
Захаров Михаил Викторович,полковник,9,48
Алексеев Матвей Юрьевич,прапорщик,2,48
Зайцев Евгений Сергеевич,прапорщик,11,24
Павлов Евгений Иванович,лейтенант,6,46
Алексеев Егор Алексеевич,полковник,11,21
Павлов Константин Юрьевич,прапорщик,10,50
Кочергин Михаил Юрьевич,лейтенант,2,28
Петров Степан Юрьевич,полковник,8,51
Соловьёв Илья Андреевич,майор,1,54
Кочергин Артём Павлович,полковник,1,47
Орлов Михаил Кириллович,капитан,8,43
Павлов Сергей Александрович,капитан,3,41
Егоров Дмитрий Сергеевич,полковник,8,37
Морозов Виктор Максимович,полковник,10,60
Орлов Александр Ильич,майор,3,57
Лебедев Кирилл Александрович,полковник,12,58
Павлов Никита Олегович,лейтенант,3,43
Кузнецов Максим Андреевич,капитан,9,24
Морозов Константин Максимович,рядовой,11,57
Николаев Роман Романович,капитан,10,34
Морозов Роман Андреевич,полковник,4,24
Кузнецов Сергей Максимович,прапорщик,11,39
Яковлев Евгений Павлович,капитан,11,37
Кузнецов Илья Кириллович,майор,3,28
Кузнецов Александр Викторович,прапорщик,11,23
Захаров Илья Александрович,лейтенант,8,58
Петров Максим Кириллович,сержант,11,23
Орлов Никита Сергеевич,полковник,5,42
Васильев Кирилл Олегович,полковник,4,56
Соколов Александр Алексеевич,майор,6,33
Борисов Андрей Максимович,майор,7,48
Сидоров Евгений Павлович,лейтенант,4,27
Козлов Михаил Михайлович,лейтенант,3,52
Андреев Иван Сергеевич,майор,12,31
Николаев Юрий Андреевич,лейтенант,1,57
Новиков Евгений Максимович,майор,1,27
Морозов Павел Максимович,полковник,10,60
Новиков Константин Максимович,майор,6,25
Алексеев Евгений Викторович,капитан,11,26
Андреев Максим Алексеевич,лейтенант,10,58
Лебедев Дмитрий Михайлович,лейтенант,4,49
Орлов Константин Иванович,майор,12,59
Васильев Евгений Андреевич,майор,1,56
Яковлев Роман Никитич,рядовой,3,29
Андреев Сергей Павлович,сержант,8,28
Николаев Максим Дмитриевич,лейтенант,1,47
Никитин Степан Дмитриевич,майор,7,47
Алексеев Денис Дмитриевич,полковник,2,36
Лебедев Олег Дмитриевич,сержант,10,49
Петров Егор Кириллович,рядовой,12,38
Захаров Сергей Кириллович,прапорщик,4,19
Захаров Денис Андреевич,полковник,8,57
Козлов Сергей Кириллович,сержант,11,31
Борисов Кирилл Павлович,сержант,4,21
Кочергин Олег Максимович,сержант,9,60
Борисов Илья Ильич,прапорщик,3,48
Петров Константин Александрович,майор,8,48
Никитин Кирилл Иванович,прапорщик,2,57
Кузнецов Илья Алексеевич,капитан,2,50
Соловьёв Сергей Иванович,рядовой,1,33
Павлов Денис Олегович,капитан,9,51
Сидоров Кирилл Максимович,рядовой,2,38
Борисов Александр Павлович,сержант,2,56
Яковлев Кирилл Алексеевич,майор,7,42
Зайцев Евгений Иванович,прапорщик,8,50
Николаев Юрий Олегович,прапорщик,10,37
Орлов Виктор Иванович,рядовой,2,55
Лебедев Павел Юрьевич,сержант,6,48
Смирнов Александр Викторович,прапорщик,11,47
Егоров Константин Романович,прапорщик,8,23
Алексеев Илья Викторович,рядовой,4,57
Попов Иван Павлович,лейтенант,12,40
Алексеев Кирилл Андреевич,майор,4,56
Егоров Денис Олегович,прапорщик,5,50
Морозов Алексей Андреевич,полковник,5,42
Смирнов Александр Юрьевич,капитан,5,27
Новиков Павел Дмитриевич,капитан,4,28
Семёнов Иван Викторович,капитан,12,47
Макаров Дмитрий Юрьевич,капитан,3,39
Никитин Михаил Романович,капитан,5,30
Соловьёв Андрей Иванович,сержант,11,27
Морозов Дмитрий Кириллович,сержант,9,41
Яковлев Евгений Олегович,рядовой,2,36
Степанов Павел Олегович,сержант,8,38
Андреев Юрий Дмитриевич,капитан,8,22
Егоров Денис Максимович,сержант,11,42
Михайлов Виктор Кириллович,рядовой,10,35
Кузнецов Константин Дмитриевич,капитан,10,51
Сидоров Олег Романович,сержант,8,21
Морозов Андрей Никитич,лейтенант,11,57
Орлов Михаил Ильич,лейтенант,2,43
Фёдоров Матвей Андреевич,прапорщик,5,59
Попов Матвей Александрович,капитан,2,21
Иванов Павел Иванович,майор,10,42
Семёнов Артём Максимович,майор,2,30
Кочергин Михаил Иванович,полковник,11,30
Кочергин Роман Дмитриевич,рядовой,12,22
Михайлов Евгений Алексеевич,полковник,7,60
Орлов Степан Олегович,прапорщик,6,37
Иванов Егор Дмитриевич,лейтенант,11,30
Алексеев Александр Романович,лейтенант,8,50
Смирнов Илья Олегович,капитан,4,54
Козлов Сергей Михайлович,лейтенант,9,54
Орлов Илья Дмитриевич,полковник,2,38
Морозов Юрий Михайлович,прапорщик,3,27
Егоров Сергей Максимович,капитан,1,55
Михайлов Павел Максимович,майор,6,31
Орлов Степан Сергеевич,капитан,1,28
Соловьёв Дмитрий Максимович,майор,7,26
Кузнецов Олег Сергеевич,капитан,10,32
Павлов Павел Сергеевич,сержант,1,18
Васильев Александр Ильич,капитан,9,57
Алексеев Никита Ильич,майор,3,53
Орлов Егор Романович,майор,4,56
Никитин Артём Сергеевич,сержант,5,23
Смирнов Олег Михайлович,капитан,9,51
Козлов Павел Ильич,сержант,2,33
Захаров Степан Олегович,прапорщик,4,34
Степанов Александр Кириллович,майор,4,25
Орлов Кирилл Иванович,прапорщик,8,24
Фёдоров Максим Викторович,рядовой,4,48
Петров Степан Олегович,капитан,10,28
Петров Алексей Юрьевич,прапорщик,1,59
Фёдоров Артём Ильич,майор,7,21
Яковлев Иван Ильич,сержант,12,44
Зайцев Андрей Олегович,полковник,7,56
Степанов Егор Романович,капитан,11,52
Яковлев Александр Романович,прапорщик,11,47
Кузнецов Егор Олегович,сержант,12,36
Захаров Матвей Павлович,лейтенант,9,19
Кузнецов Алексей Максимович,рядовой,7,57
Никитин Виктор Сергеевич,лейтенант,7,55
Михайлов Максим Александрович,лейтенант,11,38
Егоров Евгений Михайлович,сержант,12,59
Васильев Иван Кириллович,капитан,4,29
Андреев Олег Андреевич,полковник,12,20
Кузнецов Александр Александрович,сержант,8,50
Никитин Денис Михайлович,майор,12,25
Николаев Артём Никитич,капитан,3,50
Петров Денис Кириллович,полковник,11,60
Зайцев Егор Михайлович,майор,6,23
Смирнов Михаил Ильич,капитан,9,44
Лебедев Егор Павлович,прапорщик,2,53
Михайлов Кирилл Романович,полковник,11,40
Зайцев Андрей Андреевич,рядовой,7,27
Никитин Александр Никитич,майор,8,46
Андреев Андрей Павлович,лейтенант,2,49
Егоров Егор Никитич,рядовой,9,59
Фёдоров Степан Александрович,прапорщик,8,46
Захаров Максим Иванович,лейтенант,6,58
Семёнов Степан Иванович,прапорщик,2,24
Николаев Степан Викторович,полковник,5,21
Андреев Роман Александрович,рядовой,11,56
Николаев Илья Олегович,полковник,4,39
Захаров Андрей Алексеевич,сержант,6,28
Морозов Никита Сергеевич,полковник,4,53
Лебедев Андрей Олегович,лейтенант,7,36
Морозов Денис Кириллович,прапорщик,9,35
Никитин Матвей Кириллович,полковник,1,23
Козлов Максим Кириллович,лейтенант,4,32
Соловьёв Сергей Олегович,лейтенант,10,34
Соловьёв Иван Юрьевич,майор,12,18
Лебедев Роман Ильич,лейтенант,12,42
Кочергин Евгений Никитич,лейтенант,6,25
Яковлев Павел Алексеевич,полковник,3,29
Сидоров Матвей Викторович,прапорщик,9,26
Павлов Роман Андреевич,капитан,11,56
Степанов Илья Иванович,капитан,3,53
Николаев Сергей Сергеевич,капитан,8,27
Козлов Алексей Ильич,прапорщик,9,39
Сидоров Юрий Викторович,рядовой,2,50
Лебедев Юрий Михайлович,сержант,7,34
Никитин Кирилл Алексеевич,рядовой,9,43
Андреев Матвей Максимович,полковник,12,43
Лебедев Павел Романович,полковник,8,58
Николаев Александр Дмитриевич,рядовой,1,38
Соловьёв Константин Павлович,сержант,6,56
Петров Дмитрий Олегович,майор,5,46
Смирнов Юрий Романович,рядовой,6,37
Захаров Кирилл Максимович,рядовой,11,46
Козлов Дмитрий Ильич,прапорщик,11,36
Орлов Алексей Максимович,лейтенант,8,25
Никитин Роман Иванович,полковник,6,53
Соловьёв Иван Павлович,рядовой,5,51
Андреев Егор Андреевич,лейтенант,5,29
Сидоров Сергей Никитич,сержант,3,38
Андреев Павел Никитич,рядовой,11,28
Николаев Артём Александрович,прапорщик,8,33
Михайлов Роман Александрович,сержант,7,46
Алексеев Никита Никитич,майор,6,33
Новиков Андрей Александрович,полковник,12,19
Соловьёв Алексей Викторович,рядовой,5,43
Алексеев Виктор Романович,лейтенант,6,52
Зайцев Евгений Сергеевич,майор,2,19
Соловьёв Илья Юрьевич,рядовой,12,54
Попов Михаил Михайлович,полковник,3,43
Захаров Илья Александрович,рядовой,8,21
Кочергин Виктор Романович,полковник,7,47
Смирнов Сергей Максимович,лейтенант,9,48
Зайцев Дмитрий Кириллович,полковник,7,18
Алексеев Андрей Сергеевич,капитан,2,49
Кочергин Иван Юрьевич,капитан,11,21
Иванов Никита Кириллович,майор,2,30
Михайлов Михаил Никитич,прапорщик,2,43
Андреев Алексей Алексеевич,капитан,9,23
Алексеев Матвей Олегович,рядовой,6,36
Яковлев Юрий Кириллович,майор,8,49
Петров Виктор Никитич,прапорщик,6,18
Степанов Роман Никитич,майор,12,26
Васильев Андрей Павлович,капитан,11,38
Соколов Михаил Юрьевич,прапорщик,9,41
Андреев Артём Михайлович,рядовой,6,29
Новиков Степан Максимович,лейтенант,1,37
Смирнов Евгений Михайлович,капитан,4,50
Зайцев Андрей Александрович,майор,7,24
Лебедев Егор Дмитриевич,полковник,6,30
Зайцев Юрий Ильич,прапорщик,1,50
Николаев Алексей Алексеевич,майор,11,24
Кузнецов Михаил Иванович,майор,3,57
Кочергин Никита Михайлович,прапорщик,5,27
Иванов Никита Павлович,лейтенант,1,44
Андреев Андрей Никитич,майор,7,38
Смирнов Кирилл Олегович,лейтенант,12,31
Борисов Степан Романович,майор,7,52
Соловьёв Роман Викторович,капитан,12,58
Андреев Максим Михайлович,капитан,7,32
Яковлев Матвей Олегович,майор,3,32
Борисов Дмитрий Александрович,прапорщик,3,32
Фёдоров Сергей Андреевич,полковник,1,43
Николаев Алексей Викторович,прапорщик,10,41
Лебедев Евгений Алексеевич,рядовой,3,47
Никитин Константин Максимович,рядовой,4,34
Попов Егор Кириллович,рядовой,4,44
Кузнецов Дмитрий Алексеевич,капитан,12,44
Иванов Никита Михайлович,майор,11,55
Лебедев Андрей Алексеевич,сержант,8,47
Семёнов Алексей Павлович,сержант,5,52
Попов Денис Юрьевич,полковник,7,37
Макаров Александр Михайлович,майор,10,45
Николаев Павел Иванович,майор,10,41
Лебедев Сергей Никитич,лейтенант,4,50
Михайлов Виктор Ильич,полковник,1,57
Лебедев Матвей Викторович,майор,9,18
Алексеев Артём Максимович,лейтенант,9,56
Семёнов Евгений Кириллович,майор,6,45
Васильев Павел Алексеевич,прапорщик,3,55
Борисов Олег Максимович,майор,4,51
Семёнов Виктор Никитич,рядовой,2,43
Морозов Роман Александрович,капитан,10,20
Захаров Никита Сергеевич,рядовой,5,55
Зайцев Максим Кириллович,рядовой,3,42
Лебедев Егор Максимович,полковник,3,55
Семёнов Матвей Михайлович,сержант,7,26
Борисов Александр Кириллович,лейтенант,12,31
Морозов Егор Романович,полковник,5,27
Кузнецов Кирилл Дмитриевич,прапорщик,1,55
Алексеев Виктор Дмитриевич,полковник,1,27
Кочергин Олег Иванович,рядовой,3,24
Попов Артём Дмитриевич,капитан,1,60
Орлов Максим Олегович,капитан,12,50
Андреев Степан Максимович,сержант,12,58
Алексеев Роман Романович,майор,3,27
Павлов Илья Викторович,полковник,10,43
Козлов Олег Алексеевич,майор,12,58
Орлов Денис Александрович,сержант,12,55
Лебедев Сергей Максимович,лейтенант,9,48
Кузнецов Константин Павлович,полковник,1,31
Соловьёв Илья Андреевич,капитан,8,36
Алексеев Андрей Сергеевич,майор,8,28
Лебедев Максим Никитич,рядовой,2,42
Егоров Дмитрий Сергеевич,майор,4,53
Иванов Виктор Викторович,лейтенант,8,20
Смирнов Егор Юрьевич,рядовой,1,21
Макаров Денис Дмитриевич,майор,10,41
Новиков Артём Алексеевич,капитан,6,55
Соловьёв Михаил Сергеевич,сержант,12,29
Макаров Иван Дмитриевич,полковник,10,40
Соловьёв Юрий Викторович,полковник,9,46
Захаров Артём Михайлович,лейтенант,11,41
Морозов Никита Никитич,полковник,4,35
Зайцев Максим Иванович,рядовой,6,49
Соловьёв Павел Михайлович,сержант,9,55
Соколов Степан Олегович,прапорщик,7,38
Макаров Андрей Никитич,капитан,8,21
Васильев Константин Романович,полковник,5,60
Попов Илья Андреевич,сержант,2,49
Кузнецов Максим Ильич,полковник,10,42
Андреев Александр Викторович,майор,9,31
Кочергин Степан Ильич,сержант,5,51
Орлов Никита Дмитриевич,рядовой,1,35
Егоров Артём Романович,рядовой,6,41
Макаров Павел Кириллович,лейтенант,5,38
Лебедев Дмитрий Андреевич,капитан,2,21
Козлов Никита Алексеевич,рядовой,4,20
Алексеев Олег Андреевич,майор,1,20
Николаев Андрей Романович,полковник,8,32
Попов Павел Сергеевич,сержант,6,45
Кузнецов Павел Павлович,рядовой,6,51
Алексеев Дмитрий Кириллович,сержант,9,22
Лебедев Александр Михайлович,сержант,11,54
Козлов Сергей Павлович,майор,10,34
Борисов Кирилл Иванович,рядовой,7,34
Козлов Павел Дмитриевич,полковник,4,41
Семёнов Виктор Алексеевич,капитан,9,35
Новиков Александр Олегович,полковник,2,56
Сидоров Иван Ильич,лейтенант,5,55
Орлов Денис Иванович,прапорщик,1,42
Михайлов Олег Павлович,прапорщик,12,52
Кочергин Никита Юрьевич,капитан,4,34
Кочергин Матвей Романович,сержант,9,48
Сидоров Дмитрий Никитич,сержант,5,41
Макаров Юрий Дмитриевич,майор,1,27
Петров Михаил Романович,капитан,7,24
Фёдоров Максим Викторович,майор,7,20
Попов Степан Олегович,сержант,5,32
Фёдоров Сергей Юрьевич,сержант,10,36
Алексеев Иван Алексеевич,сержант,2,41
Борисов Олег Павлович,рядовой,7,41
Борисов Никита Романович,полковник,12,40
Васильев Константин Дмитриевич,лейтенант,12,35
Егоров Максим Иванович,капитан,11,44
Алексеев Никита Михайлович,лейтенант,4,50
Орлов Константин Олегович,лейтенант,9,60
Захаров Илья Алексеевич,полковник,4,51
Михайлов Дмитрий Кириллович,прапорщик,4,45
Васильев Никита Андреевич,лейтенант,8,29
Лебедев Павел Павлович,прапорщик,9,56
Захаров Никита Никитич,лейтенант,6,53
Семёнов Артём Дмитриевич,капитан,12,51
Андреев Павел Романович,рядовой,4,49
Борисов Андрей Викторович,полковник,5,58
Зайцев Евгений Олегович,лейтенант,11,25
Фёдоров Егор Андреевич,майор,11,31
Яковлев Виктор Ильич,майор,11,35
Лебедев Кирилл Александрович,капитан,7,23
Соловьёв Алексей Александрович,сержант,5,42
Морозов Иван Алексеевич,майор,7,47
Сидоров Алексей Александрович,лейтенант,2,40
Михайлов Александр Дмитриевич,майор,6,47
Захаров Никита Алексеевич,капитан,4,23
Макаров Павел Викторович,капитан,5,32
Павлов Андрей Ильич,полковник,4,18
Зайцев Сергей Кириллович,полковник,11,39
Козлов Юрий Викторович,полковник,5,36
Козлов Илья Юрьевич,полковник,2,33
Орлов Максим Викторович,полковник,12,46
Макаров Алексей Юрьевич,рядовой,9,37
Морозов Андрей Ильич,рядовой,1,26
Васильев Егор Викторович,капитан,11,25
Степанов Артём Викторович,рядовой,6,51
Петров Константин Никитич,рядовой,6,48
Кузнецов Сергей Алексеевич,лейтенант,1,31
Кузнецов Виктор Юрьевич,сержант,5,52
Захаров Иван Романович,прапорщик,4,35
Козлов Никита Сергеевич,сержант,7,43
Никитин Константин Романович,сержант,2,59
Степанов Александр Дмитриевич,прапорщик,7,48
Егоров Алексей Викторович,сержант,2,25
Захаров Андрей Александрович,рядовой,6,21
Фёдоров Илья Олегович,лейтенант,5,58
Алексеев Александр Александрович,рядовой,10,50
Петров Виктор Сергеевич,лейтенант,6,18
Лебедев Михаил Павлович,майор,9,19
Андреев Денис Михайлович,майор,11,50
Захаров Евгений Алексеевич,капитан,7,47
Макаров Евгений Алексеевич,рядовой,1,57
Степанов Артём Алексеевич,прапорщик,7,48
Кочергин Константин Иванович,майор,10,51
Николаев Александр Иванович,капитан,12,39
Михайлов Олег Олегович,прапорщик,7,37
Козлов Андрей Александрович,майор,10,35
Борисов Юрий Юрьевич,прапорщик,4,57
Попов Кирилл Алексеевич,полковник,4,48
Николаев Виктор Викторович,полковник,8,51
Фёдоров Никита Михайлович,полковник,12,39
Николаев Константин Викторович,лейтенант,10,33
Козлов Степан Олегович,прапорщик,3,39
Кузнецов Максим Сергеевич,майор,1,29
Новиков Андрей Ильич,лейтенант,2,30
Иванов Константин Михайлович,прапорщик,1,37
Алексеев Максим Викторович,сержант,7,30
Семёнов Иван Ильич,майор,10,46
Фёдоров Денис Дмитриевич,прапорщик,1,31
Иванов Никита Дмитриевич,полковник,7,28
Семёнов Олег Олегович,полковник,7,21
Соловьёв Александр Максимович,лейтенант,12,53
Павлов Павел Викторович,полковник,12,42
Кочергин Матвей Максимович,сержант,5,19
Соловьёв Константин Ильич,полковник,5,58
Макаров Андрей Андреевич,рядовой,4,48
Сидоров Кирилл Романович,сержант,9,23
Лебедев Андрей Максимович,сержант,1,41
Зайцев Юрий Александрович,капитан,4,33
Иванов Алексей Романович,майор,5,52
Алексеев Артём Романович,прапорщик,8,31
Яковлев Олег Александрович,лейтенант,5,34
Яковлев Сергей Сергеевич,лейтенант,7,34
Николаев Виктор Дмитриевич,прапорщик,11,51
Козлов Иван Романович,лейтенант,9,51
Сидоров Максим Александрович,капитан,7,29
Кузнецов Денис Ильич,сержант,7,32
Михайлов Иван Кириллович,лейтенант,2,22
Новиков Никита Максимович,майор,11,57
Попов Константин Михайлович,майор,10,43
Попов Максим Кириллович,лейтенант,9,31
Кочергин Павел Дмитриевич,лейтенант,5,38
Андреев Иван Дмитриевич,капитан,3,42
Кочергин Алексей Александрович,лейтенант,4,28
Андреев Михаил Павлович,сержант,5,24
Орлов Никита Юрьевич,майор,6,24
Семёнов Юрий Викторович,лейтенант,10,27
Николаев Илья Ильич,рядовой,7,49
Кузнецов Денис Максимович,прапорщик,1,48
Лебедев Андрей Никитич,лейтенант,9,34
Иванов Степан Михайлович,капитан,5,39
Зайцев Матвей Максимович,лейтенант,11,47
Фёдоров Артём Александрович,майор,11,36
Новиков Илья Андреевич,капитан,11,41
Новиков Алексей Олегович,прапорщик,4,52
Васильев Степан Максимович,майор,9,28
Лебедев Павел Иванович,прапорщик,11,47
Фёдоров Роман Максимович,лейтенант,7,55
Васильев Константин Александрович,майор,6,50
Борисов Денис Максимович,рядовой,11,31
Смирнов Павел Ильич,лейтенант,4,45
Степанов Дмитрий Андреевич,майор,9,20
Новиков Степан Михайлович,прапорщик,9,32
Васильев Павел Иванович,лейтенант,7,54
Яковлев Артём Викторович,прапорщик,10,60
Фёдоров Константин Павлович,рядовой,11,32
Никитин Павел Викторович,прапорщик,11,48
Алексеев Павел Алексеевич,майор,1,54
Борисов Роман Ильич,прапорщик,8,34
Борисов Алексей Юрьевич,полковник,3,20
Захаров Сергей Сергеевич,прапорщик,4,43
Сидоров Александр Максимович,полковник,1,31
Козлов Никита Олегович,полковник,3,51
Алексеев Олег Юрьевич,лейтенант,2,40
Соловьёв Михаил Сергеевич,сержант,9,43
Фёдоров Егор Юрьевич,сержант,9,41
Васильев Артём Максимович,сержант,8,49
Попов Алексей Олегович,сержант,1,30
Степанов Илья Михайлович,полковник,1,47
Васильев Денис Ильич,майор,6,50
Яковлев Илья Иванович,сержант,12,35
Иванов Егор Андреевич,прапорщик,6,25
Новиков Степан Дмитриевич,лейтенант,9,27
Орлов Матвей Иванович,майор,3,36
Макаров Евгений Олегович,сержант,12,33
Борисов Матвей Кириллович,капитан,1,51
Зайцев Матвей Ильич,прапорщик,8,24
Яковлев Михаил Александрович,рядовой,10,42
Новиков Денис Никитич,сержант,12,35
Смирнов Иван Сергеевич,сержант,8,47
Соловьёв Артём Андреевич,полковник,6,24
Соловьёв Илья Романович,прапорщик,9,45
Захаров Кирилл Павлович,майор,6,45
Яковлев Денис Юрьевич,капитан,4,59
Егоров Иван Павлович,сержант,6,20
Семёнов Дмитрий Олегович,рядовой,4,60
Лебедев Степан Никитич,полковник,3,47
Кочергин Алексей Александрович,майор,11,50
Попов Артём Викторович,сержант,4,41
Степанов Павел Олегович,полковник,8,47
Морозов Артём Никитич,сержант,7,30
Козлов Михаил Алексеевич,капитан,2,20
Кочергин Егор Александрович,майор,1,56
Кузнецов Роман Александрович,рядовой,11,39
Никитин Илья Никитич,капитан,1,44
Петров Андрей Александрович,капитан,5,46
Попов Илья Максимович,полковник,2,43
Николаев Егор Андреевич,лейтенант,11,24
Алексеев Александр Максимович,капитан,3,25
Кузнецов Константин Никитич,полковник,7,24
Орлов Олег Олегович,сержант,12,27
Смирнов Иван Никитич,рядовой,6,20
Морозов Александр Алексеевич,капитан,6,53
Лебедев Денис Михайлович,капитан,5,43
Сидоров Никита Юрьевич,сержант,5,19
Попов Степан Андреевич,полковник,4,20
Захаров Илья Алексеевич,майор,3,49
Васильев Алексей Максимович,сержант,11,51
Лебедев Михаил Кириллович,рядовой,7,38
Фёдоров Павел Алексеевич,полковник,2,27
Никитин Никита Сергеевич,сержант,7,48
Зайцев Кирилл Алексеевич,полковник,2,60
Семёнов Евгений Михайлович,сержант,9,32
Семёнов Максим Викторович,лейтенант,5,48
Сидоров Кирилл Дмитриевич,прапорщик,7,46
Смирнов Константин Викторович,сержант,6,34
Николаев Максим Максимович,рядовой,1,38
Кузнецов Юрий Михайлович,сержант,12,42
Лебедев Матвей Михайлович,лейтенант,10,53
Фёдоров Сергей Павлович,сержант,6,52
Соколов Максим Максимович,майор,8,37
Семёнов Олег Александрович,рядовой,3,45
Морозов Никита Андреевич,сержант,1,54
Захаров Виктор Дмитриевич,рядовой,5,46
Лебедев Артём Юрьевич,лейтенант,12,54
Борисов Евгений Максимович,прапорщик,11,40
Семёнов Максим Павлович,рядовой,1,47
Смирнов Кирилл Викторович,капитан,6,42
Новиков Иван Дмитриевич,лейтенант,10,22
Сидоров Иван Александрович,прапорщик,8,40
Степанов Константин Максимович,капитан,11,18
Андреев Егор Павлович,полковник,4,50
Орлов Павел Дмитриевич,сержант,6,18
Степанов Виктор Олегович,майор,4,55
Смирнов Олег Юрьевич,полковник,6,38
Морозов Алексей Алексеевич,лейтенант,3,58
Андреев Никита Павлович,лейтенант,3,32
Козлов Александр Романович,сержант,4,26
Павлов Егор Кириллович,полковник,12,21
Кузнецов Виктор Юрьевич,капитан,7,25
Макаров Никита Сергеевич,рядовой,6,28
Зайцев Дмитрий Юрьевич,прапорщик,9,18
Зайцев Роман Олегович,прапорщик,5,27
Фёдоров Илья Сергеевич,капитан,4,20
Фёдоров Евгений Михайлович,майор,1,59
Егоров Никита Александрович,прапорщик,2,47
Васильев Никита Викторович,лейтенант,12,35
Захаров Матвей Никитич,майор,9,38
Кузнецов Матвей Сергеевич,прапорщик,5,39
Павлов Александр Кириллович,майор,10,49
Никитин Матвей Иванович,полковник,4,58
Иванов Денис Романович,рядовой,4,38
Соловьёв Евгений Романович,прапорщик,2,18
Макаров Олег Андреевич,майор,9,53
Козлов Евгений Кириллович,лейтенант,3,47
Соловьёв Никита Юрьевич,сержант,3,40
Попов Илья Михайлович,сержант,10,58
Макаров Иван Сергеевич,полковник,8,38
Морозов Александр Михайлович,лейтенант,12,24
Попов Артём Сергеевич,рядовой,4,23
Козлов Александр Дмитриевич,рядовой,12,44
Новиков Степан Ильич,майор,11,31
Петров Денис Романович,прапорщик,11,19
Смирнов Александр Никитич,сержант,6,52
Павлов Сергей Никитич,прапорщик,10,30
Соколов Илья Александрович,рядовой,10,38
Захаров Андрей Иванович,полковник,1,50
Васильев Егор Олегович,майор,3,39
Андреев Иван Ильич,сержант,7,35
Фёдоров Юрий Андреевич,полковник,12,25
Егоров Денис Павлович,прапорщик,12,47
Егоров Артём Михайлович,прапорщик,1,55
Андреев Илья Ильич,прапорщик,3,27
Васильев Александр Александрович,майор,8,24
Захаров Андрей Кириллович,капитан,12,54
Орлов Константин Сергеевич,майор,4,54
Новиков Роман Романович,майор,10,41
Алексеев Константин Александрович,прапорщик,12,47
Козлов Юрий Андреевич,капитан,2,60
Попов Никита Алексеевич,рядовой,1,57
Смирнов Дмитрий Михайлович,прапорщик,5,31
Фёдоров Кирилл Сергеевич,полковник,3,53
Степанов Виктор Иванович,полковник,12,19
Макаров Денис Олегович,лейтенант,10,35
Смирнов Юрий Сергеевич,лейтенант,1,39
Иванов Юрий Павлович,майор,2,54
Степанов Максим Михайлович,рядовой,9,34
Макаров Иван Павлович,полковник,2,56
Павлов Роман Максимович,прапорщик,5,30
Захаров Александр Максимович,лейтенант,8,45
Кузнецов Роман Викторович,сержант,3,27
Козлов Юрий Андреевич,капитан,10,30
Соловьёв Дмитрий Максимович,сержант,4,55
Николаев Иван Дмитриевич,прапорщик,3,57
Лебедев Олег Михайлович,прапорщик,4,60
Степанов Роман Максимович,лейтенант,2,24
Яковлев Илья Олегович,прапорщик,2,60
Макаров Дмитрий Дмитриевич,капитан,1,26
Степанов Константин Юрьевич,сержант,5,48
Макаров Константин Александрович,полковник,11,51
Яковлев Павел Сергеевич,рядовой,2,44
Попов Андрей Кириллович,полковник,9,24
Фёдоров Сергей Сергеевич,майор,2,33
Зайцев Виктор Дмитриевич,полковник,4,53
Соколов Дмитрий Кириллович,полковник,11,18
Соловьёв Степан Михайлович,лейтенант,4,27
Смирнов Егор Павлович,прапорщик,11,32
Смирнов Егор Никитич,майор,5,51
Попов Сергей Алексеевич,лейтенант,9,53
Борисов Матвей Никитич,рядовой,5,24
Зайцев Илья Юрьевич,майор,6,36
Фёдоров Юрий Ильич,майор,8,20
Иванов Олег Ильич,полковник,8,28
Орлов Алексей Викторович,прапорщик,6,32
Лебедев Артём Никитич,майор,1,26
Николаев Кирилл Александрович,майор,5,25
Николаев Степан Алексеевич,сержант,12,29
Смирнов Илья Александрович,лейтенант,1,33
Андреев Павел Олегович,сержант,2,19
Зайцев Алексей Сергеевич,полковник,10,60
Борисов Юрий Александрович,рядовой,1,25
Захаров Михаил Максимович,капитан,1,40
Андреев Илья Викторович,сержант,12,20
Морозов Павел Павлович,лейтенант,2,55
Кузнецов Андрей Александрович,майор,6,33
Васильев Александр Максимович,прапорщик,3,52
Козлов Павел Александрович,капитан,7,48
Захаров Степан Никитич,сержант,8,32
Морозов Михаил Павлович,майор,1,28
Васильев Артём Романович,сержант,4,50
Соколов Степан Викторович,прапорщик,3,22
Новиков Артём Павлович,полковник,11,47
Зайцев Кирилл Олегович,прапорщик,9,49
Михайлов Степан Романович,лейтенант,5,44
Попов Юрий Иванович,полковник,8,54
Козлов Константин Юрьевич,лейтенант,2,21
Никитин Константин Дмитриевич,прапорщик,11,53
Козлов Иван Ильич,майор,1,33
Новиков Юрий Викторович,капитан,4,20
Степанов Максим Максимович,сержант,2,53
Никитин Сергей Михайлович,сержант,11,46
Николаев Денис Алексеевич,капитан,2,44
Соколов Юрий Алексеевич,майор,12,32
Иванов Дмитрий Александрович,сержант,2,53
Павлов Константин Александрович,лейтенант,12,52
Смирнов Виктор Андреевич,прапорщик,11,26
Егоров Иван Павлович,рядовой,9,35
Соловьёв Иван Андреевич,майор,3,32
Кузнецов Павел Кириллович,майор,4,33
Егоров Виктор Алексеевич,лейтенант,6,33
Алексеев Артём Алексеевич,полковник,7,32
Николаев Артём Викторович,прапорщик,3,31
Семёнов Егор Павлович,полковник,7,22
Зайцев Михаил Ильич,майор,1,27
Алексеев Денис Дмитриевич,капитан,2,34
Иванов Роман Никитич,рядовой,3,23
Борисов Роман Романович,сержант,6,60
Лебедев Евгений Никитич,майор,1,52
Соловьёв Сергей Александрович,лейтенант,3,21
Соловьёв Константин Павлович,рядовой,6,44
Николаев Егор Викторович,майор,9,27
Никитин Юрий Иванович,сержант,5,22
Егоров Матвей Андреевич,майор,11,33
Кочергин Павел Андреевич,сержант,9,33
Павлов Алексей Дмитриевич,сержант,7,50
Соловьёв Никита Ильич,майор,8,57
Сидоров Константин Александрович,полковник,5,45
Фёдоров Евгений Михайлович,сержант,5,59
Борисов Степан Кириллович,полковник,1,30
Фёдоров Матвей Александрович,капитан,11,38
Лебедев Михаил Романович,полковник,12,38
Яковлев Павел Кириллович,полковник,3,19
Сидоров Юрий Дмитриевич,сержант,2,42
Михайлов Михаил Андреевич,капитан,3,52
Васильев Сергей Дмитриевич,прапорщик,8,45
Орлов Павел Кириллович,лейтенант,4,56
Соколов Юрий Александрович,капитан,3,53
Новиков Виктор Максимович,полковник,2,45
Морозов Роман Иванович,майор,10,51
Павлов Евгений Александрович,прапорщик,5,19
Степанов Степан Максимович,рядовой,4,53
Васильев Дмитрий Алексеевич,рядовой,7,20
Зайцев Никита Максимович,майор,8,54
Захаров Степан Максимович,майор,8,36
Сидоров Артём Романович,лейтенант,6,32
Смирнов Виктор Максимович,прапорщик,5,48
Лебедев Иван Александрович,капитан,1,30
Васильев Юрий Никитич,прапорщик,10,34
Никитин Максим Максимович,сержант,5,45
Соловьёв Олег Максимович,полковник,4,29
Кузнецов Роман Олегович,сержант,9,42
Павлов Матвей Дмитриевич,капитан,6,41
Фёдоров Денис Максимович,прапорщик,2,32
Никитин Александр Ильич,прапорщик,12,21
Зайцев Александр Павлович,прапорщик,9,30
Михайлов Денис Иванович,лейтенант,7,56
Сидоров Дмитрий Никитич,лейтенант,2,23
Лебедев Максим Викторович,полковник,4,44
Петров Юрий Алексеевич,капитан,10,29
Фёдоров Олег Михайлович,майор,12,21
Михайлов Евгений Дмитриевич,майор,3,19
Фёдоров Артём Никитич,рядовой,10,42
Сидоров Дмитрий Михайлович,прапорщик,9,31
Степанов Иван Дмитриевич,майор,2,57
Васильев Андрей Алексеевич,лейтенант,1,60
Степанов Виктор Ильич,сержант,12,36
Зайцев Андрей Александрович,полковник,7,19
Смирнов Алексей Александрович,полковник,10,19
Кузнецов Александр Романович,полковник,11,59
Павлов Виктор Ильич,майор,5,27
Андреев Степан Сергеевич,прапорщик,7,36
Сидоров Алексей Алексеевич,рядовой,1,43
Соколов Сергей Олегович,майор,4,48
Морозов Кирилл Андреевич,прапорщик,10,55
Соколов Сергей Юрьевич,рядовой,9,36
Морозов Сергей Андреевич,прапорщик,2,55
Зайцев Павел Максимович,прапорщик,5,37
Николаев Егор Ильич,капитан,6,31
Яковлев Роман Александрович,полковник,7,59
Кузнецов Егор Олегович,майор,3,28
Фёдоров Степан Александрович,рядовой,2,38
Кузнецов Сергей Сергеевич,майор,3,39
Новиков Матвей Михайлович,капитан,12,54
Кочергин Олег Сергеевич,прапорщик,1,35
Егоров Кирилл Сергеевич,прапорщик,12,58
Борисов Артём Александрович,рядовой,4,33
Семёнов Егор Андреевич,полковник,10,35
Николаев Михаил Иванович,полковник,1,43
Захаров Павел Романович,капитан,9,49
Козлов Павел Юрьевич,сержант,3,36
Кузнецов Илья Ильич,капитан,12,47
Орлов Евгений Дмитриевич,сержант,4,20
Петров Артём Иванович,рядовой,5,19
Семёнов Евгений Павлович,майор,9,24
Макаров Кирилл Сергеевич,рядовой,9,53
Егоров Егор Юрьевич,сержант,4,55
Андреев Александр Никитич,прапорщик,12,29
Лебедев Виктор Юрьевич,сержант,2,50
Васильев Роман Викторович,майор,4,47
Смирнов Илья Иванович,капитан,3,39
Семёнов Егор Сергеевич,рядовой,6,52
Егоров Алексей Максимович,сержант,7,35
Захаров Юрий Михайлович,рядовой,3,54
Андреев Кирилл Никитич,капитан,9,46
Попов Степан Олегович,полковник,2,25
Новиков Сергей Сергеевич,майор,6,21
Кузнецов Денис Сергеевич,рядовой,5,50
Новиков Матвей Максимович,лейтенант,11,23
Борисов Михаил Никитич,рядовой,1,22
Никитин Никита Ильич,капитан,2,23
Лебедев Максим Ильич,сержант,1,18
Смирнов Алексей Андреевич,капитан,3,59
Алексеев Артём Дмитриевич,рядовой,11,47
Захаров Артём Никитич,капитан,4,50
Кузнецов Иван Ильич,капитан,4,48
Захаров Роман Романович,прапорщик,12,27
Яковлев Андрей Михайлович,сержант,10,38
Попов Матвей Дмитриевич,лейтенант,10,32
Зайцев Егор Романович,сержант,7,48
Лебедев Денис Романович,сержант,3,21
Андреев Павел Андреевич,сержант,7,42
Козлов Сергей Михайлович,рядовой,10,57
Макаров Алексей Юрьевич,рядовой,9,21
Фёдоров Евгений Алексеевич,лейтенант,7,51
Васильев Кирилл Никитич,капитан,10,21
Яковлев Олег Михайлович,полковник,11,27
Кузнецов Кирилл Алексеевич,рядовой,3,43
Орлов Павел Никитич,майор,8,38
Фёдоров Алексей Дмитриевич,майор,11,43
Захаров Роман Александрович,капитан,9,39
Фёдоров Евгений Дмитриевич,рядовой,11,27
Павлов Павел Андреевич,рядовой,12,32
Козлов Виктор Иванович,капитан,3,37
Захаров Степан Никитич,прапорщик,10,28
Фёдоров Кирилл Павлович,капитан,12,52
Лебедев Андрей Алексеевич,лейтенант,9,43
Попов Роман Максимович,капитан,7,44
Фёдоров Алексей Сергеевич,рядовой,4,18
Фёдоров Михаил Сергеевич,лейтенант,8,34
Иванов Дмитрий Михайлович,лейтенант,4,29
Степанов Матвей Максимович,сержант,9,50
Орлов Евгений Викторович,прапорщик,7,41
Васильев Олег Сергеевич,рядовой,9,27
Степанов Юрий Кириллович,капитан,8,31
Васильев Степан Дмитриевич,лейтенант,9,31
Петров Сергей Сергеевич,капитан,8,36
Никитин Олег Андреевич,прапорщик,6,32
Семёнов Матвей Алексеевич,капитан,4,56
Макаров Михаил Александрович,лейтенант,2,28
Павлов Артём Олегович,майор,1,19
Павлов Роман Андреевич,капитан,8,39
Козлов Роман Викторович,рядовой,10,43
Захаров Иван Михайлович,майор,10,21
Новиков Константин Никитич,рядовой,7,52
Михайлов Павел Максимович,сержант,9,57
Иванов Матвей Ильич,полковник,9,49
Егоров Александр Юрьевич,капитан,3,25
Васильев Максим Никитич,прапорщик,8,32
Сидоров Кирилл Дмитриевич,полковник,3,35
Борисов Иван Андреевич,майор,8,41
Зайцев Никита Олегович,прапорщик,12,42
Борисов Денис Александрович,прапорщик,6,41
Павлов Евгений Романович,рядовой,7,40
Соловьёв Дмитрий Дмитриевич,рядовой,4,44
Фёдоров Матвей Юрьевич,полковник,12,53
Соколов Денис Иванович,майор,4,25
Борисов Александр Викторович,рядовой,12,39
Захаров Максим Алексеевич,прапорщик,3,20
Захаров Евгений Викторович,прапорщик,11,25
Иванов Олег Алексеевич,лейтенант,3,45
Соловьёв Роман Максимович,полковник,10,29
Кузнецов Алексей Кириллович,рядовой,1,50
Лебедев Андрей Александрович,рядовой,2,51
Васильев Юрий Максимович,прапорщик,5,24
Попов Дмитрий Олегович,полковник,6,31
Попов Степан Михайлович,лейтенант,10,50
Степанов Павел Ильич,прапорщик,3,18
Орлов Степан Никитич,сержант,1,38
Никитин Кирилл Викторович,капитан,6,31
Орлов Денис Олегович,прапорщик,4,57
Сидоров Михаил Никитич,полковник,10,38
Захаров Максим Дмитриевич,полковник,12,46
Зайцев Михаил Алексеевич,прапорщик,11,47
Борисов Максим Иванович,лейтенант,11,46
Смирнов Юрий Сергеевич,прапорщик,7,40
Андреев Олег Сергеевич,сержант,12,20
Соколов Евгений Юрьевич,майор,3,40
Соловьёв Андрей Павлович,прапорщик,4,39
Зайцев Юрий Никитич,рядовой,9,50
Зайцев Егор Сергеевич,майор,11,45
Смирнов Роман Олегович,полковник,3,50
Николаев Андрей Иванович,сержант,1,47
Лебедев Максим Кириллович,полковник,10,44
Морозов Матвей Михайлович,капитан,9,46
Новиков Михаил Максимович,полковник,7,41
Михайлов Артём Андреевич,майор,11,50
Сидоров Олег Олегович,капитан,5,21
Зайцев Алексей Викторович,сержант,11,52
Алексеев Артём Максимович,майор,5,54
Смирнов Максим Андреевич,прапорщик,6,23
Макаров Иван Никитич,капитан,8,58
Михайлов Константин Кириллович,прапорщик,8,58
Фёдоров Егор Дмитриевич,прапорщик,9,28
Петров Алексей Максимович,капитан,10,38
Сидоров Виктор Андреевич,лейтенант,12,54
Кузнецов Артём Викторович,прапорщик,1,41
Егоров Матвей Никитич,рядовой,2,35
Соколов Сергей Ильич,прапорщик,5,27
Лебедев Егор Михайлович,прапорщик,1,47
Никитин Сергей Никитич,рядовой,11,35
Степанов Илья Андреевич,полковник,6,50
Лебедев Алексей Павлович,лейтенант,12,41
Яковлев Матвей Олегович,капитан,5,53
Иванов Олег Михайлович,сержант,5,57
Кузнецов Павел Иванович,сержант,1,20
Захаров Илья Максимович,лейтенант,9,19
Орлов Матвей Александрович,полковник,2,39
Павлов Андрей Викторович,капитан,12,39
Михайлов Павел Андреевич,майор,7,37
Макаров Никита Андреевич,полковник,12,29
Фёдоров Роман Дмитриевич,прапорщик,3,40
Смирнов Александр Павлович,рядовой,1,59
Новиков Сергей Андреевич,прапорщик,1,51
Фёдоров Роман Александрович,сержант,9,58
Васильев Степан Никитич,полковник,8,39
Степанов Михаил Ильич,рядовой,1,20
Васильев Александр Алексеевич,прапорщик,6,21
Кузнецов Алексей Олегович,майор,9,34
Андреев Михаил Викторович,рядовой,6,53
Петров Артём Романович,капитан,8,21
Борисов Денис Алексеевич,капитан,1,21
Зайцев Степан Викторович,капитан,9,41
Егоров Олег Ильич,прапорщик,1,41
Смирнов Константин Максимович,прапорщик,1,34
Степанов Никита Сергеевич,сержант,1,54
Николаев Егор Андреевич,полковник,12,56
Кузнецов Артём Никитич,капитан,8,37
Козлов Максим Кириллович,прапорщик,8,26
Степанов Кирилл Павлович,сержант,11,42
Иванов Дмитрий Максимович,полковник,1,39
Соловьёв Денис Викторович,сержант,3,46
Андреев Роман Никитич,сержант,11,41
Николаев Егор Павлович,сержант,5,26
Сидоров Роман Алексеевич,лейтенант,3,51
Макаров Юрий Дмитриевич,капитан,8,53
Степанов Иван Павлович,полковник,4,53
Сидоров Константин Никитич,майор,9,44
Иванов Роман Романович,рядовой,3,36
Михайлов Иван Романович,прапорщик,11,54
Козлов Степан Иванович,сержант,1,18
Егоров Никита Сергеевич,сержант,11,20
Козлов Артём Иванович,рядовой,6,60
Степанов Андрей Викторович,майор,11,35
Морозов Александр Михайлович,рядовой,7,48
Соколов Олег Максимович,сержант,3,57
Андреев Максим Максимович,сержант,12,38
Козлов Дмитрий Викторович,майор,1,59
Сидоров Евгений Олегович,майор,1,51
Соколов Сергей Кириллович,капитан,7,51
Соловьёв Максим Алексеевич,прапорщик,10,54
Егоров Артём Андреевич,лейтенант,3,27
Зайцев Иван Андреевич,лейтенант,12,51
Смирнов Матвей Иванович,лейтенант,8,20
Кузнецов Виктор Михайлович,капитан,3,60
Борисов Илья Михайлович,лейтенант,2,56
Новиков Александр Максимович,капитан,10,44
Соколов Дмитрий Андреевич,капитан,9,22
Никитин Никита Ильич,полковник,5,45
Фёдоров Денис Павлович,капитан,4,19
Степанов Кирилл Викторович,майор,8,49
Фёдоров Сергей Иванович,рядовой,9,59
Андреев Кирилл Иванович,прапорщик,3,29
Николаев Артём Олегович,рядовой,6,25
Никитин Михаил Дмитриевич,капитан,8,55
Захаров Алексей Кириллович,полковник,10,32
Орлов Юрий Юрьевич,майор,4,32
Новиков Никита Романович,лейтенант,8,50
Андреев Андрей Иванович,сержант,3,31
Васильев Иван Юрьевич,рядовой,11,20
Алексеев Алексей Викторович,капитан,6,39
Яковлев Юрий Александрович,лейтенант,8,30
Попов Александр Викторович,лейтенант,9,52
Васильев Константин Олегович,полковник,8,46
Фёдоров Константин Юрьевич,полковник,9,35
Попов Матвей Дмитриевич,полковник,1,54
Михайлов Михаил Дмитриевич,майор,5,54
Никитин Максим Дмитриевич,прапорщик,10,24
Алексеев Евгений Викторович,капитан,1,40
Соловьёв Степан Кириллович,прапорщик,7,55
Попов Павел Дмитриевич,прапорщик,4,44
Макаров Юрий Александрович,прапорщик,6,39
Смирнов Дмитрий Никитич,прапорщик,10,57
Степанов Павел Юрьевич,сержант,9,18
Кузнецов Матвей Сергеевич,полковник,3,57
Алексеев Дмитрий Сергеевич,сержант,3,37
Алексеев Денис Павлович,капитан,1,43
Николаев Павел Алексеевич,прапорщик,8,54
Степанов Евгений Иванович,капитан,5,18
Кочергин Кирилл Дмитриевич,сержант,2,30
Лебедев Михаил Кириллович,капитан,6,39
Петров Александр Юрьевич,рядовой,6,48
Захаров Павел Олегович,лейтенант,2,27
Егоров Максим Павлович,рядовой,1,34
Алексеев Дмитрий Максимович,майор,10,46
Егоров Сергей Кириллович,прапорщик,10,24
Никитин Никита Максимович,майор,11,43
Кочергин Михаил Никитич,полковник,7,28
Николаев Алексей Викторович,рядовой,12,59
Алексеев Степан Андреевич,сержант,10,30
Борисов Александр Олегович,полковник,9,59
Кузнецов Андрей Александрович,рядовой,5,53
Новиков Виктор Андреевич,прапорщик,2,31
Козлов Матвей Сергеевич,лейтенант,11,41
Захаров Сергей Никитич,лейтенант,12,45
Петров Денис Юрьевич,рядовой,9,25
Соколов Константин Александрович,лейтенант,8,28
Павлов Степан Алексеевич,лейтенант,8,19
Михайлов Дмитрий Викторович,полковник,8,43
Кочергин Евгений Юрьевич,сержант,3,53
Макаров Олег Кириллович,прапорщик,3,28
Фёдоров Павел Сергеевич,рядовой,1,43
Лебедев Павел Никитич,капитан,10,32
Зайцев Михаил Александрович,майор,4,29
Кочергин Егор Андреевич,рядовой,5,19
Никитин Никита Алексеевич,майор,10,51
Попов Егор Сергеевич,лейтенант,8,41
Степанов Александр Кириллович,майор,3,53
Макаров Евгений Павлович,капитан,4,33
Васильев Олег Никитич,лейтенант,7,21
Козлов Егор Романович,лейтенант,4,60
Попов Артём Павлович,лейтенант,11,48
Козлов Степан Сергеевич,лейтенант,12,18
Захаров Сергей Максимович,майор,12,43
Михайлов Кирилл Дмитриевич,капитан,4,50
Соколов Дмитрий Юрьевич,лейтенант,5,18
Никитин Кирилл Ильич,лейтенант,10,42
Борисов Павел Иванович,сержант,2,32
Никитин Виктор Михайлович,лейтенант,10,51
Захаров Евгений Павлович,майор,12,49
Фёдоров Павел Олегович,капитан,1,36
Захаров Артём Дмитриевич,полковник,5,24
Сидоров Кирилл Викторович,капитан,5,38
Степанов Павел Михайлович,прапорщик,1,46
Алексеев Денис Никитич,полковник,5,50
Морозов Сергей Никитич,рядовой,5,38
Петров Сергей Кириллович,полковник,4,52
Степанов Иван Дмитриевич,полковник,5,60
Павлов Кирилл Романович,лейтенант,10,25
Кочергин Егор Юрьевич,рядовой,6,18
Соколов Никита Кириллович,сержант,12,40
Яковлев Юрий Михайлович,сержант,1,50
Захаров Юрий Ильич,лейтенант,5,25
Николаев Виктор Никитич,капитан,3,53
Андреев Артём Романович,прапорщик,9,29
Алексеев Артём Павлович,полковник,1,49
Смирнов Илья Викторович,сержант,3,45
Иванов Олег Ильич,майор,2,57
Семёнов Максим Викторович,майор,3,22
Попов Евгений Кириллович,полковник,2,55
Иванов Егор Кириллович,лейтенант,10,55
Алексеев Юрий Павлович,рядовой,8,29
Смирнов Никита Дмитриевич,рядовой,2,52
Новиков Андрей Сергеевич,полковник,2,46
Зайцев Иван Михайлович,капитан,9,50
Соколов Иван Андреевич,прапорщик,3,37
Соколов Юрий Иванович,лейтенант,3,57
Иванов Артём Дмитриевич,капитан,3,38
Соколов Евгений Алексеевич,рядовой,3,31
Егоров Никита Максимович,полковник,7,18
Зайцев Андрей Ильич,полковник,2,39
Козлов Кирилл Кириллович,рядовой,10,24
Степанов Кирилл Олегович,полковник,9,60
Макаров Илья Иванович,лейтенант,10,22
Яковлев Алексей Алексеевич,сержант,6,52
Захаров Матвей Алексеевич,капитан,4,22
Никитин Андрей Иванович,лейтенант,8,20
Яковлев Иван Алексеевич,рядовой,10,49
Иванов Кирилл Романович,прапорщик,1,34
Смирнов Александр Никитич,прапорщик,3,34
Яковлев Егор Андреевич,сержант,4,43
Яковлев Константин Иванович,капитан,5,50
Сидоров Денис Сергеевич,сержант,4,59
Соловьёв Александр Павлович,полковник,1,35
Иванов Юрий Павлович,полковник,12,56
Алексеев Степан Иванович,майор,12,21
Петров Андрей Павлович,рядовой,7,44
Васильев Денис Кириллович,лейтенант,2,42
Зайцев Павел Юрьевич,лейтенант,5,50
Михайлов Константин Андреевич,сержант,9,43
Новиков Денис Дмитриевич,полковник,11,39
Борисов Егор Андреевич,капитан,1,32
Алексеев Иван Олегович,прапорщик,3,44
Алексеев Алексей Михайлович,лейтенант,11,60
Соколов Михаил Максимович,полковник,5,45
Соколов Михаил Павлович,полковник,5,47
Соколов Михаил Юрьевич,прапорщик,1,25
Макаров Денис Алексеевич,сержант,10,47
Михайлов Кирилл Андреевич,полковник,5,20
Козлов Иван Дмитриевич,полковник,12,38
Павлов Дмитрий Алексеевич,сержант,3,24
Никитин Максим Ильич,сержант,3,53
Яковлев Степан Романович,майор,10,20
Новиков Роман Никитич,сержант,3,19
Орлов Юрий Ильич,сержант,2,51
Павлов Константин Павлович,полковник,7,44
Семёнов Андрей Андреевич,капитан,3,36
Захаров Роман Кириллович,полковник,10,53
Васильев Виктор Михайлович,полковник,11,56
Смирнов Дмитрий Викторович,сержант,2,25
Соколов Павел Романович,рядовой,6,35
Захаров Павел Викторович,рядовой,12,51
Борисов Павел Романович,рядовой,2,25
Никитин Константин Сергеевич,полковник,11,29
Борисов Алексей Павлович,лейтенант,7,45
Смирнов Егор Сергеевич,рядовой,10,31
Новиков Алексей Викторович,полковник,6,43
Николаев Павел Дмитриевич,капитан,9,57
Иванов Артём Алексеевич,прапорщик,12,19
Николаев Матвей Викторович,лейтенант,3,21
Фёдоров Денис Юрьевич,майор,9,21
Соколов Дмитрий Романович,рядовой,12,33
Попов Никита Кириллович,полковник,5,41
Орлов Юрий Павлович,сержант,6,20
Васильев Степан Дмитриевич,майор,11,53
Фёдоров Сергей Максимович,майор,7,47
Борисов Юрий Ильич,сержант,3,22
Никитин Юрий Кириллович,сержант,9,59
Козлов Кирилл Михайлович,сержант,12,42
Андреев Артём Иванович,капитан,5,26
Захаров Олег Никитич,полковник,2,58
Павлов Артём Сергеевич,прапорщик,4,51
Михайлов Денис Михайлович,рядовой,10,44
Петров Сергей Павлович,лейтенант,4,25
Павлов Илья Павлович,прапорщик,8,34
Макаров Егор Алексеевич,рядовой,12,57
Павлов Алексей Викторович,рядовой,10,56
Яковлев Михаил Александрович,майор,10,25
Петров Роман Сергеевич,прапорщик,7,24
Зайцев Илья Михайлович,сержант,3,39
Егоров Степан Дмитриевич,сержант,3,32
Кузнецов Матвей Александрович,лейтенант,6,29
Борисов Алексей Дмитриевич,полковник,2,50
Николаев Павел Алексеевич,майор,9,25
Сидоров Максим Иванович,лейтенант,8,45
Соловьёв Егор Кириллович,полковник,1,55
Захаров Константин Андреевич,полковник,6,49
Степанов Константин Викторович,сержант,8,26
Кочергин Алексей Кириллович,майор,12,26
Смирнов Павел Романович,сержант,9,20
Макаров Степан Алексеевич,рядовой,5,32
Васильев Евгений Андреевич,прапорщик,8,42
Зайцев Павел Викторович,полковник,5,25
Васильев Павел Павлович,прапорщик,4,56
Захаров Иван Юрьевич,рядовой,8,19
Петров Артём Максимович,рядовой,10,37
Иванов Кирилл Максимович,прапорщик,11,21
Соколов Юрий Сергеевич,сержант,11,38
Смирнов Максим Павлович,прапорщик,1,37
Яковлев Евгений Олегович,рядовой,9,60
Никитин Павел Ильич,прапорщик,11,54
Павлов Максим Никитич,прапорщик,4,41
Кузнецов Илья Павлович,майор,12,20
Морозов Денис Кириллович,лейтенант,2,22
Егоров Олег Максимович,капитан,12,25
Иванов Михаил Викторович,лейтенант,11,33
Орлов Матвей Никитич,сержант,11,44
Сидоров Евгений Викторович,майор,8,59
Макаров Матвей Андреевич,майор,5,42
Семёнов Кирилл Олегович,лейтенант,11,35
Николаев Дмитрий Никитич,капитан,7,38
Николаев Евгений Павлович,прапорщик,8,39
Егоров Александр Дмитриевич,майор,3,42
Яковлев Виктор Романович,капитан,12,45
Андреев Степан Никитич,капитан,1,23
Петров Дмитрий Иванович,прапорщик,9,26
Николаев Илья Иванович,полковник,2,45
Васильев Степан Романович,сержант,7,23
Козлов Артём Юрьевич,полковник,12,20
Николаев Никита Олегович,майор,7,22
Козлов Матвей Александрович,рядовой,9,23
Смирнов Матвей Никитич,полковник,3,50
Фёдоров Артём Александрович,майор,7,38
Николаев Роман Романович,капитан,1,38
Кочергин Денис Максимович,майор,12,43
Павлов Никита Александрович,майор,5,23
Макаров Кирилл Алексеевич,капитан,8,43
Сидоров Александр Михайлович,лейтенант,5,24
Кочергин Илья Иванович,сержант,10,36
Петров Никита Романович,прапорщик,5,47
Борисов Алексей Дмитриевич,капитан,9,23
Николаев Александр Алексеевич,сержант,10,48
Яковлев Олег Романович,сержант,7,59
Никитин Матвей Алексеевич,сержант,1,43
Фёдоров Кирилл Ильич,прапорщик,2,22
Сидоров Сергей Павлович,полковник,9,30
Яковлев Степан Юрьевич,лейтенант,12,25
Яковлев Артём Никитич,сержант,8,31
Степанов Роман Павлович,лейтенант,4,41
Захаров Константин Дмитриевич,лейтенант,7,47
Зайцев Павел Кириллович,майор,2,48
Смирнов Илья Романович,прапорщик,5,20
Егоров Максим Павлович,прапорщик,6,41
Захаров Артём Никитич,лейтенант,5,37
Никитин Иван Ильич,полковник,3,32
Егоров Алексей Викторович,сержант,12,28
Соколов Павел Иванович,капитан,12,56
Фёдоров Андрей Сергеевич,капитан,3,42
Соколов Виктор Юрьевич,лейтенант,6,46
Васильев Константин Сергеевич,полковник,2,32
Васильев Константин Никитич,полковник,9,29
Кузнецов Михаил Никитич,капитан,5,31
Петров Сергей Андреевич,прапорщик,7,19
Макаров Дмитрий Дмитриевич,полковник,2,47
Попов Дмитрий Максимович,полковник,7,52
Кочергин Иван Юрьевич,сержант,12,29
Зайцев Денис Олегович,прапорщик,9,38
Попов Максим Дмитриевич,капитан,4,28
Соловьёв Кирилл Олегович,капитан,3,43
Васильев Михаил Никитич,капитан,7,48
Алексеев Максим Ильич,полковник,1,25
Алексеев Илья Павлович,лейтенант,9,42
Морозов Алексей Юрьевич,майор,5,35
Андреев Алексей Юрьевич,капитан,1,44
Борисов Артём Иванович,капитан,9,56
Егоров Илья Олегович,рядовой,3,41
Николаев Роман Викторович,прапорщик,7,58
Николаев Роман Андреевич,капитан,3,59
Андреев Виктор Михайлович,капитан,4,36
Зайцев Михаил Олегович,майор,8,20
Смирнов Матвей Павлович,прапорщик,1,48
Козлов Михаил Дмитриевич,капитан,7,43
Павлов Александр Максимович,майор,2,59
Попов Евгений Александрович,капитан,3,20
Захаров Сергей Александрович,сержант,11,50
Новиков Иван Алексеевич,полковник,9,32
Кузнецов Евгений Никитич,прапорщик,4,35
Никитин Артём Олегович,рядовой,5,44
Кочергин Виктор Юрьевич,прапорщик,1,59
Николаев Юрий Викторович,капитан,10,29
Яковлев Андрей Викторович,майор,7,40
Козлов Павел Кириллович,рядовой,7,22
Павлов Павел Максимович,лейтенант,2,39
Николаев Виктор Иванович,майор,2,60
Степанов Никита Юрьевич,сержант,11,60
Павлов Степан Михайлович,прапорщик,3,54
Орлов Матвей Романович,рядовой,6,39
Попов Евгений Иванович,капитан,1,50
Михайлов Матвей Никитич,полковник,11,47
Семёнов Юрий Романович,капитан,1,23
Андреев Олег Кириллович,майор,9,43
Борисов Егор Олегович,прапорщик,6,55
Захаров Олег Сергеевич,рядовой,9,45
Семёнов Роман Сергеевич,сержант,9,48
Соколов Александр Иванович,майор,11,46
Сидоров Егор Никитич,полковник,1,53
Захаров Олег Дмитриевич,капитан,1,31
Семёнов Дмитрий Сергеевич,майор,2,38
Иванов Михаил Сергеевич,сержант,6,35
Никитин Алексей Иванович,майор,9,27
Попов Дмитрий Кириллович,полковник,5,44
Петров Сергей Кириллович,лейтенант,12,20
Николаев Сергей Романович,прапорщик,6,25
Андреев Матвей Андреевич,лейтенант,7,31
Лебедев Олег Ильич,лейтенант,10,29
Соколов Александр Ильич,капитан,7,36
Захаров Павел Михайлович,прапорщик,12,26
Соколов Александр Михайлович,капитан,7,18
Макаров Сергей Михайлович,майор,12,57
Кочергин Денис Кириллович,майор,8,60
Морозов Александр Максимович,полковник,11,43
Степанов Матвей Кириллович,лейтенант,10,19
Морозов Виктор Александрович,полковник,8,21
Семёнов Матвей Дмитриевич,лейтенант,6,49
Павлов Сергей Михайлович,полковник,4,29
Иванов Александр Кириллович,рядовой,4,44
Соловьёв Виктор Сергеевич,прапорщик,6,51
Попов Юрий Андреевич,капитан,3,56
Кузнецов Евгений Андреевич,сержант,5,46
Орлов Степан Юрьевич,рядовой,1,28
Смирнов Артём Дмитриевич,сержант,12,37
Никитин Юрий Максимович,прапорщик,6,42
Новиков Сергей Максимович,капитан,5,45
Морозов Роман Романович,лейтенант,6,57
Егоров Александр Михайлович,лейтенант,1,52
Николаев Никита Сергеевич,полковник,4,54
Яковлев Михаил Дмитриевич,прапорщик,1,58
Лебедев Сергей Максимович,рядовой,9,42
Михайлов Максим Александрович,лейтенант,5,60
Фёдоров Павел Дмитриевич,майор,10,50
Алексеев Илья Ильич,прапорщик,1,27
Козлов Кирилл Юрьевич,прапорщик,12,51
Васильев Дмитрий Юрьевич,прапорщик,7,47
Макаров Иван Романович,майор,1,46
Кочергин Иван Павлович,лейтенант,4,42
Степанов Роман Дмитриевич,майор,3,27
Михайлов Матвей Максимович,рядовой,1,26
Морозов Степан Павлович,майор,11,22
Фёдоров Александр Сергеевич,прапорщик,4,39
Соколов Михаил Алексеевич,полковник,10,40
Иванов Максим Олегович,рядовой,2,22
Зайцев Егор Александрович,майор,7,21
Соловьёв Сергей Максимович,прапорщик,12,43
Лебедев Роман Олегович,рядовой,6,53
Борисов Юрий Михайлович,майор,3,28
Орлов Максим Кириллович,сержант,3,24
Макаров Андрей Павлович,рядовой,1,50
Васильев Алексей Романович,прапорщик,6,46
Семёнов Виктор Ильич,полковник,5,45
Яковлев Егор Ильич,рядовой,4,38
Зайцев Матвей Александрович,капитан,8,55
Семёнов Сергей Максимович,сержант,5,18
Андреев Сергей Олегович,майор,3,50
Егоров Михаил Романович,майор,8,49
Степанов Александр Олегович,полковник,8,50
Смирнов Павел Кириллович,сержант,8,19
Андреев Илья Олегович,майор,11,56
Яковлев Андрей Андреевич,сержант,2,52
Васильев Александр Юрьевич,рядовой,7,51
Фёдоров Иван Сергеевич,рядовой,12,21
Козлов Дмитрий Алексеевич,полковник,6,53
Кузнецов Олег Александрович,рядовой,11,34
Егоров Артём Сергеевич,лейтенант,2,49
Соловьёв Егор Дмитриевич,сержант,12,35
Яковлев Степан Викторович,лейтенант,4,27
Фёдоров Олег Никитич,рядовой,6,49
Кузнецов Александр Кириллович,сержант,3,43
Кузнецов Никита Никитич,сержант,10,49
Иванов Степан Викторович,прапорщик,8,26
Яковлев Илья Александрович,прапорщик,2,21
Зайцев Евгений Павлович,прапорщик,4,59
Соловьёв Иван Никитич,прапорщик,8,39
Макаров Артём Ильич,капитан,9,25
Семёнов Сергей Кириллович,полковник,11,24
Петров Максим Юрьевич,прапорщик,6,51
Лебедев Артём Павлович,рядовой,6,35
Морозов Евгений Алексеевич,капитан,5,34
Кузнецов Виктор Олегович,полковник,7,33
Новиков Артём Юрьевич,капитан,2,44
Егоров Максим Михайлович,сержант,11,32
Фёдоров Олег Сергеевич,полковник,11,44
Андреев Максим Ильич,полковник,6,36
Кузнецов Евгений Ильич,рядовой,1,49
Николаев Алексей Сергеевич,лейтенант,10,53
Николаев Роман Ильич,лейтенант,7,48
Зайцев Алексей Александрович,майор,11,51
Андреев Илья Дмитриевич,сержант,5,34
Соколов Матвей Максимович,лейтенант,9,60
Орлов Денис Иванович,капитан,7,53
Соловьёв Сергей Викторович,сержант,11,40
Павлов Александр Иванович,прапорщик,11,41
Борисов Илья Романович,прапорщик,5,35
Смирнов Алексей Алексеевич,майор,11,58
Макаров Константин Александрович,лейтенант,1,34
Николаев Артём Романович,сержант,1,53
Зайцев Степан Сергеевич,капитан,3,37
Захаров Егор Ильич,рядовой,7,50
Андреев Константин Павлович,рядовой,8,60
Петров Егор Сергеевич,майор,5,44
Новиков Алексей Михайлович,майор,9,37
Смирнов Юрий Кириллович,лейтенант,7,49
Яковлев Егор Никитич,капитан,8,56
Петров Кирилл Никитич,полковник,12,36
Семёнов Егор Дмитриевич,рядовой,7,43
Алексеев Юрий Иванович,капитан,9,35
Сидоров Константин Максимович,рядовой,5,52
Андреев Илья Викторович,прапорщик,1,45
Андреев Степан Романович,прапорщик,12,51
Зайцев Юрий Юрьевич,капитан,11,22
Соловьёв Олег Павлович,рядовой,11,18
Орлов Денис Максимович,лейтенант,4,58
Петров Сергей Андреевич,сержант,11,50
Соколов Олег Юрьевич,сержант,1,43
Егоров Дмитрий Никитич,полковник,9,60
Иванов Артём Дмитриевич,майор,11,33
Лебедев Юрий Максимович,лейтенант,5,38
Фёдоров Сергей Алексеевич,полковник,11,37
Степанов Роман Кириллович,прапорщик,6,49
Макаров Максим Ильич,капитан,6,54
Борисов Андрей Сергеевич,майор,11,58
Сидоров Артём Алексеевич,прапорщик,1,60
Егоров Павел Олегович,полковник,9,20
Орлов Юрий Дмитриевич,майор,2,54
Козлов Никита Иванович,сержант,7,26
Павлов Михаил Кириллович,лейтенант,2,30
Яковлев Андрей Иванович,прапорщик,5,33
Сидоров Сергей Алексеевич,майор,12,24
Соколов Алексей Андреевич,сержант,8,35
Сидоров Константин Михайлович,майор,3,46
Егоров Илья Максимович,майор,9,43
Никитин Павел Никитич,рядовой,6,52
Макаров Евгений Кириллович,капитан,9,18
Захаров Артём Павлович,лейтенант,3,35
Никитин Егор Андреевич,лейтенант,4,55
Михайлов Александр Александрович,сержант,6,34
Кочергин Виктор Ильич,майор,9,35
Яковлев Андрей Ильич,майор,5,36
Захаров Олег Ильич,сержант,1,30
Соколов Иван Михайлович,сержант,1,52
Николаев Роман Олегович,лейтенант,12,57
Николаев Олег Романович,рядовой,1,47
Лебедев Михаил Иванович,прапорщик,6,22
Зайцев Максим Михайлович,полковник,11,25
Макаров Михаил Алексеевич,сержант,12,33
Кочергин Александр Алексеевич,рядовой,3,50
Сидоров Юрий Никитич,майор,12,54
Захаров Илья Ильич,майор,12,50
Иванов Павел Олегович,сержант,5,28
Борисов Александр Михайлович,полковник,12,20
Никитин Иван Иванович,капитан,12,22
Кочергин Константин Алексеевич,капитан,2,46
Петров Максим Михайлович,полковник,8,33
Макаров Виктор Сергеевич,капитан,8,53
Соколов Дмитрий Павлович,майор,12,40
Никитин Юрий Александрович,полковник,11,41
Борисов Егор Никитич,прапорщик,5,56
Соловьёв Андрей Сергеевич,прапорщик,6,25
Фёдоров Евгений Ильич,рядовой,7,25
Козлов Матвей Романович,рядовой,5,27
Орлов Иван Михайлович,полковник,7,21
Козлов Алексей Кириллович,сержант,12,59
Макаров Илья Викторович,сержант,8,33
Николаев Юрий Андреевич,капитан,9,23
Соловьёв Андрей Олегович,майор,2,40
Сидоров Алексей Сергеевич,сержант,4,54
Николаев Иван Никитич,капитан,9,29
Николаев Максим Кириллович,лейтенант,8,39
Алексеев Павел Ильич,майор,6,20
Сидоров Егор Викторович,лейтенант,2,20
Лебедев Роман Александрович,рядовой,12,47
Захаров Павел Юрьевич,прапорщик,8,48
Михайлов Денис Романович,капитан,11,26
Соколов Дмитрий Иванович,майор,2,41
Петров Никита Юрьевич,рядовой,12,58
Макаров Егор Сергеевич,капитан,5,32
Николаев Никита Никитич,рядовой,3,25
Николаев Артём Александрович,рядовой,3,26
Иванов Никита Александрович,сержант,2,24
Кочергин Александр Александрович,рядовой,1,46
Орлов Алексей Юрьевич,майор,5,38
Соловьёв Евгений Александрович,полковник,3,55
Андреев Виктор Юрьевич,майор,2,24
Новиков Дмитрий Юрьевич,рядовой,1,18
Борисов Матвей Павлович,лейтенант,7,25
Васильев Роман Андреевич,сержант,8,20
Алексеев Роман Викторович,майор,11,28
Павлов Илья Сергеевич,прапорщик,10,18
Павлов Александр Максимович,рядовой,3,21
Сидоров Егор Юрьевич,майор,2,25
Соколов Матвей Александрович,капитан,8,36
Орлов Алексей Михайлович,капитан,7,44
Степанов Павел Юрьевич,капитан,3,22
Соколов Матвей Кириллович,сержант,2,41
Кузнецов Егор Александрович,полковник,1,58
Павлов Алексей Андреевич,капитан,2,57
Морозов Константин Михайлович,полковник,2,26
Семёнов Никита Никитич,прапорщик,10,32
Захаров Олег Викторович,лейтенант,12,49
Морозов Юрий Никитич,рядовой,8,54
Козлов Денис Михайлович,полковник,11,22
Орлов Сергей Сергеевич,сержант,7,49
Николаев Виктор Олегович,полковник,2,34
Павлов Константин Олегович,капитан,1,52
Николаев Сергей Романович,сержант,4,58
Соколов Алексей Романович,полковник,7,36
Никитин Михаил Михайлович,полковник,8,43
Макаров Матвей Павлович,сержант,3,44
Соловьёв Михаил Максимович,майор,6,57
Яковлев Денис Дмитриевич,рядовой,7,57
Васильев Евгений Викторович,капитан,6,46
Сидоров Артём Александрович,прапорщик,11,23
Алексеев Виктор Кириллович,майор,4,40
Степанов Степан Сергеевич,сержант,9,29
Алексеев Павел Юрьевич,полковник,11,48
Смирнов Александр Дмитриевич,рядовой,8,20
Попов Алексей Андреевич,полковник,4,40
Соловьёв Степан Ильич,прапорщик,7,26
Иванов Кирилл Андреевич,рядовой,1,30
Степанов Евгений Максимович,лейтенант,6,34
Соловьёв Константин Дмитриевич,полковник,8,49
Егоров Роман Романович,майор,4,56
Никитин Илья Романович,прапорщик,11,26
Васильев Михаил Сергеевич,сержант,8,48
Васильев Евгений Юрьевич,капитан,6,28
Морозов Олег Олегович,полковник,6,43
Иванов Павел Сергеевич,полковник,10,39
Павлов Артём Викторович,сержант,2,36
Семёнов Юрий Сергеевич,капитан,2,22
Попов Степан Сергеевич,лейтенант,7,26
Борисов Роман Олегович,майор,10,48
Кузнецов Олег Кириллович,сержант,4,45
Соколов Константин Алексеевич,рядовой,4,52
Николаев Кирилл Юрьевич,лейтенант,4,55
Лебедев Александр Павлович,майор,11,26
Фёдоров Кирилл Андреевич,капитан,2,40
Петров Павел Юрьевич,прапорщик,12,24
Борисов Денис Юрьевич,полковник,1,21
Соколов Павел Иванович,сержант,3,40
Кузнецов Денис Никитич,полковник,1,52
Михайлов Юрий Андреевич,лейтенант,2,52
Орлов Виктор Павлович,сержант,4,30
Макаров Егор Павлович,полковник,11,44
Егоров Матвей Иванович,лейтенант,2,58
Смирнов Виктор Иванович,лейтенант,8,52
Кочергин Алексей Романович,полковник,6,33
Орлов Виктор Кириллович,полковник,7,49
Иванов Константин Алексеевич,майор,9,58
Смирнов Алексей Олегович,капитан,6,49
Фёдоров Олег Олегович,майор,8,40
Борисов Матвей Юрьевич,рядовой,2,47
Петров Артём Павлович,майор,8,30
Сидоров Дмитрий Александрович,полковник,10,57
Андреев Михаил Юрьевич,капитан,8,30
Попов Андрей Кириллович,прапорщик,5,45
Смирнов Артём Никитич,майор,3,24
Попов Виктор Максимович,рядовой,5,18
Новиков Алексей Павлович,полковник,9,31
Андреев Юрий Юрьевич,лейтенант,3,40
Алексеев Виктор Викторович,сержант,5,57
Кузнецов Константин Андреевич,капитан,11,41
Макаров Олег Иванович,майор,2,60
Орлов Юрий Иванович,рядовой,8,41
Никитин Роман Максимович,майор,3,18
Новиков Иван Павлович,капитан,7,42
Никитин Михаил Романович,полковник,12,50
Козлов Дмитрий Сергеевич,сержант,8,47
Кочергин Павел Павлович,прапорщик,1,36
Козлов Павел Ильич,сержант,9,57
Макаров Алексей Олегович,сержант,5,45
Иванов Максим Андреевич,сержант,5,21
Иванов Константин Максимович,прапорщик,1,29
Павлов Андрей Павлович,полковник,12,44
Попов Сергей Максимович,прапорщик,11,35
Захаров Илья Никитич,майор,9,27
Морозов Роман Михайлович,полковник,10,54
Семёнов Сергей Александрович,сержант,11,35
Соколов Александр Павлович,рядовой,11,52
Фёдоров Алексей Андреевич,сержант,10,55
Павлов Матвей Андреевич,майор,10,24
Соловьёв Максим Павлович,лейтенант,8,55
Кузнецов Иван Сергеевич,капитан,6,55
Смирнов Михаил Сергеевич,сержант,10,43
Павлов Александр Ильич,прапорщик,3,35
Никитин Михаил Максимович,рядовой,2,58
Смирнов Никита Михайлович,прапорщик,9,33
Соколов Алексей Александрович,сержант,11,18
Новиков Денис Юрьевич,майор,1,48
Захаров Максим Александрович,лейтенант,8,57
Петров Илья Романович,майор,4,46
Соловьёв Юрий Викторович,капитан,11,50
Николаев Илья Андреевич,рядовой,4,47
Иванов Егор Александрович,сержант,7,29
Орлов Максим Никитич,лейтенант,10,51
Захаров Александр Романович,полковник,3,57
Яковлев Андрей Андреевич,капитан,6,36
Козлов Матвей Юрьевич,сержант,11,58
Васильев Юрий Романович,лейтенант,12,28
Николаев Артём Ильич,майор,3,35
Фёдоров Артём Павлович,лейтенант,4,52
Зайцев Денис Алексеевич,сержант,2,25
Семёнов Кирилл Дмитриевич,капитан,9,31
Петров Виктор Юрьевич,прапорщик,9,33
Соколов Юрий Сергеевич,капитан,5,36
Зайцев Матвей Олегович,прапорщик,7,20
Борисов Никита Александрович,капитан,6,26
Макаров Юрий Андреевич,прапорщик,4,50
Николаев Денис Дмитриевич,лейтенант,4,58
Петров Константин Ильич,полковник,9,19
Егоров Константин Романович,лейтенант,6,42
Соловьёв Денис Дмитриевич,сержант,3,60
Семёнов Дмитрий Ильич,полковник,10,37
Зайцев Матвей Олегович,прапорщик,4,43
Николаев Кирилл Павлович,рядовой,8,53
Козлов Юрий Кириллович,прапорщик,5,29
Фёдоров Степан Сергеевич,майор,3,20
Егоров Андрей Сергеевич,сержант,3,56
Смирнов Артём Викторович,лейтенант,1,50
Семёнов Дмитрий Романович,рядовой,2,57
Алексеев Евгений Олегович,прапорщик,4,36
Андреев Степан Дмитриевич,капитан,12,57
Орлов Виктор Александрович,капитан,4,60
Никитин Максим Александрович,прапорщик,2,20
Сидоров Никита Максимович,полковник,11,24
Петров Роман Максимович,полковник,1,18
Егоров Сергей Юрьевич,лейтенант,7,21
Новиков Павел Сергеевич,полковник,12,55
Смирнов Артём Андреевич,майор,2,38
Макаров Олег Никитич,майор,12,41
Новиков Илья Кириллович,прапорщик,6,47
Васильев Максим Алексеевич,полковник,12,26
Яковлев Максим Михайлович,майор,3,29
Зайцев Андрей Иванович,майор,2,58
Новиков Александр Сергеевич,капитан,11,19
Зайцев Андрей Юрьевич,полковник,9,40
Лебедев Михаил Алексеевич,полковник,2,41
Захаров Константин Андреевич,полковник,1,24
Лебедев Никита Олегович,прапорщик,11,49
Кочергин Михаил Андреевич,прапорщик,6,20
Захаров Денис Максимович,майор,7,39
Петров Сергей Александрович,прапорщик,9,43
Семёнов Дмитрий Иванович,капитан,1,60
Козлов Юрий Михайлович,рядовой,11,53
Фёдоров Егор Максимович,лейтенант,1,23
Павлов Роман Павлович,прапорщик,1,43
Семёнов Олег Ильич,лейтенант,10,19
Смирнов Кирилл Романович,майор,4,40
Борисов Павел Сергеевич,лейтенант,5,33
Орлов Алексей Сергеевич,майор,2,54
Павлов Олег Павлович,сержант,1,53
Никитин Никита Павлович,сержант,10,29
Новиков Алексей Кириллович,лейтенант,9,52
Кузнецов Роман Сергеевич,прапорщик,3,32
Андреев Илья Никитич,полковник,4,21
Смирнов Алексей Александрович,рядовой,3,53
Соловьёв Олег Михайлович,полковник,6,18
Егоров Сергей Викторович,лейтенант,3,53
Орлов Матвей Андреевич,рядовой,11,56
Кузнецов Никита Андреевич,полковник,11,48
Макаров Кирилл Андреевич,прапорщик,6,32
Васильев Егор Андреевич,капитан,12,18
Макаров Максим Сергеевич,прапорщик,5,42
Семёнов Денис Никитич,полковник,4,32
Соловьёв Иван Викторович,прапорщик,7,25
Новиков Павел Алексеевич,сержант,12,21
Макаров Максим Андреевич,майор,10,19
Зайцев Дмитрий Никитич,лейтенант,9,58
Кузнецов Константин Дмитриевич,капитан,12,23
Зайцев Юрий Олегович,рядовой,8,30
Борисов Константин Викторович,прапорщик,9,20
Лебедев Роман Андреевич,рядовой,10,27
Павлов Евгений Алексеевич,майор,5,19
Васильев Дмитрий Викторович,сержант,4,50
Егоров Денис Кириллович,рядовой,7,48
Семёнов Егор Алексеевич,рядовой,1,41
Егоров Сергей Павлович,майор,9,46
Петров Денис Дмитриевич,лейтенант,3,59
Смирнов Егор Кириллович,прапорщик,3,18
Никитин Роман Никитич,капитан,8,47
Макаров Евгений Олегович,майор,4,37
Иванов Виктор Максимович,капитан,12,53
Орлов Виктор Михайлович,капитан,3,22
Кузнецов Денис Романович,полковник,4,28
Васильев Артём Романович,прапорщик,12,30
Лебедев Егор Александрович,полковник,2,24
Новиков Александр Юрьевич,рядовой,3,49
Смирнов Дмитрий Ильич,полковник,1,29
Соловьёв Роман Иванович,прапорщик,9,29
Новиков Сергей Никитич,майор,1,52
Захаров Евгений Александрович,капитан,7,26
Лебедев Денис Дмитриевич,капитан,5,58
Козлов Артём Кириллович,рядовой,7,24
Фёдоров Артём Максимович,рядовой,3,36
Лебедев Михаил Никитич,сержант,5,33
Борисов Александр Алексеевич,лейтенант,2,60
Михайлов Алексей Сергеевич,капитан,6,58
Соловьёв Сергей Никитич,прапорщик,5,23
Никитин Павел Максимович,прапорщик,8,53
Лебедев Артём Иванович,сержант,1,34
Попов Алексей Андреевич,майор,11,34
Михайлов Евгений Юрьевич,сержант,6,18
Кузнецов Виктор Михайлович,лейтенант,3,34
Алексеев Роман Сергеевич,рядовой,9,18
Лебедев Егор Максимович,прапорщик,7,20
Соколов Юрий Ильич,прапорщик,2,35
Фёдоров Дмитрий Никитич,сержант,7,19
Васильев Дмитрий Кириллович,рядовой,8,34
Фёдоров Константин Викторович,майор,9,21
Иванов Илья Викторович,майор,8,45
Новиков Илья Максимович,лейтенант,2,41
Петров Матвей Андреевич,капитан,3,50
Морозов Дмитрий Романович,майор,5,46
Попов Роман Дмитриевич,капитан,12,46
Смирнов Олег Александрович,капитан,8,53
Новиков Максим Никитич,лейтенант,8,21
Алексеев Юрий Алексеевич,лейтенант,2,39
Яковлев Евгений Сергеевич,майор,2,27
Васильев Алексей Андреевич,сержант,7,35
Михайлов Никита Михайлович,полковник,10,58
Макаров Иван Викторович,капитан,3,31
Зайцев Александр Сергеевич,сержант,4,39
Васильев Константин Иванович,сержант,5,56
Зайцев Андрей Максимович,прапорщик,10,39
Сидоров Кирилл Андреевич,майор,8,40
Захаров Олег Александрович,лейтенант,5,22
Соловьёв Дмитрий Павлович,прапорщик,4,18
Михайлов Павел Олегович,майор,12,47
Кузнецов Виктор Михайлович,сержант,3,18
Петров Андрей Андреевич,полковник,6,41
Степанов Сергей Никитич,лейтенант,3,46
Соловьёв Олег Михайлович,прапорщик,5,36
Никитин Роман Иванович,рядовой,11,48
Фёдоров Кирилл Иванович,полковник,10,43
Алексеев Егор Юрьевич,прапорщик,4,32
Михайлов Илья Кириллович,капитан,10,46
Кочергин Александр Максимович,полковник,3,57
Лебедев Денис Романович,майор,3,23
Лебедев Матвей Андреевич,лейтенант,7,59
Алексеев Степан Иванович,полковник,9,40
Козлов Андрей Олегович,прапорщик,9,46
Орлов Алексей Максимович,капитан,2,47
Яковлев Андрей Максимович,лейтенант,1,27
Макаров Иван Павлович,лейтенант,5,23
Яковлев Дмитрий Александрович,прапорщик,9,41
Кузнецов Егор Ильич,капитан,10,38
Петров Юрий Викторович,полковник,2,24
Иванов Константин Кириллович,лейтенант,10,40
Васильев Артём Викторович,капитан,8,39
Никитин Роман Алексеевич,прапорщик,8,55
Михайлов Юрий Романович,майор,9,51
Васильев Дмитрий Никитич,сержант,5,22
Соловьёв Иван Михайлович,майор,2,54
Николаев Дмитрий Ильич,полковник,11,42
Васильев Денис Олегович,рядовой,4,30
Захаров Илья Сергеевич,капитан,11,50
Борисов Александр Александрович,майор,8,48
Зайцев Евгений Иванович,рядовой,6,45
Петров Александр Викторович,лейтенант,8,20
Макаров Константин Андреевич,рядовой,5,54
Андреев Роман Александрович,капитан,3,36
Михайлов Виктор Александрович,полковник,2,22
Кузнецов Евгений Андреевич,капитан,3,50
Морозов Олег Михайлович,полковник,3,38
Васильев Олег Андреевич,полковник,9,33
Захаров Никита Олегович,майор,8,39
Кочергин Константин Михайлович,прапорщик,3,24
Иванов Юрий Дмитриевич,прапорщик,11,35
Кузнецов Юрий Юрьевич,лейтенант,1,34
Борисов Матвей Олегович,лейтенант,6,25
Андреев Роман Дмитриевич,рядовой,5,60
Фёдоров Павел Романович,полковник,3,47
Смирнов Дмитрий Иванович,рядовой,11,21
Кузнецов Егор Романович,полковник,10,35
Соловьёв Павел Алексеевич,лейтенант,8,49
Николаев Егор Алексеевич,майор,7,55
Яковлев Егор Алексеевич,лейтенант,10,56
Яковлев Денис Павлович,полковник,7,51
Соколов Михаил Иванович,прапорщик,12,58
Морозов Виктор Викторович,капитан,4,39
Егоров Олег Иванович,сержант,1,32
Морозов Матвей Алексеевич,прапорщик,12,53
Соловьёв Константин Александрович,сержант,5,19
Петров Денис Михайлович,прапорщик,1,19
Орлов Дмитрий Олегович,лейтенант,3,53
Кочергин Никита Михайлович,лейтенант,10,18
Козлов Матвей Павлович,прапорщик,10,33
Андреев Юрий Сергеевич,майор,10,19
Новиков Михаил Никитич,майор,1,39
Морозов Дмитрий Дмитриевич,рядовой,1,30
Никитин Олег Никитич,майор,4,56
Николаев Илья Максимович,прапорщик,2,38
Захаров Павел Сергеевич,рядовой,12,60
Новиков Сергей Ильич,прапорщик,5,47
Михайлов Роман Ильич,сержант,3,57
Захаров Евгений Викторович,лейтенант,7,39
Михайлов Андрей Юрьевич,капитан,6,41
Яковлев Юрий Сергеевич,майор,4,60
Соколов Михаил Алексеевич,сержант,9,59
Борисов Никита Ильич,майор,2,23
Яковлев Кирилл Максимович,рядовой,1,43
Васильев Степан Алексеевич,капитан,12,23
Павлов Максим Кириллович,лейтенант,4,40
Павлов Роман Сергеевич,сержант,11,58
Кочергин Егор Максимович,полковник,7,48
Егоров Александр Михайлович,прапорщик,7,31
Соловьёв Михаил Дмитриевич,лейтенант,2,35
Сидоров Александр Максимович,прапорщик,10,48
Новиков Степан Максимович,лейтенант,10,47
Кочергин Дмитрий Иванович,сержант,11,40
Соколов Константин Александрович,майор,10,19
Николаев Юрий Павлович,майор,2,45
Алексеев Павел Ильич,сержант,5,55
Егоров Евгений Михайлович,полковник,4,43
Егоров Степан Юрьевич,прапорщик,7,59
Соколов Роман Викторович,майор,7,35
Козлов Илья Павлович,капитан,8,53
Зайцев Евгений Андреевич,рядовой,12,35
Соколов Константин Сергеевич,полковник,1,31
Яковлев Евгений Дмитриевич,рядовой,6,35
Новиков Денис Андреевич,рядовой,11,33
Яковлев Денис Михайлович,капитан,11,49
Михайлов Андрей Алексеевич,майор,3,29
Павлов Павел Алексеевич,капитан,10,19
Фёдоров Евгений Алексеевич,капитан,5,29
Захаров Олег Кириллович,капитан,1,31
Соколов Михаил Олегович,лейтенант,3,32
Егоров Иван Андреевич,полковник,10,23
Иванов Матвей Дмитриевич,рядовой,12,31
Павлов Андрей Викторович,лейтенант,12,43
Соколов Сергей Ильич,сержант,8,36
Яковлев Константин Романович,лейтенант,10,53
Кочергин Константин Викторович,сержант,1,20
Алексеев Дмитрий Иванович,рядовой,11,47
Зайцев Андрей Викторович,капитан,11,60
Иванов Кирилл Алексеевич,капитан,3,32
Морозов Максим Никитич,полковник,5,32
Новиков Илья Андреевич,полковник,8,18
Семёнов Егор Дмитриевич,полковник,5,51
Васильев Егор Алексеевич,сержант,1,54
Семёнов Артём Викторович,капитан,6,36
Васильев Алексей Олегович,капитан,11,19
Андреев Андрей Михайлович,прапорщик,10,23
Сидоров Никита Александрович,сержант,11,33
Морозов Никита Михайлович,лейтенант,9,25
Павлов Степан Алексеевич,майор,6,45
Кузнецов Матвей Никитич,рядовой,3,39
Зайцев Кирилл Кириллович,прапорщик,9,43
Никитин Степан Сергеевич,сержант,11,49
Павлов Александр Викторович,прапорщик,6,57
Козлов Константин Викторович,рядовой,7,30
Иванов Евгений Андреевич,полковник,2,38
Иванов Артём Сергеевич,прапорщик,1,57
Степанов Никита Андреевич,полковник,11,36
Николаев Степан Никитич,прапорщик,3,28
Кочергин Егор Юрьевич,майор,7,57
Алексеев Егор Александрович,полковник,10,39
Павлов Константин Иванович,прапорщик,1,27
Николаев Егор Викторович,рядовой,8,42
Кузнецов Александр Сергеевич,сержант,6,54
Морозов Евгений Максимович,майор,1,47
Смирнов Андрей Алексеевич,лейтенант,2,23
Соколов Виктор Олегович,майор,5,26
Сидоров Андрей Максимович,капитан,8,44
Петров Константин Сергеевич,прапорщик,10,41
Васильев Максим Алексеевич,лейтенант,8,41
Семёнов Денис Михайлович,майор,6,31
Сидоров Степан Александрович,сержант,12,25
Степанов Павел Алексеевич,майор,2,29
Борисов Александр Андреевич,капитан,6,58
Васильев Павел Иванович,сержант,12,52
Захаров Александр Олегович,прапорщик,4,51
Павлов Матвей Павлович,прапорщик,6,55
Никитин Кирилл Павлович,лейтенант,4,20
Никитин Максим Дмитриевич,прапорщик,7,24
Смирнов Юрий Викторович,майор,9,41
Кузнецов Константин Павлович,лейтенант,5,31
Николаев Егор Сергеевич,рядовой,9,51
Егоров Егор Ильич,лейтенант,1,29
Соловьёв Олег Дмитриевич,лейтенант,3,57
Кочергин Денис Алексеевич,рядовой,2,54
Кузнецов Евгений Романович,сержант,8,46
Михайлов Денис Михайлович,капитан,11,36
Степанов Роман Михайлович,полковник,4,24
Орлов Сергей Кириллович,прапорщик,1,24
Смирнов Виктор Викторович,майор,5,47
Соколов Илья Юрьевич,сержант,10,22
Макаров Андрей Викторович,полковник,5,47
Павлов Константин Романович,лейтенант,10,30
Захаров Сергей Кириллович,сержант,1,33
Кочергин Андрей Романович,полковник,3,30
Семёнов Евгений Андреевич,полковник,2,21
Кузнецов Артём Юрьевич,сержант,10,56
Козлов Максим Дмитриевич,лейтенант,10,39
Павлов Павел Сергеевич,сержант,2,46
Лебедев Матвей Дмитриевич,сержант,9,31
Попов Роман Никитич,лейтенант,8,58
Петров Михаил Сергеевич,полковник,9,33
Николаев Михаил Дмитриевич,рядовой,7,45
Борисов Виктор Павлович,капитан,7,43
Николаев Алексей Олегович,лейтенант,3,19
Кочергин Кирилл Андреевич,лейтенант,1,26
Макаров Андрей Ильич,капитан,5,22
Зайцев Олег Михайлович,полковник,8,55
Сидоров Сергей Ильич,сержант,7,48
Яковлев Артём Дмитриевич,полковник,1,53
Лебедев Евгений Андреевич,майор,8,34
Михайлов Иван Ильич,капитан,4,24
Яковлев Илья Александрович,майор,2,44
Петров Сергей Александрович,майор,6,53
Сидоров Виктор Викторович,сержант,1,45
Николаев Андрей Юрьевич,сержант,11,24
Соколов Александр Михайлович,прапорщик,3,28
Сидоров Кирилл Иванович,полковник,2,19
Макаров Юрий Кириллович,рядовой,11,59
Сидоров Андрей Юрьевич,капитан,12,54
Степанов Роман Романович,рядовой,6,32
Попов Никита Никитич,лейтенант,1,21
Сидоров Матвей Максимович,лейтенант,3,57
Лебедев Максим Михайлович,лейтенант,8,55
Павлов Андрей Андреевич,рядовой,10,35
Михайлов Павел Юрьевич,майор,11,45
Соколов Алексей Алексеевич,майор,9,19
Сидоров Дмитрий Андреевич,рядовой,6,58
Николаев Константин Андреевич,прапорщик,11,32
Соловьёв Роман Дмитриевич,лейтенант,3,20
Кочергин Денис Ильич,лейтенант,2,48
Захаров Денис Кириллович,майор,12,41
Смирнов Юрий Александрович,капитан,9,57
Морозов Степан Кириллович,лейтенант,2,24
Никитин Алексей Никитич,лейтенант,8,38
Смирнов Степан Иванович,сержант,6,44
Макаров Иван Максимович,сержант,10,42
Орлов Матвей Алексеевич,полковник,5,40
Петров Матвей Александрович,лейтенант,8,55
Орлов Матвей Юрьевич,прапорщик,4,39
Смирнов Сергей Алексеевич,лейтенант,6,39
Алексеев Олег Александрович,сержант,1,32
Макаров Матвей Викторович,лейтенант,10,27
Андреев Михаил Романович,полковник,8,37
Попов Матвей Викторович,капитан,3,22
Иванов Максим Олегович,полковник,9,32
Новиков Сергей Максимович,майор,12,30
Яковлев Константин Викторович,капитан,7,34
Михайлов Олег Дмитриевич,рядовой,8,51
Фёдоров Денис Максимович,рядовой,3,55
Зайцев Денис Андреевич,рядовой,8,43
Борисов Андрей Дмитриевич,капитан,10,29
Соловьёв Никита Павлович,майор,7,36
Андреев Павел Олегович,сержант,3,52
Козлов Никита Алексеевич,лейтенант,9,19
Соловьёв Павел Иванович,прапорщик,9,50
Кочергин Сергей Михайлович,прапорщик,10,26
Степанов Роман Иванович,сержант,2,40
Морозов Кирилл Павлович,полковник,2,59
Яковлев Константин Кириллович,лейтенант,10,32
Смирнов Сергей Александрович,лейтенант,1,20
Козлов Михаил Олегович,майор,2,35
Новиков Андрей Ильич,лейтенант,6,55
Николаев Константин Александрович,капитан,8,47
Лебедев Андрей Никитич,сержант,6,43
Михайлов Алексей Викторович,прапорщик,6,20
Семёнов Никита Максимович,майор,7,52
Николаев Никита Ильич,капитан,7,52
Попов Денис Михайлович,майор,10,39
Иванов Никита Иванович,майор,2,29
Фёдоров Дмитрий Алексеевич,лейтенант,8,44
Павлов Егор Сергеевич,полковник,1,21
Петров Юрий Алексеевич,полковник,10,44
Яковлев Алексей Никитич,рядовой,9,47
Соколов Роман Никитич,капитан,8,60
Андреев Максим Максимович,капитан,7,30
Смирнов Кирилл Андреевич,рядовой,5,29
Морозов Константин Никитич,капитан,12,47
Петров Дмитрий Сергеевич,полковник,12,20
Смирнов Степан Ильич,рядовой,10,55
Борисов Андрей Романович,рядовой,8,50
Васильев Роман Павлович,майор,8,54
Андреев Егор Павлович,сержант,3,59
Кузнецов Олег Алексеевич,капитан,8,24
Макаров Никита Александрович,сержант,10,60
Васильев Андрей Павлович,прапорщик,11,46
Соколов Денис Никитич,полковник,7,56
Смирнов Алексей Александрович,полковник,7,42
Орлов Виктор Никитич,прапорщик,1,25
Семёнов Михаил Романович,капитан,11,50
Андреев Алексей Никитич,полковник,12,18
Смирнов Андрей Михайлович,сержант,9,55
Макаров Егор Александрович,полковник,3,25
Соловьёв Алексей Александрович,капитан,4,35
Семёнов Никита Кириллович,капитан,5,43
Смирнов Матвей Романович,полковник,12,43
Новиков Алексей Алексеевич,сержант,9,40
Алексеев Илья Александрович,капитан,9,25
Яковлев Евгений Павлович,майор,6,22
Орлов Степан Юрьевич,полковник,8,40
Макаров Дмитрий Андреевич,капитан,3,26
Алексеев Михаил Михайлович,майор,12,34
Андреев Андрей Викторович,майор,8,19
Борисов Алексей Андреевич,полковник,3,51
Николаев Дмитрий Никитич,прапорщик,10,45
Борисов Олег Сергеевич,полковник,1,20
Козлов Алексей Кириллович,лейтенант,8,26
Яковлев Денис Андреевич,капитан,11,60
Смирнов Олег Андреевич,рядовой,1,51
Алексеев Кирилл Никитич,полковник,5,29
Николаев Матвей Михайлович,майор,6,39
Зайцев Михаил Кириллович,лейтенант,11,59
Борисов Артём Максимович,полковник,11,31
Никитин Павел Иванович,капитан,1,20
Яковлев Сергей Андреевич,майор,4,40
Иванов Максим Олегович,сержант,7,39
Соловьёв Максим Алексеевич,полковник,12,52
Семёнов Олег Ильич,лейтенант,7,34
Соколов Юрий Михайлович,капитан,9,24
Соловьёв Константин Романович,капитан,7,42
Морозов Олег Сергеевич,рядовой,1,55
Васильев Сергей Ильич,капитан,1,55
Фёдоров Сергей Алексеевич,прапорщик,3,50
Андреев Роман Андреевич,рядовой,3,23
Кузнецов Алексей Дмитриевич,лейтенант,1,51
Фёдоров Роман Сергеевич,сержант,11,40
Соловьёв Илья Сергеевич,лейтенант,3,32
Козлов Никита Юрьевич,рядовой,2,45
Новиков Кирилл Дмитриевич,лейтенант,3,39
Кузнецов Евгений Андреевич,капитан,11,45
Иванов Андрей Романович,майор,4,39
Семёнов Денис Максимович,прапорщик,7,18
Васильев Александр Ильич,майор,10,35
Семёнов Евгений Алексеевич,лейтенант,4,49
Семёнов Кирилл Максимович,рядовой,8,45
Орлов Илья Сергеевич,рядовой,1,52
Морозов Юрий Михайлович,рядовой,8,44
Никитин Степан Олегович,майор,10,25
Степанов Виктор Никитич,майор,11,41
Борисов Константин Михайлович,полковник,6,55
Семёнов Никита Алексеевич,полковник,10,49
Семёнов Максим Романович,полковник,1,25
Семёнов Алексей Юрьевич,рядовой,12,46
Соколов Александр Дмитриевич,лейтенант,4,51
Степанов Илья Иванович,майор,2,36
Козлов Илья Викторович,прапорщик,4,47
Кузнецов Илья Сергеевич,полковник,7,30
Алексеев Денис Александрович,прапорщик,7,18
Андреев Дмитрий Михайлович,прапорщик,5,28
Лебедев Денис Юрьевич,полковник,2,55
Петров Евгений Максимович,рядовой,11,46
Кузнецов Андрей Никитич,прапорщик,5,59
Соколов Степан Юрьевич,полковник,12,49
Васильев Дмитрий Романович,прапорщик,9,28
Соловьёв Юрий Александрович,полковник,12,43
Николаев Роман Михайлович,прапорщик,12,44
Андреев Денис Кириллович,капитан,11,48
Смирнов Максим Павлович,рядовой,3,21
Васильев Роман Никитич,капитан,8,42
Николаев Андрей Никитич,полковник,8,48
Никитин Егор Алексеевич,лейтенант,1,34
Андреев Никита Сергеевич,лейтенант,11,60
Васильев Михаил Алексеевич,майор,9,19
Фёдоров Артём Михайлович,прапорщик,5,37
Попов Егор Дмитриевич,сержант,2,21
Семёнов Сергей Алексеевич,сержант,1,22
Михайлов Никита Никитич,рядовой,12,42
Семёнов Михаил Романович,майор,3,46
Петров Роман Максимович,майор,6,46
Орлов Максим Алексеевич,майор,8,37
Михайлов Максим Викторович,полковник,2,43
Алексеев Михаил Ильич,лейтенант,10,39
Морозов Никита Дмитриевич,капитан,6,29
Фёдоров Сергей Алексеевич,полковник,2,31
Иванов Максим Викторович,майор,5,32
Новиков Сергей Максимович,сержант,3,58
Зайцев Никита Александрович,рядовой,10,42
Степанов Артём Сергеевич,прапорщик,10,48
Попов Дмитрий Викторович,капитан,5,58
Васильев Максим Кириллович,майор,3,58
Семёнов Андрей Александрович,полковник,8,44
Яковлев Михаил Алексеевич,майор,6,59
Попов Алексей Александрович,капитан,5,54
Лебедев Матвей Кириллович,сержант,11,30
Лебедев Никита Дмитриевич,полковник,6,45
Орлов Михаил Юрьевич,прапорщик,12,47
Семёнов Илья Викторович,рядовой,7,52
Зайцев Максим Сергеевич,прапорщик,8,32
Васильев Андрей Сергеевич,полковник,12,24
Алексеев Павел Иванович,полковник,9,31
Сидоров Андрей Павлович,капитан,8,36
Смирнов Кирилл Викторович,капитан,6,46
Кузнецов Матвей Иванович,лейтенант,2,41
Степанов Андрей Александрович,полковник,10,33
Васильев Илья Алексеевич,прапорщик,2,43
Соловьёв Юрий Алексеевич,рядовой,4,49
Алексеев Артём Максимович,рядовой,2,25
Соколов Матвей Андреевич,лейтенант,2,31
Никитин Роман Сергеевич,прапорщик,8,22
Орлов Константин Павлович,сержант,2,60
Захаров Артём Юрьевич,лейтенант,1,50
Фёдоров Андрей Олегович,лейтенант,12,37
Козлов Матвей Ильич,капитан,9,45
Яковлев Виктор Кириллович,лейтенант,2,25
Петров Олег Никитич,рядовой,6,25
Никитин Кирилл Кириллович,лейтенант,8,50
Кочергин Иван Александрович,рядовой,2,49
Алексеев Егор Сергеевич,полковник,10,22
Соколов Юрий Алексеевич,прапорщик,2,41
Николаев Дмитрий Михайлович,капитан,1,44
Яковлев Сергей Ильич,капитан,6,46
Никитин Виктор Сергеевич,полковник,7,29
Яковлев Александр Сергеевич,полковник,10,47
Иванов Александр Максимович,капитан,3,19
Морозов Олег Олегович,капитан,11,40
Соловьёв Денис Ильич,лейтенант,11,54
Андреев Артём Кириллович,капитан,8,26
Новиков Андрей Максимович,рядовой,3,59
Николаев Виктор Александрович,рядовой,9,27
Соколов Юрий Никитич,лейтенант,8,48
Алексеев Олег Олегович,майор,10,41
Семёнов Иван Иванович,полковник,9,29
Зайцев Максим Романович,рядовой,3,30
Алексеев Олег Никитич,прапорщик,11,53
Степанов Олег Михайлович,капитан,6,54
Николаев Никита Дмитриевич,лейтенант,7,29
Петров Степан Александрович,рядовой,12,19
Петров Юрий Ильич,лейтенант,4,56
Козлов Юрий Максимович,майор,2,42
Фёдоров Роман Максимович,сержант,9,54
Зайцев Олег Сергеевич,капитан,2,39
Иванов Евгений Дмитриевич,сержант,4,20
Попов Никита Викторович,майор,8,49
Семёнов Михаил Кириллович,сержант,11,42
Борисов Александр Викторович,рядовой,2,46
Яковлев Сергей Романович,сержант,12,39
Егоров Евгений Александрович,полковник,5,33
Борисов Юрий Михайлович,лейтенант,6,50
Сидоров Алексей Сергеевич,рядовой,4,32
Кочергин Никита Сергеевич,капитан,10,22
Борисов Роман Сергеевич,сержант,10,50
Никитин Денис Викторович,майор,1,25
Яковлев Павел Иванович,сержант,2,49
Сидоров Кирилл Андреевич,прапорщик,12,53
Соколов Дмитрий Юрьевич,капитан,2,39
Захаров Александр Романович,лейтенант,6,54
Соколов Дмитрий Дмитриевич,капитан,11,40
Макаров Матвей Алексеевич,майор,8,34
Козлов Андрей Олегович,капитан,5,28
Лебедев Евгений Викторович,прапорщик,7,45
Зайцев Егор Олегович,лейтенант,8,48
Никитин Дмитрий Максимович,прапорщик,5,20
Макаров Денис Романович,сержант,11,24
Лебедев Евгений Андреевич,капитан,1,20
Попов Юрий Павлович,прапорщик,12,38
Андреев Кирилл Дмитриевич,полковник,8,37
Никитин Дмитрий Иванович,сержант,8,29
Орлов Олег Кириллович,прапорщик,4,26
Борисов Константин Кириллович,полковник,12,57
Орлов Сергей Иванович,сержант,5,25
Захаров Андрей Сергеевич,полковник,2,31
Козлов Евгений Олегович,майор,2,42
Михайлов Максим Кириллович,капитан,3,54
Морозов Илья Александрович,лейтенант,2,38
Лебедев Виктор Олегович,полковник,1,25
Борисов Кирилл Олегович,прапорщик,1,52
Егоров Михаил Иванович,прапорщик,10,18
Зайцев Иван Александрович,сержант,7,50
Борисов Кирилл Алексеевич,прапорщик,12,41
Петров Артём Михайлович,прапорщик,3,52
Яковлев Матвей Александрович,капитан,1,26
Семёнов Павел Кириллович,рядовой,11,23
Егоров Константин Юрьевич,капитан,11,53
Петров Павел Викторович,лейтенант,5,57
Николаев Евгений Никитич,лейтенант,4,57
Лебедев Никита Михайлович,капитан,9,29
Никитин Максим Михайлович,рядовой,9,50
Павлов Константин Дмитриевич,полковник,4,29
Зайцев Кирилл Павлович,лейтенант,10,32
Егоров Илья Иванович,майор,8,42
Никитин Роман Александрович,полковник,1,49
Андреев Виктор Иванович,полковник,8,35
Яковлев Иван Никитич,прапорщик,1,45
Козлов Евгений Сергеевич,рядовой,6,34
Морозов Никита Андреевич,капитан,9,41
Козлов Андрей Александрович,прапорщик,6,49
Макаров Дмитрий Иванович,капитан,2,27
Соловьёв Сергей Сергеевич,сержант,8,34
Лебедев Константин Никитич,рядовой,4,46
Васильев Максим Михайлович,прапорщик,1,24
Яковлев Максим Олегович,сержант,12,28
Сидоров Алексей Павлович,полковник,12,20
Николаев Максим Михайлович,лейтенант,2,52
Михайлов Кирилл Олегович,майор,11,22
Смирнов Евгений Олегович,рядовой,10,41
Морозов Олег Никитич,рядовой,10,56
Зайцев Матвей Викторович,лейтенант,1,49
Васильев Степан Алексеевич,майор,12,44
Васильев Кирилл Александрович,рядовой,7,57
Егоров Кирилл Павлович,прапорщик,8,51
Борисов Илья Олегович,лейтенант,9,51
Макаров Олег Андреевич,рядовой,12,45
Андреев Артём Дмитриевич,майор,10,55
Кузнецов Михаил Алексеевич,рядовой,6,41
Никитин Матвей Михайлович,капитан,12,50
Кочергин Иван Максимович,рядовой,7,41
Соловьёв Виктор Алексеевич,майор,8,40
Новиков Илья Андреевич,полковник,8,33
Лебедев Илья Алексеевич,капитан,8,24
Иванов Андрей Юрьевич,сержант,3,55
Смирнов Артём Сергеевич,прапорщик,4,18
Козлов Павел Никитич,майор,4,56
Алексеев Константин Алексеевич,рядовой,11,27
Яковлев Илья Кириллович,рядовой,11,32
Морозов Сергей Михайлович,сержант,10,25
Борисов Роман Ильич,капитан,1,53
Никитин Алексей Ильич,полковник,2,60
Смирнов Алексей Кириллович,сержант,4,21
Иванов Константин Максимович,полковник,5,23
Макаров Егор Викторович,капитан,11,24
Егоров Михаил Иванович,прапорщик,7,46
Кузнецов Степан Олегович,майор,8,60
Васильев Александр Юрьевич,полковник,7,54
Попов Алексей Викторович,капитан,12,50
Николаев Дмитрий Павлович,полковник,8,43
Кузнецов Степан Олегович,майор,11,23
Захаров Сергей Андреевич,сержант,10,26
Смирнов Павел Алексеевич,лейтенант,10,60
Михайлов Матвей Иванович,рядовой,6,45
Борисов Евгений Дмитриевич,рядовой,2,48
Фёдоров Иван Олегович,капитан,1,56
Алексеев Виктор Алексеевич,полковник,8,38
Лебедев Юрий Романович,сержант,8,57
Петров Илья Андреевич,майор,10,25
Яковлев Олег Максимович,лейтенант,10,50
Андреев Дмитрий Викторович,рядовой,2,30
Орлов Евгений Романович,лейтенант,1,25
Фёдоров Степан Олегович,капитан,8,44
Новиков Алексей Дмитриевич,капитан,6,54
Иванов Алексей Ильич,рядовой,6,49
Соколов Олег Максимович,лейтенант,6,49
Николаев Матвей Никитич,полковник,4,30
Морозов Кирилл Викторович,рядовой,6,33
Михайлов Иван Иванович,полковник,1,51
Павлов Илья Олегович,полковник,3,37
Степанов Олег Олегович,прапорщик,11,29
Смирнов Илья Дмитриевич,лейтенант,10,41
Попов Степан Максимович,капитан,6,25
Соколов Иван Иванович,полковник,9,43
Орлов Евгений Юрьевич,лейтенант,1,38
Алексеев Никита Кириллович,полковник,9,21
Никитин Константин Романович,полковник,5,46
Захаров Дмитрий Михайлович,полковник,4,54
Никитин Егор Андреевич,сержант,12,56
Козлов Никита Андреевич,лейтенант,10,33
Захаров Андрей Андреевич,майор,9,18
Васильев Александр Иванович,рядовой,4,31
Макаров Олег Максимович,полковник,6,33
Сидоров Иван Иванович,прапорщик,5,22
Кочергин Матвей Михайлович,лейтенант,2,25
Фёдоров Михаил Дмитриевич,сержант,12,31
Смирнов Матвей Павлович,полковник,6,35
Никитин Кирилл Юрьевич,лейтенант,3,49
Смирнов Степан Александрович,полковник,6,39
Никитин Алексей Андреевич,капитан,1,44
Петров Юрий Ильич,лейтенант,5,55
Кузнецов Степан Андреевич,капитан,7,57
Захаров Артём Александрович,полковник,4,47
Яковлев Роман Кириллович,лейтенант,12,18
Новиков Степан Ильич,лейтенант,9,29
Смирнов Кирилл Дмитриевич,рядовой,12,30
Алексеев Михаил Дмитриевич,майор,12,25
Никитин Егор Дмитриевич,рядовой,8,37
Попов Сергей Ильич,сержант,3,29
Смирнов Сергей Михайлович,рядовой,8,40
Новиков Роман Алексеевич,сержант,5,24
Макаров Степан Юрьевич,лейтенант,11,40
Сидоров Егор Андреевич,лейтенант,7,46
Орлов Виктор Ильич,прапорщик,5,41
Новиков Михаил Дмитриевич,капитан,8,27
Егоров Александр Михайлович,майор,5,24
Фёдоров Виктор Кириллович,лейтенант,2,58
Зайцев Дмитрий Дмитриевич,лейтенант,7,37
Лебедев Никита Ильич,прапорщик,4,41
Соловьёв Максим Викторович,майор,6,36
Новиков Сергей Олегович,полковник,2,57
Иванов Михаил Дмитриевич,лейтенант,5,28
Иванов Константин Дмитриевич,майор,12,18
Петров Александр Максимович,сержант,3,34
Николаев Иван Павлович,майор,5,31
Васильев Иван Сергеевич,капитан,4,22
Козлов Александр Павлович,капитан,12,58
Иванов Степан Юрьевич,майор,6,41
Лебедев Артём Максимович,сержант,8,52
Морозов Егор Алексеевич,прапорщик,11,32
Алексеев Артём Александрович,прапорщик,8,59
Макаров Степан Максимович,прапорщик,3,32
Новиков Матвей Максимович,сержант,1,46
Морозов Роман Алексеевич,капитан,1,54
Соколов Егор Сергеевич,капитан,3,56
Сидоров Никита Михайлович,лейтенант,11,55
Лебедев Константин Юрьевич,прапорщик,9,26
Борисов Роман Никитич,прапорщик,11,32
Новиков Андрей Викторович,майор,4,45
Козлов Юрий Ильич,полковник,6,39
Фёдоров Андрей Сергеевич,сержант,11,41
Макаров Дмитрий Дмитриевич,капитан,9,38
Козлов Илья Юрьевич,сержант,3,41
Козлов Егор Михайлович,прапорщик,4,31
Сидоров Константин Александрович,прапорщик,9,55
Степанов Максим Викторович,майор,5,23
Козлов Степан Алексеевич,капитан,1,29
Алексеев Максим Павлович,майор,11,29
Николаев Егор Никитич,капитан,9,35
Павлов Дмитрий Романович,прапорщик,10,57
Андреев Юрий Романович,капитан,8,41
Макаров Артём Максимович,полковник,5,21
Степанов Денис Павлович,майор,7,43
Соловьёв Артём Дмитриевич,майор,10,43
Егоров Алексей Романович,лейтенант,2,22
Захаров Виктор Дмитриевич,майор,1,58
Новиков Андрей Олегович,сержант,5,44
Николаев Александр Сергеевич,капитан,10,47
Алексеев Павел Андреевич,полковник,9,34
Попов Константин Иванович,прапорщик,10,39
Кочергин Юрий Ильич,прапорщик,12,20
Яковлев Александр Кириллович,лейтенант,4,35
Павлов Виктор Романович,сержант,2,39
Яковлев Никита Олегович,полковник,1,52
Захаров Виктор Ильич,сержант,3,55
Макаров Евгений Никитич,капитан,5,44
Алексеев Сергей Никитич,полковник,11,35
Семёнов Дмитрий Юрьевич,майор,1,40
Васильев Александр Никитич,капитан,7,40
Попов Михаил Юрьевич,майор,10,21
Никитин Кирилл Иванович,прапорщик,3,39
Семёнов Денис Никитич,полковник,1,48
Соловьёв Константин Никитич,капитан,6,39
Николаев Кирилл Александрович,рядовой,3,41
Кочергин Денис Сергеевич,рядовой,11,30
Степанов Степан Юрьевич,лейтенант,12,50
Лебедев Константин Дмитриевич,сержант,12,18
Степанов Павел Александрович,рядовой,1,58
Лебедев Константин Ильич,рядовой,6,22
Андреев Степан Олегович,майор,3,47
Лебедев Артём Михайлович,рядовой,7,54
Егоров Виктор Романович,сержант,11,30
Сидоров Александр Максимович,прапорщик,12,34
Борисов Роман Викторович,полковник,2,33
Соколов Максим Дмитриевич,капитан,1,31
Семёнов Денис Алексеевич,полковник,3,46
Васильев Юрий Александрович,капитан,2,33
Алексеев Роман Никитич,сержант,7,53
Петров Андрей Иванович,капитан,4,59
Попов Илья Никитич,капитан,10,27
Никитин Дмитрий Сергеевич,капитан,10,40
Яковлев Дмитрий Ильич,рядовой,11,54
Борисов Илья Дмитриевич,сержант,1,47
Андреев Матвей Алексеевич,капитан,5,43
Сидоров Евгений Сергеевич,полковник,5,31
Семёнов Максим Никитич,лейтенант,12,51
Лебедев Роман Кириллович,прапорщик,3,27
Никитин Кирилл Михайлович,полковник,2,23
Степанов Андрей Иванович,полковник,12,22
Захаров Александр Ильич,майор,8,47
Орлов Андрей Викторович,лейтенант,4,29
Новиков Евгений Романович,лейтенант,12,53
Новиков Кирилл Кириллович,сержант,4,47
Степанов Павел Никитич,прапорщик,1,26
Макаров Юрий Максимович,капитан,2,36
Захаров Виктор Михайлович,капитан,12,24
Лебедев Евгений Максимович,сержант,2,25
Васильев Константин Андреевич,рядовой,2,21
Смирнов Евгений Михайлович,лейтенант,11,55
Алексеев Максим Павлович,майор,10,31
Борисов Матвей Сергеевич,прапорщик,10,23
Степанов Артём Иванович,майор,6,30
Макаров Олег Максимович,капитан,10,45
Макаров Сергей Максимович,сержант,1,37
Орлов Степан Александрович,лейтенант,10,56
Никитин Виктор Дмитриевич,лейтенант,1,54
Семёнов Александр Олегович,сержант,3,30
Кузнецов Егор Олегович,лейтенант,5,56
Соловьёв Александр Дмитриевич,лейтенант,12,32
Егоров Виктор Михайлович,сержант,8,20
Никитин Артём Кириллович,сержант,10,23
Лебедев Павел Павлович,прапорщик,4,29
Николаев Константин Иванович,полковник,9,45
Михайлов Кирилл Андреевич,сержант,12,56
Морозов Сергей Юрьевич,лейтенант,11,19
Яковлев Евгений Сергеевич,прапорщик,11,32
Лебедев Роман Дмитриевич,прапорщик,9,26
Яковлев Константин Олегович,прапорщик,3,50
Михайлов Иван Максимович,сержант,4,30
Орлов Олег Сергеевич,майор,7,31
Орлов Андрей Иванович,рядовой,5,20
Степанов Константин Ильич,рядовой,12,43
Семёнов Артём Александрович,капитан,8,36
Морозов Артём Андреевич,сержант,2,37
Морозов Роман Кириллович,капитан,11,58
Лебедев Олег Александрович,капитан,9,25
Захаров Степан Ильич,сержант,2,59
Кочергин Константин Кириллович,лейтенант,12,26
Козлов Евгений Сергеевич,капитан,5,35
Зайцев Сергей Дмитриевич,майор,12,40
Козлов Павел Иванович,рядовой,5,32
Андреев Матвей Ильич,сержант,1,53
Семёнов Егор Алексеевич,майор,1,44
Соколов Максим Викторович,капитан,12,26
Кузнецов Роман Максимович,полковник,11,26
Новиков Иван Александрович,майор,8,47
Андреев Алексей Кириллович,прапорщик,8,19
Морозов Никита Михайлович,лейтенант,2,36
Васильев Илья Иванович,полковник,10,59
Семёнов Евгений Дмитриевич,майор,5,33
Попов Кирилл Михайлович,лейтенант,9,49
Петров Олег Юрьевич,капитан,5,50
Николаев Константин Павлович,рядовой,6,43
Семёнов Михаил Павлович,сержант,10,55
Иванов Степан Ильич,майор,12,30
Орлов Олег Кириллович,майор,5,34
Павлов Дмитрий Олегович,майор,11,58
Новиков Кирилл Павлович,полковник,9,50
Андреев Артём Павлович,полковник,7,28
Степанов Максим Павлович,прапорщик,10,52
Семёнов Иван Алексеевич,сержант,3,50
Соколов Роман Михайлович,полковник,11,39
Соловьёв Алексей Александрович,сержант,3,30
Смирнов Степан Кириллович,сержант,12,28
Кочергин Матвей Никитич,рядовой,11,36
Макаров Матвей Павлович,капитан,2,58
Лебедев Михаил Андреевич,полковник,3,18
Фёдоров Матвей Олегович,рядовой,2,33
Семёнов Олег Сергеевич,полковник,4,46
Орлов Константин Кириллович,рядовой,8,28
Алексеев Андрей Кириллович,капитан,3,26
Макаров Павел Сергеевич,майор,5,49
Орлов Виктор Иванович,лейтенант,9,45
Васильев Михаил Андреевич,рядовой,11,47
Андреев Андрей Кириллович,сержант,8,30
Новиков Иван Романович,прапорщик,6,40
Макаров Виктор Ильич,капитан,8,21
Андреев Денис Максимович,прапорщик,8,40
Борисов Артём Кириллович,майор,11,20
Смирнов Сергей Иванович,майор,6,54
Кочергин Денис Никитич,прапорщик,3,52
Васильев Юрий Алексеевич,рядовой,11,28
Зайцев Кирилл Юрьевич,прапорщик,12,29
Сидоров Максим Иванович,майор,4,50
Морозов Артём Максимович,рядовой,8,35
Иванов Иван Никитич,прапорщик,4,37
Смирнов Илья Романович,прапорщик,11,49
Николаев Алексей Максимович,капитан,4,51
Борисов Юрий Юрьевич,сержант,10,40
Егоров Юрий Андреевич,майор,4,35
Орлов Павел Романович,прапорщик,11,57
Захаров Артём Романович,майор,7,50
Смирнов Степан Сергеевич,рядовой,10,26
Попов Андрей Никитич,сержант,2,27
Алексеев Михаил Ильич,прапорщик,8,29
Егоров Михаил Дмитриевич,полковник,6,26
Кочергин Дмитрий Олегович,капитан,11,57
Фёдоров Денис Юрьевич,лейтенант,8,44
Борисов Юрий Ильич,майор,5,24
Козлов Дмитрий Олегович,прапорщик,6,29
Зайцев Иван Олегович,полковник,2,50
Макаров Матвей Андреевич,капитан,1,47
Иванов Дмитрий Дмитриевич,полковник,2,36
Кочергин Максим Сергеевич,капитан,6,22
Козлов Матвей Алексеевич,лейтенант,5,46
Захаров Олег Михайлович,сержант,6,29
Попов Иван Олегович,сержант,4,48
Сидоров Дмитрий Дмитриевич,сержант,6,54
Андреев Артём Михайлович,майор,1,44
Алексеев Максим Максимович,майор,5,19
Соловьёв Павел Кириллович,сержант,12,57
Макаров Максим Викторович,рядовой,3,42
Иванов Константин Иванович,капитан,8,34
Лебедев Степан Алексеевич,полковник,3,28
Андреев Виктор Романович,рядовой,12,33
Фёдоров Александр Александрович,лейтенант,9,47
Соколов Артём Романович,прапорщик,9,29
Зайцев Никита Максимович,майор,8,49
Соколов Константин Юрьевич,полковник,4,32
Алексеев Илья Олегович,полковник,12,58
Борисов Роман Романович,прапорщик,12,48
Михайлов Евгений Юрьевич,рядовой,3,59
Борисов Олег Павлович,полковник,8,34
Кочергин Сергей Ильич,капитан,8,45
Сидоров Александр Максимович,прапорщик,5,51
Орлов Роман Иванович,майор,7,54
Николаев Андрей Михайлович,майор,2,56
Павлов Юрий Ильич,капитан,4,41
Степанов Никита Максимович,капитан,5,21
Соколов Павел Алексеевич,сержант,1,31
Кочергин Алексей Максимович,полковник,5,57
Сидоров Павел Викторович,лейтенант,8,28
Захаров Юрий Викторович,полковник,12,26
Павлов Никита Дмитриевич,рядовой,1,42
Кузнецов Егор Алексеевич,лейтенант,1,25
Попов Кирилл Иванович,капитан,6,49
Андреев Алексей Иванович,прапорщик,12,37
Яковлев Иван Кириллович,капитан,11,27
Иванов Илья Сергеевич,майор,7,37
Борисов Артём Михайлович,прапорщик,12,29
Иванов Алексей Александрович,прапорщик,9,49
Яковлев Алексей Михайлович,полковник,5,44
Семёнов Денис Юрьевич,рядовой,12,39
Козлов Евгений Павлович,полковник,9,57
Николаев Евгений Дмитриевич,капитан,5,48
Соколов Юрий Викторович,майор,7,24
Яковлев Андрей Викторович,лейтенант,1,38
Попов Олег Юрьевич,сержант,7,27
Васильев Павел Михайлович,рядовой,4,44
Егоров Артём Павлович,прапорщик,3,30
Петров Сергей Иванович,капитан,4,56
Кузнецов Матвей Алексеевич,рядовой,8,38
Павлов Никита Сергеевич,рядовой,3,20
Николаев Иван Александрович,майор,4,29
Алексеев Иван Кириллович,лейтенант,6,39
Макаров Евгений Юрьевич,капитан,11,53
Козлов Кирилл Юрьевич,лейтенант,8,54
Егоров Евгений Михайлович,капитан,8,52
Иванов Олег Александрович,лейтенант,6,34
Соколов Александр Дмитриевич,лейтенант,10,38
Лебедев Андрей Максимович,рядовой,7,30
Петров Юрий Максимович,лейтенант,4,29
Новиков Андрей Александрович,рядовой,5,58
Захаров Артём Кириллович,майор,6,44
Михайлов Иван Дмитриевич,майор,8,23
Васильев Юрий Романович,прапорщик,7,32
Орлов Максим Алексеевич,полковник,11,27
Зайцев Виктор Сергеевич,лейтенант,10,51
Андреев Степан Ильич,лейтенант,3,48
Попов Михаил Кириллович,рядовой,6,33
Егоров Максим Романович,рядовой,11,36
Морозов Матвей Михайлович,капитан,5,35
Семёнов Роман Ильич,прапорщик,1,54
Зайцев Матвей Алексеевич,лейтенант,6,40
Смирнов Дмитрий Ильич,капитан,9,21
Захаров Илья Михайлович,лейтенант,5,42
Морозов Константин Кириллович,майор,2,47
Кузнецов Евгений Андреевич,полковник,9,52
Яковлев Иван Романович,капитан,6,52
Козлов Матвей Михайлович,полковник,2,28
Соловьёв Илья Никитич,сержант,7,52
Кузнецов Егор Александрович,прапорщик,9,33
Николаев Роман Алексеевич,прапорщик,8,20
Никитин Иван Алексеевич,капитан,7,44
Алексеев Александр Никитич,рядовой,12,36
Попов Иван Романович,полковник,3,29
Семёнов Иван Сергеевич,рядовой,12,30
Степанов Алексей Никитич,полковник,10,49
Козлов Денис Юрьевич,прапорщик,5,44
Макаров Максим Андреевич,лейтенант,9,57
Андреев Юрий Максимович,полковник,6,40
Павлов Олег Кириллович,сержант,1,40
Петров Павел Дмитриевич,сержант,7,54
Николаев Виктор Алексеевич,полковник,1,40
Павлов Константин Максимович,майор,4,59
Кочергин Олег Дмитриевич,сержант,9,52
Смирнов Роман Сергеевич,лейтенант,7,46
Козлов Михаил Андреевич,полковник,3,21
Яковлев Юрий Александрович,полковник,5,41
Семёнов Кирилл Дмитриевич,прапорщик,5,28
Петров Андрей Никитич,лейтенант,1,49
Зайцев Олег Никитич,полковник,7,24
Васильев Александр Кириллович,полковник,8,38
Кузнецов Матвей Алексеевич,капитан,2,34
Захаров Дмитрий Никитич,майор,5,31
Макаров Иван Юрьевич,прапорщик,10,22
Захаров Егор Никитич,лейтенант,4,34
Захаров Степан Ильич,рядовой,12,52
Макаров Евгений Дмитриевич,капитан,5,34
Иванов Степан Ильич,прапорщик,12,22
Борисов Дмитрий Михайлович,капитан,3,56
Захаров Егор Алексеевич,майор,7,53
Зайцев Константин Сергеевич,майор,12,22
Сидоров Павел Максимович,капитан,6,43
Семёнов Иван Романович,полковник,11,23
Зайцев Юрий Никитич,майор,1,43
Кузнецов Илья Алексеевич,прапорщик,12,45
Лебедев Константин Павлович,полковник,2,52
Михайлов Олег Максимович,капитан,6,28
Морозов Евгений Максимович,полковник,12,25
Захаров Андрей Юрьевич,майор,3,40
Лебедев Егор Викторович,капитан,6,56
Козлов Иван Олегович,сержант,12,50
Степанов Кирилл Никитич,рядовой,3,33
Никитин Никита Дмитриевич,майор,7,46
Захаров Виктор Юрьевич,прапорщик,7,33
Егоров Евгений Андреевич,сержант,10,29
Смирнов Кирилл Олегович,прапорщик,7,53
Андреев Кирилл Алексеевич,полковник,10,48
Соловьёв Роман Александрович,полковник,1,44
Захаров Никита Дмитриевич,прапорщик,8,59
Никитин Евгений Андреевич,капитан,2,32
Смирнов Павел Кириллович,рядовой,1,55
Сидоров Илья Алексеевич,капитан,12,48
Смирнов Денис Кириллович,полковник,7,31
Смирнов Егор Романович,полковник,5,19
Степанов Евгений Викторович,сержант,4,24
Захаров Степан Алексеевич,сержант,6,49
Андреев Максим Романович,рядовой,1,45
Соловьёв Константин Викторович,прапорщик,3,31
Михайлов Павел Алексеевич,сержант,6,26
Алексеев Роман Олегович,лейтенант,3,40
Кочергин Александр Иванович,сержант,7,49
Орлов Евгений Олегович,капитан,8,32
Кочергин Сергей Михайлович,прапорщик,9,47
Фёдоров Максим Никитич,сержант,8,36
Козлов Максим Максимович,прапорщик,12,60
Семёнов Юрий Дмитриевич,сержант,11,59
Степанов Максим Иванович,капитан,9,28
Николаев Иван Максимович,рядовой,5,31
Сидоров Матвей Сергеевич,сержант,2,18
Смирнов Кирилл Дмитриевич,прапорщик,8,35
Лебедев Роман Андреевич,капитан,3,37
Макаров Александр Романович,майор,6,22
Степанов Сергей Дмитриевич,сержант,12,49
Кузнецов Александр Ильич,сержант,4,20
Егоров Константин Андреевич,сержант,7,50
Сидоров Роман Ильич,капитан,12,53
Алексеев Олег Андреевич,прапорщик,10,30
Попов Артём Дмитриевич,рядовой,10,50
Орлов Олег Юрьевич,рядовой,3,38
Кочергин Виктор Михайлович,рядовой,9,56
Макаров Дмитрий Александрович,сержант,2,35
Макаров Олег Андреевич,полковник,8,47
Козлов Денис Иванович,лейтенант,4,54
Кочергин Артём Юрьевич,капитан,12,22
Никитин Матвей Иванович,майор,11,54
Михайлов Олег Андреевич,сержант,12,44
Сидоров Константин Алексеевич,прапорщик,8,41
Яковлев Александр Сергеевич,полковник,5,20
Орлов Андрей Сергеевич,прапорщик,1,24
Кочергин Денис Романович,лейтенант,8,34
Лебедев Александр Сергеевич,полковник,10,51
Смирнов Павел Ильич,полковник,3,42
Кочергин Кирилл Юрьевич,сержант,11,51
Никитин Максим Ильич,лейтенант,7,40
Михайлов Павел Сергеевич,рядовой,5,52
Лебедев Евгений Кириллович,полковник,3,56
Попов Илья Кириллович,полковник,8,60
Лебедев Александр Алексеевич,прапорщик,5,22
Соловьёв Константин Михайлович,капитан,7,18
Павлов Максим Сергеевич,полковник,12,34
Новиков Степан Юрьевич,капитан,10,19
Андреев Алексей Дмитриевич,рядовой,8,43
Степанов Степан Ильич,рядовой,8,57
Смирнов Виктор Андреевич,полковник,8,21
Яковлев Михаил Максимович,рядовой,4,23
Зайцев Олег Сергеевич,майор,2,50
Соловьёв Олег Максимович,лейтенант,2,32
Соколов Павел Александрович,лейтенант,6,48
Петров Михаил Сергеевич,прапорщик,6,56
Никитин Олег Михайлович,капитан,7,44
Павлов Максим Викторович,сержант,8,45
Николаев Денис Михайлович,рядовой,7,30
Семёнов Александр Сергеевич,полковник,5,19
Егоров Егор Александрович,майор,8,46
Борисов Максим Андреевич,капитан,6,54
Сидоров Максим Иванович,полковник,11,50
Новиков Егор Иванович,майор,10,47
Степанов Павел Никитич,рядовой,12,24
Новиков Алексей Ильич,лейтенант,4,32
Иванов Иван Сергеевич,прапорщик,7,25
Егоров Дмитрий Максимович,сержант,6,58
Алексеев Михаил Романович,прапорщик,7,28
Яковлев Константин Павлович,рядовой,5,37
Соловьёв Алексей Сергеевич,капитан,5,57
Зайцев Павел Максимович,рядовой,1,51
Васильев Сергей Романович,майор,11,31
Степанов Сергей Романович,полковник,9,41
Макаров Денис Ильич,рядовой,2,30
Борисов Олег Алексеевич,прапорщик,8,44
Борисов Максим Максимович,лейтенант,1,43
Егоров Максим Михайлович,лейтенант,11,35
Никитин Андрей Михайлович,полковник,10,44
Николаев Степан Романович,капитан,4,43
Егоров Евгений Кириллович,полковник,3,38
Попов Юрий Сергеевич,полковник,8,57
Фёдоров Константин Павлович,капитан,4,58
Никитин Егор Викторович,рядовой,7,45
Морозов Степан Сергеевич,полковник,2,27
Кузнецов Константин Ильич,сержант,3,41
Иванов Максим Максимович,лейтенант,8,58
Петров Никита Романович,полковник,7,24
Никитин Алексей Андреевич,сержант,3,18
Зайцев Алексей Олегович,сержант,7,43
Никитин Максим Викторович,капитан,12,39
Макаров Артём Иванович,полковник,10,31
Иванов Матвей Павлович,рядовой,3,33
Кочергин Иван Юрьевич,прапорщик,10,55
Семёнов Степан Андреевич,майор,4,33
Николаев Илья Алексеевич,полковник,8,35
Борисов Константин Никитич,рядовой,3,55
Кочергин Егор Никитич,лейтенант,8,22
Зайцев Павел Романович,капитан,3,56
Степанов Юрий Кириллович,полковник,8,55
Кочергин Андрей Павлович,прапорщик,5,40
Никитин Никита Павлович,рядовой,5,37
Новиков Иван Ильич,прапорщик,3,18
Морозов Юрий Олегович,лейтенант,10,39
Орлов Никита Алексеевич,майор,9,23
Иванов Максим Максимович,майор,5,34
Васильев Андрей Алексеевич,капитан,12,29
Петров Кирилл Кириллович,полковник,8,28
Новиков Роман Михайлович,капитан,9,49
Новиков Иван Алексеевич,рядовой,4,49
Кузнецов Михаил Юрьевич,лейтенант,3,45
Павлов Олег Александрович,лейтенант,12,49
Козлов Юрий Никитич,полковник,5,26
Соколов Максим Максимович,полковник,4,26
Яковлев Михаил Александрович,полковник,10,36
Попов Сергей Романович,рядовой,6,22
Егоров Александр Викторович,прапорщик,7,31
Смирнов Павел Сергеевич,лейтенант,7,42
Захаров Сергей Алексеевич,капитан,8,47
Алексеев Степан Андреевич,рядовой,2,57
Орлов Дмитрий Александрович,полковник,7,44
Лебедев Дмитрий Иванович,капитан,9,40
Кочергин Кирилл Ильич,майор,1,56
Николаев Михаил Андреевич,капитан,9,58
Степанов Артём Ильич,рядовой,6,51
Зайцев Денис Иванович,лейтенант,4,50
Павлов Роман Павлович,рядовой,12,44
Смирнов Олег Павлович,прапорщик,11,34
Зайцев Александр Алексеевич,капитан,10,53
Петров Никита Юрьевич,полковник,3,41
Попов Алексей Максимович,прапорщик,10,48
Никитин Юрий Павлович,прапорщик,4,36
Кочергин Кирилл Иванович,капитан,12,22
Морозов Денис Дмитриевич,прапорщик,9,19
Кузнецов Роман Андреевич,лейтенант,6,50
Яковлев Виктор Никитич,майор,10,34
Соловьёв Евгений Юрьевич,лейтенант,10,31
Сидоров Иван Дмитриевич,майор,10,50
Никитин Степан Никитич,прапорщик,11,38
Васильев Андрей Ильич,прапорщик,9,47
Соколов Илья Романович,рядовой,5,42
Кочергин Юрий Михайлович,майор,1,37
Павлов Павел Павлович,капитан,10,21
Соколов Евгений Иванович,майор,3,45
Макаров Иван Александрович,майор,8,20
Борисов Олег Максимович,майор,11,52
Фёдоров Олег Викторович,лейтенант,2,37
Сидоров Юрий Максимович,рядовой,3,38
Захаров Кирилл Максимович,капитан,11,31
Семёнов Иван Никитич,сержант,9,43
Степанов Денис Романович,рядовой,9,30
Павлов Александр Кириллович,майор,6,21
Орлов Денис Юрьевич,прапорщик,5,38
Павлов Сергей Кириллович,прапорщик,11,56
Борисов Евгений Романович,сержант,6,21
Иванов Никита Иванович,майор,8,33
Соловьёв Михаил Павлович,рядовой,9,33
Смирнов Денис Юрьевич,прапорщик,11,21
Морозов Кирилл Павлович,капитан,7,50
Иванов Юрий Александрович,сержант,1,31
Макаров Артём Викторович,лейтенант,12,33
Васильев Александр Кириллович,прапорщик,7,45
Борисов Артём Юрьевич,прапорщик,2,19
Никитин Алексей Кириллович,полковник,11,40
Петров Михаил Кириллович,прапорщик,4,28
Орлов Максим Павлович,майор,11,40
Николаев Олег Романович,сержант,10,47
Никитин Артём Иванович,прапорщик,4,30
Николаев Андрей Кириллович,майор,5,48
Лебедев Олег Павлович,майор,6,39
Соколов Никита Алексеевич,лейтенант,5,45
Петров Матвей Кириллович,полковник,1,36
Новиков Артём Кириллович,майор,8,42
Сидоров Павел Юрьевич,прапорщик,6,37
Петров Евгений Андреевич,лейтенант,8,52
Морозов Иван Ильич,прапорщик,1,29
Орлов Константин Александрович,прапорщик,12,40
Фёдоров Евгений Викторович,сержант,12,42
Сидоров Степан Павлович,сержант,1,36
Иванов Денис Олегович,капитан,5,47
Кузнецов Виктор Кириллович,сержант,11,24
Орлов Александр Андреевич,прапорщик,3,54
Петров Виктор Юрьевич,рядовой,7,58
Орлов Виктор Алексеевич,лейтенант,12,40
Андреев Егор Андреевич,лейтенант,5,25
Алексеев Максим Сергеевич,рядовой,8,38
Никитин Илья Максимович,сержант,4,19
Попов Дмитрий Викторович,рядовой,7,18
Смирнов Иван Алексеевич,полковник,5,39
Никитин Матвей Павлович,сержант,11,48
Павлов Кирилл Олегович,майор,10,47
Борисов Иван Ильич,майор,9,36
Соловьёв Денис Юрьевич,полковник,9,56
Петров Максим Романович,майор,2,33
Зайцев Максим Викторович,лейтенант,6,27
Соколов Павел Максимович,прапорщик,9,28
Яковлев Егор Викторович,сержант,4,36
Кочергин Матвей Дмитриевич,полковник,1,36
Иванов Артём Александрович,сержант,3,48
Захаров Олег Олегович,прапорщик,2,44
Фёдоров Александр Никитич,прапорщик,10,32
Попов Михаил Ильич,прапорщик,1,43
Соловьёв Сергей Максимович,сержант,6,51
Алексеев Олег Романович,сержант,7,46
Новиков Максим Павлович,майор,7,40
Козлов Олег Дмитриевич,майор,12,25
Алексеев Сергей Максимович,сержант,4,37
Алексеев Евгений Иванович,полковник,11,42
Борисов Павел Михайлович,полковник,6,55
Никитин Степан Дмитриевич,лейтенант,2,47
Кочергин Илья Андреевич,лейтенант,5,53
Николаев Евгений Кириллович,сержант,11,59
Иванов Михаил Алексеевич,прапорщик,2,39
Петров Кирилл Юрьевич,рядовой,9,39
Степанов Виктор Александрович,рядовой,11,26
Степанов Степан Максимович,майор,11,46
Соколов Кирилл Сергеевич,рядовой,1,40
Борисов Роман Иванович,капитан,7,51
Кузнецов Денис Алексеевич,полковник,12,37
Лебедев Илья Сергеевич,прапорщик,11,29
Орлов Михаил Иванович,капитан,9,31
Захаров Александр Александрович,капитан,11,27
Лебедев Роман Викторович,капитан,2,35
Кочергин Олег Иванович,лейтенант,12,26
Кузнецов Олег Юрьевич,прапорщик,10,24
Кузнецов Кирилл Никитич,полковник,4,31
Попов Илья Максимович,прапорщик,5,34
Орлов Степан Никитич,прапорщик,9,59
Орлов Андрей Павлович,полковник,11,53
Козлов Михаил Дмитриевич,прапорщик,9,49
Егоров Максим Андреевич,лейтенант,7,29
Фёдоров Олег Алексеевич,лейтенант,2,23
Сидоров Роман Иванович,рядовой,10,51
Павлов Михаил Алексеевич,майор,5,19
Яковлев Денис Сергеевич,капитан,11,18
Новиков Сергей Максимович,майор,3,18
Егоров Илья Никитич,рядовой,3,28
Егоров Олег Иванович,полковник,3,38
Алексеев Роман Викторович,полковник,9,32
Смирнов Илья Сергеевич,лейтенант,5,36
Макаров Евгений Александрович,полковник,9,31
Козлов Матвей Юрьевич,лейтенант,4,41
Фёдоров Дмитрий Ильич,майор,7,20
Новиков Юрий Михайлович,прапорщик,9,18
Зайцев Кирилл Викторович,прапорщик,2,47
Козлов Виктор Максимович,прапорщик,5,60
Иванов Александр Алексеевич,майор,10,28
Сидоров Матвей Никитич,майор,11,38
Семёнов Денис Олегович,полковник,9,36
Захаров Егор Викторович,прапорщик,3,20
Фёдоров Матвей Дмитриевич,капитан,9,52
Кузнецов Алексей Дмитриевич,майор,2,52
Алексеев Александр Олегович,капитан,8,32
Сидоров Никита Никитич,майор,10,38
Орлов Константин Ильич,майор,3,50
Андреев Юрий Михайлович,рядовой,9,55
Козлов Олег Ильич,капитан,5,59
Петров Павел Максимович,полковник,11,24
Зайцев Иван Олегович,полковник,6,26
Орлов Михаил Иванович,рядовой,12,45
Николаев Юрий Александрович,полковник,10,43
Степанов Артём Кириллович,рядовой,2,42
Николаев Алексей Максимович,сержант,6,31
Никитин Павел Кириллович,майор,1,48
Васильев Кирилл Романович,сержант,6,33
Кочергин Егор Андреевич,прапорщик,12,50
Петров Никита Александрович,сержант,6,55
Соловьёв Матвей Павлович,рядовой,6,42
Соколов Матвей Кириллович,рядовой,7,60
Иванов Виктор Александрович,прапорщик,2,21
Борисов Виктор Павлович,лейтенант,5,57
Захаров Никита Александрович,майор,9,34
Козлов Максим Дмитриевич,сержант,2,48
Андреев Роман Иванович,полковник,2,52
Соловьёв Александр Павлович,прапорщик,10,34
Степанов Матвей Никитич,рядовой,3,58
Козлов Сергей Романович,лейтенант,6,32
Михайлов Иван Александрович,майор,3,58
Иванов Никита Михайлович,капитан,8,36
Степанов Никита Никитич,лейтенант,11,42
Лебедев Роман Романович,полковник,9,19
Морозов Артём Сергеевич,капитан,6,40
Лебедев Михаил Ильич,капитан,9,27
Орлов Юрий Викторович,майор,11,33
Новиков Кирилл Алексеевич,прапорщик,12,30
Сидоров Илья Викторович,рядовой,10,53
Егоров Роман Александрович,лейтенант,5,22
Зайцев Роман Викторович,прапорщик,3,27
Соловьёв Роман Павлович,сержант,7,48
Морозов Павел Павлович,прапорщик,4,37
Козлов Константин Кириллович,сержант,6,37
Иванов Виктор Алексеевич,полковник,1,50
Зайцев Матвей Михайлович,майор,7,36
Алексеев Денис Иванович,полковник,2,32
Егоров Матвей Кириллович,майор,5,31
Зайцев Константин Олегович,рядовой,5,54
Петров Александр Юрьевич,полковник,10,24
Семёнов Егор Викторович,сержант,11,37
Никитин Артём Романович,сержант,10,18
Козлов Степан Максимович,майор,5,40
Егоров Александр Юрьевич,майор,9,43
Степанов Дмитрий Сергеевич,полковник,12,44
Соколов Матвей Ильич,прапорщик,5,54
Соколов Денис Михайлович,прапорщик,10,45
Лебедев Роман Юрьевич,прапорщик,3,59
Морозов Никита Никитич,полковник,10,22
Кочергин Сергей Иванович,прапорщик,9,39
Егоров Алексей Викторович,сержант,2,50
Смирнов Виктор Дмитриевич,майор,2,49
Фёдоров Роман Дмитриевич,капитан,10,26
Морозов Алексей Романович,рядовой,2,60
Петров Константин Александрович,прапорщик,2,38
Никитин Дмитрий Юрьевич,сержант,12,47
Попов Александр Дмитриевич,лейтенант,11,35
Морозов Александр Павлович,полковник,5,39
Новиков Андрей Иванович,капитан,5,45
Макаров Матвей Никитич,майор,10,51
Орлов Виктор Олегович,лейтенант,4,50
Новиков Михаил Павлович,капитан,12,22
Новиков Виктор Дмитриевич,майор,2,29
Семёнов Александр Алексеевич,майор,12,29
Егоров Андрей Павлович,полковник,8,43
Кузнецов Роман Александрович,рядовой,3,27
Николаев Павел Александрович,прапорщик,1,29
Кузнецов Алексей Никитич,рядовой,10,60
Фёдоров Степан Олегович,лейтенант,5,32
Кузнецов Роман Романович,прапорщик,4,53
Егоров Роман Дмитриевич,сержант,3,56
Захаров Никита Дмитриевич,лейтенант,9,60
Соколов Роман Олегович,лейтенант,4,21
Лебедев Андрей Иванович,капитан,11,46
Кочергин Виктор Ильич,майор,1,56
Борисов Иван Никитич,сержант,8,30
Морозов Виктор Александрович,рядовой,4,37
Кузнецов Матвей Дмитриевич,капитан,10,24
Егоров Иван Викторович,прапорщик,2,29
Кузнецов Дмитрий Александрович,рядовой,4,30
Захаров Константин Андреевич,прапорщик,1,25
Захаров Иван Никитич,прапорщик,4,52
Морозов Илья Романович,сержант,10,28
Зайцев Юрий Павлович,капитан,3,52
Макаров Никита Алексеевич,рядовой,7,41
Захаров Виктор Сергеевич,сержант,2,59
Михайлов Дмитрий Александрович,рядовой,10,48
Борисов Артём Александрович,лейтенант,6,59
Сидоров Дмитрий Андреевич,сержант,11,49
Кочергин Максим Александрович,майор,9,55
Борисов Максим Юрьевич,лейтенант,6,50
Алексеев Степан Олегович,капитан,4,29
Васильев Виктор Максимович,сержант,3,25
Петров Сергей Иванович,прапорщик,3,48
Лебедев Олег Олегович,полковник,10,49
Зайцев Максим Олегович,майор,5,28
Смирнов Юрий Максимович,полковник,7,56
Зайцев Евгений Ильич,сержант,5,19
Петров Алексей Павлович,капитан,2,19
Алексеев Илья Никитич,прапорщик,11,23
Петров Максим Андреевич,майор,2,25
Попов Никита Викторович,капитан,8,52
Борисов Денис Андреевич,майор,6,18
Попов Олег Олегович,рядовой,3,50
Николаев Павел Ильич,майор,5,56
Кузнецов Роман Максимович,рядовой,2,31
Яковлев Евгений Сергеевич,прапорщик,5,51
Сидоров Илья Иванович,рядовой,8,47
Соловьёв Алексей Иванович,рядовой,10,51
Попов Кирилл Дмитриевич,рядовой,9,23
Алексеев Евгений Александрович,майор,3,24
Семёнов Андрей Дмитриевич,сержант,8,46
Смирнов Роман Дмитриевич,полковник,8,51
Лебедев Константин Сергеевич,лейтенант,10,43
Макаров Кирилл Викторович,прапорщик,4,57
Фёдоров Степан Андреевич,капитан,6,38
Смирнов Денис Алексеевич,капитан,8,19
Иванов Евгений Максимович,полковник,7,31
Михайлов Иван Викторович,сержант,1,38
Семёнов Степан Иванович,лейтенант,12,19
Зайцев Денис Иванович,майор,2,58
Фёдоров Денис Ильич,лейтенант,3,29
Егоров Илья Михайлович,прапорщик,11,33
Новиков Степан Михайлович,майор,11,41
Сидоров Алексей Михайлович,лейтенант,7,56
Егоров Денис Максимович,сержант,6,57
Михайлов Артём Юрьевич,рядовой,4,45
Смирнов Матвей Алексеевич,прапорщик,11,48
Павлов Андрей Олегович,капитан,11,59
Иванов Дмитрий Дмитриевич,капитан,9,53
Иванов Александр Павлович,лейтенант,12,39
Никитин Сергей Юрьевич,лейтенант,6,41
Алексеев Матвей Кириллович,рядовой,8,18
Борисов Дмитрий Ильич,сержант,6,33
Смирнов Илья Александрович,майор,10,20
Кузнецов Андрей Дмитриевич,сержант,10,40
Васильев Артём Никитич,капитан,1,48
Захаров Степан Романович,майор,2,25
Степанов Матвей Никитич,прапорщик,2,28
Михайлов Михаил Викторович,капитан,11,48
Кузнецов Виктор Викторович,полковник,10,59
Степанов Кирилл Кириллович,прапорщик,7,43
Кузнецов Алексей Юрьевич,рядовой,1,51
Соловьёв Алексей Викторович,сержант,9,48
Семёнов Алексей Михайлович,прапорщик,10,40
Васильев Иван Александрович,полковник,9,45
Смирнов Дмитрий Иванович,рядовой,4,33
Борисов Константин Андреевич,прапорщик,4,25
Зайцев Юрий Олегович,рядовой,2,29
Макаров Сергей Дмитриевич,прапорщик,10,53
Соловьёв Егор Александрович,капитан,2,29
Кузнецов Михаил Юрьевич,капитан,8,53
Петров Константин Александрович,сержант,8,37
Сидоров Артём Иванович,лейтенант,8,45
Соколов Павел Дмитриевич,лейтенант,4,40
Никитин Олег Павлович,полковник,9,38
Иванов Матвей Юрьевич,полковник,7,33
Борисов Дмитрий Алексеевич,сержант,6,33
Новиков Павел Андреевич,майор,4,26
Петров Александр Иванович,капитан,7,47
Кочергин Павел Алексеевич,капитан,11,23
Фёдоров Степан Михайлович,полковник,5,38
Михайлов Олег Викторович,капитан,2,31
Иванов Егор Иванович,сержант,1,43
Андреев Кирилл Ильич,рядовой,1,39
Павлов Константин Александрович,лейтенант,6,42
Павлов Юрий Романович,лейтенант,2,37
Яковлев Олег Александрович,сержант,9,56
Соловьёв Олег Сергеевич,сержант,9,45
Петров Денис Викторович,прапорщик,10,31
Семёнов Степан Александрович,лейтенант,3,18
Николаев Роман Викторович,сержант,7,23
Алексеев Евгений Сергеевич,полковник,11,44
Павлов Михаил Дмитриевич,сержант,6,32
Кузнецов Иван Павлович,сержант,10,49
Петров Илья Максимович,полковник,11,37
Николаев Кирилл Андреевич,рядовой,11,30
Петров Олег Кириллович,полковник,10,28
Егоров Павел Никитич,рядовой,2,28
Смирнов Роман Сергеевич,сержант,4,59
Яковлев Виктор Максимович,капитан,5,30
Васильев Павел Александрович,прапорщик,9,46
Павлов Александр Дмитриевич,капитан,6,40
Лебедев Егор Романович,сержант,6,59
Николаев Матвей Михайлович,прапорщик,7,29
Орлов Роман Кириллович,прапорщик,3,60
Кузнецов Кирилл Дмитриевич,сержант,8,55
Кузнецов Олег Юрьевич,прапорщик,11,59
Яковлев Илья Михайлович,сержант,5,41
Захаров Сергей Ильич,капитан,4,27
Егоров Дмитрий Павлович,лейтенант,3,43
Морозов Андрей Иванович,майор,4,28
Орлов Илья Иванович,полковник,9,50
Попов Дмитрий Александрович,лейтенант,1,47
Семёнов Андрей Андреевич,сержант,4,20
Захаров Павел Юрьевич,полковник,9,50
Алексеев Алексей Викторович,капитан,11,22
Павлов Кирилл Кириллович,сержант,2,43
Степанов Максим Сергеевич,сержант,12,51
Соколов Максим Дмитриевич,лейтенант,12,40
Захаров Виктор Иванович,прапорщик,3,54
Фёдоров Матвей Иванович,лейтенант,11,29
Орлов Артём Андреевич,рядовой,5,37
Иванов Андрей Дмитриевич,рядовой,8,56
Фёдоров Алексей Олегович,полковник,2,36
Смирнов Никита Андреевич,лейтенант,11,60
Орлов Кирилл Никитич,сержант,7,20
Фёдоров Максим Сергеевич,майор,5,37
Морозов Юрий Александрович,полковник,10,35
Зайцев Андрей Юрьевич,прапорщик,9,21
Козлов Михаил Никитич,рядовой,12,29
Морозов Константин Ильич,полковник,5,45
Петров Иван Максимович,прапорщик,12,45
Кочергин Денис Дмитриевич,полковник,3,25
Семёнов Михаил Андреевич,прапорщик,12,19
Новиков Степан Максимович,полковник,4,30
Яковлев Константин Михайлович,лейтенант,4,41
Васильев Олег Александрович,прапорщик,1,40
Алексеев Павел Олегович,прапорщик,3,39
Смирнов Кирилл Сергеевич,рядовой,8,41
Сидоров Артём Алексеевич,майор,6,40
Борисов Никита Сергеевич,капитан,12,20
Лебедев Илья Максимович,лейтенант,2,39
Новиков Олег Кириллович,рядовой,11,55
Петров Михаил Павлович,рядовой,2,50
Морозов Матвей Викторович,сержант,9,51
Иванов Иван Викторович,прапорщик,5,23
Егоров Денис Александрович,рядовой,2,52
Петров Роман Иванович,сержант,7,43
Сидоров Евгений Александрович,рядовой,7,44
Семёнов Виктор Максимович,прапорщик,6,43
Сидоров Кирилл Максимович,полковник,12,42
Михайлов Никита Юрьевич,прапорщик,3,38
Захаров Денис Максимович,лейтенант,3,60
Кочергин Максим Ильич,прапорщик,9,57
Алексеев Кирилл Михайлович,лейтенант,2,32
Андреев Павел Александрович,лейтенант,12,44
Андреев Михаил Кириллович,сержант,1,48
Смирнов Артём Максимович,прапорщик,7,47
Попов Артём Романович,майор,7,24
Макаров Павел Алексеевич,прапорщик,11,25
Кузнецов Константин Викторович,рядовой,11,44
Семёнов Андрей Сергеевич,лейтенант,1,47
Кочергин Виктор Кириллович,лейтенант,4,22
Никитин Иван Павлович,лейтенант,11,45
Фёдоров Матвей Алексеевич,рядовой,9,52
Васильев Алексей Ильич,полковник,4,42
Смирнов Егор Михайлович,прапорщик,9,19
Морозов Павел Алексеевич,полковник,7,38
Васильев Александр Иванович,сержант,7,26
Васильев Андрей Максимович,капитан,10,21
Соколов Михаил Александрович,прапорщик,5,60
Николаев Павел Сергеевич,прапорщик,8,38
Михайлов Максим Михайлович,рядовой,7,35
Петров Алексей Павлович,сержант,7,39
Кочергин Роман Александрович,сержант,1,46
Морозов Александр Никитич,капитан,9,18
Зайцев Дмитрий Никитич,сержант,2,21
Морозов Андрей Павлович,капитан,11,47
Андреев Александр Олегович,капитан,2,58
Андреев Михаил Сергеевич,капитан,2,22
Никитин Алексей Максимович,капитан,11,18
Никитин Степан Максимович,сержант,6,30
Новиков Егор Никитич,капитан,6,52
Иванов Иван Максимович,сержант,7,56
Смирнов Матвей Кириллович,капитан,7,51
Лебедев Андрей Викторович,сержант,2,24
Морозов Егор Юрьевич,полковник,4,54
Фёдоров Иван Юрьевич,капитан,2,28
Кузнецов Илья Сергеевич,сержант,6,51
Орлов Андрей Романович,полковник,6,42
Егоров Павел Иванович,полковник,4,37
Павлов Сергей Михайлович,полковник,2,46
Кузнецов Алексей Дмитриевич,сержант,6,58
Захаров Егор Михайлович,прапорщик,3,35
Орлов Павел Юрьевич,сержант,9,42
Орлов Илья Сергеевич,полковник,6,24
Андреев Александр Максимович,прапорщик,11,55
Соколов Никита Дмитриевич,рядовой,9,52
Никитин Константин Алексеевич,прапорщик,8,53
Фёдоров Дмитрий Павлович,сержант,2,39
Соколов Олег Олегович,рядовой,4,20
Егоров Иван Кириллович,сержант,7,32
Соколов Никита Александрович,капитан,2,36
Алексеев Константин Павлович,прапорщик,6,34
Иванов Евгений Сергеевич,прапорщик,7,45
Орлов Артём Кириллович,сержант,2,48
Петров Сергей Ильич,майор,2,55
Орлов Андрей Викторович,капитан,12,20
Орлов Матвей Дмитриевич,капитан,9,38
Павлов Константин Кириллович,лейтенант,7,40
Кочергин Денис Сергеевич,майор,1,48
Сидоров Сергей Кириллович,капитан,11,32
Новиков Матвей Сергеевич,майор,11,49
Новиков Иван Кириллович,майор,10,53
Козлов Сергей Викторович,лейтенант,8,19
Захаров Максим Дмитриевич,майор,7,29
Лебедев Андрей Юрьевич,полковник,12,44
Новиков Илья Михайлович,капитан,11,54
Васильев Егор Кириллович,сержант,4,22
Михайлов Матвей Иванович,сержант,3,52
Алексеев Александр Кириллович,капитан,6,56
Зайцев Иван Михайлович,майор,10,45
Борисов Виктор Алексеевич,прапорщик,11,29
Павлов Матвей Никитич,полковник,1,19
Кочергин Евгений Павлович,полковник,7,23
Егоров Михаил Павлович,сержант,11,34
Козлов Артём Романович,капитан,12,38
Попов Кирилл Юрьевич,капитан,4,57
Сидоров Юрий Максимович,сержант,10,28
Соловьёв Денис Сергеевич,капитан,12,48
Петров Юрий Юрьевич,прапорщик,7,31
Кузнецов Кирилл Олегович,майор,9,48
Николаев Юрий Викторович,майор,4,22
Егоров Иван Олегович,капитан,11,28
Морозов Максим Максимович,майор,10,50
Николаев Сергей Викторович,лейтенант,4,21
Новиков Евгений Михайлович,полковник,5,34
Иванов Егор Михайлович,прапорщик,7,40
Никитин Иван Ильич,рядовой,6,49
Павлов Матвей Викторович,прапорщик,3,48
Соловьёв Матвей Иванович,рядовой,8,27
Семёнов Андрей Павлович,прапорщик,6,37
Егоров Кирилл Ильич,полковник,8,44
Захаров Степан Дмитриевич,сержант,8,26
Захаров Михаил Андреевич,прапорщик,8,57
Борисов Иван Сергеевич,прапорщик,6,55
Яковлев Юрий Кириллович,полковник,7,35
Петров Егор Юрьевич,полковник,5,36
Сидоров Степан Юрьевич,майор,7,48
Новиков Александр Юрьевич,лейтенант,1,26
Павлов Андрей Олегович,капитан,10,53
Егоров Матвей Андреевич,капитан,11,22
Иванов Кирилл Юрьевич,прапорщик,7,54
Морозов Виктор Викторович,капитан,12,29
Орлов Константин Ильич,полковник,9,22
Никитин Константин Алексеевич,прапорщик,3,53
Петров Александр Ильич,полковник,12,30
Яковлев Никита Иванович,майор,7,31
Попов Виктор Алексеевич,прапорщик,11,18
Андреев Артём Иванович,майор,2,42
Зайцев Юрий Ильич,сержант,5,45
Васильев Александр Михайлович,капитан,10,24
Андреев Илья Михайлович,рядовой,8,26
Михайлов Кирилл Андреевич,капитан,9,56
Михайлов Роман Юрьевич,майор,8,40
Соловьёв Александр Никитич,рядовой,10,56
Кузнецов Денис Михайлович,прапорщик,4,23
Яковлев Евгений Викторович,полковник,4,26
Андреев Егор Андреевич,прапорщик,12,32
Козлов Андрей Сергеевич,сержант,5,29
Степанов Евгений Дмитриевич,сержант,9,49
Яковлев Кирилл Александрович,капитан,7,24
Павлов Алексей Иванович,капитан,5,60
Степанов Кирилл Кириллович,капитан,11,20
Петров Виктор Иванович,майор,3,43
Кочергин Юрий Дмитриевич,сержант,1,54
Фёдоров Юрий Дмитриевич,полковник,2,53
Никитин Иван Михайлович,майор,5,45
Макаров Дмитрий Викторович,лейтенант,9,50
Степанов Константин Максимович,лейтенант,2,50
Орлов Юрий Михайлович,лейтенант,10,43
Захаров Олег Никитич,майор,6,55
Попов Павел Сергеевич,лейтенант,12,28
Егоров Максим Максимович,рядовой,7,51
Васильев Михаил Михайлович,лейтенант,5,44
Васильев Юрий Дмитриевич,рядовой,4,22
Андреев Никита Романович,прапорщик,7,59
Фёдоров Артём Сергеевич,рядовой,2,37
Зайцев Кирилл Ильич,сержант,6,20
Новиков Кирилл Ильич,капитан,11,44
Орлов Илья Никитич,лейтенант,7,35
Степанов Андрей Андреевич,капитан,11,36
Никитин Роман Алексеевич,прапорщик,2,18
Макаров Степан Иванович,сержант,1,18
Степанов Константин Ильич,сержант,10,39
Соколов Юрий Олегович,майор,12,50
Попов Константин Максимович,полковник,11,32
Кочергин Юрий Дмитриевич,майор,10,51
Николаев Иван Никитич,майор,10,26
Кочергин Виктор Олегович,лейтенант,5,31
Морозов Денис Павлович,рядовой,8,38
Фёдоров Александр Никитич,прапорщик,2,55
Павлов Матвей Максимович,сержант,12,51
Борисов Алексей Юрьевич,лейтенант,6,58
Яковлев Михаил Андреевич,прапорщик,3,52
Иванов Артём Максимович,капитан,10,53
Орлов Виктор Иванович,капитан,3,53
Семёнов Иван Максимович,рядовой,1,56
Фёдоров Матвей Максимович,майор,1,25
Захаров Кирилл Романович,сержант,4,38
Макаров Евгений Александрович,капитан,10,35
Кузнецов Юрий Павлович,рядовой,1,41
Попов Кирилл Ильич,майор,5,26
Морозов Олег Алексеевич,рядовой,4,51
Смирнов Андрей Иванович,капитан,2,53
Новиков Александр Максимович,сержант,9,18
Борисов Евгений Викторович,лейтенант,12,22
Смирнов Егор Юрьевич,лейтенант,7,45
Захаров Михаил Максимович,сержант,7,43
Попов Олег Максимович,прапорщик,6,50
Макаров Сергей Михайлович,капитан,6,30
Попов Никита Романович,сержант,4,32
Павлов Константин Андреевич,рядовой,9,25
Алексеев Матвей Никитич,майор,7,21
Макаров Андрей Кириллович,рядовой,5,37
Орлов Алексей Михайлович,капитан,12,39
Лебедев Иван Михайлович,рядовой,6,57
Яковлев Матвей Андреевич,майор,1,31
Борисов Матвей Сергеевич,сержант,5,46
Попов Виктор Александрович,капитан,11,33
Егоров Илья Сергеевич,лейтенант,1,30
Кочергин Дмитрий Александрович,полковник,11,59
Кузнецов Артём Ильич,сержант,4,56
Орлов Дмитрий Андреевич,лейтенант,3,57
Захаров Евгений Сергеевич,сержант,11,20
Семёнов Илья Андреевич,рядовой,11,36
Зайцев Кирилл Олегович,лейтенант,1,35
Семёнов Роман Романович,сержант,4,39
Степанов Алексей Кириллович,капитан,12,34
Егоров Константин Андреевич,рядовой,4,20
Андреев Олег Павлович,лейтенант,8,35
Козлов Роман Михайлович,прапорщик,11,29
Андреев Степан Иванович,полковник,10,43
Кочергин Алексей Олегович,рядовой,1,23
Захаров Артём Викторович,прапорщик,5,51
Васильев Александр Сергеевич,лейтенант,4,58
Орлов Евгений Кириллович,капитан,7,29
Сидоров Павел Андреевич,сержант,12,39
Фёдоров Егор Юрьевич,прапорщик,3,29
Новиков Егор Викторович,полковник,6,56
Соколов Константин Павлович,прапорщик,6,56
Павлов Максим Иванович,сержант,4,23
Яковлев Степан Александрович,полковник,11,51
Орлов Юрий Дмитриевич,лейтенант,4,19
Яковлев Денис Никитич,капитан,4,37
Яковлев Дмитрий Максимович,майор,2,58
Борисов Михаил Дмитриевич,лейтенант,6,43
Васильев Виктор Никитич,полковник,8,39
Кочергин Евгений Ильич,полковник,9,57
Михайлов Матвей Викторович,сержант,9,36
Сидоров Кирилл Александрович,рядовой,6,42
Соколов Матвей Олегович,рядовой,10,44
Зайцев Олег Иванович,майор,3,42
Соколов Артём Дмитриевич,капитан,11,24
Смирнов Александр Андреевич,лейтенант,9,45
Николаев Матвей Юрьевич,капитан,9,49
Соловьёв Илья Михайлович,рядовой,10,45
Иванов Олег Дмитриевич,майор,9,38
Борисов Егор Александрович,сержант,5,31
Лебедев Роман Юрьевич,сержант,7,52
Сидоров Роман Викторович,рядовой,8,54
Новиков Артём Сергеевич,лейтенант,2,39
Сидоров Юрий Михайлович,рядовой,5,33
Иванов Артём Викторович,лейтенант,5,32
Павлов Матвей Кириллович,лейтенант,4,44
Семёнов Роман Андреевич,рядовой,9,49
Захаров Алексей Павлович,капитан,5,34
Иванов Сергей Алексеевич,прапорщик,12,34
Яковлев Евгений Алексеевич,полковник,5,53
Андреев Константин Павлович,рядовой,12,49
Петров Артём Иванович,лейтенант,7,59
Фёдоров Иван Александрович,сержант,1,47
Павлов Егор Романович,прапорщик,6,20
Сидоров Артём Олегович,лейтенант,6,22
Николаев Александр Александрович,капитан,6,44
Козлов Егор Дмитриевич,капитан,1,44
Алексеев Сергей Ильич,капитан,8,46
Захаров Матвей Иванович,полковник,1,34
Захаров Роман Павлович,майор,9,48
Алексеев Денис Ильич,лейтенант,6,52
Макаров Артём Иванович,капитан,8,43
Козлов Михаил Сергеевич,рядовой,1,50
Сидоров Александр Кириллович,прапорщик,7,57
Захаров Сергей Юрьевич,лейтенант,4,30
Степанов Андрей Ильич,рядовой,8,27
Петров Михаил Михайлович,рядовой,4,33
Степанов Артём Юрьевич,прапорщик,7,52
Кузнецов Артём Кириллович,рядовой,10,52
Соколов Кирилл Александрович,майор,5,49
Яковлев Артём Алексеевич,лейтенант,9,48
Фёдоров Михаил Александрович,капитан,6,53
Николаев Константин Павлович,лейтенант,2,46
Соловьёв Павел Андреевич,полковник,4,30
Морозов Илья Юрьевич,лейтенант,1,54
Яковлев Александр Олегович,сержант,8,38
Васильев Александр Алексеевич,майор,9,52
Никитин Артём Романович,рядовой,5,31
Борисов Артём Андреевич,полковник,3,43
Захаров Дмитрий Александрович,полковник,11,46
Семёнов Павел Павлович,полковник,7,42
Яковлев Егор Викторович,полковник,10,39
Степанов Денис Романович,майор,1,29
Яковлев Никита Михайлович,полковник,10,24
Морозов Иван Юрьевич,сержант,4,42
Иванов Константин Романович,рядовой,7,29
Орлов Олег Романович,рядовой,2,28
Степанов Артём Никитич,рядовой,11,45
Иванов Кирилл Алексеевич,лейтенант,4,36
Соловьёв Артём Дмитриевич,лейтенант,3,59
Васильев Иван Михайлович,сержант,8,37
Кузнецов Михаил Юрьевич,майор,11,34
Семёнов Егор Олегович,капитан,4,38
Лебедев Максим Иванович,сержант,2,37
Яковлев Алексей Никитич,прапорщик,11,38
Яковлев Максим Ильич,полковник,11,22
Захаров Андрей Викторович,майор,6,23
Степанов Илья Михайлович,прапорщик,9,59
Михайлов Артём Иванович,полковник,4,53
Смирнов Олег Иванович,прапорщик,5,52
Лебедев Сергей Кириллович,прапорщик,1,37
Кочергин Виктор Кириллович,полковник,4,24
Орлов Юрий Викторович,лейтенант,12,32
Фёдоров Матвей Максимович,прапорщик,11,27
Павлов Кирилл Сергеевич,прапорщик,8,47
Морозов Денис Андреевич,сержант,3,32
Семёнов Евгений Дмитриевич,полковник,12,21
Алексеев Виктор Никитич,прапорщик,1,20
Егоров Денис Алексеевич,полковник,11,52
Попов Иван Андреевич,лейтенант,11,59
Петров Юрий Алексеевич,капитан,5,32
Козлов Евгений Александрович,капитан,2,57
Васильев Олег Никитич,полковник,5,25
Зайцев Сергей Дмитриевич,полковник,5,26
Соловьёв Никита Павлович,рядовой,3,37
Никитин Сергей Андреевич,лейтенант,12,22
Фёдоров Матвей Олегович,майор,12,36
Козлов Андрей Кириллович,капитан,1,60
Морозов Артём Никитич,полковник,5,30
Морозов Алексей Юрьевич,рядовой,3,20
Яковлев Юрий Сергеевич,сержант,6,52
Андреев Евгений Сергеевич,полковник,4,52
Соколов Дмитрий Юрьевич,капитан,6,26
Степанов Юрий Дмитриевич,прапорщик,7,40
Фёдоров Виктор Дмитриевич,прапорщик,1,42
Зайцев Никита Иванович,рядовой,9,21
Макаров Юрий Ильич,сержант,7,32
Захаров Сергей Кириллович,рядовой,7,39
Андреев Максим Никитич,капитан,4,33
Алексеев Никита Алексеевич,рядовой,4,43
Сидоров Степан Иванович,прапорщик,10,47
Егоров Егор Никитич,майор,6,40
Петров Матвей Павлович,полковник,8,53
Михайлов Кирилл Сергеевич,сержант,7,27
Никитин Никита Юрьевич,полковник,8,32
Борисов Артём Юрьевич,прапорщик,3,25
Егоров Артём Сергеевич,капитан,12,27
Алексеев Алексей Сергеевич,капитан,4,33
Зайцев Виктор Романович,лейтенант,8,37
Андреев Максим Викторович,рядовой,3,56
Никитин Александр Сергеевич,лейтенант,12,38
Борисов Артём Александрович,капитан,4,55
Никитин Матвей Максимович,сержант,11,21
Морозов Андрей Викторович,рядовой,9,20
Петров Иван Дмитриевич,рядовой,7,30
Михайлов Иван Андреевич,майор,11,55
Петров Матвей Ильич,рядовой,6,39
Яковлев Сергей Андреевич,сержант,6,28
Козлов Егор Никитич,сержант,6,34
Кузнецов Денис Ильич,прапорщик,6,43
Борисов Иван Олегович,майор,6,49
Соколов Сергей Андреевич,лейтенант,3,19
Кочергин Иван Алексеевич,прапорщик,2,48
Попов Егор Михайлович,рядовой,9,52
Фёдоров Виктор Павлович,полковник,3,38
Андреев Виктор Викторович,лейтенант,2,26
Фёдоров Юрий Дмитриевич,прапорщик,10,38
Орлов Дмитрий Павлович,лейтенант,8,23
Орлов Виктор Ильич,сержант,4,39
Фёдоров Артём Иванович,прапорщик,4,25
Семёнов Виктор Сергеевич,полковник,10,38
Соколов Кирилл Юрьевич,полковник,3,36
Алексеев Виктор Ильич,рядовой,9,36
Сидоров Евгений Александрович,прапорщик,5,51
Семёнов Сергей Ильич,сержант,6,19
Захаров Денис Иванович,лейтенант,4,22
Васильев Дмитрий Дмитриевич,прапорщик,2,18
Васильев Константин Юрьевич,сержант,5,18
Андреев Константин Александрович,сержант,5,39
Зайцев Константин Кириллович,лейтенант,5,57
Соловьёв Юрий Дмитриевич,сержант,12,58
Семёнов Дмитрий Викторович,капитан,6,28
Кузнецов Сергей Дмитриевич,полковник,12,29
Соколов Юрий Михайлович,полковник,3,53
Яковлев Матвей Иванович,майор,2,56
Иванов Матвей Ильич,майор,12,18
Соловьёв Евгений Павлович,капитан,7,43
Петров Михаил Викторович,майор,7,53
Козлов Илья Павлович,лейтенант,3,55
Лебедев Кирилл Андреевич,рядовой,7,56
Андреев Михаил Павлович,рядовой,11,52
Павлов Дмитрий Дмитриевич,полковник,5,45
Васильев Денис Романович,майор,4,58
Козлов Илья Ильич,капитан,11,35
Алексеев Матвей Иванович,майор,1,36
Кузнецов Александр Михайлович,рядовой,7,60
Соколов Роман Олегович,рядовой,8,25
Николаев Алексей Викторович,майор,9,25
Васильев Денис Александрович,сержант,7,20
Морозов Кирилл Михайлович,лейтенант,4,39
Кочергин Егор Кириллович,сержант,11,52
Фёдоров Егор Дмитриевич,лейтенант,11,41
Васильев Егор Алексеевич,майор,4,24
Козлов Максим Кириллович,рядовой,1,52
Борисов Александр Андреевич,рядовой,6,51
Смирнов Виктор Никитич,прапорщик,11,45
Новиков Матвей Павлович,майор,2,41
Кочергин Денис Дмитриевич,майор,12,46
Орлов Михаил Иванович,майор,1,46
Егоров Егор Андреевич,сержант,9,47
Иванов Максим Сергеевич,полковник,6,40
Фёдоров Виктор Алексеевич,майор,8,19
Степанов Илья Викторович,лейтенант,9,60
Николаев Константин Андреевич,майор,7,29
Орлов Артём Ильич,прапорщик,11,37
Степанов Денис Дмитриевич,лейтенант,1,19
Попов Дмитрий Михайлович,прапорщик,3,43
Лебедев Евгений Максимович,полковник,9,30
Михайлов Артём Павлович,капитан,10,48
Макаров Степан Дмитриевич,рядовой,1,53
Соколов Кирилл Михайлович,лейтенант,3,45
Зайцев Денис Олегович,прапорщик,12,33
Алексеев Павел Романович,майор,5,47
Зайцев Денис Никитич,капитан,1,45
Никитин Максим Павлович,майор,6,30
Яковлев Кирилл Олегович,сержант,11,36
Козлов Денис Максимович,рядовой,7,53
Егоров Роман Иванович,капитан,8,54
Соловьёв Михаил Алексеевич,сержант,8,19
Соловьёв Олег Сергеевич,прапорщик,8,42
Алексеев Виктор Романович,лейтенант,7,24
Иванов Виктор Кириллович,сержант,6,31
Захаров Матвей Михайлович,лейтенант,4,18
Новиков Степан Дмитриевич,сержант,2,43
Макаров Виктор Викторович,сержант,9,38
Семёнов Сергей Максимович,рядовой,5,37
Соловьёв Илья Сергеевич,рядовой,2,26
Михайлов Степан Дмитриевич,прапорщик,8,24
Сидоров Евгений Романович,прапорщик,4,44
Зайцев Егор Павлович,прапорщик,7,35
Соколов Степан Максимович,сержант,4,51
Яковлев Алексей Дмитриевич,сержант,7,37
Михайлов Артём Александрович,капитан,1,36
Соловьёв Иван Юрьевич,полковник,4,58
Зайцев Андрей Дмитриевич,майор,6,42
Сидоров Михаил Михайлович,лейтенант,6,36
Зайцев Дмитрий Викторович,сержант,2,36
Семёнов Михаил Юрьевич,полковник,11,44
Андреев Андрей Максимович,сержант,11,28
Николаев Иван Сергеевич,полковник,9,33
Иванов Сергей Сергеевич,лейтенант,10,20
Сидоров Егор Дмитриевич,майор,6,41
Борисов Михаил Иванович,лейтенант,6,47
Сидоров Дмитрий Дмитриевич,полковник,4,51
Петров Илья Олегович,майор,5,44
Семёнов Александр Павлович,прапорщик,2,29
Зайцев Артём Максимович,капитан,7,39
Яковлев Андрей Михайлович,сержант,11,47
Борисов Виктор Никитич,майор,7,22
Иванов Александр Михайлович,прапорщик,1,56
Иванов Олег Никитич,прапорщик,2,19
Смирнов Егор Кириллович,полковник,1,41
Егоров Никита Романович,капитан,10,57
Яковлев Михаил Сергеевич,прапорщик,2,60
Морозов Юрий Михайлович,лейтенант,3,52
Соколов Павел Дмитриевич,полковник,5,30
Лебедев Алексей Олегович,сержант,1,40
Смирнов Никита Алексеевич,полковник,5,34
Кузнецов Егор Михайлович,полковник,4,57
Орлов Павел Романович,сержант,9,25
Макаров Сергей Михайлович,прапорщик,5,31
Иванов Виктор Александрович,лейтенант,2,26
Соловьёв Константин Романович,лейтенант,6,54
Кочергин Никита Сергеевич,лейтенант,6,18
Николаев Сергей Никитич,прапорщик,1,25
Андреев Павел Олегович,сержант,4,26
Зайцев Сергей Олегович,капитан,8,55
Новиков Павел Кириллович,майор,7,46
Андреев Егор Олегович,рядовой,4,60
Сидоров Андрей Иванович,полковник,1,50
Никитин Егор Никитич,сержант,9,29
Иванов Степан Иванович,сержант,11,43
Никитин Кирилл Кириллович,майор,6,45
Кузнецов Александр Сергеевич,лейтенант,10,45
Попов Михаил Михайлович,рядовой,5,49
Алексеев Иван Романович,майор,5,38
Соловьёв Виктор Ильич,рядовой,10,44
Павлов Денис Андреевич,капитан,10,50
Сидоров Евгений Алексеевич,капитан,12,45
Новиков Илья Александрович,рядовой,7,31
Кузнецов Константин Кириллович,прапорщик,3,40
Захаров Степан Максимович,полковник,4,44
Семёнов Матвей Алексеевич,рядовой,3,36
Сидоров Александр Максимович,рядовой,1,29
Иванов Андрей Павлович,прапорщик,4,58
Яковлев Дмитрий Юрьевич,полковник,9,50
Иванов Денис Ильич,рядовой,7,24
Яковлев Дмитрий Андреевич,лейтенант,1,30
Андреев Иван Кириллович,майор,6,30
Лебедев Олег Максимович,полковник,3,51
Иванов Александр Андреевич,рядовой,8,48
Козлов Андрей Романович,сержант,12,41
Алексеев Никита Александрович,майор,10,25
Иванов Артём Павлович,полковник,9,52
Иванов Степан Алексеевич,полковник,6,57
Морозов Сергей Павлович,рядовой,9,31
Попов Артём Дмитриевич,рядовой,5,20
Иванов Виктор Ильич,сержант,3,18
Соловьёв Егор Андреевич,сержант,12,49
Кузнецов Кирилл Александрович,капитан,7,53
Андреев Павел Дмитриевич,лейтенант,7,43
Новиков Иван Романович,майор,5,27
Егоров Илья Андреевич,сержант,2,18
Кузнецов Андрей Михайлович,майор,3,39
Соловьёв Степан Кириллович,капитан,11,28
Лебедев Юрий Романович,лейтенант,5,54
Козлов Сергей Александрович,капитан,8,24
Макаров Степан Михайлович,лейтенант,11,25
Захаров Дмитрий Никитич,рядовой,3,32
Новиков Андрей Андреевич,прапорщик,6,35
Соловьёв Евгений Ильич,майор,3,39
Смирнов Михаил Алексеевич,сержант,10,46
Михайлов Иван Михайлович,прапорщик,3,45
Яковлев Сергей Михайлович,лейтенант,6,45
Егоров Алексей Андреевич,сержант,10,44
Егоров Александр Романович,рядовой,7,22
Павлов Кирилл Кириллович,капитан,7,40
Макаров Дмитрий Сергеевич,лейтенант,11,31
Сидоров Юрий Дмитриевич,полковник,6,54
Яковлев Матвей Павлович,прапорщик,8,25
Егоров Никита Викторович,сержант,5,37
Николаев Дмитрий Никитич,рядовой,2,60
Петров Павел Викторович,рядовой,9,18
Яковлев Александр Алексеевич,прапорщик,9,18
Степанов Роман Олегович,капитан,5,36
Захаров Олег Викторович,капитан,11,51
Соловьёв Олег Викторович,капитан,10,39
Борисов Евгений Максимович,майор,5,18
Соловьёв Михаил Романович,капитан,10,30
Сидоров Иван Алексеевич,лейтенант,10,32
Яковлев Матвей Алексеевич,рядовой,2,22
Борисов Константин Иванович,прапорщик,4,18
Орлов Никита Олегович,рядовой,8,37
Морозов Константин Никитич,полковник,4,35
Попов Олег Викторович,лейтенант,10,34
Егоров Максим Павлович,рядовой,10,59
Морозов Константин Дмитриевич,капитан,12,33
Степанов Артём Андреевич,полковник,8,50
Козлов Сергей Максимович,рядовой,11,58
Козлов Роман Юрьевич,прапорщик,4,21
Борисов Михаил Кириллович,рядовой,4,54
Попов Евгений Иванович,полковник,8,29
Сидоров Никита Викторович,лейтенант,10,32
Орлов Евгений Романович,майор,4,23
Кузнецов Сергей Юрьевич,рядовой,4,40
Фёдоров Виктор Викторович,капитан,3,21
Сидоров Денис Никитич,рядовой,6,39
Козлов Михаил Кириллович,рядовой,7,37
Новиков Павел Романович,прапорщик,1,48
Козлов Виктор Юрьевич,сержант,12,24
Козлов Артём Ильич,полковник,7,39
Михайлов Максим Андреевич,полковник,9,52
Орлов Матвей Александрович,лейтенант,1,53
Кузнецов Роман Юрьевич,рядовой,8,19
Андреев Егор Сергеевич,майор,10,51
Яковлев Виктор Юрьевич,сержант,5,28
Алексеев Максим Олегович,полковник,2,40
Фёдоров Денис Андреевич,капитан,11,25
Смирнов Иван Алексеевич,прапорщик,9,20
Лебедев Евгений Викторович,полковник,10,30
Павлов Дмитрий Алексеевич,прапорщик,7,36
Макаров Максим Ильич,майор,2,51
Яковлев Никита Сергеевич,полковник,4,28
Смирнов Иван Олегович,лейтенант,4,36
Кузнецов Александр Викторович,полковник,9,38
Михайлов Евгений Сергеевич,сержант,3,47
Васильев Юрий Михайлович,рядовой,9,21
Орлов Егор Алексеевич,капитан,10,42
Андреев Константин Романович,сержант,9,28
Иванов Денис Дмитриевич,прапорщик,9,26
Яковлев Евгений Дмитриевич,прапорщик,2,23
Васильев Илья Павлович,сержант,6,32
Николаев Матвей Дмитриевич,рядовой,1,48
Михайлов Евгений Дмитриевич,сержант,5,57
Иванов Юрий Ильич,сержант,11,22
Никитин Денис Викторович,рядовой,6,26
Захаров Юрий Александрович,сержант,9,45
Павлов Иван Алексеевич,прапорщик,9,38
Михайлов Кирилл Андреевич,капитан,6,29
Морозов Дмитрий Алексеевич,сержант,8,44
Михайлов Алексей Михайлович,капитан,12,51
Макаров Матвей Ильич,полковник,12,37
Смирнов Артём Михайлович,майор,2,53
Никитин Степан Дмитриевич,майор,10,23
Лебедев Сергей Михайлович,майор,3,51
Соколов Илья Юрьевич,майор,6,28
Алексеев Кирилл Юрьевич,рядовой,10,25
Лебедев Денис Юрьевич,капитан,1,44
Семёнов Константин Викторович,прапорщик,4,23
Сидоров Александр Сергеевич,сержант,7,25
Соколов Андрей Кириллович,рядовой,1,53
Попов Михаил Дмитриевич,полковник,12,27
Степанов Александр Юрьевич,майор,4,50
Петров Роман Олегович,рядовой,2,19
Васильев Андрей Дмитриевич,рядовой,8,31
Новиков Роман Дмитриевич,прапорщик,5,38
Петров Степан Романович,майор,11,29
Семёнов Артём Сергеевич,майор,8,41
Сидоров Егор Александрович,лейтенант,12,43
Алексеев Олег Михайлович,капитан,11,59
Алексеев Павел Павлович,рядовой,5,33
Зайцев Константин Алексеевич,сержант,11,26
Васильев Олег Викторович,полковник,4,22
Лебедев Виктор Викторович,майор,12,43
Новиков Юрий Ильич,полковник,8,45
Захаров Роман Сергеевич,полковник,1,33
Новиков Роман Кириллович,прапорщик,7,45
Сидоров Илья Иванович,капитан,1,30
Орлов Денис Юрьевич,полковник,6,32
Соколов Константин Максимович,лейтенант,11,19
Борисов Артём Олегович,рядовой,7,49
Егоров Максим Викторович,лейтенант,12,44
Михайлов Иван Сергеевич,прапорщик,8,22
Михайлов Константин Кириллович,рядовой,3,56
Зайцев Никита Сергеевич,сержант,10,59
Кузнецов Юрий Алексеевич,майор,11,32
Сидоров Максим Дмитриевич,капитан,12,27
Алексеев Матвей Михайлович,лейтенант,10,20
Кузнецов Юрий Юрьевич,майор,7,58
Лебедев Евгений Андреевич,сержант,5,47
Алексеев Илья Александрович,прапорщик,2,26
Васильев Илья Романович,лейтенант,1,53
Орлов Алексей Ильич,сержант,12,26
Кочергин Илья Романович,лейтенант,5,53
Степанов Иван Олегович,прапорщик,9,29
Егоров Евгений Иванович,капитан,7,30
Петров Михаил Павлович,сержант,3,48
Лебедев Егор Никитич,рядовой,4,27
Кочергин Александр Андреевич,прапорщик,6,27
Никитин Егор Олегович,рядовой,2,21
Андреев Евгений Иванович,прапорщик,12,33
Иванов Егор Кириллович,лейтенант,1,32
Яковлев Алексей Иванович,капитан,7,60
Соловьёв Егор Павлович,майор,1,45
Никитин Михаил Павлович,сержант,1,33
Морозов Никита Максимович,рядовой,4,42
Егоров Павел Сергеевич,лейтенант,3,21
Смирнов Алексей Алексеевич,майор,6,31
Петров Матвей Юрьевич,сержант,7,23
Петров Константин Александрович,майор,2,56
Иванов Александр Ильич,полковник,2,59
Егоров Роман Иванович,прапорщик,10,39
Яковлев Юрий Павлович,рядовой,5,20
Васильев Евгений Иванович,майор,2,41
Смирнов Александр Никитич,капитан,1,33
Орлов Михаил Павлович,сержант,9,41
Никитин Артём Михайлович,майор,12,56
Семёнов Михаил Никитич,полковник,10,29
Михайлов Илья Олегович,полковник,5,33
Яковлев Александр Александрович,капитан,3,30
Яковлев Иван Максимович,лейтенант,7,38
Фёдоров Андрей Юрьевич,майор,5,24
Соколов Олег Олегович,прапорщик,1,31
Лебедев Сергей Иванович,сержант,11,52
Степанов Михаил Андреевич,сержант,1,35
Павлов Александр Никитич,лейтенант,1,45
Иванов Матвей Юрьевич,сержант,5,52
Захаров Денис Иванович,прапорщик,2,32
Андреев Артём Александрович,капитан,6,19
Зайцев Иван Дмитриевич,капитан,8,54
Кузнецов Степан Дмитриевич,капитан,11,21
Зайцев Иван Дмитриевич,прапорщик,3,58
Кузнецов Денис Максимович,лейтенант,5,18
Семёнов Матвей Максимович,лейтенант,1,18
Захаров Никита Сергеевич,лейтенант,12,55
Попов Виктор Олегович,лейтенант,7,52
Алексеев Андрей Алексеевич,рядовой,9,50
Михайлов Егор Романович,сержант,11,21
Николаев Никита Юрьевич,капитан,7,34
Смирнов Павел Юрьевич,полковник,1,22
Андреев Максим Кириллович,полковник,5,59
Макаров Максим Алексеевич,лейтенант,7,28
Смирнов Роман Викторович,лейтенант,5,38
Козлов Сергей Максимович,рядовой,10,46
Смирнов Артём Ильич,полковник,4,24
Борисов Олег Никитич,майор,4,58
Петров Иван Павлович,лейтенант,10,39
Михайлов Степан Максимович,полковник,1,26
Михайлов Артём Максимович,сержант,2,44
Орлов Матвей Павлович,сержант,10,46
Степанов Константин Никитич,сержант,6,42
Морозов Олег Алексеевич,майор,11,55
Борисов Степан Олегович,рядовой,1,39
Михайлов Сергей Юрьевич,лейтенант,9,18
Новиков Артём Александрович,сержант,3,38
Андреев Андрей Кириллович,майор,11,40
Зайцев Степан Ильич,майор,10,18
Кузнецов Кирилл Александрович,капитан,9,53
Смирнов Виктор Романович,сержант,4,56
Соколов Виктор Дмитриевич,капитан,1,26
Васильев Виктор Кириллович,капитан,1,49
Фёдоров Никита Павлович,сержант,6,20
Козлов Константин Алексеевич,прапорщик,4,54
Васильев Артём Иванович,полковник,3,24
Сидоров Сергей Максимович,лейтенант,2,41
Кочергин Алексей Павлович,полковник,4,29
Попов Юрий Алексеевич,полковник,10,53
Васильев Олег Ильич,капитан,7,51
Соколов Максим Максимович,полковник,6,55
Егоров Денис Алексеевич,прапорщик,7,29
Борисов Михаил Андреевич,прапорщик,1,43
Семёнов Степан Ильич,прапорщик,9,34
Семёнов Максим Алексеевич,сержант,12,49
Попов Роман Кириллович,рядовой,5,22
Андреев Кирилл Никитич,капитан,4,52
Козлов Денис Романович,капитан,8,34
Новиков Егор Андреевич,лейтенант,3,18
Смирнов Андрей Иванович,полковник,12,37
Кузнецов Сергей Олегович,капитан,11,27
Зайцев Михаил Михайлович,капитан,11,52
Смирнов Константин Алексеевич,капитан,2,47
Лебедев Матвей Михайлович,прапорщик,6,48
Козлов Кирилл Никитич,полковник,10,36
Иванов Сергей Павлович,лейтенант,3,26
Соколов Павел Алексеевич,сержант,9,19
Сидоров Егор Андреевич,лейтенант,10,38
Яковлев Константин Андреевич,прапорщик,1,51
Никитин Павел Викторович,прапорщик,8,33
Павлов Степан Романович,рядовой,4,24
Яковлев Сергей Михайлович,лейтенант,7,30
Михайлов Кирилл Иванович,прапорщик,1,50
Морозов Константин Никитич,прапорщик,3,28
Павлов Степан Иванович,рядовой,8,39
Орлов Илья Сергеевич,сержант,4,60
Новиков Андрей Андреевич,лейтенант,1,37
Фёдоров Александр Александрович,полковник,8,23
Павлов Никита Алексеевич,рядовой,10,19
Кочергин Андрей Максимович,майор,2,42
Орлов Константин Юрьевич,прапорщик,4,22
Орлов Олег Алексеевич,рядовой,6,23
Яковлев Никита Ильич,рядовой,9,53
Николаев Роман Сергеевич,майор,6,36
Попов Александр Павлович,полковник,1,44
Алексеев Олег Юрьевич,капитан,9,20
Семёнов Алексей Алексеевич,сержант,3,30
Никитин Иван Никитич,полковник,9,19
Смирнов Сергей Алексеевич,прапорщик,9,46
Сидоров Матвей Романович,лейтенант,4,51
Орлов Виктор Александрович,рядовой,6,22
Макаров Егор Павлович,лейтенант,4,60
Смирнов Егор Алексеевич,рядовой,2,57
Захаров Михаил Максимович,капитан,3,50
Сидоров Виктор Ильич,капитан,10,58
Кочергин Александр Александрович,прапорщик,5,57
Зайцев Юрий Викторович,майор,3,24
Смирнов Александр Юрьевич,сержант,6,47
Иванов Егор Алексеевич,рядовой,1,36
Фёдоров Артём Павлович,полковник,4,56
Николаев Никита Андреевич,прапорщик,7,52
Семёнов Роман Романович,прапорщик,6,33
Иванов Денис Александрович,лейтенант,5,37
Степанов Павел Ильич,сержант,6,25
Алексеев Сергей Олегович,прапорщик,3,44
Кочергин Александр Ильич,рядовой,5,22
Николаев Кирилл Романович,рядовой,12,21
Андреев Константин Кириллович,рядовой,8,43
Егоров Кирилл Павлович,лейтенант,10,46
Кузнецов Иван Никитич,майор,5,20
Борисов Олег Ильич,капитан,3,41
Соколов Олег Кириллович,полковник,7,53
Соловьёв Виктор Юрьевич,полковник,6,50
Петров Матвей Михайлович,прапорщик,9,59
Петров Алексей Олегович,прапорщик,11,58
Васильев Олег Никитич,капитан,3,40
Зайцев Илья Сергеевич,рядовой,11,37
Никитин Максим Дмитриевич,лейтенант,11,54
Попов Роман Иванович,полковник,5,57
Семёнов Степан Юрьевич,капитан,11,24
Попов Алексей Ильич,рядовой,12,53
Новиков Матвей Ильич,рядовой,10,36
Захаров Роман Ильич,полковник,4,18
Андреев Дмитрий Павлович,прапорщик,2,36
Яковлев Михаил Викторович,рядовой,9,49
Степанов Олег Михайлович,рядовой,1,44
Яковлев Иван Михайлович,лейтенант,3,25
Иванов Степан Дмитриевич,сержант,7,47
Николаев Кирилл Романович,капитан,8,51
Сидоров Матвей Иванович,лейтенант,10,39
Семёнов Иван Ильич,рядовой,12,22
Кочергин Александр Никитич,рядовой,9,46
Морозов Никита Алексеевич,лейтенант,10,26
Захаров Никита Дмитриевич,капитан,10,42
Борисов Денис Дмитриевич,рядовой,5,46
Егоров Степан Алексеевич,рядовой,2,36
Михайлов Илья Никитич,лейтенант,10,37
Кочергин Илья Сергеевич,полковник,10,18
Орлов Степан Ильич,майор,6,24
Лебедев Кирилл Павлович,прапорщик,7,28
Алексеев Иван Ильич,сержант,5,58
Борисов Евгений Романович,сержант,6,32
Васильев Андрей Олегович,рядовой,12,43
Семёнов Александр Алексеевич,рядовой,11,24
Соколов Дмитрий Сергеевич,майор,1,41
Сидоров Артём Александрович,сержант,2,46
Васильев Алексей Иванович,прапорщик,2,37
Козлов Андрей Кириллович,полковник,11,54
Соколов Егор Викторович,майор,5,56
Алексеев Степан Максимович,рядовой,11,25
Петров Егор Олегович,рядовой,6,20
Алексеев Сергей Андреевич,сержант,6,38
Андреев Степан Михайлович,прапорщик,6,25
Козлов Денис Алексеевич,прапорщик,10,41
Зайцев Константин Дмитриевич,сержант,9,37
Соколов Юрий Романович,сержант,8,50
Андреев Олег Иванович,полковник,6,55
Смирнов Денис Алексеевич,капитан,8,36
Петров Юрий Юрьевич,рядовой,7,52
Макаров Егор Иванович,полковник,1,19
Петров Сергей Юрьевич,рядовой,8,38
Новиков Павел Юрьевич,полковник,10,30
Козлов Виктор Александрович,лейтенант,6,60
Соловьёв Михаил Иванович,сержант,7,21
Семёнов Степан Алексеевич,прапорщик,1,24
Смирнов Константин Никитич,сержант,10,39
Алексеев Дмитрий Максимович,лейтенант,4,23
Козлов Виктор Алексеевич,капитан,4,35
Иванов Егор Андреевич,полковник,2,33
Кузнецов Сергей Дмитриевич,полковник,5,28
Сидоров Роман Кириллович,прапорщик,1,36
Степанов Андрей Олегович,сержант,1,58
Лебедев Кирилл Викторович,лейтенант,11,37
Зайцев Роман Никитич,рядовой,7,58
Борисов Роман Алексеевич,сержант,9,54
Павлов Михаил Ильич,лейтенант,11,31
Козлов Егор Алексеевич,прапорщик,12,39
Козлов Илья Романович,лейтенант,7,51
Борисов Кирилл Павлович,сержант,6,35
Морозов Андрей Кириллович,капитан,6,48
Козлов Олег Максимович,капитан,7,52
Васильев Роман Алексеевич,майор,12,52
Кузнецов Дмитрий Олегович,майор,2,59
Никитин Виктор Викторович,полковник,3,21
Яковлев Иван Андреевич,рядовой,4,40
Семёнов Юрий Дмитриевич,прапорщик,11,42
Соколов Кирилл Михайлович,майор,2,31
Николаев Артём Юрьевич,прапорщик,2,31
Никитин Александр Павлович,прапорщик,6,42
Фёдоров Кирилл Ильич,прапорщик,12,36
Сидоров Денис Ильич,рядовой,6,44
Смирнов Сергей Андреевич,сержант,4,39
Кузнецов Максим Андреевич,сержант,12,19
Новиков Евгений Олегович,рядовой,11,36
Кузнецов Кирилл Андреевич,сержант,5,40
Новиков Денис Викторович,капитан,2,46
Новиков Степан Михайлович,рядовой,3,49
Яковлев Михаил Ильич,полковник,4,53
Попов Илья Михайлович,капитан,9,50
Андреев Юрий Павлович,рядовой,8,57
Орлов Олег Никитич,полковник,10,27
Николаев Юрий Андреевич,лейтенант,9,34
Соловьёв Матвей Юрьевич,сержант,10,55
Лебедев Денис Сергеевич,рядовой,6,35
Иванов Александр Михайлович,прапорщик,7,60
Орлов Виктор Андреевич,майор,9,25
Соловьёв Егор Викторович,капитан,9,35
Кочергин Илья Олегович,полковник,7,40
Орлов Олег Андреевич,сержант,6,39
Соловьёв Сергей Ильич,майор,2,30
Яковлев Илья Андреевич,сержант,7,20
Новиков Артём Андреевич,прапорщик,12,50
Степанов Кирилл Ильич,майор,7,30
Васильев Никита Викторович,майор,1,55
Семёнов Сергей Павлович,капитан,9,27
Фёдоров Александр Викторович,сержант,4,46
Кочергин Максим Кириллович,капитан,8,36
Кочергин Олег Иванович,майор,10,36
Новиков Матвей Олегович,капитан,2,44
Новиков Алексей Александрович,лейтенант,5,39
Попов Алексей Юрьевич,рядовой,3,38
Михайлов Алексей Кириллович,капитан,12,60
Семёнов Павел Павлович,сержант,9,34
Макаров Иван Романович,лейтенант,9,35
Козлов Максим Романович,полковник,1,38
Яковлев Иван Ильич,майор,10,32
Козлов Иван Олегович,рядовой,4,60
Борисов Дмитрий Юрьевич,рядовой,7,38
Фёдоров Павел Алексеевич,прапорщик,12,27
Макаров Олег Павлович,лейтенант,1,35
Степанов Михаил Кириллович,капитан,9,20
Новиков Роман Сергеевич,лейтенант,5,22
Макаров Денис Алексеевич,лейтенант,3,20
Андреев Артём Александрович,майор,8,57
Васильев Дмитрий Михайлович,сержант,11,19
Кузнецов Павел Юрьевич,рядовой,7,54
Степанов Артём Дмитриевич,прапорщик,3,21
Козлов Константин Ильич,сержант,10,48
Макаров Виктор Михайлович,прапорщик,6,39
Андреев Степан Юрьевич,рядовой,11,22
Орлов Кирилл Сергеевич,лейтенант,5,22
Морозов Егор Михайлович,полковник,8,21
Алексеев Роман Кириллович,полковник,3,60
Морозов Сергей Павлович,полковник,7,47
Андреев Роман Андреевич,полковник,9,58
Иванов Андрей Павлович,майор,11,55
Зайцев Матвей Андреевич,сержант,7,53
Орлов Матвей Кириллович,капитан,3,52
Смирнов Иван Иванович,сержант,3,25
Кузнецов Алексей Андреевич,майор,1,53
Борисов Егор Михайлович,рядовой,5,42
Кузнецов Степан Иванович,полковник,2,21
Смирнов Андрей Сергеевич,полковник,6,26
Попов Алексей Александрович,сержант,5,19
Орлов Роман Сергеевич,сержант,10,59
Яковлев Матвей Алексеевич,прапорщик,8,24
Попов Степан Олегович,сержант,1,36
Петров Никита Максимович,майор,10,56
Новиков Денис Викторович,лейтенант,5,28
Михайлов Павел Романович,полковник,10,20
Степанов Евгений Олегович,капитан,10,32
Васильев Артём Викторович,капитан,12,19
Захаров Никита Павлович,лейтенант,9,36
Николаев Константин Ильич,майор,8,29
Иванов Павел Андреевич,прапорщик,9,22
Андреев Матвей Павлович,сержант,12,59
Морозов Степан Алексеевич,рядовой,5,50
Фёдоров Дмитрий Сергеевич,полковник,8,35
Лебедев Александр Иванович,сержант,2,44
Васильев Егор Андреевич,рядовой,9,52
Захаров Сергей Александрович,полковник,3,31
Семёнов Михаил Юрьевич,капитан,9,43
Иванов Алексей Михайлович,рядовой,7,43
Степанов Евгений Александрович,майор,6,29
Лебедев Денис Андреевич,капитан,1,39
Попов Александр Никитич,капитан,12,50
Морозов Алексей Кириллович,сержант,10,51
Орлов Иван Михайлович,капитан,1,44
Кочергин Константин Андреевич,капитан,9,57
Морозов Михаил Кириллович,рядовой,6,38
Морозов Артём Никитич,рядовой,7,47
Морозов Кирилл Олегович,капитан,9,59
Алексеев Евгений Андреевич,полковник,4,22
Егоров Олег Александрович,рядовой,5,29
Соловьёв Сергей Олегович,рядовой,1,27
Кочергин Денис Дмитриевич,капитан,7,36
Новиков Дмитрий Максимович,лейтенант,3,53
Степанов Юрий Никитич,полковник,3,28
Морозов Михаил Никитич,сержант,12,29
Морозов Александр Дмитриевич,капитан,7,34
Соколов Никита Андреевич,капитан,3,32
Лебедев Максим Андреевич,рядовой,7,36
Никитин Алексей Иванович,лейтенант,6,44
Никитин Роман Кириллович,капитан,12,59
Попов Иван Андреевич,полковник,2,29
Николаев Илья Дмитриевич,сержант,9,44
Новиков Павел Сергеевич,майор,5,43
Никитин Юрий Иванович,рядовой,10,33
Соловьёв Виктор Иванович,сержант,1,18
Соколов Андрей Никитич,майор,11,36
Алексеев Степан Дмитриевич,сержант,6,45
Макаров Сергей Никитич,прапорщик,10,34
Сидоров Степан Александрович,майор,3,55
Макаров Виктор Павлович,сержант,3,21
Никитин Олег Михайлович,рядовой,6,43
Васильев Матвей Олегович,сержант,2,52
Соколов Денис Михайлович,лейтенант,1,55
Иванов Юрий Дмитриевич,прапорщик,4,52
Кочергин Алексей Андреевич,рядовой,1,42
Андреев Матвей Сергеевич,капитан,8,58
Борисов Алексей Романович,капитан,7,58
Петров Денис Андреевич,капитан,3,29
Алексеев Константин Александрович,полковник,12,57
Борисов Егор Павлович,капитан,6,28
Смирнов Юрий Максимович,майор,1,35
Егоров Юрий Юрьевич,сержант,9,55
Зайцев Юрий Кириллович,майор,12,47
Лебедев Олег Кириллович,капитан,6,48
Козлов Кирилл Ильич,полковник,11,39
Яковлев Матвей Павлович,сержант,10,41
Алексеев Илья Иванович,полковник,2,48
Петров Роман Дмитриевич,рядовой,12,44
Морозов Андрей Романович,полковник,12,56
Яковлев Андрей Никитич,рядовой,9,59
Смирнов Юрий Иванович,лейтенант,9,18
Фёдоров Максим Михайлович,рядовой,8,34
Захаров Павел Олегович,рядовой,9,22
Смирнов Сергей Михайлович,рядовой,6,56
Николаев Андрей Михайлович,капитан,7,57
Сидоров Иван Александрович,капитан,3,20
Борисов Сергей Юрьевич,полковник,8,45
Зайцев Илья Алексеевич,майор,11,32
Соколов Юрий Иванович,рядовой,8,37
Иванов Юрий Викторович,прапорщик,10,27
Соколов Михаил Ильич,рядовой,1,45
Лебедев Кирилл Викторович,капитан,7,51
Козлов Дмитрий Кириллович,сержант,7,29
Макаров Евгений Павлович,полковник,1,34
Кузнецов Артём Олегович,полковник,3,39
Зайцев Максим Алексеевич,лейтенант,10,49
Борисов Евгений Кириллович,прапорщик,7,53
Борисов Никита Дмитриевич,рядовой,8,50
Андреев Сергей Максимович,рядовой,3,43
Алексеев Никита Никитич,капитан,2,33
Козлов Денис Юрьевич,лейтенант,4,52
Орлов Алексей Никитич,лейтенант,1,52
Макаров Сергей Михайлович,прапорщик,12,55
Кочергин Степан Максимович,капитан,10,25
Кочергин Олег Романович,рядовой,3,55
Новиков Олег Андреевич,рядовой,2,19
Кузнецов Юрий Иванович,полковник,5,41
Попов Андрей Сергеевич,полковник,11,22
Зайцев Максим Алексеевич,прапорщик,12,39
Михайлов Илья Андреевич,капитан,8,46
Степанов Павел Сергеевич,полковник,11,22
Фёдоров Павел Олегович,полковник,8,25
Кузнецов Максим Андреевич,сержант,3,38
Орлов Роман Андреевич,рядовой,10,50
Яковлев Егор Юрьевич,полковник,11,21
Зайцев Дмитрий Викторович,сержант,1,37
Борисов Виктор Павлович,сержант,1,58
Алексеев Олег Андреевич,лейтенант,3,47
Васильев Андрей Ильич,прапорщик,2,23
Васильев Илья Андреевич,сержант,8,49
Соловьёв Илья Андреевич,капитан,10,23
Фёдоров Никита Юрьевич,рядовой,9,48
Борисов Андрей Никитич,полковник,12,33
Васильев Евгений Юрьевич,майор,11,56
Петров Павел Павлович,рядовой,6,29
Павлов Павел Сергеевич,капитан,9,49
Борисов Виктор Александрович,рядовой,4,42
Сидоров Константин Сергеевич,майор,12,58
Васильев Матвей Кириллович,рядовой,12,39
Зайцев Виктор Викторович,капитан,5,18
Алексеев Олег Алексеевич,рядовой,2,20
Сидоров Матвей Андреевич,полковник,5,39
Морозов Илья Кириллович,прапорщик,3,36
Семёнов Михаил Иванович,майор,7,48
Михайлов Виктор Михайлович,рядовой,7,31
Степанов Дмитрий Андреевич,полковник,6,19
Иванов Андрей Никитич,лейтенант,2,37
Яковлев Алексей Алексеевич,сержант,12,38
Борисов Денис Олегович,полковник,10,55
Андреев Кирилл Александрович,лейтенант,9,18
Никитин Егор Сергеевич,капитан,3,51
Лебедев Илья Юрьевич,полковник,4,36
Смирнов Роман Михайлович,прапорщик,4,29
Макаров Сергей Андреевич,лейтенант,6,33
Егоров Дмитрий Олегович,майор,10,29
Никитин Павел Сергеевич,прапорщик,2,50
Соловьёв Матвей Павлович,сержант,5,41
Морозов Кирилл Олегович,лейтенант,1,34
Орлов Сергей Михайлович,лейтенант,3,56
Николаев Максим Михайлович,рядовой,9,47
Петров Иван Олегович,прапорщик,11,29
Соловьёв Александр Олегович,полковник,2,47
Морозов Матвей Александрович,прапорщик,11,48
Соловьёв Роман Ильич,капитан,7,33
Сидоров Евгений Павлович,сержант,3,34
Морозов Константин Олегович,сержант,8,60
Павлов Алексей Александрович,лейтенант,12,42
Захаров Егор Юрьевич,сержант,6,39
Борисов Юрий Максимович,капитан,3,25
Сидоров Павел Андреевич,полковник,2,21
Петров Дмитрий Михайлович,рядовой,4,21
Фёдоров Сергей Никитич,лейтенант,7,25
Орлов Юрий Дмитриевич,капитан,5,39
Морозов Никита Ильич,рядовой,8,50
Яковлев Олег Сергеевич,лейтенант,5,39
Соловьёв Никита Кириллович,сержант,5,22
Андреев Юрий Юрьевич,рядовой,5,46
Захаров Константин Романович,рядовой,5,42
Соколов Максим Кириллович,рядовой,6,21
Новиков Павел Кириллович,полковник,5,40
Иванов Егор Романович,рядовой,3,34
Зайцев Евгений Андреевич,капитан,5,32
Егоров Роман Олегович,прапорщик,1,28
Борисов Степан Павлович,прапорщик,6,49
Иванов Виктор Ильич,майор,7,43
Фёдоров Артём Сергеевич,лейтенант,12,19
Орлов Иван Кириллович,рядовой,10,56
Андреев Иван Кириллович,прапорщик,1,38
Соловьёв Юрий Викторович,рядовой,1,43
Козлов Виктор Ильич,прапорщик,4,32
Яковлев Алексей Дмитриевич,сержант,9,31
Зайцев Роман Дмитриевич,полковник,7,18
Яковлев Степан Андреевич,сержант,6,21
Попов Павел Иванович,рядовой,7,41
Орлов Степан Павлович,лейтенант,8,50
Васильев Виктор Иванович,рядовой,9,34
Кузнецов Матвей Михайлович,лейтенант,4,36
Сидоров Степан Ильич,капитан,12,55
Макаров Андрей Дмитриевич,полковник,1,49
Егоров Дмитрий Павлович,прапорщик,4,49
Петров Артём Михайлович,сержант,3,50
Кочергин Матвей Сергеевич,прапорщик,3,37
Борисов Андрей Алексеевич,сержант,3,20
Зайцев Илья Романович,рядовой,3,36
Иванов Максим Иванович,прапорщик,2,36
Новиков Егор Павлович,сержант,8,33
Михайлов Дмитрий Михайлович,рядовой,3,27
Кузнецов Юрий Романович,полковник,1,41
Васильев Павел Романович,полковник,6,42
Макаров Артём Александрович,капитан,5,36
Соловьёв Никита Максимович,рядовой,5,23
Иванов Евгений Павлович,майор,2,51
Козлов Виктор Александрович,сержант,4,42
Павлов Егор Олегович,майор,5,37
Алексеев Александр Олегович,капитан,2,56
Егоров Константин Ильич,майор,7,39
Сидоров Алексей Олегович,капитан,7,21
Семёнов Артём Юрьевич,полковник,4,48
Фёдоров Дмитрий Дмитриевич,рядовой,3,39
Соколов Дмитрий Кириллович,прапорщик,12,53
Орлов Андрей Кириллович,рядовой,1,48
Яковлев Роман Сергеевич,прапорщик,6,49
Алексеев Илья Андреевич,рядовой,5,18
Лебедев Кирилл Александрович,сержант,10,36
Попов Андрей Юрьевич,капитан,6,39
Новиков Олег Кириллович,капитан,7,34
Семёнов Константин Романович,прапорщик,7,27
Попов Матвей Викторович,сержант,10,42
Соловьёв Андрей Олегович,сержант,7,47
Морозов Олег Олегович,прапорщик,6,56
Иванов Денис Александрович,лейтенант,7,49
Михайлов Олег Викторович,рядовой,4,31
Семёнов Матвей Иванович,прапорщик,9,36
Никитин Павел Михайлович,полковник,6,36
Козлов Степан Викторович,полковник,11,22
Сидоров Илья Павлович,лейтенант,6,28
Фёдоров Никита Сергеевич,капитан,2,51
Сидоров Никита Никитич,сержант,8,56
Новиков Роман Ильич,рядовой,9,36
Алексеев Андрей Викторович,сержант,8,57
Козлов Никита Дмитриевич,майор,4,46
Лебедев Максим Алексеевич,рядовой,11,27
Попов Евгений Кириллович,полковник,10,23
Кочергин Никита Сергеевич,рядовой,4,31
Сидоров Олег Никитич,полковник,11,20
Фёдоров Павел Иванович,сержант,2,40
Николаев Денис Максимович,прапорщик,6,56
Захаров Максим Иванович,майор,2,24
Морозов Александр Максимович,полковник,10,53
Никитин Дмитрий Викторович,капитан,8,44
Фёдоров Константин Романович,прапорщик,9,52
Кочергин Константин Максимович,полковник,3,32
Семёнов Александр Андреевич,рядовой,9,56
Кузнецов Олег Юрьевич,майор,12,58
Сидоров Сергей Михайлович,рядовой,9,56
Николаев Максим Романович,прапорщик,3,58
Алексеев Алексей Кириллович,сержант,4,45
Николаев Денис Андреевич,прапорщик,4,19
Алексеев Максим Сергеевич,полковник,1,21
Борисов Андрей Михайлович,лейтенант,2,19
Лебедев Павел Юрьевич,рядовой,2,24
Орлов Артём Павлович,лейтенант,4,50
Николаев Степан Кириллович,полковник,7,19
Соколов Иван Сергеевич,лейтенант,5,40
Зайцев Андрей Иванович,капитан,11,38
Андреев Сергей Максимович,рядовой,7,38
Козлов Олег Александрович,полковник,7,23
Сидоров Андрей Никитич,лейтенант,8,18
Михайлов Артём Иванович,майор,10,55
Семёнов Павел Юрьевич,сержант,4,18
Фёдоров Олег Александрович,майор,10,53
Яковлев Денис Андреевич,сержант,2,28
Сидоров Никита Романович,прапорщик,2,35
Николаев Евгений Павлович,майор,11,35
Новиков Илья Викторович,лейтенант,1,60
Яковлев Кирилл Никитич,лейтенант,6,36
Смирнов Кирилл Дмитриевич,лейтенант,4,51
Лебедев Денис Кириллович,лейтенант,9,49
Егоров Матвей Иванович,майор,2,39
Андреев Павел Олегович,капитан,2,22
Соколов Александр Юрьевич,полковник,12,54
Кузнецов Виктор Иванович,капитан,4,59
Михайлов Алексей Никитич,прапорщик,8,36
Алексеев Артём Дмитриевич,капитан,11,43
Лебедев Максим Сергеевич,сержант,1,52
Кочергин Юрий Павлович,прапорщик,10,29
Никитин Матвей Михайлович,рядовой,12,47
Сидоров Иван Михайлович,сержант,9,37
Кузнецов Евгений Сергеевич,майор,11,38
Михайлов Кирилл Кириллович,полковник,2,45
Яковлев Евгений Дмитриевич,сержант,3,51
Соловьёв Денис Юрьевич,сержант,2,34
Борисов Дмитрий Кириллович,рядовой,3,43
Николаев Егор Олегович,полковник,8,35
Зайцев Илья Иванович,рядовой,1,40
Алексеев Виктор Александрович,рядовой,10,42
Кочергин Роман Сергеевич,сержант,12,35
Яковлев Илья Михайлович,прапорщик,12,46
Егоров Павел Михайлович,прапорщик,12,33
Лебедев Евгений Максимович,капитан,8,23
Зайцев Егор Никитич,майор,7,18
Алексеев Иван Юрьевич,полковник,12,59
Павлов Константин Алексеевич,полковник,10,18
Фёдоров Павел Викторович,капитан,12,37
Кочергин Юрий Максимович,сержант,3,19
Сидоров Сергей Павлович,сержант,4,22
Орлов Роман Сергеевич,рядовой,1,52
Михайлов Денис Викторович,капитан,7,24
Попов Роман Кириллович,рядовой,5,18
Николаев Роман Юрьевич,капитан,8,37
Никитин Андрей Иванович,полковник,1,21
Смирнов Константин Ильич,рядовой,5,55
Петров Илья Алексеевич,прапорщик,6,53
Михайлов Максим Сергеевич,лейтенант,10,29
Яковлев Александр Павлович,капитан,5,40
Андреев Юрий Максимович,полковник,10,41
Соловьёв Матвей Павлович,лейтенант,5,38
Семёнов Никита Михайлович,майор,9,60
Соловьёв Виктор Никитич,лейтенант,1,39
Иванов Денис Кириллович,капитан,4,55
Козлов Павел Павлович,сержант,8,37
Павлов Юрий Михайлович,прапорщик,9,54
Кузнецов Сергей Ильич,рядовой,7,41
Соловьёв Олег Олегович,рядовой,5,47
Новиков Виктор Алексеевич,капитан,2,36
Петров Максим Ильич,рядовой,12,30
Соловьёв Александр Кириллович,рядовой,6,26
Кузнецов Юрий Олегович,рядовой,3,50
Захаров Олег Андреевич,лейтенант,8,26
Павлов Роман Павлович,лейтенант,4,35
Васильев Денис Иванович,сержант,11,28
Яковлев Юрий Ильич,капитан,12,56
Смирнов Роман Олегович,полковник,10,57
Степанов Андрей Сергеевич,рядовой,5,30
Павлов Виктор Алексеевич,майор,11,32
Егоров Олег Олегович,лейтенант,4,54
Егоров Сергей Михайлович,рядовой,1,48
Андреев Александр Михайлович,полковник,6,50
Новиков Кирилл Алексеевич,полковник,2,50
Морозов Артём Никитич,майор,6,59
Новиков Евгений Александрович,рядовой,6,35
Егоров Юрий Никитич,рядовой,7,42
Михайлов Олег Максимович,полковник,3,41
Алексеев Дмитрий Максимович,лейтенант,10,51
Кочергин Александр Александрович,полковник,11,26
Егоров Олег Иванович,рядовой,5,55
Попов Олег Алексеевич,сержант,4,32
Павлов Олег Иванович,прапорщик,3,34
Сидоров Олег Сергеевич,полковник,1,20
Соловьёв Никита Никитич,полковник,10,45
Михайлов Максим Алексеевич,полковник,12,53
Андреев Иван Романович,рядовой,3,38
Егоров Дмитрий Юрьевич,прапорщик,5,39
Кочергин Алексей Иванович,рядовой,12,28
Яковлев Михаил Андреевич,полковник,11,19
Захаров Константин Андреевич,майор,7,41
Яковлев Артём Максимович,капитан,6,18
Михайлов Михаил Алексеевич,прапорщик,4,18
Семёнов Роман Павлович,сержант,2,22
Попов Константин Романович,сержант,9,49
Петров Степан Павлович,капитан,9,46
Попов Артём Павлович,сержант,6,43
Степанов Андрей Дмитриевич,майор,12,35
Николаев Максим Андреевич,рядовой,5,28
Семёнов Матвей Кириллович,рядовой,6,23
Николаев Михаил Павлович,рядовой,11,28
Макаров Сергей Андреевич,лейтенант,8,18
Петров Виктор Олегович,капитан,5,48
Семёнов Максим Дмитриевич,лейтенант,12,19
Кочергин Кирилл Михайлович,рядовой,3,42
Никитин Юрий Юрьевич,прапорщик,2,21
Яковлев Максим Ильич,сержант,4,51
Лебедев Константин Александрович,сержант,5,34
Зайцев Артём Олегович,майор,5,40
Лебедев Евгений Дмитриевич,рядовой,2,25
Михайлов Юрий Алексеевич,майор,6,54
Васильев Роман Дмитриевич,майор,8,27
Степанов Денис Олегович,сержант,1,42
Зайцев Роман Павлович,лейтенант,3,19
Новиков Кирилл Алексеевич,рядовой,7,21
Васильев Сергей Иванович,майор,7,36
Николаев Кирилл Андреевич,сержант,7,53
Михайлов Евгений Сергеевич,лейтенант,2,51
Попов Матвей Дмитриевич,полковник,12,22
Егоров Сергей Андреевич,сержант,11,60
Степанов Евгений Ильич,капитан,2,25
Смирнов Егор Андреевич,прапорщик,12,54
Лебедев Константин Иванович,майор,3,36
Никитин Юрий Ильич,полковник,1,35
Борисов Артём Александрович,сержант,9,21
Павлов Александр Иванович,полковник,12,22
Яковлев Алексей Сергеевич,лейтенант,4,39
Соколов Илья Михайлович,сержант,8,58
Смирнов Роман Юрьевич,рядовой,4,22
Козлов Олег Олегович,рядовой,10,41
Петров Андрей Кириллович,полковник,6,36
Николаев Максим Сергеевич,майор,5,31
Николаев Роман Александрович,лейтенант,4,31
Андреев Дмитрий Александрович,майор,6,44
Петров Егор Павлович,полковник,3,48
Сидоров Роман Александрович,капитан,6,19
Козлов Андрей Андреевич,рядовой,9,52
Никитин Андрей Викторович,капитан,4,58
Новиков Дмитрий Александрович,лейтенант,11,20
Соколов Денис Максимович,сержант,11,44
Никитин Павел Олегович,лейтенант,1,25
Егоров Илья Сергеевич,лейтенант,12,43
Михайлов Роман Дмитриевич,прапорщик,3,31
Алексеев Олег Максимович,рядовой,10,26
Никитин Денис Никитич,рядовой,2,60
Степанов Виктор Павлович,майор,12,43
Михайлов Константин Михайлович,капитан,10,37
Васильев Кирилл Дмитриевич,капитан,5,25
Егоров Артём Никитич,капитан,10,19
Захаров Иван Михайлович,капитан,11,21
Попов Егор Ильич,майор,5,21
Степанов Роман Кириллович,сержант,9,32
Васильев Никита Максимович,полковник,5,55
Зайцев Павел Юрьевич,полковник,12,36
Кочергин Михаил Алексеевич,рядовой,9,29
Козлов Кирилл Викторович,майор,3,28
Попов Илья Никитич,майор,10,33
Семёнов Олег Романович,полковник,12,38
Соколов Кирилл Ильич,майор,11,31
Андреев Егор Александрович,рядовой,4,26
Орлов Илья Алексеевич,сержант,4,35
Николаев Илья Иванович,сержант,5,20
Козлов Егор Никитич,лейтенант,12,37
Кочергин Денис Максимович,полковник,5,43
Козлов Никита Никитич,сержант,6,47
Никитин Олег Максимович,полковник,11,46
Морозов Денис Андреевич,лейтенант,1,21
Фёдоров Егор Кириллович,майор,1,49
Иванов Роман Дмитриевич,сержант,3,36
Иванов Константин Иванович,полковник,2,28
Иванов Юрий Романович,капитан,8,42
Иванов Андрей Максимович,капитан,3,51
Захаров Илья Иванович,рядовой,10,58
Павлов Евгений Ильич,капитан,4,37
Орлов Илья Викторович,полковник,5,56
Яковлев Иван Дмитриевич,лейтенант,10,26
Никитин Михаил Андреевич,сержант,11,30
Андреев Александр Максимович,полковник,6,30
Павлов Роман Михайлович,капитан,1,20
Михайлов Евгений Михайлович,рядовой,3,58
Николаев Евгений Максимович,сержант,5,20
Зайцев Сергей Андреевич,полковник,11,36
Захаров Константин Павлович,полковник,10,39
Козлов Денис Михайлович,лейтенант,12,24
Сидоров Александр Андреевич,прапорщик,12,56
Морозов Роман Алексеевич,лейтенант,5,36
Макаров Олег Александрович,рядовой,4,32
Смирнов Олег Сергеевич,рядовой,6,51
Кузнецов Евгений Никитич,прапорщик,5,42
Павлов Иван Сергеевич,прапорщик,4,55
Егоров Михаил Максимович,лейтенант,11,37
Андреев Роман Ильич,лейтенант,3,49
Смирнов Матвей Михайлович,полковник,9,31
Семёнов Матвей Кириллович,майор,9,32
Фёдоров Роман Сергеевич,капитан,7,30
Семёнов Кирилл Кириллович,прапорщик,2,35
Андреев Алексей Михайлович,майор,12,55
Павлов Олег Никитич,сержант,3,51
Яковлев Матвей Олегович,сержант,11,35
Степанов Денис Андреевич,лейтенант,11,52
Борисов Матвей Андреевич,лейтенант,10,24
Кочергин Иван Ильич,капитан,1,59
Никитин Егор Павлович,прапорщик,1,21
Егоров Кирилл Павлович,лейтенант,7,21
Петров Кирилл Михайлович,капитан,6,30
Кочергин Олег Алексеевич,сержант,9,47
Орлов Александр Юрьевич,прапорщик,11,52
Иванов Сергей Олегович,лейтенант,10,54
Зайцев Матвей Иванович,прапорщик,4,18
Никитин Степан Ильич,сержант,9,19
Михайлов Александр Юрьевич,лейтенант,3,51
Иванов Никита Олегович,сержант,2,56
Андреев Илья Викторович,сержант,10,38
Фёдоров Никита Павлович,майор,10,45
Михайлов Степан Ильич,капитан,10,59
Морозов Евгений Никитич,капитан,4,20
Иванов Кирилл Александрович,сержант,8,21
Козлов Виктор Павлович,капитан,11,53
Смирнов Степан Иванович,рядовой,9,48
Смирнов Матвей Кириллович,прапорщик,7,49
Михайлов Андрей Юрьевич,сержант,7,28
Соловьёв Евгений Андреевич,сержант,8,51
Петров Дмитрий Юрьевич,лейтенант,4,24
Егоров Роман Сергеевич,полковник,6,38
Кузнецов Павел Викторович,рядовой,4,39
Попов Никита Михайлович,лейтенант,2,26
Захаров Максим Сергеевич,сержант,11,46
Макаров Олег Алексеевич,лейтенант,12,60
Макаров Юрий Максимович,сержант,10,19
Борисов Роман Алексеевич,рядовой,3,50
Андреев Дмитрий Александрович,полковник,3,35
Степанов Роман Викторович,полковник,9,25
Борисов Евгений Олегович,сержант,1,30
Егоров Андрей Юрьевич,лейтенант,10,21
Алексеев Денис Михайлович,капитан,11,52
Николаев Артём Алексеевич,лейтенант,2,36
Яковлев Никита Андреевич,майор,2,52
Козлов Сергей Викторович,сержант,9,43
Зайцев Дмитрий Кириллович,сержант,7,31
Семёнов Егор Романович,лейтенант,11,27
Соколов Илья Дмитриевич,прапорщик,10,34
Егоров Александр Дмитриевич,прапорщик,5,57
Михайлов Кирилл Михайлович,сержант,12,24
Кузнецов Максим Романович,прапорщик,3,54
Никитин Илья Олегович,капитан,7,51
Сидоров Роман Юрьевич,прапорщик,5,54
Николаев Андрей Викторович,рядовой,8,53
Сидоров Илья Кириллович,прапорщик,7,40
Фёдоров Иван Романович,сержант,5,28
Соловьёв Юрий Юрьевич,прапорщик,12,53
Алексеев Артём Никитич,сержант,6,20
Орлов Павел Юрьевич,полковник,6,43
Никитин Евгений Олегович,полковник,7,58
Попов Артём Кириллович,сержант,12,38
Попов Никита Романович,майор,10,48
Морозов Олег Сергеевич,полковник,9,29
Никитин Сергей Юрьевич,сержант,5,56
Николаев Дмитрий Романович,капитан,7,19
Попов Евгений Дмитриевич,капитан,7,48
Соловьёв Кирилл Александрович,рядовой,2,41
Борисов Денис Романович,рядовой,5,27
Соловьёв Алексей Михайлович,полковник,11,35
Семёнов Никита Никитич,майор,9,57
Фёдоров Алексей Викторович,прапорщик,7,47
Новиков Александр Александрович,прапорщик,3,36
Сидоров Михаил Алексеевич,капитан,8,47
Захаров Дмитрий Алексеевич,майор,5,24
Соловьёв Сергей Романович,полковник,11,44
Соколов Андрей Михайлович,рядовой,9,40
Сидоров Александр Дмитриевич,прапорщик,8,22
Морозов Егор Юрьевич,сержант,3,50
Захаров Юрий Андреевич,капитан,7,52
Новиков Артём Михайлович,лейтенант,11,21
Николаев Степан Алексеевич,полковник,10,22
Степанов Михаил Кириллович,капитан,5,51
Борисов Роман Александрович,капитан,8,41
Захаров Степан Юрьевич,полковник,3,38
Иванов Артём Дмитриевич,капитан,6,20
Васильев Никита Ильич,капитан,5,22
Новиков Сергей Дмитриевич,прапорщик,8,54
Зайцев Егор Сергеевич,майор,1,26
Морозов Артём Викторович,прапорщик,2,38
Новиков Михаил Романович,сержант,1,58
Кочергин Степан Романович,полковник,1,19
Попов Сергей Дмитриевич,полковник,9,57
Борисов Андрей Михайлович,капитан,6,18
Лебедев Виктор Павлович,сержант,3,33
Фёдоров Степан Юрьевич,прапорщик,10,30
Алексеев Сергей Романович,майор,6,24
Новиков Алексей Алексеевич,прапорщик,11,23
Васильев Матвей Андреевич,капитан,5,57
Кочергин Александр Иванович,прапорщик,8,51
Зайцев Андрей Сергеевич,полковник,7,22
Сидоров Денис Юрьевич,лейтенант,10,28
Алексеев Андрей Павлович,капитан,11,47
Михайлов Максим Олегович,лейтенант,2,53
Новиков Юрий Олегович,полковник,3,41
Козлов Юрий Алексеевич,капитан,3,34
Лебедев Виктор Алексеевич,прапорщик,11,28
Иванов Александр Олегович,капитан,10,23
Захаров Александр Кириллович,прапорщик,6,56
Лебедев Евгений Юрьевич,капитан,7,27
Кузнецов Никита Павлович,прапорщик,7,19
Егоров Егор Дмитриевич,капитан,5,20
Васильев Роман Сергеевич,полковник,1,39
Смирнов Алексей Павлович,лейтенант,3,32
Семёнов Степан Сергеевич,майор,1,30
Павлов Дмитрий Олегович,прапорщик,8,31
Васильев Иван Сергеевич,сержант,11,38
Иванов Виктор Романович,сержант,10,35
Лебедев Роман Михайлович,капитан,4,23
Соколов Александр Олегович,лейтенант,11,18
Лебедев Никита Александрович,прапорщик,5,46
Иванов Павел Павлович,рядовой,10,39
Павлов Алексей Михайлович,капитан,8,39
Кузнецов Константин Юрьевич,рядовой,1,21
Козлов Павел Александрович,прапорщик,3,30
Захаров Алексей Юрьевич,лейтенант,9,30
Смирнов Михаил Олегович,прапорщик,10,26
Макаров Роман Иванович,майор,2,36
Попов Алексей Александрович,капитан,1,47
Соколов Константин Викторович,лейтенант,7,51
Новиков Денис Юрьевич,лейтенант,2,21
Николаев Олег Дмитриевич,рядовой,4,19
Макаров Денис Сергеевич,сержант,11,40
Алексеев Евгений Михайлович,майор,1,31
Попов Сергей Алексеевич,рядовой,4,40
Козлов Алексей Сергеевич,капитан,11,41
Соколов Михаил Павлович,прапорщик,7,45
Васильев Дмитрий Сергеевич,прапорщик,2,31
Новиков Александр Михайлович,лейтенант,10,58
Соловьёв Михаил Дмитриевич,прапорщик,6,37
Кочергин Никита Александрович,лейтенант,7,25
Орлов Евгений Максимович,капитан,10,40
Макаров Иван Сергеевич,лейтенант,3,32
Соколов Роман Павлович,рядовой,5,31
Степанов Степан Максимович,лейтенант,9,39
Лебедев Олег Иванович,рядовой,2,38
Сидоров Михаил Александрович,сержант,10,45
Петров Андрей Юрьевич,прапорщик,6,35
Борисов Степан Викторович,сержант,6,48
Николаев Роман Сергеевич,капитан,4,52
Попов Юрий Максимович,полковник,6,56
Петров Олег Михайлович,лейтенант,4,46
Новиков Максим Кириллович,капитан,3,18
Павлов Степан Юрьевич,полковник,12,42
Кузнецов Егор Павлович,рядовой,11,51
Павлов Степан Иванович,прапорщик,7,35
Алексеев Константин Кириллович,прапорщик,4,23
Степанов Денис Никитич,майор,8,34
Кочергин Роман Никитич,капитан,5,28
Макаров Максим Дмитриевич,майор,6,51
Егоров Матвей Иванович,прапорщик,7,22
Орлов Денис Александрович,рядовой,12,51
Зайцев Матвей Дмитриевич,полковник,10,35
Петров Кирилл Кириллович,полковник,2,18
Петров Дмитрий Павлович,сержант,3,56
Морозов Константин Михайлович,капитан,9,55
Новиков Михаил Олегович,полковник,2,21
Соловьёв Артём Дмитриевич,сержант,8,19
Кочергин Артём Андреевич,полковник,8,45
Сидоров Матвей Александрович,полковник,8,30
Козлов Алексей Павлович,капитан,6,34
Никитин Дмитрий Кириллович,прапорщик,12,47
Яковлев Артём Романович,майор,9,48
Степанов Андрей Андреевич,полковник,9,23
Кочергин Никита Александрович,капитан,7,31
Смирнов Илья Дмитриевич,рядовой,8,44
Андреев Илья Кириллович,майор,4,44
Зайцев Сергей Сергеевич,капитан,8,41
Лебедев Олег Викторович,капитан,4,28
Андреев Сергей Олегович,капитан,2,45
Новиков Егор Андреевич,лейтенант,11,39
Николаев Кирилл Олегович,полковник,6,57
Егоров Константин Юрьевич,полковник,3,57
Лебедев Дмитрий Алексеевич,лейтенант,10,33
Никитин Илья Ильич,сержант,3,56
Борисов Степан Олегович,лейтенант,10,21
Морозов Егор Павлович,капитан,3,47
Яковлев Никита Александрович,полковник,6,31
Сидоров Кирилл Максимович,полковник,8,34
Михайлов Олег Алексеевич,лейтенант,10,44
Степанов Юрий Романович,полковник,4,45
Николаев Юрий Юрьевич,сержант,7,41
Никитин Максим Дмитриевич,капитан,8,59
Андреев Константин Дмитриевич,сержант,9,48
Захаров Матвей Александрович,полковник,12,22
Васильев Олег Андреевич,полковник,8,60
Макаров Михаил Михайлович,лейтенант,6,31
Павлов Кирилл Ильич,сержант,4,34
Сидоров Роман Александрович,сержант,6,25
Яковлев Олег Иванович,рядовой,1,40
Козлов Алексей Юрьевич,капитан,2,28
Зайцев Алексей Олегович,капитан,7,25
Орлов Евгений Олегович,прапорщик,12,47
Яковлев Максим Андреевич,полковник,4,52
Козлов Алексей Михайлович,капитан,12,60
Лебедев Алексей Иванович,прапорщик,2,41
Морозов Матвей Олегович,полковник,3,28
Никитин Илья Романович,полковник,3,46
Попов Олег Максимович,лейтенант,12,46
Лебедев Андрей Олегович,полковник,1,39
Егоров Максим Михайлович,прапорщик,7,19
Зайцев Алексей Андреевич,рядовой,1,60
Зайцев Алексей Ильич,рядовой,5,20
Новиков Евгений Алексеевич,рядовой,1,32
Новиков Кирилл Максимович,сержант,3,35
Алексеев Виктор Михайлович,сержант,1,51
Андреев Виктор Олегович,майор,2,42
Семёнов Илья Кириллович,сержант,6,55
Васильев Иван Романович,сержант,7,59
Петров Никита Викторович,полковник,12,49
Козлов Артём Юрьевич,лейтенант,4,28
Петров Сергей Романович,майор,6,57
Степанов Денис Олегович,рядовой,6,58
Козлов Сергей Викторович,сержант,3,39
Новиков Илья Алексеевич,рядовой,6,55
Михайлов Матвей Олегович,лейтенант,1,18
Николаев Денис Павлович,сержант,2,23
Кочергин Андрей Алексеевич,полковник,11,24
Смирнов Юрий Сергеевич,прапорщик,2,38
Макаров Максим Викторович,сержант,3,37
Соколов Евгений Алексеевич,полковник,2,60
Кузнецов Виктор Романович,рядовой,1,22
Егоров Павел Кириллович,полковник,12,58
Смирнов Денис Сергеевич,лейтенант,2,24
Сидоров Алексей Дмитриевич,капитан,12,38
Захаров Степан Иванович,майор,6,43
Соколов Денис Павлович,прапорщик,2,44
Кузнецов Артём Алексеевич,прапорщик,1,41
Кочергин Максим Дмитриевич,прапорщик,4,32
Смирнов Иван Никитич,сержант,12,35
Васильев Сергей Андреевич,полковник,9,48
Иванов Александр Андреевич,сержант,7,55
Егоров Юрий Андреевич,лейтенант,10,27
Иванов Артём Олегович,сержант,2,33
Кузнецов Юрий Олегович,лейтенант,1,50
Алексеев Денис Ильич,лейтенант,12,23
Николаев Павел Александрович,полковник,1,56
Петров Егор Никитич,сержант,9,49
Соловьёв Кирилл Александрович,капитан,11,34
Сидоров Матвей Ильич,майор,8,52
Новиков Сергей Павлович,лейтенант,12,30
Морозов Степан Юрьевич,лейтенант,4,30
Семёнов Денис Андреевич,прапорщик,5,29
Лебедев Олег Ильич,рядовой,9,27
Соловьёв Дмитрий Андреевич,рядовой,4,22
Лебедев Матвей Иванович,сержант,2,43
Михайлов Артём Михайлович,полковник,12,57
Петров Матвей Викторович,прапорщик,4,28
Павлов Никита Павлович,рядовой,11,37
Попов Сергей Юрьевич,капитан,8,54
Соловьёв Михаил Никитич,майор,12,42
Степанов Роман Олегович,рядовой,10,40
Лебедев Дмитрий Алексеевич,майор,6,47
Козлов Артём Павлович,капитан,7,41
Попов Олег Викторович,прапорщик,9,48
Новиков Олег Михайлович,капитан,11,37
Захаров Олег Сергеевич,прапорщик,12,27
Смирнов Михаил Сергеевич,прапорщик,10,20
Михайлов Иван Дмитриевич,рядовой,7,34
Попов Александр Олегович,сержант,6,54
Васильев Евгений Павлович,лейтенант,7,49
Петров Павел Олегович,майор,9,43
Кузнецов Юрий Юрьевич,лейтенант,8,45
Попов Матвей Александрович,майор,6,53
Яковлев Матвей Дмитриевич,сержант,10,27
Кузнецов Константин Юрьевич,сержант,10,29
Макаров Кирилл Романович,лейтенант,3,20
Егоров Олег Олегович,лейтенант,2,58
Новиков Сергей Алексеевич,полковник,10,35
Орлов Виктор Павлович,майор,6,38
Андреев Евгений Максимович,рядовой,6,58
Кузнецов Александр Андреевич,лейтенант,5,20
Кочергин Роман Юрьевич,капитан,8,38
Кузнецов Юрий Алексеевич,майор,8,32
Васильев Никита Андреевич,капитан,5,52
Морозов Дмитрий Михайлович,рядовой,3,31
Степанов Павел Викторович,полковник,3,21
Кузнецов Никита Максимович,сержант,3,35
Орлов Алексей Дмитриевич,капитан,10,31
Попов Дмитрий Андреевич,майор,2,48
Васильев Иван Сергеевич,майор,9,53
Алексеев Виктор Алексеевич,полковник,10,42
Кочергин Дмитрий Дмитриевич,прапорщик,12,23
Михайлов Роман Юрьевич,лейтенант,7,56
Никитин Денис Никитич,лейтенант,10,29
Орлов Артём Максимович,майор,11,58
Сидоров Алексей Сергеевич,капитан,12,19
Морозов Сергей Сергеевич,полковник,8,60
Новиков Матвей Максимович,сержант,8,42
Попов Денис Юрьевич,сержант,4,55
Козлов Роман Ильич,майор,2,39
Семёнов Иван Андреевич,капитан,2,31
Макаров Виктор Кириллович,майор,6,35
Михайлов Евгений Сергеевич,полковник,10,34
Соловьёв Михаил Андреевич,майор,10,38
Смирнов Алексей Дмитриевич,майор,11,29
Орлов Павел Ильич,майор,12,37
Сидоров Андрей Алексеевич,лейтенант,5,44
Макаров Илья Кириллович,прапорщик,7,18
Соловьёв Юрий Андреевич,лейтенант,3,31
Егоров Кирилл Максимович,рядовой,11,25
Борисов Андрей Андреевич,прапорщик,4,19
Кузнецов Юрий Сергеевич,сержант,6,39
Захаров Евгений Алексеевич,полковник,6,37
Николаев Евгений Александрович,полковник,5,48
Козлов Олег Сергеевич,майор,8,30
Новиков Максим Алексеевич,сержант,12,60
Смирнов Константин Михайлович,капитан,6,56
Макаров Андрей Никитич,полковник,11,46
Макаров Кирилл Андреевич,майор,1,26
Захаров Олег Михайлович,рядовой,5,46
Яковлев Дмитрий Андреевич,майор,6,53
Яковлев Егор Дмитриевич,рядовой,12,23
Андреев Роман Ильич,майор,10,39
Кочергин Виктор Андреевич,полковник,10,20
Кузнецов Константин Юрьевич,лейтенант,11,47
Орлов Никита Викторович,майор,7,25
Яковлев Сергей Викторович,прапорщик,1,40
Степанов Максим Никитич,сержант,3,35
Андреев Олег Сергеевич,рядовой,2,29
Лебедев Евгений Максимович,лейтенант,12,39
Никитин Андрей Максимович,прапорщик,11,57
Кузнецов Андрей Максимович,майор,2,33
Сидоров Денис Викторович,капитан,2,51
Сидоров Кирилл Кириллович,майор,7,20
Кочергин Юрий Кириллович,прапорщик,1,24
Степанов Юрий Сергеевич,лейтенант,2,49
Сидоров Артём Максимович,капитан,8,58
Макаров Егор Юрьевич,сержант,6,35
Фёдоров Михаил Юрьевич,майор,8,30
Васильев Артём Дмитриевич,майор,5,57
Андреев Иван Алексеевич,рядовой,4,31
Павлов Александр Павлович,майор,8,18
Павлов Илья Алексеевич,лейтенант,1,36
Петров Денис Кириллович,рядовой,9,24
Семёнов Сергей Викторович,майор,9,33
Зайцев Андрей Александрович,рядовой,6,46
Козлов Александр Андреевич,прапорщик,12,50
Кузнецов Артём Олегович,капитан,7,33
Козлов Константин Кириллович,лейтенант,5,42
Иванов Иван Олегович,лейтенант,4,29
Макаров Никита Сергеевич,рядовой,9,18
Лебедев Сергей Павлович,полковник,9,58
Яковлев Матвей Ильич,прапорщик,11,26
Орлов Егор Иванович,сержант,3,41
Орлов Никита Кириллович,лейтенант,4,28
Васильев Михаил Романович,лейтенант,2,51
Егоров Виктор Александрович,полковник,3,56
Новиков Кирилл Иванович,сержант,7,19
Соколов Степан Максимович,лейтенант,2,58
Семёнов Андрей Андреевич,капитан,12,29
Васильев Алексей Михайлович,лейтенант,2,46
Новиков Алексей Ильич,прапорщик,10,52
Лебедев Артём Сергеевич,полковник,8,29
Борисов Егор Александрович,рядовой,11,49
Кочергин Егор Сергеевич,лейтенант,3,34
Смирнов Никита Алексеевич,сержант,12,20
Макаров Иван Викторович,майор,9,51
Макаров Денис Олегович,рядовой,2,53
Смирнов Евгений Сергеевич,майор,1,50
Соколов Михаил Александрович,рядовой,12,33
Орлов Евгений Ильич,полковник,11,37
Борисов Егор Максимович,рядовой,6,18
Петров Сергей Кириллович,майор,4,36
Захаров Иван Иванович,прапорщик,9,54
Фёдоров Степан Дмитриевич,капитан,6,43
Павлов Андрей Иванович,рядовой,8,24
Захаров Егор Алексеевич,полковник,11,60
Яковлев Максим Андреевич,капитан,2,33
Николаев Кирилл Максимович,полковник,7,43
Петров Матвей Кириллович,прапорщик,2,18
Кочергин Максим Алексеевич,рядовой,12,51
Лебедев Павел Юрьевич,майор,6,33
Лебедев Андрей Никитич,сержант,5,42
Новиков Виктор Михайлович,майор,7,39
Петров Юрий Юрьевич,рядовой,3,18
Никитин Денис Никитич,прапорщик,8,31
Егоров Андрей Сергеевич,полковник,9,31
Павлов Андрей Викторович,рядовой,9,30
Никитин Егор Александрович,полковник,7,33
Смирнов Алексей Сергеевич,полковник,8,44
Козлов Константин Романович,прапорщик,3,22
Яковлев Никита Максимович,майор,2,58
Орлов Артём Максимович,полковник,5,57
Никитин Роман Сергеевич,полковник,3,46
Андреев Кирилл Михайлович,прапорщик,1,35
Зайцев Юрий Сергеевич,майор,4,56
Николаев Степан Ильич,майор,11,59
Никитин Сергей Романович,капитан,12,20
Яковлев Матвей Викторович,прапорщик,11,47
Иванов Андрей Романович,сержант,2,37
Васильев Егор Андреевич,лейтенант,4,44
Орлов Денис Олегович,сержант,1,38
Захаров Евгений Юрьевич,рядовой,1,39
Сидоров Сергей Ильич,сержант,4,27
Соколов Сергей Викторович,рядовой,12,55
Лебедев Кирилл Александрович,лейтенант,8,59
Николаев Степан Юрьевич,сержант,4,41
Лебедев Кирилл Александрович,рядовой,3,37
Семёнов Максим Андреевич,капитан,11,47
Зайцев Степан Юрьевич,полковник,1,34
Фёдоров Денис Иванович,рядовой,11,48
Новиков Роман Викторович,рядовой,3,41
Егоров Илья Романович,майор,2,53
Зайцев Александр Дмитриевич,рядовой,3,58
Кочергин Андрей Кириллович,лейтенант,3,33
Борисов Илья Алексеевич,рядовой,6,24
Кузнецов Виктор Романович,сержант,5,60
Михайлов Юрий Иванович,сержант,9,52
Козлов Алексей Кириллович,рядовой,6,19
Павлов Дмитрий Викторович,сержант,11,41
Соколов Егор Никитич,капитан,4,39
Борисов Иван Романович,сержант,7,50
Попов Андрей Ильич,рядовой,3,55
Морозов Дмитрий Сергеевич,капитан,5,34
Андреев Сергей Алексеевич,прапорщик,8,39
Смирнов Виктор Ильич,лейтенант,6,58
Козлов Павел Павлович,рядовой,4,19
Захаров Юрий Кириллович,сержант,3,38
Егоров Александр Алексеевич,полковник,3,40
Захаров Роман Иванович,сержант,5,31
Николаев Константин Павлович,рядовой,1,39
Сидоров Виктор Алексеевич,лейтенант,2,21
Морозов Иван Павлович,полковник,7,31
Егоров Максим Алексеевич,капитан,11,37
Соловьёв Илья Дмитриевич,полковник,6,40
Лебедев Степан Алексеевич,полковник,10,33
Петров Никита Никитич,прапорщик,6,36
Кузнецов Олег Викторович,лейтенант,7,58
Макаров Виктор Юрьевич,лейтенант,3,55
Алексеев Юрий Павлович,полковник,2,44
Яковлев Юрий Алексеевич,капитан,11,43
Смирнов Михаил Романович,капитан,12,21
Петров Егор Алексеевич,сержант,9,27
Егоров Егор Олегович,майор,5,44
Николаев Илья Максимович,майор,10,35
Морозов Павел Павлович,сержант,5,50
Борисов Егор Кириллович,сержант,11,55
Смирнов Артём Александрович,капитан,10,23
Борисов Егор Романович,прапорщик,9,41
Морозов Роман Романович,полковник,5,20
Захаров Юрий Ильич,капитан,2,44
Морозов Олег Ильич,полковник,1,20
Захаров Павел Кириллович,сержант,6,26
Орлов Роман Иванович,прапорщик,10,29
Петров Кирилл Олегович,сержант,2,27
Васильев Виктор Викторович,прапорщик,6,27
Лебедев Максим Юрьевич,майор,2,27
Сидоров Евгений Никитич,прапорщик,1,32
Кочергин Сергей Дмитриевич,капитан,11,28
Орлов Илья Никитич,рядовой,5,19
Борисов Илья Кириллович,капитан,7,24
Соколов Роман Юрьевич,прапорщик,8,51
Кочергин Иван Кириллович,лейтенант,6,35
Соловьёв Юрий Олегович,лейтенант,2,29
Сидоров Илья Ильич,рядовой,3,57
Степанов Кирилл Ильич,капитан,4,30
Фёдоров Олег Кириллович,капитан,9,28
Андреев Константин Юрьевич,майор,8,59
Морозов Дмитрий Кириллович,капитан,8,54
Степанов Степан Дмитриевич,полковник,8,37
Новиков Никита Романович,капитан,2,57
Алексеев Егор Сергеевич,капитан,12,59
Соколов Никита Дмитриевич,полковник,7,27
Морозов Степан Сергеевич,лейтенант,11,25
Николаев Павел Юрьевич,майор,3,56
Петров Иван Никитич,сержант,10,36
Михайлов Максим Александрович,прапорщик,6,43
Никитин Александр Максимович,майор,3,21
Степанов Алексей Кириллович,сержант,4,24
Петров Константин Романович,полковник,7,28
Зайцев Юрий Романович,майор,9,22
Яковлев Алексей Алексеевич,прапорщик,9,60
Степанов Денис Кириллович,сержант,4,26
Иванов Олег Иванович,майор,2,48
Петров Юрий Михайлович,полковник,8,58
Кочергин Михаил Викторович,прапорщик,9,58
Алексеев Андрей Павлович,капитан,9,47
Орлов Павел Алексеевич,полковник,9,19
Кочергин Алексей Кириллович,капитан,10,34
Кузнецов Матвей Ильич,лейтенант,3,22
Соловьёв Степан Андреевич,сержант,12,48
Орлов Егор Алексеевич,прапорщик,4,26
Смирнов Александр Кириллович,прапорщик,7,45
Яковлев Максим Павлович,лейтенант,6,54
Михайлов Денис Андреевич,рядовой,1,58
Зайцев Александр Юрьевич,сержант,11,45
Кузнецов Александр Олегович,рядовой,12,51
Кузнецов Дмитрий Олегович,капитан,11,35
Новиков Егор Сергеевич,рядовой,4,56
Макаров Матвей Иванович,полковник,3,34
Петров Денис Иванович,капитан,4,31
Морозов Алексей Павлович,лейтенант,3,48
Павлов Максим Михайлович,капитан,1,43
Васильев Андрей Кириллович,лейтенант,6,30
Никитин Степан Алексеевич,полковник,7,57
Кузнецов Евгений Ильич,сержант,11,46
Морозов Константин Кириллович,капитан,6,60
Попов Дмитрий Кириллович,лейтенант,3,31
Сидоров Александр Викторович,сержант,6,46
Новиков Денис Александрович,полковник,1,59
Кузнецов Сергей Никитич,капитан,1,37
Орлов Артём Никитич,майор,8,20
Попов Андрей Михайлович,прапорщик,8,50
Орлов Артём Олегович,сержант,4,52
Попов Евгений Романович,майор,11,20
Петров Алексей Романович,сержант,4,22
Андреев Артём Ильич,рядовой,7,24
Захаров Дмитрий Юрьевич,лейтенант,3,21
Новиков Сергей Павлович,майор,1,39
Никитин Александр Никитич,сержант,8,57
Козлов Никита Павлович,майор,10,50
Павлов Андрей Романович,полковник,8,40
Николаев Алексей Андреевич,сержант,9,45
Яковлев Никита Павлович,полковник,9,53
Соколов Егор Михайлович,сержант,4,32
Иванов Виктор Викторович,сержант,12,44
Николаев Алексей Андреевич,сержант,9,42
Фёдоров Денис Сергеевич,капитан,6,55
Макаров Виктор Андреевич,капитан,1,18
Семёнов Иван Максимович,майор,8,46
Васильев Алексей Алексеевич,рядовой,1,19
Соколов Степан Павлович,майор,8,39
Козлов Кирилл Сергеевич,сержант,4,27
Смирнов Артём Дмитриевич,капитан,2,29
Смирнов Юрий Ильич,лейтенант,4,35
Морозов Константин Михайлович,полковник,9,26
Николаев Никита Сергеевич,капитан,2,31
Михайлов Кирилл Максимович,рядовой,8,57
Борисов Роман Андреевич,лейтенант,11,40
Кочергин Денис Кириллович,майор,4,28
Петров Павел Иванович,рядовой,3,57
Борисов Андрей Викторович,майор,5,30
Кузнецов Степан Михайлович,рядовой,10,40
Степанов Александр Романович,капитан,7,18
Смирнов Юрий Ильич,лейтенант,1,57
Кузнецов Михаил Юрьевич,полковник,9,59
Сидоров Дмитрий Андреевич,прапорщик,8,51
Егоров Виктор Михайлович,полковник,3,30
Соловьёв Евгений Александрович,капитан,3,36
Андреев Никита Юрьевич,сержант,8,45
Андреев Павел Дмитриевич,капитан,3,46
Васильев Кирилл Алексеевич,сержант,10,57
Фёдоров Олег Михайлович,лейтенант,1,35
Козлов Константин Михайлович,сержант,2,40
Николаев Максим Андреевич,сержант,9,53
Никитин Юрий Александрович,капитан,11,42
Сидоров Андрей Андреевич,сержант,3,60
Андреев Юрий Максимович,прапорщик,5,20
Николаев Иван Александрович,полковник,2,36
Никитин Дмитрий Сергеевич,полковник,2,25
Макаров Михаил Андреевич,сержант,9,44
Смирнов Андрей Никитич,сержант,11,48
Захаров Константин Дмитриевич,лейтенант,12,45
Николаев Максим Михайлович,капитан,11,31
Алексеев Александр Юрьевич,прапорщик,2,43
Орлов Сергей Михайлович,рядовой,8,56
Семёнов Степан Иванович,прапорщик,7,49
Никитин Сергей Никитич,прапорщик,2,45
Алексеев Артём Максимович,полковник,1,39
Михайлов Константин Алексеевич,полковник,2,38
Фёдоров Юрий Павлович,полковник,3,37
Андреев Андрей Павлович,капитан,8,59
Новиков Павел Павлович,полковник,7,37
Павлов Максим Олегович,рядовой,4,25
Захаров Максим Никитич,лейтенант,9,50
Макаров Илья Никитич,майор,5,40
Николаев Юрий Максимович,капитан,6,28
Павлов Матвей Максимович,лейтенант,2,54
Морозов Андрей Павлович,сержант,4,50
Борисов Виктор Никитич,прапорщик,3,53
Лебедев Егор Максимович,полковник,11,42
Смирнов Никита Дмитриевич,рядовой,10,35
Смирнов Матвей Сергеевич,прапорщик,3,32
Морозов Александр Викторович,рядовой,9,57
Никитин Виктор Викторович,рядовой,5,48
Орлов Илья Максимович,сержант,10,39
Иванов Артём Никитич,сержант,9,53
Кузнецов Юрий Максимович,лейтенант,1,49
Морозов Дмитрий Иванович,рядовой,7,30
Орлов Артём Павлович,сержант,6,41
Борисов Дмитрий Дмитриевич,полковник,5,47
Сидоров Михаил Александрович,рядовой,6,42
Новиков Константин Никитич,полковник,6,25
Орлов Роман Александрович,сержант,8,49
Макаров Андрей Андреевич,капитан,7,50
Васильев Максим Олегович,рядовой,5,39
Смирнов Константин Сергеевич,капитан,6,20
Новиков Степан Андреевич,рядовой,1,49
Петров Егор Андреевич,прапорщик,11,56
Михайлов Алексей Никитич,сержант,2,54
Зайцев Евгений Юрьевич,майор,4,30
Смирнов Евгений Иванович,майор,10,18
Андреев Олег Михайлович,лейтенант,4,45
Михайлов Никита Иванович,полковник,10,47
Егоров Роман Андреевич,капитан,4,41
Сидоров Павел Юрьевич,лейтенант,11,26
Иванов Михаил Олегович,лейтенант,3,42
Андреев Сергей Александрович,лейтенант,3,27
Никитин Максим Ильич,капитан,3,54
Никитин Андрей Романович,прапорщик,10,19
Алексеев Виктор Дмитриевич,лейтенант,5,19
Соловьёв Кирилл Иванович,полковник,5,54
Андреев Михаил Олегович,рядовой,2,55
Новиков Кирилл Викторович,полковник,1,21
Борисов Алексей Олегович,капитан,9,41
Кузнецов Алексей Алексеевич,рядовой,7,28
Зайцев Артём Никитич,полковник,7,29
Новиков Павел Романович,лейтенант,11,53
Яковлев Иван Иванович,лейтенант,7,27
Васильев Андрей Александрович,прапорщик,8,27
Кузнецов Иван Андреевич,полковник,3,45
Макаров Артём Викторович,лейтенант,3,44
Лебедев Олег Дмитриевич,рядовой,1,26
Сидоров Илья Максимович,майор,1,28
Морозов Александр Михайлович,рядовой,3,27
Орлов Евгений Иванович,капитан,6,33
Васильев Роман Олегович,прапорщик,4,31
Никитин Олег Павлович,лейтенант,3,40
Козлов Олег Романович,капитан,2,59
Николаев Евгений Юрьевич,полковник,11,46
Захаров Андрей Юрьевич,лейтенант,11,27
Борисов Иван Сергеевич,рядовой,7,19
Фёдоров Денис Андреевич,прапорщик,6,35
Кузнецов Степан Иванович,лейтенант,4,34
Михайлов Сергей Сергеевич,сержант,1,31
Смирнов Михаил Андреевич,сержант,2,47
Соколов Андрей Алексеевич,прапорщик,6,21
Соколов Юрий Алексеевич,лейтенант,6,51
Смирнов Егор Дмитриевич,капитан,5,56
Степанов Илья Максимович,прапорщик,4,24
Новиков Евгений Дмитриевич,сержант,6,25
Кузнецов Никита Юрьевич,прапорщик,6,23
Попов Виктор Павлович,сержант,2,55
Степанов Павел Ильич,капитан,4,49
Михайлов Виктор Романович,полковник,3,34
Фёдоров Илья Иванович,лейтенант,2,43
Лебедев Александр Максимович,капитан,10,26
Орлов Александр Максимович,прапорщик,6,47
Иванов Сергей Олегович,прапорщик,8,20
Иванов Алексей Олегович,сержант,2,34
Яковлев Алексей Александрович,полковник,4,30
Кузнецов Олег Никитич,сержант,11,19
Кузнецов Артём Романович,прапорщик,2,42
Никитин Юрий Викторович,сержант,1,44
Степанов Артём Олегович,прапорщик,10,27
Борисов Илья Алексеевич,рядовой,6,24
Зайцев Денис Олегович,сержант,7,51
Петров Никита Олегович,лейтенант,6,41
Лебедев Олег Михайлович,капитан,11,30
Лебедев Михаил Александрович,майор,6,51
Новиков Константин Сергеевич,прапорщик,3,27
Козлов Дмитрий Алексеевич,капитан,3,41
Николаев Степан Ильич,майор,11,49
Фёдоров Андрей Андреевич,полковник,8,43
Алексеев Павел Дмитриевич,капитан,10,52
Степанов Михаил Максимович,майор,3,26
Сидоров Сергей Алексеевич,прапорщик,10,27
Смирнов Дмитрий Павлович,прапорщик,4,25
Лебедев Максим Юрьевич,капитан,7,43
Зайцев Матвей Александрович,рядовой,7,18
Лебедев Евгений Михайлович,майор,5,25
Павлов Денис Максимович,прапорщик,9,49
Лебедев Сергей Романович,майор,10,41
Козлов Роман Дмитриевич,полковник,10,25
Алексеев Кирилл Никитич,капитан,12,45
Макаров Иван Викторович,майор,1,54
Морозов Никита Юрьевич,капитан,2,47
Иванов Михаил Олегович,капитан,7,44
Степанов Роман Андреевич,сержант,8,38
Яковлев Константин Андреевич,полковник,8,59
Васильев Виктор Сергеевич,рядовой,9,19
Степанов Максим Юрьевич,полковник,2,49
Алексеев Максим Юрьевич,рядовой,6,22
Смирнов Роман Романович,лейтенант,10,36
Зайцев Константин Андреевич,прапорщик,4,54
Павлов Сергей Павлович,лейтенант,3,32
Андреев Денис Сергеевич,лейтенант,6,60
Зайцев Егор Сергеевич,полковник,7,26
Егоров Илья Викторович,капитан,3,37
Борисов Павел Александрович,полковник,10,57
Лебедев Никита Дмитриевич,сержант,4,28
Павлов Михаил Викторович,сержант,5,59
Степанов Артём Кириллович,полковник,6,53
Морозов Матвей Максимович,майор,2,30
Борисов Матвей Романович,майор,1,40
Захаров Юрий Максимович,полковник,3,51
Петров Юрий Олегович,майор,7,24
Иванов Степан Романович,полковник,2,24
Смирнов Юрий Ильич,сержант,10,29
Козлов Михаил Сергеевич,капитан,7,39
Семёнов Алексей Александрович,майор,12,40
Иванов Андрей Дмитриевич,полковник,1,50
Морозов Алексей Михайлович,рядовой,5,55
Николаев Виктор Андреевич,майор,1,60
Соловьёв Михаил Дмитриевич,лейтенант,8,39
Макаров Павел Александрович,лейтенант,2,47
Зайцев Юрий Дмитриевич,прапорщик,1,24
Егоров Евгений Сергеевич,прапорщик,12,55
Яковлев Михаил Алексеевич,рядовой,6,19
Орлов Андрей Михайлович,полковник,9,47
Морозов Егор Романович,прапорщик,11,38
Кузнецов Олег Сергеевич,сержант,7,54
Семёнов Виктор Андреевич,лейтенант,12,38
Яковлев Виктор Александрович,майор,4,27
Захаров Дмитрий Кириллович,капитан,7,55
Петров Матвей Максимович,рядовой,7,57
Макаров Дмитрий Андреевич,прапорщик,1,20
Макаров Дмитрий Дмитриевич,рядовой,4,53
Фёдоров Денис Михайлович,рядовой,12,19
Алексеев Егор Кириллович,капитан,6,37
Соловьёв Алексей Максимович,лейтенант,1,22
Лебедев Юрий Юрьевич,полковник,8,32
Семёнов Матвей Алексеевич,капитан,12,19
Кузнецов Егор Кириллович,лейтенант,4,20
Алексеев Никита Павлович,полковник,7,26
Сидоров Иван Дмитриевич,прапорщик,8,49
Соловьёв Матвей Максимович,лейтенант,4,49
Васильев Денис Михайлович,сержант,6,35
Козлов Виктор Викторович,полковник,2,28
Степанов Дмитрий Сергеевич,рядовой,7,51
Михайлов Кирилл Максимович,прапорщик,8,47
Алексеев Александр Иванович,полковник,8,22
Николаев Андрей Александрович,лейтенант,11,43
Яковлев Юрий Викторович,майор,4,34
Кочергин Константин Александрович,лейтенант,3,52
Степанов Денис Романович,капитан,3,44
Михайлов Денис Юрьевич,прапорщик,6,19
Николаев Матвей Юрьевич,рядовой,3,31
Никитин Сергей Максимович,полковник,12,39
Попов Михаил Юрьевич,рядовой,6,44
Кузнецов Егор Михайлович,сержант,10,32
Семёнов Михаил Дмитриевич,рядовой,6,48
Сидоров Максим Андреевич,лейтенант,7,36
Васильев Иван Олегович,сержант,12,41
Попов Андрей Сергеевич,рядовой,4,55
Борисов Андрей Юрьевич,сержант,12,23
Зайцев Роман Алексеевич,полковник,10,59
Козлов Виктор Иванович,рядовой,8,20
Степанов Никита Андреевич,рядовой,3,55
Смирнов Никита Максимович,рядовой,4,23
Павлов Роман Кириллович,майор,8,58
Захаров Никита Романович,полковник,10,29
Михайлов Максим Олегович,майор,2,24
Фёдоров Иван Алексеевич,прапорщик,9,55
Петров Сергей Александрович,майор,11,58
Зайцев Кирилл Михайлович,капитан,12,31
Степанов Артём Викторович,капитан,11,50
Захаров Максим Алексеевич,сержант,4,34
Никитин Константин Андреевич,рядовой,12,43
Павлов Артём Михайлович,лейтенант,6,35
Соловьёв Павел Максимович,майор,7,18
Сидоров Максим Иванович,сержант,6,34
Алексеев Матвей Павлович,капитан,12,24
Кузнецов Михаил Михайлович,сержант,8,30
Попов Дмитрий Максимович,майор,10,34
Михайлов Кирилл Ильич,прапорщик,5,34
Андреев Егор Максимович,лейтенант,10,26
Васильев Михаил Олегович,лейтенант,8,48
Иванов Никита Андреевич,лейтенант,9,37
Павлов Евгений Павлович,капитан,3,48
Макаров Андрей Ильич,капитан,12,23
Морозов Артём Викторович,полковник,6,52
Макаров Евгений Юрьевич,рядовой,4,22
Павлов Алексей Алексеевич,полковник,3,27
Васильев Алексей Олегович,сержант,6,33
Орлов Матвей Алексеевич,лейтенант,6,46
Смирнов Кирилл Олегович,майор,12,39
Орлов Евгений Юрьевич,рядовой,4,48
Соловьёв Роман Юрьевич,полковник,5,25
Кузнецов Кирилл Сергеевич,рядовой,4,24
Андреев Роман Михайлович,рядовой,12,18
Степанов Максим Дмитриевич,капитан,7,32
Сидоров Андрей Никитич,сержант,10,58
Петров Егор Кириллович,лейтенант,4,21
Зайцев Юрий Павлович,лейтенант,5,18
Кочергин Роман Павлович,прапорщик,4,44
Козлов Илья Юрьевич,рядовой,1,22
Степанов Илья Иванович,капитан,12,55
Борисов Константин Кириллович,лейтенант,12,43
Борисов Максим Павлович,сержант,12,27
Михайлов Дмитрий Павлович,полковник,10,32
Макаров Егор Михайлович,полковник,11,44
Морозов Денис Кириллович,майор,10,45
Фёдоров Михаил Александрович,майор,9,35
Петров Илья Сергеевич,майор,7,21
Сидоров Виктор Ильич,рядовой,9,45
Андреев Максим Алексеевич,полковник,2,50
Смирнов Дмитрий Романович,майор,2,33
Козлов Денис Павлович,майор,7,53
Кочергин Никита Андреевич,лейтенант,2,43
Сидоров Юрий Кириллович,майор,2,47
Никитин Егор Никитич,сержант,1,36
Новиков Дмитрий Ильич,капитан,1,39
Козлов Иван Кириллович,рядовой,2,38
Егоров Олег Сергеевич,прапорщик,12,51
Никитин Матвей Павлович,майор,3,51
Морозов Степан Иванович,капитан,6,21
Семёнов Виктор Александрович,капитан,9,48
Попов Степан Никитич,капитан,9,56
Алексеев Александр Ильич,прапорщик,9,52
Степанов Артём Юрьевич,полковник,11,43
Кузнецов Олег Никитич,капитан,11,18
Смирнов Александр Дмитриевич,майор,1,53
Андреев Михаил Михайлович,рядовой,6,54
Орлов Сергей Викторович,сержант,2,53
Кочергин Дмитрий Олегович,прапорщик,9,58
Петров Иван Романович,сержант,5,52
Борисов Константин Дмитриевич,рядовой,2,30
Новиков Роман Андреевич,прапорщик,1,37
Иванов Кирилл Никитич,сержант,1,37
Фёдоров Кирилл Викторович,прапорщик,3,35
Захаров Артём Андреевич,капитан,7,37
Николаев Матвей Андреевич,полковник,1,51
Яковлев Алексей Максимович,капитан,3,33
Кузнецов Артём Алексеевич,лейтенант,10,37
Кузнецов Денис Ильич,прапорщик,3,26
Фёдоров Кирилл Максимович,прапорщик,6,23
Петров Павел Алексеевич,полковник,8,38
Фёдоров Роман Ильич,майор,8,43
Михайлов Александр Алексеевич,лейтенант,1,50
Павлов Роман Андреевич,рядовой,4,28
Захаров Сергей Павлович,полковник,12,40
Фёдоров Павел Романович,сержант,11,49
Попов Илья Кириллович,майор,3,48
Соколов Никита Дмитриевич,майор,9,18
Андреев Кирилл Павлович,прапорщик,3,21
Зайцев Андрей Иванович,прапорщик,6,48
Борисов Сергей Романович,рядовой,3,56
Павлов Юрий Кириллович,майор,8,24
Зайцев Алексей Максимович,рядовой,8,59
Соколов Юрий Дмитриевич,лейтенант,3,20
Петров Максим Александрович,прапорщик,11,59
Алексеев Михаил Викторович,полковник,2,38
Яковлев Юрий Ильич,лейтенант,8,32
Морозов Михаил Викторович,рядовой,10,60
Павлов Максим Ильич,сержант,2,24
Павлов Александр Иванович,майор,5,24
Иванов Виктор Александрович,прапорщик,12,37
Зайцев Илья Олегович,рядовой,6,19
Николаев Матвей Андреевич,прапорщик,11,52
Кузнецов Евгений Иванович,капитан,6,48
Степанов Степан Александрович,сержант,4,57
Смирнов Павел Павлович,сержант,5,19
Захаров Никита Александрович,капитан,4,24
Яковлев Виктор Андреевич,сержант,4,32
Иванов Михаил Олегович,прапорщик,8,28
Макаров Алексей Дмитриевич,лейтенант,5,21
Новиков Андрей Алексеевич,прапорщик,6,54
Иванов Максим Юрьевич,сержант,3,26
Степанов Александр Викторович,сержант,10,40
Михайлов Евгений Олегович,лейтенант,4,28
Захаров Константин Алексеевич,капитан,8,54
Смирнов Матвей Сергеевич,сержант,11,36
Макаров Дмитрий Максимович,прапорщик,9,28
Захаров Максим Ильич,майор,4,20
Орлов Иван Никитич,майор,9,31
Соловьёв Иван Никитич,капитан,10,46
Кузнецов Константин Олегович,капитан,7,58
Никитин Сергей Андреевич,прапорщик,4,40
Морозов Матвей Андреевич,майор,11,30
Захаров Евгений Романович,капитан,12,55
Никитин Виктор Михайлович,рядовой,9,46
Соколов Артём Викторович,майор,11,39
Соловьёв Олег Александрович,майор,3,20
Фёдоров Денис Кириллович,капитан,6,20
Кочергин Павел Романович,сержант,3,44
Егоров Михаил Кириллович,лейтенант,2,38
Никитин Никита Кириллович,майор,7,51
Никитин Кирилл Ильич,прапорщик,10,37
Яковлев Никита Павлович,сержант,6,18
Иванов Константин Александрович,капитан,7,19
Никитин Никита Дмитриевич,капитан,11,53
Степанов Сергей Иванович,полковник,9,40
Козлов Илья Романович,рядовой,4,58
Смирнов Юрий Олегович,капитан,11,37
Алексеев Андрей Александрович,сержант,1,53
Андреев Алексей Михайлович,рядовой,12,18
Никитин Артём Максимович,майор,7,31
Лебедев Евгений Андреевич,майор,8,53
Яковлев Константин Сергеевич,рядовой,6,22
Андреев Сергей Сергеевич,полковник,9,42
Алексеев Павел Михайлович,капитан,8,60
Борисов Денис Александрович,сержант,4,51
Захаров Денис Максимович,сержант,5,25
Никитин Максим Андреевич,сержант,8,20
Морозов Александр Иванович,капитан,8,58
Морозов Алексей Юрьевич,капитан,9,23
Зайцев Денис Павлович,рядовой,9,36
Макаров Павел Андреевич,лейтенант,12,30
Лебедев Максим Никитич,лейтенант,9,18
Орлов Никита Дмитриевич,сержант,5,42
Степанов Матвей Олегович,прапорщик,12,25
Соловьёв Олег Никитич,майор,1,29
Сидоров Степан Романович,капитан,12,43
Захаров Иван Дмитриевич,майор,6,57
Иванов Алексей Дмитриевич,капитан,11,57
Кочергин Виктор Ильич,лейтенант,1,24
Смирнов Андрей Михайлович,лейтенант,4,51
Петров Евгений Кириллович,капитан,9,34
Козлов Евгений Юрьевич,полковник,8,37
Фёдоров Михаил Никитич,рядовой,1,46
Лебедев Кирилл Дмитриевич,майор,5,18
Соколов Максим Олегович,сержант,9,60
Яковлев Сергей Романович,полковник,10,48
Михайлов Михаил Викторович,сержант,3,45
Кузнецов Дмитрий Юрьевич,полковник,2,53
Козлов Кирилл Юрьевич,лейтенант,4,55
Борисов Михаил Михайлович,капитан,5,41
Соколов Никита Ильич,полковник,7,19
Новиков Артём Сергеевич,лейтенант,5,35
Алексеев Егор Юрьевич,лейтенант,12,45
Иванов Павел Ильич,майор,4,29
Яковлев Кирилл Никитич,прапорщик,1,48
Морозов Виктор Дмитриевич,лейтенант,4,55
Морозов Иван Олегович,прапорщик,3,39
Михайлов Константин Олегович,прапорщик,2,53
Никитин Евгений Иванович,полковник,5,43
Макаров Артём Кириллович,рядовой,1,55
Павлов Денис Никитич,капитан,5,52
Михайлов Роман Олегович,рядовой,11,43
Васильев Егор Ильич,рядовой,9,40
Орлов Егор Александрович,прапорщик,5,60
Михайлов Никита Олегович,рядовой,11,57
Новиков Степан Юрьевич,прапорщик,10,50
Сидоров Сергей Романович,майор,10,24
Алексеев Павел Викторович,майор,3,33
Попов Сергей Сергеевич,майор,6,60
Новиков Евгений Олегович,рядовой,5,58
Семёнов Юрий Иванович,капитан,10,24
Иванов Павел Ильич,майор,1,38
Соловьёв Александр Кириллович,сержант,3,33
Петров Михаил Михайлович,сержант,11,20
Козлов Денис Андреевич,майор,9,56
Никитин Павел Иванович,полковник,12,18
Кузнецов Константин Максимович,прапорщик,6,40
Орлов Павел Максимович,полковник,4,54
Петров Никита Алексеевич,полковник,8,36
Смирнов Егор Ильич,полковник,7,50
Михайлов Олег Олегович,полковник,7,19
Соловьёв Иван Ильич,полковник,10,53
Николаев Максим Ильич,полковник,10,24
Петров Виктор Олегович,лейтенант,3,52
Соловьёв Роман Сергеевич,лейтенант,10,23
Егоров Никита Дмитриевич,прапорщик,12,37
Новиков Евгений Романович,рядовой,3,44
Кузнецов Максим Михайлович,капитан,10,30
Лебедев Степан Александрович,полковник,10,57
Яковлев Артём Максимович,сержант,9,34
Кузнецов Алексей Кириллович,капитан,3,45
Егоров Александр Максимович,лейтенант,5,33
Соловьёв Иван Сергеевич,прапорщик,9,22
Лебедев Максим Романович,капитан,6,44
Николаев Дмитрий Олегович,рядовой,5,41
Захаров Роман Максимович,лейтенант,7,54
Фёдоров Степан Андреевич,полковник,12,59
Павлов Роман Ильич,сержант,3,55
Андреев Егор Александрович,сержант,2,46
Кузнецов Кирилл Иванович,полковник,6,38
Козлов Виктор Викторович,рядовой,11,40
Фёдоров Роман Дмитриевич,майор,5,36
Николаев Денис Кириллович,рядовой,8,19
Борисов Иван Андреевич,рядовой,6,36
Новиков Сергей Иванович,полковник,6,40
Сидоров Евгений Александрович,капитан,9,46
Иванов Сергей Алексеевич,капитан,5,47
Лебедев Иван Сергеевич,полковник,8,50
Орлов Константин Алексеевич,майор,8,37
Сидоров Максим Ильич,прапорщик,12,22
Васильев Константин Александрович,майор,9,28
Морозов Дмитрий Александрович,майор,8,23
Смирнов Дмитрий Дмитриевич,прапорщик,4,59
Егоров Александр Андреевич,полковник,2,32
Яковлев Александр Кириллович,полковник,9,59
Михайлов Алексей Андреевич,рядовой,6,18
Попов Денис Романович,лейтенант,1,39
Кузнецов Михаил Никитич,прапорщик,1,26
Сидоров Никита Ильич,полковник,10,55
Кузнецов Олег Андреевич,рядовой,9,21
Михайлов Илья Никитич,лейтенант,3,19
Попов Матвей Дмитриевич,майор,11,32
Петров Дмитрий Олегович,сержант,12,45
Семёнов Артём Алексеевич,прапорщик,10,37
Лебедев Егор Олегович,сержант,6,33
Зайцев Олег Олегович,сержант,2,28
Иванов Максим Андреевич,рядовой,9,45
Новиков Константин Кириллович,сержант,7,26
Степанов Денис Алексеевич,рядовой,9,41
Петров Матвей Павлович,прапорщик,8,19
Соловьёв Кирилл Никитич,полковник,7,35
Соколов Денис Олегович,майор,11,18
Андреев Егор Олегович,лейтенант,11,57
Лебедев Алексей Никитич,полковник,10,42
Соколов Константин Романович,сержант,3,55
Алексеев Матвей Максимович,полковник,11,48
Новиков Сергей Никитич,прапорщик,1,47
Павлов Алексей Александрович,полковник,10,18
Смирнов Евгений Павлович,капитан,1,27
Васильев Андрей Никитич,майор,7,23
Фёдоров Олег Кириллович,полковник,6,31
Степанов Иван Андреевич,полковник,4,54
Захаров Александр Кириллович,полковник,8,29
Кочергин Евгений Ильич,лейтенант,2,19
Егоров Никита Иванович,рядовой,8,22
Новиков Егор Олегович,рядовой,4,48
Михайлов Дмитрий Александрович,лейтенант,5,34
Сидоров Сергей Юрьевич,капитан,4,19
Семёнов Олег Сергеевич,капитан,9,20
Морозов Сергей Андреевич,майор,4,32
Петров Кирилл Иванович,прапорщик,4,37
Павлов Артём Никитич,лейтенант,6,30
Степанов Матвей Никитич,полковник,9,53
Борисов Павел Иванович,полковник,5,20
Зайцев Олег Олегович,сержант,5,37
Сидоров Юрий Андреевич,капитан,3,40
Алексеев Егор Андреевич,прапорщик,7,24
Попов Кирилл Сергеевич,лейтенант,12,47
Яковлев Иван Павлович,сержант,4,34
Морозов Степан Павлович,полковник,6,25
Козлов Андрей Олегович,капитан,8,43
Попов Матвей Никитич,рядовой,8,31
Андреев Алексей Романович,майор,1,20
Попов Сергей Юрьевич,майор,4,43
Петров Константин Ильич,лейтенант,12,30
Сидоров Кирилл Андреевич,майор,6,25
Михайлов Никита Алексеевич,полковник,7,54
Борисов Андрей Юрьевич,полковник,10,24
Алексеев Юрий Александрович,сержант,7,58
Алексеев Артём Никитич,лейтенант,10,60
Иванов Степан Михайлович,лейтенант,4,18
Кузнецов Михаил Олегович,рядовой,12,24
Кузнецов Константин Иванович,майор,3,19
Михайлов Матвей Олегович,лейтенант,1,29
Кочергин Олег Ильич,рядовой,4,45
Михайлов Кирилл Максимович,сержант,12,41
Яковлев Артём Ильич,майор,2,39
Егоров Павел Павлович,майор,8,38
Михайлов Евгений Алексеевич,майор,5,22
Кузнецов Алексей Дмитриевич,полковник,11,40
Семёнов Максим Никитич,капитан,1,56
Иванов Константин Викторович,полковник,4,25
Соловьёв Константин Никитич,капитан,12,54
Борисов Роман Юрьевич,майор,4,53
Лебедев Юрий Александрович,рядовой,3,58
Никитин Павел Кириллович,полковник,5,33
Зайцев Константин Александрович,лейтенант,3,44
Павлов Михаил Александрович,майор,6,22
Соколов Александр Александрович,капитан,4,55
Степанов Юрий Викторович,рядовой,3,19
Степанов Константин Олегович,полковник,8,42
Козлов Евгений Никитич,лейтенант,5,43
Павлов Артём Иванович,полковник,10,27
Лебедев Виктор Викторович,майор,8,58
Соколов Сергей Викторович,лейтенант,12,50
Морозов Олег Викторович,лейтенант,8,45
Яковлев Константин Юрьевич,прапорщик,1,18
Яковлев Денис Александрович,майор,11,33
Николаев Андрей Михайлович,сержант,11,23
Борисов Константин Алексеевич,полковник,1,52
Николаев Илья Олегович,прапорщик,4,42
Кузнецов Максим Александрович,полковник,11,56
Зайцев Константин Михайлович,сержант,7,52
Андреев Александр Андреевич,майор,10,20
Павлов Дмитрий Романович,полковник,1,55
Яковлев Сергей Викторович,лейтенант,12,21
Павлов Константин Викторович,прапорщик,12,32
Яковлев Степан Дмитриевич,полковник,2,50
Степанов Юрий Дмитриевич,рядовой,5,36
Макаров Максим Павлович,майор,7,30
Фёдоров Никита Иванович,капитан,11,38
Семёнов Александр Олегович,сержант,2,56
Степанов Андрей Никитич,сержант,12,30
Павлов Никита Сергеевич,полковник,6,31
Семёнов Илья Михайлович,лейтенант,9,32
Павлов Максим Дмитриевич,сержант,10,31
Степанов Дмитрий Олегович,лейтенант,10,34
Васильев Константин Алексеевич,майор,9,35
Степанов Сергей Юрьевич,полковник,1,26
Никитин Никита Михайлович,майор,2,26
Орлов Андрей Александрович,прапорщик,6,32
Зайцев Максим Викторович,полковник,8,33
Егоров Дмитрий Олегович,рядовой,3,54
Орлов Олег Романович,лейтенант,4,54
Петров Евгений Кириллович,капитан,11,45
Степанов Константин Сергеевич,капитан,11,37
Андреев Артём Иванович,рядовой,7,22
Зайцев Виктор Алексеевич,майор,1,39
Фёдоров Михаил Сергеевич,сержант,3,23
Алексеев Евгений Олегович,капитан,4,44
Кузнецов Кирилл Андреевич,сержант,7,42
Кочергин Евгений Алексеевич,сержант,2,58
Степанов Андрей Кириллович,лейтенант,2,20
Алексеев Андрей Романович,лейтенант,4,55
Соколов Олег Юрьевич,капитан,6,53
Павлов Сергей Ильич,прапорщик,5,50
Михайлов Кирилл Юрьевич,полковник,6,25
Соколов Иван Максимович,сержант,12,54
Соколов Денис Андреевич,майор,6,55
Зайцев Никита Кириллович,лейтенант,12,49
Васильев Юрий Сергеевич,полковник,9,60
Петров Алексей Алексеевич,капитан,1,42
Алексеев Юрий Павлович,прапорщик,1,18
Михайлов Никита Ильич,майор,5,28
Петров Денис Олегович,капитан,2,33
Михайлов Павел Романович,капитан,5,46
Егоров Егор Ильич,рядовой,6,31
Морозов Михаил Кириллович,лейтенант,7,39
Фёдоров Виктор Иванович,полковник,5,48
Борисов Степан Олегович,сержант,3,28
Семёнов Никита Иванович,капитан,11,45
Андреев Артём Максимович,полковник,5,51
Соловьёв Андрей Кириллович,прапорщик,11,45
Зайцев Кирилл Максимович,рядовой,5,24
Никитин Андрей Викторович,майор,4,38
Михайлов Илья Сергеевич,рядовой,1,44
Соловьёв Никита Павлович,полковник,3,23
Яковлев Андрей Александрович,сержант,11,60
Фёдоров Александр Олегович,лейтенант,12,22
Кочергин Егор Юрьевич,рядовой,9,31
Васильев Степан Никитич,лейтенант,8,55
Соколов Максим Кириллович,рядовой,10,47
Семёнов Виктор Сергеевич,прапорщик,4,48
Андреев Александр Павлович,полковник,12,26
Степанов Виктор Романович,сержант,4,31
Соколов Сергей Олегович,лейтенант,7,49
Борисов Павел Александрович,сержант,9,27
Зайцев Илья Павлович,капитан,8,36
Яковлев Максим Дмитриевич,рядовой,10,40
Николаев Александр Павлович,лейтенант,1,43
Иванов Матвей Романович,сержант,12,58
Кузнецов Сергей Андреевич,прапорщик,2,35
Кочергин Роман Никитич,прапорщик,2,29
Степанов Илья Кириллович,рядовой,3,32
Яковлев Сергей Иванович,капитан,4,60
Николаев Иван Ильич,капитан,4,53
Попов Алексей Дмитриевич,майор,7,40
Никитин Егор Иванович,прапорщик,8,42
Орлов Иван Никитич,рядовой,5,32
Лебедев Алексей Дмитриевич,лейтенант,7,53
Петров Илья Максимович,капитан,2,31
Соловьёв Евгений Кириллович,рядовой,6,59
Кочергин Андрей Андреевич,капитан,11,44
Соколов Максим Павлович,сержант,5,43
Соколов Сергей Юрьевич,полковник,6,22
Петров Илья Романович,капитан,10,35
Андреев Михаил Сергеевич,лейтенант,6,50
Степанов Виктор Сергеевич,сержант,9,54
Новиков Алексей Андреевич,прапорщик,2,43
Павлов Виктор Андреевич,сержант,1,57
Новиков Андрей Павлович,майор,11,21
Соловьёв Евгений Кириллович,полковник,12,59
Михайлов Денис Павлович,сержант,5,57
Морозов Сергей Викторович,майор,9,47
Павлов Кирилл Михайлович,прапорщик,2,29
Андреев Юрий Максимович,прапорщик,12,55
Семёнов Максим Викторович,капитан,11,39
Семёнов Алексей Иванович,полковник,6,40
Михайлов Роман Дмитриевич,рядовой,2,50
Захаров Илья Ильич,полковник,4,22
Степанов Олег Никитич,полковник,1,28
Яковлев Максим Романович,сержант,1,42
Кочергин Андрей Олегович,лейтенант,1,34
Морозов Егор Алексеевич,майор,5,35
Яковлев Алексей Кириллович,прапорщик,7,25
Андреев Юрий Олегович,прапорщик,9,59
Никитин Артём Никитич,рядовой,12,39
Соловьёв Дмитрий Александрович,капитан,10,47
Соловьёв Андрей Ильич,лейтенант,7,55
Новиков Максим Алексеевич,лейтенант,3,50
Михайлов Евгений Викторович,рядовой,8,24
Иванов Егор Романович,рядовой,7,39
Борисов Александр Олегович,прапорщик,9,18
Зайцев Юрий Олегович,лейтенант,2,50
Степанов Алексей Ильич,сержант,2,21
Лебедев Матвей Ильич,полковник,7,19
Васильев Александр Иванович,сержант,10,36
Попов Дмитрий Никитич,капитан,4,59
Алексеев Константин Алексеевич,лейтенант,4,47
Иванов Александр Дмитриевич,рядовой,8,38
Алексеев Дмитрий Павлович,рядовой,2,28
Соловьёв Виктор Олегович,прапорщик,8,23
Андреев Михаил Викторович,рядовой,6,20
Сидоров Сергей Павлович,сержант,11,29
Кузнецов Артём Максимович,полковник,3,23
Николаев Степан Сергеевич,капитан,2,38
Кузнецов Евгений Дмитриевич,прапорщик,3,23
Степанов Михаил Александрович,капитан,11,35
Семёнов Кирилл Юрьевич,сержант,3,43
Захаров Сергей Олегович,майор,7,24
Соколов Денис Сергеевич,прапорщик,8,55
Борисов Матвей Павлович,рядовой,6,54
Захаров Кирилл Ильич,лейтенант,1,55
Орлов Олег Ильич,сержант,12,29
Соколов Матвей Павлович,прапорщик,4,45
Степанов Михаил Сергеевич,полковник,1,50
Семёнов Сергей Александрович,прапорщик,5,24
Макаров Андрей Андреевич,сержант,2,35
Васильев Илья Викторович,полковник,1,21
Новиков Юрий Александрович,лейтенант,9,20
Иванов Александр Павлович,рядовой,7,22
Павлов Александр Викторович,рядовой,11,57
Николаев Матвей Дмитриевич,рядовой,1,42
Лебедев Сергей Иванович,полковник,9,59
Фёдоров Никита Максимович,капитан,3,27
Петров Иван Юрьевич,рядовой,8,55
Захаров Денис Александрович,рядовой,1,23
Иванов Павел Романович,лейтенант,12,41
Никитин Константин Андреевич,капитан,6,27
Борисов Максим Александрович,лейтенант,6,44
Степанов Александр Олегович,прапорщик,11,20
Попов Алексей Юрьевич,капитан,1,37
Кузнецов Сергей Никитич,капитан,6,33
Соловьёв Юрий Никитич,прапорщик,5,27
Яковлев Евгений Юрьевич,майор,6,21
Козлов Степан Павлович,капитан,11,31
Михайлов Алексей Михайлович,лейтенант,10,24
Соколов Никита Кириллович,прапорщик,10,32
Кочергин Степан Павлович,полковник,1,28
Павлов Артём Александрович,капитан,7,44
Лебедев Сергей Алексеевич,лейтенант,2,47
Соловьёв Дмитрий Ильич,майор,12,30
Степанов Евгений Павлович,майор,2,31
Андреев Олег Кириллович,капитан,5,18
Захаров Александр Кириллович,полковник,3,37
Соколов Александр Никитич,сержант,5,20
Борисов Юрий Иванович,капитан,9,58
Яковлев Виктор Михайлович,рядовой,4,57
Соловьёв Константин Дмитриевич,рядовой,5,33
Смирнов Артём Иванович,майор,7,49
Попов Максим Иванович,полковник,10,36
Семёнов Андрей Никитич,майор,9,60
Козлов Алексей Юрьевич,прапорщик,9,33
Егоров Виктор Кириллович,прапорщик,6,43
Яковлев Виктор Кириллович,сержант,1,48
Соколов Матвей Сергеевич,лейтенант,1,29
Егоров Матвей Михайлович,лейтенант,12,47
Степанов Дмитрий Сергеевич,лейтенант,10,49
Алексеев Константин Романович,лейтенант,7,50
Никитин Андрей Андреевич,майор,6,32
Семёнов Кирилл Юрьевич,сержант,10,24
Васильев Сергей Максимович,сержант,4,24
Новиков Павел Алексеевич,полковник,7,29
Егоров Юрий Кириллович,полковник,9,33
Орлов Виктор Викторович,рядовой,10,20
Борисов Евгений Алексеевич,капитан,11,57
Иванов Андрей Ильич,прапорщик,9,45
Борисов Константин Александрович,полковник,10,20
Зайцев Степан Кириллович,полковник,10,47
Николаев Максим Андреевич,полковник,11,59
Морозов Виктор Алексеевич,майор,6,35
Попов Максим Олегович,рядовой,3,23
Семёнов Матвей Павлович,капитан,12,19
Борисов Кирилл Ильич,сержант,4,37
Кочергин Евгений Александрович,прапорщик,12,21
Павлов Сергей Ильич,лейтенант,6,35
Степанов Виктор Александрович,полковник,7,36
Захаров Михаил Дмитриевич,прапорщик,9,36
Васильев Михаил Кириллович,лейтенант,3,58
Лебедев Роман Максимович,рядовой,1,41
Яковлев Артём Юрьевич,сержант,8,49
Фёдоров Юрий Викторович,рядовой,12,54
Васильев Артём Максимович,капитан,4,22
Сидоров Александр Павлович,капитан,12,27
Павлов Илья Максимович,прапорщик,1,31
Кочергин Константин Александрович,прапорщик,6,40
Яковлев Матвей Романович,прапорщик,5,31
Павлов Андрей Михайлович,рядовой,10,32
Фёдоров Дмитрий Павлович,рядовой,5,24
Никитин Максим Ильич,прапорщик,10,53
Алексеев Евгений Андреевич,рядовой,1,43
Степанов Евгений Романович,сержант,8,50
Соловьёв Денис Юрьевич,рядовой,11,26
Егоров Роман Сергеевич,сержант,10,50
Кочергин Юрий Кириллович,сержант,5,25
Семёнов Илья Викторович,капитан,5,21
Васильев Артём Михайлович,сержант,2,34
Михайлов Артём Олегович,прапорщик,10,31
Васильев Михаил Павлович,полковник,10,34
Яковлев Андрей Ильич,капитан,4,49
Фёдоров Роман Романович,майор,7,34
Захаров Андрей Павлович,капитан,2,34
Новиков Олег Олегович,капитан,11,27
Алексеев Андрей Сергеевич,сержант,5,41
Степанов Егор Дмитриевич,прапорщик,3,36
Соловьёв Андрей Никитич,прапорщик,7,28
Борисов Матвей Иванович,лейтенант,10,21
Соловьёв Максим Иванович,лейтенант,3,20
Козлов Алексей Кириллович,прапорщик,7,39
Николаев Кирилл Максимович,сержант,5,30
Никитин Егор Никитич,прапорщик,3,54
Егоров Степан Алексеевич,полковник,5,60
Попов Илья Романович,прапорщик,10,47
Лебедев Андрей Сергеевич,лейтенант,5,19
Яковлев Алексей Михайлович,полковник,5,21
Михайлов Андрей Олегович,майор,6,32
Захаров Денис Александрович,сержант,10,58
Николаев Роман Никитич,лейтенант,5,58
Зайцев Олег Алексеевич,капитан,9,27
Павлов Сергей Олегович,майор,4,60
Макаров Виктор Андреевич,сержант,4,37
Смирнов Олег Олегович,капитан,11,29
Никитин Сергей Юрьевич,прапорщик,6,49
Петров Никита Ильич,полковник,2,19
Новиков Евгений Олегович,прапорщик,5,25
Кочергин Артём Алексеевич,сержант,12,57
Степанов Константин Олегович,сержант,6,57
Попов Роман Кириллович,лейтенант,3,50
Степанов Роман Михайлович,полковник,6,51
Смирнов Степан Павлович,полковник,7,27
Зайцев Матвей Иванович,полковник,1,42
Алексеев Михаил Алексеевич,прапорщик,3,50
Захаров Дмитрий Павлович,капитан,4,56
Орлов Кирилл Михайлович,сержант,12,21
Кузнецов Александр Романович,капитан,7,42
Кузнецов Кирилл Кириллович,капитан,2,45
Орлов Никита Александрович,капитан,8,28
Козлов Евгений Ильич,рядовой,9,23
Орлов Роман Ильич,полковник,2,60
Иванов Роман Иванович,прапорщик,9,25
Петров Андрей Кириллович,лейтенант,11,41
Кузнецов Андрей Кириллович,прапорщик,4,38
Николаев Степан Ильич,майор,4,30
Захаров Виктор Дмитриевич,прапорщик,8,56
Новиков Максим Павлович,рядовой,3,19
Семёнов Роман Андреевич,сержант,12,45
Соколов Юрий Кириллович,капитан,9,23
Козлов Евгений Дмитриевич,прапорщик,11,37
Попов Виктор Михайлович,полковник,9,52
Павлов Степан Андреевич,рядовой,10,21
Соловьёв Юрий Александрович,прапорщик,8,51
Андреев Кирилл Алексеевич,рядовой,9,51
Егоров Никита Юрьевич,лейтенант,6,59
Егоров Павел Александрович,лейтенант,8,35
Петров Роман Александрович,лейтенант,10,33
Павлов Денис Павлович,прапорщик,12,41
Захаров Степан Романович,прапорщик,1,20
Степанов Сергей Михайлович,капитан,8,26
Сидоров Матвей Андреевич,рядовой,2,54
Зайцев Юрий Дмитриевич,капитан,3,40
Макаров Иван Дмитриевич,полковник,2,54
Соколов Матвей Михайлович,сержант,7,46
Петров Юрий Романович,полковник,10,57
Иванов Михаил Андреевич,лейтенант,2,21
Никитин Роман Павлович,прапорщик,7,21
Борисов Олег Иванович,капитан,8,46
Попов Павел Михайлович,рядовой,6,34
Петров Константин Викторович,лейтенант,10,34
Лебедев Павел Викторович,рядовой,4,24
Смирнов Юрий Алексеевич,сержант,9,36
Иванов Никита Кириллович,полковник,11,41
Лебедев Артём Сергеевич,лейтенант,9,39
Новиков Никита Ильич,прапорщик,1,20
Иванов Сергей Ильич,прапорщик,5,28
Яковлев Матвей Алексеевич,полковник,2,45
Павлов Алексей Дмитриевич,сержант,6,27
Попов Артём Юрьевич,полковник,11,50
Зайцев Никита Александрович,капитан,3,23
Орлов Сергей Кириллович,лейтенант,1,26
Семёнов Кирилл Олегович,лейтенант,4,25
Фёдоров Матвей Павлович,лейтенант,12,58
Никитин Константин Михайлович,прапорщик,2,32
Семёнов Евгений Викторович,полковник,8,58
Андреев Степан Ильич,полковник,5,30
Николаев Александр Максимович,прапорщик,2,27
Лебедев Кирилл Кириллович,рядовой,11,30
Попов Максим Романович,рядовой,1,46
Борисов Виктор Олегович,сержант,11,23
Сидоров Денис Алексеевич,сержант,12,50
Яковлев Олег Андреевич,капитан,4,49
Морозов Илья Олегович,рядовой,3,54
Егоров Иван Юрьевич,полковник,7,51
Андреев Дмитрий Андреевич,прапорщик,12,47
Макаров Константин Сергеевич,майор,9,42
Николаев Иван Дмитриевич,сержант,1,55
Смирнов Егор Павлович,сержант,1,35
Соловьёв Александр Викторович,рядовой,6,57
Павлов Андрей Никитич,полковник,1,20
Макаров Алексей Юрьевич,капитан,6,41
Васильев Илья Викторович,сержант,10,30
Орлов Роман Алексеевич,полковник,8,26
Соколов Алексей Олегович,лейтенант,5,49
Васильев Роман Ильич,сержант,12,24
Иванов Роман Максимович,капитан,9,57
Иванов Юрий Юрьевич,лейтенант,4,48
Козлов Кирилл Сергеевич,сержант,11,39
Андреев Егор Сергеевич,сержант,3,19
Михайлов Илья Сергеевич,сержант,11,19
Никитин Олег Ильич,прапорщик,8,18
Петров Виктор Павлович,сержант,3,20
Никитин Михаил Сергеевич,майор,2,38
Кузнецов Кирилл Никитич,сержант,4,21
Андреев Олег Павлович,прапорщик,7,57
Морозов Михаил Викторович,полковник,1,60
Степанов Андрей Олегович,прапорщик,4,34
Яковлев Максим Юрьевич,рядовой,3,36
Новиков Егор Алексеевич,сержант,4,25
Попов Егор Викторович,капитан,9,36
Алексеев Егор Михайлович,лейтенант,9,45
Егоров Олег Ильич,рядовой,8,43
Андреев Никита Никитич,лейтенант,6,42
Соловьёв Михаил Олегович,майор,6,38
Соколов Степан Романович,майор,10,57
Захаров Юрий Никитич,майор,9,33
Алексеев Константин Михайлович,полковник,12,47
Соколов Иван Олегович,лейтенант,7,19
Сидоров Константин Павлович,рядовой,4,36
Козлов Егор Андреевич,майор,7,46
Соколов Александр Никитич,прапорщик,11,24
Макаров Иван Кириллович,капитан,6,30
Андреев Денис Максимович,капитан,9,47
Морозов Максим Кириллович,капитан,11,27
Зайцев Никита Иванович,капитан,4,41
Смирнов Александр Романович,лейтенант,4,51
Алексеев Константин Иванович,сержант,7,54
Морозов Максим Викторович,майор,9,19
Зайцев Илья Дмитриевич,лейтенант,11,43
Попов Олег Иванович,капитан,2,55
Васильев Илья Павлович,полковник,2,58
Сидоров Павел Михайлович,прапорщик,4,27
Макаров Виктор Александрович,капитан,10,49
Васильев Кирилл Павлович,сержант,5,53
Кузнецов Роман Романович,полковник,1,46
Егоров Егор Кириллович,лейтенант,11,45
Яковлев Михаил Никитич,рядовой,2,55
Соколов Михаил Михайлович,прапорщик,8,49
Борисов Илья Романович,майор,9,55
Соловьёв Артём Викторович,майор,9,29
Попов Егор Олегович,полковник,1,57
Новиков Виктор Олегович,лейтенант,4,40
Попов Илья Романович,полковник,1,40
Козлов Матвей Ильич,майор,4,55
Захаров Юрий Кириллович,сержант,6,33
Смирнов Кирилл Романович,сержант,7,39
Макаров Егор Дмитриевич,майор,11,58
Борисов Александр Александрович,лейтенант,9,30
Попов Иван Сергеевич,полковник,3,40
Захаров Роман Юрьевич,сержант,6,43
Егоров Максим Романович,сержант,2,22
Егоров Илья Андреевич,лейтенант,12,36
Захаров Матвей Иванович,сержант,11,55
Сидоров Егор Михайлович,полковник,2,31
Борисов Сергей Максимович,майор,12,42
Михайлов Никита Викторович,майор,2,25
Лебедев Кирилл Сергеевич,рядовой,9,34
Андреев Никита Максимович,полковник,12,26
Павлов Степан Максимович,лейтенант,11,23
Соколов Илья Иванович,капитан,10,31
Козлов Сергей Никитич,капитан,8,28
Сидоров Андрей Сергеевич,майор,9,41
Степанов Сергей Сергеевич,сержант,1,31
Сидоров Илья Алексеевич,сержант,12,39
Семёнов Степан Иванович,капитан,5,35
Алексеев Олег Викторович,полковник,10,20
Лебедев Андрей Викторович,прапорщик,8,58
Морозов Константин Андреевич,полковник,7,28
Семёнов Никита Сергеевич,сержант,4,49
Васильев Илья Иванович,майор,10,56
Иванов Михаил Михайлович,майор,10,37
Зайцев Степан Олегович,сержант,1,32
Захаров Денис Дмитриевич,капитан,12,42
Михайлов Денис Алексеевич,майор,11,55
Фёдоров Денис Юрьевич,лейтенант,4,57
Петров Денис Викторович,майор,6,60
Егоров Никита Олегович,капитан,2,25
Степанов Иван Иванович,рядовой,7,48
Соловьёв Константин Андреевич,капитан,5,40
Семёнов Максим Павлович,лейтенант,6,47
Степанов Кирилл Иванович,прапорщик,10,23
Петров Матвей Романович,сержант,12,54
Козлов Иван Сергеевич,полковник,1,57
Петров Андрей Дмитриевич,сержант,4,57
Лебедев Дмитрий Юрьевич,майор,10,35
Сидоров Иван Романович,полковник,9,42
Степанов Денис Кириллович,сержант,3,34
Сидоров Олег Ильич,полковник,10,38
Захаров Степан Никитич,сержант,4,25
Михайлов Алексей Александрович,прапорщик,7,35
Козлов Сергей Ильич,рядовой,1,40
Николаев Константин Алексеевич,лейтенант,4,24
Смирнов Роман Павлович,полковник,9,25
Морозов Павел Иванович,полковник,2,30
Соколов Дмитрий Юрьевич,лейтенант,11,28
Андреев Егор Дмитриевич,капитан,5,37
Семёнов Никита Кириллович,полковник,11,54
Егоров Дмитрий Романович,сержант,9,40
Семёнов Иван Павлович,прапорщик,6,29
Новиков Максим Сергеевич,майор,10,29
Николаев Роман Олегович,капитан,4,22
Новиков Егор Викторович,майор,7,27
Никитин Александр Юрьевич,майор,2,19
Кузнецов Матвей Юрьевич,лейтенант,8,44
Макаров Артём Романович,прапорщик,9,35
Захаров Олег Олегович,прапорщик,4,25
Кочергин Виктор Андреевич,полковник,11,56
Новиков Кирилл Юрьевич,капитан,3,44
Захаров Алексей Романович,рядовой,8,48
Кочергин Евгений Павлович,лейтенант,6,25
Борисов Евгений Андреевич,сержант,7,29
Захаров Павел Андреевич,сержант,10,20
Иванов Денис Кириллович,рядовой,12,30
Соловьёв Артём Юрьевич,майор,8,54
Фёдоров Кирилл Максимович,капитан,3,58
Морозов Егор Никитич,прапорщик,6,25
Михайлов Егор Викторович,полковник,11,50
Фёдоров Денис Иванович,майор,1,37
Павлов Роман Александрович,майор,10,24
Макаров Иван Никитич,рядовой,11,20
Степанов Артём Дмитриевич,сержант,2,40
Смирнов Матвей Олегович,прапорщик,9,30
Морозов Илья Александрович,рядовой,1,54
Николаев Александр Олегович,прапорщик,6,31
Васильев Дмитрий Максимович,рядовой,11,34
Алексеев Андрей Иванович,рядовой,9,60
Новиков Алексей Ильич,прапорщик,8,23
Николаев Евгений Иванович,лейтенант,5,20
Семёнов Матвей Ильич,сержант,12,27
Николаев Михаил Сергеевич,рядовой,10,40
Иванов Роман Дмитриевич,полковник,1,54
Попов Иван Кириллович,капитан,3,18
Андреев Егор Александрович,майор,10,59
Семёнов Матвей Викторович,капитан,11,59
Соловьёв Иван Юрьевич,прапорщик,7,29
Смирнов Матвей Никитич,полковник,3,36
Попов Роман Никитич,майор,11,37
Новиков Виктор Иванович,майор,12,23
Козлов Артём Романович,майор,5,23
Морозов Олег Юрьевич,лейтенант,9,32
Сидоров Михаил Андреевич,капитан,11,45
Иванов Матвей Никитич,прапорщик,11,34
Сидоров Денис Дмитриевич,сержант,2,20
Лебедев Алексей Сергеевич,рядовой,9,52
Новиков Никита Ильич,капитан,12,26
Кузнецов Павел Ильич,прапорщик,12,28
Орлов Сергей Никитич,прапорщик,12,29
Николаев Кирилл Алексеевич,капитан,2,19
Петров Андрей Никитич,лейтенант,2,52
Захаров Константин Романович,лейтенант,9,52
Макаров Дмитрий Михайлович,прапорщик,3,31
Фёдоров Дмитрий Никитич,сержант,9,53
Семёнов Александр Иванович,лейтенант,4,34
Кочергин Матвей Никитич,лейтенант,6,54
Кузнецов Андрей Максимович,сержант,5,24
Кузнецов Андрей Кириллович,рядовой,2,27
Смирнов Олег Андреевич,майор,8,18
Кочергин Олег Павлович,прапорщик,4,27
Козлов Максим Ильич,сержант,3,37
Яковлев Олег Максимович,сержант,11,45
Сидоров Дмитрий Андреевич,рядовой,5,43
Никитин Сергей Кириллович,полковник,3,53
Егоров Александр Романович,сержант,11,23
Андреев Сергей Олегович,сержант,10,59
Павлов Степан Викторович,сержант,11,29
Смирнов Иван Михайлович,капитан,8,22
Васильев Сергей Иванович,майор,2,42
Макаров Максим Никитич,сержант,1,20
Фёдоров Алексей Александрович,майор,2,55
Соколов Сергей Дмитриевич,лейтенант,6,51
Степанов Денис Александрович,майор,5,49
Никитин Денис Романович,полковник,7,18
Иванов Михаил Ильич,рядовой,9,46
Павлов Роман Сергеевич,полковник,1,32
Яковлев Дмитрий Павлович,рядовой,12,41
Фёдоров Евгений Викторович,полковник,5,55
Козлов Олег Сергеевич,капитан,10,33
Петров Иван Сергеевич,прапорщик,2,22
Павлов Виктор Иванович,сержант,1,43
Михайлов Кирилл Иванович,капитан,8,18
Макаров Дмитрий Юрьевич,майор,3,60
Кочергин Виктор Дмитриевич,майор,6,58
Кузнецов Александр Максимович,капитан,2,32
Сидоров Артём Юрьевич,капитан,12,55
Кузнецов Кирилл Дмитриевич,майор,3,49
Борисов Денис Олегович,полковник,2,29
Павлов Алексей Алексеевич,майор,1,50
Попов Евгений Олегович,лейтенант,5,22
Егоров Дмитрий Дмитриевич,лейтенант,10,27
Сидоров Иван Юрьевич,полковник,3,44
Егоров Сергей Иванович,полковник,12,18
Васильев Никита Олегович,майор,11,56
Макаров Андрей Михайлович,майор,5,52
Алексеев Юрий Олегович,прапорщик,12,59
Борисов Степан Никитич,сержант,1,59
Морозов Роман Андреевич,майор,8,57
Егоров Виктор Алексеевич,майор,11,49
Соколов Никита Кириллович,лейтенант,3,42
Михайлов Денис Алексеевич,рядовой,5,56
Иванов Дмитрий Сергеевич,прапорщик,4,42
Петров Кирилл Андреевич,сержант,6,59
Сидоров Виктор Романович,лейтенант,9,48
Васильев Илья Сергеевич,прапорщик,9,48
Николаев Иван Никитич,сержант,9,43
Фёдоров Степан Максимович,сержант,10,51
Захаров Артём Максимович,майор,5,43
Павлов Константин Ильич,лейтенант,12,36
Андреев Сергей Романович,капитан,12,44
Смирнов Евгений Максимович,лейтенант,3,59
Соловьёв Роман Кириллович,лейтенант,11,24
Соколов Юрий Андреевич,лейтенант,1,24
Борисов Виктор Алексеевич,прапорщик,6,49
Степанов Степан Кириллович,прапорщик,12,52
Андреев Матвей Андреевич,лейтенант,11,22
Павлов Артём Андреевич,лейтенант,9,39
Алексеев Кирилл Кириллович,капитан,1,24
Никитин Артём Юрьевич,лейтенант,3,50
Павлов Степан Иванович,прапорщик,9,50
Алексеев Илья Александрович,сержант,10,27
Захаров Константин Павлович,полковник,6,44
Борисов Михаил Сергеевич,капитан,8,34
Андреев Евгений Михайлович,прапорщик,10,40
Фёдоров Юрий Никитич,капитан,10,39
Алексеев Евгений Юрьевич,капитан,5,41
Фёдоров Юрий Ильич,капитан,2,24
Васильев Павел Алексеевич,рядовой,8,44
Андреев Андрей Дмитриевич,полковник,4,56
Фёдоров Алексей Павлович,полковник,2,52
Степанов Роман Иванович,майор,1,59
Борисов Олег Викторович,прапорщик,8,36
Попов Алексей Михайлович,майор,9,43
Кочергин Кирилл Олегович,рядовой,8,35
Новиков Артём Павлович,полковник,4,30
Соколов Иван Максимович,прапорщик,2,33
Орлов Степан Романович,сержант,7,36
Макаров Матвей Алексеевич,прапорщик,6,58
Яковлев Олег Дмитриевич,сержант,7,38
Васильев Матвей Олегович,прапорщик,5,49
Фёдоров Олег Михайлович,сержант,4,37
Борисов Михаил Ильич,полковник,4,59
Морозов Кирилл Ильич,прапорщик,11,22
Яковлев Евгений Павлович,сержант,12,40
Соловьёв Кирилл Никитич,майор,11,41
Орлов Максим Ильич,майор,8,34
Макаров Кирилл Александрович,сержант,7,30
Новиков Кирилл Викторович,полковник,1,30
Павлов Роман Олегович,майор,10,44
Новиков Константин Никитич,лейтенант,9,36
Козлов Дмитрий Андреевич,сержант,8,27
Никитин Павел Юрьевич,прапорщик,1,34
Петров Дмитрий Дмитриевич,полковник,7,42
Кочергин Артём Викторович,полковник,7,56
Борисов Сергей Сергеевич,рядовой,6,51
Кочергин Егор Дмитриевич,сержант,3,56
Николаев Михаил Кириллович,капитан,12,34
Лебедев Юрий Иванович,лейтенант,6,51
Петров Константин Сергеевич,прапорщик,3,58
Андреев Павел Юрьевич,прапорщик,6,52
Петров Денис Романович,сержант,8,40
Николаев Денис Михайлович,лейтенант,2,28
Борисов Егор Кириллович,прапорщик,5,28
Яковлев Олег Романович,сержант,1,42
Соловьёв Кирилл Михайлович,полковник,9,30
Смирнов Дмитрий Юрьевич,прапорщик,3,47
Фёдоров Виктор Максимович,прапорщик,5,42
Орлов Павел Михайлович,капитан,12,22
Егоров Александр Никитич,прапорщик,1,23
Козлов Илья Никитич,рядовой,6,21
Лебедев Андрей Максимович,полковник,10,19
Орлов Константин Дмитриевич,майор,6,27
Степанов Павел Ильич,прапорщик,9,49
Козлов Михаил Михайлович,прапорщик,3,50
Егоров Денис Ильич,рядовой,3,42
Соловьёв Матвей Михайлович,лейтенант,4,26
Борисов Алексей Алексеевич,рядовой,4,19
Иванов Константин Александрович,лейтенант,9,48
Соколов Андрей Иванович,майор,8,32
Алексеев Михаил Олегович,полковник,12,49
Орлов Денис Олегович,сержант,1,27
Фёдоров Сергей Михайлович,лейтенант,4,55
Зайцев Дмитрий Дмитриевич,капитан,11,24
Андреев Михаил Романович,лейтенант,4,43
Кочергин Роман Максимович,полковник,1,25
Смирнов Андрей Михайлович,лейтенант,8,54
Сидоров Роман Сергеевич,сержант,3,55
Захаров Александр Ильич,полковник,7,31
Новиков Егор Дмитриевич,лейтенант,7,60
Николаев Кирилл Дмитриевич,майор,7,20
Кочергин Дмитрий Кириллович,сержант,11,52
Семёнов Егор Александрович,рядовой,6,20
Новиков Виктор Алексеевич,полковник,12,35
Попов Илья Ильич,капитан,10,30
Зайцев Виктор Романович,полковник,4,35
Петров Павел Максимович,полковник,5,18
Егоров Иван Михайлович,прапорщик,4,56
Морозов Кирилл Михайлович,полковник,11,56
Морозов Илья Алексеевич,майор,3,59
Фёдоров Матвей Юрьевич,полковник,9,34
Петров Иван Сергеевич,полковник,5,55
Сидоров Алексей Александрович,капитан,12,46
Захаров Олег Олегович,прапорщик,9,37
Яковлев Виктор Олегович,полковник,12,22
Фёдоров Максим Андреевич,полковник,3,42
Кузнецов Сергей Сергеевич,рядовой,3,55
Степанов Степан Александрович,рядовой,6,59
Егоров Дмитрий Дмитриевич,прапорщик,8,59
Кузнецов Юрий Викторович,прапорщик,5,43
Кочергин Евгений Иванович,лейтенант,4,56
Семёнов Михаил Михайлович,рядовой,9,20
Орлов Евгений Сергеевич,полковник,7,49
Степанов Роман Юрьевич,лейтенант,2,31
Семёнов Максим Сергеевич,майор,2,26
Морозов Егор Павлович,капитан,9,44
Андреев Евгений Павлович,лейтенант,6,46
Морозов Егор Ильич,лейтенант,10,54
Орлов Денис Викторович,рядовой,1,27
Захаров Михаил Максимович,лейтенант,3,46
Павлов Евгений Сергеевич,прапорщик,2,20
Соколов Кирилл Ильич,полковник,11,28
Иванов Юрий Викторович,полковник,3,18
Павлов Егор Викторович,рядовой,5,34
Степанов Сергей Кириллович,сержант,5,26
Орлов Илья Викторович,полковник,4,34
Макаров Егор Ильич,полковник,12,38
Егоров Виктор Юрьевич,сержант,12,24
Никитин Виктор Никитич,майор,12,20
Макаров Денис Алексеевич,сержант,12,34
Сидоров Денис Павлович,прапорщик,7,48
Козлов Егор Александрович,капитан,1,22
Петров Никита Сергеевич,лейтенант,8,32
Кочергин Алексей Викторович,майор,6,25
Кузнецов Никита Максимович,рядовой,7,20
Лебедев Егор Олегович,капитан,10,20
Петров Иван Кириллович,прапорщик,2,26
Смирнов Алексей Максимович,лейтенант,11,19
Андреев Егор Ильич,сержант,7,50
Борисов Алексей Дмитриевич,рядовой,12,59
Никитин Денис Дмитриевич,прапорщик,10,21
Михайлов Дмитрий Ильич,сержант,1,41
Кочергин Виктор Алексеевич,майор,2,38
Смирнов Дмитрий Павлович,майор,7,51
Михайлов Артём Романович,прапорщик,6,29
Фёдоров Павел Михайлович,прапорщик,12,42
Васильев Матвей Романович,сержант,3,43
Зайцев Никита Сергеевич,полковник,4,53
Павлов Егор Иванович,сержант,3,34
Степанов Андрей Павлович,капитан,1,36
Алексеев Роман Олегович,майор,3,57
Макаров Кирилл Сергеевич,рядовой,11,54
Захаров Олег Кириллович,сержант,2,18
Кузнецов Максим Павлович,рядовой,5,56
Андреев Алексей Викторович,рядовой,6,32
Морозов Михаил Сергеевич,рядовой,9,35
Морозов Матвей Олегович,сержант,7,21
Андреев Кирилл Андреевич,прапорщик,8,53
Петров Кирилл Викторович,майор,7,31
Петров Михаил Михайлович,сержант,5,23
Новиков Михаил Юрьевич,капитан,5,47
Степанов Юрий Никитич,сержант,9,49
Морозов Денис Андреевич,прапорщик,3,46
Морозов Илья Александрович,лейтенант,9,35
Петров Никита Александрович,рядовой,1,35
Макаров Олег Кириллович,майор,10,49
Никитин Кирилл Викторович,полковник,6,53
Степанов Олег Павлович,рядовой,1,22
Никитин Михаил Сергеевич,сержант,2,34
Борисов Егор Максимович,капитан,3,20
Морозов Виктор Викторович,сержант,5,46
Сидоров Евгений Юрьевич,сержант,1,31
Михайлов Виктор Михайлович,майор,7,31
Михайлов Михаил Павлович,майор,9,45
Яковлев Константин Олегович,рядовой,8,26
Соловьёв Александр Павлович,капитан,12,37
Зайцев Илья Дмитриевич,полковник,8,35
Егоров Евгений Сергеевич,лейтенант,11,52
Андреев Олег Максимович,прапорщик,8,33
Кочергин Андрей Павлович,лейтенант,8,36
Сидоров Михаил Сергеевич,сержант,1,55
Петров Кирилл Никитич,прапорщик,1,27
Яковлев Степан Александрович,полковник,8,18
Морозов Сергей Викторович,прапорщик,1,21
Новиков Александр Михайлович,сержант,8,20
Фёдоров Максим Ильич,лейтенант,1,19
Зайцев Алексей Ильич,прапорщик,6,48
Васильев Алексей Иванович,полковник,12,44
Кочергин Иван Сергеевич,капитан,9,32
Михайлов Олег Никитич,прапорщик,2,45
Васильев Александр Никитич,рядовой,9,24
Егоров Егор Юрьевич,прапорщик,10,47
Андреев Константин Дмитриевич,прапорщик,8,37
Семёнов Илья Олегович,полковник,4,49
Андреев Иван Олегович,полковник,4,57
Новиков Сергей Алексеевич,капитан,5,27
Петров Степан Ильич,прапорщик,1,45
Степанов Артём Кириллович,полковник,5,18
Павлов Матвей Максимович,капитан,8,38
Кочергин Максим Сергеевич,рядовой,1,57
Михайлов Денис Никитич,майор,1,57
Фёдоров Матвей Дмитриевич,полковник,6,54
Борисов Максим Романович,капитан,8,53
Петров Александр Никитич,капитан,2,26
Иванов Павел Викторович,прапорщик,10,31
Фёдоров Никита Максимович,лейтенант,3,59
Яковлев Матвей Дмитриевич,лейтенант,7,48
Михайлов Максим Юрьевич,рядовой,2,25
Павлов Евгений Андреевич,лейтенант,4,19
Егоров Роман Ильич,сержант,5,21
Зайцев Артём Викторович,лейтенант,4,55
Соловьёв Степан Павлович,рядовой,1,40
Захаров Никита Ильич,полковник,9,60
Петров Андрей Александрович,капитан,12,37
Зайцев Максим Кириллович,лейтенант,2,28
Зайцев Егор Алексеевич,майор,6,57
Фёдоров Дмитрий Олегович,капитан,9,50
Орлов Дмитрий Андреевич,лейтенант,3,18
Яковлев Илья Михайлович,полковник,10,26
Борисов Дмитрий Олегович,майор,1,57
Иванов Максим Кириллович,полковник,10,51
Фёдоров Степан Викторович,майор,3,31
Павлов Олег Максимович,прапорщик,12,44
Захаров Кирилл Кириллович,полковник,1,18
Зайцев Денис Алексеевич,сержант,2,40
Орлов Илья Викторович,сержант,12,39
Васильев Сергей Романович,сержант,10,60
Яковлев Михаил Олегович,рядовой,7,55
Семёнов Юрий Максимович,прапорщик,5,43
Смирнов Андрей Михайлович,рядовой,1,60
Соколов Кирилл Юрьевич,полковник,3,50
Иванов Виктор Дмитриевич,сержант,1,47
Васильев Денис Максимович,майор,3,52
Никитин Кирилл Кириллович,лейтенант,2,47
Борисов Егор Ильич,капитан,4,33
Соколов Роман Кириллович,капитан,12,35
Кузнецов Павел Максимович,капитан,1,44
Петров Кирилл Михайлович,капитан,11,59
Яковлев Евгений Андреевич,полковник,6,56
Морозов Роман Михайлович,полковник,1,40
Попов Кирилл Михайлович,майор,10,50
Степанов Евгений Михайлович,рядовой,2,46
Захаров Юрий Никитич,рядовой,7,58
Соколов Илья Викторович,лейтенант,2,18
Сидоров Дмитрий Никитич,рядовой,4,27
Яковлев Сергей Романович,полковник,8,27
Новиков Артём Андреевич,лейтенант,10,40
Петров Денис Александрович,лейтенант,7,56
Зайцев Роман Иванович,рядовой,6,21
Лебедев Константин Романович,капитан,7,25
Иванов Михаил Романович,полковник,4,36
Смирнов Дмитрий Павлович,прапорщик,5,37
Соколов Роман Олегович,лейтенант,8,47
Иванов Александр Павлович,рядовой,8,19
Козлов Илья Кириллович,капитан,12,56
Михайлов Матвей Сергеевич,майор,6,19
Андреев Илья Романович,рядовой,9,53
Степанов Роман Андреевич,сержант,8,53
Павлов Матвей Олегович,прапорщик,7,46
Михайлов Илья Иванович,майор,12,36
Павлов Александр Ильич,майор,9,20
Орлов Кирилл Сергеевич,лейтенант,12,32
Фёдоров Михаил Юрьевич,прапорщик,6,34
Орлов Виктор Андреевич,капитан,3,45
Орлов Дмитрий Алексеевич,полковник,8,25
Лебедев Иван Михайлович,полковник,3,36
Козлов Роман Никитич,рядовой,4,35
Лебедев Роман Романович,полковник,11,23
Зайцев Олег Иванович,рядовой,12,45
Николаев Олег Александрович,лейтенант,4,50
Иванов Константин Кириллович,полковник,9,40
Петров Андрей Михайлович,капитан,3,19
Николаев Виктор Павлович,майор,10,46
Фёдоров Илья Викторович,майор,12,19
Соловьёв Олег Юрьевич,полковник,1,22
Алексеев Михаил Павлович,прапорщик,2,37
Захаров Максим Алексеевич,прапорщик,5,40
Кочергин Степан Александрович,капитан,3,52
Макаров Дмитрий Михайлович,лейтенант,12,32
Михайлов Дмитрий Дмитриевич,майор,11,31
Захаров Никита Кириллович,капитан,4,29
Смирнов Дмитрий Дмитриевич,капитан,1,36
Никитин Никита Андреевич,лейтенант,4,45
Попов Андрей Иванович,полковник,3,40
Никитин Павел Андреевич,прапорщик,10,18
Соловьёв Евгений Михайлович,лейтенант,12,53
Андреев Денис Андреевич,капитан,10,58
Сидоров Кирилл Михайлович,прапорщик,4,51
Фёдоров Алексей Алексеевич,прапорщик,8,19
Орлов Кирилл Максимович,полковник,12,57
Андреев Дмитрий Романович,полковник,2,46
Кочергин Константин Никитич,капитан,8,48
Соловьёв Степан Ильич,капитан,10,37
Новиков Павел Никитич,майор,12,22
Михайлов Михаил Михайлович,сержант,5,22
Семёнов Павел Михайлович,сержант,2,44
Кочергин Сергей Юрьевич,капитан,2,41
Соколов Олег Сергеевич,рядовой,5,44
Кузнецов Алексей Алексеевич,прапорщик,11,50
Яковлев Максим Александрович,майор,10,25
Кочергин Артём Алексеевич,майор,2,19
Иванов Андрей Юрьевич,капитан,6,58
Лебедев Илья Павлович,лейтенант,8,24
Лебедев Михаил Сергеевич,прапорщик,11,47
Сидоров Матвей Викторович,капитан,11,44
Алексеев Константин Иванович,полковник,7,54
Семёнов Андрей Дмитриевич,полковник,12,49
Петров Дмитрий Никитич,сержант,9,18
Павлов Матвей Иванович,капитан,11,24
Никитин Юрий Романович,лейтенант,3,53
Попов Константин Олегович,прапорщик,4,19
Петров Егор Иванович,лейтенант,2,23
Кочергин Евгений Ильич,сержант,3,59
Сидоров Егор Романович,полковник,6,58
Егоров Иван Романович,капитан,5,46
Захаров Артём Юрьевич,рядовой,9,50
Кузнецов Егор Максимович,капитан,3,40
Семёнов Сергей Дмитриевич,полковник,6,56
Борисов Матвей Дмитриевич,рядовой,12,23
Егоров Дмитрий Олегович,рядовой,11,55
Орлов Дмитрий Романович,рядовой,5,32
Лебедев Алексей Ильич,рядовой,8,29
Степанов Олег Олегович,лейтенант,2,23
Захаров Евгений Юрьевич,рядовой,8,60
Козлов Евгений Дмитриевич,майор,8,50
Попов Александр Андреевич,лейтенант,2,40
Новиков Михаил Юрьевич,прапорщик,1,45
Васильев Дмитрий Андреевич,лейтенант,6,19
Новиков Сергей Александрович,прапорщик,11,25
Степанов Олег Максимович,лейтенант,12,40
Соловьёв Виктор Юрьевич,рядовой,2,19
Семёнов Виктор Сергеевич,лейтенант,5,26
Яковлев Виктор Алексеевич,полковник,6,42
Никитин Денис Олегович,майор,12,53
Михайлов Никита Викторович,рядовой,9,35
Макаров Александр Викторович,рядовой,9,23
Смирнов Константин Кириллович,рядовой,11,56
Петров Роман Алексеевич,капитан,11,36
Алексеев Дмитрий Романович,капитан,5,20
Фёдоров Степан Максимович,сержант,2,39
Петров Константин Павлович,полковник,12,55
Лебедев Константин Олегович,капитан,1,48
Кочергин Никита Алексеевич,майор,7,24
Орлов Юрий Романович,полковник,3,58
Иванов Александр Романович,полковник,5,51
Васильев Кирилл Романович,полковник,9,29
Попов Матвей Викторович,лейтенант,3,56
Соловьёв Егор Юрьевич,прапорщик,12,26
Павлов Кирилл Андреевич,лейтенант,8,24
Яковлев Максим Павлович,прапорщик,9,28
Борисов Иван Кириллович,рядовой,9,39
Лебедев Михаил Иванович,прапорщик,3,52
Попов Роман Максимович,майор,11,33
Николаев Александр Кириллович,капитан,4,60
Козлов Степан Викторович,сержант,4,28
Михайлов Роман Андреевич,рядовой,6,32
Павлов Никита Никитич,лейтенант,8,25
Павлов Александр Андреевич,полковник,2,46
Кузнецов Алексей Андреевич,рядовой,12,25
Кочергин Иван Павлович,полковник,6,42
Фёдоров Михаил Максимович,лейтенант,3,56
Соколов Денис Дмитриевич,майор,9,60
Кочергин Александр Максимович,прапорщик,8,48
Попов Матвей Алексеевич,рядовой,5,60
Алексеев Александр Романович,капитан,10,47
Семёнов Денис Романович,сержант,4,56
Николаев Павел Андреевич,майор,10,39
Егоров Алексей Александрович,сержант,9,58
Павлов Роман Павлович,прапорщик,3,47
Алексеев Александр Олегович,сержант,10,19
Андреев Илья Романович,сержант,6,22
Степанов Сергей Олегович,сержант,5,50
Новиков Павел Дмитриевич,прапорщик,11,47
Соколов Александр Сергеевич,рядовой,8,26
Зайцев Максим Олегович,майор,1,22
Алексеев Александр Александрович,полковник,4,34
Морозов Егор Дмитриевич,лейтенант,3,53
Егоров Кирилл Олегович,майор,12,42
Кочергин Михаил Романович,сержант,6,47
Кузнецов Матвей Ильич,капитан,1,18
Зайцев Александр Иванович,прапорщик,10,50
Макаров Степан Сергеевич,майор,1,25
Соловьёв Матвей Павлович,лейтенант,3,29
Михайлов Илья Сергеевич,капитан,8,24
Орлов Евгений Юрьевич,рядовой,2,36
Захаров Андрей Александрович,прапорщик,11,46
Яковлев Матвей Кириллович,прапорщик,10,30
Николаев Артём Кириллович,рядовой,1,36
Андреев Дмитрий Викторович,прапорщик,8,39
Козлов Денис Дмитриевич,прапорщик,3,35
Яковлев Егор Алексеевич,майор,7,29
Егоров Иван Максимович,капитан,7,58
Соколов Илья Алексеевич,капитан,12,24
Козлов Александр Романович,сержант,4,28
Фёдоров Александр Максимович,майор,6,52
Николаев Виктор Александрович,лейтенант,8,35
Иванов Олег Викторович,прапорщик,6,53
Фёдоров Андрей Ильич,прапорщик,1,49
Лебедев Евгений Дмитриевич,полковник,5,39
Яковлев Александр Александрович,лейтенант,11,51
Зайцев Павел Михайлович,капитан,10,36
Алексеев Иван Андреевич,прапорщик,8,18
Фёдоров Сергей Сергеевич,сержант,2,45
Борисов Кирилл Павлович,прапорщик,3,35
Орлов Евгений Викторович,рядовой,5,21
Егоров Сергей Викторович,капитан,12,28
Михайлов Андрей Дмитриевич,лейтенант,1,31
Попов Роман Викторович,сержант,4,58
Андреев Константин Юрьевич,полковник,11,21
Кочергин Кирилл Максимович,прапорщик,2,28
Павлов Роман Кириллович,майор,6,31
Николаев Константин Андреевич,майор,5,59
Зайцев Андрей Никитич,полковник,3,60
Фёдоров Константин Ильич,майор,11,58
Андреев Константин Юрьевич,майор,8,41
Егоров Константин Дмитриевич,капитан,4,57
Попов Матвей Александрович,полковник,8,21
Андреев Евгений Павлович,рядовой,4,20
Фёдоров Степан Александрович,рядовой,4,31
Семёнов Илья Юрьевич,рядовой,11,49
Васильев Артём Никитич,полковник,2,44
Яковлев Андрей Иванович,майор,8,34
Смирнов Артём Юрьевич,полковник,8,30
Михайлов Степан Александрович,прапорщик,9,41
Михайлов Олег Ильич,капитан,4,24
Захаров Михаил Максимович,прапорщик,8,29
Яковлев Константин Михайлович,рядовой,1,30
Фёдоров Максим Романович,прапорщик,6,36
Степанов Александр Иванович,полковник,3,53
Смирнов Илья Юрьевич,сержант,10,34
Кочергин Виктор Максимович,полковник,2,45
Фёдоров Артём Романович,прапорщик,12,53
Смирнов Сергей Андреевич,полковник,9,53
Кузнецов Степан Андреевич,сержант,2,28
Егоров Андрей Павлович,сержант,3,31
Алексеев Матвей Михайлович,прапорщик,5,59
Иванов Михаил Александрович,капитан,4,48
Петров Евгений Никитич,майор,11,48
Андреев Михаил Никитич,рядовой,9,59
Попов Дмитрий Андреевич,майор,6,24
Васильев Матвей Максимович,сержант,1,43
Алексеев Денис Павлович,сержант,2,18
Никитин Степан Кириллович,лейтенант,9,43
Егоров Кирилл Сергеевич,полковник,11,57
Никитин Павел Кириллович,лейтенант,1,60
Орлов Кирилл Ильич,капитан,12,31
Борисов Александр Романович,сержант,6,25
Фёдоров Роман Ильич,прапорщик,6,19
Сидоров Александр Романович,майор,3,18
Яковлев Сергей Михайлович,сержант,12,50
Новиков Константин Юрьевич,капитан,9,53
Алексеев Дмитрий Александрович,лейтенант,8,48
Михайлов Степан Ильич,полковник,5,46
Козлов Алексей Викторович,капитан,3,27
Никитин Александр Юрьевич,прапорщик,10,19
Лебедев Алексей Юрьевич,лейтенант,6,38
Алексеев Максим Викторович,рядовой,2,19
Соловьёв Алексей Максимович,полковник,7,45
Сидоров Денис Юрьевич,прапорщик,5,50
Макаров Иван Романович,майор,2,46
Кузнецов Михаил Кириллович,рядовой,9,18
Орлов Андрей Максимович,полковник,9,23
Егоров Кирилл Викторович,полковник,8,60
Николаев Олег Михайлович,полковник,1,32
Иванов Егор Ильич,прапорщик,4,60
Козлов Евгений Никитич,лейтенант,8,45
Новиков Артём Юрьевич,сержант,7,23
Никитин Илья Романович,капитан,9,44
Алексеев Илья Максимович,лейтенант,5,57
Михайлов Александр Дмитриевич,рядовой,12,18
Егоров Олег Кириллович,прапорщик,6,40
Попов Илья Викторович,прапорщик,1,33
Макаров Андрей Кириллович,полковник,4,30
Соколов Иван Александрович,лейтенант,9,31
Новиков Дмитрий Алексеевич,рядовой,1,60
Яковлев Олег Александрович,майор,12,54
Зайцев Олег Викторович,полковник,5,39
Семёнов Андрей Михайлович,сержант,8,37
Зайцев Егор Максимович,капитан,9,30
Андреев Олег Михайлович,лейтенант,3,19
Иванов Павел Кириллович,рядовой,7,45
Захаров Матвей Максимович,лейтенант,1,49
Егоров Виктор Иванович,сержант,11,54
Петров Артём Кириллович,полковник,3,33
Смирнов Егор Дмитриевич,полковник,3,22
Орлов Илья Дмитриевич,сержант,4,38
Новиков Константин Иванович,капитан,8,54
Макаров Роман Сергеевич,рядовой,10,48
Иванов Максим Максимович,сержант,1,54
Сидоров Роман Ильич,прапорщик,12,20
Соколов Олег Андреевич,полковник,8,48
Степанов Виктор Викторович,полковник,5,49
Михайлов Роман Юрьевич,сержант,6,40
Кузнецов Виктор Алексеевич,рядовой,2,31
Андреев Михаил Дмитриевич,полковник,9,32
Новиков Кирилл Павлович,лейтенант,3,48
Павлов Илья Иванович,рядовой,2,48
Иванов Павел Никитич,полковник,6,52
Козлов Артём Александрович,рядовой,10,39
Николаев Егор Романович,сержант,4,44
Семёнов Максим Павлович,сержант,7,38
Соловьёв Павел Андреевич,лейтенант,9,48
Макаров Артём Сергеевич,рядовой,12,38
Морозов Константин Иванович,прапорщик,11,25
Степанов Степан Дмитриевич,сержант,1,37
Зайцев Олег Романович,сержант,1,46
Сидоров Матвей Викторович,майор,9,25
Соловьёв Матвей Романович,сержант,10,39
Павлов Олег Павлович,полковник,4,29
Егоров Роман Алексеевич,майор,8,55
Никитин Олег Александрович,лейтенант,12,26
Михайлов Сергей Никитич,лейтенант,9,36
Яковлев Андрей Романович,лейтенант,11,35
Борисов Константин Викторович,майор,6,52
Козлов Александр Кириллович,сержант,6,59
Новиков Евгений Иванович,капитан,11,25
Морозов Степан Александрович,рядовой,2,42
Кузнецов Сергей Викторович,капитан,9,53
Смирнов Иван Романович,рядовой,3,52
Орлов Никита Юрьевич,майор,3,49
Степанов Кирилл Викторович,лейтенант,10,20
Смирнов Роман Максимович,капитан,10,30
Андреев Евгений Дмитриевич,майор,12,55
Алексеев Константин Романович,сержант,5,37
Кузнецов Сергей Никитич,прапорщик,3,20
Кузнецов Егор Олегович,полковник,2,46
Соловьёв Степан Павлович,майор,6,29
Егоров Андрей Андреевич,сержант,3,53
Захаров Артём Максимович,сержант,6,18
Андреев Илья Александрович,полковник,5,55
Сидоров Евгений Никитич,прапорщик,5,34
Егоров Михаил Андреевич,сержант,6,30
Егоров Сергей Александрович,майор,2,53
Алексеев Матвей Юрьевич,прапорщик,3,57
Кузнецов Илья Ильич,сержант,12,57
Попов Илья Павлович,полковник,1,32
Кузнецов Кирилл Кириллович,лейтенант,4,58
Кузнецов Роман Юрьевич,рядовой,4,32
Петров Степан Викторович,капитан,1,55
Сидоров Иван Михайлович,майор,11,54
Егоров Иван Иванович,сержант,7,54
Козлов Денис Иванович,прапорщик,6,34
Кочергин Сергей Никитич,сержант,6,22
Егоров Иван Александрович,майор,3,50
Захаров Александр Никитич,рядовой,7,49
Яковлев Кирилл Иванович,лейтенант,1,48
Кузнецов Евгений Максимович,рядовой,1,59
Кузнецов Алексей Иванович,капитан,5,41
Яковлев Павел Александрович,лейтенант,6,21
Козлов Александр Никитич,прапорщик,8,50
Алексеев Павел Алексеевич,полковник,2,50
Соколов Андрей Ильич,прапорщик,8,20
Зайцев Дмитрий Сергеевич,лейтенант,5,35
Кузнецов Никита Ильич,полковник,6,37
Новиков Евгений Алексеевич,сержант,2,34
Семёнов Михаил Викторович,сержант,4,19
Макаров Максим Михайлович,полковник,7,43
Фёдоров Александр Иванович,лейтенант,2,59
Орлов Илья Романович,рядовой,1,60
Козлов Юрий Павлович,рядовой,9,60
Борисов Константин Викторович,рядовой,11,25
Михайлов Максим Алексеевич,капитан,9,18
Алексеев Алексей Павлович,лейтенант,1,57
Морозов Александр Олегович,капитан,9,33
Фёдоров Роман Романович,майор,5,46
Попов Олег Андреевич,прапорщик,8,55
Смирнов Сергей Сергеевич,полковник,12,37
Михайлов Виктор Олегович,майор,4,32
Николаев Дмитрий Викторович,рядовой,8,33
Яковлев Роман Романович,полковник,11,45
Козлов Константин Иванович,капитан,9,43
Попов Роман Александрович,сержант,8,58
Иванов Павел Дмитриевич,капитан,7,31
Соловьёв Алексей Андреевич,лейтенант,8,22
Егоров Дмитрий Никитич,рядовой,10,33
Соловьёв Кирилл Олегович,лейтенант,1,42
Захаров Артём Викторович,майор,10,20
Новиков Константин Павлович,полковник,2,37
Борисов Алексей Александрович,рядовой,5,21
Степанов Михаил Максимович,прапорщик,10,30
Павлов Александр Юрьевич,сержант,1,35
Морозов Максим Викторович,сержант,8,42
Васильев Сергей Иванович,капитан,8,20
Степанов Кирилл Алексеевич,сержант,3,34
Иванов Сергей Михайлович,лейтенант,5,21
Зайцев Виктор Андреевич,прапорщик,9,31
Соловьёв Денис Александрович,лейтенант,9,60
Яковлев Павел Юрьевич,сержант,1,58
Соколов Никита Романович,рядовой,5,45
Захаров Евгений Александрович,лейтенант,12,59
Морозов Александр Алексеевич,прапорщик,11,55
Васильев Александр Андреевич,капитан,11,35
Никитин Максим Алексеевич,прапорщик,6,32
Соловьёв Константин Дмитриевич,полковник,5,33
Иванов Роман Максимович,полковник,10,21
Андреев Егор Андреевич,рядовой,5,52
Степанов Дмитрий Викторович,капитан,7,51
Егоров Илья Никитич,сержант,10,43
Иванов Никита Максимович,сержант,10,49
Васильев Андрей Михайлович,сержант,8,21
Фёдоров Алексей Романович,прапорщик,4,52
Михайлов Андрей Андреевич,майор,1,47
Андреев Никита Алексеевич,майор,10,29
Михайлов Сергей Сергеевич,капитан,8,58
Макаров Дмитрий Олегович,прапорщик,4,41
Захаров Сергей Алексеевич,сержант,10,22
Лебедев Михаил Романович,прапорщик,3,23
Павлов Андрей Романович,прапорщик,5,58
Смирнов Дмитрий Никитич,сержант,12,26
Новиков Иван Александрович,прапорщик,10,36
Петров Илья Романович,сержант,9,30
Петров Степан Алексеевич,сержант,11,51
Морозов Денис Викторович,прапорщик,12,49
Семёнов Иван Романович,капитан,12,39
Козлов Константин Алексеевич,сержант,11,60
Петров Роман Романович,капитан,5,36
Фёдоров Егор Михайлович,майор,8,30
Захаров Александр Максимович,лейтенант,3,33
Васильев Иван Никитич,капитан,1,31
Орлов Егор Михайлович,майор,1,40
Алексеев Виктор Максимович,прапорщик,10,44
Смирнов Илья Никитич,сержант,12,33
Семёнов Степан Михайлович,капитан,10,44
Петров Юрий Ильич,полковник,9,59
Яковлев Иван Иванович,рядовой,10,51
Кузнецов Иван Алексеевич,майор,4,29
Козлов Роман Алексеевич,прапорщик,3,50
Николаев Никита Михайлович,рядовой,4,19
Орлов Иван Юрьевич,полковник,10,35
Соколов Иван Максимович,рядовой,4,34
Никитин Константин Михайлович,майор,11,55
Васильев Илья Романович,майор,2,53
Михайлов Алексей Алексеевич,лейтенант,9,39
Иванов Дмитрий Павлович,прапорщик,11,37
Семёнов Евгений Андреевич,капитан,10,41
Михайлов Роман Иванович,майор,5,53
Попов Илья Олегович,капитан,3,55
Иванов Евгений Никитич,капитан,1,20
Попов Илья Иванович,майор,6,42
Козлов Евгений Никитич,полковник,3,26
Макаров Олег Иванович,капитан,9,30
Семёнов Евгений Никитич,полковник,8,26
Степанов Константин Иванович,сержант,11,46
Михайлов Дмитрий Романович,лейтенант,7,36
Новиков Илья Юрьевич,прапорщик,3,58
Борисов Юрий Дмитриевич,лейтенант,1,22
Кузнецов Степан Андреевич,майор,6,48
Орлов Евгений Павлович,сержант,7,26
Смирнов Евгений Сергеевич,майор,7,49
Павлов Павел Романович,полковник,10,18
Михайлов Александр Ильич,рядовой,4,28
Егоров Алексей Алексеевич,сержант,1,18
Соловьёв Александр Викторович,майор,7,32
Никитин Евгений Андреевич,майор,6,35
Михайлов Виктор Олегович,полковник,6,57
Новиков Михаил Павлович,полковник,8,41
Козлов Денис Александрович,рядовой,12,38
Зайцев Александр Алексеевич,прапорщик,11,48
Смирнов Иван Кириллович,прапорщик,8,39
Лебедев Артём Павлович,сержант,12,37
Морозов Константин Кириллович,лейтенант,1,41
Морозов Сергей Никитич,майор,7,50
Петров Александр Кириллович,полковник,4,54
Иванов Алексей Ильич,капитан,12,30
Михайлов Виктор Александрович,майор,9,52
Морозов Никита Романович,майор,5,55
Макаров Михаил Дмитриевич,лейтенант,11,21
Новиков Михаил Андреевич,рядовой,5,56
Смирнов Илья Иванович,лейтенант,7,43
Орлов Сергей Кириллович,майор,5,43
Лебедев Матвей Олегович,сержант,6,25
Петров Кирилл Сергеевич,лейтенант,2,26
Соловьёв Дмитрий Сергеевич,прапорщик,2,25
Кочергин Юрий Ильич,лейтенант,6,31
Иванов Павел Андреевич,полковник,10,41
Новиков Константин Кириллович,прапорщик,1,37
Борисов Максим Ильич,капитан,6,28
Михайлов Юрий Романович,капитан,4,28
Козлов Степан Никитич,сержант,6,30
Захаров Евгений Андреевич,майор,12,41
Михайлов Юрий Олегович,сержант,2,20
Никитин Дмитрий Ильич,рядовой,6,60
Лебедев Дмитрий Юрьевич,лейтенант,8,34
Павлов Матвей Олегович,полковник,11,52
Новиков Павел Павлович,капитан,12,20
Попов Константин Романович,лейтенант,3,30
Павлов Константин Романович,рядовой,6,26
Смирнов Егор Викторович,капитан,12,29
Николаев Денис Викторович,майор,2,29
Павлов Александр Андреевич,майор,12,34
Сидоров Матвей Дмитриевич,майор,2,55
Смирнов Максим Романович,полковник,8,21
Васильев Роман Максимович,прапорщик,3,23
Морозов Егор Никитич,полковник,5,23
Фёдоров Артём Юрьевич,полковник,10,47
Новиков Степан Викторович,майор,4,39
Соловьёв Никита Олегович,сержант,9,19
Степанов Иван Юрьевич,лейтенант,7,47
Попов Роман Олегович,майор,8,46
Смирнов Юрий Михайлович,прапорщик,11,30
Смирнов Роман Викторович,полковник,4,59
Соловьёв Артём Александрович,полковник,9,42
Соловьёв Сергей Александрович,рядовой,3,21
Степанов Никита Александрович,майор,5,52
Орлов Роман Романович,майор,9,42
Семёнов Юрий Иванович,майор,4,56
Петров Никита Павлович,лейтенант,6,39
Иванов Алексей Сергеевич,сержант,3,60
Иванов Роман Андреевич,рядовой,12,46
Захаров Артём Ильич,лейтенант,2,40
Петров Илья Дмитриевич,лейтенант,1,55
Степанов Иван Викторович,сержант,3,20
Зайцев Михаил Никитич,сержант,6,21
Зайцев Никита Александрович,сержант,5,29
Соколов Александр Иванович,капитан,6,29
Михайлов Михаил Иванович,прапорщик,9,18
Фёдоров Степан Александрович,прапорщик,11,33
Михайлов Павел Максимович,рядовой,10,25
Кочергин Дмитрий Андреевич,рядовой,6,21
Семёнов Никита Дмитриевич,лейтенант,11,20
Петров Степан Павлович,сержант,9,58
Петров Андрей Дмитриевич,прапорщик,3,56
Иванов Константин Никитич,полковник,5,53
Михайлов Егор Викторович,прапорщик,12,26
Борисов Матвей Иванович,майор,5,21
Захаров Александр Алексеевич,сержант,9,25
Захаров Артём Павлович,полковник,3,50
Морозов Александр Михайлович,капитан,1,46
Семёнов Роман Иванович,майор,1,33
Кочергин Артём Викторович,лейтенант,12,19
Морозов Егор Ильич,лейтенант,9,47
Морозов Денис Олегович,лейтенант,7,28
Семёнов Павел Дмитриевич,сержант,12,47
Андреев Константин Викторович,лейтенант,3,42
Лебедев Алексей Андреевич,лейтенант,9,26
Новиков Роман Романович,капитан,4,28
Петров Артём Андреевич,сержант,5,41
Петров Артём Иванович,майор,6,37
Морозов Егор Олегович,сержант,7,27
Сидоров Михаил Сергеевич,майор,9,49
Яковлев Егор Алексеевич,полковник,9,31
Степанов Сергей Викторович,лейтенант,2,38
Егоров Матвей Никитич,полковник,12,45
Павлов Никита Юрьевич,сержант,8,41
Лебедев Сергей Юрьевич,капитан,3,37
Зайцев Дмитрий Алексеевич,сержант,7,22
Орлов Олег Михайлович,рядовой,5,24
Яковлев Степан Михайлович,лейтенант,1,54
Михайлов Степан Романович,сержант,4,41
Алексеев Сергей Максимович,полковник,5,39
Борисов Андрей Кириллович,сержант,6,22
Андреев Юрий Олегович,капитан,3,51
Павлов Кирилл Алексеевич,полковник,9,46
Никитин Максим Иванович,капитан,6,47
Борисов Иван Алексеевич,капитан,7,38
Соловьёв Дмитрий Дмитриевич,капитан,12,27
Егоров Виктор Кириллович,майор,1,46
Васильев Виктор Юрьевич,рядовой,9,34
Яковлев Денис Александрович,лейтенант,3,28
Орлов Матвей Кириллович,полковник,11,18
Семёнов Матвей Сергеевич,майор,6,52
Новиков Евгений Иванович,лейтенант,11,58
Иванов Матвей Ильич,сержант,1,32
Макаров Кирилл Ильич,прапорщик,8,53
Макаров Александр Александрович,капитан,1,37
Соловьёв Виктор Максимович,майор,6,58
Михайлов Алексей Никитич,прапорщик,6,54
Зайцев Степан Максимович,сержант,11,50
Петров Виктор Олегович,лейтенант,4,53
Николаев Илья Иванович,капитан,8,46
Егоров Дмитрий Максимович,сержант,9,41
Орлов Андрей Андреевич,рядовой,10,53
Зайцев Евгений Сергеевич,майор,10,40
Зайцев Юрий Юрьевич,капитан,9,51
Иванов Артём Викторович,рядовой,7,20
Козлов Егор Никитич,прапорщик,6,60
Егоров Константин Павлович,сержант,10,29
Павлов Илья Викторович,майор,4,55
Лебедев Юрий Олегович,лейтенант,7,28
Лебедев Сергей Кириллович,капитан,2,38
Павлов Артём Иванович,майор,7,57
Соколов Степан Никитич,полковник,1,55
Андреев Никита Ильич,майор,8,34
Морозов Матвей Юрьевич,сержант,9,37
Смирнов Никита Андреевич,полковник,1,50
Макаров Юрий Кириллович,майор,11,49
Николаев Матвей Андреевич,лейтенант,5,45
Новиков Иван Романович,майор,6,40
Васильев Дмитрий Александрович,капитан,3,41
Попов Павел Викторович,рядовой,9,29
Морозов Константин Иванович,лейтенант,9,35
Никитин Михаил Ильич,полковник,2,30
Павлов Евгений Ильич,рядовой,8,38
Егоров Константин Викторович,капитан,2,60
Смирнов Михаил Сергеевич,полковник,9,21
Кочергин Юрий Дмитриевич,лейтенант,6,58
Кузнецов Егор Романович,рядовой,6,39
Иванов Александр Андреевич,майор,5,35
Морозов Евгений Юрьевич,капитан,9,27
Новиков Денис Ильич,прапорщик,7,53
Борисов Андрей Романович,полковник,6,24
Николаев Олег Олегович,прапорщик,9,24
Никитин Егор Викторович,лейтенант,8,26
Захаров Роман Александрович,майор,8,37
Морозов Юрий Романович,лейтенант,3,44
Васильев Матвей Сергеевич,лейтенант,1,55
Сидоров Олег Дмитриевич,майор,8,47
Семёнов Алексей Павлович,майор,7,37
Михайлов Денис Ильич,капитан,6,27
Кочергин Андрей Юрьевич,лейтенант,8,55
Семёнов Павел Романович,прапорщик,11,32
Степанов Матвей Александрович,лейтенант,10,34
Захаров Роман Дмитриевич,полковник,11,19
Зайцев Михаил Юрьевич,прапорщик,11,38
Павлов Денис Андреевич,полковник,5,21
Соловьёв Иван Алексеевич,майор,1,40
Борисов Артём Михайлович,рядовой,5,31
Фёдоров Евгений Алексеевич,лейтенант,1,48
Никитин Михаил Олегович,капитан,4,32
Новиков Денис Александрович,лейтенант,6,29
Павлов Александр Никитич,лейтенант,11,59
Фёдоров Никита Викторович,прапорщик,4,53
Смирнов Иван Михайлович,сержант,2,55
Семёнов Егор Ильич,сержант,5,44
Михайлов Михаил Павлович,капитан,2,29
Егоров Степан Никитич,прапорщик,7,47
Зайцев Артём Михайлович,полковник,6,33
Борисов Михаил Дмитриевич,прапорщик,12,48
Кочергин Илья Александрович,майор,5,42
Кузнецов Денис Александрович,прапорщик,7,55
Егоров Александр Михайлович,прапорщик,6,58
Соловьёв Александр Олегович,капитан,2,29
Фёдоров Александр Сергеевич,майор,9,47
Андреев Олег Александрович,полковник,3,36
Орлов Никита Михайлович,сержант,3,39
Кочергин Степан Александрович,прапорщик,9,41
Морозов Максим Кириллович,прапорщик,4,33
Степанов Артём Сергеевич,сержант,12,34
Егоров Максим Викторович,лейтенант,9,60
Михайлов Виктор Сергеевич,прапорщик,10,38
Фёдоров Илья Романович,сержант,6,39
Петров Иван Иванович,прапорщик,11,58
Зайцев Алексей Павлович,полковник,4,30
Алексеев Кирилл Романович,полковник,2,57
Кочергин Денис Павлович,прапорщик,10,56
Иванов Матвей Викторович,полковник,1,50
Павлов Сергей Юрьевич,прапорщик,7,23
Васильев Степан Викторович,капитан,10,28
Орлов Евгений Андреевич,сержант,6,38
Степанов Константин Олегович,майор,9,47
Михайлов Евгений Иванович,рядовой,1,59
Козлов Кирилл Дмитриевич,майор,7,19
Иванов Александр Александрович,полковник,10,48
Алексеев Евгений Олегович,прапорщик,4,60
Макаров Алексей Иванович,капитан,8,40
Иванов Илья Алексеевич,сержант,5,56
Васильев Алексей Юрьевич,полковник,8,31
Смирнов Никита Викторович,сержант,10,27
Степанов Юрий Михайлович,рядовой,4,57
Смирнов Андрей Романович,прапорщик,5,32
Новиков Андрей Александрович,капитан,11,20
Иванов Константин Сергеевич,капитан,6,30
Андреев Константин Михайлович,прапорщик,1,33
Орлов Андрей Викторович,прапорщик,6,33
Макаров Виктор Ильич,капитан,9,30
Васильев Павел Кириллович,прапорщик,12,28
Козлов Павел Олегович,майор,2,56
Борисов Роман Максимович,рядовой,12,44
Соловьёв Александр Дмитриевич,капитан,1,54
Кочергин Дмитрий Дмитриевич,прапорщик,12,37
Николаев Матвей Павлович,лейтенант,3,60
Кочергин Егор Юрьевич,майор,11,50
Яковлев Артём Павлович,капитан,11,37
Иванов Виктор Романович,сержант,1,34
Кузнецов Михаил Иванович,майор,3,52
Андреев Дмитрий Викторович,рядовой,5,47
Макаров Евгений Дмитриевич,прапорщик,7,57
Михайлов Александр Юрьевич,лейтенант,3,58
Сидоров Константин Максимович,капитан,12,41
Никитин Константин Олегович,прапорщик,7,30
Соколов Матвей Дмитриевич,майор,1,49
Захаров Степан Михайлович,лейтенант,10,57
Андреев Сергей Павлович,прапорщик,2,34
Фёдоров Максим Кириллович,капитан,5,26
Соколов Андрей Сергеевич,лейтенант,10,54
Павлов Виктор Александрович,рядовой,3,59
Никитин Сергей Андреевич,майор,6,38
Морозов Юрий Ильич,лейтенант,11,22
Соловьёв Виктор Иванович,сержант,2,42
Егоров Степан Юрьевич,полковник,3,19
Козлов Дмитрий Кириллович,прапорщик,11,33
Захаров Денис Сергеевич,майор,9,56
Степанов Константин Олегович,лейтенант,3,32
Фёдоров Михаил Дмитриевич,сержант,10,38
Иванов Александр Юрьевич,лейтенант,8,46
Алексеев Константин Андреевич,капитан,1,29
Фёдоров Юрий Андреевич,сержант,8,39
Новиков Максим Максимович,капитан,1,34
Сидоров Артём Михайлович,майор,3,33
Зайцев Степан Юрьевич,рядовой,5,26
Яковлев Денис Ильич,сержант,3,56
Смирнов Алексей Олегович,сержант,2,30
Козлов Евгений Иванович,сержант,1,19
Иванов Матвей Дмитриевич,рядовой,7,49
Зайцев Юрий Михайлович,лейтенант,9,43
Орлов Олег Андреевич,прапорщик,3,20
Васильев Александр Александрович,лейтенант,5,52
Павлов Алексей Романович,капитан,2,19
Степанов Степан Андреевич,капитан,5,50
Орлов Александр Максимович,прапорщик,11,33
Андреев Матвей Андреевич,капитан,11,33
Кузнецов Кирилл Ильич,прапорщик,3,46
Алексеев Артём Михайлович,лейтенант,3,30
Петров Егор Олегович,майор,9,38
Егоров Иван Михайлович,полковник,5,55
Павлов Юрий Максимович,лейтенант,2,55
Новиков Евгений Дмитриевич,рядовой,3,44
Козлов Алексей Ильич,полковник,11,43
Соловьёв Алексей Юрьевич,рядовой,10,49
Петров Иван Викторович,лейтенант,6,23
Соловьёв Никита Сергеевич,лейтенант,6,28
Зайцев Павел Юрьевич,майор,6,28
Морозов Павел Кириллович,майор,6,46
Борисов Артём Никитич,прапорщик,7,23
Смирнов Евгений Максимович,полковник,8,36
Николаев Никита Максимович,капитан,3,53
Лебедев Матвей Викторович,сержант,4,33
Кузнецов Максим Михайлович,прапорщик,3,29
Васильев Илья Романович,прапорщик,5,59
Павлов Артём Андреевич,прапорщик,4,51
Соловьёв Дмитрий Максимович,прапорщик,5,24
Степанов Иван Дмитриевич,полковник,9,24
Орлов Алексей Олегович,сержант,1,37
Морозов Андрей Юрьевич,прапорщик,3,56
Яковлев Павел Павлович,капитан,6,40
Петров Виктор Михайлович,лейтенант,1,54
Петров Павел Андреевич,рядовой,12,19
Степанов Роман Юрьевич,полковник,9,44
Захаров Сергей Юрьевич,прапорщик,3,36
Орлов Михаил Александрович,лейтенант,3,28
Морозов Юрий Романович,полковник,5,30
Сидоров Егор Дмитриевич,майор,9,47
Орлов Андрей Викторович,сержант,12,24
Орлов Сергей Никитич,прапорщик,10,46
Семёнов Дмитрий Романович,прапорщик,1,43
Николаев Михаил Максимович,полковник,9,27
Захаров Олег Дмитриевич,сержант,1,45
Захаров Роман Дмитриевич,лейтенант,8,57
Соколов Алексей Ильич,лейтенант,1,56
Фёдоров Матвей Кириллович,рядовой,7,57
Иванов Виктор Михайлович,полковник,2,37
Фёдоров Константин Александрович,сержант,6,38
Смирнов Никита Дмитриевич,рядовой,6,43
Алексеев Александр Ильич,капитан,7,34
Павлов Павел Андреевич,сержант,6,24
Зайцев Егор Павлович,рядовой,12,40
Михайлов Артём Алексеевич,рядовой,11,43
Михайлов Михаил Викторович,рядовой,3,29
Фёдоров Денис Романович,лейтенант,4,29
Макаров Денис Павлович,майор,1,44
Петров Виктор Михайлович,капитан,8,56
Павлов Денис Никитич,лейтенант,2,27
Иванов Виктор Александрович,лейтенант,11,21
Козлов Алексей Сергеевич,прапорщик,3,35
Соколов Никита Дмитриевич,рядовой,1,32
Орлов Константин Викторович,капитан,5,31
Морозов Сергей Андреевич,рядовой,6,45
Семёнов Артём Никитич,полковник,6,33
Кочергин Роман Андреевич,прапорщик,10,58
Кузнецов Матвей Иванович,лейтенант,10,24
Степанов Денис Олегович,полковник,8,30
Андреев Павел Никитич,капитан,6,56
Алексеев Егор Максимович,майор,4,32
Соловьёв Константин Кириллович,майор,5,39
Захаров Евгений Юрьевич,полковник,11,39
Морозов Юрий Михайлович,майор,9,39
Кочергин Олег Никитич,майор,2,25
Новиков Виктор Никитич,лейтенант,5,43
Яковлев Юрий Олегович,сержант,10,24
Новиков Олег Юрьевич,капитан,8,51
Никитин Павел Дмитриевич,полковник,9,59
Егоров Олег Ильич,лейтенант,10,46
Семёнов Максим Максимович,рядовой,5,56
Орлов Роман Максимович,капитан,2,23
Андреев Никита Дмитриевич,прапорщик,10,57
Михайлов Иван Викторович,прапорщик,6,22
Кочергин Евгений Кириллович,майор,6,23
Лебедев Олег Кириллович,сержант,2,24
Лебедев Александр Андреевич,рядовой,11,31
Захаров Михаил Михайлович,рядовой,2,44
Павлов Артём Андреевич,сержант,1,29
Сидоров Никита Юрьевич,майор,11,30
Кочергин Юрий Сергеевич,капитан,4,41
Соколов Александр Ильич,майор,9,47
Семёнов Степан Романович,полковник,8,57
Лебедев Алексей Юрьевич,майор,1,51
Андреев Дмитрий Михайлович,сержант,5,52
Макаров Илья Сергеевич,сержант,12,23
Фёдоров Денис Александрович,рядовой,12,34
Семёнов Сергей Ильич,сержант,11,45
Кузнецов Иван Кириллович,рядовой,2,19
Степанов Кирилл Ильич,прапорщик,9,57
Степанов Никита Сергеевич,прапорщик,1,51
Васильев Евгений Андреевич,сержант,1,54
Иванов Кирилл Юрьевич,сержант,8,47
Макаров Егор Павлович,майор,3,30
Зайцев Сергей Максимович,полковник,7,55
Захаров Дмитрий Алексеевич,рядовой,7,43
Морозов Егор Алексеевич,капитан,8,18
Попов Кирилл Иванович,майор,11,27
Соловьёв Александр Олегович,майор,8,36
Иванов Павел Викторович,капитан,3,25
Кузнецов Кирилл Юрьевич,прапорщик,4,41
Зайцев Иван Сергеевич,майор,1,36
Соколов Юрий Дмитриевич,рядовой,10,51
Захаров Иван Викторович,прапорщик,12,40
Кузнецов Олег Максимович,майор,3,59
Смирнов Матвей Олегович,сержант,4,54
Степанов Кирилл Ильич,майор,1,28
Алексеев Илья Романович,капитан,10,22
Андреев Кирилл Сергеевич,прапорщик,1,48
Морозов Константин Ильич,прапорщик,2,39
Петров Олег Михайлович,рядовой,6,54
Петров Алексей Дмитриевич,рядовой,8,25
Михайлов Константин Михайлович,капитан,4,56
Макаров Илья Викторович,рядовой,7,44
Козлов Евгений Олегович,полковник,3,52
Алексеев Дмитрий Романович,полковник,6,25
Андреев Александр Юрьевич,рядовой,1,22
Лебедев Сергей Иванович,сержант,8,45
Егоров Степан Андреевич,лейтенант,8,57
Петров Юрий Сергеевич,лейтенант,3,55
Иванов Денис Максимович,рядовой,1,20
Андреев Матвей Викторович,майор,10,29
Иванов Илья Андреевич,прапорщик,9,22
Фёдоров Матвей Иванович,лейтенант,9,28
Степанов Алексей Алексеевич,рядовой,8,31
Макаров Сергей Максимович,сержант,6,23
Кузнецов Кирилл Александрович,сержант,12,39
Попов Иван Михайлович,капитан,2,38
Борисов Евгений Андреевич,майор,5,28
Захаров Олег Максимович,капитан,2,50
Андреев Константин Сергеевич,прапорщик,1,21
Николаев Сергей Олегович,полковник,5,44
Попов Константин Ильич,полковник,9,53
Кузнецов Виктор Кириллович,капитан,8,21
Николаев Алексей Максимович,полковник,10,31
Никитин Виктор Алексеевич,сержант,6,48
Павлов Алексей Ильич,майор,4,22
Андреев Роман Никитич,лейтенант,11,24
Петров Егор Дмитриевич,прапорщик,7,42
Попов Сергей Александрович,рядовой,10,51
Захаров Денис Юрьевич,сержант,5,47
Егоров Павел Юрьевич,прапорщик,6,34
Лебедев Константин Иванович,сержант,5,48
Соловьёв Денис Александрович,прапорщик,9,51
Сидоров Иван Иванович,майор,3,22
Алексеев Дмитрий Юрьевич,лейтенант,1,52
Соловьёв Михаил Дмитриевич,прапорщик,11,31
Павлов Денис Максимович,рядовой,7,36
Кузнецов Евгений Никитич,прапорщик,10,60
Петров Михаил Кириллович,прапорщик,1,33
Семёнов Константин Юрьевич,майор,11,58
Фёдоров Павел Кириллович,майор,6,46
Андреев Андрей Андреевич,капитан,4,22
Смирнов Андрей Александрович,майор,8,37
Фёдоров Юрий Александрович,сержант,7,25
Петров Матвей Дмитриевич,сержант,7,27
Лебедев Артём Викторович,прапорщик,6,37
Степанов Матвей Иванович,капитан,7,25
Андреев Алексей Максимович,сержант,2,52
Семёнов Матвей Кириллович,майор,5,25
Васильев Алексей Павлович,рядовой,4,53
Макаров Кирилл Романович,полковник,12,41
Захаров Евгений Андреевич,рядовой,6,21
Новиков Дмитрий Викторович,лейтенант,10,34
Соловьёв Максим Олегович,лейтенант,11,23
Попов Никита Павлович,лейтенант,6,23
Иванов Максим Александрович,прапорщик,8,27
Кочергин Илья Павлович,майор,7,49
Алексеев Никита Андреевич,рядовой,11,40
Петров Артём Ильич,рядовой,5,49
Соколов Евгений Алексеевич,капитан,2,53
Соколов Роман Алексеевич,сержант,9,37
Новиков Денис Иванович,капитан,12,31
Семёнов Евгений Кириллович,капитан,2,45
Сидоров Дмитрий Никитич,капитан,12,19
Кузнецов Виктор Кириллович,капитан,6,32
Лебедев Андрей Викторович,рядовой,8,47
Михайлов Юрий Викторович,полковник,11,46
Соловьёв Константин Романович,лейтенант,1,38
Никитин Олег Максимович,лейтенант,7,57
Смирнов Роман Максимович,рядовой,11,39
Кочергин Александр Павлович,майор,12,37
Попов Александр Сергеевич,лейтенант,3,35
Михайлов Максим Сергеевич,рядовой,10,37
Попов Евгений Юрьевич,капитан,4,51
Фёдоров Илья Юрьевич,капитан,5,31
Борисов Егор Кириллович,рядовой,1,18
Петров Никита Романович,лейтенант,11,20
Смирнов Олег Дмитриевич,лейтенант,3,28
Смирнов Константин Павлович,полковник,5,32
Соколов Юрий Романович,прапорщик,3,54
Михайлов Егор Алексеевич,полковник,7,32
Орлов Степан Александрович,майор,7,41
Николаев Александр Иванович,рядовой,3,30
Семёнов Денис Дмитриевич,лейтенант,12,19
Николаев Олег Иванович,полковник,12,39
Смирнов Денис Олегович,полковник,8,27
Соловьёв Роман Андреевич,капитан,7,30
Никитин Александр Олегович,лейтенант,2,54
Михайлов Иван Никитич,рядовой,12,34
Алексеев Павел Михайлович,капитан,8,33
Попов Олег Викторович,сержант,10,20
Смирнов Евгений Андреевич,майор,6,22
Сидоров Денис Андреевич,рядовой,8,23
Лебедев Никита Юрьевич,прапорщик,6,24
Фёдоров Максим Максимович,капитан,2,36
Кочергин Никита Сергеевич,рядовой,3,45
Андреев Илья Ильич,капитан,4,59
Никитин Олег Никитич,лейтенант,7,45
Никитин Олег Никитич,капитан,1,48
Борисов Егор Алексеевич,полковник,12,34
Борисов Никита Михайлович,прапорщик,4,52
Морозов Александр Викторович,майор,6,40
Иванов Павел Никитич,рядовой,9,22
Захаров Матвей Александрович,капитан,3,58
Семёнов Никита Дмитриевич,капитан,6,33
Морозов Денис Александрович,прапорщик,6,20
Яковлев Андрей Максимович,прапорщик,5,56
Степанов Олег Павлович,рядовой,11,40
Захаров Андрей Ильич,сержант,8,28
Петров Алексей Юрьевич,капитан,10,30
Соколов Александр Дмитриевич,капитан,11,51
Никитин Илья Алексеевич,майор,9,56
Зайцев Денис Романович,рядовой,12,27
Козлов Юрий Ильич,полковник,7,43
Морозов Андрей Дмитриевич,полковник,12,37
Козлов Константин Алексеевич,прапорщик,3,33
Соколов Степан Александрович,майор,12,20
Фёдоров Евгений Андреевич,рядовой,7,20
Сидоров Дмитрий Александрович,прапорщик,5,32
Егоров Иван Иванович,полковник,3,56
Яковлев Никита Андреевич,лейтенант,5,50
Козлов Матвей Максимович,сержант,5,49
Кузнецов Александр Максимович,капитан,1,36
Новиков Александр Михайлович,сержант,5,29
Алексеев Артём Дмитриевич,лейтенант,12,42
Павлов Константин Никитич,прапорщик,1,52
Макаров Кирилл Александрович,капитан,3,31
Захаров Михаил Сергеевич,прапорщик,4,47
Зайцев Илья Романович,капитан,5,51
Алексеев Евгений Никитич,лейтенант,4,39
Фёдоров Иван Романович,полковник,9,40
Смирнов Денис Александрович,сержант,3,40
Козлов Роман Олегович,рядовой,4,37
Борисов Юрий Романович,капитан,9,47
Павлов Роман Юрьевич,рядовой,6,46
Никитин Михаил Андреевич,майор,2,49
Павлов Алексей Ильич,майор,11,25
Семёнов Артём Дмитриевич,майор,8,25
Николаев Кирилл Алексеевич,капитан,1,27
Зайцев Евгений Максимович,полковник,2,47
Орлов Егор Алексеевич,лейтенант,3,50
Алексеев Иван Кириллович,сержант,10,58
Михайлов Артём Юрьевич,сержант,10,32
Кочергин Юрий Андреевич,рядовой,5,51
Новиков Иван Павлович,сержант,4,39
Семёнов Степан Ильич,рядовой,2,49
Соловьёв Роман Никитич,полковник,11,33
Соловьёв Евгений Иванович,майор,2,54
Лебедев Сергей Алексеевич,лейтенант,8,23
Михайлов Александр Ильич,капитан,8,51
Иванов Евгений Олегович,полковник,4,24
Фёдоров Степан Михайлович,полковник,3,35
Павлов Максим Викторович,прапорщик,3,42
Морозов Константин Ильич,капитан,3,29
Николаев Евгений Александрович,майор,4,53
Кочергин Павел Александрович,капитан,7,23
Иванов Денис Михайлович,майор,3,43
Соколов Андрей Сергеевич,прапорщик,10,57
Новиков Александр Кириллович,рядовой,8,39
Семёнов Артём Иванович,полковник,3,44
Никитин Егор Александрович,капитан,4,29
Никитин Юрий Михайлович,полковник,7,46
Кузнецов Степан Романович,лейтенант,11,52
Михайлов Александр Андреевич,майор,3,31
Семёнов Павел Олегович,сержант,8,35
Козлов Андрей Иванович,сержант,9,59
Козлов Роман Викторович,прапорщик,11,55
Егоров Денис Павлович,сержант,7,51
Семёнов Максим Иванович,капитан,10,48
Андреев Андрей Олегович,лейтенант,4,50
Козлов Виктор Олегович,майор,12,51
Васильев Сергей Кириллович,майор,12,54
Никитин Иван Андреевич,лейтенант,11,26
Андреев Денис Иванович,рядовой,9,21
Николаев Александр Ильич,капитан,1,36
Макаров Александр Олегович,прапорщик,5,58
Андреев Егор Кириллович,рядовой,4,41
Семёнов Константин Михайлович,прапорщик,12,33
Егоров Евгений Викторович,сержант,3,50
Соколов Андрей Андреевич,полковник,5,31
Васильев Александр Олегович,капитан,9,23
Павлов Дмитрий Иванович,полковник,3,46
Алексеев Иван Ильич,майор,1,50
Петров Максим Иванович,капитан,4,50
Новиков Артём Андреевич,рядовой,2,57
Соколов Евгений Дмитриевич,майор,9,49
Яковлев Денис Александрович,майор,7,25
Васильев Егор Иванович,сержант,5,18
Степанов Алексей Дмитриевич,лейтенант,9,59
Макаров Виктор Сергеевич,лейтенант,5,53
Фёдоров Андрей Никитич,рядовой,2,48
Смирнов Матвей Олегович,лейтенант,9,46
Зайцев Никита Викторович,лейтенант,3,42
Новиков Андрей Сергеевич,майор,7,46
Семёнов Виктор Романович,майор,7,53
Попов Илья Юрьевич,майор,12,31
Степанов Михаил Никитич,лейтенант,12,22
Никитин Виктор Андреевич,прапорщик,10,30
Яковлев Виктор Никитич,капитан,10,24
Фёдоров Сергей Викторович,рядовой,7,29
Орлов Павел Павлович,прапорщик,7,51
Павлов Виктор Андреевич,полковник,11,38
Зайцев Александр Кириллович,майор,12,50
Орлов Юрий Максимович,сержант,10,31
Зайцев Олег Михайлович,рядовой,6,35
Фёдоров Евгений Михайлович,капитан,9,58
Петров Алексей Олегович,сержант,4,38
Васильев Максим Никитич,полковник,4,24
Зайцев Олег Кириллович,полковник,7,59
Иванов Олег Никитич,капитан,10,51
Борисов Александр Романович,лейтенант,5,52
Фёдоров Павел Максимович,рядовой,12,57
Михайлов Константин Романович,майор,9,37
Сидоров Евгений Алексеевич,сержант,12,39
Морозов Кирилл Юрьевич,сержант,4,29
Семёнов Виктор Максимович,полковник,5,31
Яковлев Егор Кириллович,прапорщик,11,36
Соловьёв Денис Викторович,лейтенант,2,41
Петров Роман Михайлович,лейтенант,6,46
Соколов Никита Викторович,сержант,8,58
Иванов Сергей Алексеевич,рядовой,9,49
Никитин Андрей Ильич,лейтенант,1,28
Макаров Дмитрий Алексеевич,полковник,12,44
Козлов Степан Викторович,полковник,12,30
Алексеев Павел Михайлович,капитан,1,34
Михайлов Егор Юрьевич,капитан,3,59
Лебедев Михаил Юрьевич,лейтенант,6,27
Никитин Алексей Максимович,полковник,5,46
Смирнов Егор Дмитриевич,капитан,5,41
Кузнецов Артём Александрович,сержант,10,60
Алексеев Сергей Андреевич,сержант,11,46
Яковлев Константин Андреевич,полковник,3,44
Захаров Степан Дмитриевич,майор,4,44
Макаров Иван Викторович,рядовой,1,21
Зайцев Дмитрий Александрович,майор,6,39
Морозов Кирилл Романович,лейтенант,4,25
Соколов Михаил Олегович,рядовой,3,49
Андреев Степан Олегович,капитан,2,19
Кузнецов Максим Юрьевич,рядовой,8,44
Михайлов Егор Андреевич,лейтенант,3,33
Соколов Олег Дмитриевич,рядовой,12,27
Сидоров Сергей Юрьевич,капитан,7,47
Соколов Андрей Кириллович,полковник,3,21
Борисов Александр Юрьевич,прапорщик,8,23
Фёдоров Виктор Максимович,полковник,6,45
Степанов Иван Сергеевич,прапорщик,3,60
Смирнов Виктор Викторович,сержант,4,30
Иванов Денис Алексеевич,прапорщик,8,31
Соколов Евгений Алексеевич,рядовой,3,28
Яковлев Дмитрий Иванович,капитан,5,45
Новиков Дмитрий Михайлович,прапорщик,2,53
Никитин Александр Викторович,рядовой,10,57
Никитин Константин Максимович,капитан,4,38
Макаров Сергей Алексеевич,лейтенант,2,58
Макаров Андрей Ильич,сержант,11,45
Андреев Евгений Алексеевич,рядовой,3,30
Козлов Кирилл Сергеевич,майор,3,46
Захаров Дмитрий Алексеевич,полковник,3,55
Иванов Дмитрий Дмитриевич,полковник,7,52
Попов Сергей Ильич,полковник,12,47
Алексеев Виктор Андреевич,сержант,2,39
Никитин Кирилл Олегович,прапорщик,9,55
Егоров Кирилл Викторович,полковник,11,49
Борисов Кирилл Олегович,капитан,10,27
Степанов Константин Олегович,лейтенант,10,57
Николаев Дмитрий Сергеевич,сержант,10,47
Морозов Александр Ильич,сержант,10,54
Никитин Роман Павлович,полковник,2,60
Яковлев Юрий Павлович,полковник,1,32
Николаев Алексей Викторович,полковник,2,19
Яковлев Илья Сергеевич,полковник,6,44
Степанов Алексей Романович,полковник,5,45
Михайлов Юрий Викторович,майор,8,60
Васильев Павел Андреевич,майор,5,33
Никитин Матвей Павлович,майор,10,37
Соловьёв Павел Кириллович,рядовой,11,59
Никитин Константин Андреевич,майор,6,29
Лебедев Константин Кириллович,майор,1,29
Николаев Илья Никитич,полковник,12,58
Никитин Виктор Юрьевич,лейтенант,9,38
Яковлев Павел Сергеевич,прапорщик,1,20
Кузнецов Сергей Ильич,рядовой,9,57
Морозов Кирилл Максимович,прапорщик,7,37
Кочергин Юрий Олегович,сержант,5,55
Иванов Андрей Романович,полковник,9,53
Смирнов Юрий Олегович,майор,10,28
Соколов Егор Юрьевич,сержант,5,20
Борисов Сергей Михайлович,полковник,3,56
Захаров Виктор Сергеевич,капитан,3,18
Павлов Евгений Алексеевич,полковник,4,47
Козлов Илья Романович,прапорщик,9,58
Алексеев Никита Михайлович,сержант,4,52
Николаев Егор Ильич,прапорщик,9,29
Андреев Андрей Дмитриевич,рядовой,5,30
Егоров Андрей Михайлович,прапорщик,8,31
Зайцев Дмитрий Иванович,полковник,7,23
Егоров Матвей Павлович,сержант,12,32
Степанов Виктор Дмитриевич,майор,1,51
Кузнецов Егор Павлович,сержант,11,19
Павлов Евгений Олегович,майор,4,31
Кузнецов Кирилл Иванович,сержант,7,26
Степанов Евгений Алексеевич,майор,8,53
Никитин Никита Олегович,лейтенант,7,36
Семёнов Константин Андреевич,капитан,4,48
Павлов Егор Максимович,сержант,3,37
Орлов Егор Михайлович,капитан,4,48
Макаров Юрий Иванович,лейтенант,11,42
Кочергин Артём Максимович,сержант,5,31
Орлов Артём Алексеевич,майор,9,22
Борисов Матвей Александрович,лейтенант,4,37
Борисов Михаил Максимович,сержант,3,35
Борисов Максим Никитич,сержант,8,60
Зайцев Александр Алексеевич,лейтенант,6,56
Яковлев Степан Алексеевич,лейтенант,6,59
Иванов Максим Юрьевич,лейтенант,10,23
Попов Дмитрий Романович,капитан,10,24
Егоров Денис Андреевич,сержант,9,42
Никитин Павел Дмитриевич,рядовой,7,19
Кочергин Дмитрий Кириллович,прапорщик,7,38
Новиков Роман Максимович,полковник,8,25
Степанов Степан Романович,рядовой,10,26
Никитин Сергей Максимович,прапорщик,7,30
Смирнов Павел Юрьевич,сержант,2,50
Степанов Евгений Романович,прапорщик,6,31
Степанов Никита Иванович,сержант,4,32
Лебедев Егор Кириллович,прапорщик,2,49
Сидоров Павел Максимович,майор,12,41
Смирнов Сергей Викторович,прапорщик,12,27
Кузнецов Степан Викторович,рядовой,11,27
Павлов Алексей Никитич,полковник,6,55
Захаров Сергей Андреевич,прапорщик,7,38
Смирнов Олег Михайлович,капитан,4,20
Орлов Павел Сергеевич,лейтенант,8,39
Андреев Никита Максимович,сержант,9,22
Попов Дмитрий Иванович,майор,10,49
Васильев Олег Ильич,майор,9,54
Кочергин Юрий Павлович,лейтенант,7,36
Фёдоров Артём Олегович,полковник,11,22
Макаров Денис Олегович,майор,11,48
Зайцев Егор Ильич,прапорщик,6,25
Соловьёв Константин Михайлович,лейтенант,6,25
Борисов Константин Никитич,лейтенант,4,32
Васильев Илья Викторович,сержант,11,37
Морозов Юрий Кириллович,майор,4,27
Макаров Алексей Павлович,сержант,2,27
Захаров Константин Максимович,полковник,1,22
Сидоров Дмитрий Олегович,капитан,11,43
Андреев Юрий Никитич,лейтенант,8,35
Морозов Евгений Алексеевич,сержант,7,45
Егоров Евгений Алексеевич,рядовой,10,34
Семёнов Сергей Павлович,прапорщик,6,29
Макаров Алексей Павлович,капитан,1,23
Андреев Матвей Романович,полковник,7,32
Петров Дмитрий Юрьевич,лейтенант,5,43
Андреев Максим Иванович,сержант,12,23
Соколов Егор Павлович,сержант,9,37
Яковлев Денис Максимович,майор,7,39
Егоров Юрий Кириллович,полковник,9,26
Никитин Константин Кириллович,майор,6,27
Никитин Михаил Александрович,полковник,7,26
Михайлов Максим Ильич,сержант,11,44
Смирнов Кирилл Ильич,майор,5,22
Михайлов Максим Павлович,капитан,4,18
Павлов Кирилл Викторович,рядовой,10,36
Козлов Степан Викторович,майор,5,57
Яковлев Степан Никитич,капитан,3,29
Степанов Артём Сергеевич,сержант,10,48
Соколов Олег Михайлович,сержант,11,24
Алексеев Иван Павлович,лейтенант,11,45
Макаров Илья Андреевич,капитан,7,40
Петров Степан Павлович,прапорщик,9,22
Васильев Алексей Андреевич,рядовой,8,50
Морозов Егор Ильич,сержант,9,49
Андреев Юрий Романович,полковник,10,33
Иванов Егор Юрьевич,сержант,3,34
Павлов Олег Михайлович,майор,4,22
Алексеев Олег Кириллович,майор,11,30
Семёнов Юрий Александрович,сержант,7,18
Кочергин Александр Андреевич,прапорщик,12,54
Степанов Матвей Юрьевич,лейтенант,12,34
Смирнов Алексей Романович,сержант,8,28
Соловьёв Олег Олегович,рядовой,1,41
Кузнецов Артём Юрьевич,сержант,7,20
Петров Кирилл Андреевич,прапорщик,7,48
Попов Юрий Михайлович,лейтенант,10,26
Козлов Сергей Юрьевич,капитан,10,27
Николаев Матвей Михайлович,сержант,8,49
Николаев Иван Викторович,сержант,1,56
Алексеев Павел Алексеевич,капитан,7,22
Павлов Кирилл Дмитриевич,сержант,6,26
Степанов Матвей Юрьевич,рядовой,7,28
Фёдоров Павел Викторович,сержант,2,23
Павлов Юрий Иванович,прапорщик,8,55
Кузнецов Павел Никитич,прапорщик,2,45
Петров Павел Сергеевич,лейтенант,6,18
Кузнецов Алексей Викторович,прапорщик,7,41
Макаров Роман Никитич,лейтенант,6,35
Макаров Павел Олегович,прапорщик,4,50
Михайлов Алексей Олегович,лейтенант,1,51
Зайцев Александр Викторович,капитан,3,45
Степанов Виктор Олегович,сержант,11,58
Попов Никита Андреевич,сержант,11,26
Макаров Максим Олегович,прапорщик,7,18
Фёдоров Константин Романович,полковник,12,24
Андреев Артём Александрович,капитан,5,24
Андреев Кирилл Викторович,капитан,7,23
Васильев Константин Михайлович,лейтенант,8,48
Яковлев Степан Александрович,майор,6,36
Андреев Никита Иванович,сержант,8,51
Яковлев Никита Ильич,лейтенант,5,59
Козлов Артём Ильич,полковник,4,53
Андреев Александр Кириллович,майор,12,60
Зайцев Дмитрий Ильич,прапорщик,4,51
Иванов Евгений Романович,сержант,6,24
Петров Юрий Юрьевич,полковник,2,56
Фёдоров Роман Викторович,прапорщик,4,57
Морозов Егор Максимович,прапорщик,6,28
Яковлев Константин Андреевич,майор,8,57
Егоров Михаил Юрьевич,рядовой,5,49
Соловьёв Степан Никитич,прапорщик,6,19
Петров Виктор Михайлович,майор,6,30
Попов Юрий Максимович,лейтенант,4,51
Кочергин Александр Михайлович,майор,4,31
Николаев Виктор Михайлович,полковник,6,37
Захаров Алексей Олегович,капитан,10,30
Борисов Андрей Романович,майор,4,38
Макаров Андрей Ильич,майор,9,39
Соловьёв Денис Никитич,полковник,7,32
Фёдоров Егор Дмитриевич,сержант,12,34
Яковлев Алексей Кириллович,лейтенант,6,46
Петров Павел Дмитриевич,рядовой,10,24
Михайлов Егор Михайлович,прапорщик,10,30
Козлов Никита Максимович,майор,6,34
Семёнов Артём Алексеевич,лейтенант,3,26
Кузнецов Иван Дмитриевич,прапорщик,7,57
Семёнов Дмитрий Романович,полковник,11,55
Захаров Олег Никитич,лейтенант,8,39
Захаров Павел Юрьевич,прапорщик,2,35
Николаев Павел Ильич,рядовой,5,36
Егоров Дмитрий Кириллович,полковник,12,35
Макаров Матвей Юрьевич,капитан,12,21
Смирнов Олег Дмитриевич,полковник,2,25
Соловьёв Денис Иванович,майор,4,44
Никитин Денис Романович,рядовой,7,46
Лебедев Роман Сергеевич,капитан,2,52
Попов Денис Викторович,полковник,11,54
Кузнецов Александр Павлович,рядовой,5,55
Лебедев Илья Иванович,лейтенант,1,24
Васильев Олег Иванович,капитан,6,50
Кузнецов Матвей Ильич,рядовой,5,20
Петров Константин Максимович,прапорщик,4,36
Петров Денис Романович,прапорщик,12,33
Фёдоров Дмитрий Кириллович,капитан,2,49
Макаров Егор Сергеевич,рядовой,12,60
Алексеев Артём Андреевич,рядовой,9,52
Козлов Юрий Павлович,полковник,1,43
Егоров Никита Юрьевич,прапорщик,8,34
Алексеев Никита Олегович,капитан,4,34
Попов Евгений Павлович,капитан,7,21
Козлов Илья Павлович,полковник,5,34
Сидоров Артём Олегович,майор,4,41
Андреев Егор Максимович,полковник,2,41
Кузнецов Матвей Дмитриевич,сержант,4,18
Морозов Константин Викторович,майор,11,38
Егоров Кирилл Викторович,лейтенант,9,46
Васильев Павел Сергеевич,капитан,2,22
Иванов Олег Викторович,полковник,5,39
Захаров Сергей Александрович,полковник,7,48
Семёнов Артём Викторович,полковник,1,28
Фёдоров Александр Павлович,сержант,6,43
Соколов Андрей Дмитриевич,полковник,3,53
Алексеев Алексей Александрович,рядовой,5,22
Алексеев Виктор Александрович,лейтенант,8,52
Иванов Иван Олегович,прапорщик,11,49
Петров Сергей Никитич,прапорщик,11,37
Попов Юрий Юрьевич,сержант,11,54
Фёдоров Юрий Юрьевич,капитан,2,26
Зайцев Юрий Павлович,рядовой,2,38
Лебедев Илья Олегович,майор,8,51
Новиков Денис Андреевич,капитан,4,58
Сидоров Роман Юрьевич,лейтенант,12,29
Николаев Денис Юрьевич,полковник,3,59
Борисов Илья Михайлович,майор,12,36
Степанов Артём Павлович,рядовой,10,27
Петров Илья Олегович,лейтенант,7,60
Смирнов Илья Олегович,майор,9,57
Захаров Денис Ильич,лейтенант,4,43
Морозов Никита Дмитриевич,капитан,6,55
Фёдоров Виктор Никитич,прапорщик,9,20
Алексеев Матвей Романович,полковник,2,27
Степанов Иван Никитич,рядовой,1,48
Сидоров Иван Андреевич,майор,11,39
Семёнов Иван Алексеевич,майор,3,53
Павлов Олег Александрович,майор,2,26
Макаров Андрей Андреевич,рядовой,8,22
Егоров Алексей Викторович,лейтенант,5,35
Андреев Евгений Максимович,прапорщик,8,60
Андреев Максим Алексеевич,сержант,11,35
Яковлев Иван Андреевич,рядовой,10,52
Козлов Егор Никитич,полковник,11,26
Новиков Денис Павлович,прапорщик,6,37
Смирнов Алексей Никитич,майор,3,56
Попов Евгений Сергеевич,майор,10,38
Борисов Сергей Викторович,лейтенант,3,23
Егоров Юрий Дмитриевич,прапорщик,8,49
Морозов Роман Романович,капитан,2,53
Смирнов Михаил Михайлович,капитан,10,26
Лебедев Матвей Романович,полковник,12,44
Новиков Сергей Михайлович,полковник,10,42
Фёдоров Артём Михайлович,майор,7,35
Зайцев Иван Кириллович,сержант,11,53
Андреев Илья Кириллович,майор,9,31
Зайцев Артём Романович,полковник,9,50
Михайлов Егор Кириллович,капитан,2,55
Соколов Михаил Иванович,капитан,7,30
Михайлов Константин Михайлович,майор,1,31
Михайлов Иван Алексеевич,лейтенант,11,20
Борисов Денис Андреевич,рядовой,5,43
Попов Алексей Максимович,лейтенант,4,35
Семёнов Максим Алексеевич,полковник,12,58
Николаев Денис Максимович,рядовой,12,37
Морозов Дмитрий Дмитриевич,прапорщик,8,59
Андреев Алексей Викторович,полковник,12,20
Степанов Константин Михайлович,полковник,3,34
Макаров Александр Ильич,капитан,8,49
Морозов Андрей Романович,прапорщик,4,32
Попов Никита Романович,прапорщик,6,46
Егоров Илья Викторович,капитан,2,27
Николаев Сергей Александрович,капитан,12,51
Егоров Иван Никитич,прапорщик,1,22
Борисов Илья Романович,рядовой,8,55
Зайцев Степан Юрьевич,майор,11,57
Степанов Иван Кириллович,лейтенант,5,40
Морозов Александр Михайлович,рядовой,2,34
Захаров Егор Иванович,капитан,10,58
Павлов Виктор Викторович,майор,5,44
Михайлов Виктор Олегович,капитан,7,39
Кузнецов Алексей Максимович,прапорщик,8,58
Захаров Константин Дмитриевич,майор,1,18
Соловьёв Максим Викторович,сержант,2,30
Сидоров Алексей Викторович,рядовой,1,43
Смирнов Денис Алексеевич,рядовой,2,55
Орлов Кирилл Андреевич,рядовой,2,23
Андреев Денис Сергеевич,прапорщик,7,54
Андреев Юрий Павлович,лейтенант,7,40
Андреев Евгений Михайлович,полковник,1,56
Кузнецов Егор Павлович,лейтенант,4,25
Попов Константин Юрьевич,капитан,3,49
Егоров Матвей Алексеевич,майор,2,31
Кузнецов Андрей Сергеевич,майор,4,41
Сидоров Алексей Никитич,сержант,7,26
Попов Иван Юрьевич,рядовой,5,29
Макаров Дмитрий Кириллович,лейтенант,3,40
Кузнецов Константин Максимович,полковник,3,33
Макаров Иван Павлович,майор,7,18
Новиков Денис Михайлович,майор,9,37
Захаров Денис Александрович,лейтенант,3,18
Лебедев Олег Романович,прапорщик,7,45
Николаев Александр Андреевич,прапорщик,8,24
Андреев Михаил Сергеевич,майор,6,40
Семёнов Андрей Никитич,полковник,7,20
Морозов Виктор Алексеевич,майор,12,52
Егоров Денис Кириллович,лейтенант,10,27
Яковлев Павел Юрьевич,рядовой,5,45
Соколов Никита Дмитриевич,капитан,11,55
Новиков Константин Олегович,рядовой,2,59
Орлов Евгений Юрьевич,сержант,10,58
Николаев Дмитрий Алексеевич,рядовой,6,53
Соколов Кирилл Максимович,сержант,10,40
Захаров Константин Михайлович,сержант,7,31
Петров Александр Сергеевич,капитан,11,35
Петров Артём Кириллович,капитан,4,56
Петров Александр Сергеевич,полковник,4,31
Кочергин Степан Викторович,полковник,1,43
Петров Егор Дмитриевич,лейтенант,10,59
Семёнов Денис Юрьевич,лейтенант,12,40
Яковлев Евгений Сергеевич,рядовой,9,52
Михайлов Матвей Ильич,лейтенант,10,24
Егоров Дмитрий Павлович,майор,8,34
Никитин Матвей Ильич,рядовой,11,40
Кочергин Дмитрий Иванович,майор,1,18
Морозов Алексей Михайлович,полковник,4,39
Яковлев Денис Никитич,рядовой,4,32
Новиков Роман Никитич,прапорщик,3,46
Морозов Константин Алексеевич,лейтенант,7,48
Кузнецов Максим Никитич,лейтенант,11,29
Новиков Александр Александрович,лейтенант,8,18
Смирнов Сергей Павлович,прапорщик,12,37
Орлов Денис Ильич,полковник,1,46
Васильев Михаил Александрович,лейтенант,1,19
Алексеев Илья Андреевич,лейтенант,6,57
Кузнецов Илья Михайлович,майор,7,50
Андреев Юрий Ильич,сержант,7,54
Новиков Виктор Максимович,полковник,3,60
Морозов Кирилл Алексеевич,капитан,2,29
Фёдоров Иван Андреевич,рядовой,3,30
Сидоров Илья Олегович,полковник,10,54
Павлов Евгений Павлович,полковник,12,29
Андреев Илья Алексеевич,полковник,6,59
Попов Евгений Максимович,полковник,3,33
Павлов Андрей Викторович,капитан,9,59
Захаров Степан Дмитриевич,прапорщик,8,29
Никитин Матвей Андреевич,рядовой,10,26
Алексеев Егор Иванович,прапорщик,3,21
Макаров Илья Никитич,лейтенант,12,50
Кочергин Артём Викторович,полковник,9,28
Соловьёв Алексей Никитич,сержант,6,22
Лебедев Никита Андреевич,рядовой,5,38
Захаров Егор Кириллович,полковник,10,34
Михайлов Александр Юрьевич,майор,9,36
Павлов Константин Ильич,полковник,8,30
Зайцев Кирилл Александрович,сержант,4,28
Иванов Егор Дмитриевич,полковник,12,59
Орлов Александр Ильич,лейтенант,11,45
Соловьёв Артём Юрьевич,капитан,10,43
Орлов Евгений Михайлович,прапорщик,10,54
Павлов Юрий Романович,полковник,7,50
Яковлев Илья Кириллович,прапорщик,6,19
Сидоров Андрей Александрович,капитан,4,25
Степанов Дмитрий Викторович,лейтенант,11,38
Орлов Егор Ильич,полковник,11,35
Васильев Евгений Павлович,полковник,11,47
Козлов Егор Алексеевич,капитан,11,20
Захаров Константин Дмитриевич,сержант,12,41
Зайцев Алексей Викторович,лейтенант,10,60
Кочергин Максим Олегович,майор,3,35
Сидоров Максим Олегович,лейтенант,3,27
Смирнов Степан Олегович,лейтенант,11,24
Семёнов Дмитрий Ильич,лейтенант,2,28
Фёдоров Егор Никитич,майор,10,59
Захаров Денис Викторович,прапорщик,9,51
Фёдоров Иван Ильич,сержант,5,22
Соловьёв Артём Олегович,майор,4,23
Алексеев Денис Ильич,лейтенант,4,60
Козлов Максим Алексеевич,майор,8,41
Попов Кирилл Алексеевич,полковник,12,48
Михайлов Денис Викторович,прапорщик,9,56
Лебедев Евгений Никитич,капитан,12,27
Фёдоров Сергей Романович,рядовой,11,48
Андреев Михаил Романович,майор,11,43
Смирнов Дмитрий Юрьевич,капитан,8,27
Лебедев Олег Никитич,капитан,7,37
Лебедев Максим Михайлович,сержант,2,59
Макаров Виктор Иванович,прапорщик,2,35
Сидоров Никита Викторович,лейтенант,1,35
Михайлов Роман Дмитриевич,капитан,1,54
Попов Егор Викторович,рядовой,4,56
Орлов Иван Александрович,сержант,12,50
Михайлов Артём Алексеевич,сержант,11,23
Сидоров Артём Юрьевич,рядовой,6,39
Новиков Дмитрий Иванович,капитан,11,51
Сидоров Денис Никитич,прапорщик,3,39
Новиков Кирилл Алексеевич,майор,3,58
Новиков Степан Романович,капитан,4,52
Макаров Евгений Дмитриевич,лейтенант,11,18
Соловьёв Кирилл Павлович,майор,4,25
Соловьёв Максим Сергеевич,рядовой,9,56
Зайцев Андрей Павлович,прапорщик,12,51
Зайцев Юрий Юрьевич,рядовой,2,21
Никитин Максим Алексеевич,майор,11,54
Павлов Никита Александрович,рядовой,4,27
Андреев Константин Викторович,капитан,8,48
Орлов Дмитрий Сергеевич,капитан,10,36
Попов Никита Михайлович,капитан,8,32
Михайлов Дмитрий Романович,прапорщик,10,54
Фёдоров Виктор Ильич,майор,5,25
Фёдоров Евгений Михайлович,полковник,3,24
Петров Александр Дмитриевич,капитан,12,18
Фёдоров Никита Никитич,майор,4,51
Никитин Иван Сергеевич,лейтенант,6,24
Зайцев Юрий Романович,полковник,2,22
Кузнецов Виктор Алексеевич,майор,6,24
Никитин Алексей Викторович,прапорщик,3,58
Павлов Александр Максимович,полковник,7,57
Яковлев Алексей Александрович,рядовой,12,48
Морозов Юрий Иванович,рядовой,7,45
Яковлев Никита Ильич,сержант,9,60
Николаев Павел Ильич,полковник,5,34
Иванов Юрий Андреевич,майор,7,26
Козлов Матвей Юрьевич,прапорщик,4,49
Новиков Роман Павлович,капитан,8,38
Смирнов Александр Иванович,майор,11,37
Новиков Матвей Иванович,лейтенант,4,35
Козлов Михаил Павлович,полковник,4,58
Морозов Максим Викторович,капитан,7,32
Сидоров Никита Александрович,сержант,4,55
Макаров Максим Иванович,капитан,1,26
Андреев Виктор Павлович,лейтенант,6,40
Захаров Алексей Михайлович,рядовой,2,28
Никитин Денис Викторович,капитан,12,22
Зайцев Егор Максимович,полковник,12,46
Семёнов Виктор Сергеевич,прапорщик,8,21
Кочергин Михаил Кириллович,майор,5,21
Сидоров Алексей Дмитриевич,сержант,10,35
Кузнецов Александр Сергеевич,лейтенант,10,25
Кочергин Артём Максимович,майор,10,49
Борисов Алексей Дмитриевич,полковник,7,26
Кузнецов Иван Иванович,лейтенант,11,31
Лебедев Олег Юрьевич,капитан,1,28
Николаев Павел Юрьевич,капитан,5,52
Попов Юрий Викторович,полковник,12,32
Яковлев Юрий Кириллович,рядовой,1,23
Соловьёв Матвей Ильич,сержант,11,58
Зайцев Константин Максимович,рядовой,4,34
Петров Дмитрий Романович,прапорщик,7,19
Семёнов Виктор Романович,лейтенант,10,23
Степанов Виктор Кириллович,рядовой,2,35
Иванов Виктор Ильич,лейтенант,1,21
Михайлов Роман Кириллович,сержант,1,51
Смирнов Иван Андреевич,прапорщик,1,39
Егоров Андрей Максимович,лейтенант,11,21
Алексеев Максим Романович,прапорщик,7,54
Павлов Сергей Иванович,сержант,10,30
Иванов Олег Викторович,сержант,10,41
Иванов Алексей Юрьевич,лейтенант,3,39
Лебедев Степан Викторович,майор,6,45
Иванов Виктор Андреевич,капитан,11,41
Николаев Артём Юрьевич,лейтенант,7,55
Егоров Константин Иванович,полковник,10,23
Яковлев Никита Юрьевич,полковник,11,58
Петров Илья Алексеевич,майор,8,24
Смирнов Константин Дмитриевич,капитан,3,56
Орлов Кирилл Сергеевич,сержант,12,56
Яковлев Роман Викторович,прапорщик,2,44
Иванов Александр Алексеевич,рядовой,1,25
Степанов Кирилл Романович,прапорщик,9,22
Фёдоров Артём Викторович,майор,2,57
Васильев Максим Дмитриевич,рядовой,3,54
Морозов Александр Ильич,прапорщик,5,27
Орлов Матвей Олегович,майор,7,37
Соколов Степан Дмитриевич,прапорщик,12,34
Попов Константин Никитич,лейтенант,5,55
Смирнов Андрей Дмитриевич,прапорщик,7,58
Семёнов Дмитрий Никитич,сержант,7,45
Михайлов Виктор Сергеевич,прапорщик,7,56
Соколов Виктор Кириллович,капитан,1,54
Семёнов Максим Ильич,полковник,11,36
Фёдоров Михаил Михайлович,рядовой,10,52
Алексеев Михаил Сергеевич,полковник,1,33
Козлов Кирилл Максимович,капитан,12,38
Степанов Артём Иванович,майор,5,24
Иванов Дмитрий Олегович,капитан,9,38
Николаев Евгений Ильич,лейтенант,10,47
Кузнецов Павел Дмитриевич,майор,7,37
Васильев Константин Алексеевич,сержант,12,29
Морозов Илья Романович,лейтенант,9,41
Яковлев Артём Романович,рядовой,4,43
Смирнов Иван Дмитриевич,полковник,4,43
Макаров Юрий Кириллович,рядовой,12,18
Лебедев Евгений Сергеевич,прапорщик,1,34
Зайцев Роман Сергеевич,майор,6,33
Козлов Иван Павлович,лейтенант,4,51
Яковлев Кирилл Ильич,майор,5,31
Морозов Степан Викторович,сержант,2,48
Козлов Кирилл Викторович,сержант,6,57
Соколов Артём Кириллович,майор,11,59
Лебедев Роман Никитич,капитан,8,36
Егоров Андрей Дмитриевич,майор,4,59
Попов Олег Романович,майор,8,42
Павлов Иван Юрьевич,лейтенант,12,54
Семёнов Матвей Александрович,сержант,1,54
Попов Олег Андреевич,прапорщик,10,31
Козлов Сергей Иванович,капитан,12,40
Петров Степан Кириллович,прапорщик,12,45
Кузнецов Андрей Дмитриевич,майор,5,23
Яковлев Иван Юрьевич,прапорщик,5,53
Попов Константин Иванович,рядовой,6,40
Петров Артём Юрьевич,полковник,12,49
Степанов Олег Алексеевич,майор,7,54
Алексеев Олег Максимович,рядовой,12,20
Яковлев Алексей Дмитриевич,полковник,2,45
Иванов Степан Александрович,сержант,2,32
Кочергин Денис Дмитриевич,сержант,7,60
Николаев Матвей Максимович,лейтенант,2,43
Никитин Дмитрий Алексеевич,рядовой,1,46
Семёнов Матвей Сергеевич,капитан,5,58
Кочергин Матвей Ильич,полковник,3,30
Кочергин Виктор Дмитриевич,сержант,3,42
Кузнецов Константин Юрьевич,майор,9,40
Семёнов Евгений Ильич,капитан,3,19
Васильев Михаил Ильич,прапорщик,9,25
Николаев Сергей Михайлович,сержант,5,58
Егоров Никита Павлович,рядовой,6,59
Захаров Артём Максимович,полковник,6,47
Андреев Евгений Олегович,капитан,5,54
Сидоров Артём Ильич,рядовой,7,32
Новиков Артём Викторович,прапорщик,7,23
Кузнецов Олег Ильич,лейтенант,6,36
Кузнецов Степан Дмитриевич,майор,5,23
Кочергин Павел Иванович,лейтенант,1,40
Фёдоров Кирилл Иванович,прапорщик,7,59
Кочергин Иван Михайлович,капитан,10,52
Алексеев Артём Максимович,полковник,4,53
Попов Никита Дмитриевич,лейтенант,1,26
Соколов Максим Кириллович,майор,2,20
Орлов Артём Иванович,майор,11,57
Степанов Роман Дмитриевич,прапорщик,9,42
Соколов Олег Михайлович,капитан,11,28
Петров Сергей Павлович,полковник,10,31
Захаров Константин Максимович,лейтенант,5,28
Захаров Никита Никитич,майор,6,47
Захаров Алексей Иванович,капитан,12,41
Никитин Алексей Сергеевич,лейтенант,7,32
Фёдоров Константин Викторович,рядовой,11,30
Морозов Степан Юрьевич,капитан,1,40
Соколов Евгений Олегович,полковник,3,18
Михайлов Кирилл Андреевич,капитан,9,35
Смирнов Илья Викторович,полковник,12,46
Петров Андрей Павлович,лейтенант,2,23
Лебедев Павел Александрович,полковник,8,45
Смирнов Юрий Андреевич,полковник,12,46
Егоров Алексей Максимович,полковник,3,45
Петров Евгений Олегович,полковник,2,32
Степанов Артём Кириллович,полковник,7,32
Козлов Степан Кириллович,полковник,6,26
Яковлев Максим Сергеевич,рядовой,4,27
Семёнов Максим Алексеевич,майор,7,53
Кочергин Артём Михайлович,лейтенант,2,45
Никитин Кирилл Дмитриевич,прапорщик,10,55
Яковлев Сергей Андреевич,рядовой,9,18
Алексеев Степан Иванович,лейтенант,7,21
Новиков Артём Александрович,майор,9,40
Иванов Степан Викторович,лейтенант,9,20
Смирнов Роман Романович,прапорщик,4,47
Новиков Максим Александрович,майор,12,31
Никитин Илья Кириллович,сержант,8,27
Соколов Иван Дмитриевич,сержант,7,20
Козлов Константин Алексеевич,полковник,4,60
Михайлов Олег Сергеевич,прапорщик,5,52
Лебедев Виктор Никитич,сержант,12,55
Иванов Артём Викторович,полковник,10,35
Кузнецов Егор Сергеевич,полковник,7,21
Борисов Олег Максимович,прапорщик,3,56
Захаров Матвей Дмитриевич,капитан,10,60
Алексеев Сергей Андреевич,сержант,12,39
Яковлев Олег Ильич,прапорщик,4,50
Морозов Михаил Юрьевич,рядовой,5,27
Морозов Илья Иванович,прапорщик,12,60
Морозов Роман Романович,рядовой,9,44
Лебедев Андрей Андреевич,лейтенант,7,45
Михайлов Никита Юрьевич,лейтенант,3,20
Попов Матвей Максимович,прапорщик,10,58
Яковлев Алексей Павлович,лейтенант,12,55
Новиков Александр Андреевич,полковник,7,35
Яковлев Сергей Александрович,капитан,7,58
Смирнов Михаил Алексеевич,лейтенант,11,37
Кочергин Никита Павлович,сержант,2,41
Алексеев Виктор Максимович,майор,12,49
Алексеев Максим Алексеевич,прапорщик,5,48
Попов Егор Никитич,капитан,9,23
Васильев Денис Дмитриевич,майор,5,35
Михайлов Михаил Павлович,лейтенант,12,41
Фёдоров Олег Павлович,капитан,9,26
Захаров Алексей Иванович,рядовой,1,25
Соколов Олег Михайлович,полковник,6,35
Яковлев Михаил Никитич,рядовой,2,41
Михайлов Виктор Викторович,лейтенант,4,27
Яковлев Павел Александрович,сержант,3,21
Михайлов Павел Алексеевич,майор,11,48
Васильев Денис Александрович,полковник,8,19
Соколов Евгений Максимович,капитан,12,30
Борисов Иван Александрович,рядовой,4,39
Новиков Михаил Романович,прапорщик,9,29
Петров Андрей Никитич,капитан,3,48
Попов Алексей Никитич,рядовой,1,39
Козлов Сергей Олегович,капитан,12,35
Яковлев Дмитрий Дмитриевич,сержант,8,42
Михайлов Егор Сергеевич,прапорщик,9,59
Егоров Степан Викторович,капитан,9,34
Козлов Сергей Алексеевич,капитан,4,36
Васильев Александр Викторович,сержант,8,43
Борисов Никита Павлович,полковник,3,23
Николаев Иван Викторович,рядовой,10,21
Соколов Александр Сергеевич,майор,2,37
Захаров Сергей Максимович,лейтенант,9,55
Морозов Максим Юрьевич,лейтенант,10,32
Иванов Дмитрий Юрьевич,рядовой,8,44
Макаров Олег Романович,сержант,2,26
Лебедев Андрей Михайлович,прапорщик,3,54
Козлов Матвей Алексеевич,майор,2,22
Михайлов Егор Кириллович,полковник,11,24
Кузнецов Павел Кириллович,сержант,4,59
Соловьёв Максим Михайлович,прапорщик,3,54
Козлов Денис Романович,сержант,12,53
Егоров Константин Максимович,полковник,5,53
Сидоров Роман Михайлович,капитан,8,34
Макаров Кирилл Юрьевич,прапорщик,3,38
Сидоров Денис Михайлович,лейтенант,8,31
Морозов Константин Кириллович,прапорщик,5,47
Павлов Егор Александрович,прапорщик,5,18
Соколов Роман Никитич,сержант,10,60
Михайлов Андрей Ильич,прапорщик,10,25
Макаров Иван Андреевич,полковник,12,40
Семёнов Роман Никитич,прапорщик,7,43
Морозов Константин Никитич,сержант,7,34
Степанов Павел Андреевич,рядовой,11,56
Михайлов Юрий Александрович,майор,6,55
Сидоров Александр Павлович,прапорщик,7,34
Иванов Роман Романович,лейтенант,5,47
Иванов Павел Сергеевич,рядовой,12,29
Кузнецов Александр Кириллович,сержант,8,32
Захаров Виктор Дмитриевич,капитан,1,50
Козлов Константин Александрович,майор,6,36
Петров Артём Ильич,прапорщик,10,50
Андреев Максим Максимович,сержант,6,24
Фёдоров Михаил Александрович,прапорщик,12,49
Лебедев Михаил Павлович,капитан,7,29
Морозов Виктор Дмитриевич,полковник,12,22
Петров Сергей Максимович,полковник,2,53
Иванов Никита Михайлович,капитан,11,35
Семёнов Михаил Кириллович,лейтенант,1,57
Сидоров Матвей Михайлович,рядовой,9,48
Кочергин Илья Михайлович,майор,10,48
Николаев Кирилл Юрьевич,рядовой,12,40
Соколов Олег Ильич,сержант,1,22
Попов Андрей Максимович,прапорщик,3,22
Павлов Роман Александрович,сержант,3,36
Морозов Илья Сергеевич,капитан,9,23
Семёнов Алексей Ильич,лейтенант,7,23
Кочергин Юрий Дмитриевич,майор,6,29
Яковлев Дмитрий Олегович,лейтенант,4,26
Васильев Виктор Андреевич,рядовой,8,52
Зайцев Евгений Михайлович,сержант,1,19
Захаров Виктор Сергеевич,рядовой,11,42
Новиков Роман Романович,лейтенант,8,20
Павлов Максим Романович,рядовой,8,26
Захаров Александр Александрович,капитан,2,39
Семёнов Максим Александрович,лейтенант,1,40
Кочергин Илья Олегович,рядовой,11,39
Алексеев Константин Олегович,полковник,8,28
Лебедев Виктор Павлович,сержант,1,30
Орлов Сергей Ильич,майор,5,31
Яковлев Степан Павлович,майор,4,19
Михайлов Михаил Сергеевич,рядовой,8,59
Егоров Илья Викторович,капитан,5,34
Иванов Виктор Максимович,прапорщик,4,44
Захаров Александр Александрович,рядовой,3,44
Кочергин Роман Дмитриевич,полковник,11,59
Михайлов Иван Дмитриевич,прапорщик,8,23
Макаров Денис Сергеевич,прапорщик,4,32
Кузнецов Максим Андреевич,полковник,1,37
Захаров Михаил Иванович,полковник,5,45
Попов Егор Павлович,майор,4,33
Иванов Роман Кириллович,полковник,5,28
Борисов Никита Михайлович,полковник,10,50
Петров Артём Романович,рядовой,3,28
Андреев Константин Алексеевич,сержант,3,46
Зайцев Илья Юрьевич,сержант,1,28
Петров Илья Алексеевич,лейтенант,12,44
Иванов Иван Кириллович,лейтенант,1,38
Фёдоров Денис Олегович,майор,5,27
Иванов Денис Дмитриевич,капитан,3,24
Лебедев Матвей Павлович,рядовой,3,37
Андреев Константин Андреевич,прапорщик,6,60
Яковлев Степан Олегович,рядовой,7,20
Михайлов Олег Юрьевич,сержант,4,56
Кочергин Максим Никитич,полковник,10,46
Павлов Сергей Олегович,рядовой,2,25
Морозов Алексей Иванович,полковник,11,57
Степанов Михаил Максимович,сержант,4,55
Яковлев Андрей Максимович,прапорщик,8,26
Морозов Денис Иванович,прапорщик,5,28
Новиков Степан Максимович,сержант,4,58
Зайцев Юрий Олегович,прапорщик,4,60
Кочергин Никита Павлович,прапорщик,9,38
Морозов Андрей Иванович,капитан,2,29
Орлов Евгений Андреевич,полковник,3,34
Смирнов Сергей Павлович,прапорщик,3,35
Лебедев Денис Кириллович,прапорщик,1,43
Никитин Олег Михайлович,лейтенант,11,33
Николаев Иван Андреевич,полковник,2,32
Лебедев Артём Викторович,рядовой,3,47
Соколов Максим Олегович,рядовой,2,31
Кочергин Алексей Иванович,сержант,6,38
Алексеев Матвей Дмитриевич,прапорщик,11,30
Орлов Максим Павлович,рядовой,3,43
Сидоров Роман Ильич,капитан,3,55
Захаров Артём Максимович,лейтенант,3,18
Яковлев Илья Никитич,майор,4,52
Павлов Павел Александрович,рядовой,11,54
Лебедев Никита Ильич,сержант,9,35
Кузнецов Павел Иванович,рядовой,11,55
Зайцев Илья Андреевич,полковник,6,44
Соловьёв Константин Иванович,майор,7,44
Соловьёв Сергей Сергеевич,прапорщик,8,46
Захаров Алексей Кириллович,полковник,8,30
Яковлев Юрий Иванович,прапорщик,9,36
Яковлев Александр Ильич,полковник,6,27
Васильев Степан Иванович,прапорщик,6,42
Кузнецов Артём Иванович,лейтенант,3,54
Соколов Матвей Кириллович,рядовой,10,27
Зайцев Павел Дмитриевич,полковник,9,29
Соколов Максим Сергеевич,прапорщик,6,18
Соловьёв Константин Алексеевич,полковник,11,52
Морозов Роман Алексеевич,майор,2,31
Лебедев Максим Александрович,лейтенант,12,51
Макаров Андрей Олегович,прапорщик,7,23
Кочергин Олег Ильич,лейтенант,12,30
Семёнов Степан Андреевич,прапорщик,11,49
Степанов Илья Дмитриевич,капитан,1,19
Кочергин Иван Олегович,рядовой,7,44
Соколов Илья Романович,майор,2,36
Кочергин Дмитрий Кириллович,лейтенант,10,29
Лебедев Евгений Юрьевич,капитан,5,48
Морозов Константин Дмитриевич,полковник,12,49
Морозов Денис Андреевич,прапорщик,11,18
Новиков Матвей Романович,рядовой,5,56
Новиков Степан Юрьевич,сержант,5,25
Кузнецов Сергей Кириллович,лейтенант,10,26
Николаев Дмитрий Юрьевич,рядовой,7,57
Сидоров Евгений Павлович,лейтенант,5,33
Фёдоров Михаил Олегович,рядовой,5,31
Зайцев Матвей Павлович,прапорщик,5,57
Кочергин Матвей Максимович,лейтенант,12,37
Егоров Евгений Ильич,лейтенант,11,42
Никитин Александр Кириллович,лейтенант,2,24
Васильев Михаил Олегович,сержант,1,35
Кочергин Кирилл Андреевич,капитан,9,40
Павлов Андрей Иванович,капитан,5,27
Захаров Александр Кириллович,капитан,2,31
Михайлов Александр Алексеевич,рядовой,6,57
Иванов Кирилл Сергеевич,рядовой,7,45
Семёнов Сергей Юрьевич,сержант,10,40
Васильев Роман Олегович,лейтенант,1,34
Новиков Степан Алексеевич,лейтенант,8,38
Никитин Кирилл Максимович,капитан,3,48
Петров Юрий Дмитриевич,лейтенант,7,38
Фёдоров Евгений Ильич,капитан,4,48
Козлов Андрей Викторович,прапорщик,7,35
Михайлов Иван Иванович,полковник,10,52
Иванов Евгений Дмитриевич,лейтенант,2,39
Васильев Михаил Викторович,прапорщик,4,25
Соколов Павел Юрьевич,полковник,6,23
Соколов Сергей Никитич,сержант,10,40
Кочергин Олег Юрьевич,лейтенант,9,36
Николаев Дмитрий Максимович,прапорщик,3,57
Орлов Денис Дмитриевич,сержант,12,47
Сидоров Денис Викторович,прапорщик,9,38
Борисов Иван Романович,сержант,9,21
Васильев Михаил Павлович,майор,6,47
Петров Юрий Олегович,рядовой,3,56
Фёдоров Александр Ильич,прапорщик,8,37
Сидоров Максим Олегович,полковник,11,49
Попов Сергей Викторович,лейтенант,2,37
Новиков Никита Олегович,сержант,4,46
Михайлов Егор Алексеевич,прапорщик,8,20
Зайцев Илья Ильич,прапорщик,8,39
Зайцев Илья Ильич,сержант,12,24
Сидоров Павел Андреевич,полковник,4,36
Новиков Кирилл Иванович,лейтенант,11,23
Николаев Матвей Никитич,рядовой,7,56
Иванов Юрий Иванович,капитан,6,35
Соколов Кирилл Павлович,капитан,10,29
Никитин Максим Олегович,майор,2,50
Николаев Кирилл Дмитриевич,сержант,2,24
Морозов Матвей Иванович,полковник,3,40
Лебедев Матвей Романович,майор,2,56
Кочергин Иван Сергеевич,рядовой,2,37
Соловьёв Никита Михайлович,рядовой,11,50
Семёнов Иван Андреевич,прапорщик,10,21
Егоров Александр Викторович,прапорщик,5,27
Семёнов Максим Олегович,лейтенант,1,59
Михайлов Дмитрий Романович,полковник,12,52
Никитин Илья Юрьевич,лейтенант,5,42
Егоров Андрей Сергеевич,полковник,3,58
Кузнецов Роман Сергеевич,капитан,7,54
Смирнов Степан Викторович,майор,4,47
Егоров Олег Иванович,капитан,9,27
Васильев Михаил Юрьевич,полковник,6,48
Степанов Роман Иванович,полковник,2,38
Андреев Алексей Кириллович,майор,4,28
Андреев Виктор Иванович,лейтенант,4,53
Михайлов Михаил Дмитриевич,капитан,2,24
Морозов Денис Никитич,полковник,1,43
Николаев Александр Викторович,сержант,10,44
Иванов Дмитрий Викторович,полковник,8,27
Яковлев Артём Романович,прапорщик,1,49
Макаров Егор Олегович,майор,12,43
Новиков Павел Никитич,лейтенант,6,33
Егоров Павел Романович,прапорщик,1,34
Павлов Константин Сергеевич,рядовой,8,60
Степанов Дмитрий Юрьевич,сержант,7,55
Яковлев Михаил Ильич,полковник,8,27
Никитин Илья Михайлович,полковник,3,57
Орлов Степан Викторович,полковник,5,34
Попов Никита Алексеевич,рядовой,1,51
Макаров Артём Михайлович,прапорщик,7,49
Соловьёв Дмитрий Андреевич,сержант,6,25
Кузнецов Михаил Михайлович,капитан,6,24
Кузнецов Михаил Дмитриевич,прапорщик,12,57
Кочергин Максим Сергеевич,лейтенант,6,22
Андреев Дмитрий Кириллович,капитан,10,56
Егоров Александр Дмитриевич,рядовой,1,43
Козлов Егор Викторович,рядовой,11,33
Козлов Максим Олегович,рядовой,9,51
Борисов Евгений Никитич,лейтенант,3,32
Кузнецов Михаил Павлович,полковник,9,35
Михайлов Павел Викторович,прапорщик,7,45
Орлов Андрей Сергеевич,рядовой,1,41
Николаев Никита Павлович,лейтенант,12,48
Попов Дмитрий Александрович,капитан,8,60
Сидоров Егор Павлович,полковник,9,39
Морозов Олег Максимович,рядовой,11,37
Сидоров Михаил Романович,полковник,9,50
Николаев Алексей Максимович,прапорщик,12,50
Зайцев Степан Викторович,прапорщик,6,21
Борисов Александр Олегович,сержант,3,25
Фёдоров Александр Михайлович,лейтенант,7,18
Смирнов Роман Кириллович,полковник,4,40
Иванов Павел Алексеевич,майор,7,45
Попов Артём Алексеевич,лейтенант,7,59
Степанов Дмитрий Кириллович,капитан,1,48
Степанов Егор Сергеевич,лейтенант,1,27
Яковлев Константин Кириллович,рядовой,5,45
Морозов Егор Алексеевич,прапорщик,9,47
Михайлов Артём Олегович,лейтенант,9,60
Сидоров Олег Викторович,капитан,4,46
Васильев Андрей Алексеевич,полковник,1,39
Лебедев Олег Викторович,майор,7,44
Андреев Дмитрий Михайлович,рядовой,10,24
Семёнов Олег Дмитриевич,капитан,1,35
Николаев Артём Романович,прапорщик,10,33
Лебедев Максим Романович,лейтенант,3,52
Никитин Кирилл Иванович,рядовой,8,30
Сидоров Роман Дмитриевич,лейтенант,5,53
Павлов Олег Алексеевич,капитан,5,21
Сидоров Денис Романович,прапорщик,12,36
Семёнов Павел Павлович,сержант,3,57
Захаров Иван Кириллович,полковник,2,44
Козлов Константин Алексеевич,сержант,7,19
Андреев Сергей Максимович,рядовой,7,25
Борисов Иван Александрович,сержант,4,60
Новиков Павел Олегович,сержант,7,22
Егоров Павел Александрович,прапорщик,5,39
Никитин Виктор Михайлович,полковник,7,50
Орлов Иван Юрьевич,сержант,12,59
Борисов Сергей Олегович,капитан,11,20
Соловьёв Матвей Александрович,рядовой,6,44
Васильев Артём Юрьевич,рядовой,5,38
Макаров Андрей Павлович,лейтенант,10,41
Макаров Александр Александрович,майор,11,37
Зайцев Андрей Юрьевич,сержант,6,35
Соловьёв Александр Андреевич,полковник,5,39
Яковлев Юрий Никитич,капитан,1,39
Яковлев Михаил Кириллович,прапорщик,4,43
Никитин Дмитрий Александрович,полковник,11,27
Зайцев Максим Викторович,полковник,11,32
Соколов Константин Максимович,прапорщик,3,40
Яковлев Александр Кириллович,прапорщик,1,42
Васильев Андрей Иванович,капитан,1,49
Козлов Павел Павлович,майор,3,36
Соколов Олег Сергеевич,прапорщик,12,57
Васильев Денис Викторович,полковник,5,25
Новиков Виктор Павлович,капитан,8,29
Степанов Артём Кириллович,рядовой,12,34
Соколов Александр Иванович,майор,9,42
Новиков Дмитрий Павлович,полковник,1,60
Семёнов Павел Алексеевич,майор,4,57
Кузнецов Максим Андреевич,капитан,5,40
Соколов Константин Олегович,полковник,8,20
Макаров Матвей Иванович,полковник,2,22
Захаров Дмитрий Алексеевич,полковник,2,19
Петров Олег Сергеевич,прапорщик,4,23
Фёдоров Денис Алексеевич,прапорщик,2,20
Павлов Денис Андреевич,полковник,3,45
Соколов Александр Викторович,лейтенант,1,21
Соколов Андрей Сергеевич,полковник,8,24
Михайлов Степан Кириллович,майор,1,31
Морозов Роман Сергеевич,лейтенант,6,39
Яковлев Виктор Викторович,рядовой,10,46
Козлов Денис Андреевич,капитан,8,36
Алексеев Денис Максимович,капитан,4,19
Козлов Михаил Олегович,прапорщик,9,32
Сидоров Илья Дмитриевич,рядовой,6,59
Попов Кирилл Ильич,полковник,9,34
Новиков Олег Павлович,рядовой,9,54
Никитин Илья Максимович,лейтенант,2,42
Орлов Артём Александрович,лейтенант,10,42
Степанов Роман Юрьевич,сержант,7,33
Сидоров Максим Максимович,лейтенант,2,27
Иванов Михаил Кириллович,сержант,7,23
Лебедев Евгений Ильич,рядовой,6,29
Морозов Константин Сергеевич,сержант,10,47
Макаров Максим Дмитриевич,прапорщик,2,18
Орлов Алексей Юрьевич,прапорщик,6,43
Соколов Сергей Дмитриевич,лейтенант,8,34
Семёнов Виктор Кириллович,сержант,3,27
Фёдоров Дмитрий Олегович,майор,1,46
Борисов Илья Павлович,лейтенант,3,32
Иванов Денис Дмитриевич,капитан,6,60
Егоров Степан Олегович,прапорщик,6,43
Кузнецов Артём Дмитриевич,капитан,2,27
Кузнецов Матвей Михайлович,майор,6,48
Козлов Дмитрий Кириллович,прапорщик,11,24
Смирнов Александр Юрьевич,рядовой,11,29
Попов Денис Михайлович,прапорщик,3,30
Смирнов Дмитрий Кириллович,прапорщик,12,38
Николаев Павел Александрович,майор,9,51
Сидоров Максим Алексеевич,капитан,2,25
Михайлов Андрей Александрович,сержант,3,53
Михайлов Илья Викторович,полковник,3,53
Кочергин Виктор Михайлович,полковник,3,33
Кочергин Павел Сергеевич,сержант,12,20
Алексеев Константин Кириллович,майор,12,54
Кузнецов Дмитрий Дмитриевич,майор,2,44
Попов Андрей Сергеевич,сержант,6,46
Никитин Сергей Сергеевич,сержант,7,24
Соловьёв Роман Ильич,майор,9,37
Егоров Денис Сергеевич,майор,4,37
Васильев Алексей Викторович,лейтенант,9,47
Смирнов Никита Иванович,лейтенант,9,58
Кузнецов Илья Олегович,майор,6,52
Соловьёв Александр Михайлович,полковник,5,58
Макаров Илья Дмитриевич,рядовой,8,44
Морозов Кирилл Иванович,майор,5,59
Морозов Андрей Иванович,рядовой,4,40
Андреев Александр Ильич,сержант,10,58
Кузнецов Иван Александрович,прапорщик,1,29
Лебедев Евгений Ильич,майор,11,44
Попов Иван Алексеевич,капитан,2,45
Степанов Андрей Михайлович,рядовой,8,58
Степанов Александр Михайлович,майор,9,51
Зайцев Константин Максимович,капитан,4,41
Фёдоров Иван Андреевич,рядовой,3,30
Васильев Дмитрий Юрьевич,рядовой,10,35
Захаров Максим Кириллович,рядовой,11,58
Иванов Егор Максимович,капитан,7,32
Степанов Юрий Дмитриевич,капитан,10,52
Борисов Виктор Иванович,прапорщик,4,29
Михайлов Максим Андреевич,прапорщик,10,46
Петров Дмитрий Кириллович,сержант,1,24
Васильев Андрей Никитич,капитан,6,46
Иванов Артём Павлович,лейтенант,3,49
Кузнецов Олег Андреевич,полковник,8,32
Егоров Денис Никитич,рядовой,10,27
Васильев Дмитрий Ильич,полковник,5,53
Сидоров Константин Максимович,капитан,4,32
Соловьёв Юрий Андреевич,полковник,12,49
Кочергин Алексей Сергеевич,рядовой,8,23
Сидоров Михаил Никитич,прапорщик,1,28
Соколов Максим Никитич,полковник,12,45
Морозов Олег Никитич,прапорщик,7,58
Сидоров Олег Юрьевич,лейтенант,8,48
Захаров Артём Кириллович,рядовой,6,27
Кочергин Илья Дмитриевич,рядовой,6,23
Алексеев Сергей Иванович,сержант,12,35
Степанов Егор Дмитриевич,лейтенант,12,57
Лебедев Алексей Андреевич,рядовой,8,41
Смирнов Денис Кириллович,полковник,7,59
Егоров Андрей Юрьевич,рядовой,10,40
Степанов Дмитрий Максимович,капитан,4,46
Алексеев Сергей Алексеевич,лейтенант,9,34
Борисов Алексей Максимович,рядовой,3,22
Фёдоров Михаил Юрьевич,капитан,6,24
Орлов Сергей Олегович,сержант,5,25
Николаев Максим Кириллович,прапорщик,6,24
Кузнецов Павел Михайлович,сержант,2,52
Смирнов Андрей Романович,сержант,11,33
Зайцев Сергей Юрьевич,рядовой,10,35
Козлов Сергей Александрович,лейтенант,12,42
Егоров Иван Максимович,капитан,2,40
Никитин Евгений Алексеевич,прапорщик,1,29
Борисов Роман Михайлович,майор,9,55
Иванов Илья Романович,лейтенант,5,57
Орлов Александр Сергеевич,рядовой,9,42
Николаев Матвей Сергеевич,прапорщик,4,21
Зайцев Виктор Викторович,рядовой,2,33
Фёдоров Матвей Павлович,полковник,8,56
Орлов Андрей Сергеевич,полковник,9,30
Степанов Денис Романович,капитан,6,47
Никитин Михаил Сергеевич,лейтенант,1,25
Егоров Илья Никитич,капитан,10,60
Николаев Александр Викторович,лейтенант,4,29
Павлов Артём Алексеевич,сержант,1,55
Соколов Артём Дмитриевич,капитан,1,60
Сидоров Кирилл Романович,полковник,1,19
Соколов Илья Никитич,майор,12,18
Козлов Илья Викторович,рядовой,11,39
Кузнецов Артём Юрьевич,прапорщик,4,31
Смирнов Дмитрий Иванович,полковник,11,45
Захаров Алексей Алексеевич,рядовой,12,18
Степанов Юрий Кириллович,майор,3,57
Иванов Денис Михайлович,лейтенант,8,34
Фёдоров Виктор Юрьевич,лейтенант,5,31
Новиков Артём Андреевич,прапорщик,7,56
Морозов Матвей Андреевич,сержант,7,40
Захаров Иван Викторович,рядовой,3,29
Васильев Денис Максимович,майор,8,36
Петров Константин Андреевич,полковник,6,53
Степанов Егор Иванович,рядовой,9,34
Егоров Сергей Викторович,прапорщик,4,56
Попов Дмитрий Павлович,рядовой,3,43
Морозов Павел Олегович,прапорщик,8,47
Семёнов Павел Романович,рядовой,5,21
Степанов Олег Павлович,рядовой,10,44
Соловьёв Артём Кириллович,прапорщик,7,24
Иванов Александр Алексеевич,лейтенант,10,56
Морозов Артём Романович,прапорщик,1,28
Яковлев Виктор Максимович,полковник,6,18
Иванов Никита Иванович,сержант,9,50
Яковлев Олег Андреевич,полковник,4,23
Яковлев Юрий Иванович,майор,6,39
Лебедев Константин Михайлович,лейтенант,4,29
Яковлев Павел Викторович,рядовой,9,24
Иванов Сергей Иванович,сержант,2,32
Степанов Илья Дмитриевич,майор,5,45
Новиков Иван Дмитриевич,капитан,3,58
Соколов Дмитрий Ильич,капитан,9,59
Андреев Алексей Викторович,рядовой,7,26
Козлов Егор Юрьевич,лейтенант,9,35
Попов Андрей Романович,лейтенант,4,59
Соколов Сергей Никитич,лейтенант,9,42
Фёдоров Матвей Юрьевич,рядовой,4,41
Зайцев Егор Викторович,полковник,3,28
Борисов Артём Никитич,сержант,1,27
Соколов Юрий Олегович,сержант,10,60
Соколов Никита Сергеевич,сержант,12,27
Борисов Андрей Ильич,полковник,7,45
Андреев Матвей Иванович,полковник,12,48
Захаров Иван Максимович,полковник,12,44
Борисов Дмитрий Михайлович,прапорщик,2,46
Сидоров Егор Никитич,лейтенант,12,18
Андреев Артём Максимович,прапорщик,6,18
Кузнецов Степан Кириллович,капитан,10,59
Яковлев Олег Кириллович,сержант,9,35
Соловьёв Матвей Олегович,сержант,3,29
Семёнов Роман Алексеевич,полковник,6,45
Соловьёв Дмитрий Романович,капитан,9,27
Павлов Дмитрий Кириллович,майор,9,33
Михайлов Константин Викторович,сержант,7,41
Кочергин Евгений Александрович,майор,10,54
Морозов Евгений Сергеевич,капитан,8,54
Кузнецов Дмитрий Олегович,рядовой,6,49
Фёдоров Никита Павлович,прапорщик,1,27
Борисов Александр Александрович,лейтенант,11,49
Морозов Виктор Иванович,сержант,5,44
Орлов Артём Викторович,рядовой,7,35
Борисов Олег Александрович,майор,4,31
Орлов Сергей Иванович,прапорщик,6,43
Никитин Дмитрий Иванович,прапорщик,9,18
Васильев Олег Викторович,полковник,1,55
Новиков Константин Михайлович,прапорщик,1,52
Захаров Юрий Иванович,майор,4,42
Михайлов Виктор Сергеевич,рядовой,1,33
Орлов Денис Сергеевич,майор,3,55
Егоров Илья Юрьевич,лейтенант,10,56
Лебедев Андрей Александрович,прапорщик,5,52
Петров Сергей Олегович,прапорщик,5,40
Макаров Матвей Андреевич,капитан,6,51
Никитин Олег Дмитриевич,капитан,8,42
Кочергин Алексей Михайлович,рядовой,10,59
Павлов Дмитрий Михайлович,капитан,3,20
Павлов Юрий Романович,капитан,5,44
Попов Михаил Никитич,лейтенант,1,40
Васильев Кирилл Максимович,сержант,12,37
Сидоров Евгений Олегович,рядовой,4,19
Новиков Матвей Павлович,прапорщик,11,48
Фёдоров Илья Михайлович,лейтенант,5,19
Лебедев Степан Михайлович,сержант,11,41
Фёдоров Виктор Александрович,капитан,4,36
Попов Денис Никитич,капитан,10,39
Кузнецов Денис Ильич,капитан,8,35
Никитин Сергей Павлович,прапорщик,4,46
Андреев Роман Максимович,лейтенант,2,55
Павлов Андрей Юрьевич,рядовой,7,58
Павлов Денис Сергеевич,капитан,10,43
Иванов Виктор Михайлович,капитан,3,56
Кочергин Юрий Викторович,лейтенант,7,23
Фёдоров Константин Сергеевич,капитан,6,38
Семёнов Михаил Олегович,рядовой,10,58
Семёнов Артём Сергеевич,лейтенант,3,39
Николаев Никита Олегович,капитан,6,54
Фёдоров Никита Викторович,капитан,9,59
Захаров Никита Александрович,майор,9,22
Макаров Михаил Максимович,сержант,6,41
Степанов Роман Никитич,лейтенант,9,37
Макаров Павел Сергеевич,полковник,2,58
Яковлев Степан Кириллович,прапорщик,3,40
Михайлов Сергей Сергеевич,рядовой,12,35
Егоров Кирилл Романович,полковник,6,45
Борисов Виктор Дмитриевич,рядовой,4,57
Зайцев Иван Павлович,лейтенант,9,21
Сидоров Сергей Дмитриевич,прапорщик,3,54
Козлов Олег Алексеевич,капитан,5,23
Новиков Матвей Ильич,прапорщик,11,56
Васильев Иван Михайлович,прапорщик,5,56
Кузнецов Егор Ильич,лейтенант,9,24
Егоров Степан Юрьевич,капитан,7,57
Макаров Михаил Александрович,лейтенант,1,21
Орлов Константин Максимович,полковник,10,53
Смирнов Алексей Александрович,майор,5,36
Васильев Андрей Максимович,капитан,7,60
Новиков Роман Олегович,прапорщик,7,21
Соколов Степан Сергеевич,прапорщик,1,33
Смирнов Артём Викторович,капитан,5,31
Морозов Сергей Михайлович,полковник,2,21
Сидоров Константин Сергеевич,сержант,2,35
Попов Павел Павлович,полковник,1,48
Иванов Алексей Юрьевич,лейтенант,11,39
Зайцев Никита Павлович,рядовой,8,40
Никитин Виктор Никитич,майор,5,20
Попов Евгений Дмитриевич,рядовой,1,33
Яковлев Матвей Алексеевич,полковник,2,29
Новиков Евгений Викторович,майор,8,49
Козлов Артём Иванович,рядовой,8,38
Никитин Сергей Алексеевич,сержант,12,43
Иванов Андрей Алексеевич,прапорщик,7,32
Зайцев Кирилл Никитич,рядовой,7,45
Петров Евгений Михайлович,майор,11,23
Соколов Александр Олегович,полковник,12,45
Семёнов Иван Иванович,прапорщик,12,51
Соловьёв Олег Михайлович,лейтенант,10,19
Борисов Виктор Олегович,капитан,6,35
Егоров Иван Викторович,капитан,12,56
Яковлев Андрей Алексеевич,майор,3,26
Попов Степан Олегович,майор,5,51
Васильев Илья Сергеевич,майор,3,19
Семёнов Максим Сергеевич,капитан,6,37
Сидоров Артём Максимович,майор,12,48
Попов Максим Юрьевич,капитан,11,57
Попов Матвей Романович,майор,12,56
Сидоров Михаил Алексеевич,прапорщик,9,40
Попов Степан Александрович,рядовой,1,40
Степанов Михаил Дмитриевич,прапорщик,1,37
Кузнецов Максим Олегович,рядовой,12,18
Егоров Максим Юрьевич,майор,11,27
Петров Никита Павлович,полковник,5,43
Кузнецов Кирилл Алексеевич,рядовой,2,43
Орлов Павел Максимович,капитан,7,60
Петров Михаил Павлович,сержант,1,41
Андреев Никита Никитич,лейтенант,5,48
Алексеев Кирилл Дмитриевич,прапорщик,12,25
Васильев Юрий Михайлович,полковник,11,55
Васильев Роман Ильич,майор,6,35
Михайлов Олег Александрович,сержант,4,20
Соловьёв Егор Александрович,капитан,8,48
Фёдоров Артём Михайлович,прапорщик,7,25
Яковлев Илья Олегович,сержант,10,29
Соколов Кирилл Иванович,майор,8,18
Кузнецов Артём Викторович,рядовой,11,33
Андреев Степан Дмитриевич,сержант,1,38
Новиков Константин Павлович,майор,5,22
Морозов Юрий Никитич,рядовой,1,24
Степанов Матвей Алексеевич,майор,10,27
Зайцев Юрий Никитич,полковник,10,37
Кочергин Олег Никитич,рядовой,8,48
Орлов Константин Сергеевич,рядовой,8,51
Макаров Степан Дмитриевич,прапорщик,3,41
Андреев Илья Романович,капитан,7,50
Сидоров Артём Павлович,лейтенант,7,48
Никитин Иван Олегович,полковник,5,37
Борисов Степан Олегович,сержант,9,52
Павлов Сергей Викторович,капитан,6,58
Егоров Матвей Алексеевич,сержант,11,49
Морозов Андрей Кириллович,сержант,4,57
Орлов Виктор Никитич,прапорщик,6,32
Соловьёв Дмитрий Алексеевич,лейтенант,5,54
Кочергин Кирилл Михайлович,майор,2,39
Андреев Дмитрий Ильич,полковник,7,47
Кочергин Алексей Павлович,сержант,4,25
Сидоров Алексей Никитич,капитан,12,22
Павлов Роман Кириллович,лейтенант,12,32
Никитин Степан Иванович,прапорщик,9,26
Соколов Никита Андреевич,полковник,7,23
Соколов Матвей Романович,сержант,10,55
Яковлев Илья Алексеевич,лейтенант,10,29
Лебедев Михаил Ильич,прапорщик,3,48
Соколов Олег Максимович,полковник,4,21
Егоров Денис Олегович,майор,10,41
Андреев Олег Александрович,рядовой,7,44
Михайлов Михаил Викторович,лейтенант,8,18
Кочергин Михаил Викторович,капитан,2,43
Смирнов Павел Иванович,полковник,12,45
Михайлов Сергей Михайлович,прапорщик,1,24
Семёнов Юрий Александрович,капитан,9,24
Соколов Степан Олегович,сержант,12,54
Алексеев Юрий Никитич,капитан,9,48
Павлов Степан Максимович,прапорщик,1,30
Соколов Андрей Викторович,майор,7,18
Яковлев Андрей Алексеевич,сержант,4,50
Николаев Иван Алексеевич,прапорщик,4,37
Никитин Илья Алексеевич,прапорщик,1,29
Андреев Андрей Андреевич,капитан,10,26
Козлов Михаил Максимович,рядовой,11,49
Макаров Виктор Михайлович,лейтенант,5,18
Макаров Александр Алексеевич,капитан,4,25
Степанов Максим Андреевич,капитан,2,19
Петров Егор Никитич,майор,9,40
Сидоров Матвей Андреевич,майор,5,45
Никитин Максим Юрьевич,рядовой,6,21
Николаев Никита Олегович,рядовой,10,41
Смирнов Максим Романович,капитан,6,29
Макаров Кирилл Андреевич,капитан,2,24
Васильев Степан Максимович,сержант,2,52
Борисов Виктор Михайлович,лейтенант,8,59
Морозов Илья Александрович,прапорщик,11,38
Семёнов Илья Ильич,сержант,9,29
Макаров Максим Сергеевич,прапорщик,9,40
Петров Степан Павлович,полковник,10,46
Смирнов Кирилл Андреевич,лейтенант,9,39
Фёдоров Роман Максимович,рядовой,2,34
Макаров Павел Ильич,рядовой,10,31
Егоров Олег Олегович,лейтенант,1,36
Лебедев Константин Павлович,рядовой,2,48
Степанов Иван Алексеевич,полковник,8,33
Козлов Павел Иванович,рядовой,8,32
Степанов Матвей Ильич,капитан,3,59
Фёдоров Виктор Максимович,сержант,5,47
Петров Михаил Юрьевич,сержант,12,25
Орлов Кирилл Андреевич,капитан,3,43
Семёнов Кирилл Максимович,рядовой,10,27
Николаев Павел Юрьевич,сержант,4,52
Егоров Илья Иванович,лейтенант,4,28
Лебедев Кирилл Михайлович,капитан,5,36
Кузнецов Артём Максимович,лейтенант,11,29
Смирнов Степан Алексеевич,майор,1,34
Петров Матвей Юрьевич,сержант,12,48
Фёдоров Александр Андреевич,полковник,2,58
Николаев Сергей Александрович,прапорщик,5,57
Попов Матвей Олегович,лейтенант,8,34
Кочергин Александр Иванович,прапорщик,12,47
Семёнов Кирилл Никитич,прапорщик,10,38
Козлов Дмитрий Романович,рядовой,2,58
Кочергин Иван Максимович,прапорщик,5,34
Васильев Иван Викторович,майор,1,35
Петров Дмитрий Юрьевич,лейтенант,1,44
Сидоров Дмитрий Андреевич,капитан,5,44
Кочергин Степан Иванович,майор,10,36
Егоров Максим Кириллович,лейтенант,11,55
Петров Виктор Максимович,лейтенант,9,18
Фёдоров Павел Михайлович,полковник,6,25
Смирнов Денис Ильич,полковник,8,59
Попов Егор Павлович,рядовой,7,53
Петров Кирилл Максимович,рядовой,1,56
Сидоров Сергей Сергеевич,сержант,10,45
Морозов Роман Романович,полковник,11,55
Никитин Павел Дмитриевич,полковник,4,51
Степанов Андрей Романович,прапорщик,4,19
Николаев Павел Сергеевич,сержант,11,33
Михайлов Никита Сергеевич,полковник,4,59
Захаров Андрей Алексеевич,капитан,1,45
Никитин Роман Дмитриевич,полковник,2,31
Макаров Александр Ильич,рядовой,3,56
Морозов Юрий Никитич,сержант,3,18
Семёнов Константин Дмитриевич,прапорщик,6,41
Попов Матвей Юрьевич,сержант,8,31
Кочергин Роман Олегович,майор,9,38
Сидоров Александр Андреевич,рядовой,6,51
Иванов Константин Александрович,полковник,2,32
Орлов Евгений Олегович,капитан,2,37
Яковлев Юрий Юрьевич,капитан,8,35
Семёнов Павел Ильич,лейтенант,2,32
Лебедев Андрей Сергеевич,полковник,4,27
Кузнецов Павел Викторович,майор,3,18
Зайцев Константин Ильич,рядовой,11,48
Михайлов Михаил Сергеевич,полковник,9,46
Егоров Денис Иванович,прапорщик,3,47
Фёдоров Кирилл Александрович,лейтенант,5,35
Борисов Олег Андреевич,лейтенант,5,53
Фёдоров Артём Михайлович,майор,1,38
Алексеев Степан Никитич,полковник,11,19
Петров Кирилл Кириллович,лейтенант,2,21
Макаров Юрий Кириллович,рядовой,9,43
Егоров Виктор Иванович,капитан,11,59
Козлов Степан Никитич,майор,1,35
Алексеев Виктор Павлович,полковник,2,30
Яковлев Максим Александрович,полковник,2,40
Иванов Егор Максимович,майор,9,33
Яковлев Роман Викторович,капитан,4,52
Андреев Иван Михайлович,прапорщик,9,57
Борисов Михаил Юрьевич,рядовой,10,31
Орлов Матвей Михайлович,рядовой,10,28
Никитин Сергей Викторович,майор,9,53
Яковлев Виктор Андреевич,капитан,12,46
Фёдоров Матвей Ильич,капитан,7,57
Смирнов Евгений Викторович,майор,6,55
Соколов Кирилл Андреевич,капитан,3,52
Козлов Денис Алексеевич,лейтенант,10,23
Яковлев Павел Сергеевич,рядовой,5,57
Николаев Егор Михайлович,лейтенант,9,53
Попов Павел Олегович,прапорщик,11,24
Соколов Максим Павлович,сержант,9,50
Попов Дмитрий Андреевич,рядовой,1,19
Лебедев Александр Андреевич,лейтенант,7,41
Лебедев Денис Викторович,капитан,3,45
Борисов Павел Никитич,капитан,3,43
Попов Матвей Михайлович,полковник,3,47
Павлов Роман Алексеевич,полковник,6,20
Николаев Роман Михайлович,майор,9,30
Соловьёв Олег Сергеевич,сержант,11,35
Макаров Михаил Викторович,майор,10,36
Петров Дмитрий Кириллович,лейтенант,12,34
Козлов Иван Сергеевич,полковник,8,55
Степанов Степан Андреевич,прапорщик,2,40
Егоров Дмитрий Юрьевич,полковник,5,33
Соловьёв Степан Максимович,майор,3,59
Зайцев Олег Иванович,капитан,12,46
Васильев Михаил Максимович,рядовой,8,25
Макаров Роман Юрьевич,сержант,2,23
Андреев Константин Викторович,прапорщик,2,56
Захаров Олег Павлович,лейтенант,9,34
Зайцев Юрий Сергеевич,капитан,9,34
Морозов Олег Юрьевич,капитан,3,54
Соколов Виктор Алексеевич,прапорщик,8,35
Яковлев Роман Александрович,рядовой,9,60
Васильев Степан Олегович,рядовой,11,55
Алексеев Михаил Александрович,лейтенант,5,58
Егоров Олег Александрович,полковник,1,39
Макаров Константин Ильич,капитан,4,44
Соколов Кирилл Сергеевич,майор,6,56
Егоров Михаил Сергеевич,полковник,5,28
Николаев Михаил Павлович,прапорщик,6,27
Кузнецов Олег Александрович,лейтенант,12,23
Кочергин Артём Романович,капитан,6,46
Алексеев Юрий Юрьевич,прапорщик,5,31
Яковлев Иван Андреевич,лейтенант,6,36
Семёнов Дмитрий Михайлович,майор,5,32
Захаров Виктор Викторович,рядовой,4,56
Новиков Денис Ильич,сержант,3,57
Борисов Кирилл Александрович,майор,2,36
Петров Павел Юрьевич,майор,10,25
Смирнов Артём Михайлович,рядовой,1,58
Попов Егор Максимович,прапорщик,10,22
Козлов Кирилл Павлович,лейтенант,12,28
Иванов Артём Романович,майор,4,32
Макаров Константин Кириллович,майор,3,31
Кочергин Степан Александрович,рядовой,5,46
Петров Егор Максимович,лейтенант,7,25
Иванов Михаил Романович,полковник,6,46
Соловьёв Иван Олегович,лейтенант,12,36
Попов Максим Максимович,капитан,9,31
Яковлев Артём Дмитриевич,полковник,9,29
Зайцев Михаил Олегович,капитан,3,21
Павлов Денис Викторович,лейтенант,11,21
Фёдоров Юрий Сергеевич,майор,11,27
Кочергин Роман Викторович,майор,7,35
Соловьёв Евгений Романович,лейтенант,4,33
Павлов Матвей Андреевич,майор,6,39
Степанов Андрей Олегович,лейтенант,12,47
Зайцев Илья Андреевич,сержант,10,36
Никитин Иван Андреевич,сержант,5,31
Орлов Степан Олегович,полковник,1,26
Козлов Денис Романович,сержант,10,49
Соловьёв Сергей Ильич,сержант,3,40
Андреев Егор Олегович,полковник,11,22
Кузнецов Кирилл Викторович,прапорщик,8,57
Макаров Алексей Максимович,полковник,3,23
Орлов Евгений Олегович,рядовой,10,57
Морозов Андрей Викторович,рядовой,9,18
Макаров Илья Юрьевич,прапорщик,10,22
Козлов Павел Ильич,сержант,8,31
Михайлов Артём Михайлович,майор,11,58
Новиков Матвей Алексеевич,капитан,10,50
Павлов Максим Александрович,лейтенант,9,20
Зайцев Максим Олегович,майор,4,57
Морозов Максим Кириллович,рядовой,1,44
Павлов Матвей Дмитриевич,капитан,10,20
Зайцев Иван Романович,майор,3,58
Степанов Юрий Никитич,прапорщик,9,49
Иванов Сергей Андреевич,капитан,1,25
Зайцев Никита Андреевич,майор,4,60
Никитин Константин Максимович,рядовой,9,44
Кочергин Кирилл Михайлович,полковник,5,48
Захаров Дмитрий Кириллович,сержант,8,22
Козлов Павел Иванович,прапорщик,3,22
Попов Константин Алексеевич,капитан,4,33
Алексеев Роман Викторович,рядовой,8,43
Борисов Кирилл Кириллович,майор,10,26
Попов Егор Ильич,сержант,3,38
Сидоров Евгений Алексеевич,лейтенант,4,45
Иванов Матвей Ильич,капитан,8,34
Зайцев Павел Викторович,лейтенант,9,50
Кочергин Роман Иванович,капитан,4,37
Козлов Павел Викторович,майор,4,24
Козлов Олег Андреевич,лейтенант,8,29
Егоров Дмитрий Андреевич,майор,2,31
Алексеев Матвей Андреевич,рядовой,1,28
Зайцев Максим Юрьевич,сержант,8,33
Орлов Никита Алексеевич,прапорщик,2,24
Никитин Олег Олегович,капитан,9,39
Захаров Кирилл Павлович,рядовой,11,24
Степанов Степан Алексеевич,рядовой,1,18
Алексеев Илья Дмитриевич,лейтенант,9,40
Васильев Степан Иванович,прапорщик,2,23
Васильев Никита Юрьевич,рядовой,9,22
Сидоров Денис Ильич,прапорщик,3,32
Зайцев Денис Ильич,лейтенант,2,28
Козлов Иван Кириллович,полковник,12,18
Попов Дмитрий Юрьевич,сержант,5,48
Васильев Александр Никитич,лейтенант,6,57
Иванов Кирилл Сергеевич,полковник,12,54
Соколов Павел Юрьевич,капитан,9,59
Кочергин Дмитрий Александрович,рядовой,7,60
Кочергин Никита Александрович,прапорщик,5,33
Козлов Артём Ильич,сержант,1,57
Козлов Павел Дмитриевич,лейтенант,6,43
Николаев Егор Юрьевич,капитан,1,56
Козлов Алексей Павлович,сержант,8,54
Соловьёв Александр Ильич,прапорщик,7,38
Михайлов Степан Романович,капитан,4,56
Сидоров Егор Юрьевич,сержант,2,20
Соловьёв Александр Олегович,майор,8,23
Макаров Иван Ильич,полковник,2,25
Степанов Степан Александрович,капитан,1,46
Соколов Александр Александрович,прапорщик,9,38
Козлов Константин Иванович,капитан,6,21
Фёдоров Константин Андреевич,полковник,8,59
Макаров Олег Сергеевич,капитан,1,21
Фёдоров Евгений Максимович,прапорщик,2,58
Борисов Максим Дмитриевич,капитан,1,51
Борисов Степан Михайлович,майор,5,51
Петров Кирилл Сергеевич,прапорщик,9,55
Соловьёв Константин Михайлович,прапорщик,8,30
Кочергин Андрей Иванович,капитан,9,18
Васильев Виктор Викторович,капитан,7,45
Сидоров Илья Алексеевич,майор,10,22
Фёдоров Алексей Иванович,майор,8,36
Кузнецов Денис Юрьевич,полковник,8,50
Морозов Дмитрий Никитич,полковник,7,50
Иванов Артём Михайлович,лейтенант,12,60
Соколов Артём Андреевич,майор,7,46
Николаев Александр Иванович,прапорщик,4,21
Яковлев Илья Викторович,лейтенант,6,52
Николаев Матвей Михайлович,лейтенант,8,26
Орлов Денис Викторович,капитан,2,46
Смирнов Андрей Олегович,майор,1,30
Яковлев Максим Иванович,сержант,7,50
Макаров Матвей Кириллович,прапорщик,10,48
Попов Виктор Романович,полковник,5,19
Новиков Юрий Михайлович,капитан,9,51
Михайлов Сергей Максимович,полковник,8,18
Морозов Юрий Дмитриевич,полковник,7,37
Соколов Олег Дмитриевич,рядовой,8,39
Попов Иван Олегович,сержант,12,46
Андреев Павел Михайлович,лейтенант,8,54
Фёдоров Иван Максимович,капитан,3,33
Попов Михаил Сергеевич,лейтенант,1,18
Семёнов Денис Михайлович,сержант,4,46
Михайлов Евгений Иванович,майор,8,20
Яковлев Иван Максимович,лейтенант,4,32
Орлов Максим Алексеевич,рядовой,7,24
Павлов Евгений Иванович,прапорщик,5,41
Попов Артём Олегович,капитан,10,45
Попов Олег Викторович,лейтенант,2,28
Орлов Александр Романович,сержант,8,22
Николаев Максим Никитич,рядовой,11,19
Петров Степан Никитич,прапорщик,12,19
Михайлов Павел Александрович,полковник,7,19
Степанов Андрей Максимович,рядовой,12,29
Макаров Матвей Кириллович,капитан,9,32
Алексеев Дмитрий Александрович,капитан,7,56
Попов Александр Дмитриевич,прапорщик,7,19
Макаров Егор Александрович,капитан,2,54
Васильев Андрей Павлович,сержант,1,45
Яковлев Павел Ильич,майор,8,22
Морозов Никита Иванович,капитан,6,59
Егоров Евгений Максимович,полковник,4,38
Андреев Егор Дмитриевич,сержант,1,38
Иванов Виктор Ильич,майор,1,59
Макаров Евгений Максимович,рядовой,4,31
Андреев Матвей Олегович,сержант,8,50
Борисов Степан Дмитриевич,майор,5,48
Степанов Олег Андреевич,полковник,2,58
Кузнецов Михаил Андреевич,капитан,3,18
Яковлев Михаил Павлович,прапорщик,4,50
Орлов Евгений Романович,майор,6,39
Никитин Сергей Юрьевич,полковник,4,35
Павлов Алексей Александрович,майор,11,48
Попов Евгений Андреевич,рядовой,7,58
Николаев Алексей Ильич,лейтенант,10,46
Никитин Виктор Алексеевич,прапорщик,6,27
Сидоров Сергей Ильич,майор,11,42
Яковлев Илья Алексеевич,рядовой,3,40
Морозов Егор Александрович,сержант,8,49
Морозов Никита Олегович,капитан,4,41
Кочергин Юрий Дмитриевич,рядовой,1,52
Козлов Дмитрий Никитич,майор,11,53
Павлов Юрий Викторович,прапорщик,9,22
Лебедев Роман Павлович,майор,7,57
Фёдоров Денис Никитич,майор,12,32
Новиков Виктор Андреевич,рядовой,6,30
Никитин Михаил Иванович,майор,12,30
Семёнов Артём Ильич,майор,9,50
Соколов Егор Андреевич,майор,6,44
Петров Александр Никитич,сержант,7,18
Соколов Евгений Александрович,рядовой,2,46
Степанов Максим Викторович,полковник,10,44
Зайцев Кирилл Кириллович,полковник,1,33
Сидоров Павел Иванович,рядовой,4,53
Орлов Сергей Максимович,прапорщик,11,58
Андреев Матвей Алексеевич,лейтенант,3,46
Егоров Роман Романович,сержант,8,24
Зайцев Иван Михайлович,капитан,9,46
Павлов Юрий Иванович,полковник,11,55
Васильев Сергей Никитич,полковник,9,39
Кочергин Максим Кириллович,лейтенант,12,30
Борисов Кирилл Дмитриевич,майор,10,39
Орлов Сергей Иванович,прапорщик,7,52
Соловьёв Павел Максимович,лейтенант,5,18
Яковлев Михаил Павлович,полковник,5,45
Андреев Юрий Олегович,майор,6,25
Алексеев Константин Михайлович,полковник,9,29
Фёдоров Максим Александрович,полковник,2,57
Никитин Никита Сергеевич,рядовой,3,57
Морозов Евгений Дмитриевич,лейтенант,11,48
Яковлев Роман Алексеевич,лейтенант,5,18
Макаров Денис Никитич,капитан,3,33
Павлов Денис Михайлович,лейтенант,8,48
Козлов Степан Андреевич,капитан,7,57
Алексеев Никита Ильич,сержант,3,47
Кочергин Дмитрий Иванович,рядовой,9,21
Морозов Егор Олегович,рядовой,7,55
Алексеев Денис Олегович,майор,3,60
Алексеев Степан Алексеевич,полковник,6,28
Козлов Алексей Юрьевич,полковник,2,39
Соколов Кирилл Никитич,лейтенант,9,48
Макаров Виктор Алексеевич,лейтенант,11,24
Зайцев Константин Юрьевич,рядовой,8,21
Петров Александр Ильич,прапорщик,10,26
Смирнов Денис Романович,полковник,4,33
Андреев Роман Максимович,прапорщик,9,40
Захаров Артём Никитич,сержант,4,29
Борисов Максим Олегович,лейтенант,9,33
Попов Дмитрий Александрович,полковник,11,46
Козлов Роман Иванович,капитан,10,31
Лебедев Александр Олегович,сержант,11,30
Иванов Иван Максимович,капитан,2,45
Васильев Денис Михайлович,капитан,11,29
Никитин Никита Андреевич,лейтенант,9,57
Новиков Максим Алексеевич,полковник,3,47
Яковлев Степан Андреевич,прапорщик,9,55
Соловьёв Денис Сергеевич,сержант,10,59
Лебедев Иван Михайлович,капитан,1,60
Павлов Иван Викторович,прапорщик,2,31
Васильев Андрей Юрьевич,прапорщик,3,45
Попов Андрей Кириллович,сержант,8,51
Зайцев Никита Михайлович,капитан,9,59
Козлов Матвей Кириллович,прапорщик,6,28
Николаев Дмитрий Юрьевич,полковник,11,22
Михайлов Роман Сергеевич,лейтенант,10,24
Фёдоров Михаил Павлович,капитан,2,39
Захаров Денис Иванович,лейтенант,5,27
Захаров Иван Алексеевич,сержант,2,54
Алексеев Степан Романович,сержант,4,26
Орлов Роман Юрьевич,майор,9,55
Николаев Иван Романович,лейтенант,10,59
Михайлов Сергей Сергеевич,прапорщик,5,57
Лебедев Кирилл Максимович,рядовой,3,35
Егоров Александр Иванович,полковник,11,58
Николаев Константин Дмитриевич,прапорщик,1,54
Морозов Юрий Андреевич,прапорщик,11,24
Новиков Илья Юрьевич,капитан,7,41
Кочергин Евгений Иванович,рядовой,8,57
Сидоров Иван Павлович,сержант,2,42
Васильев Роман Викторович,майор,12,41
Николаев Юрий Павлович,прапорщик,11,23
Иванов Роман Ильич,капитан,12,22
Кочергин Александр Михайлович,сержант,8,36
Кузнецов Дмитрий Юрьевич,лейтенант,3,38
Попов Максим Юрьевич,сержант,4,46
Николаев Максим Викторович,майор,9,27
Николаев Степан Алексеевич,лейтенант,9,51
Павлов Степан Сергеевич,майор,3,47
Смирнов Александр Дмитриевич,рядовой,4,34
Кузнецов Виктор Александрович,майор,11,38
Иванов Дмитрий Кириллович,прапорщик,11,44
Егоров Михаил Иванович,капитан,12,18
Кочергин Егор Максимович,прапорщик,9,28
Соловьёв Роман Павлович,сержант,5,18
Михайлов Олег Михайлович,рядовой,11,44
Семёнов Роман Михайлович,полковник,7,47
Лебедев Матвей Никитич,лейтенант,9,53
Смирнов Максим Павлович,майор,8,45
Лебедев Никита Михайлович,майор,3,55
Смирнов Евгений Иванович,рядовой,11,37
Новиков Никита Александрович,полковник,8,42
Семёнов Дмитрий Юрьевич,сержант,1,21
Макаров Егор Олегович,лейтенант,3,28
Макаров Юрий Александрович,рядовой,9,54
Лебедев Павел Сергеевич,лейтенант,1,57
Смирнов Кирилл Александрович,полковник,11,37
Петров Павел Кириллович,капитан,3,41
Иванов Виктор Иванович,сержант,10,27
Кочергин Егор Романович,прапорщик,1,24
Орлов Денис Викторович,полковник,8,30
Яковлев Михаил Ильич,капитан,2,38
Морозов Максим Дмитриевич,рядовой,9,36
Васильев Матвей Кириллович,лейтенант,3,32
Кочергин Юрий Андреевич,прапорщик,8,46
Борисов Артём Павлович,рядовой,9,36
Сидоров Андрей Александрович,капитан,11,60
Кузнецов Андрей Ильич,сержант,5,50
Яковлев Степан Кириллович,лейтенант,2,47
Егоров Денис Сергеевич,прапорщик,12,33
Степанов Никита Никитич,майор,7,21
Николаев Виктор Павлович,прапорщик,9,53
Козлов Михаил Александрович,капитан,12,19
Козлов Алексей Юрьевич,майор,9,23
Соловьёв Роман Михайлович,майор,11,56
Орлов Денис Олегович,сержант,9,36
Борисов Денис Сергеевич,майор,8,50
Петров Михаил Иванович,рядовой,3,23
Новиков Дмитрий Романович,сержант,10,29
Фёдоров Степан Андреевич,лейтенант,7,59
Кочергин Роман Олегович,прапорщик,3,48
Попов Сергей Сергеевич,капитан,8,19
Павлов Кирилл Викторович,рядовой,9,39
Михайлов Павел Дмитриевич,сержант,10,49
Соловьёв Иван Ильич,полковник,6,53
Николаев Андрей Алексеевич,рядовой,9,25
Васильев Денис Андреевич,майор,5,42
Васильев Денис Сергеевич,лейтенант,1,51
Кузнецов Евгений Юрьевич,лейтенант,3,26
Захаров Денис Кириллович,сержант,1,19
Алексеев Максим Сергеевич,майор,2,20
Фёдоров Кирилл Никитич,майор,12,25
Кузнецов Кирилл Павлович,сержант,10,22
Иванов Михаил Юрьевич,рядовой,7,60
Иванов Иван Михайлович,сержант,5,49
Захаров Артём Юрьевич,лейтенант,3,27
Андреев Андрей Ильич,полковник,3,44
Степанов Павел Юрьевич,прапорщик,9,33
Андреев Кирилл Дмитриевич,майор,11,35
Орлов Олег Романович,рядовой,8,36
Николаев Евгений Никитич,рядовой,4,41
Петров Олег Дмитриевич,полковник,9,27
Иванов Денис Сергеевич,полковник,8,55
Кочергин Илья Дмитриевич,майор,2,41
Лебедев Дмитрий Андреевич,полковник,5,32
Борисов Кирилл Иванович,рядовой,1,20
Иванов Виктор Викторович,прапорщик,5,56
Смирнов Денис Иванович,сержант,2,60
Орлов Роман Сергеевич,прапорщик,5,21
Соколов Олег Максимович,сержант,1,44
Никитин Михаил Александрович,майор,11,51
Яковлев Александр Юрьевич,полковник,8,52
Макаров Иван Юрьевич,рядовой,9,23
Семёнов Дмитрий Михайлович,майор,7,56
Васильев Матвей Ильич,лейтенант,6,22
Никитин Артём Михайлович,капитан,1,60
Андреев Александр Александрович,капитан,11,44
Смирнов Артём Андреевич,прапорщик,5,22
Сидоров Егор Кириллович,капитан,10,31
Соловьёв Павел Викторович,капитан,8,24
Николаев Александр Павлович,лейтенант,4,32
Сидоров Степан Александрович,капитан,11,32
Егоров Андрей Иванович,капитан,11,38
Николаев Михаил Викторович,рядовой,11,48
Зайцев Сергей Александрович,прапорщик,3,20
Семёнов Алексей Ильич,сержант,1,43
Захаров Никита Иванович,прапорщик,3,41
Никитин Константин Юрьевич,рядовой,2,40
Николаев Максим Александрович,сержант,12,56
Егоров Денис Романович,лейтенант,8,18
Николаев Павел Александрович,прапорщик,11,32
Захаров Максим Иванович,прапорщик,10,36
Зайцев Сергей Андреевич,прапорщик,3,50
Иванов Артём Кириллович,рядовой,2,40
Попов Павел Иванович,сержант,2,46
Смирнов Илья Алексеевич,полковник,1,52
Захаров Сергей Андреевич,рядовой,3,41
Соловьёв Артём Алексеевич,полковник,3,26
Морозов Максим Андреевич,капитан,6,35
Соколов Роман Романович,полковник,8,28
Козлов Степан Алексеевич,прапорщик,6,48
Иванов Константин Павлович,рядовой,10,18
Иванов Никита Никитич,полковник,7,18
Степанов Юрий Олегович,лейтенант,7,30
Николаев Евгений Максимович,сержант,8,29
Михайлов Константин Олегович,сержант,1,25
Павлов Павел Сергеевич,капитан,6,40
Николаев Алексей Михайлович,майор,4,31
Попов Алексей Романович,майор,12,46
Козлов Степан Юрьевич,майор,4,19
Лебедев Роман Андреевич,прапорщик,3,54
Фёдоров Сергей Андреевич,прапорщик,5,18
Макаров Сергей Олегович,полковник,8,40
Смирнов Степан Олегович,лейтенант,7,22
Соколов Егор Михайлович,майор,2,28
Андреев Егор Андреевич,лейтенант,7,40
Орлов Павел Дмитриевич,майор,12,21
Никитин Константин Иванович,лейтенант,4,51
Морозов Юрий Александрович,капитан,10,52
Лебедев Павел Ильич,майор,8,39
Сидоров Дмитрий Максимович,капитан,2,50
Новиков Матвей Андреевич,капитан,10,55
Алексеев Кирилл Максимович,сержант,5,18
Васильев Олег Максимович,сержант,12,40
Кочергин Артём Алексеевич,лейтенант,12,36
Степанов Степан Алексеевич,рядовой,7,49
Морозов Олег Максимович,капитан,8,55
Николаев Максим Никитич,майор,2,57
Михайлов Денис Олегович,прапорщик,5,58
Сидоров Андрей Павлович,капитан,8,39
Лебедев Евгений Андреевич,рядовой,11,28
Николаев Илья Викторович,полковник,9,60
Васильев Алексей Юрьевич,прапорщик,2,18
Захаров Михаил Олегович,сержант,12,19
Морозов Александр Ильич,прапорщик,12,48
Васильев Роман Иванович,майор,1,51
Кочергин Михаил Иванович,капитан,12,48
Захаров Матвей Викторович,капитан,9,49
Соколов Максим Ильич,рядовой,4,19
Васильев Егор Иванович,рядовой,11,45
Лебедев Роман Сергеевич,полковник,9,39
Михайлов Виктор Юрьевич,сержант,6,21
Соловьёв Артём Романович,капитан,10,52
Яковлев Юрий Викторович,полковник,8,54
Новиков Дмитрий Андреевич,прапорщик,3,55
Соколов Павел Юрьевич,полковник,4,18
Васильев Роман Никитич,майор,9,23
Макаров Иван Ильич,рядовой,10,35
Васильев Роман Алексеевич,полковник,10,24
Захаров Илья Сергеевич,сержант,9,53
Соколов Олег Дмитриевич,майор,10,58
Лебедев Степан Романович,лейтенант,2,52
Соловьёв Роман Викторович,прапорщик,6,59
Орлов Алексей Максимович,майор,11,60
Иванов Андрей Юрьевич,капитан,6,53
Васильев Никита Романович,полковник,1,18
Морозов Юрий Александрович,рядовой,1,60
Орлов Матвей Александрович,рядовой,11,50
Алексеев Иван Алексеевич,рядовой,3,51
Павлов Никита Юрьевич,полковник,12,60
Морозов Юрий Никитич,полковник,4,44
Семёнов Денис Юрьевич,прапорщик,10,60
Семёнов Александр Иванович,сержант,9,52
Морозов Павел Никитич,капитан,10,44
Зайцев Денис Максимович,полковник,9,40
Захаров Кирилл Романович,сержант,3,51
Зайцев Константин Иванович,капитан,7,26
Новиков Егор Никитич,лейтенант,5,20
Козлов Юрий Павлович,рядовой,7,59
Алексеев Виктор Ильич,полковник,5,57
Козлов Степан Кириллович,прапорщик,11,38
Лебедев Сергей Иванович,капитан,6,37
Васильев Денис Викторович,капитан,12,54
Иванов Кирилл Иванович,капитан,7,38
Никитин Юрий Алексеевич,прапорщик,5,59
Степанов Александр Юрьевич,сержант,4,50
Орлов Константин Дмитриевич,полковник,4,60
Орлов Никита Дмитриевич,капитан,11,22
Орлов Олег Андреевич,полковник,8,35
Сидоров Артём Дмитриевич,полковник,12,47
Новиков Алексей Максимович,прапорщик,9,24
Орлов Сергей Михайлович,капитан,4,55
Павлов Сергей Викторович,рядовой,12,22
Орлов Александр Олегович,майор,8,48
Алексеев Олег Сергеевич,полковник,11,45
Алексеев Виктор Олегович,рядовой,10,56
Степанов Роман Ильич,полковник,2,27
Андреев Максим Дмитриевич,рядовой,4,33
Козлов Егор Никитич,лейтенант,9,27
Алексеев Виктор Павлович,сержант,9,18
Алексеев Константин Олегович,лейтенант,8,41
Смирнов Дмитрий Олегович,майор,3,24
Борисов Матвей Романович,лейтенант,1,29
Кузнецов Никита Викторович,прапорщик,9,18
Егоров Александр Андреевич,капитан,1,33
Егоров Михаил Викторович,полковник,12,48
Алексеев Кирилл Викторович,сержант,8,49
Макаров Роман Кириллович,лейтенант,7,52
Павлов Константин Иванович,лейтенант,5,23
Орлов Степан Юрьевич,рядовой,11,22
Соколов Егор Иванович,капитан,6,44
Николаев Артём Романович,прапорщик,4,25
Новиков Александр Андреевич,прапорщик,6,38
Морозов Константин Никитич,лейтенант,4,27
Кочергин Павел Сергеевич,майор,1,32
Семёнов Кирилл Павлович,лейтенант,1,18
Михайлов Денис Дмитриевич,сержант,9,35
Васильев Никита Сергеевич,сержант,6,41
Егоров Юрий Максимович,рядовой,1,22
Попов Егор Дмитриевич,прапорщик,6,58
Сидоров Иван Дмитриевич,рядовой,6,23
Макаров Иван Романович,капитан,8,32
Соловьёв Кирилл Павлович,прапорщик,7,59
Попов Денис Алексеевич,прапорщик,8,33
Лебедев Виктор Михайлович,капитан,4,22
Зайцев Илья Дмитриевич,капитан,1,28
Егоров Олег Сергеевич,капитан,2,54
Павлов Матвей Алексеевич,полковник,3,59
Николаев Степан Романович,лейтенант,3,22
Васильев Матвей Максимович,капитан,7,46
Соколов Матвей Иванович,рядовой,7,22
Макаров Евгений Андреевич,лейтенант,1,25
Зайцев Иван Павлович,сержант,3,26
Андреев Андрей Олегович,майор,7,51
Попов Роман Дмитриевич,майор,10,43
Козлов Роман Олегович,сержант,5,24
Захаров Сергей Алексеевич,капитан,1,31
Михайлов Сергей Дмитриевич,майор,11,29
Зайцев Степан Никитич,капитан,1,53
Семёнов Виктор Михайлович,прапорщик,8,28
Сидоров Олег Михайлович,полковник,7,49
Орлов Илья Кириллович,прапорщик,7,33
Яковлев Дмитрий Андреевич,сержант,10,21
Смирнов Александр Максимович,капитан,3,31
Иванов Константин Павлович,сержант,7,21
Фёдоров Роман Дмитриевич,сержант,6,30
Лебедев Александр Павлович,прапорщик,6,42
Зайцев Максим Александрович,лейтенант,11,47
Сидоров Артём Олегович,рядовой,8,22
Васильев Константин Алексеевич,капитан,3,59
Лебедев Михаил Никитич,капитан,11,49
Павлов Иван Дмитриевич,капитан,11,58
Козлов Артём Максимович,сержант,8,27
Егоров Степан Дмитриевич,майор,3,50
Петров Олег Кириллович,капитан,9,35
Смирнов Павел Михайлович,майор,7,47
Морозов Дмитрий Кириллович,сержант,9,45
Павлов Илья Алексеевич,майор,5,40
Фёдоров Артём Никитич,майор,8,18
Сидоров Андрей Максимович,лейтенант,9,28
Попов Олег Михайлович,полковник,12,50
Андреев Максим Павлович,прапорщик,5,55
Николаев Максим Андреевич,полковник,5,30
Фёдоров Михаил Романович,майор,3,42
Павлов Олег Ильич,капитан,6,29
Егоров Михаил Павлович,сержант,10,41
Фёдоров Илья Александрович,майор,7,60
Кочергин Никита Иванович,сержант,8,43
Кочергин Матвей Никитич,рядовой,6,47
Лебедев Степан Максимович,майор,8,18
Макаров Роман Павлович,полковник,10,22
Васильев Дмитрий Ильич,сержант,4,47
Соколов Юрий Никитич,прапорщик,1,35
Степанов Роман Юрьевич,капитан,11,52
Попов Илья Максимович,майор,10,56
Борисов Виктор Иванович,прапорщик,12,36
Иванов Евгений Олегович,прапорщик,4,20
Соловьёв Никита Юрьевич,сержант,9,52
Козлов Константин Павлович,прапорщик,4,19
Николаев Артём Кириллович,майор,9,32
Яковлев Степан Викторович,лейтенант,1,57
Макаров Алексей Иванович,прапорщик,9,29
Соловьёв Юрий Павлович,капитан,5,48
Васильев Дмитрий Кириллович,лейтенант,12,56
Соколов Юрий Иванович,рядовой,5,60
Иванов Евгений Кириллович,полковник,9,56
Соколов Никита Ильич,прапорщик,10,27
Макаров Андрей Кириллович,лейтенант,2,25
Фёдоров Евгений Максимович,лейтенант,5,55
Павлов Роман Сергеевич,сержант,5,55
Семёнов Денис Олегович,сержант,11,52
Алексеев Максим Александрович,полковник,1,60
Зайцев Иван Иванович,сержант,3,40
Макаров Иван Александрович,майор,1,25
Козлов Михаил Михайлович,лейтенант,11,30
Петров Роман Сергеевич,лейтенант,5,31
Морозов Евгений Сергеевич,капитан,8,48
Степанов Илья Кириллович,майор,12,43
Васильев Иван Алексеевич,полковник,10,58
Лебедев Алексей Олегович,рядовой,5,25
Орлов Евгений Павлович,капитан,8,39
Кузнецов Иван Юрьевич,полковник,12,22
Семёнов Олег Максимович,рядовой,5,57
Алексеев Артём Сергеевич,полковник,11,46
Николаев Сергей Сергеевич,полковник,9,28
Кузнецов Юрий Алексеевич,сержант,9,32
Борисов Роман Александрович,сержант,6,49
Соловьёв Егор Михайлович,рядовой,3,18
Соловьёв Евгений Дмитриевич,сержант,8,40
Лебедев Михаил Алексеевич,прапорщик,1,27
Соловьёв Юрий Александрович,сержант,1,35
Макаров Евгений Дмитриевич,капитан,3,52
Алексеев Артём Павлович,лейтенант,9,52
Андреев Олег Сергеевич,капитан,4,42
Сидоров Виктор Романович,рядовой,12,33
Васильев Роман Павлович,полковник,7,41
Кочергин Юрий Михайлович,сержант,1,49
Кузнецов Евгений Александрович,прапорщик,2,39
Лебедев Кирилл Михайлович,полковник,12,44
Макаров Сергей Александрович,майор,12,36
Петров Евгений Павлович,полковник,5,25
Михайлов Александр Павлович,полковник,2,50
Петров Степан Ильич,сержант,4,41
Петров Михаил Викторович,капитан,2,23
Никитин Алексей Никитич,капитан,3,55
Яковлев Кирилл Ильич,полковник,7,26
Попов Роман Иванович,капитан,9,35
Николаев Никита Юрьевич,лейтенант,3,36
Иванов Никита Иванович,сержант,11,20
Фёдоров Константин Иванович,рядовой,6,28
Сидоров Сергей Никитич,полковник,9,53
Соловьёв Андрей Павлович,полковник,9,55
Михайлов Евгений Кириллович,рядовой,9,46
Егоров Роман Михайлович,сержант,7,19
Борисов Максим Кириллович,прапорщик,9,49
Никитин Роман Иванович,сержант,8,32
Михайлов Денис Алексеевич,прапорщик,10,42
Морозов Матвей Никитич,капитан,11,33
Макаров Александр Павлович,прапорщик,6,60
Петров Кирилл Никитич,полковник,1,30
Андреев Юрий Никитич,лейтенант,6,53
Николаев Денис Максимович,сержант,7,57
Кузнецов Дмитрий Ильич,капитан,12,24
Зайцев Илья Кириллович,майор,8,26
Иванов Виктор Ильич,лейтенант,12,30
Петров Матвей Андреевич,полковник,1,57
Алексеев Иван Михайлович,полковник,12,54
Яковлев Сергей Максимович,майор,3,31
Николаев Виктор Романович,сержант,8,56
Кочергин Сергей Кириллович,майор,8,49
Макаров Евгений Олегович,полковник,9,36
Сидоров Михаил Кириллович,рядовой,3,33
Новиков Александр Александрович,прапорщик,11,39
Петров Илья Сергеевич,рядовой,12,59
Орлов Павел Дмитриевич,полковник,3,56
Борисов Юрий Сергеевич,полковник,11,53
Орлов Артём Дмитриевич,лейтенант,2,56
Сидоров Павел Юрьевич,рядовой,3,60
Фёдоров Роман Иванович,лейтенант,11,60
Соловьёв Евгений Кириллович,рядовой,6,43
Яковлев Константин Максимович,сержант,1,53
Борисов Виктор Александрович,сержант,8,27
Никитин Степан Михайлович,майор,6,60
Николаев Артём Дмитриевич,сержант,12,44
Никитин Юрий Кириллович,прапорщик,1,51
Петров Константин Викторович,рядовой,6,23
Иванов Михаил Олегович,сержант,11,60
Иванов Илья Алексеевич,сержант,7,52
Алексеев Матвей Александрович,лейтенант,7,57
Павлов Алексей Алексеевич,полковник,8,52
Степанов Алексей Дмитриевич,капитан,9,55
Кочергин Илья Юрьевич,майор,8,51
Захаров Иван Иванович,майор,1,49
Егоров Иван Дмитриевич,капитан,6,32
Новиков Александр Иванович,полковник,3,36
Макаров Александр Викторович,рядовой,12,39
Захаров Виктор Никитич,капитан,10,48
Егоров Павел Алексеевич,полковник,9,40
Яковлев Александр Александрович,сержант,9,52
Макаров Константин Алексеевич,полковник,7,36
Никитин Виктор Дмитриевич,капитан,3,41
Яковлев Никита Сергеевич,рядовой,3,25
Новиков Михаил Александрович,рядовой,12,59
Алексеев Роман Ильич,капитан,9,51
Павлов Денис Сергеевич,майор,6,24
Сидоров Степан Кириллович,рядовой,3,20
Никитин Константин Викторович,капитан,11,19
Соколов Артём Михайлович,майор,5,51
Новиков Сергей Иванович,лейтенант,10,38
Павлов Степан Ильич,лейтенант,7,36
Лебедев Юрий Олегович,майор,11,56
Орлов Виктор Сергеевич,майор,9,41
Новиков Александр Кириллович,рядовой,9,54
Андреев Матвей Михайлович,полковник,5,32
Сидоров Алексей Дмитриевич,лейтенант,7,24
Кочергин Евгений Ильич,сержант,11,39
Козлов Денис Дмитриевич,полковник,6,58
Борисов Никита Дмитриевич,сержант,10,21
Кочергин Егор Александрович,полковник,3,23
Козлов Константин Алексеевич,лейтенант,4,28
Никитин Юрий Дмитриевич,капитан,5,58
Лебедев Роман Дмитриевич,полковник,9,59
Андреев Илья Александрович,капитан,9,50
Соловьёв Александр Олегович,майор,5,54
Смирнов Егор Викторович,прапорщик,3,41
Смирнов Артём Андреевич,полковник,2,31
Николаев Виктор Викторович,сержант,3,55
Егоров Егор Олегович,полковник,11,52
Новиков Иван Викторович,майор,8,52
Кочергин Павел Иванович,полковник,12,45
Петров Евгений Ильич,сержант,4,57
Смирнов Сергей Романович,майор,7,43
Козлов Артём Викторович,сержант,12,43
Зайцев Максим Викторович,прапорщик,8,27
Степанов Никита Максимович,лейтенант,8,19
Лебедев Иван Юрьевич,полковник,10,24
Кочергин Илья Михайлович,капитан,4,19
Смирнов Иван Кириллович,сержант,3,44
Лебедев Юрий Олегович,сержант,8,45
Кочергин Матвей Никитич,лейтенант,11,46
Петров Андрей Михайлович,капитан,12,52
Кузнецов Александр Ильич,майор,7,23
Николаев Виктор Никитич,прапорщик,1,49
Васильев Роман Алексеевич,полковник,10,45
Борисов Сергей Олегович,полковник,6,43
Алексеев Михаил Андреевич,прапорщик,8,48
Новиков Дмитрий Павлович,полковник,9,53
Кочергин Никита Кириллович,майор,2,29
Павлов Михаил Максимович,майор,1,50
Михайлов Олег Никитич,прапорщик,9,37
Смирнов Павел Сергеевич,полковник,6,19
Новиков Олег Викторович,рядовой,9,60
Яковлев Михаил Андреевич,полковник,5,59
Попов Артём Александрович,сержант,7,36
Николаев Дмитрий Дмитриевич,майор,9,56
Макаров Кирилл Олегович,лейтенант,3,36
Никитин Михаил Александрович,лейтенант,8,18
Кузнецов Константин Никитич,рядовой,11,60
Андреев Дмитрий Михайлович,полковник,12,47
Павлов Матвей Сергеевич,лейтенант,3,22
Зайцев Михаил Сергеевич,лейтенант,6,23
Кочергин Юрий Дмитриевич,лейтенант,4,24
Морозов Андрей Михайлович,рядовой,3,51
Макаров Егор Викторович,прапорщик,6,31
Лебедев Матвей Романович,прапорщик,7,18
Козлов Никита Михайлович,полковник,7,57
Андреев Никита Викторович,рядовой,10,19
Соловьёв Константин Андреевич,прапорщик,5,49
Борисов Илья Кириллович,капитан,8,46
Никитин Матвей Дмитриевич,прапорщик,11,37
Андреев Олег Никитич,капитан,8,52
Соколов Кирилл Юрьевич,капитан,11,59
Николаев Виктор Иванович,сержант,9,36
Фёдоров Михаил Ильич,прапорщик,9,27
Морозов Никита Романович,прапорщик,10,57
Алексеев Дмитрий Ильич,рядовой,2,25
Степанов Денис Романович,сержант,12,26
Смирнов Михаил Ильич,прапорщик,6,21
Козлов Константин Никитич,рядовой,5,47
Козлов Олег Никитич,прапорщик,10,43
Михайлов Матвей Иванович,майор,1,59
Степанов Артём Кириллович,капитан,3,36
Борисов Юрий Романович,лейтенант,9,38
Николаев Павел Дмитриевич,сержант,12,60
Егоров Олег Романович,капитан,1,23
Иванов Евгений Викторович,прапорщик,2,57
Николаев Павел Михайлович,майор,3,44
Степанов Михаил Дмитриевич,капитан,3,52
Николаев Матвей Никитич,майор,5,39
Павлов Юрий Олегович,сержант,5,40
Попов Роман Иванович,капитан,2,36
Иванов Константин Андреевич,полковник,2,49
Морозов Сергей Иванович,майор,7,31
Фёдоров Максим Иванович,полковник,12,33
Сидоров Сергей Романович,прапорщик,6,26
Степанов Сергей Максимович,прапорщик,10,38
Соловьёв Андрей Олегович,капитан,12,53
Захаров Александр Никитич,прапорщик,10,32
Фёдоров Юрий Викторович,капитан,9,44
Кузнецов Олег Иванович,капитан,3,53
Кузнецов Алексей Михайлович,капитан,12,28
Сидоров Александр Романович,рядовой,9,21
Егоров Константин Олегович,капитан,7,22
Соколов Андрей Никитич,полковник,1,57
Васильев Константин Павлович,полковник,11,42
Михайлов Денис Ильич,прапорщик,4,28
Орлов Павел Иванович,прапорщик,5,39
Морозов Матвей Андреевич,прапорщик,3,32
Фёдоров Сергей Сергеевич,полковник,1,20
Борисов Дмитрий Олегович,прапорщик,8,26
Захаров Андрей Алексеевич,майор,2,52
Кочергин Степан Ильич,сержант,5,44
Лебедев Егор Романович,лейтенант,7,31
Борисов Константин Сергеевич,рядовой,11,42
Орлов Юрий Юрьевич,прапорщик,10,48
Семёнов Матвей Романович,капитан,9,37
Борисов Егор Павлович,капитан,3,20
Иванов Михаил Александрович,лейтенант,5,33
Новиков Андрей Иванович,полковник,3,29
Попов Олег Сергеевич,сержант,12,48
Яковлев Артём Александрович,капитан,12,33
Новиков Степан Дмитриевич,прапорщик,5,50
Захаров Степан Викторович,полковник,3,23
Борисов Сергей Никитич,прапорщик,2,18
Захаров Максим Иванович,полковник,11,55
Соколов Евгений Дмитриевич,майор,4,37
Михайлов Илья Сергеевич,лейтенант,1,59
Яковлев Михаил Ильич,рядовой,5,47
Михайлов Евгений Михайлович,сержант,2,31
Зайцев Иван Андреевич,полковник,6,28
Лебедев Степан Олегович,прапорщик,8,37
Борисов Артём Михайлович,рядовой,5,37
Кузнецов Степан Павлович,капитан,3,41
Зайцев Денис Олегович,полковник,7,54
Кочергин Юрий Викторович,лейтенант,8,33
Кузнецов Евгений Максимович,полковник,12,29
Борисов Константин Павлович,майор,7,58
Семёнов Виктор Александрович,лейтенант,1,19
Попов Дмитрий Андреевич,полковник,6,37
Яковлев Алексей Юрьевич,капитан,9,19
Попов Илья Юрьевич,полковник,9,27
Семёнов Артём Кириллович,капитан,1,26
Алексеев Кирилл Андреевич,лейтенант,6,22
Захаров Артём Никитич,сержант,1,57
Николаев Степан Сергеевич,прапорщик,11,29
Орлов Степан Никитич,капитан,9,32
Семёнов Кирилл Михайлович,лейтенант,12,35
Морозов Артём Ильич,майор,11,28
Михайлов Степан Романович,рядовой,1,32
Андреев Сергей Сергеевич,полковник,4,19
Кузнецов Иван Максимович,сержант,5,58
Морозов Павел Никитич,майор,2,25
Яковлев Виктор Романович,полковник,5,35
Михайлов Кирилл Сергеевич,рядовой,5,39
Михайлов Илья Никитич,капитан,11,33
Фёдоров Виктор Павлович,полковник,1,46
Соловьёв Сергей Никитич,майор,3,19
Павлов Андрей Сергеевич,капитан,1,45
Михайлов Роман Юрьевич,прапорщик,4,50
Андреев Олег Александрович,капитан,6,42
Орлов Александр Ильич,капитан,8,52
Васильев Юрий Кириллович,прапорщик,12,58
Васильев Артём Павлович,полковник,2,19
Новиков Михаил Кириллович,лейтенант,3,38
Иванов Дмитрий Дмитриевич,сержант,11,46
Николаев Кирилл Викторович,сержант,11,28
Михайлов Евгений Викторович,сержант,8,20
Яковлев Юрий Никитич,капитан,8,47
Сидоров Константин Викторович,сержант,10,33
Кузнецов Егор Иванович,прапорщик,12,44
Новиков Кирилл Павлович,сержант,7,57
Борисов Матвей Михайлович,полковник,2,27
Семёнов Роман Ильич,прапорщик,12,50
Макаров Никита Сергеевич,рядовой,11,45
Новиков Кирилл Сергеевич,майор,1,47
Макаров Юрий Алексеевич,капитан,5,31
Попов Никита Никитич,рядовой,2,29
Новиков Андрей Никитич,полковник,7,37
Кузнецов Кирилл Александрович,полковник,3,58
Фёдоров Олег Андреевич,лейтенант,11,59
Семёнов Константин Викторович,лейтенант,8,56
Алексеев Иван Михайлович,лейтенант,11,45
Степанов Александр Олегович,рядовой,3,47
Степанов Виктор Дмитриевич,майор,11,37
Никитин Олег Никитич,майор,1,55
Соловьёв Кирилл Романович,майор,9,44
Соколов Александр Викторович,сержант,3,32
Соколов Олег Юрьевич,сержант,8,42
Зайцев Степан Кириллович,майор,6,34
Лебедев Матвей Романович,майор,8,41
Семёнов Иван Иванович,капитан,8,45
Михайлов Александр Павлович,майор,9,51
Яковлев Константин Алексеевич,рядовой,7,55
Борисов Сергей Максимович,рядовой,12,28
Козлов Михаил Дмитриевич,сержант,10,55
Сидоров Павел Максимович,прапорщик,11,54
Павлов Алексей Сергеевич,лейтенант,3,35
Егоров Андрей Романович,прапорщик,3,38
Михайлов Дмитрий Олегович,лейтенант,11,48
Фёдоров Егор Павлович,лейтенант,11,18
Семёнов Артём Ильич,полковник,2,34
Степанов Андрей Никитич,рядовой,10,30
Яковлев Иван Александрович,майор,10,55
Степанов Артём Андреевич,прапорщик,12,55
Морозов Виктор Павлович,прапорщик,2,23
Васильев Иван Ильич,рядовой,5,33
Зайцев Виктор Романович,сержант,5,45
Новиков Роман Викторович,сержант,11,38
Морозов Константин Юрьевич,рядовой,4,24
Морозов Илья Ильич,рядовой,7,18
Семёнов Дмитрий Михайлович,лейтенант,8,19
Семёнов Илья Павлович,рядовой,6,28
Соловьёв Алексей Кириллович,прапорщик,12,26
Фёдоров Роман Викторович,рядовой,4,35
Борисов Павел Олегович,лейтенант,6,39
Попов Егор Викторович,майор,10,26
Никитин Константин Романович,капитан,9,43
Макаров Степан Юрьевич,капитан,4,38
Борисов Михаил Романович,лейтенант,1,56
Соловьёв Сергей Никитич,полковник,11,31
Никитин Константин Андреевич,полковник,7,23
Козлов Максим Ильич,капитан,12,38
Морозов Матвей Сергеевич,прапорщик,3,35
Кочергин Виктор Ильич,майор,9,42
Зайцев Денис Иванович,рядовой,8,24
Николаев Степан Юрьевич,полковник,9,55
Попов Иван Михайлович,рядовой,11,42
Иванов Егор Павлович,майор,12,19
Павлов Виктор Олегович,капитан,11,28
Попов Никита Юрьевич,рядовой,11,25
Фёдоров Артём Михайлович,лейтенант,7,21
Кузнецов Егор Сергеевич,прапорщик,7,29
Соколов Олег Дмитриевич,майор,5,42
Егоров Дмитрий Максимович,полковник,8,56
Лебедев Павел Алексеевич,полковник,11,24
Борисов Степан Юрьевич,капитан,9,21
Кузнецов Евгений Олегович,полковник,9,22
Смирнов Степан Юрьевич,рядовой,9,50
Борисов Роман Кириллович,прапорщик,7,37
Соколов Роман Сергеевич,прапорщик,9,59
Кочергин Александр Кириллович,полковник,11,57
Алексеев Илья Никитич,сержант,11,19
Петров Иван Андреевич,капитан,3,30
Макаров Денис Максимович,полковник,7,24
Борисов Евгений Дмитриевич,майор,8,38
Козлов Иван Алексеевич,прапорщик,5,21
Михайлов Матвей Ильич,рядовой,2,44
Фёдоров Егор Юрьевич,полковник,11,33
Соловьёв Максим Викторович,лейтенант,3,20
Кочергин Илья Михайлович,прапорщик,7,32
Алексеев Артём Никитич,сержант,9,56
Никитин Константин Михайлович,прапорщик,3,58
Михайлов Илья Максимович,лейтенант,8,36
Иванов Алексей Юрьевич,лейтенант,5,50
Смирнов Роман Олегович,рядовой,5,27
Семёнов Павел Павлович,рядовой,3,27
Яковлев Олег Дмитриевич,полковник,2,25
Захаров Константин Юрьевич,рядовой,11,30
Борисов Илья Сергеевич,прапорщик,11,19
Никитин Кирилл Иванович,майор,2,53
Михайлов Сергей Дмитриевич,прапорщик,3,42
Андреев Денис Кириллович,прапорщик,6,35
Соловьёв Роман Дмитриевич,прапорщик,11,24
Николаев Олег Павлович,майор,6,28
Андреев Алексей Алексеевич,сержант,12,45
Макаров Александр Никитич,майор,10,34
Зайцев Юрий Иванович,лейтенант,9,27
Васильев Матвей Викторович,полковник,6,51
Никитин Никита Алексеевич,капитан,2,21
Никитин Максим Сергеевич,прапорщик,8,53
Андреев Дмитрий Сергеевич,рядовой,3,53
Яковлев Михаил Алексеевич,капитан,6,20
Лебедев Константин Сергеевич,сержант,3,53
Захаров Артём Юрьевич,прапорщик,3,53
Морозов Михаил Викторович,майор,1,20
Борисов Дмитрий Олегович,сержант,1,52
Смирнов Матвей Сергеевич,рядовой,10,46
Иванов Павел Олегович,капитан,4,20
Зайцев Дмитрий Дмитриевич,капитан,4,51
Николаев Никита Сергеевич,капитан,1,55
Андреев Сергей Дмитриевич,майор,5,37
Михайлов Степан Ильич,майор,3,19
Попов Михаил Павлович,майор,3,30
Борисов Дмитрий Александрович,майор,4,53
Соколов Сергей Михайлович,полковник,11,47
Кочергин Иван Андреевич,сержант,1,32
Лебедев Степан Олегович,сержант,5,43
Андреев Илья Михайлович,полковник,10,39
Яковлев Иван Алексеевич,капитан,5,19
Морозов Матвей Романович,прапорщик,11,48
Петров Михаил Кириллович,лейтенант,9,39
Фёдоров Степан Максимович,лейтенант,2,43
Павлов Илья Дмитриевич,лейтенант,6,35
Захаров Константин Андреевич,майор,3,29
Макаров Артём Александрович,лейтенант,12,42
Иванов Константин Романович,капитан,4,30
Никитин Виктор Ильич,прапорщик,4,29
Петров Кирилл Максимович,полковник,7,33
Попов Андрей Иванович,майор,11,19
Козлов Алексей Викторович,полковник,11,21
Попов Денис Сергеевич,прапорщик,2,30
Кочергин Роман Юрьевич,полковник,10,27
Захаров Артём Андреевич,лейтенант,12,31
Захаров Олег Александрович,капитан,12,31
Андреев Сергей Олегович,лейтенант,8,38
Семёнов Олег Олегович,полковник,8,42
Попов Олег Юрьевич,капитан,8,59
Борисов Никита Кириллович,майор,1,46
Яковлев Максим Александрович,капитан,4,30
Петров Кирилл Алексеевич,капитан,2,38
Орлов Виктор Романович,прапорщик,7,43
Семёнов Егор Никитич,майор,5,55
Никитин Евгений Никитич,майор,5,49
Смирнов Никита Иванович,прапорщик,3,26
Лебедев Иван Михайлович,лейтенант,8,31
Лебедев Иван Александрович,прапорщик,4,34
Васильев Константин Юрьевич,прапорщик,5,58
Соловьёв Никита Александрович,лейтенант,3,38
Петров Сергей Никитич,полковник,10,27
Кочергин Максим Олегович,лейтенант,2,60
Алексеев Дмитрий Никитич,капитан,3,58
Попов Константин Кириллович,капитан,4,60
Никитин Роман Дмитриевич,майор,2,60
Иванов Кирилл Сергеевич,капитан,9,50
Алексеев Илья Ильич,майор,1,23
Андреев Илья Сергеевич,майор,8,34
Соколов Михаил Михайлович,майор,2,38
Васильев Роман Михайлович,полковник,2,26
Никитин Андрей Викторович,майор,8,47
Кочергин Дмитрий Ильич,сержант,12,25
Никитин Егор Олегович,сержант,5,40
Николаев Никита Иванович,майор,12,60
Орлов Роман Сергеевич,лейтенант,2,50
Соколов Виктор Олегович,полковник,5,49
Павлов Виктор Максимович,полковник,3,28
Зайцев Роман Андреевич,прапорщик,12,37
Попов Никита Дмитриевич,полковник,7,20
Соколов Степан Дмитриевич,капитан,2,42
Семёнов Матвей Викторович,рядовой,7,57
Морозов Илья Павлович,рядовой,5,18
Кочергин Дмитрий Никитич,прапорщик,6,40
Кочергин Степан Ильич,капитан,7,42
Сидоров Роман Кириллович,сержант,7,21
Степанов Александр Романович,рядовой,3,30
Орлов Евгений Дмитриевич,капитан,11,37
Сидоров Роман Алексеевич,майор,2,48
Михайлов Олег Максимович,капитан,11,27
Зайцев Кирилл Ильич,майор,9,44
Степанов Дмитрий Иванович,капитан,9,28
Алексеев Павел Михайлович,рядовой,2,50
Макаров Кирилл Юрьевич,полковник,4,27
Захаров Матвей Дмитриевич,майор,9,43
Козлов Егор Павлович,капитан,10,25
Васильев Степан Дмитриевич,лейтенант,8,40
Новиков Максим Викторович,прапорщик,5,58
Макаров Матвей Павлович,капитан,1,37
Кузнецов Илья Викторович,сержант,9,23
Морозов Павел Олегович,полковник,8,27
Петров Кирилл Олегович,капитан,3,21
Андреев Виктор Максимович,рядовой,1,52
Андреев Александр Сергеевич,майор,8,57
Борисов Александр Михайлович,капитан,10,28
Морозов Андрей Павлович,майор,7,31
Кузнецов Евгений Александрович,прапорщик,5,40
Фёдоров Денис Максимович,полковник,7,18
Макаров Андрей Андреевич,рядовой,8,36
Морозов Артём Кириллович,полковник,1,50
Новиков Никита Михайлович,капитан,3,49
Новиков Константин Никитич,лейтенант,4,59
Петров Роман Ильич,сержант,10,43
Борисов Евгений Дмитриевич,рядовой,3,43
Морозов Степан Викторович,капитан,4,24
Кузнецов Дмитрий Романович,сержант,2,58
Новиков Денис Павлович,сержант,12,22
Кочергин Андрей Павлович,сержант,3,52
Захаров Виктор Андреевич,сержант,4,32
Петров Максим Юрьевич,прапорщик,5,27
Лебедев Михаил Алексеевич,майор,8,59
Иванов Андрей Кириллович,полковник,5,26
Борисов Александр Андреевич,майор,2,54
Смирнов Сергей Дмитриевич,майор,11,32
Захаров Кирилл Алексеевич,капитан,6,50
Орлов Илья Алексеевич,полковник,4,40
Орлов Сергей Иванович,майор,3,41
Захаров Денис Олегович,рядовой,6,37
Соловьёв Александр Алексеевич,лейтенант,6,44
Семёнов Павел Романович,майор,2,29
Егоров Павел Викторович,сержант,3,26
Козлов Алексей Олегович,сержант,3,57
Павлов Дмитрий Павлович,прапорщик,2,44
Фёдоров Андрей Иванович,полковник,1,36
Фёдоров Константин Кириллович,сержант,10,26
Новиков Степан Юрьевич,рядовой,6,27
Николаев Максим Ильич,лейтенант,12,38
Соколов Олег Сергеевич,майор,5,57
Яковлев Кирилл Дмитриевич,рядовой,11,29
Никитин Артём Олегович,лейтенант,3,41
Михайлов Виктор Павлович,майор,11,43
Макаров Сергей Никитич,полковник,6,26
Новиков Олег Романович,сержант,8,28
Михайлов Андрей Андреевич,сержант,9,24
Соловьёв Сергей Романович,майор,9,60
Андреев Денис Сергеевич,сержант,4,58
Васильев Александр Олегович,полковник,8,41
Яковлев Егор Романович,лейтенант,11,33
Кочергин Михаил Алексеевич,лейтенант,8,24
Егоров Константин Романович,майор,10,45
Егоров Михаил Викторович,прапорщик,7,36
Зайцев Кирилл Ильич,сержант,11,47
Сидоров Алексей Павлович,лейтенант,9,43
Кочергин Максим Сергеевич,сержант,2,34
Захаров Виктор Кириллович,лейтенант,11,47
Яковлев Константин Викторович,лейтенант,7,57
Иванов Евгений Викторович,лейтенант,11,33
Макаров Матвей Ильич,лейтенант,2,21
Васильев Роман Юрьевич,прапорщик,4,50
Сидоров Виктор Александрович,майор,8,20
Орлов Кирилл Викторович,рядовой,9,43
Семёнов Иван Кириллович,прапорщик,12,49
Семёнов Алексей Дмитриевич,прапорщик,5,19
Павлов Степан Олегович,полковник,5,22
Козлов Евгений Ильич,капитан,11,51
Попов Денис Сергеевич,полковник,9,44
Андреев Роман Сергеевич,рядовой,2,31
Козлов Сергей Никитич,рядовой,10,34
Кочергин Кирилл Андреевич,полковник,7,18
Михайлов Кирилл Романович,капитан,10,45
Егоров Максим Алексеевич,майор,3,31
Макаров Константин Кириллович,майор,5,32
Сидоров Максим Михайлович,капитан,9,34
Михайлов Андрей Ильич,сержант,10,48
Сидоров Артём Ильич,лейтенант,3,44
Новиков Никита Ильич,сержант,8,31
Петров Максим Сергеевич,капитан,12,18
Михайлов Никита Кириллович,прапорщик,8,50
Орлов Андрей Алексеевич,лейтенант,7,22
Петров Константин Андреевич,майор,12,20
Смирнов Алексей Кириллович,майор,9,60
Козлов Юрий Романович,сержант,8,42
Петров Константин Олегович,лейтенант,5,21
Соловьёв Олег Юрьевич,прапорщик,4,24
Орлов Сергей Андреевич,майор,6,21
Борисов Кирилл Олегович,сержант,12,23
Смирнов Артём Никитич,майор,8,43
Соловьёв Илья Олегович,прапорщик,2,37
Захаров Илья Алексеевич,капитан,5,34
Макаров Денис Кириллович,рядовой,9,19
Зайцев Кирилл Михайлович,прапорщик,6,35
Алексеев Михаил Дмитриевич,капитан,5,31
Морозов Илья Михайлович,прапорщик,7,55
Макаров Константин Алексеевич,капитан,6,26
Степанов Михаил Никитич,капитан,6,59
Яковлев Михаил Иванович,рядовой,11,19
Соловьёв Виктор Сергеевич,полковник,8,29
Кочергин Матвей Иванович,капитан,9,35
Орлов Виктор Олегович,сержант,3,21
Иванов Константин Максимович,рядовой,2,28
Николаев Максим Никитич,лейтенант,5,27
Андреев Виктор Сергеевич,лейтенант,2,21
Новиков Михаил Викторович,полковник,9,49
Степанов Павел Кириллович,прапорщик,11,31
Павлов Олег Максимович,рядовой,8,25
Зайцев Матвей Андреевич,прапорщик,10,43
Козлов Артём Дмитриевич,прапорщик,8,25
Кочергин Никита Павлович,капитан,2,53
Николаев Павел Юрьевич,прапорщик,4,21
Соколов Олег Олегович,капитан,3,25
Новиков Константин Романович,майор,12,58
Михайлов Никита Алексеевич,капитан,6,36
Соколов Юрий Викторович,полковник,3,54
Смирнов Алексей Кириллович,рядовой,3,36
Никитин Иван Кириллович,прапорщик,6,40
Егоров Михаил Дмитриевич,рядовой,7,56
Попов Илья Юрьевич,капитан,7,35
Смирнов Илья Иванович,майор,7,48
Степанов Роман Никитич,майор,11,35
Алексеев Андрей Андреевич,полковник,9,22
Борисов Никита Сергеевич,майор,1,34
Попов Артём Михайлович,рядовой,5,31
Егоров Андрей Максимович,сержант,5,43
Никитин Матвей Алексеевич,сержант,2,31
Соловьёв Алексей Александрович,прапорщик,2,24
Андреев Александр Сергеевич,полковник,3,55
Алексеев Роман Романович,прапорщик,1,57
Сидоров Денис Никитич,сержант,5,50
Лебедев Никита Иванович,рядовой,4,20
Андреев Илья Михайлович,майор,8,19
Николаев Степан Никитич,лейтенант,5,23
Борисов Никита Олегович,лейтенант,9,59
Михайлов Егор Александрович,лейтенант,12,59
Андреев Виктор Романович,прапорщик,11,50
Степанов Михаил Алексеевич,рядовой,3,42
Петров Никита Михайлович,прапорщик,1,43
Фёдоров Роман Ильич,полковник,1,28
Орлов Дмитрий Никитич,майор,3,54
Андреев Олег Дмитриевич,полковник,1,56
Павлов Денис Александрович,сержант,4,20
Соловьёв Максим Юрьевич,полковник,11,38
Соловьёв Денис Романович,майор,3,43
Семёнов Денис Никитич,капитан,4,43
Михайлов Дмитрий Кириллович,полковник,12,36
Васильев Никита Викторович,капитан,2,37
Кузнецов Дмитрий Кириллович,лейтенант,1,18
Васильев Сергей Максимович,прапорщик,8,38
Кузнецов Кирилл Сергеевич,рядовой,5,58
Захаров Андрей Сергеевич,рядовой,10,40
Зайцев Андрей Кириллович,рядовой,2,55
Андреев Сергей Сергеевич,лейтенант,7,23
Захаров Иван Максимович,майор,5,53
Андреев Иван Ильич,майор,2,18
Кузнецов Илья Никитич,прапорщик,1,51
Павлов Матвей Сергеевич,капитан,3,47
Морозов Виктор Олегович,сержант,12,35
Фёдоров Андрей Алексеевич,рядовой,11,44
Павлов Евгений Сергеевич,прапорщик,9,37
Кочергин Илья Максимович,прапорщик,6,31
Борисов Матвей Алексеевич,майор,10,44
Сидоров Сергей Юрьевич,полковник,6,23
Морозов Дмитрий Романович,рядовой,1,49
Никитин Егор Викторович,прапорщик,12,33
Соловьёв Константин Ильич,сержант,2,51
Васильев Матвей Дмитриевич,сержант,3,27
Кузнецов Александр Романович,сержант,11,19
Степанов Александр Александрович,полковник,8,32
Фёдоров Егор Максимович,лейтенант,11,24
Макаров Кирилл Дмитриевич,прапорщик,6,35
Петров Павел Алексеевич,капитан,11,38
Морозов Михаил Андреевич,капитан,5,41
Попов Илья Викторович,рядовой,1,28
Козлов Артём Александрович,капитан,5,20
Захаров Михаил Михайлович,сержант,9,57
Фёдоров Кирилл Олегович,полковник,4,46
Алексеев Юрий Иванович,капитан,11,28
Яковлев Евгений Ильич,капитан,3,37
Новиков Константин Андреевич,лейтенант,1,58
Соколов Сергей Романович,лейтенант,7,58
Алексеев Сергей Михайлович,майор,6,27
Семёнов Михаил Ильич,полковник,1,28
Борисов Виктор Юрьевич,майор,5,45
Соловьёв Андрей Олегович,прапорщик,1,57
Яковлев Дмитрий Дмитриевич,капитан,7,50
Захаров Константин Викторович,сержант,8,41
Андреев Кирилл Андреевич,рядовой,4,50
Кузнецов Евгений Ильич,сержант,2,49
Соколов Андрей Викторович,лейтенант,11,41
Лебедев Михаил Александрович,прапорщик,4,31
Алексеев Андрей Юрьевич,лейтенант,11,52
Павлов Юрий Юрьевич,полковник,5,35
Кочергин Павел Максимович,прапорщик,5,52
Орлов Егор Иванович,лейтенант,12,34
Новиков Артём Викторович,прапорщик,4,50
Новиков Александр Юрьевич,сержант,2,23
Кочергин Алексей Иванович,полковник,4,38
Морозов Матвей Дмитриевич,прапорщик,5,56
Попов Александр Павлович,лейтенант,12,43
Степанов Евгений Андреевич,капитан,9,44
Новиков Евгений Викторович,капитан,11,18
Морозов Андрей Андреевич,рядовой,1,56
Алексеев Денис Павлович,капитан,11,32
Козлов Никита Олегович,полковник,4,56
Козлов Александр Романович,рядовой,3,20
Попов Илья Максимович,рядовой,6,36
Степанов Олег Кириллович,прапорщик,6,23
Михайлов Евгений Михайлович,сержант,3,54
Орлов Андрей Олегович,лейтенант,6,27
Новиков Егор Викторович,полковник,8,43
Андреев Андрей Ильич,лейтенант,11,37
Захаров Иван Олегович,капитан,12,34
Попов Степан Романович,капитан,4,25
Николаев Максим Викторович,лейтенант,8,27
Лебедев Илья Алексеевич,лейтенант,8,41
Михайлов Егор Сергеевич,майор,4,54
Степанов Виктор Иванович,майор,5,38
Степанов Степан Иванович,прапорщик,6,22
Морозов Максим Андреевич,полковник,12,60
Орлов Виктор Михайлович,полковник,1,28
Никитин Виктор Иванович,прапорщик,10,54
Орлов Денис Дмитриевич,сержант,2,23
Яковлев Павел Дмитриевич,капитан,7,25
Новиков Егор Викторович,полковник,9,44
Смирнов Илья Романович,сержант,10,45
Михайлов Виктор Михайлович,капитан,4,41
Кочергин Михаил Никитич,полковник,2,37
Морозов Андрей Романович,полковник,12,46
Павлов Илья Андреевич,капитан,2,35
Степанов Евгений Дмитриевич,майор,11,57
Зайцев Максим Иванович,майор,2,26
Семёнов Сергей Александрович,майор,9,35
Алексеев Иван Никитич,полковник,4,45
Николаев Олег Никитич,майор,4,30
Никитин Максим Александрович,капитан,7,51
Макаров Роман Кириллович,прапорщик,1,41
Захаров Артём Кириллович,сержант,4,23
Борисов Никита Михайлович,майор,10,50
Новиков Юрий Олегович,лейтенант,11,30
Павлов Александр Александрович,прапорщик,9,33
Никитин Дмитрий Юрьевич,рядовой,6,51
Васильев Илья Олегович,лейтенант,2,23
Васильев Роман Ильич,сержант,9,51
Петров Степан Максимович,сержант,7,42
Новиков Степан Дмитриевич,полковник,8,58
Козлов Алексей Ильич,сержант,5,23
Андреев Илья Кириллович,сержант,3,38
Петров Евгений Павлович,прапорщик,6,45
Алексеев Илья Алексеевич,капитан,12,20
Зайцев Юрий Романович,полковник,5,58
Захаров Константин Кириллович,капитан,4,23
Захаров Денис Максимович,сержант,8,59
Фёдоров Александр Викторович,лейтенант,7,48
Лебедев Кирилл Викторович,майор,10,25
Попов Алексей Кириллович,майор,1,37
Кочергин Константин Юрьевич,рядовой,3,18
Никитин Виктор Андреевич,полковник,2,52
Андреев Павел Андреевич,рядовой,8,52
Кочергин Никита Олегович,капитан,7,26
Никитин Кирилл Романович,прапорщик,9,60
Макаров Дмитрий Ильич,лейтенант,6,41
Николаев Евгений Алексеевич,майор,1,35
Никитин Виктор Ильич,лейтенант,1,49
Зайцев Илья Андреевич,рядовой,6,44
Фёдоров Павел Сергеевич,прапорщик,1,30
Козлов Александр Никитич,лейтенант,11,27
Иванов Денис Дмитриевич,капитан,11,20
Попов Олег Никитич,лейтенант,11,32
Яковлев Роман Максимович,рядовой,9,54
Фёдоров Константин Максимович,прапорщик,5,25
Кузнецов Михаил Павлович,полковник,3,47
Степанов Олег Михайлович,сержант,5,32
Степанов Егор Сергеевич,лейтенант,12,30
Кочергин Виктор Сергеевич,сержант,1,60
Лебедев Олег Андреевич,прапорщик,10,18
Васильев Артём Сергеевич,майор,12,55
Попов Егор Алексеевич,прапорщик,10,40
Кузнецов Степан Андреевич,майор,9,23
Васильев Виктор Павлович,сержант,1,57
Иванов Максим Кириллович,майор,10,31
Семёнов Дмитрий Максимович,лейтенант,6,59
Иванов Денис Алексеевич,рядовой,7,46
Сидоров Андрей Александрович,майор,2,51
Орлов Олег Никитич,капитан,3,57
Макаров Егор Никитич,майор,5,52
Михайлов Дмитрий Ильич,майор,10,24
Борисов Денис Кириллович,прапорщик,2,49
Захаров Сергей Александрович,лейтенант,1,36
Михайлов Иван Андреевич,полковник,4,55
Яковлев Виктор Юрьевич,майор,1,55
Кочергин Степан Романович,майор,7,51
Попов Олег Максимович,полковник,2,46
Михайлов Виктор Ильич,рядовой,12,21
Павлов Роман Юрьевич,полковник,5,55
Смирнов Виктор Кириллович,капитан,8,22
Яковлев Степан Ильич,прапорщик,1,31
Иванов Иван Александрович,лейтенант,3,21
Соловьёв Матвей Алексеевич,рядовой,7,46
Попов Роман Сергеевич,полковник,2,19
Орлов Евгений Алексеевич,лейтенант,2,53
Лебедев Юрий Романович,рядовой,7,23
Андреев Степан Дмитриевич,рядовой,3,60
Алексеев Михаил Викторович,майор,11,47
Николаев Никита Дмитриевич,сержант,9,27
Попов Павел Павлович,лейтенант,5,51
Соловьёв Максим Михайлович,прапорщик,7,18
Алексеев Павел Иванович,капитан,8,35
Лебедев Роман Михайлович,прапорщик,1,48
Кочергин Виктор Максимович,сержант,8,33
Степанов Юрий Юрьевич,майор,2,42
Алексеев Дмитрий Никитич,майор,10,53
Козлов Александр Павлович,капитан,10,24
Кочергин Алексей Никитич,капитан,10,55
Попов Дмитрий Сергеевич,рядовой,3,37
Кочергин Евгений Кириллович,рядовой,9,37
Васильев Евгений Александрович,капитан,10,31
Новиков Артём Викторович,капитан,5,60
Петров Максим Максимович,прапорщик,5,23
Фёдоров Максим Максимович,полковник,7,36
Козлов Юрий Олегович,лейтенант,6,45
Борисов Денис Романович,капитан,8,24
Никитин Иван Олегович,лейтенант,2,39
Кузнецов Роман Викторович,лейтенант,12,57
Степанов Алексей Ильич,капитан,12,44
Сидоров Андрей Михайлович,сержант,12,54
Андреев Александр Андреевич,майор,1,53
Васильев Александр Павлович,прапорщик,1,39
Смирнов Максим Ильич,майор,7,31
Козлов Андрей Иванович,лейтенант,8,19
Захаров Денис Дмитриевич,прапорщик,11,44
Петров Виктор Алексеевич,рядовой,6,33
Алексеев Сергей Андреевич,лейтенант,5,42
Кочергин Максим Никитич,майор,9,34
Соколов Артём Романович,майор,1,34
Зайцев Степан Никитич,лейтенант,4,59
Алексеев Илья Павлович,лейтенант,4,52
Соколов Матвей Павлович,майор,12,58
Алексеев Евгений Александрович,полковник,1,35
Зайцев Олег Максимович,рядовой,2,44
Егоров Сергей Романович,майор,11,36
Семёнов Александр Кириллович,рядовой,4,22
Кочергин Роман Павлович,прапорщик,1,58
Макаров Константин Иванович,сержант,3,56
Соколов Максим Сергеевич,рядовой,9,35
Никитин Олег Иванович,сержант,4,53
Соколов Илья Ильич,сержант,8,34
Степанов Алексей Павлович,прапорщик,2,43
Сидоров Денис Иванович,прапорщик,11,37
Захаров Евгений Викторович,полковник,9,31
Захаров Евгений Романович,прапорщик,12,27
Зайцев Павел Юрьевич,прапорщик,9,32
Орлов Денис Ильич,майор,4,52
Козлов Сергей Ильич,сержант,8,56
Андреев Максим Ильич,полковник,3,24
Михайлов Виктор Иванович,рядовой,12,50
Новиков Степан Юрьевич,майор,12,18
Андреев Матвей Павлович,лейтенант,6,56
Морозов Павел Романович,капитан,8,50
Сидоров Евгений Максимович,капитан,9,26
Орлов Михаил Сергеевич,рядовой,11,48
Попов Константин Иванович,сержант,2,40
Алексеев Юрий Сергеевич,сержант,10,23
Семёнов Егор Александрович,рядовой,7,22
Степанов Сергей Кириллович,сержант,4,43
Лебедев Максим Михайлович,капитан,2,42
Лебедев Кирилл Олегович,майор,3,32
Новиков Роман Павлович,сержант,3,22
Зайцев Никита Андреевич,сержант,12,55
Борисов Илья Олегович,сержант,7,45
Сидоров Кирилл Максимович,прапорщик,2,47
Орлов Олег Никитич,майор,9,36
Борисов Юрий Ильич,сержант,8,37
Петров Степан Романович,рядовой,7,21
Васильев Евгений Иванович,прапорщик,11,21
Смирнов Никита Романович,лейтенант,9,38
Петров Юрий Сергеевич,капитан,3,20
Степанов Евгений Иванович,прапорщик,1,60
Михайлов Дмитрий Юрьевич,майор,9,41
Васильев Алексей Сергеевич,полковник,12,35
Васильев Степан Дмитриевич,сержант,4,59
Павлов Артём Александрович,полковник,6,19
Попов Михаил Сергеевич,капитан,11,40
Новиков Егор Александрович,лейтенант,2,21
Алексеев Егор Романович,рядовой,9,18
Макаров Степан Андреевич,рядовой,4,34
Козлов Андрей Андреевич,майор,3,22
Павлов Павел Ильич,лейтенант,5,38
Степанов Константин Ильич,полковник,9,36
Новиков Денис Максимович,сержант,4,32
Макаров Иван Олегович,лейтенант,4,29
Кочергин Андрей Иванович,прапорщик,5,47
Семёнов Андрей Сергеевич,майор,1,52
Лебедев Егор Сергеевич,капитан,3,60
Степанов Виктор Романович,лейтенант,9,20
Соловьёв Константин Олегович,прапорщик,6,41
Лебедев Олег Павлович,полковник,11,58
Кочергин Олег Алексеевич,капитан,2,37
Сидоров Роман Никитич,сержант,3,56
Фёдоров Александр Дмитриевич,майор,8,28
Кузнецов Иван Андреевич,прапорщик,2,23
Морозов Максим Иванович,сержант,11,45
Соловьёв Кирилл Викторович,лейтенант,4,22
Соколов Матвей Сергеевич,сержант,4,45
Иванов Денис Алексеевич,сержант,6,29
Макаров Кирилл Олегович,прапорщик,7,54
Кузнецов Павел Викторович,майор,6,50
Петров Никита Михайлович,майор,10,50
Макаров Алексей Александрович,майор,12,54
Павлов Максим Александрович,полковник,9,41
Павлов Никита Ильич,рядовой,2,49
Никитин Илья Романович,прапорщик,12,59
Макаров Александр Ильич,прапорщик,6,38
Козлов Максим Ильич,лейтенант,10,54
Сидоров Юрий Ильич,сержант,1,30
Морозов Кирилл Иванович,лейтенант,6,43
Никитин Павел Романович,прапорщик,5,31
Орлов Дмитрий Викторович,лейтенант,12,40
Орлов Максим Максимович,майор,4,19
Морозов Евгений Кириллович,полковник,7,56
Никитин Алексей Кириллович,рядовой,9,24
Степанов Никита Олегович,полковник,9,25
Лебедев Алексей Сергеевич,прапорщик,8,18
Алексеев Юрий Максимович,сержант,1,40
Борисов Кирилл Олегович,капитан,12,58
Новиков Юрий Дмитриевич,капитан,3,26
Смирнов Виктор Дмитриевич,рядовой,7,18
Семёнов Кирилл Никитич,майор,1,43
Смирнов Андрей Романович,сержант,6,19
Фёдоров Артём Романович,рядовой,6,60
Борисов Илья Кириллович,сержант,6,42
Иванов Александр Максимович,сержант,3,50
Степанов Евгений Кириллович,майор,4,44
Васильев Артём Алексеевич,лейтенант,8,35
Егоров Матвей Викторович,лейтенант,4,40
Козлов Иван Олегович,капитан,6,40
Новиков Максим Олегович,лейтенант,12,24
Петров Артём Олегович,полковник,5,49
Попов Максим Никитич,капитан,5,45
Никитин Дмитрий Никитич,майор,7,43
Степанов Никита Викторович,рядовой,10,43
Козлов Артём Алексеевич,полковник,9,34
Фёдоров Константин Максимович,полковник,4,37
Иванов Виктор Сергеевич,лейтенант,11,41
Морозов Матвей Павлович,сержант,9,37
Захаров Павел Кириллович,прапорщик,12,28
Кочергин Матвей Никитич,капитан,5,58
Андреев Никита Кириллович,сержант,10,34
Сидоров Степан Викторович,майор,5,20
Захаров Михаил Иванович,сержант,12,36
Соловьёв Дмитрий Максимович,полковник,4,18
Егоров Степан Дмитриевич,майор,2,26
Кочергин Андрей Андреевич,полковник,3,58
Новиков Виктор Олегович,прапорщик,5,50
Захаров Матвей Сергеевич,майор,7,59
Никитин Евгений Александрович,прапорщик,5,27
Зайцев Михаил Викторович,прапорщик,10,48
Кузнецов Егор Максимович,майор,12,44
Захаров Максим Викторович,прапорщик,5,19
Борисов Иван Ильич,сержант,5,26
Никитин Евгений Никитич,капитан,2,42
Иванов Сергей Михайлович,прапорщик,7,21
Новиков Никита Романович,лейтенант,1,39
Соколов Степан Александрович,капитан,11,50
Попов Евгений Павлович,капитан,6,48
Зайцев Максим Сергеевич,майор,4,18
Козлов Роман Максимович,рядовой,7,53
Семёнов Денис Олегович,полковник,8,30
Алексеев Степан Иванович,майор,10,59
Андреев Роман Романович,полковник,6,58
Николаев Никита Сергеевич,лейтенант,2,32
Борисов Матвей Павлович,полковник,3,34
Захаров Алексей Сергеевич,сержант,3,28
Сидоров Денис Сергеевич,сержант,6,41
Фёдоров Сергей Иванович,прапорщик,4,37
Соловьёв Александр Максимович,полковник,2,24
Семёнов Роман Андреевич,сержант,11,57
Егоров Виктор Иванович,сержант,12,59
Орлов Евгений Иванович,прапорщик,2,55
Никитин Роман Никитич,капитан,1,22
Яковлев Денис Кириллович,капитан,4,36
Кочергин Артём Кириллович,сержант,1,22
Егоров Дмитрий Александрович,капитан,7,54
Орлов Егор Олегович,сержант,7,51
Михайлов Евгений Романович,полковник,1,31
Соловьёв Никита Викторович,лейтенант,2,41
Кузнецов Олег Максимович,лейтенант,12,36
Попов Александр Романович,полковник,3,49
Смирнов Никита Максимович,полковник,8,59
Николаев Никита Андреевич,рядовой,1,40
Кочергин Никита Андреевич,капитан,2,21
Макаров Артём Александрович,лейтенант,12,43
Зайцев Андрей Кириллович,прапорщик,6,35
Кочергин Максим Ильич,капитан,12,39
Соколов Максим Сергеевич,капитан,12,55
Борисов Сергей Викторович,прапорщик,5,18
Семёнов Никита Олегович,майор,9,55
Смирнов Илья Олегович,капитан,1,34
Борисов Алексей Юрьевич,сержант,5,23
Попов Никита Александрович,капитан,5,29
Лебедев Никита Андреевич,лейтенант,11,28
Павлов Евгений Романович,лейтенант,3,28
Никитин Евгений Андреевич,майор,10,47
Новиков Никита Сергеевич,майор,7,60
Петров Константин Андреевич,лейтенант,2,48
Семёнов Дмитрий Дмитриевич,прапорщик,12,49
Макаров Никита Павлович,сержант,3,47
Попов Александр Ильич,рядовой,9,57
Иванов Максим Юрьевич,рядовой,12,28
Фёдоров Александр Александрович,полковник,12,23
Лебедев Егор Алексеевич,майор,4,41
Козлов Артём Олегович,сержант,11,42
Яковлев Андрей Викторович,сержант,9,43
Орлов Иван Иванович,рядовой,11,24
Кочергин Сергей Юрьевич,прапорщик,7,20
Егоров Степан Павлович,рядовой,8,23
Семёнов Матвей Максимович,капитан,10,39
Новиков Олег Дмитриевич,сержант,8,54
Морозов Дмитрий Романович,сержант,11,48
Новиков Степан Викторович,лейтенант,7,39
Иванов Илья Олегович,прапорщик,7,38
Павлов Егор Андреевич,капитан,7,48
Петров Илья Андреевич,сержант,12,43
Михайлов Иван Никитич,полковник,1,59
Соловьёв Юрий Кириллович,рядовой,2,36
Козлов Евгений Максимович,рядовой,12,21
Зайцев Константин Сергеевич,сержант,9,29
Николаев Алексей Андреевич,прапорщик,5,54
Степанов Алексей Юрьевич,капитан,9,53
Никитин Степан Романович,полковник,1,45
Петров Никита Алексеевич,рядовой,2,37
Иванов Виктор Михайлович,полковник,2,52
Никитин Михаил Юрьевич,полковник,8,58
Николаев Евгений Александрович,сержант,2,34
Соколов Александр Викторович,рядовой,10,57
Иванов Матвей Никитич,рядовой,6,38
Зайцев Илья Ильич,капитан,7,26
Фёдоров Степан Иванович,полковник,12,43
Алексеев Кирилл Павлович,сержант,5,37
Иванов Роман Юрьевич,прапорщик,8,33
Кочергин Илья Олегович,полковник,7,47
Никитин Евгений Иванович,полковник,5,59
Яковлев Андрей Иванович,прапорщик,4,44
Алексеев Юрий Кириллович,майор,9,41
Михайлов Егор Викторович,капитан,2,38
Смирнов Андрей Александрович,полковник,2,19
Лебедев Евгений Павлович,лейтенант,8,34
Борисов Егор Павлович,сержант,12,44
Зайцев Юрий Иванович,полковник,10,55
Новиков Михаил Дмитриевич,рядовой,7,35
Михайлов Денис Павлович,лейтенант,11,32
Макаров Илья Кириллович,полковник,12,49
Иванов Олег Михайлович,рядовой,1,34
Кочергин Роман Кириллович,капитан,8,24
Захаров Александр Юрьевич,майор,10,24
Макаров Олег Олегович,сержант,10,58
Попов Роман Сергеевич,рядовой,11,57
Орлов Максим Михайлович,сержант,4,51
Степанов Денис Романович,рядовой,9,40
Козлов Матвей Сергеевич,капитан,6,27
Иванов Александр Романович,прапорщик,8,36
Макаров Сергей Юрьевич,рядовой,8,59
Яковлев Кирилл Александрович,прапорщик,7,41
Козлов Артём Сергеевич,прапорщик,3,53
Петров Андрей Александрович,сержант,12,48
Лебедев Артём Викторович,майор,8,20
Новиков Илья Александрович,капитан,12,26
Козлов Дмитрий Дмитриевич,лейтенант,12,36
Яковлев Матвей Андреевич,лейтенант,6,41
Козлов Александр Иванович,лейтенант,6,59
Петров Александр Юрьевич,капитан,5,26
Семёнов Максим Максимович,сержант,2,40
Кочергин Константин Юрьевич,сержант,9,20
Зайцев Роман Александрович,лейтенант,1,37
Михайлов Илья Ильич,прапорщик,4,52
Михайлов Виктор Александрович,капитан,11,23
Лебедев Никита Михайлович,майор,12,56
Макаров Андрей Павлович,лейтенант,11,51
Степанов Александр Олегович,рядовой,10,24
Макаров Дмитрий Никитич,капитан,7,19
Николаев Алексей Александрович,прапорщик,6,54
Орлов Егор Иванович,рядовой,11,39
Фёдоров Максим Олегович,лейтенант,9,51
Орлов Матвей Алексеевич,капитан,3,52
Алексеев Степан Павлович,прапорщик,9,30
Семёнов Павел Кириллович,сержант,5,29
Егоров Артём Алексеевич,капитан,5,24
Новиков Степан Никитич,полковник,11,44
Егоров Иван Юрьевич,капитан,9,20
Зайцев Денис Дмитриевич,сержант,11,43
Семёнов Олег Викторович,майор,12,42
Лебедев Матвей Александрович,сержант,10,23
Петров Михаил Сергеевич,лейтенант,12,21
Павлов Роман Кириллович,капитан,10,49
Лебедев Никита Юрьевич,рядовой,9,24
Степанов Иван Максимович,прапорщик,4,31
Егоров Юрий Викторович,прапорщик,3,60
Соколов Артём Кириллович,майор,2,45
Зайцев Егор Дмитриевич,капитан,11,42
Сидоров Илья Михайлович,рядовой,7,53
Соловьёв Олег Викторович,прапорщик,4,60
Новиков Виктор Иванович,майор,3,40
Новиков Матвей Кириллович,полковник,7,56
Павлов Александр Юрьевич,полковник,6,34
Макаров Илья Романович,капитан,5,25
Кузнецов Матвей Алексеевич,майор,12,26
Козлов Андрей Ильич,капитан,6,27
Петров Роман Кириллович,сержант,10,28
Никитин Илья Максимович,майор,6,27
Козлов Константин Сергеевич,сержант,4,43
Павлов Константин Алексеевич,прапорщик,5,37
Николаев Олег Романович,полковник,9,22
Орлов Денис Кириллович,рядовой,7,24
Новиков Степан Никитич,рядовой,6,56
Яковлев Егор Андреевич,полковник,1,19
Петров Евгений Сергеевич,сержант,11,53
Андреев Матвей Александрович,рядовой,8,39
Соколов Андрей Дмитриевич,сержант,12,19
Соловьёв Егор Андреевич,прапорщик,11,51
Орлов Андрей Кириллович,майор,2,58
Алексеев Никита Максимович,сержант,9,39
Лебедев Иван Максимович,лейтенант,2,47
Семёнов Сергей Олегович,майор,6,41
Новиков Александр Романович,рядовой,7,33
Николаев Дмитрий Ильич,майор,6,28
Сидоров Юрий Сергеевич,капитан,4,60
Егоров Сергей Иванович,полковник,8,60
Алексеев Егор Кириллович,полковник,9,55
Козлов Степан Сергеевич,лейтенант,3,39
Смирнов Константин Александрович,сержант,7,40
Орлов Виктор Юрьевич,капитан,4,31
Борисов Алексей Михайлович,полковник,10,30
Козлов Дмитрий Иванович,рядовой,8,58
Зайцев Александр Никитич,лейтенант,2,43
Козлов Сергей Кириллович,полковник,7,21
Николаев Егор Кириллович,рядовой,3,31
Сидоров Андрей Михайлович,прапорщик,2,33
Николаев Егор Иванович,майор,12,21
Макаров Артём Олегович,лейтенант,11,50
Андреев Олег Сергеевич,рядовой,6,24
Лебедев Евгений Никитич,лейтенант,4,47
Николаев Кирилл Олегович,лейтенант,1,49
Петров Михаил Кириллович,полковник,10,18
Борисов Роман Дмитриевич,лейтенант,6,18
Степанов Андрей Михайлович,капитан,5,20
Зайцев Сергей Александрович,капитан,9,18
Соловьёв Павел Иванович,майор,12,48
Макаров Дмитрий Ильич,капитан,11,48
Никитин Денис Александрович,полковник,7,47
Смирнов Михаил Александрович,сержант,10,30
Новиков Павел Кириллович,майор,2,58
Кузнецов Павел Олегович,лейтенант,10,44
Михайлов Артём Никитич,полковник,12,39
Сидоров Михаил Олегович,полковник,8,34
Андреев Евгений Максимович,сержант,9,40
Кузнецов Матвей Иванович,лейтенант,8,47
Соколов Илья Павлович,рядовой,10,40
Макаров Иван Александрович,майор,2,34
Николаев Матвей Михайлович,рядовой,9,54
Макаров Алексей Алексеевич,майор,1,26
Зайцев Артём Михайлович,лейтенант,2,21
Фёдоров Роман Юрьевич,прапорщик,6,31
Орлов Илья Иванович,рядовой,11,54
Захаров Андрей Кириллович,лейтенант,9,18
Алексеев Павел Сергеевич,прапорщик,8,43
Попов Евгений Александрович,прапорщик,11,56
Попов Никита Олегович,сержант,7,44
Степанов Михаил Андреевич,полковник,12,21
Кочергин Иван Никитич,рядовой,8,51
Лебедев Александр Максимович,сержант,2,18
Семёнов Виктор Александрович,капитан,7,52
Семёнов Роман Кириллович,капитан,5,37
Сидоров Андрей Алексеевич,рядовой,12,43
Васильев Степан Андреевич,прапорщик,8,44
Макаров Юрий Андреевич,прапорщик,10,52
Лебедев Андрей Кириллович,капитан,12,54
Семёнов Кирилл Павлович,лейтенант,7,60
Соловьёв Иван Михайлович,рядовой,7,28
Павлов Константин Дмитриевич,майор,8,25
Егоров Артём Дмитриевич,полковник,2,60
Алексеев Виктор Романович,лейтенант,5,50
Сидоров Матвей Викторович,прапорщик,4,21
Попов Артём Сергеевич,капитан,4,41
Алексеев Юрий Юрьевич,полковник,12,21
Новиков Матвей Олегович,лейтенант,2,26
Семёнов Максим Никитич,майор,3,55
Иванов Степан Павлович,прапорщик,5,24
Попов Юрий Иванович,майор,8,40
Борисов Илья Дмитриевич,рядовой,11,21
Захаров Сергей Александрович,майор,2,39
Яковлев Юрий Андреевич,прапорщик,5,57
Кузнецов Роман Кириллович,капитан,9,38
Никитин Дмитрий Михайлович,рядовой,9,45
Кузнецов Олег Михайлович,капитан,6,58
Кузнецов Егор Иванович,сержант,2,50
Яковлев Максим Иванович,рядовой,5,33
Зайцев Денис Андреевич,лейтенант,12,18
Смирнов Иван Андреевич,полковник,2,60
Степанов Матвей Александрович,полковник,6,37
Новиков Дмитрий Максимович,майор,2,32
Кузнецов Алексей Александрович,майор,11,42
Сидоров Степан Юрьевич,прапорщик,12,36
Фёдоров Александр Кириллович,капитан,9,55
Козлов Юрий Романович,рядовой,6,27
Никитин Роман Павлович,полковник,1,49
Борисов Кирилл Михайлович,майор,5,52
Орлов Олег Никитич,полковник,8,28
Павлов Никита Максимович,прапорщик,10,21
Егоров Егор Иванович,лейтенант,7,55
Сидоров Михаил Кириллович,капитан,9,38
Степанов Виктор Викторович,майор,10,31
Андреев Алексей Александрович,рядовой,2,45
Орлов Илья Кириллович,полковник,8,31
Кузнецов Артём Андреевич,майор,2,29
Сидоров Степан Иванович,полковник,8,32
Егоров Илья Сергеевич,рядовой,4,44
Соколов Максим Андреевич,полковник,5,34
Андреев Михаил Романович,полковник,1,32
Борисов Андрей Павлович,капитан,11,51
Андреев Дмитрий Иванович,капитан,1,31
Морозов Алексей Павлович,сержант,12,57
Михайлов Константин Олегович,лейтенант,9,54
Сидоров Артём Сергеевич,прапорщик,12,38
Соловьёв Денис Александрович,полковник,5,58
Борисов Кирилл Алексеевич,капитан,1,51
Орлов Виктор Романович,капитан,9,53
Попов Артём Никитич,прапорщик,1,33
Новиков Дмитрий Викторович,полковник,7,48
Фёдоров Кирилл Максимович,майор,7,33
Егоров Максим Романович,прапорщик,4,29
Петров Иван Юрьевич,прапорщик,2,30
Кузнецов Константин Сергеевич,прапорщик,2,45
Смирнов Сергей Викторович,прапорщик,1,29
Соколов Юрий Никитич,лейтенант,3,55
Петров Матвей Максимович,полковник,3,56
Петров Юрий Андреевич,майор,9,57
Борисов Артём Никитич,капитан,1,37
Михайлов Юрий Андреевич,майор,10,21
Степанов Максим Дмитриевич,майор,12,31
Павлов Кирилл Алексеевич,лейтенант,7,35
Николаев Егор Романович,рядовой,12,28
Смирнов Андрей Олегович,лейтенант,12,52
Фёдоров Артём Дмитриевич,рядовой,12,53
Михайлов Степан Андреевич,сержант,5,28
Морозов Виктор Максимович,майор,11,47
Иванов Алексей Максимович,лейтенант,12,40
Соловьёв Дмитрий Романович,лейтенант,8,51
Кузнецов Кирилл Павлович,капитан,5,26
Захаров Евгений Викторович,прапорщик,1,44
Козлов Александр Никитич,капитан,11,29
Борисов Матвей Юрьевич,полковник,4,23
Кузнецов Константин Сергеевич,капитан,11,57
Попов Алексей Дмитриевич,полковник,12,29
Фёдоров Михаил Романович,майор,6,45
Соловьёв Алексей Викторович,рядовой,2,18
Зайцев Александр Кириллович,капитан,2,23
Соколов Роман Ильич,капитан,6,20
Егоров Илья Олегович,капитан,3,45
Андреев Матвей Викторович,полковник,4,43
Андреев Денис Романович,майор,10,48
Яковлев Павел Романович,полковник,4,55
Морозов Матвей Кириллович,сержант,6,47
Никитин Сергей Никитич,прапорщик,2,40
Иванов Никита Максимович,полковник,10,54
Орлов Денис Павлович,лейтенант,6,29
Морозов Иван Александрович,капитан,7,42
Смирнов Денис Викторович,лейтенант,11,58
Михайлов Дмитрий Ильич,лейтенант,12,44
Орлов Иван Юрьевич,рядовой,3,24
Павлов Артём Максимович,лейтенант,2,47
Сидоров Иван Кириллович,майор,7,46
Фёдоров Евгений Иванович,майор,3,33
Морозов Максим Дмитриевич,прапорщик,5,47
Иванов Павел Андреевич,полковник,5,34
Фёдоров Виктор Сергеевич,майор,3,23
Смирнов Илья Максимович,сержант,9,30
Яковлев Денис Александрович,рядовой,3,53
Орлов Максим Александрович,рядовой,4,41
Михайлов Иван Михайлович,прапорщик,11,46
Кочергин Илья Максимович,лейтенант,7,36
Орлов Александр Алексеевич,прапорщик,9,42
Фёдоров Денис Олегович,майор,12,30
Захаров Евгений Алексеевич,рядовой,2,20
Николаев Степан Дмитриевич,прапорщик,7,40
Степанов Роман Ильич,прапорщик,2,52
Кузнецов Кирилл Ильич,полковник,11,37
Михайлов Олег Юрьевич,рядовой,4,44
Зайцев Никита Ильич,рядовой,5,57
Захаров Степан Ильич,прапорщик,9,45
Егоров Кирилл Юрьевич,сержант,7,33
Попов Никита Юрьевич,прапорщик,11,24
Петров Алексей Андреевич,полковник,8,60
Павлов Андрей Иванович,рядовой,2,18
Морозов Алексей Романович,полковник,1,56
Новиков Евгений Михайлович,майор,11,40
Степанов Максим Алексеевич,лейтенант,11,60
Семёнов Максим Дмитриевич,прапорщик,1,41
Андреев Виктор Андреевич,рядовой,3,37
Фёдоров Никита Михайлович,майор,6,27
Степанов Денис Сергеевич,прапорщик,1,35
Соловьёв Евгений Михайлович,капитан,3,24
Алексеев Денис Павлович,сержант,10,49
Васильев Иван Иванович,лейтенант,2,52
Николаев Павел Никитич,рядовой,2,23
Яковлев Павел Викторович,капитан,11,56
Смирнов Роман Михайлович,прапорщик,1,27
Сидоров Михаил Андреевич,майор,5,25
Никитин Максим Викторович,прапорщик,11,36
Андреев Алексей Алексеевич,лейтенант,3,37
Фёдоров Алексей Дмитриевич,полковник,9,40
Алексеев Иван Юрьевич,полковник,2,25
Николаев Егор Михайлович,полковник,11,45
Иванов Илья Сергеевич,прапорщик,7,47
Павлов Кирилл Михайлович,майор,2,24
Соловьёв Олег Викторович,прапорщик,12,37
Семёнов Сергей Максимович,капитан,6,54
Никитин Сергей Олегович,рядовой,1,58
Орлов Дмитрий Максимович,прапорщик,12,32
Соловьёв Артём Романович,рядовой,3,34
Попов Константин Юрьевич,прапорщик,1,35
Макаров Олег Максимович,капитан,12,47
Яковлев Денис Павлович,лейтенант,11,32
Соколов Кирилл Олегович,рядовой,7,52
Зайцев Матвей Романович,капитан,6,25
Алексеев Егор Олегович,капитан,4,32
Михайлов Олег Максимович,лейтенант,7,26
Козлов Олег Михайлович,рядовой,7,31
Соколов Павел Алексеевич,сержант,4,54
Степанов Александр Максимович,прапорщик,12,18
Борисов Юрий Кириллович,полковник,3,34
Захаров Дмитрий Иванович,лейтенант,8,30
Николаев Егор Михайлович,лейтенант,11,19
Андреев Дмитрий Алексеевич,майор,9,20
Яковлев Павел Юрьевич,полковник,6,30
Васильев Дмитрий Павлович,лейтенант,3,58
Козлов Илья Алексеевич,лейтенант,8,59
Захаров Александр Кириллович,прапорщик,12,43
Соколов Максим Михайлович,капитан,5,56
Зайцев Иван Юрьевич,майор,4,23
Фёдоров Олег Сергеевич,капитан,10,39
Макаров Олег Кириллович,капитан,9,42
Соколов Денис Михайлович,прапорщик,12,40
Павлов Дмитрий Павлович,майор,10,60
Кузнецов Степан Иванович,рядовой,4,41
Козлов Сергей Иванович,майор,9,58
Козлов Степан Максимович,рядовой,9,34
Фёдоров Денис Никитич,лейтенант,1,59
Соловьёв Сергей Максимович,лейтенант,9,19
Андреев Константин Никитич,капитан,11,20
Захаров Денис Александрович,капитан,1,34
Фёдоров Иван Михайлович,капитан,8,47
Петров Максим Иванович,сержант,1,45
Кочергин Юрий Иванович,рядовой,6,34
Яковлев Денис Романович,полковник,3,44
Морозов Максим Сергеевич,полковник,9,47
Михайлов Никита Максимович,лейтенант,8,18
Кузнецов Матвей Юрьевич,лейтенант,11,47
Козлов Алексей Александрович,прапорщик,5,38
Смирнов Алексей Олегович,майор,12,47
Смирнов Кирилл Сергеевич,рядовой,10,45
Егоров Матвей Кириллович,полковник,6,59
Кочергин Евгений Павлович,капитан,4,39
Макаров Степан Павлович,прапорщик,4,52
Степанов Илья Викторович,прапорщик,4,28
Степанов Роман Михайлович,капитан,8,54
Соколов Кирилл Иванович,полковник,12,50
Соловьёв Матвей Павлович,сержант,9,53
Михайлов Андрей Дмитриевич,лейтенант,6,28
Фёдоров Кирилл Иванович,лейтенант,9,28
Лебедев Матвей Ильич,лейтенант,12,52
Кочергин Матвей Михайлович,рядовой,6,58
Орлов Сергей Олегович,полковник,8,34
Николаев Олег Никитич,прапорщик,11,23
Степанов Константин Алексеевич,капитан,8,52
Фёдоров Максим Романович,капитан,2,43
Соловьёв Роман Олегович,капитан,12,52
Орлов Александр Михайлович,майор,8,60
Алексеев Егор Алексеевич,капитан,12,35
Морозов Никита Алексеевич,прапорщик,5,53
Николаев Кирилл Александрович,лейтенант,5,34
Сидоров Михаил Юрьевич,прапорщик,3,18
Семёнов Александр Олегович,сержант,4,34
Николаев Сергей Никитич,сержант,1,23
Зайцев Михаил Сергеевич,прапорщик,8,37
Павлов Михаил Кириллович,сержант,3,55
Фёдоров Степан Сергеевич,капитан,3,58
Егоров Артём Сергеевич,капитан,1,49
Семёнов Кирилл Дмитриевич,сержант,2,56
Орлов Артём Иванович,капитан,10,35
Соловьёв Андрей Александрович,капитан,6,31
Михайлов Денис Иванович,майор,4,28
Никитин Егор Михайлович,сержант,3,45
Михайлов Константин Кириллович,капитан,11,49
Фёдоров Дмитрий Никитич,сержант,4,54
Макаров Роман Кириллович,майор,2,39
Попов Сергей Кириллович,капитан,12,60
Иванов Кирилл Дмитриевич,капитан,12,44
Борисов Евгений Михайлович,прапорщик,11,32
Лебедев Денис Олегович,капитан,12,53
Соловьёв Евгений Павлович,капитан,6,25
Яковлев Михаил Ильич,сержант,2,26
Никитин Егор Романович,полковник,8,31
Алексеев Алексей Юрьевич,лейтенант,4,55
Петров Виктор Александрович,майор,1,53
Андреев Алексей Сергеевич,капитан,3,29
Егоров Роман Ильич,майор,7,51
Лебедев Александр Александрович,сержант,10,58
Попов Андрей Викторович,капитан,4,43
Сидоров Виктор Сергеевич,капитан,11,29
Кочергин Юрий Алексеевич,сержант,9,31
Кочергин Александр Кириллович,сержант,5,60
Борисов Илья Михайлович,лейтенант,1,52
Андреев Виктор Андреевич,сержант,1,43
Орлов Степан Сергеевич,прапорщик,4,50
Кочергин Евгений Ильич,сержант,6,25
Михайлов Денис Иванович,прапорщик,10,25
Кочергин Александр Андреевич,сержант,12,57
Никитин Кирилл Павлович,рядовой,3,53
Лебедев Евгений Иванович,полковник,12,41
Зайцев Виктор Павлович,лейтенант,9,24
Орлов Дмитрий Андреевич,лейтенант,10,38
Кочергин Денис Максимович,прапорщик,6,51
Новиков Иван Кириллович,капитан,12,29
Николаев Илья Александрович,полковник,9,30
Морозов Павел Кириллович,рядовой,6,51
Алексеев Денис Ильич,лейтенант,2,53
Лебедев Сергей Ильич,полковник,7,42
Андреев Алексей Максимович,рядовой,5,42
Андреев Евгений Никитич,прапорщик,4,57
Козлов Степан Павлович,полковник,2,45
Орлов Кирилл Павлович,майор,4,34
Михайлов Денис Алексеевич,сержант,2,59
Андреев Сергей Ильич,рядовой,5,39
Фёдоров Алексей Павлович,прапорщик,12,58
Николаев Сергей Иванович,прапорщик,8,50
Борисов Иван Романович,лейтенант,2,21
Соловьёв Константин Никитич,капитан,1,59
Иванов Александр Кириллович,рядовой,8,53
Новиков Константин Алексеевич,капитан,1,26
Михайлов Роман Михайлович,капитан,8,54
Егоров Александр Ильич,сержант,4,39
Попов Алексей Никитич,капитан,1,25
Смирнов Юрий Викторович,полковник,8,48
Иванов Алексей Алексеевич,полковник,3,29
Андреев Илья Андреевич,капитан,8,31
Орлов Сергей Никитич,полковник,10,53
Васильев Сергей Кириллович,капитан,5,21
Соколов Матвей Алексеевич,сержант,3,48
Захаров Егор Алексеевич,полковник,12,27
Смирнов Никита Андреевич,капитан,8,51
Орлов Матвей Дмитриевич,прапорщик,10,47
Фёдоров Константин Алексеевич,майор,8,28
Кочергин Михаил Кириллович,майор,1,42
Павлов Михаил Викторович,полковник,9,50
Захаров Матвей Михайлович,полковник,1,48
Павлов Степан Алексеевич,полковник,6,19
Михайлов Егор Михайлович,прапорщик,12,20
Смирнов Константин Викторович,сержант,5,29
Никитин Максим Кириллович,сержант,1,44
Зайцев Павел Павлович,майор,12,28
Орлов Роман Максимович,майор,1,51
Смирнов Александр Кириллович,капитан,8,49
Кузнецов Алексей Алексеевич,капитан,10,27
Николаев Егор Павлович,полковник,4,33
Павлов Денис Павлович,майор,2,38
Кочергин Андрей Михайлович,рядовой,4,31
Иванов Денис Романович,капитан,9,52
Попов Илья Романович,прапорщик,6,23
Яковлев Павел Сергеевич,лейтенант,4,27
Морозов Степан Андреевич,капитан,3,42
Кузнецов Егор Ильич,прапорщик,7,35
Фёдоров Дмитрий Иванович,майор,8,32
Яковлев Егор Кириллович,рядовой,3,51
Соколов Андрей Павлович,прапорщик,4,56
Морозов Олег Сергеевич,сержант,8,40
Степанов Александр Андреевич,прапорщик,5,25
Зайцев Павел Романович,лейтенант,10,28
Иванов Артём Алексеевич,капитан,9,50
Смирнов Евгений Александрович,капитан,2,43
Смирнов Иван Павлович,капитан,2,22
Алексеев Алексей Дмитриевич,лейтенант,10,47
Козлов Михаил Дмитриевич,сержант,1,28
Степанов Артём Павлович,лейтенант,6,60
Васильев Роман Павлович,лейтенант,8,51
Соколов Артём Олегович,капитан,10,55
Смирнов Юрий Алексеевич,рядовой,3,34
Михайлов Евгений Олегович,майор,4,32
Яковлев Никита Ильич,майор,2,43
Петров Юрий Михайлович,сержант,3,52
Смирнов Денис Сергеевич,капитан,7,32
Егоров Юрий Олегович,прапорщик,4,26
Андреев Егор Юрьевич,рядовой,6,55
Захаров Матвей Викторович,прапорщик,12,21
Сидоров Алексей Никитич,капитан,3,46
Андреев Максим Романович,капитан,10,53
Яковлев Сергей Никитич,лейтенант,12,35
Иванов Александр Максимович,сержант,1,29
Семёнов Михаил Дмитриевич,лейтенант,4,44
Павлов Артём Романович,прапорщик,4,24
Смирнов Константин Кириллович,лейтенант,10,33
Захаров Константин Андреевич,прапорщик,5,49
Никитин Константин Никитич,лейтенант,7,51
Козлов Иван Алексеевич,прапорщик,10,32
Семёнов Михаил Викторович,сержант,8,19
Захаров Виктор Викторович,полковник,7,51
Яковлев Артём Андреевич,лейтенант,5,37
Михайлов Алексей Олегович,рядовой,2,19
Михайлов Егор Юрьевич,полковник,7,36
Андреев Денис Ильич,прапорщик,1,26
Соколов Максим Александрович,прапорщик,5,57
Захаров Юрий Алексеевич,прапорщик,9,47
Павлов Кирилл Сергеевич,полковник,3,22
Соколов Алексей Викторович,рядовой,7,19
Зайцев Кирилл Ильич,майор,11,45
Зайцев Олег Алексеевич,прапорщик,8,50
Кочергин Степан Никитич,прапорщик,7,24
Егоров Юрий Павлович,капитан,11,60
Петров Артём Павлович,рядовой,1,25
Никитин Евгений Дмитриевич,полковник,1,56
Николаев Евгений Юрьевич,рядовой,8,41
Макаров Олег Дмитриевич,сержант,1,50
Новиков Иван Иванович,сержант,7,57
Макаров Егор Романович,капитан,1,30
Соколов Евгений Кириллович,майор,1,33
Никитин Алексей Викторович,сержант,9,57
Кузнецов Михаил Викторович,лейтенант,5,57
Козлов Сергей Павлович,полковник,1,58
Новиков Максим Романович,лейтенант,1,23
Кузнецов Дмитрий Юрьевич,майор,11,55
Орлов Алексей Кириллович,рядовой,8,25
Семёнов Егор Иванович,сержант,8,53
Кочергин Андрей Алексеевич,сержант,1,34
Морозов Олег Романович,майор,10,57
Соколов Сергей Александрович,прапорщик,12,50
Борисов Андрей Никитич,лейтенант,9,42
Борисов Олег Алексеевич,майор,10,51
Орлов Артём Викторович,капитан,2,59
Зайцев Константин Олегович,лейтенант,9,24
Фёдоров Павел Ильич,рядовой,7,24
Алексеев Алексей Иванович,полковник,5,49
Петров Михаил Михайлович,рядовой,1,48
Сидоров Матвей Кириллович,майор,4,28
Васильев Виктор Олегович,лейтенант,6,58
Алексеев Александр Юрьевич,майор,9,26
Сидоров Андрей Михайлович,майор,1,22
Новиков Михаил Юрьевич,прапорщик,5,50
Попов Илья Андреевич,лейтенант,8,21
Семёнов Павел Романович,рядовой,12,22
Козлов Олег Юрьевич,прапорщик,4,26
Борисов Сергей Ильич,майор,2,35
Кочергин Максим Михайлович,майор,8,18
Захаров Денис Александрович,капитан,11,25
Николаев Александр Александрович,капитан,9,44
Егоров Никита Павлович,рядовой,7,49
Лебедев Константин Дмитриевич,майор,12,55
Кочергин Юрий Юрьевич,капитан,6,31
Смирнов Алексей Викторович,прапорщик,4,57
Кузнецов Виктор Михайлович,лейтенант,8,31
Захаров Сергей Никитич,прапорщик,10,57
Новиков Кирилл Андреевич,прапорщик,6,28
Попов Степан Андреевич,лейтенант,2,57
Захаров Кирилл Романович,рядовой,12,26
Петров Павел Александрович,лейтенант,7,28
Макаров Евгений Романович,лейтенант,9,45
Алексеев Андрей Олегович,капитан,10,36
Васильев Матвей Ильич,полковник,12,35
Зайцев Дмитрий Михайлович,прапорщик,3,31
Зайцев Артём Дмитриевич,полковник,3,60
Козлов Никита Павлович,лейтенант,5,54
Андреев Кирилл Кириллович,полковник,12,23
Козлов Никита Кириллович,рядовой,3,42
Иванов Максим Кириллович,сержант,5,21
Васильев Алексей Викторович,полковник,11,52
Степанов Максим Андреевич,прапорщик,5,46
Яковлев Виктор Михайлович,сержант,6,58
Николаев Роман Кириллович,капитан,5,43
Васильев Олег Ильич,лейтенант,6,24
Семёнов Дмитрий Сергеевич,полковник,11,20
Кочергин Егор Александрович,полковник,10,19
Васильев Илья Алексеевич,полковник,10,38
Новиков Алексей Андреевич,рядовой,7,35
Соколов Никита Викторович,капитан,10,60
Петров Михаил Алексеевич,майор,4,32
Степанов Роман Романович,сержант,12,39
Новиков Виктор Алексеевич,капитан,2,30
Никитин Егор Алексеевич,лейтенант,12,29
Николаев Степан Кириллович,лейтенант,7,22
Смирнов Юрий Кириллович,рядовой,7,57
Николаев Егор Максимович,лейтенант,11,45
Никитин Андрей Ильич,сержант,3,51
Кузнецов Юрий Алексеевич,прапорщик,6,50
Кузнецов Павел Сергеевич,полковник,8,56
Козлов Павел Иванович,рядовой,10,23
Яковлев Никита Ильич,рядовой,9,43
Соколов Никита Михайлович,прапорщик,3,19
Васильев Роман Юрьевич,капитан,4,32
Николаев Константин Кириллович,полковник,7,35
Егоров Матвей Максимович,полковник,8,46
Иванов Дмитрий Максимович,майор,6,51
Николаев Денис Романович,полковник,11,23
Степанов Виктор Романович,сержант,9,51
Никитин Никита Максимович,рядовой,3,54
Попов Егор Алексеевич,полковник,1,56
Петров Алексей Максимович,полковник,3,35
Андреев Степан Олегович,рядовой,5,44
Кочергин Константин Романович,сержант,10,27
Смирнов Никита Романович,майор,10,46
Николаев Степан Викторович,полковник,2,33
Козлов Евгений Сергеевич,лейтенант,2,42
Петров Матвей Дмитриевич,полковник,1,36
Яковлев Никита Сергеевич,полковник,5,41
Семёнов Никита Никитич,рядовой,10,35
Михайлов Александр Викторович,рядовой,12,40
Морозов Роман Сергеевич,лейтенант,2,25
Никитин Илья Викторович,рядовой,3,43
Егоров Дмитрий Михайлович,сержант,11,45
Соколов Никита Кириллович,рядовой,1,21
Кузнецов Сергей Олегович,лейтенант,9,36
Андреев Максим Андреевич,сержант,3,49
Иванов Александр Юрьевич,полковник,3,53
Алексеев Денис Юрьевич,рядовой,2,60
Соловьёв Иван Олегович,рядовой,9,57
Соколов Павел Никитич,лейтенант,2,30
Макаров Андрей Александрович,майор,11,27
Фёдоров Максим Никитич,полковник,10,28
Соловьёв Александр Павлович,майор,7,47
Фёдоров Кирилл Сергеевич,полковник,4,56
Макаров Максим Алексеевич,капитан,6,59
Козлов Евгений Павлович,прапорщик,9,37
Макаров Андрей Ильич,майор,4,23
Орлов Михаил Романович,лейтенант,1,42
Макаров Дмитрий Никитич,полковник,6,48
Николаев Иван Дмитриевич,полковник,10,34
Новиков Юрий Дмитриевич,полковник,12,47
Алексеев Евгений Алексеевич,капитан,1,58
Иванов Матвей Олегович,майор,1,30
Зайцев Андрей Романович,сержант,8,38
Никитин Максим Дмитриевич,рядовой,3,25
Павлов Алексей Юрьевич,майор,8,30
Соловьёв Сергей Михайлович,майор,9,28
Макаров Виктор Викторович,майор,1,34
Васильев Павел Александрович,лейтенант,6,36
Макаров Максим Сергеевич,полковник,5,56
Васильев Степан Дмитриевич,прапорщик,10,23
Сидоров Егор Александрович,лейтенант,8,57
Степанов Сергей Иванович,майор,5,47
Кочергин Илья Александрович,полковник,12,50
Макаров Олег Викторович,прапорщик,11,60
Петров Евгений Олегович,лейтенант,4,28
Борисов Илья Викторович,рядовой,10,50
Макаров Михаил Юрьевич,рядовой,12,30
Макаров Матвей Никитич,рядовой,1,22
Михайлов Илья Никитич,лейтенант,8,50
Васильев Максим Павлович,сержант,3,49
Попов Евгений Кириллович,сержант,4,32
Захаров Андрей Романович,рядовой,8,55
Смирнов Михаил Андреевич,лейтенант,11,25
Кузнецов Никита Никитич,рядовой,9,35
Борисов Роман Александрович,рядовой,5,49
Фёдоров Павел Ильич,рядовой,7,33
Семёнов Степан Иванович,полковник,6,21
Захаров Павел Александрович,рядовой,1,59
Яковлев Михаил Сергеевич,лейтенант,10,42
Андреев Юрий Андреевич,лейтенант,9,31
Морозов Кирилл Романович,рядовой,9,40
Новиков Егор Романович,лейтенант,2,28
Иванов Виктор Максимович,рядовой,2,31
Егоров Иван Павлович,рядовой,8,48
Лебедев Артём Дмитриевич,сержант,8,39
Фёдоров Матвей Максимович,рядовой,5,30
Яковлев Кирилл Романович,майор,8,39
Захаров Константин Викторович,прапорщик,7,22
Фёдоров Максим Михайлович,майор,8,54
Соловьёв Илья Иванович,майор,8,55
Михайлов Илья Дмитриевич,майор,12,39
Борисов Евгений Кириллович,капитан,7,53
Иванов Андрей Юрьевич,полковник,11,40
Петров Кирилл Ильич,майор,9,47
Андреев Андрей Викторович,прапорщик,4,25
Лебедев Александр Михайлович,майор,11,23
Кузнецов Иван Никитич,сержант,2,43
Сидоров Юрий Иванович,сержант,1,45
Зайцев Дмитрий Павлович,прапорщик,2,54
Степанов Павел Андреевич,полковник,8,56
Макаров Евгений Олегович,сержант,4,50
Кочергин Александр Михайлович,прапорщик,6,23
Алексеев Константин Максимович,капитан,3,51
Захаров Егор Олегович,лейтенант,5,24
Иванов Константин Романович,рядовой,12,59
Козлов Матвей Юрьевич,лейтенант,3,43
Смирнов Иван Ильич,сержант,7,24
Соловьёв Дмитрий Сергеевич,майор,12,19
Морозов Роман Максимович,майор,4,34
Лебедев Евгений Алексеевич,капитан,10,29
Михайлов Олег Юрьевич,майор,9,55
Никитин Александр Юрьевич,рядовой,7,31
Михайлов Дмитрий Андреевич,сержант,3,41
Орлов Кирилл Михайлович,майор,12,34
Никитин Степан Романович,капитан,2,39
Кузнецов Никита Михайлович,капитан,5,33
Кузнецов Максим Павлович,рядовой,6,60
Борисов Степан Романович,капитан,5,23
Макаров Дмитрий Олегович,сержант,9,56
Захаров Константин Андреевич,полковник,12,24
Яковлев Степан Ильич,полковник,9,42
Алексеев Алексей Сергеевич,прапорщик,9,52
Васильев Евгений Романович,лейтенант,3,27
Зайцев Виктор Андреевич,сержант,7,33
Степанов Егор Ильич,сержант,2,21
Кочергин Денис Викторович,рядовой,8,53
Борисов Максим Павлович,полковник,11,20
Козлов Олег Максимович,сержант,3,59
Козлов Кирилл Михайлович,капитан,10,57
Соловьёв Матвей Сергеевич,рядовой,12,18
Фёдоров Степан Сергеевич,майор,11,18
Михайлов Роман Павлович,лейтенант,7,29
Андреев Кирилл Алексеевич,лейтенант,9,57
Соловьёв Михаил Андреевич,рядовой,3,30
Орлов Егор Сергеевич,прапорщик,6,32
Козлов Дмитрий Иванович,лейтенант,6,46
Морозов Максим Максимович,рядовой,2,21
Кузнецов Дмитрий Александрович,сержант,2,21
Борисов Максим Викторович,прапорщик,10,30
Васильев Константин Максимович,сержант,7,59
Смирнов Константин Ильич,полковник,9,52
Кочергин Андрей Павлович,майор,7,45
Петров Павел Алексеевич,полковник,5,19
Егоров Кирилл Олегович,полковник,8,57
Васильев Михаил Романович,майор,3,54
Николаев Андрей Викторович,капитан,5,27
Соловьёв Денис Павлович,лейтенант,11,33
Захаров Матвей Михайлович,майор,9,19
Лебедев Михаил Сергеевич,полковник,2,54
Макаров Никита Викторович,лейтенант,10,43
Павлов Константин Ильич,майор,11,44
Попов Сергей Никитич,полковник,8,25
Семёнов Сергей Максимович,майор,8,48
Зайцев Степан Юрьевич,полковник,6,20
Алексеев Роман Олегович,капитан,12,42
Макаров Егор Романович,лейтенант,7,20
Яковлев Юрий Романович,капитан,9,27
Егоров Дмитрий Сергеевич,капитан,8,34
Николаев Юрий Викторович,полковник,6,28
Зайцев Андрей Дмитриевич,сержант,10,21
Соколов Алексей Павлович,прапорщик,6,19
Алексеев Евгений Юрьевич,майор,10,51
Егоров Иван Ильич,сержант,5,28
Соколов Дмитрий Романович,майор,10,46
Николаев Денис Алексеевич,лейтенант,3,42
Степанов Артём Алексеевич,капитан,9,29
Соловьёв Михаил Юрьевич,полковник,9,36
Михайлов Егор Никитич,сержант,9,54
Кочергин Виктор Максимович,лейтенант,2,41
Семёнов Дмитрий Никитич,капитан,8,22
Соловьёв Андрей Никитич,лейтенант,8,25
Морозов Сергей Кириллович,майор,4,24
Фёдоров Денис Максимович,лейтенант,5,58
Лебедев Артём Никитич,рядовой,8,42
Васильев Юрий Романович,майор,3,33
Захаров Матвей Алексеевич,сержант,11,55
Попов Артём Викторович,лейтенант,9,55
Захаров Иван Андреевич,полковник,1,32
Козлов Кирилл Ильич,лейтенант,1,58
Андреев Евгений Алексеевич,рядовой,5,57
Яковлев Александр Михайлович,капитан,4,50
Фёдоров Олег Михайлович,рядовой,7,45
Павлов Степан Юрьевич,рядовой,3,42
Орлов Михаил Юрьевич,прапорщик,8,27
Яковлев Матвей Андреевич,майор,5,26
Орлов Михаил Андреевич,сержант,10,54
Борисов Кирилл Андреевич,майор,4,49
Козлов Юрий Дмитриевич,прапорщик,9,42
Павлов Матвей Алексеевич,прапорщик,11,36
Павлов Виктор Романович,майор,11,42
Попов Алексей Иванович,капитан,5,31
Андреев Дмитрий Ильич,полковник,7,22
Захаров Максим Андреевич,полковник,4,24
Смирнов Кирилл Александрович,лейтенант,5,41
Егоров Максим Романович,майор,2,44
Соколов Илья Олегович,лейтенант,4,48
Попов Павел Олегович,капитан,7,23
Макаров Алексей Викторович,капитан,1,49
Николаев Сергей Дмитриевич,лейтенант,2,47
Новиков Павел Никитич,полковник,9,25
Андреев Михаил Викторович,полковник,12,51
Фёдоров Илья Сергеевич,прапорщик,10,40
Николаев Матвей Ильич,лейтенант,7,51
Алексеев Степан Дмитриевич,лейтенант,3,37
Фёдоров Юрий Алексеевич,прапорщик,5,19
Макаров Никита Иванович,полковник,1,47
Васильев Степан Михайлович,майор,10,36
Соколов Максим Кириллович,прапорщик,7,38
Никитин Никита Иванович,рядовой,7,43
Соловьёв Виктор Юрьевич,рядовой,8,28
Зайцев Денис Андреевич,майор,12,33
Кочергин Евгений Ильич,прапорщик,4,54
Сидоров Константин Юрьевич,сержант,12,50
Зайцев Иван Кириллович,лейтенант,9,48
Иванов Олег Романович,капитан,3,43
Николаев Константин Иванович,капитан,7,39
Макаров Михаил Андреевич,полковник,7,24
Зайцев Александр Михайлович,капитан,10,18
Васильев Роман Максимович,рядовой,3,22
Кочергин Роман Кириллович,майор,7,37
Кочергин Олег Дмитриевич,полковник,7,30
Орлов Илья Кириллович,лейтенант,10,20
Николаев Евгений Максимович,сержант,5,41
Морозов Михаил Алексеевич,прапорщик,11,35
Захаров Александр Павлович,майор,12,40
Кузнецов Степан Иванович,лейтенант,5,36
Фёдоров Егор Романович,сержант,2,55
Козлов Юрий Максимович,майор,4,36
Орлов Илья Никитич,рядовой,2,40
Михайлов Алексей Олегович,майор,9,53
Морозов Михаил Никитич,рядовой,10,45
Алексеев Дмитрий Дмитриевич,прапорщик,10,45
Никитин Илья Ильич,сержант,8,38
Михайлов Илья Павлович,сержант,11,36
Попов Максим Дмитриевич,сержант,7,50
Козлов Александр Кириллович,сержант,11,25
Сидоров Илья Ильич,майор,2,44
Семёнов Виктор Сергеевич,капитан,8,41
Михайлов Кирилл Никитич,рядовой,9,57
Семёнов Павел Павлович,рядовой,9,59
Макаров Виктор Никитич,капитан,10,57
Соколов Михаил Ильич,рядовой,10,47
Новиков Артём Александрович,сержант,4,52
Михайлов Илья Павлович,рядовой,9,38
Фёдоров Иван Викторович,прапорщик,4,30
Орлов Михаил Кириллович,капитан,11,36
Зайцев Денис Ильич,лейтенант,11,36
Яковлев Иван Иванович,рядовой,7,43
Семёнов Юрий Олегович,лейтенант,6,27
Новиков Кирилл Максимович,полковник,6,49
Захаров Кирилл Юрьевич,майор,12,29
Смирнов Дмитрий Павлович,лейтенант,5,58
Николаев Степан Михайлович,сержант,3,33
Сидоров Илья Кириллович,майор,5,43
Иванов Матвей Дмитриевич,майор,4,34
Никитин Егор Дмитриевич,полковник,4,38
Соколов Артём Никитич,рядовой,9,59
Лебедев Роман Александрович,капитан,9,47
Лебедев Илья Кириллович,лейтенант,5,28
Орлов Матвей Михайлович,майор,12,25
Борисов Степан Иванович,лейтенант,12,51
Соколов Матвей Дмитриевич,капитан,4,36
Борисов Евгений Андреевич,лейтенант,12,48
Иванов Константин Олегович,лейтенант,2,59
Петров Денис Ильич,сержант,1,18
Алексеев Егор Олегович,прапорщик,4,25
Соколов Степан Андреевич,прапорщик,7,24
Смирнов Егор Александрович,прапорщик,10,40
Павлов Роман Сергеевич,лейтенант,6,34
Петров Павел Ильич,лейтенант,12,40
Степанов Артём Никитич,сержант,11,35
Сидоров Константин Александрович,капитан,10,28
Козлов Павел Викторович,сержант,2,23
Михайлов Роман Ильич,рядовой,9,42
Кузнецов Максим Сергеевич,майор,5,48
Соловьёв Михаил Иванович,майор,12,59
Козлов Сергей Романович,рядовой,7,33
Макаров Илья Михайлович,полковник,12,26
Орлов Олег Сергеевич,лейтенант,9,20
Васильев Юрий Алексеевич,капитан,12,42
Васильев Алексей Александрович,капитан,1,34
Егоров Михаил Романович,полковник,10,31
Козлов Денис Андреевич,капитан,8,49
Семёнов Кирилл Олегович,майор,7,52
Борисов Александр Викторович,майор,10,36
Козлов Илья Александрович,капитан,1,43
Андреев Константин Дмитриевич,капитан,7,39
Васильев Евгений Дмитриевич,прапорщик,6,51
Степанов Артём Михайлович,полковник,1,54
Андреев Юрий Романович,лейтенант,6,38
Морозов Юрий Андреевич,сержант,3,50
Степанов Денис Андреевич,капитан,11,20
Васильев Максим Павлович,рядовой,1,58
Петров Евгений Павлович,капитан,9,43
Смирнов Иван Андреевич,прапорщик,1,38
Андреев Александр Романович,прапорщик,10,46
Михайлов Кирилл Ильич,майор,7,50
Борисов Иван Дмитриевич,лейтенант,3,18
Алексеев Александр Алексеевич,рядовой,5,43
Петров Павел Алексеевич,прапорщик,1,59
Кочергин Дмитрий Александрович,сержант,6,58
Зайцев Евгений Алексеевич,прапорщик,7,28
Сидоров Роман Никитич,полковник,11,43
Егоров Дмитрий Олегович,прапорщик,12,23
Соловьёв Виктор Андреевич,лейтенант,8,56
Новиков Сергей Викторович,капитан,4,30
Соколов Илья Иванович,сержант,8,35
Семёнов Михаил Павлович,рядовой,11,57
Лебедев Евгений Ильич,лейтенант,11,38
Морозов Максим Павлович,полковник,10,57
Орлов Константин Максимович,капитан,9,30
Орлов Сергей Андреевич,майор,1,59
Петров Кирилл Романович,капитан,10,49
Иванов Павел Алексеевич,майор,9,40
Николаев Матвей Михайлович,полковник,6,29
Орлов Степан Никитич,прапорщик,9,51
Новиков Дмитрий Дмитриевич,сержант,6,52
Павлов Юрий Романович,майор,1,60
Степанов Иван Алексеевич,рядовой,10,50
Никитин Илья Юрьевич,майор,8,41
Морозов Денис Михайлович,капитан,7,44
Макаров Дмитрий Иванович,сержант,4,56
Петров Степан Андреевич,сержант,3,59
Козлов Виктор Андреевич,майор,9,31
Кузнецов Степан Иванович,прапорщик,6,53
Михайлов Юрий Викторович,полковник,3,18
Захаров Сергей Дмитриевич,майор,12,37
Семёнов Степан Дмитриевич,капитан,12,41
Захаров Егор Михайлович,прапорщик,1,38
Козлов Алексей Алексеевич,сержант,4,28
Егоров Евгений Романович,полковник,10,35
Семёнов Виктор Михайлович,полковник,1,26
Петров Артём Павлович,капитан,8,22
Попов Денис Викторович,рядовой,2,59
Семёнов Павел Романович,прапорщик,7,57
Соколов Денис Олегович,лейтенант,4,59
Алексеев Роман Алексеевич,капитан,8,45
Кузнецов Андрей Кириллович,полковник,3,33
Павлов Олег Александрович,рядовой,10,30
Петров Егор Андреевич,рядовой,8,44
Кочергин Михаил Романович,полковник,5,43
Зайцев Денис Сергеевич,лейтенант,10,27
Алексеев Степан Михайлович,капитан,5,20
Алексеев Кирилл Андреевич,майор,3,49
Семёнов Андрей Павлович,полковник,3,41
Петров Константин Павлович,майор,2,55
Соколов Павел Сергеевич,капитан,5,36
Семёнов Юрий Андреевич,лейтенант,9,44
Алексеев Павел Кириллович,капитан,7,19
Степанов Олег Викторович,рядовой,1,40
Борисов Павел Андреевич,майор,11,40
Орлов Максим Дмитриевич,полковник,3,56
Новиков Юрий Павлович,майор,10,24
Лебедев Степан Романович,рядовой,12,50
Орлов Олег Викторович,сержант,4,34
Соколов Константин Александрович,полковник,7,58
Павлов Артём Юрьевич,капитан,12,26
Иванов Олег Никитич,полковник,11,35
Кузнецов Егор Сергеевич,капитан,9,47
Смирнов Андрей Романович,сержант,1,38
Борисов Кирилл Никитич,лейтенант,9,39
Андреев Артём Александрович,прапорщик,9,31
Соколов Константин Ильич,сержант,5,25
Сидоров Максим Викторович,полковник,2,60
Семёнов Никита Михайлович,прапорщик,3,19
Егоров Иван Викторович,лейтенант,4,19
Попов Сергей Александрович,лейтенант,9,60
Захаров Юрий Алексеевич,сержант,10,54
Смирнов Александр Андреевич,сержант,11,48
Соловьёв Виктор Андреевич,капитан,1,30
Новиков Олег Никитич,майор,1,45
Соколов Никита Дмитриевич,полковник,4,30
Морозов Юрий Никитич,капитан,7,41
Михайлов Алексей Максимович,сержант,11,20
Лебедев Михаил Олегович,капитан,3,31
Семёнов Александр Дмитриевич,капитан,1,50
Петров Олег Ильич,прапорщик,1,45
Соколов Олег Ильич,рядовой,10,40
Соловьёв Денис Ильич,полковник,5,45
Козлов Денис Дмитриевич,сержант,9,23
Никитин Сергей Максимович,капитан,10,50
Захаров Евгений Никитич,прапорщик,8,53
Андреев Кирилл Иванович,майор,9,20
Павлов Денис Олегович,лейтенант,7,58
Козлов Алексей Андреевич,рядовой,10,32
Зайцев Матвей Максимович,лейтенант,7,43
Яковлев Юрий Сергеевич,майор,6,24
Степанов Павел Алексеевич,сержант,1,25
Яковлев Никита Никитич,сержант,9,27
Васильев Илья Алексеевич,лейтенант,3,40
Никитин Максим Сергеевич,лейтенант,3,50
Иванов Константин Алексеевич,майор,5,29
Фёдоров Артём Дмитриевич,майор,9,59
Новиков Иван Дмитриевич,майор,9,23
Макаров Михаил Ильич,прапорщик,7,26
Семёнов Роман Александрович,рядовой,11,48
Николаев Артём Александрович,сержант,2,48
Сидоров Виктор Никитич,капитан,12,39
Павлов Юрий Михайлович,полковник,10,44
Соловьёв Евгений Романович,рядовой,9,50
Захаров Денис Юрьевич,сержант,11,60
Макаров Никита Андреевич,прапорщик,1,43
Петров Егор Павлович,капитан,3,32
Степанов Егор Михайлович,рядовой,3,31
Михайлов Алексей Сергеевич,капитан,8,53
Степанов Илья Алексеевич,сержант,4,49
Морозов Илья Максимович,полковник,9,26
Соловьёв Дмитрий Алексеевич,майор,11,39
Алексеев Виктор Юрьевич,прапорщик,4,19
Морозов Андрей Викторович,лейтенант,4,38
Михайлов Виктор Кириллович,майор,9,42
Иванов Иван Дмитриевич,полковник,9,44
Кузнецов Степан Максимович,рядовой,10,54
Фёдоров Степан Никитич,сержант,1,24
Смирнов Матвей Викторович,лейтенант,3,18
Макаров Артём Сергеевич,сержант,9,29
Егоров Павел Иванович,капитан,6,58
Семёнов Никита Павлович,лейтенант,10,34
Михайлов Олег Никитич,полковник,4,46
Соколов Юрий Ильич,лейтенант,12,41
Яковлев Матвей Дмитриевич,прапорщик,8,22
Михайлов Павел Павлович,прапорщик,9,31
Михайлов Михаил Кириллович,рядовой,4,59
Павлов Александр Юрьевич,полковник,8,22
Смирнов Алексей Андреевич,прапорщик,7,53
Николаев Денис Дмитриевич,прапорщик,9,18
Павлов Никита Олегович,сержант,2,35
Новиков Константин Дмитриевич,лейтенант,5,49
Лебедев Илья Андреевич,лейтенант,3,20
Попов Юрий Александрович,лейтенант,2,21
Новиков Евгений Максимович,прапорщик,3,27
Михайлов Матвей Олегович,лейтенант,7,28
Васильев Сергей Сергеевич,капитан,8,50
Морозов Дмитрий Иванович,прапорщик,2,26
Смирнов Иван Михайлович,сержант,6,22
Фёдоров Михаил Павлович,лейтенант,1,27
Новиков Егор Олегович,рядовой,12,60
Яковлев Артём Иванович,полковник,8,41
Васильев Андрей Викторович,лейтенант,9,47
Новиков Денис Павлович,прапорщик,4,52
Петров Кирилл Юрьевич,прапорщик,3,32
Борисов Илья Ильич,прапорщик,5,26
Смирнов Сергей Ильич,прапорщик,12,27
Орлов Кирилл Ильич,сержант,10,31
Попов Егор Павлович,капитан,5,45
Иванов Евгений Олегович,майор,1,44
Соколов Виктор Романович,лейтенант,3,21
Захаров Андрей Иванович,прапорщик,9,34
Борисов Михаил Олегович,прапорщик,5,35
Захаров Павел Андреевич,капитан,4,51
Попов Виктор Александрович,сержант,6,47
Зайцев Дмитрий Андреевич,прапорщик,6,19
Борисов Кирилл Олегович,майор,7,32
Никитин Виктор Иванович,сержант,4,56
Яковлев Сергей Михайлович,лейтенант,2,42
Иванов Олег Александрович,полковник,9,35
Соловьёв Павел Олегович,прапорщик,2,58
Алексеев Кирилл Кириллович,полковник,1,18
Борисов Кирилл Кириллович,капитан,8,25
Борисов Денис Ильич,майор,9,40
Попов Алексей Дмитриевич,прапорщик,2,29
Михайлов Кирилл Павлович,лейтенант,4,58
Иванов Олег Викторович,сержант,5,19
Сидоров Алексей Олегович,капитан,3,42
Никитин Егор Ильич,лейтенант,1,50
Попов Алексей Олегович,прапорщик,2,39
Макаров Иван Романович,полковник,5,41
Яковлев Дмитрий Кириллович,рядовой,3,43
Попов Юрий Викторович,сержант,4,54
Новиков Юрий Дмитриевич,прапорщик,11,55
Орлов Михаил Андреевич,майор,1,46
Андреев Степан Сергеевич,прапорщик,7,31
Захаров Иван Викторович,сержант,10,46
Андреев Никита Никитич,капитан,7,26
Андреев Михаил Максимович,майор,9,36
Петров Егор Андреевич,майор,8,31
Соколов Константин Никитич,сержант,8,57
Борисов Юрий Иванович,рядовой,4,33
Соловьёв Евгений Никитич,прапорщик,4,46
Козлов Михаил Олегович,лейтенант,2,23
Макаров Максим Викторович,майор,8,47
Иванов Сергей Михайлович,лейтенант,8,37
Степанов Никита Иванович,лейтенант,11,55
Васильев Александр Викторович,майор,3,56
Яковлев Константин Юрьевич,лейтенант,5,48
Соколов Матвей Алексеевич,рядовой,12,50
Соколов Павел Юрьевич,капитан,9,37
Лебедев Павел Ильич,прапорщик,5,59
Лебедев Егор Романович,полковник,6,58
Захаров Олег Сергеевич,лейтенант,8,44
Борисов Илья Максимович,полковник,9,41
Смирнов Алексей Иванович,сержант,7,27
Захаров Степан Олегович,прапорщик,2,42
Попов Виктор Ильич,сержант,10,35
Макаров Кирилл Никитич,капитан,2,49
Никитин Виктор Ильич,лейтенант,3,54
Фёдоров Алексей Алексеевич,майор,10,19
Лебедев Евгений Никитич,рядовой,12,50
Иванов Дмитрий Викторович,прапорщик,7,30
Зайцев Константин Дмитриевич,майор,5,37
Павлов Артём Павлович,лейтенант,2,21
Андреев Дмитрий Кириллович,полковник,12,29
Смирнов Роман Андреевич,лейтенант,4,34
Павлов Никита Сергеевич,лейтенант,7,60
Семёнов Александр Максимович,капитан,9,30
Степанов Евгений Дмитриевич,капитан,8,48
Алексеев Денис Олегович,капитан,4,55
Кузнецов Никита Олегович,рядовой,2,59
Лебедев Евгений Максимович,лейтенант,5,27
Захаров Алексей Ильич,майор,4,37
Васильев Константин Юрьевич,прапорщик,1,22
Яковлев Егор Викторович,капитан,8,36
Михайлов Евгений Дмитриевич,майор,3,28
Фёдоров Илья Юрьевич,лейтенант,8,29
Захаров Андрей Ильич,капитан,4,43
Степанов Илья Дмитриевич,прапорщик,1,54
Степанов Денис Романович,майор,1,33
Макаров Константин Иванович,капитан,1,53
Борисов Александр Александрович,лейтенант,8,45
Андреев Иван Михайлович,рядовой,11,57
Макаров Никита Михайлович,рядовой,9,59
Попов Матвей Олегович,капитан,6,40
Смирнов Виктор Павлович,полковник,3,29
Борисов Павел Ильич,майор,8,35
Морозов Иван Павлович,лейтенант,1,46
Алексеев Иван Сергеевич,полковник,11,37
Зайцев Степан Дмитриевич,сержант,10,51
Егоров Константин Никитич,рядовой,1,50
Иванов Матвей Никитич,майор,2,54
Алексеев Виктор Кириллович,лейтенант,2,30
Соколов Никита Андреевич,прапорщик,3,50
Андреев Евгений Никитич,полковник,11,57
Михайлов Павел Юрьевич,майор,8,25
Егоров Илья Олегович,прапорщик,1,38
Николаев Роман Олегович,майор,9,49
Яковлев Денис Юрьевич,лейтенант,3,36
Степанов Матвей Дмитриевич,капитан,4,19
Андреев Степан Иванович,прапорщик,10,36
Морозов Михаил Ильич,прапорщик,2,32
Захаров Евгений Максимович,капитан,11,49
Михайлов Степан Сергеевич,полковник,11,21
Лебедев Кирилл Ильич,майор,11,57
Зайцев Сергей Алексеевич,рядовой,6,21
Алексеев Константин Михайлович,сержант,9,19
Васильев Павел Михайлович,лейтенант,5,30
Захаров Матвей Дмитриевич,сержант,4,52
Алексеев Илья Александрович,сержант,10,42
Степанов Алексей Михайлович,капитан,1,54
Смирнов Кирилл Михайлович,сержант,9,41
Борисов Степан Михайлович,прапорщик,3,36
Соколов Дмитрий Павлович,майор,9,27
Андреев Степан Алексеевич,прапорщик,7,24
Яковлев Роман Максимович,майор,3,32
Макаров Юрий Михайлович,полковник,7,25
Степанов Илья Андреевич,майор,1,27
Кузнецов Алексей Павлович,рядовой,3,39
Михайлов Сергей Александрович,полковник,1,59
Фёдоров Сергей Сергеевич,рядовой,2,26
Соловьёв Виктор Юрьевич,лейтенант,4,56
Морозов Константин Викторович,майор,3,53
Попов Олег Александрович,рядовой,7,46
Соловьёв Степан Ильич,полковник,6,59
Алексеев Максим Юрьевич,сержант,2,21
Васильев Денис Павлович,полковник,2,33
Павлов Артём Сергеевич,рядовой,12,20
Захаров Юрий Алексеевич,рядовой,7,48
Иванов Алексей Кириллович,полковник,11,52
Смирнов Иван Юрьевич,полковник,10,33
Макаров Юрий Алексеевич,сержант,3,53
Соколов Евгений Александрович,лейтенант,7,46
Егоров Матвей Иванович,полковник,5,32
Павлов Михаил Кириллович,прапорщик,9,26
Павлов Роман Олегович,сержант,1,36
Борисов Степан Алексеевич,рядовой,12,21
Зайцев Матвей Максимович,сержант,12,47
Андреев Егор Олегович,прапорщик,11,30
Козлов Сергей Иванович,сержант,1,26
Зайцев Павел Викторович,лейтенант,10,40
Морозов Олег Олегович,сержант,3,52
Кузнецов Павел Иванович,капитан,8,54
Семёнов Алексей Павлович,рядовой,3,41
Сидоров Алексей Александрович,прапорщик,2,55
Егоров Алексей Алексеевич,майор,3,36
Яковлев Денис Александрович,прапорщик,1,34
Егоров Матвей Романович,майор,12,58
Васильев Никита Олегович,сержант,3,45
Кочергин Степан Александрович,майор,6,54
Соколов Никита Кириллович,сержант,3,41
Яковлев Алексей Павлович,прапорщик,3,47
Андреев Сергей Ильич,лейтенант,9,37
Соловьёв Илья Сергеевич,рядовой,12,22
Кузнецов Андрей Максимович,прапорщик,3,19
Никитин Олег Викторович,капитан,1,37
Сидоров Сергей Александрович,майор,3,48
Алексеев Никита Иванович,капитан,6,48
Васильев Алексей Олегович,прапорщик,2,18
Иванов Степан Юрьевич,полковник,8,52
Петров Юрий Никитич,полковник,4,47
Степанов Егор Олегович,рядовой,11,55
Степанов Константин Юрьевич,майор,12,57
Захаров Константин Дмитриевич,прапорщик,12,38
Никитин Илья Олегович,лейтенант,2,44
Кочергин Дмитрий Ильич,майор,5,21
Степанов Егор Алексеевич,прапорщик,6,60
Егоров Павел Максимович,сержант,8,55
Николаев Егор Юрьевич,сержант,9,31
Николаев Дмитрий Викторович,майор,10,23
Кочергин Дмитрий Алексеевич,лейтенант,6,52
Никитин Иван Никитич,капитан,5,53
Козлов Олег Олегович,лейтенант,6,26
Петров Константин Олегович,рядовой,4,31
Павлов Дмитрий Павлович,майор,12,18
Яковлев Павел Викторович,сержант,1,24
Никитин Никита Андреевич,прапорщик,6,50
Соловьёв Матвей Андреевич,лейтенант,1,36
Михайлов Евгений Никитич,капитан,6,45
Фёдоров Степан Никитич,рядовой,6,20
Попов Максим Павлович,полковник,9,53
Захаров Андрей Михайлович,сержант,8,22
Семёнов Денис Викторович,прапорщик,9,24
Никитин Олег Андреевич,рядовой,7,25
Новиков Павел Алексеевич,майор,4,46
Иванов Матвей Ильич,сержант,3,53
Николаев Никита Александрович,прапорщик,9,54
Соловьёв Павел Алексеевич,лейтенант,4,60
Козлов Егор Романович,прапорщик,1,55
Никитин Сергей Иванович,лейтенант,8,18
Кочергин Денис Романович,майор,10,38
Захаров Александр Иванович,сержант,1,22
Морозов Егор Никитич,лейтенант,12,54
Андреев Денис Кириллович,сержант,1,18
Павлов Виктор Романович,рядовой,4,42
Макаров Степан Александрович,полковник,4,24
Егоров Максим Олегович,прапорщик,11,38
Соловьёв Иван Алексеевич,рядовой,5,54
Степанов Никита Михайлович,лейтенант,6,25
Андреев Илья Максимович,майор,8,44
Морозов Дмитрий Андреевич,капитан,9,39
Семёнов Никита Иванович,майор,6,41
Кочергин Артём Иванович,полковник,11,38
Яковлев Сергей Кириллович,лейтенант,3,40
Захаров Олег Ильич,капитан,3,22
Соловьёв Кирилл Дмитриевич,майор,7,21
Орлов Никита Кириллович,капитан,5,41
Новиков Денис Ильич,майор,6,24
Семёнов Павел Викторович,рядовой,6,49
Соловьёв Дмитрий Андреевич,сержант,4,27
Михайлов Артём Романович,прапорщик,4,22
Соловьёв Кирилл Алексеевич,рядовой,7,34
Орлов Евгений Кириллович,рядовой,2,46
Сидоров Михаил Никитич,прапорщик,12,50
Морозов Олег Алексеевич,сержант,6,60
Степанов Дмитрий Александрович,сержант,10,27
Лебедев Артём Ильич,лейтенант,2,40
Морозов Михаил Иванович,лейтенант,1,44
Фёдоров Михаил Сергеевич,прапорщик,12,53
Николаев Роман Дмитриевич,рядовой,10,39
Егоров Степан Максимович,лейтенант,2,32
Зайцев Никита Романович,прапорщик,1,29
Макаров Юрий Олегович,рядовой,4,28
Соловьёв Алексей Олегович,прапорщик,12,43
Михайлов Дмитрий Дмитриевич,прапорщик,9,55
Николаев Максим Никитич,капитан,5,45
Соловьёв Роман Иванович,капитан,9,24
Новиков Павел Сергеевич,майор,9,26
Козлов Матвей Иванович,рядовой,11,29
Павлов Виктор Олегович,майор,2,59
Алексеев Роман Викторович,рядовой,10,53
Михайлов Михаил Кириллович,рядовой,4,22
Козлов Михаил Дмитриевич,полковник,5,37
Борисов Павел Максимович,прапорщик,3,42
Кочергин Виктор Иванович,лейтенант,2,52
Алексеев Михаил Александрович,лейтенант,5,55
Борисов Виктор Александрович,капитан,5,32
Морозов Илья Сергеевич,сержант,11,24
Андреев Егор Дмитриевич,капитан,4,55
Попов Михаил Никитич,капитан,7,51
Яковлев Кирилл Никитич,капитан,11,23
Семёнов Денис Кириллович,полковник,11,37
Макаров Кирилл Олегович,лейтенант,9,40
Михайлов Матвей Максимович,прапорщик,6,28
Егоров Степан Сергеевич,прапорщик,1,22
Иванов Степан Никитич,майор,1,43
Яковлев Илья Юрьевич,полковник,11,39
Фёдоров Дмитрий Александрович,лейтенант,7,22
Иванов Юрий Никитич,майор,1,32
Сидоров Олег Сергеевич,прапорщик,2,24
Орлов Юрий Дмитриевич,прапорщик,3,21
Яковлев Виктор Дмитриевич,сержант,11,59
Петров Иван Андреевич,майор,3,21
Егоров Егор Олегович,рядовой,8,41
Яковлев Юрий Романович,капитан,10,35
Соколов Сергей Юрьевич,полковник,12,59
Борисов Степан Дмитриевич,сержант,11,31
Новиков Артём Олегович,майор,6,53
Андреев Константин Викторович,майор,10,28
Павлов Сергей Дмитриевич,рядовой,4,29
Попов Юрий Викторович,капитан,1,56
Петров Роман Андреевич,лейтенант,10,55
Смирнов Дмитрий Дмитриевич,майор,6,18
Егоров Кирилл Никитич,майор,7,23
Сидоров Виктор Юрьевич,прапорщик,3,23
Семёнов Сергей Олегович,лейтенант,6,20
Новиков Олег Олегович,сержант,2,52
Егоров Егор Кириллович,прапорщик,12,34
Захаров Сергей Дмитриевич,капитан,3,26
Попов Денис Романович,майор,12,51
Петров Андрей Дмитриевич,прапорщик,4,23
Петров Егор Павлович,лейтенант,8,57
Кузнецов Артём Иванович,лейтенант,11,34
Степанов Егор Юрьевич,лейтенант,5,34
Лебедев Артём Максимович,рядовой,9,21
Васильев Артём Павлович,прапорщик,8,23
Сидоров Иван Александрович,полковник,7,20
Кузнецов Егор Андреевич,сержант,9,39
Егоров Сергей Ильич,полковник,9,59
Соловьёв Кирилл Михайлович,майор,8,29
Морозов Максим Романович,сержант,8,44
Лебедев Матвей Иванович,лейтенант,3,28
Васильев Александр Кириллович,прапорщик,10,37
Козлов Виктор Романович,сержант,5,31
Соколов Алексей Олегович,лейтенант,6,48
Борисов Дмитрий Ильич,прапорщик,11,18
Егоров Егор Максимович,лейтенант,2,47
Зайцев Андрей Иванович,рядовой,3,36
Новиков Матвей Олегович,полковник,8,60
