fullName,rank,companyNumber,age
Васильев Артём Олегович,лейтенант,6,31
Борисов Евгений Александрович,прапорщик,8,43
Борисов Павел Максимович,капитан,10,51
Михайлов Юрий Иванович,майор,1,44
Васильев Денис Кириллович,сержант,7,43
Никитин Матвей Иванович,лейтенант,1,46
Попов Виктор Дмитриевич,капитан,4,36
Попов Константин Никитич,рядовой,3,57
Иванов Виктор Ильич,лейтенант,12,57
Макаров Матвей Дмитриевич,лейтенант,10,23
Яковлев Артём Андреевич,капитан,11,52
Морозов Роман Олегович,прапорщик,7,56
Николаев Егор Михайлович,прапорщик,1,31
Захаров Юрий Павлович,лейтенант,7,20
Кузнецов Михаил Михайлович,рядовой,3,56
Морозов Евгений Ильич,рядовой,7,44
Петров Константин Михайлович,полковник,6,35
Соколов Кирилл Андреевич,сержант,3,24
Орлов Денис Юрьевич,сержант,1,31
Смирнов Артём Никитич,рядовой,12,55
Кочергин Денис Никитич,майор,12,19
Попов Алексей Олегович,прапорщик,2,41
Николаев Олег Павлович,полковник,6,28
Алексеев Юрий Никитич,рядовой,6,53
Орлов Алексей Павлович,лейтенант,2,48
Смирнов Максим Никитич,рядовой,11,52
Михайлов Денис Александрович,лейтенант,4,38
Павлов Роман Андреевич,майор,10,55
Смирнов Андрей Максимович,полковник,11,31
Андреев Илья Алексеевич,майор,8,41
Попов Артём Кириллович,прапорщик,3,29
Алексеев Павел Романович,капитан,11,42
Никитин Андрей Кириллович,полковник,8,60
Егоров Евгений Алексеевич,майор,6,52
Иванов Егор Михайлович,майор,6,24
Степанов Евгений Андреевич,прапорщик,9,31
Павлов Артём Кириллович,сержант,12,26
Степанов Иван Иванович,лейтенант,4,37
Кузнецов Юрий Андреевич,капитан,11,54
Попов Павел Алексеевич,майор,7,43
Кочергин Кирилл Викторович,полковник,10,47
Орлов Виктор Иванович,прапорщик,1,58
Егоров Константин Юрьевич,рядовой,2,39
Морозов Михаил Викторович,сержант,8,39
Кочергин Константин Юрьевич,рядовой,8,56
Соколов Александр Олегович,сержант,5,58
Зайцев Степан Юрьевич,майор,6,39
Петров Юрий Викторович,сержант,8,23
Васильев Степан Кириллович,майор,6,21
Морозов Иван Михайлович,майор,7,49
Яковлев Алексей Алексеевич,капитан,11,24
Захаров Виктор Максимович,капитан,6,29
Зайцев Матвей Александрович,майор,3,46
Лебедев Максим Викторович,лейтенант,12,41
Борисов Олег Михайлович,майор,3,23
Сидоров Кирилл Юрьевич,капитан,6,48
Захаров Максим Сергеевич,рядовой,9,54
Николаев Артём Павлович,капитан,3,20
Зайцев Илья Алексеевич,майор,10,26
Егоров Дмитрий Максимович,сержант,8,56
Егоров Егор Викторович,прапорщик,6,38
Николаев Виктор Андреевич,майор,3,23
Васильев Олег Ильич,лейтенант,12,33
Лебедев Алексей Алексеевич,лейтенант,7,27
Петров Никита Кириллович,капитан,10,37
Смирнов Денис Никитич,сержант,9,55
Васильев Сергей Ильич,лейтенант,6,21
Соколов Илья Александрович,лейтенант,1,25
Егоров Иван Сергеевич,капитан,8,25
Алексеев Юрий Никитич,полковник,7,59
Степанов Павел Алексеевич,сержант,7,43
Макаров Алексей Юрьевич,лейтенант,7,39
Николаев Денис Павлович,майор,5,38
Смирнов Матвей Александрович,полковник,10,49
Петров Дмитрий Дмитриевич,рядовой,5,37
Макаров Виктор Александрович,лейтенант,9,51
Михайлов Кирилл Юрьевич,майор,4,48
Сидоров Евгений Романович,майор,8,52
Сидоров Илья Никитич,лейтенант,12,24
Козлов Илья Максимович,рядовой,5,43
Смирнов Михаил Никитич,сержант,10,55
Морозов Денис Иванович,сержант,10,47
Андреев Илья Юрьевич,рядовой,11,29
Борисов Юрий Ильич,рядовой,2,53
Новиков Олег Дмитриевич,майор,7,20
Васильев Олег Викторович,лейтенант,7,35
Егоров Матвей Романович,лейтенант,2,25
Никитин Кирилл Романович,сержант,1,39
Козлов Степан Сергеевич,прапорщик,10,26
Борисов Михаил Романович,сержант,11,48
Яковлев Михаил Михайлович,прапорщик,7,40
Иванов Денис Павлович,лейтенант,6,36
Соколов Виктор Сергеевич,полковник,7,38
Семёнов Павел Алексеевич,рядовой,10,45
Соловьёв Виктор Михайлович,капитан,4,57
Соловьёв Илья Павлович,лейтенант,3,60
Семёнов Дмитрий Павлович,рядовой,5,56
Соколов Кирилл Алексеевич,сержант,4,53
Иванов Юрий Александрович,полковник,5,47
Козлов Алексей Юрьевич,прапорщик,3,44
Борисов Михаил Иванович,прапорщик,12,31
Николаев Матвей Кириллович,прапорщик,3,58
Андреев Денис Кириллович,капитан,1,31
Макаров Иван Михайлович,рядовой,8,56
Никитин Александр Михайлович,сержант,3,49
Алексеев Андрей Викторович,лейтенант,6,48
Соловьёв Илья Олегович,лейтенант,1,31
Петров Иван Юрьевич,капитан,7,18
Николаев Алексей Алексеевич,полковник,4,39
Смирнов Михаил Ильич,капитан,6,22
Степанов Матвей Андреевич,прапорщик,2,39
Степанов Юрий Романович,лейтенант,6,44
Николаев Денис Викторович,сержант,1,42
Зайцев Илья Юрьевич,лейтенант,9,46
Алексеев Константин Дмитриевич,рядовой,9,56
Степанов Евгений Александрович,лейтенант,6,39
Фёдоров Андрей Никитич,полковник,7,26
Козлов Матвей Сергеевич,капитан,12,51
Егоров Роман Максимович,сержант,10,24
Лебедев Михаил Андреевич,прапорщик,2,35
Новиков Егор Максимович,прапорщик,10,49
Орлов Никита Олегович,майор,11,32
Лебедев Олег Павлович,сержант,5,40
Лебедев Матвей Иванович,полковник,10,48
Павлов Матвей Юрьевич,полковник,12,20
Козлов Сергей Иванович,сержант,2,20
Соловьёв Михаил Павлович,прапорщик,4,59
Соловьёв Максим Алексеевич,полковник,6,19
Борисов Егор Олегович,рядовой,6,22
Кузнецов Михаил Андреевич,полковник,4,36
Захаров Денис Андреевич,рядовой,1,34
Морозов Степан Кириллович,капитан,3,22
Никитин Денис Романович,рядовой,3,56
Егоров Матвей Михайлович,рядовой,9,52
Соловьёв Матвей Дмитриевич,лейтенант,12,29
Иванов Максим Михайлович,лейтенант,5,59
Яковлев Павел Сергеевич,рядовой,11,57
Кочергин Артём Никитич,сержант,8,49
Морозов Андрей Кириллович,капитан,3,30
Кочергин Константин Алексеевич,капитан,2,47
Морозов Павел Алексеевич,сержант,11,44
Иванов Павел Викторович,полковник,12,32
Андреев Иван Кириллович,лейтенант,8,25
Захаров Юрий Дмитриевич,полковник,6,45
Попов Максим Александрович,рядовой,2,50
Соловьёв Роман Романович,прапорщик,4,60
Никитин Денис Олегович,полковник,5,40
Кочергин Роман Ильич,полковник,10,24
Егоров Дмитрий Олегович,капитан,1,44
Попов Матвей Романович,майор,3,41
Попов Андрей Никитич,полковник,5,27
Орлов Максим Александрович,капитан,10,24
Орлов Юрий Сергеевич,майор,1,32
Кочергин Иван Александрович,прапорщик,2,33
Попов Максим Михайлович,рядовой,2,54
Попов Константин Кириллович,рядовой,5,46
Петров Евгений Сергеевич,сержант,4,20
Кузнецов Илья Максимович,сержант,7,52
Егоров Алексей Романович,рядовой,3,55
Макаров Матвей Юрьевич,сержант,2,58
Никитин Матвей Павлович,сержант,9,36
Яковлев Михаил Кириллович,полковник,4,47
Петров Юрий Иванович,рядовой,9,43
Михайлов Максим Михайлович,прапорщик,9,43
Сидоров Олег Романович,лейтенант,10,57
Михайлов Павел Никитич,прапорщик,7,36
Николаев Илья Алексеевич,полковник,11,43
Соловьёв Егор Павлович,полковник,5,29
Степанов Сергей Сергеевич,капитан,10,51
Макаров Иван Сергеевич,полковник,2,20
Иванов Никита Олегович,сержант,7,57
Павлов Степан Олегович,сержант,2,38
Андреев Матвей Юрьевич,майор,7,22
Иванов Павел Павлович,сержант,12,46
Сидоров Никита Юрьевич,прапорщик,11,56
Смирнов Роман Ильич,прапорщик,8,29
Васильев Денис Алексеевич,майор,6,46
Павлов Роман Иванович,капитан,12,49
Яковлев Илья Ильич,капитан,7,56
Попов Егор Максимович,капитан,9,60
Соловьёв Алексей Ильич,сержант,12,49
Макаров Роман Максимович,майор,4,39
Лебедев Олег Ильич,полковник,6,51
Николаев Егор Иванович,рядовой,12,29
Смирнов Олег Михайлович,прапорщик,8,45
Морозов Максим Максимович,полковник,1,57
Иванов Матвей Максимович,рядовой,5,20
Васильев Иван Кириллович,лейтенант,12,42
Новиков Роман Викторович,сержант,1,60
Никитин Алексей Павлович,прапорщик,8,46
Алексеев Никита Сергеевич,сержант,3,35
Борисов Евгений Кириллович,прапорщик,2,40
Кузнецов Константин Александрович,сержант,11,52
Соколов Михаил Викторович,сержант,8,23
Кузнецов Михаил Олегович,рядовой,5,57
Соловьёв Никита Кириллович,майор,8,59
Козлов Роман Иванович,майор,11,57
Андреев Константин Романович,майор,10,46
Макаров Сергей Иванович,рядовой,4,39
Степанов Константин Романович,лейтенант,4,59
Сидоров Евгений Павлович,рядовой,3,37
Алексеев Кирилл Александрович,майор,8,19
Никитин Александр Александрович,полковник,11,18
Иванов Александр Никитич,капитан,11,31
Семёнов Степан Дмитриевич,капитан,11,32
Фёдоров Никита Олегович,сержант,4,30
Сидоров Евгений Викторович,сержант,6,59
Соловьёв Михаил Александрович,рядовой,1,39
Новиков Денис Алексеевич,полковник,8,27
Захаров Матвей Юрьевич,капитан,10,31
Орлов Кирилл Юрьевич,прапорщик,2,34
Орлов Степан Никитич,майор,12,27
Михайлов Виктор Михайлович,майор,7,43
Сидоров Константин Сергеевич,лейтенант,2,45
Петров Максим Максимович,полковник,7,46
Иванов Андрей Иванович,сержант,7,46
Михайлов Иван Павлович,полковник,1,28
Николаев Матвей Андреевич,сержант,2,52
Смирнов Александр Олегович,рядовой,6,60
Новиков Константин Андреевич,прапорщик,9,41
Яковлев Иван Алексеевич,лейтенант,4,57
Кочергин Константин Михайлович,полковник,12,43
Алексеев Егор Александрович,полковник,2,34
Семёнов Павел Никитич,майор,9,30
Егоров Олег Алексеевич,майор,5,37
Яковлев Олег Кириллович,майор,5,29
Никитин Евгений Олегович,прапорщик,8,23
Степанов Максим Алексеевич,прапорщик,9,58
Захаров Павел Дмитриевич,сержант,6,29
Никитин Илья Александрович,полковник,1,44
Кочергин Александр Викторович,сержант,11,37
Васильев Александр Ильич,прапорщик,1,47
Иванов Юрий Викторович,полковник,11,23
Кузнецов Денис Дмитриевич,майор,6,46
Макаров Артём Михайлович,капитан,7,42
Новиков Павел Михайлович,рядовой,8,34
Орлов Кирилл Юрьевич,лейтенант,12,43
Иванов Михаил Максимович,капитан,1,56
Смирнов Сергей Дмитриевич,лейтенант,5,46
Иванов Олег Сергеевич,майор,1,31
Михайлов Сергей Олегович,полковник,8,58
Кочергин Юрий Андреевич,прапорщик,12,48
Петров Артём Романович,полковник,7,26
Попов Андрей Романович,сержант,11,52
Яковлев Артём Юрьевич,прапорщик,2,30
Морозов Матвей Иванович,сержант,4,44
Михайлов Денис Олегович,рядовой,5,37
Кузнецов Кирилл Алексеевич,рядовой,10,27
Алексеев Артём Михайлович,лейтенант,1,55
Фёдоров Дмитрий Михайлович,рядовой,3,52
Захаров Артём Михайлович,майор,6,60
Васильев Роман Андреевич,майор,4,52
Алексеев Сергей Алексеевич,лейтенант,9,19
Сидоров Евгений Иванович,сержант,5,47
Кочергин Кирилл Кириллович,капитан,3,48
Смирнов Иван Романович,сержант,11,40
Новиков Михаил Алексеевич,лейтенант,1,48
Смирнов Кирилл Ильич,лейтенант,6,28
Макаров Егор Алексеевич,сержант,3,44
Фёдоров Артём Сергеевич,прапорщик,11,36
Зайцев Андрей Романович,лейтенант,9,26
Васильев Алексей Романович,рядовой,8,38
Соловьёв Матвей Михайлович,рядовой,6,53
Андреев Павел Дмитриевич,капитан,1,20
Кочергин Максим Иванович,сержант,1,26
Сидоров Сергей Олегович,майор,9,44
Иванов Никита Ильич,рядовой,11,31
Степанов Павел Викторович,майор,9,20
Попов Виктор Максимович,капитан,9,53
Яковлев Максим Никитич,полковник,5,51
Борисов Евгений Дмитриевич,майор,3,42
Петров Роман Никитич,сержант,6,20
Петров Алексей Павлович,сержант,6,40
Фёдоров Евгений Александрович,рядовой,9,20
Васильев Максим Ильич,полковник,5,51
Макаров Олег Дмитриевич,капитан,8,20
Захаров Роман Павлович,прапорщик,4,23
Сидоров Дмитрий Михайлович,рядовой,8,58
Зайцев Михаил Сергеевич,майор,7,36
Борисов Алексей Никитич,прапорщик,2,27
Захаров Юрий Максимович,лейтенант,2,49
Кузнецов Денис Сергеевич,прапорщик,6,41
Степанов Степан Олегович,майор,3,41
Кочергин Александр Юрьевич,сержант,4,49
Соловьёв Олег Сергеевич,рядовой,9,35
Козлов Юрий Романович,сержант,5,57
Морозов Сергей Максимович,прапорщик,5,27
Зайцев Олег Александрович,рядовой,5,24
Новиков Юрий Павлович,капитан,12,49
Никитин Кирилл Андреевич,сержант,8,20
Орлов Павел Павлович,прапорщик,6,58
Никитин Матвей Викторович,сержант,11,56
Никитин Кирилл Сергеевич,прапорщик,7,47
Захаров Роман Романович,прапорщик,2,30
Никитин Илья Романович,сержант,7,24
Соловьёв Роман Викторович,лейтенант,5,30
Макаров Максим Викторович,прапорщик,11,22
Николаев Кирилл Юрьевич,майор,3,50
Петров Павел Никитич,сержант,9,18
Яковлев Андрей Иванович,майор,10,55
Новиков Никита Иванович,прапорщик,3,22
Новиков Степан Олегович,полковник,9,31
Сидоров Павел Олегович,капитан,4,60
Николаев Никита Викторович,полковник,8,31
Смирнов Павел Никитич,майор,4,23
Захаров Евгений Викторович,майор,9,39
Алексеев Юрий Алексеевич,прапорщик,3,38
Орлов Степан Ильич,капитан,5,31
Смирнов Юрий Викторович,прапорщик,2,20
Михайлов Юрий Ильич,сержант,2,26
Николаев Роман Иванович,сержант,9,45
Морозов Евгений Алексеевич,майор,1,39
Андреев Виктор Иванович,капитан,6,50
Борисов Степан Юрьевич,полковник,12,43
Зайцев Александр Михайлович,рядовой,10,60
Иванов Артём Никитич,полковник,6,52
Лебедев Илья Кириллович,лейтенант,12,25
Михайлов Кирилл Юрьевич,рядовой,5,32
Зайцев Александр Кириллович,лейтенант,4,19
Семёнов Дмитрий Олегович,капитан,6,44
Петров Олег Павлович,лейтенант,2,29
Смирнов Роман Викторович,майор,11,30
Зайцев Иван Александрович,рядовой,5,59
Новиков Степан Олегович,рядовой,3,24
Соколов Никита Павлович,капитан,8,30
Зайцев Степан Юрьевич,полковник,2,51
Попов Матвей Павлович,сержант,8,34
Смирнов Олег Никитич,сержант,12,36
Морозов Степан Александрович,сержант,2,57
Морозов Алексей Алексеевич,рядовой,2,25
Кузнецов Алексей Михайлович,рядовой,3,40
Никитин Роман Романович,лейтенант,5,54
Егоров Виктор Викторович,лейтенант,4,39
Степанов Андрей Дмитриевич,капитан,12,32
Борисов Кирилл Кириллович,капитан,8,42
Михайлов Андрей Романович,прапорщик,3,33
Павлов Александр Максимович,капитан,12,26
Кочергин Матвей Олегович,сержант,9,52
Захаров Олег Сергеевич,майор,6,40
Васильев Сергей Кириллович,лейтенант,12,34
Лебедев Степан Павлович,полковник,8,22
Алексеев Павел Сергеевич,сержант,11,23
Андреев Максим Никитич,капитан,11,20
Иванов Иван Александрович,рядовой,9,25
Лебедев Константин Дмитриевич,полковник,12,32
Соловьёв Артём Михайлович,прапорщик,11,45
Егоров Матвей Александрович,прапорщик,4,40
Алексеев Михаил Алексеевич,майор,9,27
Михайлов Иван Никитич,капитан,8,27
Соколов Олег Ильич,сержант,8,56
Новиков Олег Викторович,майор,10,48
Семёнов Михаил Михайлович,майор,12,50
Семёнов Андрей Никитич,полковник,11,60
Новиков Олег Александрович,рядовой,11,49
Попов Денис Никитич,капитан,8,31
Сидоров Алексей Ильич,лейтенант,9,53
Андреев Кирилл Павлович,рядовой,11,37
Николаев Алексей Алексеевич,майор,2,55
Фёдоров Никита Михайлович,прапорщик,10,55
Павлов Егор Павлович,майор,1,47
Андреев Кирилл Иванович,майор,12,43
Павлов Андрей Никитич,капитан,3,48
Лебедев Илья Максимович,сержант,4,47
Иванов Денис Сергеевич,майор,5,43
Смирнов Юрий Иванович,сержант,11,37
Михайлов Роман Олегович,лейтенант,11,21
Кузнецов Денис Сергеевич,капитан,7,41
Смирнов Иван Романович,майор,11,18
Иванов Павел Алексеевич,лейтенант,2,55
Зайцев Степан Иванович,полковник,2,60
Зайцев Константин Сергеевич,лейтенант,10,53
Николаев Юрий Викторович,прапорщик,1,49
Орлов Константин Александрович,капитан,8,32
Соловьёв Сергей Михайлович,лейтенант,1,40
Никитин Константин Дмитриевич,полковник,1,48
Соловьёв Сергей Дмитриевич,капитан,3,37
Андреев Павел Кириллович,лейтенант,9,31
Михайлов Михаил Викторович,сержант,9,24
Орлов Дмитрий Алексеевич,майор,5,60
Соколов Сергей Александрович,капитан,7,50
Новиков Максим Никитич,прапорщик,10,22
Алексеев Илья Иванович,сержант,2,30
Фёдоров Евгений Александрович,рядовой,11,35
Соколов Егор Александрович,сержант,11,29
Орлов Степан Никитич,прапорщик,6,55
Фёдоров Андрей Александрович,полковник,4,46
Петров Павел Алексеевич,полковник,6,18
Семёнов Матвей Кириллович,лейтенант,6,37
Смирнов Роман Юрьевич,полковник,9,43
Степанов Денис Павлович,рядовой,12,29
Кочергин Юрий Павлович,майор,4,41
Кузнецов Евгений Алексеевич,полковник,10,54
Михайлов Александр Кириллович,капитан,6,38
Семёнов Дмитрий Викторович,полковник,1,34
Петров Артём Викторович,капитан,11,50
Никитин Виктор Юрьевич,сержант,12,43
Попов Константин Сергеевич,сержант,12,38
Михайлов Алексей Романович,рядовой,10,47
Алексеев Денис Максимович,майор,11,56
Новиков Илья Викторович,лейтенант,4,34
Петров Алексей Дмитриевич,полковник,5,60
Петров Роман Никитич,лейтенант,4,50
Михайлов Олег Максимович,прапорщик,2,46
Андреев Михаил Олегович,майор,5,54
Орлов Михаил Юрьевич,капитан,2,48
Егоров Александр Ильич,прапорщик,4,28
Васильев Виктор Александрович,майор,7,60
Козлов Михаил Павлович,прапорщик,12,48
Козлов Денис Кириллович,сержант,9,21
Попов Роман Александрович,рядовой,11,31
Макаров Никита Максимович,сержант,6,56
Семёнов Алексей Максимович,прапорщик,1,29
Лебедев Дмитрий Кириллович,сержант,6,20
Козлов Денис Дмитриевич,лейтенант,1,26
Павлов Алексей Дмитриевич,прапорщик,5,25
Николаев Алексей Олегович,полковник,7,36
Захаров Денис Олегович,лейтенант,1,47
Попов Роман Алексеевич,рядовой,7,21
Орлов Олег Ильич,прапорщик,2,29
Михайлов Иван Дмитриевич,майор,2,44
Михайлов Степан Олегович,сержант,4,26
Морозов Михаил Андреевич,сержант,4,46
Соловьёв Илья Сергеевич,полковник,5,49
Павлов Никита Романович,прапорщик,1,35
Андреев Роман Викторович,полковник,1,36
Егоров Константин Максимович,рядовой,3,57
Алексеев Максим Кириллович,лейтенант,2,24
Яковлев Дмитрий Кириллович,майор,10,45
Соловьёв Алексей Ильич,лейтенант,6,27
Борисов Максим Дмитриевич,рядовой,6,30
Макаров Никита Максимович,майор,10,48
Соловьёв Андрей Алексеевич,лейтенант,10,54
Никитин Михаил Никитич,полковник,10,18
Новиков Роман Дмитриевич,прапорщик,3,48
Соловьёв Егор Викторович,полковник,3,41
Смирнов Олег Максимович,полковник,1,41
Макаров Никита Андреевич,майор,10,45
Степанов Алексей Алексеевич,капитан,3,19
Новиков Алексей Алексеевич,сержант,1,49
Алексеев Егор Павлович,полковник,1,40
Сидоров Алексей Олегович,прапорщик,3,30
Семёнов Роман Алексеевич,лейтенант,3,34
Морозов Степан Юрьевич,рядовой,9,25
Новиков Степан Павлович,майор,9,50
Андреев Константин Максимович,рядовой,6,35
Смирнов Юрий Олегович,сержант,8,39
Михайлов Юрий Ильич,капитан,2,30
Сидоров Дмитрий Викторович,лейтенант,6,31
Алексеев Матвей Никитич,полковник,2,58
Зайцев Иван Олегович,лейтенант,10,53
Борисов Виктор Викторович,лейтенант,4,55
Васильев Кирилл Викторович,полковник,6,35
Соловьёв Юрий Романович,майор,8,32
Павлов Матвей Ильич,полковник,2,25
Смирнов Александр Максимович,лейтенант,11,28
Орлов Евгений Максимович,лейтенант,3,38
Орлов Михаил Алексеевич,прапорщик,4,32
Смирнов Михаил Дмитриевич,лейтенант,1,57
Яковлев Евгений Андреевич,полковник,4,38
Иванов Денис Викторович,рядовой,10,30
Борисов Кирилл Сергеевич,рядовой,11,20
Попов Алексей Михайлович,майор,1,27
Макаров Юрий Иванович,капитан,6,60
Николаев Матвей Дмитриевич,прапорщик,2,36
Зайцев Виктор Михайлович,лейтенант,10,43
Захаров Евгений Иванович,прапорщик,9,25
Павлов Константин Романович,сержант,3,58
Макаров Сергей Викторович,полковник,12,22
Соловьёв Сергей Олегович,рядовой,8,50
Николаев Олег Павлович,сержант,3,43
Орлов Александр Викторович,сержант,8,58
Степанов Кирилл Александрович,полковник,2,19
Соколов Евгений Кириллович,майор,7,39
Семёнов Илья Кириллович,прапорщик,8,22
Захаров Дмитрий Олегович,полковник,10,53
Лебедев Кирилл Ильич,лейтенант,5,30
Макаров Павел Сергеевич,капитан,7,34
Зайцев Евгений Кириллович,капитан,5,58
Козлов Евгений Сергеевич,полковник,2,34
Соколов Егор Дмитриевич,сержант,12,32
Павлов Андрей Иванович,полковник,11,27
Иванов Иван Александрович,рядовой,11,39
Морозов Степан Павлович,рядовой,2,45
Борисов Егор Юрьевич,полковник,2,36
Иванов Олег Павлович,майор,8,56
Николаев Алексей Дмитриевич,рядовой,2,60
Морозов Денис Юрьевич,сержант,7,37
Андреев Юрий Сергеевич,майор,7,39
Егоров Андрей Кириллович,прапорщик,11,24
Егоров Евгений Романович,рядовой,2,42
Васильев Александр Александрович,майор,7,33
Николаев Кирилл Павлович,майор,1,24
Зайцев Иван Алексеевич,сержант,4,23
Попов Дмитрий Михайлович,прапорщик,5,40
Борисов Сергей Ильич,рядовой,12,20
Николаев Евгений Юрьевич,сержант,5,54
Степанов Денис Кириллович,рядовой,5,57
Николаев Дмитрий Алексеевич,майор,4,53
Кузнецов Юрий Ильич,капитан,10,50
Яковлев Михаил Иванович,сержант,7,43
Козлов Сергей Кириллович,капитан,2,47
Иванов Константин Олегович,полковник,6,24
Борисов Егор Кириллович,рядовой,1,33
Васильев Юрий Романович,рядовой,2,25
Зайцев Александр Ильич,капитан,4,36
Никитин Михаил Юрьевич,прапорщик,11,36
Андреев Виктор Романович,капитан,8,43
Сидоров Александр Викторович,полковник,11,55
Михайлов Денис Павлович,полковник,5,28
Павлов Павел Викторович,сержант,12,42
Иванов Сергей Юрьевич,рядовой,4,28
Андреев Александр Павлович,полковник,2,37
Сидоров Максим Викторович,сержант,3,44
Васильев Дмитрий Юрьевич,лейтенант,4,56
Фёдоров Степан Александрович,лейтенант,12,53
Кочергин Алексей Юрьевич,майор,3,24
Степанов Юрий Дмитриевич,капитан,12,35
Сидоров Александр Александрович,майор,3,28
Смирнов Андрей Никитич,рядовой,7,51
Зайцев Егор Павлович,капитан,8,24
Захаров Сергей Иванович,сержант,5,58
Кочергин Роман Сергеевич,рядовой,9,22
Павлов Кирилл Михайлович,лейтенант,10,33
Андреев Алексей Сергеевич,майор,8,41
Зайцев Алексей Юрьевич,полковник,1,48
Новиков Кирилл Иванович,прапорщик,6,58
Зайцев Степан Алексеевич,сержант,8,59
Макаров Никита Сергеевич,рядовой,11,55
Иванов Денис Андреевич,рядовой,1,50
Иванов Илья Михайлович,рядовой,7,34
Семёнов Артём Юрьевич,прапорщик,10,41
Петров Виктор Никитич,лейтенант,4,41
Семёнов Евгений Олегович,рядовой,7,20
Фёдоров Константин Павлович,капитан,11,49
Кочергин Степан Ильич,лейтенант,9,36
Морозов Сергей Андреевич,рядовой,7,48
Смирнов Матвей Дмитриевич,прапорщик,2,58
Петров Сергей Максимович,полковник,12,50
Морозов Матвей Дмитриевич,рядовой,4,40
Соколов Дмитрий Юрьевич,рядовой,10,18
Алексеев Алексей Романович,лейтенант,7,42
Алексеев Константин Андреевич,полковник,11,54
Петров Кирилл Никитич,сержант,4,46
Фёдоров Никита Никитич,майор,11,29
Козлов Павел Олегович,капитан,5,52
Петров Илья Алексеевич,полковник,3,25
Павлов Олег Сергеевич,прапорщик,8,53
Егоров Александр Михайлович,лейтенант,4,36
Егоров Роман Романович,капитан,10,30
Соколов Евгений Михайлович,прапорщик,8,38
Петров Егор Дмитриевич,майор,7,45
Иванов Алексей Никитич,полковник,3,19
Козлов Юрий Андреевич,рядовой,11,28
Егоров Илья Юрьевич,лейтенант,7,51
Козлов Юрий Иванович,капитан,12,46
Борисов Сергей Александрович,сержант,8,51
Борисов Евгений Андреевич,капитан,1,55
Попов Павел Иванович,капитан,6,56
Попов Виктор Иванович,майор,1,34
Смирнов Евгений Иванович,майор,5,56
Семёнов Юрий Михайлович,капитан,7,44
Васильев Максим Олегович,рядовой,12,29
Петров Артём Максимович,рядовой,12,35
Фёдоров Андрей Сергеевич,полковник,9,33
Орлов Олег Андреевич,майор,4,44
Лебедев Егор Сергеевич,рядовой,6,58
Морозов Виктор Олегович,капитан,8,27
Никитин Андрей Ильич,майор,5,37
Кузнецов Денис Никитич,прапорщик,3,51
Николаев Роман Сергеевич,капитан,7,24
Захаров Алексей Романович,сержант,10,50
Захаров Максим Кириллович,прапорщик,11,23
Петров Павел Максимович,майор,3,55
Фёдоров Дмитрий Алексеевич,прапорщик,3,31
Сидоров Александр Александрович,лейтенант,8,57
Сидоров Иван Павлович,прапорщик,5,49
Макаров Виктор Андреевич,прапорщик,8,28
Васильев Михаил Никитич,прапорщик,7,23
Соколов Юрий Юрьевич,рядовой,6,52
Борисов Илья Александрович,полковник,10,49
Егоров Павел Дмитриевич,лейтенант,1,51
Кузнецов Степан Михайлович,сержант,7,57
Орлов Максим Олегович,сержант,1,54
Степанов Евгений Викторович,капитан,7,48
Орлов Никита Олегович,рядовой,3,42
Петров Степан Викторович,рядовой,3,19
Козлов Андрей Ильич,рядовой,11,52
Михайлов Денис Максимович,лейтенант,11,27
Николаев Иван Сергеевич,сержант,5,27
Егоров Роман Павлович,рядовой,3,51
Макаров Матвей Павлович,прапорщик,12,38
Соловьёв Егор Викторович,майор,10,28
Сидоров Михаил Никитич,майор,7,27
Соловьёв Александр Ильич,прапорщик,1,47
Кочергин Степан Романович,полковник,4,29
Борисов Сергей Юрьевич,прапорщик,7,43
Яковлев Юрий Дмитриевич,прапорщик,9,40
Семёнов Максим Кириллович,прапорщик,1,38
Кочергин Михаил Александрович,капитан,2,50
Сидоров Никита Викторович,сержант,9,51
Лебедев Андрей Михайлович,полковник,11,54
Фёдоров Сергей Максимович,рядовой,9,42
Новиков Павел Кириллович,прапорщик,12,50
Захаров Юрий Павлович,рядовой,9,32
Сидоров Павел Александрович,капитан,9,48
Попов Кирилл Алексеевич,полковник,8,39
Егоров Виктор Дмитриевич,капитан,4,44
Никитин Иван Михайлович,лейтенант,9,22
Фёдоров Андрей Викторович,прапорщик,9,20
Алексеев Евгений Алексеевич,капитан,3,30
Иванов Александр Юрьевич,сержант,10,38
Сидоров Михаил Сергеевич,сержант,5,48
Фёдоров Константин Михайлович,лейтенант,2,28
Зайцев Виктор Юрьевич,капитан,8,29
Иванов Евгений Алексеевич,майор,4,45
Сидоров Виктор Михайлович,майор,1,51
Павлов Евгений Павлович,лейтенант,4,53
Сидоров Матвей Юрьевич,лейтенант,1,60
Козлов Константин Максимович,прапорщик,12,34
Васильев Матвей Максимович,сержант,8,46
Соколов Матвей Никитич,капитан,7,44
Степанов Евгений Юрьевич,капитан,6,21
Степанов Андрей Павлович,прапорщик,7,42
Попов Роман Михайлович,лейтенант,12,32
Орлов Егор Александрович,прапорщик,3,41
Андреев Андрей Сергеевич,лейтенант,4,40
Степанов Матвей Олегович,полковник,3,44
Егоров Павел Андреевич,майор,7,25
Смирнов Артём Юрьевич,лейтенант,11,38
Захаров Алексей Максимович,майор,1,50
Николаев Михаил Михайлович,рядовой,4,20
Попов Андрей Павлович,лейтенант,6,60
Лебедев Денис Михайлович,полковник,5,40
Сидоров Михаил Павлович,капитан,10,46
Борисов Дмитрий Алексеевич,сержант,8,40
Зайцев Андрей Дмитриевич,прапорщик,5,59
Кузнецов Сергей Павлович,прапорщик,7,29
Козлов Матвей Михайлович,рядовой,5,33
Васильев Александр Дмитриевич,рядовой,4,57
Степанов Алексей Александрович,капитан,4,48
Егоров Александр Иванович,майор,6,30
Андреев Павел Павлович,лейтенант,8,29
Петров Максим Ильич,рядовой,2,56
Сидоров Алексей Максимович,сержант,4,57
Петров Иван Никитич,рядовой,9,25
Смирнов Матвей Викторович,полковник,2,23
Лебедев Дмитрий Никитич,прапорщик,9,52
Соколов Матвей Романович,капитан,12,26
Зайцев Евгений Никитич,майор,4,59
Лебедев Артём Юрьевич,капитан,12,43
Соколов Денис Михайлович,капитан,2,56
Петров Кирилл Алексеевич,капитан,11,40
Новиков Егор Алексеевич,лейтенант,9,43
Орлов Кирилл Алексеевич,прапорщик,1,24
Соловьёв Кирилл Олегович,майор,1,41
Егоров Михаил Никитич,майор,1,48
Соколов Александр Павлович,капитан,2,32
Кочергин Константин Викторович,рядовой,7,43
Новиков Юрий Ильич,рядовой,3,43
Новиков Евгений Никитич,лейтенант,11,58
Морозов Александр Никитич,лейтенант,9,44
Захаров Андрей Ильич,капитан,6,38
Захаров Сергей Ильич,майор,2,44
Николаев Михаил Сергеевич,полковник,8,41
Никитин Юрий Никитич,лейтенант,7,36
Зайцев Андрей Павлович,капитан,6,36
Соколов Степан Романович,майор,8,24
Николаев Дмитрий Павлович,рядовой,2,44
Петров Иван Романович,майор,4,39
Михайлов Денис Павлович,лейтенант,11,19
Семёнов Павел Ильич,полковник,11,21
Смирнов Роман Андреевич,прапорщик,6,23
Новиков Виктор Романович,рядовой,6,44
Васильев Олег Викторович,сержант,11,36
Макаров Матвей Романович,лейтенант,11,24
Лебедев Кирилл Иванович,майор,2,23
Петров Олег Дмитриевич,сержант,8,32
Никитин Никита Михайлович,рядовой,12,55
Попов Константин Сергеевич,капитан,5,31
Козлов Юрий Алексеевич,майор,6,37
Яковлев Иван Олегович,лейтенант,4,25
Зайцев Степан Юрьевич,полковник,1,59
Михайлов Иван Дмитриевич,рядовой,3,54
Андреев Артём Иванович,лейтенант,7,58
Яковлев Евгений Михайлович,полковник,5,37
Павлов Матвей Дмитриевич,сержант,11,55
Смирнов Виктор Александрович,лейтенант,4,32
Лебедев Алексей Юрьевич,сержант,10,49
Николаев Степан Павлович,полковник,8,25
Соколов Юрий Сергеевич,рядовой,8,38
Козлов Степан Александрович,полковник,9,57
Новиков Иван Максимович,майор,4,48
Семёнов Дмитрий Иванович,майор,7,20
Андреев Павел Максимович,майор,2,55
Фёдоров Михаил Иванович,полковник,1,42
Борисов Алексей Никитич,капитан,7,18
Борисов Алексей Ильич,лейтенант,5,34
Макаров Евгений Сергеевич,капитан,12,20
Михайлов Константин Павлович,прапорщик,6,54
Павлов Алексей Кириллович,лейтенант,12,26
Соловьёв Илья Юрьевич,полковник,4,24
Петров Андрей Кириллович,лейтенант,12,49
Кузнецов Егор Максимович,капитан,7,49
Лебедев Егор Романович,лейтенант,11,59
Попов Никита Михайлович,капитан,6,39
Борисов Виктор Иванович,лейтенант,2,45
Семёнов Степан Ильич,капитан,5,29
Павлов Олег Андреевич,сержант,12,27
Фёдоров Никита Андреевич,полковник,10,28
Алексеев Денис Викторович,полковник,9,40
Алексеев Денис Олегович,прапорщик,12,28
Попов Юрий Александрович,прапорщик,12,40
Степанов Роман Павлович,прапорщик,10,35
Никитин Виктор Максимович,капитан,6,23
Макаров Виктор Олегович,прапорщик,10,53
Макаров Иван Викторович,рядовой,1,59
Орлов Павел Викторович,прапорщик,2,43
Андреев Иван Сергеевич,прапорщик,1,49
Смирнов Олег Юрьевич,рядовой,7,54
Семёнов Роман Олегович,майор,12,52
Егоров Виктор Викторович,капитан,4,48
Лебедев Кирилл Павлович,капитан,10,19
Макаров Александр Сергеевич,сержант,7,47
Сидоров Кирилл Алексеевич,майор,7,39
Павлов Артём Романович,капитан,5,45
Никитин Сергей Алексеевич,сержант,4,36
Соколов Кирилл Юрьевич,прапорщик,11,46
Борисов Юрий Викторович,сержант,3,30
Петров Илья Сергеевич,прапорщик,2,27
Алексеев Кирилл Романович,капитан,4,37
Николаев Кирилл Михайлович,прапорщик,9,49
Яковлев Никита Сергеевич,полковник,11,53
Попов Кирилл Ильич,рядовой,7,25
Кочергин Егор Александрович,сержант,8,60
Фёдоров Сергей Алексеевич,прапорщик,4,38
Семёнов Сергей Сергеевич,прапорщик,9,38
Лебедев Михаил Сергеевич,капитан,5,48
Новиков Константин Сергеевич,полковник,9,18
Егоров Роман Сергеевич,лейтенант,9,39
Иванов Степан Олегович,прапорщик,3,20
Иванов Олег Викторович,прапорщик,7,26
Смирнов Юрий Дмитриевич,капитан,8,52
Фёдоров Евгений Сергеевич,рядовой,9,58
Соколов Илья Михайлович,прапорщик,1,43
Козлов Степан Ильич,полковник,9,48
Соловьёв Дмитрий Романович,капитан,3,39
Борисов Павел Иванович,сержант,2,51
Сидоров Олег Иванович,сержант,6,56
Андреев Максим Сергеевич,капитан,5,59
Макаров Степан Максимович,сержант,6,44
Соколов Михаил Юрьевич,прапорщик,10,45
Петров Юрий Дмитриевич,майор,12,49
Смирнов Степан Алексеевич,майор,9,31
Морозов Виктор Андреевич,прапорщик,4,41
Николаев Кирилл Андреевич,капитан,8,24
Яковлев Михаил Олегович,сержант,8,58
Орлов Матвей Максимович,лейтенант,11,26
Васильев Егор Максимович,майор,2,56
Новиков Денис Дмитриевич,полковник,7,54
Лебедев Андрей Сергеевич,майор,8,38
Сидоров Андрей Юрьевич,лейтенант,7,28
Кузнецов Никита Андреевич,прапорщик,9,27
Захаров Матвей Андреевич,лейтенант,10,29
Кузнецов Олег Павлович,майор,5,26
Егоров Андрей Павлович,майор,6,57
Кузнецов Никита Максимович,рядовой,8,51
Новиков Константин Иванович,полковник,11,47
Иванов Илья Олегович,капитан,3,50
Новиков Матвей Сергеевич,лейтенант,9,36
Петров Павел Александрович,майор,1,19
Михайлов Евгений Дмитриевич,сержант,6,30
Павлов Илья Дмитриевич,полковник,6,32
Попов Евгений Романович,полковник,5,36
Яковлев Виктор Ильич,рядовой,10,38
Макаров Кирилл Максимович,полковник,5,23
Никитин Михаил Дмитриевич,прапорщик,8,35
Иванов Дмитрий Максимович,майор,1,23
Иванов Роман Викторович,рядовой,7,58
Никитин Олег Андреевич,капитан,12,34
Козлов Дмитрий Никитич,капитан,6,34
Степанов Кирилл Алексеевич,капитан,6,25
Яковлев Степан Иванович,капитан,8,50
Николаев Павел Юрьевич,полковник,11,51
Михайлов Артём Романович,сержант,4,49
Попов Роман Алексеевич,майор,3,22
Захаров Евгений Романович,прапорщик,4,55
Павлов Максим Александрович,лейтенант,12,29
Павлов Юрий Андреевич,майор,8,53
Смирнов Степан Романович,сержант,3,39
Семёнов Дмитрий Никитич,капитан,7,32
Сидоров Павел Андреевич,капитан,2,18
Петров Михаил Михайлович,лейтенант,11,53
Андреев Евгений Максимович,рядовой,2,52
Зайцев Степан Алексеевич,полковник,7,31
Алексеев Павел Олегович,сержант,9,52
Морозов Илья Михайлович,лейтенант,11,29
Фёдоров Евгений Викторович,сержант,3,46
Попов Никита Павлович,лейтенант,9,46
Фёдоров Сергей Романович,полковник,5,24
Михайлов Максим Павлович,капитан,1,42
Орлов Егор Павлович,капитан,12,54
Смирнов Алексей Сергеевич,рядовой,5,18
Сидоров Егор Викторович,лейтенант,7,31
Смирнов Андрей Андреевич,рядовой,1,54
Орлов Алексей Алексеевич,полковник,3,20
Соловьёв Иван Олегович,капитан,8,59
Михайлов Кирилл Михайлович,сержант,7,26
Фёдоров Сергей Алексеевич,прапорщик,11,57
Макаров Алексей Александрович,лейтенант,5,58
Зайцев Андрей Никитич,рядовой,12,38
Козлов Олег Иванович,рядовой,3,30
Захаров Максим Викторович,майор,11,36
Борисов Кирилл Ильич,майор,3,21
Фёдоров Кирилл Дмитриевич,прапорщик,8,57
Сидоров Егор Александрович,майор,7,34
Петров Максим Павлович,прапорщик,4,45
Зайцев Матвей Олегович,сержант,7,36
Фёдоров Денис Андреевич,лейтенант,5,37
Захаров Кирилл Иванович,рядовой,5,33
Орлов Денис Дмитриевич,сержант,6,38
Егоров Никита Кириллович,лейтенант,10,46
Иванов Степан Максимович,полковник,10,21
Зайцев Виктор Андреевич,лейтенант,12,33
Николаев Максим Алексеевич,полковник,8,43
Соколов Егор Павлович,рядовой,5,20
Зайцев Роман Иванович,прапорщик,11,54
Петров Евгений Андреевич,рядовой,5,58
Макаров Денис Сергеевич,капитан,2,48
Семёнов Егор Романович,рядовой,9,35
Попов Евгений Иванович,полковник,9,22
Семёнов Андрей Викторович,сержант,2,42
Соловьёв Максим Алексеевич,сержант,1,46
Соловьёв Олег Никитич,сержант,12,52
Попов Алексей Иванович,прапорщик,11,44
Павлов Михаил Юрьевич,сержант,9,45
Кузнецов Егор Дмитриевич,прапорщик,3,27
Павлов Павел Иванович,рядовой,8,19
Соколов Артём Кириллович,капитан,1,50
Андреев Максим Романович,капитан,2,23
Смирнов Роман Никитич,сержант,5,57
Михайлов Степан Александрович,майор,8,42
Васильев Алексей Алексеевич,сержант,12,53
Зайцев Алексей Сергеевич,прапорщик,11,25
Захаров Константин Сергеевич,майор,10,53
Васильев Матвей Никитич,капитан,6,48
Кочергин Алексей Максимович,майор,2,39
Никитин Виктор Ильич,сержант,5,18
Фёдоров Алексей Никитич,полковник,12,24
Павлов Михаил Сергеевич,майор,5,31
Павлов Юрий Кириллович,сержант,3,28
Фёдоров Олег Александрович,лейтенант,11,41
Попов Александр Никитич,капитан,1,22
Кочергин Максим Олегович,рядовой,12,20
Зайцев Максим Александрович,майор,1,23
Кузнецов Дмитрий Никитич,капитан,9,38
Петров Матвей Ильич,рядовой,4,39
Кочергин Евгений Иванович,полковник,9,60
Кузнецов Максим Сергеевич,полковник,4,55
Борисов Дмитрий Андреевич,сержант,5,49
Егоров Андрей Алексеевич,лейтенант,9,30
Михайлов Михаил Алексеевич,рядовой,2,47
Фёдоров Сергей Максимович,полковник,6,25
Николаев Степан Никитич,прапорщик,10,29
Новиков Виктор Александрович,прапорщик,1,56
Никитин Константин Романович,майор,12,23
Соловьёв Максим Юрьевич,лейтенант,5,35
Васильев Сергей Олегович,полковник,9,34
Зайцев Сергей Юрьевич,майор,1,24
Соловьёв Степан Романович,сержант,4,51
Андреев Михаил Иванович,лейтенант,5,24
Никитин Алексей Романович,лейтенант,7,28
Павлов Михаил Романович,полковник,10,38
Борисов Егор Павлович,майор,1,38
Зайцев Евгений Алексеевич,сержант,1,43
Иванов Дмитрий Кириллович,капитан,11,58
Павлов Юрий Павлович,капитан,7,37
Васильев Максим Андреевич,капитан,9,45
Иванов Юрий Юрьевич,полковник,9,43
Борисов Никита Викторович,лейтенант,1,25
Козлов Степан Иванович,полковник,12,44
Козлов Михаил Александрович,майор,8,59
Егоров Виктор Ильич,полковник,2,29
Петров Дмитрий Ильич,рядовой,2,29
Смирнов Матвей Максимович,капитан,3,57
Сидоров Никита Олегович,сержант,1,40
Петров Алексей Павлович,прапорщик,1,49
Павлов Кирилл Михайлович,прапорщик,9,28
Иванов Олег Викторович,полковник,10,18
Попов Александр Андреевич,сержант,5,58
Павлов Алексей Романович,прапорщик,6,45
Макаров Юрий Максимович,сержант,3,54
Кузнецов Сергей Олегович,сержант,10,42
Яковлев Максим Ильич,сержант,8,48
Новиков Сергей Алексеевич,сержант,6,40
Семёнов Степан Никитич,полковник,3,30
Новиков Михаил Александрович,прапорщик,1,55
Соколов Павел Иванович,майор,2,28
Алексеев Александр Алексеевич,лейтенант,12,60
Петров Илья Олегович,капитан,5,19
Борисов Никита Викторович,сержант,10,56
Захаров Матвей Михайлович,рядовой,11,48
Сидоров Виктор Иванович,капитан,6,35
Попов Константин Александрович,сержант,3,39
Семёнов Юрий Максимович,капитан,4,56
Иванов Алексей Викторович,лейтенант,3,50
Соловьёв Илья Юрьевич,капитан,1,35
Кочергин Сергей Романович,полковник,8,59
Алексеев Егор Павлович,капитан,9,33
Андреев Алексей Алексеевич,сержант,7,24
Иванов Иван Романович,лейтенант,2,32
Макаров Егор Юрьевич,майор,10,31
Соколов Юрий Романович,майор,11,49
Алексеев Константин Александрович,прапорщик,11,39
Кузнецов Евгений Андреевич,сержант,5,48
Орлов Сергей Павлович,капитан,9,44
Козлов Олег Романович,рядовой,3,56
Андреев Юрий Юрьевич,лейтенант,1,57
Васильев Максим Олегович,лейтенант,2,40
Козлов Роман Михайлович,рядовой,8,52
Петров Кирилл Дмитриевич,лейтенант,7,39
Кузнецов Евгений Павлович,майор,1,35
Яковлев Александр Михайлович,капитан,1,39
Борисов Кирилл Романович,майор,10,18
Зайцев Михаил Кириллович,лейтенант,8,42
Иванов Кирилл Павлович,полковник,8,39
Никитин Олег Павлович,майор,9,60
Морозов Михаил Андреевич,рядовой,10,43
Николаев Степан Кириллович,прапорщик,10,21
Никитин Александр Ильич,капитан,10,29
Степанов Илья Александрович,майор,3,22
Фёдоров Дмитрий Кириллович,рядовой,7,46
Михайлов Дмитрий Юрьевич,капитан,8,28
Морозов Алексей Ильич,капитан,5,40
Попов Алексей Андреевич,майор,2,29
Макаров Алексей Алексеевич,лейтенант,10,20
Николаев Андрей Михайлович,майор,10,59
Захаров Денис Юрьевич,лейтенант,8,32
Смирнов Артём Кириллович,лейтенант,12,26
Кочергин Роман Олегович,рядовой,5,46
Семёнов Роман Ильич,капитан,6,56
Захаров Константин Алексеевич,сержант,4,50
Алексеев Илья Кириллович,сержант,2,52
Захаров Дмитрий Александрович,рядовой,6,33
Борисов Артём Юрьевич,сержант,3,36
Васильев Никита Ильич,рядовой,8,23
Макаров Юрий Викторович,лейтенант,11,53
Соловьёв Олег Михайлович,капитан,1,30
Егоров Илья Александрович,капитан,10,56
Михайлов Михаил Ильич,лейтенант,6,38
Фёдоров Максим Романович,рядовой,5,36
Сидоров Юрий Дмитриевич,прапорщик,1,38
Зайцев Матвей Ильич,лейтенант,3,19
Михайлов Матвей Дмитриевич,прапорщик,7,24
Захаров Юрий Алексеевич,лейтенант,8,39
Михайлов Дмитрий Олегович,прапорщик,5,45
Яковлев Степан Олегович,сержант,5,29
Лебедев Сергей Викторович,полковник,10,58
Попов Сергей Кириллович,майор,7,19
Андреев Александр Ильич,лейтенант,2,32
Михайлов Максим Романович,майор,8,31
Николаев Константин Олегович,майор,6,30
Новиков Егор Максимович,сержант,4,26
Смирнов Александр Дмитриевич,прапорщик,2,27
Петров Илья Ильич,майор,5,59
Михайлов Евгений Михайлович,капитан,12,46
Алексеев Степан Кириллович,прапорщик,4,38
Кочергин Андрей Юрьевич,прапорщик,1,49
Никитин Никита Романович,прапорщик,3,53
Орлов Юрий Ильич,прапорщик,2,42
Петров Олег Александрович,сержант,8,25
Смирнов Роман Максимович,сержант,3,38
Лебедев Сергей Никитич,сержант,9,59
Морозов Максим Никитич,рядовой,5,21
Сидоров Кирилл Павлович,лейтенант,10,36
Андреев Денис Дмитриевич,полковник,4,29
Макаров Алексей Кириллович,майор,3,44
Павлов Артём Андреевич,лейтенант,10,41
Васильев Максим Викторович,прапорщик,3,43
Васильев Юрий Олегович,сержант,11,52
Михайлов Илья Павлович,лейтенант,11,40
Павлов Денис Андреевич,лейтенант,3,57
Борисов Евгений Павлович,сержант,9,28
Новиков Юрий Дмитриевич,лейтенант,2,26
Захаров Матвей Ильич,лейтенант,12,30
Захаров Евгений Иванович,майор,11,30
Борисов Матвей Юрьевич,прапорщик,5,41
Орлов Александр Сергеевич,рядовой,12,33
Захаров Виктор Александрович,прапорщик,7,57
Смирнов Степан Никитич,полковник,4,25
Алексеев Егор Максимович,полковник,4,22
Сидоров Павел Андреевич,сержант,10,51
Васильев Олег Дмитриевич,полковник,5,44
Никитин Матвей Андреевич,лейтенант,11,32
Зайцев Михаил Романович,рядовой,9,20
Петров Михаил Романович,майор,5,18
Сидоров Константин Кириллович,капитан,6,36
Иванов Александр Никитич,майор,4,40
Степанов Александр Александрович,сержант,7,19
Борисов Евгений Андреевич,полковник,7,23
Егоров Иван Алексеевич,прапорщик,7,32
Сидоров Сергей Михайлович,капитан,7,37
Сидоров Андрей Викторович,сержант,10,52
Егоров Степан Михайлович,лейтенант,11,59
Егоров Александр Олегович,лейтенант,10,40
Лебедев Константин Юрьевич,капитан,2,37
Михайлов Никита Дмитриевич,полковник,9,18
Павлов Егор Иванович,прапорщик,11,40
Кочергин Иван Кириллович,полковник,9,36
Соколов Павел Олегович,капитан,8,52
Васильев Виктор Ильич,майор,12,45
Алексеев Кирилл Юрьевич,прапорщик,5,23
Николаев Павел Павлович,сержант,3,59
Новиков Кирилл Павлович,полковник,5,56
Борисов Дмитрий Михайлович,капитан,11,26
Соловьёв Юрий Кириллович,прапорщик,2,54
Новиков Артём Михайлович,сержант,9,40
Козлов Виктор Александрович,майор,2,43
Михайлов Алексей Павлович,сержант,7,47
Павлов Павел Александрович,лейтенант,10,34
Зайцев Роман Алексеевич,сержант,1,40
Макаров Денис Никитич,полковник,11,30
Степанов Алексей Михайлович,сержант,11,59
Соловьёв Роман Сергеевич,лейтенант,7,36
Фёдоров Павел Алексеевич,лейтенант,1,27
Фёдоров Виктор Сергеевич,лейтенант,6,29
Соловьёв Дмитрий Кириллович,сержант,4,54
Фёдоров Никита Викторович,прапорщик,9,42
Фёдоров Павел Викторович,лейтенант,8,30
Степанов Олег Ильич,полковник,8,44
Морозов Павел Викторович,майор,3,52
Петров Денис Александрович,рядовой,7,26
Егоров Андрей Михайлович,капитан,7,34
Попов Евгений Романович,полковник,2,26
Лебедев Роман Викторович,прапорщик,5,41
Козлов Никита Олегович,капитан,8,38
Кузнецов Иван Никитич,сержант,2,41
Захаров Егор Олегович,лейтенант,2,55
Смирнов Иван Сергеевич,полковник,6,43
Фёдоров Никита Сергеевич,капитан,10,34
Яковлев Илья Олегович,лейтенант,4,31
Морозов Денис Андреевич,полковник,3,36
Зайцев Константин Олегович,лейтенант,1,27
Смирнов Денис Павлович,полковник,2,42
Попов Степан Ильич,полковник,7,25
Андреев Александр Дмитриевич,рядовой,10,28
Соколов Андрей Олегович,лейтенант,12,48
Соловьёв Евгений Иванович,прапорщик,4,34
Кочергин Алексей Олегович,рядовой,9,19
Николаев Андрей Иванович,рядовой,11,50
Кузнецов Никита Иванович,полковник,8,36
Соколов Дмитрий Ильич,капитан,8,56
Алексеев Денис Кириллович,полковник,2,37
Николаев Юрий Михайлович,рядовой,11,22
Николаев Матвей Алексеевич,лейтенант,5,18
Егоров Егор Романович,капитан,8,46
Яковлев Константин Александрович,прапорщик,12,60
Яковлев Дмитрий Александрович,рядовой,9,41
Соколов Андрей Романович,майор,1,52
Семёнов Никита Кириллович,капитан,6,28
Новиков Михаил Максимович,майор,11,56
Фёдоров Павел Ильич,капитан,7,57
Захаров Павел Алексеевич,лейтенант,10,58
Семёнов Виктор Юрьевич,полковник,9,57
Захаров Матвей Викторович,прапорщик,5,22
Никитин Дмитрий Михайлович,сержант,12,53
Морозов Максим Дмитриевич,майор,3,58
Захаров Андрей Павлович,капитан,2,37
Смирнов Иван Дмитриевич,майор,11,38
Михайлов Артём Михайлович,лейтенант,2,55
Михайлов Роман Алексеевич,прапорщик,12,45
Кочергин Алексей Иванович,майор,11,24
Кузнецов Илья Андреевич,лейтенант,11,25
Фёдоров Олег Михайлович,прапорщик,4,45
Зайцев Максим Максимович,полковник,3,19
Новиков Егор Дмитриевич,лейтенант,7,60
Семёнов Павел Никитич,лейтенант,6,26
Зайцев Евгений Максимович,майор,6,38
Никитин Олег Ильич,майор,10,57
Попов Максим Александрович,майор,7,58
Яковлев Максим Алексеевич,прапорщик,3,35
Николаев Артём Александрович,майор,11,21
Иванов Сергей Иванович,лейтенант,11,33
Орлов Максим Ильич,полковник,11,45
Смирнов Андрей Викторович,лейтенант,12,33
Борисов Денис Викторович,полковник,3,42
Лебедев Андрей Алексеевич,сержант,7,53
Павлов Дмитрий Олегович,майор,2,59
Николаев Никита Романович,лейтенант,9,57
Михайлов Виктор Алексеевич,лейтенант,7,56
Фёдоров Роман Романович,майор,11,53
Борисов Дмитрий Дмитриевич,полковник,1,33
Макаров Илья Михайлович,прапорщик,4,22
Попов Олег Иванович,лейтенант,8,43
Семёнов Дмитрий Андреевич,полковник,5,58
Семёнов Роман Алексеевич,прапорщик,9,40
Фёдоров Иван Павлович,прапорщик,10,37
Захаров Матвей Максимович,сержант,6,50
Орлов Павел Юрьевич,майор,5,47
Степанов Роман Олегович,сержант,7,36
Петров Виктор Александрович,сержант,1,42
Алексеев Матвей Викторович,прапорщик,4,49
Сидоров Степан Кириллович,капитан,11,60
Орлов Александр Кириллович,сержант,11,20
Иванов Алексей Павлович,сержант,11,59
Козлов Константин Ильич,рядовой,3,41
Степанов Виктор Ильич,майор,2,55
Захаров Степан Кириллович,прапорщик,9,28
Попов Михаил Никитич,майор,9,32
Егоров Александр Викторович,майор,3,30
Яковлев Алексей Алексеевич,майор,8,21
Сидоров Кирилл Никитич,майор,2,54
Андреев Сергей Михайлович,лейтенант,8,32
Сидоров Юрий Юрьевич,сержант,4,47
Орлов Павел Кириллович,капитан,11,38
Орлов Михаил Михайлович,майор,6,50
Николаев Матвей Иванович,лейтенант,7,50
Андреев Степан Максимович,майор,7,48
Захаров Максим Юрьевич,полковник,2,35
Морозов Роман Романович,рядовой,2,60
Морозов Денис Викторович,майор,1,33
Николаев Михаил Максимович,капитан,6,22
Орлов Никита Романович,рядовой,11,55
Алексеев Матвей Павлович,капитан,6,44
Кузнецов Кирилл Юрьевич,капитан,12,27
Семёнов Михаил Павлович,рядовой,10,40
Захаров Константин Романович,сержант,3,33
Иванов Дмитрий Максимович,прапорщик,2,50
Морозов Кирилл Михайлович,майор,8,49
Петров Андрей Михайлович,рядовой,2,58
Кузнецов Андрей Ильич,прапорщик,10,18
Кочергин Сергей Олегович,прапорщик,7,25
Козлов Артём Александрович,майор,3,43
Яковлев Павел Иванович,лейтенант,4,18
Алексеев Виктор Никитич,полковник,1,24
Павлов Михаил Сергеевич,капитан,8,47
Зайцев Артём Викторович,сержант,2,60
Соколов Константин Александрович,рядовой,3,24
Морозов Михаил Сергеевич,сержант,9,46
Яковлев Виктор Никитич,майор,8,56
Кочергин Матвей Иванович,майор,11,44
Кочергин Павел Алексеевич,майор,5,50
Захаров Павел Никитич,лейтенант,10,32
Семёнов Олег Олегович,лейтенант,12,32
Алексеев Матвей Максимович,капитан,6,47
Семёнов Денис Максимович,полковник,11,38
Лебедев Юрий Павлович,рядовой,2,30
Егоров Степан Андреевич,полковник,3,34
Козлов Егор Павлович,майор,3,22
Сидоров Егор Дмитриевич,прапорщик,7,55
Зайцев Павел Максимович,сержант,3,26
Зайцев Кирилл Андреевич,сержант,8,45
Яковлев Максим Никитич,лейтенант,4,54
Соловьёв Евгений Иванович,лейтенант,11,52
Васильев Александр Павлович,полковник,3,20
Иванов Илья Александрович,сержант,12,20
Егоров Евгений Романович,рядовой,3,32
Борисов Александр Дмитриевич,рядовой,12,40
Михайлов Дмитрий Сергеевич,полковник,12,24
Макаров Алексей Олегович,лейтенант,11,21
Сидоров Матвей Андреевич,рядовой,7,32
Андреев Никита Андреевич,лейтенант,3,33
Захаров Егор Дмитриевич,майор,9,37
Николаев Андрей Павлович,рядовой,6,39
Кузнецов Павел Михайлович,сержант,9,35
Михайлов Евгений Олегович,рядовой,1,24
Борисов Александр Кириллович,капитан,1,31
Никитин Андрей Олегович,майор,9,48
Николаев Матвей Никитич,капитан,7,57
Петров Юрий Олегович,полковник,4,43
Соколов Никита Александрович,прапорщик,12,43
Козлов Алексей Александрович,прапорщик,10,40
Петров Андрей Дмитриевич,сержант,5,26
Новиков Егор Никитич,рядовой,12,55
Смирнов Олег Юрьевич,капитан,8,58
Макаров Олег Андреевич,рядовой,10,50
Михайлов Дмитрий Романович,майор,8,54
Орлов Матвей Алексеевич,прапорщик,9,37
Кочергин Илья Дмитриевич,капитан,11,39
Новиков Денис Романович,майор,10,36
Кузнецов Евгений Дмитриевич,лейтенант,5,58
Яковлев Никита Александрович,майор,3,30
Егоров Егор Кириллович,капитан,3,41
Макаров Роман Максимович,майор,7,59
Степанов Степан Иванович,лейтенант,8,25
Борисов Матвей Максимович,прапорщик,11,34
Сидоров Сергей Андреевич,капитан,1,55
Алексеев Андрей Максимович,капитан,5,36
Кочергин Константин Сергеевич,сержант,11,28
Николаев Никита Кириллович,капитан,4,28
Соколов Виктор Сергеевич,прапорщик,5,46
Иванов Иван Алексеевич,прапорщик,3,18
Семёнов Сергей Алексеевич,рядовой,8,33
Егоров Степан Романович,капитан,6,39
Яковлев Виктор Юрьевич,капитан,7,32
Лебедев Сергей Павлович,майор,10,52
Орлов Никита Алексеевич,прапорщик,11,56
Лебедев Кирилл Сергеевич,полковник,1,50
Смирнов Олег Максимович,лейтенант,12,21
Васильев Сергей Юрьевич,капитан,6,23
Зайцев Артём Павлович,капитан,3,53
Орлов Михаил Ильич,лейтенант,11,34
Петров Денис Александрович,лейтенант,11,57
Соловьёв Александр Романович,рядовой,2,44
Захаров Александр Сергеевич,прапорщик,10,21
Семёнов Виктор Олегович,сержант,6,60
Семёнов Матвей Олегович,капитан,2,56
Смирнов Кирилл Максимович,майор,11,22
Никитин Константин Олегович,капитан,11,20
Иванов Алексей Алексеевич,прапорщик,1,32
Семёнов Юрий Дмитриевич,рядовой,10,35
Морозов Матвей Олегович,сержант,7,33
Николаев Илья Алексеевич,майор,3,53
Фёдоров Никита Кириллович,полковник,6,21
Козлов Степан Романович,прапорщик,1,31
Захаров Евгений Романович,рядовой,8,25
Николаев Андрей Олегович,сержант,9,24
Алексеев Олег Иванович,майор,3,37
Новиков Илья Викторович,сержант,11,33
Соловьёв Константин Кириллович,прапорщик,1,20
Борисов Александр Юрьевич,капитан,8,52
Орлов Дмитрий Александрович,полковник,5,35
Зайцев Максим Александрович,сержант,4,58
Николаев Виктор Олегович,майор,1,42
Лебедев Максим Максимович,майор,1,41
Михайлов Виктор Олегович,лейтенант,7,56
Лебедев Олег Павлович,рядовой,12,48
Борисов Матвей Андреевич,майор,4,59
Морозов Матвей Романович,полковник,6,27
Макаров Матвей Алексеевич,сержант,6,59
Кочергин Денис Олегович,майор,7,48
Сидоров Степан Андреевич,лейтенант,4,54
Яковлев Юрий Сергеевич,полковник,12,34
Новиков Егор Михайлович,майор,5,32
Захаров Олег Никитич,сержант,11,49
Зайцев Константин Иванович,рядовой,5,55
Попов Артём Олегович,сержант,2,42
Лебедев Юрий Павлович,рядовой,4,38
Орлов Кирилл Ильич,капитан,1,34
Новиков Роман Михайлович,прапорщик,8,50
Сидоров Олег Сергеевич,сержант,6,55
Фёдоров Павел Максимович,прапорщик,12,49
Иванов Константин Викторович,лейтенант,5,31
Соколов Кирилл Дмитриевич,сержант,3,54
Соловьёв Михаил Дмитриевич,прапорщик,12,21
Васильев Кирилл Юрьевич,рядовой,2,52
Степанов Олег Сергеевич,полковник,8,32
Макаров Александр Дмитриевич,капитан,6,46
Андреев Степан Романович,прапорщик,6,42
Соколов Степан Андреевич,лейтенант,1,51
Смирнов Юрий Алексеевич,рядовой,6,33
Соловьёв Роман Романович,лейтенант,8,60
Смирнов Степан Сергеевич,прапорщик,6,54
Петров Константин Юрьевич,лейтенант,2,50
Макаров Дмитрий Олегович,прапорщик,6,47
Борисов Матвей Александрович,прапорщик,8,37
Егоров Юрий Алексеевич,майор,4,28
Попов Никита Михайлович,капитан,6,45
Алексеев Алексей Дмитриевич,капитан,4,58
Семёнов Кирилл Андреевич,прапорщик,2,56
Семёнов Евгений Романович,рядовой,11,21
Никитин Александр Дмитриевич,майор,11,20
Орлов Максим Кириллович,капитан,2,22
Степанов Никита Романович,капитан,2,24
Петров Дмитрий Олегович,рядовой,9,23
Кузнецов Сергей Андреевич,майор,12,30
Яковлев Андрей Андреевич,полковник,1,56
Соколов Виктор Никитич,прапорщик,12,55
Андреев Юрий Романович,полковник,12,41
Борисов Никита Никитич,прапорщик,9,22
Зайцев Матвей Павлович,лейтенант,7,37
Зайцев Максим Максимович,лейтенант,8,40
Васильев Андрей Михайлович,майор,8,21
Козлов Михаил Олегович,сержант,12,44
Козлов Юрий Кириллович,майор,1,39
Никитин Степан Алексеевич,прапорщик,10,53
Смирнов Михаил Андреевич,рядовой,5,50
Морозов Павел Романович,рядовой,8,28
Морозов Иван Павлович,лейтенант,9,41
Кузнецов Александр Андреевич,прапорщик,5,21
Смирнов Михаил Романович,майор,5,52
Морозов Михаил Андреевич,полковник,12,21
Зайцев Юрий Михайлович,рядовой,1,27
Павлов Алексей Ильич,капитан,8,47
Семёнов Егор Юрьевич,прапорщик,1,60
Соколов Иван Викторович,сержант,2,47
Михайлов Иван Максимович,майор,8,47
Смирнов Егор Юрьевич,полковник,12,33
Павлов Олег Кириллович,рядовой,11,36
Соловьёв Кирилл Дмитриевич,майор,8,47
Попов Илья Павлович,лейтенант,9,28
Кочергин Евгений Михайлович,лейтенант,11,40
Макаров Максим Максимович,прапорщик,8,35
Никитин Сергей Викторович,майор,4,28
Фёдоров Александр Максимович,майор,3,23
Кочергин Егор Викторович,полковник,5,58
Фёдоров Артём Сергеевич,майор,3,25
Никитин Андрей Алексеевич,рядовой,12,48
Захаров Александр Никитич,полковник,12,48
Егоров Иван Дмитриевич,капитан,10,43
Соколов Виктор Дмитриевич,майор,9,52
Егоров Егор Сергеевич,капитан,6,59
Павлов Иван Викторович,рядовой,3,22
Васильев Евгений Никитич,рядовой,10,27
Попов Денис Кириллович,капитан,8,42
Степанов Матвей Андреевич,полковник,3,34
Егоров Матвей Ильич,рядовой,10,52
Алексеев Илья Дмитриевич,капитан,5,32
Петров Егор Олегович,сержант,8,42
Соколов Никита Андреевич,лейтенант,1,50
Козлов Михаил Ильич,капитан,10,35
Никитин Олег Кириллович,лейтенант,7,60
Сидоров Степан Андреевич,сержант,5,45
Фёдоров Степан Ильич,рядовой,7,49
Соловьёв Роман Павлович,капитан,8,34
Васильев Михаил Ильич,полковник,2,39
Петров Алексей Александрович,лейтенант,4,48
Морозов Виктор Алексеевич,майор,4,31
Николаев Евгений Викторович,полковник,2,22
Никитин Степан Иванович,рядовой,5,29
Степанов Егор Викторович,капитан,7,41
Захаров Никита Максимович,рядовой,10,58
Яковлев Александр Александрович,капитан,10,31
Семёнов Илья Александрович,майор,3,59
Фёдоров Евгений Иванович,сержант,10,18
Макаров Кирилл Ильич,сержант,9,28
Яковлев Роман Иванович,лейтенант,12,24
Макаров Евгений Олегович,лейтенант,11,21
Сидоров Алексей Викторович,капитан,12,27
Борисов Сергей Иванович,лейтенант,1,23
Орлов Максим Алексеевич,рядовой,8,22
Морозов Юрий Романович,капитан,4,36
Михайлов Роман Никитич,лейтенант,4,52
Фёдоров Юрий Михайлович,капитан,8,23
Захаров Максим Романович,полковник,9,28
Фёдоров Михаил Дмитриевич,сержант,6,23
Алексеев Михаил Юрьевич,сержант,1,31
Морозов Дмитрий Романович,прапорщик,10,26
Морозов Константин Александрович,рядовой,3,53
Семёнов Сергей Романович,прапорщик,5,18
Яковлев Максим Иванович,капитан,8,58
Яковлев Андрей Никитич,майор,11,40
Орлов Михаил Максимович,полковник,1,38
Алексеев Роман Иванович,рядовой,8,57
Яковлев Артём Павлович,капитан,8,18
Кочергин Роман Алексеевич,прапорщик,5,51
Павлов Матвей Олегович,майор,11,49
Сидоров Константин Викторович,полковник,11,47
Зайцев Андрей Олегович,прапорщик,8,32
Козлов Алексей Андреевич,сержант,11,34
Новиков Матвей Михайлович,прапорщик,3,59
Михайлов Матвей Алексеевич,полковник,11,19
Борисов Кирилл Кириллович,лейтенант,8,24
Кузнецов Артём Сергеевич,лейтенант,12,47
Захаров Евгений Алексеевич,сержант,10,18
Кочергин Сергей Андреевич,рядовой,8,58
Иванов Евгений Иванович,рядовой,2,54
Васильев Илья Юрьевич,майор,5,35
Новиков Евгений Олегович,майор,12,56
Семёнов Олег Олегович,прапорщик,9,20
Фёдоров Алексей Михайлович,капитан,1,48
Борисов Матвей Ильич,прапорщик,10,52
Новиков Александр Кириллович,прапорщик,12,46
Макаров Константин Максимович,капитан,3,27
Морозов Сергей Ильич,прапорщик,11,32
Морозов Иван Ильич,сержант,10,34
Соколов Денис Павлович,прапорщик,11,29
Зайцев Кирилл Иванович,сержант,12,19
Яковлев Константин Романович,майор,8,25
Лебедев Максим Александрович,рядовой,4,33
Петров Степан Ильич,майор,7,55
Зайцев Павел Юрьевич,сержант,2,21
Егоров Кирилл Александрович,сержант,4,39
Попов Павел Романович,лейтенант,2,35
Лебедев Егор Кириллович,прапорщик,8,48
Фёдоров Денис Алексеевич,рядовой,1,25
Николаев Денис Михайлович,прапорщик,3,35
Степанов Кирилл Ильич,рядовой,9,26
Захаров Андрей Александрович,прапорщик,10,41
Николаев Дмитрий Александрович,лейтенант,4,44
Попов Виктор Викторович,капитан,4,50
Кочергин Кирилл Андреевич,полковник,10,31
Соколов Михаил Кириллович,рядовой,2,20
Егоров Роман Павлович,прапорщик,2,34
Андреев Евгений Дмитриевич,прапорщик,4,21
Петров Кирилл Кириллович,рядовой,4,33
Петров Дмитрий Андреевич,полковник,7,30
Степанов Константин Павлович,рядовой,2,20
Степанов Артём Алексеевич,капитан,6,23
Зайцев Юрий Сергеевич,майор,6,22
Андреев Юрий Юрьевич,сержант,11,45
Сидоров Евгений Александрович,сержант,3,54
Соловьёв Виктор Викторович,капитан,8,28
Борисов Матвей Сергеевич,рядовой,3,32
Лебедев Михаил Иванович,майор,12,44
Кочергин Илья Александрович,полковник,12,47
Лебедев Матвей Ильич,майор,6,52
Кочергин Алексей Романович,полковник,2,45
Смирнов Дмитрий Иванович,прапорщик,8,34
Новиков Юрий Иванович,майор,10,51
Соколов Иван Дмитриевич,лейтенант,11,45
Николаев Артём Иванович,майор,8,32
Смирнов Матвей Романович,рядовой,10,18
Фёдоров Евгений Максимович,сержант,8,30
Павлов Константин Павлович,сержант,1,29
Попов Олег Романович,прапорщик,5,20
Семёнов Никита Юрьевич,майор,3,52
Сидоров Илья Сергеевич,сержант,1,20
Макаров Алексей Олегович,капитан,3,44
Сидоров Никита Алексеевич,рядовой,8,59
Николаев Юрий Олегович,прапорщик,6,49
Егоров Матвей Викторович,лейтенант,11,50
Кузнецов Степан Алексеевич,полковник,5,31
Петров Юрий Павлович,сержант,9,51
Степанов Константин Александрович,полковник,1,36
Лебедев Андрей Алексеевич,майор,7,18
Никитин Артём Алексеевич,рядовой,5,27
Павлов Матвей Ильич,рядовой,5,18
Никитин Роман Иванович,прапорщик,2,33
Яковлев Константин Никитич,майор,10,47
Лебедев Никита Дмитриевич,рядовой,7,28
Козлов Степан Дмитриевич,капитан,12,56
Фёдоров Максим Алексеевич,полковник,7,39
Лебедев Константин Павлович,полковник,10,59
Смирнов Константин Кириллович,полковник,1,40
Петров Павел Викторович,сержант,9,26
Иванов Артём Викторович,капитан,8,40
Макаров Константин Дмитриевич,рядовой,4,53
Новиков Михаил Никитич,прапорщик,11,60
Морозов Егор Иванович,капитан,7,20
Михайлов Юрий Олегович,лейтенант,9,26
Егоров Сергей Михайлович,полковник,8,55
Никитин Денис Иванович,майор,4,29
Соколов Роман Павлович,полковник,9,44
Петров Кирилл Алексеевич,майор,7,40
Новиков Егор Сергеевич,полковник,10,49
Макаров Константин Алексеевич,майор,3,20
Козлов Константин Павлович,прапорщик,4,59
Попов Роман Иванович,майор,5,54
Морозов Олег Никитич,рядовой,5,56
Попов Матвей Дмитриевич,сержант,1,33
Алексеев Илья Олегович,полковник,11,46
Борисов Дмитрий Алексеевич,сержант,5,44
Егоров Матвей Александрович,полковник,5,19
Орлов Юрий Никитич,рядовой,4,33
Сидоров Дмитрий Юрьевич,полковник,1,52
Орлов Константин Алексеевич,сержант,11,50
Николаев Егор Максимович,майор,12,55
Петров Егор Алексеевич,лейтенант,1,27
Никитин Олег Дмитриевич,рядовой,7,37
Степанов Никита Сергеевич,рядовой,5,58
Орлов Юрий Юрьевич,капитан,7,49
Попов Кирилл Никитич,полковник,12,34
Новиков Евгений Михайлович,лейтенант,1,43
Лебедев Степан Дмитриевич,майор,11,18
Васильев Кирилл Викторович,лейтенант,6,25
Сидоров Степан Андреевич,лейтенант,4,30
Морозов Александр Романович,лейтенант,9,56
Михайлов Кирилл Кириллович,майор,10,59
Зайцев Павел Алексеевич,капитан,5,19
Егоров Илья Иванович,сержант,4,49
Захаров Сергей Романович,капитан,11,33
Морозов Иван Кириллович,рядовой,5,34
Михайлов Сергей Олегович,прапорщик,5,35
Никитин Роман Александрович,прапорщик,2,45
Соколов Константин Олегович,лейтенант,6,36
Алексеев Иван Дмитриевич,лейтенант,7,44
Семёнов Степан Викторович,майор,9,56
Лебедев Артём Андреевич,майор,6,29
Смирнов Никита Романович,рядовой,11,59
Петров Евгений Викторович,майор,2,23
Васильев Денис Максимович,рядовой,6,37
Кочергин Алексей Алексеевич,сержант,1,24
Васильев Илья Павлович,полковник,4,47
Алексеев Иван Кириллович,майор,11,40
Алексеев Александр Олегович,лейтенант,5,56
Фёдоров Олег Никитич,прапорщик,3,34
Петров Евгений Михайлович,майор,5,34
Макаров Иван Максимович,полковник,1,42
Новиков Евгений Юрьевич,сержант,8,18
Васильев Егор Дмитриевич,прапорщик,9,40
Попов Артём Андреевич,полковник,4,25
Андреев Сергей Кириллович,прапорщик,4,55
Морозов Александр Павлович,рядовой,11,33
Козлов Кирилл Дмитриевич,сержант,9,22
Яковлев Матвей Ильич,капитан,3,47
Никитин Андрей Ильич,лейтенант,1,23
Орлов Егор Викторович,лейтенант,2,48
Соколов Алексей Михайлович,сержант,8,27
Борисов Михаил Павлович,рядовой,8,44
Алексеев Павел Павлович,майор,1,48
Семёнов Денис Михайлович,сержант,7,20
Сидоров Юрий Иванович,лейтенант,5,50
Соколов Александр Сергеевич,рядовой,3,20
Михайлов Максим Юрьевич,капитан,8,60
Попов Евгений Викторович,полковник,3,60
Попов Евгений Дмитриевич,лейтенант,1,52
Орлов Михаил Викторович,полковник,5,59
Попов Егор Алексеевич,сержант,8,44
Фёдоров Константин Викторович,прапорщик,8,21
Морозов Константин Романович,лейтенант,12,22
Егоров Матвей Ильич,майор,4,25
Орлов Александр Иванович,полковник,12,53
Алексеев Илья Викторович,рядовой,8,49
Попов Денис Ильич,рядовой,6,56
Лебедев Александр Андреевич,лейтенант,8,38
Зайцев Андрей Викторович,майор,12,51
Фёдоров Евгений Кириллович,майор,3,48
Яковлев Егор Александрович,капитан,1,39
Сидоров Алексей Юрьевич,лейтенант,11,38
Лебедев Степан Максимович,капитан,11,40
Сидоров Андрей Олегович,полковник,6,60
Яковлев Илья Сергеевич,рядовой,10,38
Павлов Матвей Ильич,капитан,4,26
Орлов Роман Романович,рядовой,7,26
Соловьёв Матвей Иванович,майор,2,41
Яковлев Степан Викторович,капитан,12,36
Борисов Евгений Романович,лейтенант,8,37
Никитин Андрей Сергеевич,полковник,7,21
Николаев Евгений Андреевич,майор,11,33
Попов Алексей Викторович,капитан,4,29
Зайцев Степан Ильич,лейтенант,11,34
Павлов Илья Максимович,капитан,11,33
Морозов Иван Алексеевич,лейтенант,3,53
Яковлев Сергей Юрьевич,капитан,11,45
Яковлев Степан Алексеевич,капитан,6,39
Николаев Роман Михайлович,лейтенант,4,35
Никитин Юрий Иванович,рядовой,5,44
Смирнов Никита Максимович,майор,1,31
Фёдоров Андрей Юрьевич,рядовой,6,36
Фёдоров Евгений Михайлович,сержант,7,59
Соколов Виктор Ильич,полковник,2,37
Павлов Юрий Романович,прапорщик,9,18
Орлов Кирилл Юрьевич,капитан,11,44
Никитин Степан Юрьевич,прапорщик,5,37
Андреев Олег Максимович,сержант,2,38
Кузнецов Алексей Дмитриевич,прапорщик,6,47
Лебедев Михаил Олегович,капитан,8,22
Николаев Михаил Максимович,сержант,4,45
Николаев Егор Алексеевич,прапорщик,2,48
Михайлов Дмитрий Юрьевич,майор,7,55
Алексеев Евгений Александрович,рядовой,1,51
Макаров Кирилл Павлович,капитан,5,47
Михайлов Никита Олегович,сержант,8,40
Петров Юрий Никитич,полковник,8,37
Борисов Евгений Александрович,лейтенант,12,23
Борисов Степан Андреевич,лейтенант,12,36
Михайлов Константин Никитич,лейтенант,11,47
Борисов Виктор Сергеевич,рядовой,7,55
Макаров Илья Дмитриевич,полковник,7,28
Орлов Никита Викторович,рядовой,6,47
Иванов Максим Ильич,капитан,7,38
Никитин Илья Алексеевич,капитан,9,18
Николаев Андрей Юрьевич,лейтенант,3,46
Захаров Артём Андреевич,лейтенант,4,33
Кузнецов Юрий Романович,прапорщик,3,53
Алексеев Артём Романович,полковник,8,34
Михайлов Егор Андреевич,прапорщик,12,19
Орлов Илья Кириллович,лейтенант,3,25
Фёдоров Никита Романович,сержант,2,55
Алексеев Константин Никитич,полковник,4,19
Степанов Константин Дмитриевич,прапорщик,3,23
Михайлов Матвей Павлович,капитан,5,57
Яковлев Олег Дмитриевич,полковник,6,22
Николаев Роман Сергеевич,полковник,9,34
Павлов Виктор Никитич,прапорщик,1,19
Лебедев Роман Юрьевич,полковник,9,31
Николаев Юрий Александрович,капитан,5,39
Захаров Дмитрий Никитич,лейтенант,3,30
Новиков Илья Юрьевич,полковник,10,49
Соловьёв Роман Кириллович,прапорщик,3,18
Николаев Денис Иванович,капитан,5,33
Сидоров Роман Алексеевич,майор,11,29
Павлов Илья Михайлович,лейтенант,10,51
Соловьёв Илья Михайлович,сержант,1,23
Морозов Илья Павлович,прапорщик,7,18
Сидоров Денис Юрьевич,прапорщик,8,31
Яковлев Роман Алексеевич,полковник,9,24
Попов Роман Иванович,майор,5,48
Никитин Иван Павлович,капитан,5,28
Попов Виктор Максимович,прапорщик,9,44
Петров Евгений Юрьевич,майор,12,55
Егоров Артём Дмитриевич,рядовой,12,21
Новиков Дмитрий Никитич,сержант,1,46
Михайлов Илья Александрович,прапорщик,3,44
Павлов Александр Андреевич,полковник,7,22
Захаров Павел Андреевич,полковник,10,50
Попов Андрей Павлович,лейтенант,5,56
Андреев Андрей Сергеевич,рядовой,12,50
Степанов Илья Викторович,сержант,1,27
Сидоров Илья Александрович,рядовой,7,50
Козлов Артём Андреевич,сержант,12,40
Степанов Евгений Никитич,сержант,6,38
Андреев Олег Никитич,рядовой,6,45
Петров Кирилл Андреевич,лейтенант,5,22
Лебедев Александр Иванович,майор,8,33
Егоров Максим Викторович,лейтенант,4,38
Яковлев Евгений Алексеевич,капитан,11,52
Яковлев Сергей Михайлович,прапорщик,4,39
Васильев Никита Иванович,прапорщик,11,33
Яковлев Егор Никитич,рядовой,12,30
Морозов Андрей Ильич,рядовой,10,45
Захаров Роман Кириллович,полковник,11,57
Сидоров Юрий Кириллович,сержант,8,50
Борисов Степан Романович,прапорщик,12,42
Зайцев Роман Кириллович,капитан,12,45
Зайцев Степан Сергеевич,сержант,2,59
Орлов Артём Сергеевич,прапорщик,11,49
Иванов Никита Александрович,прапорщик,4,47
Алексеев Матвей Иванович,майор,7,22
Попов Юрий Ильич,сержант,6,48
Новиков Степан Кириллович,прапорщик,12,19
Сидоров Сергей Михайлович,сержант,12,38
Макаров Олег Дмитриевич,сержант,2,44
Новиков Михаил Олегович,капитан,7,58
Николаев Михаил Павлович,полковник,12,20
Васильев Егор Максимович,сержант,9,19
Соловьёв Артём Кириллович,майор,6,50
Никитин Степан Александрович,сержант,4,18
Степанов Михаил Александрович,полковник,7,58
Борисов Михаил Павлович,прапорщик,11,35
Павлов Кирилл Ильич,сержант,9,46
Васильев Максим Михайлович,капитан,5,20
Семёнов Егор Романович,прапорщик,8,60
Лебедев Евгений Сергеевич,майор,11,35
Морозов Олег Романович,прапорщик,12,41
Яковлев Юрий Ильич,лейтенант,8,36
Орлов Максим Олегович,прапорщик,3,18
Кочергин Дмитрий Юрьевич,полковник,3,19
Сидоров Виктор Иванович,сержант,5,29
Смирнов Степан Кириллович,сержант,4,48
Сидоров Олег Михайлович,сержант,1,57
Соловьёв Роман Романович,прапорщик,6,37
Зайцев Артём Павлович,прапорщик,8,56
Павлов Александр Викторович,полковник,12,26
Борисов Юрий Дмитриевич,капитан,2,52
Орлов Олег Иванович,лейтенант,5,45
Попов Сергей Сергеевич,рядовой,8,56
Васильев Иван Иванович,капитан,10,44
Сидоров Александр Иванович,рядовой,2,26
Фёдоров Константин Кириллович,капитан,12,42
Лебедев Андрей Юрьевич,полковник,1,26
Степанов Иван Иванович,лейтенант,10,25
Козлов Роман Иванович,майор,6,59
Иванов Артём Алексеевич,прапорщик,5,46
Соловьёв Артём Романович,полковник,5,29
Егоров Юрий Андреевич,прапорщик,7,39
Иванов Матвей Кириллович,лейтенант,12,51
Петров Михаил Сергеевич,прапорщик,12,43
Васильев Андрей Алексеевич,сержант,6,34
Кочергин Олег Олегович,рядовой,11,23
Николаев Матвей Павлович,рядовой,4,35
Никитин Андрей Андреевич,рядовой,4,24
Иванов Дмитрий Александрович,сержант,10,29
Андреев Илья Ильич,рядовой,5,48
Павлов Никита Никитич,капитан,12,38
Яковлев Иван Александрович,прапорщик,11,52
Семёнов Иван Юрьевич,капитан,11,37
Сидоров Сергей Иванович,лейтенант,12,56
Попов Кирилл Александрович,рядовой,3,39
Семёнов Кирилл Юрьевич,лейтенант,5,20
Лебедев Артём Иванович,прапорщик,7,20
Андреев Евгений Олегович,прапорщик,4,20
Яковлев Илья Михайлович,майор,5,18
Васильев Никита Сергеевич,сержант,4,18
Борисов Алексей Олегович,лейтенант,3,38
Борисов Роман Максимович,рядовой,5,48
Лебедев Олег Дмитриевич,майор,11,27
Смирнов Евгений Олегович,рядовой,6,53
Лебедев Никита Сергеевич,полковник,11,25
Козлов Иван Александрович,прапорщик,8,48
Кузнецов Алексей Максимович,полковник,8,42
Фёдоров Егор Алексеевич,полковник,9,21
Степанов Иван Юрьевич,капитан,3,22
Николаев Андрей Иванович,майор,4,35
Лебедев Андрей Михайлович,рядовой,2,60
Новиков Александр Александрович,майор,9,41
Михайлов Алексей Олегович,сержант,8,27
Козлов Андрей Максимович,полковник,7,48
Алексеев Максим Иванович,сержант,2,60
Васильев Константин Романович,полковник,7,55
Орлов Илья Викторович,сержант,6,39
Борисов Егор Никитич,прапорщик,8,57
Кочергин Юрий Сергеевич,рядовой,6,26
Николаев Дмитрий Сергеевич,сержант,2,48
Фёдоров Константин Иванович,прапорщик,5,38
Козлов Дмитрий Олегович,капитан,4,46
Борисов Андрей Алексеевич,прапорщик,12,43
Фёдоров Никита Никитич,лейтенант,8,50
Кочергин Иван Иванович,полковник,7,42
Новиков Константин Алексеевич,лейтенант,12,56
Егоров Константин Александрович,сержант,12,42
Васильев Сергей Никитич,полковник,5,58
Петров Егор Романович,полковник,3,18
Новиков Иван Романович,полковник,7,29
Васильев Сергей Дмитриевич,сержант,9,47
Макаров Павел Алексеевич,майор,11,28
Захаров Андрей Михайлович,рядовой,11,56
Кузнецов Никита Сергеевич,сержант,6,56
Лебедев Дмитрий Викторович,майор,3,28
Морозов Александр Александрович,рядовой,1,33
Кузнецов Артём Алексеевич,лейтенант,3,19
Лебедев Сергей Павлович,полковник,4,43
Павлов Юрий Андреевич,сержант,8,50
Петров Андрей Максимович,рядовой,12,56
Никитин Андрей Олегович,полковник,2,44
Андреев Илья Олегович,капитан,5,46
Кузнецов Александр Никитич,сержант,12,35
Яковлев Дмитрий Романович,лейтенант,7,33
Соколов Иван Олегович,полковник,11,24
Алексеев Павел Андреевич,лейтенант,3,41
Попов Виктор Александрович,сержант,8,55
Зайцев Егор Никитич,прапорщик,6,28
Павлов Денис Юрьевич,капитан,10,24
Никитин Михаил Романович,полковник,8,44
Борисов Михаил Ильич,майор,4,52
Соловьёв Андрей Иванович,полковник,5,33
Кузнецов Егор Александрович,капитан,7,26
Андреев Матвей Алексеевич,майор,5,25
Новиков Андрей Павлович,майор,11,51
Иванов Матвей Олегович,лейтенант,6,24
Захаров Роман Романович,рядовой,3,48
Попов Денис Викторович,рядовой,3,50
Захаров Матвей Никитич,лейтенант,4,20
Сидоров Виктор Олегович,рядовой,10,55
Петров Матвей Алексеевич,сержант,7,50
Соколов Степан Олегович,майор,1,51
Смирнов Константин Максимович,рядовой,10,28
Никитин Артём Максимович,прапорщик,10,37
Кочергин Матвей Романович,рядовой,11,29
Никитин Виктор Андреевич,лейтенант,9,36
Николаев Сергей Викторович,полковник,10,52
Фёдоров Роман Никитич,лейтенант,9,40
Зайцев Евгений Александрович,лейтенант,10,27
Макаров Степан Сергеевич,лейтенант,11,24
Степанов Константин Олегович,лейтенант,4,29
Зайцев Артём Павлович,лейтенант,4,20
Яковлев Роман Романович,капитан,2,49
Яковлев Илья Олегович,капитан,4,32
Зайцев Роман Романович,рядовой,3,46
Павлов Сергей Юрьевич,рядовой,9,55
Морозов Михаил Павлович,майор,6,32
Соколов Евгений Дмитриевич,сержант,8,25
Никитин Михаил Дмитриевич,лейтенант,10,45
Павлов Степан Юрьевич,прапорщик,6,41
Новиков Артём Романович,прапорщик,2,50
Семёнов Кирилл Сергеевич,майор,6,50
Козлов Константин Романович,рядовой,2,41
Андреев Кирилл Иванович,майор,11,46
Лебедев Степан Михайлович,рядовой,10,52
Павлов Денис Дмитриевич,майор,10,46
Соловьёв Кирилл Максимович,прапорщик,6,38
Морозов Артём Максимович,прапорщик,12,46
Макаров Кирилл Андреевич,полковник,12,28
Кочергин Иван Иванович,прапорщик,7,59
Михайлов Андрей Сергеевич,сержант,5,47
Орлов Евгений Олегович,полковник,1,44
Егоров Матвей Романович,рядовой,8,38
Кузнецов Константин Михайлович,капитан,6,25
Яковлев Александр Михайлович,капитан,3,46
Попов Никита Павлович,сержант,8,42
Морозов Дмитрий Сергеевич,майор,11,29
Кузнецов Артём Романович,сержант,11,45
Соколов Денис Кириллович,майор,4,41
Степанов Константин Кириллович,прапорщик,6,55
Иванов Виктор Романович,лейтенант,2,41
Соловьёв Алексей Ильич,рядовой,8,58
Попов Дмитрий Сергеевич,полковник,10,19
Лебедев Олег Олегович,полковник,6,24
Степанов Кирилл Викторович,рядовой,7,58
Егоров Степан Романович,майор,10,52
Кузнецов Артём Дмитриевич,майор,7,36
Новиков Александр Павлович,прапорщик,4,20
Сидоров Кирилл Романович,полковник,4,54
Смирнов Денис Максимович,лейтенант,3,54
Соловьёв Кирилл Романович,лейтенант,2,18
Захаров Денис Дмитриевич,прапорщик,8,53
Кочергин Олег Кириллович,капитан,6,40
Павлов Артём Иванович,капитан,7,30
Попов Евгений Викторович,лейтенант,3,23
Смирнов Егор Кириллович,рядовой,6,48
Новиков Константин Никитич,капитан,4,21
Макаров Алексей Алексеевич,полковник,7,29
Никитин Павел Викторович,капитан,12,51
Борисов Никита Сергеевич,прапорщик,12,45
Кузнецов Сергей Викторович,сержант,7,37
Фёдоров Кирилл Дмитриевич,рядовой,2,49
Кочергин Илья Сергеевич,полковник,5,54
Алексеев Илья Алексеевич,сержант,2,55
Васильев Роман Викторович,капитан,10,46
Яковлев Денис Сергеевич,прапорщик,11,38
Новиков Андрей Никитич,сержант,12,58
Петров Андрей Романович,прапорщик,5,46
Яковлев Роман Иванович,прапорщик,7,37
Кочергин Евгений Алексеевич,капитан,4,57
Козлов Никита Михайлович,полковник,11,52
Иванов Евгений Алексеевич,майор,10,32
Николаев Юрий Максимович,прапорщик,1,51
Лебедев Олег Никитич,лейтенант,8,32
Макаров Павел Максимович,рядовой,2,55
Соловьёв Павел Юрьевич,капитан,5,39
Кузнецов Константин Андреевич,майор,12,53
Никитин Виктор Иванович,капитан,8,58
Семёнов Степан Викторович,капитан,8,32
Попов Алексей Иванович,прапорщик,4,50
Борисов Андрей Никитич,сержант,6,56
Петров Александр Олегович,майор,4,42
Кочергин Павел Алексеевич,прапорщик,3,38
Орлов Павел Олегович,полковник,2,25
Борисов Иван Ильич,майор,10,34
Кузнецов Алексей Андреевич,полковник,9,57
Николаев Матвей Максимович,сержант,2,30
Николаев Сергей Викторович,майор,1,25
Орлов Павел Максимович,полковник,8,48
Зайцев Дмитрий Александрович,майор,3,50
Петров Роман Александрович,капитан,4,51
Павлов Артём Алексеевич,прапорщик,8,40
Яковлев Сергей Романович,прапорщик,3,31
Степанов Евгений Кириллович,прапорщик,1,59
Николаев Егор Павлович,прапорщик,11,18
Сидоров Евгений Никитич,полковник,12,40
Яковлев Дмитрий Викторович,капитан,6,38
Петров Юрий Максимович,сержант,4,49
Попов Олег Максимович,лейтенант,2,46
Михайлов Роман Александрович,прапорщик,8,56
Яковлев Олег Кириллович,лейтенант,5,22
Андреев Кирилл Павлович,лейтенант,5,43
Смирнов Никита Сергеевич,прапорщик,9,20
Кузнецов Павел Андреевич,капитан,12,35
Никитин Виктор Александрович,прапорщик,7,40
Никитин Михаил Александрович,капитан,2,30
Васильев Юрий Михайлович,лейтенант,7,22
Егоров Михаил Ильич,капитан,6,52
Новиков Кирилл Алексеевич,лейтенант,7,32
Николаев Юрий Олегович,капитан,12,35
Николаев Иван Кириллович,полковник,6,55
Соколов Андрей Олегович,лейтенант,12,19
Попов Дмитрий Михайлович,рядовой,7,54
Никитин Константин Юрьевич,полковник,6,52
Яковлев Константин Александрович,рядовой,6,37
Васильев Илья Юрьевич,сержант,1,27
Козлов Андрей Андреевич,сержант,2,56
Алексеев Константин Максимович,сержант,9,31
Яковлев Сергей Кириллович,прапорщик,9,30
Сидоров Максим Павлович,лейтенант,2,32
Соловьёв Сергей Павлович,майор,5,31
Михайлов Дмитрий Юрьевич,прапорщик,11,46
Соловьёв Степан Кириллович,лейтенант,2,36
Никитин Илья Викторович,майор,9,42
Новиков Юрий Александрович,майор,9,35
Иванов Степан Кириллович,майор,3,30
Захаров Степан Михайлович,сержант,11,58
Захаров Максим Романович,прапорщик,8,20
Васильев Виктор Юрьевич,лейтенант,1,32
Кузнецов Константин Юрьевич,рядовой,5,43
Захаров Роман Ильич,сержант,1,34
Морозов Роман Максимович,майор,8,26
Борисов Кирилл Кириллович,рядовой,2,40
Лебедев Никита Дмитриевич,капитан,1,37
Николаев Александр Сергеевич,прапорщик,2,26
Степанов Сергей Никитич,рядовой,3,51
Николаев Степан Максимович,майор,6,22
Фёдоров Дмитрий Никитич,полковник,10,56
Лебедев Роман Викторович,майор,7,57
Андреев Артём Максимович,рядовой,11,47
Фёдоров Сергей Сергеевич,майор,7,20
Алексеев Артём Александрович,сержант,6,53
Фёдоров Дмитрий Ильич,лейтенант,1,21
Сидоров Денис Иванович,сержант,11,30
Михайлов Кирилл Максимович,полковник,9,54
Яковлев Михаил Дмитриевич,полковник,11,36
Соколов Максим Александрович,сержант,4,38
Морозов Сергей Максимович,лейтенант,3,58
Морозов Олег Никитич,сержант,8,22
Соколов Артём Кириллович,рядовой,9,60
Степанов Сергей Сергеевич,прапорщик,2,20
Борисов Роман Олегович,полковник,1,54
Соколов Олег Романович,прапорщик,12,55
Кузнецов Никита Максимович,прапорщик,5,54
Кузнецов Кирилл Никитич,прапорщик,9,59
Морозов Павел Сергеевич,сержант,5,42
Попов Юрий Максимович,лейтенант,3,19
Павлов Дмитрий Викторович,лейтенант,5,45
Соловьёв Степан Олегович,капитан,2,37
Кочергин Степан Юрьевич,лейтенант,1,46
Семёнов Денис Андреевич,сержант,1,59
Козлов Роман Павлович,капитан,12,48
Яковлев Никита Максимович,лейтенант,6,51
Иванов Никита Кириллович,прапорщик,1,58
Морозов Максим Юрьевич,сержант,3,50
Соколов Дмитрий Юрьевич,сержант,2,57
Смирнов Никита Олегович,лейтенант,4,29
Захаров Алексей Дмитриевич,майор,6,22
Орлов Александр Дмитриевич,прапорщик,11,59
Попов Павел Иванович,сержант,10,47
Никитин Сергей Юрьевич,капитан,1,22
Алексеев Дмитрий Никитич,полковник,9,53
Семёнов Андрей Сергеевич,майор,7,49
Макаров Евгений Сергеевич,сержант,2,24
Иванов Иван Сергеевич,сержант,6,23
Макаров Юрий Александрович,полковник,2,22
Егоров Сергей Иванович,майор,7,27
Алексеев Егор Дмитриевич,сержант,11,38
Васильев Евгений Дмитриевич,сержант,6,51
Орлов Дмитрий Кириллович,лейтенант,6,31
Иванов Дмитрий Олегович,майор,10,21
Николаев Иван Никитич,полковник,4,45
Иванов Денис Юрьевич,капитан,2,42
Фёдоров Виктор Никитич,рядовой,12,20
Зайцев Юрий Михайлович,майор,8,52
Зайцев Иван Олегович,полковник,2,36
Петров Алексей Максимович,майор,3,23
Макаров Илья Андреевич,майор,5,58
Степанов Матвей Юрьевич,прапорщик,12,29
Орлов Максим Сергеевич,сержант,12,37
Соколов Евгений Максимович,прапорщик,5,27
Кузнецов Евгений Дмитриевич,капитан,12,23
Петров Павел Михайлович,прапорщик,8,25
Иванов Роман Викторович,рядовой,7,32
Фёдоров Кирилл Олегович,сержант,9,56
Петров Михаил Ильич,рядовой,5,49
Павлов Алексей Сергеевич,полковник,1,47
Морозов Евгений Ильич,капитан,10,52
Козлов Степан Михайлович,сержант,8,46
Степанов Павел Викторович,майор,4,50
Алексеев Илья Алексеевич,полковник,9,22
Егоров Артём Кириллович,рядовой,6,45
Васильев Иван Юрьевич,капитан,1,59
Соловьёв Кирилл Никитич,сержант,8,46
Егоров Александр Иванович,капитан,5,41
Николаев Дмитрий Сергеевич,сержант,3,25
Соловьёв Иван Кириллович,прапорщик,3,37
Васильев Максим Романович,рядовой,10,60
Борисов Юрий Ильич,полковник,2,59
Сидоров Степан Павлович,сержант,7,57
Захаров Никита Александрович,майор,7,38
Орлов Степан Алексеевич,рядовой,1,31
Захаров Олег Дмитриевич,майор,1,44
Соловьёв Михаил Сергеевич,полковник,5,47
Соловьёв Андрей Максимович,лейтенант,3,39
Кузнецов Денис Никитич,лейтенант,2,39
Макаров Илья Кириллович,лейтенант,7,37
Николаев Никита Михайлович,майор,2,20
Новиков Кирилл Романович,прапорщик,12,52
Морозов Иван Иванович,капитан,8,23
Петров Михаил Дмитриевич,сержант,8,40
Кочергин Александр Алексеевич,полковник,9,49
Захаров Денис Павлович,рядовой,12,37
Степанов Денис Алексеевич,рядовой,11,44
Борисов Роман Андреевич,капитан,6,19
Степанов Андрей Романович,лейтенант,9,30
Яковлев Илья Юрьевич,капитан,12,45
Никитин Егор Романович,лейтенант,1,33
Никитин Иван Максимович,майор,2,56
Кузнецов Матвей Олегович,полковник,3,38
Фёдоров Александр Михайлович,капитан,9,27
Соколов Роман Сергеевич,рядовой,10,20
Морозов Егор Павлович,прапорщик,4,26
Соловьёв Михаил Максимович,сержант,9,33
Новиков Кирилл Андреевич,капитан,1,39
Макаров Олег Викторович,лейтенант,3,26
Новиков Евгений Викторович,капитан,10,56
Алексеев Дмитрий Алексеевич,майор,1,22
Смирнов Артём Викторович,прапорщик,4,58
Васильев Матвей Иванович,капитан,9,33
Захаров Олег Юрьевич,лейтенант,12,54
Алексеев Сергей Максимович,капитан,10,33
Андреев Артём Алексеевич,рядовой,6,33
Фёдоров Егор Максимович,капитан,9,57
Лебедев Алексей Сергеевич,лейтенант,10,36
Борисов Максим Андреевич,рядовой,8,18
Макаров Виктор Павлович,прапорщик,6,30
Николаев Павел Олегович,рядовой,12,37
Козлов Павел Никитич,рядовой,12,50
Алексеев Дмитрий Олегович,прапорщик,9,59
Борисов Дмитрий Александрович,майор,7,26
Соколов Евгений Юрьевич,полковник,9,18
Кузнецов Виктор Ильич,лейтенант,5,26
Егоров Матвей Андреевич,полковник,4,38
Петров Никита Романович,лейтенант,8,25
Семёнов Степан Кириллович,полковник,8,31
Морозов Иван Никитич,лейтенант,8,47
Сидоров Максим Павлович,рядовой,10,24
Павлов Андрей Романович,сержант,8,50
Павлов Дмитрий Дмитриевич,сержант,12,49
Козлов Никита Максимович,прапорщик,11,59
Степанов Евгений Павлович,капитан,1,40
Андреев Михаил Юрьевич,полковник,4,37
Васильев Константин Иванович,прапорщик,6,56
Фёдоров Александр Ильич,прапорщик,10,59
Андреев Константин Михайлович,капитан,3,48
Борисов Александр Олегович,прапорщик,12,42
Козлов Максим Юрьевич,прапорщик,12,34
Иванов Матвей Ильич,прапорщик,4,58
Фёдоров Роман Кириллович,полковник,1,48
Николаев Дмитрий Александрович,капитан,11,34
Сидоров Сергей Ильич,сержант,7,34
Лебедев Михаил Дмитриевич,рядовой,10,54
Николаев Павел Никитич,прапорщик,4,35
Новиков Андрей Викторович,майор,11,50
Сидоров Юрий Александрович,рядовой,3,43
Морозов Юрий Максимович,прапорщик,6,56
Сидоров Виктор Михайлович,майор,7,41
Кузнецов Олег Сергеевич,майор,10,39
Кочергин Артём Александрович,лейтенант,9,23
Никитин Иван Михайлович,сержант,6,44
Кочергин Константин Александрович,капитан,10,21
Кузнецов Денис Романович,майор,6,59
Яковлев Степан Максимович,рядовой,9,60
Соколов Виктор Никитич,лейтенант,10,32
Егоров Степан Никитич,капитан,7,35
Кузнецов Олег Максимович,полковник,11,34
Соколов Артём Александрович,сержант,3,57
Сидоров Илья Михайлович,капитан,8,18
Егоров Иван Андреевич,лейтенант,5,55
Степанов Степан Иванович,рядовой,5,28
Николаев Иван Александрович,сержант,4,31
Павлов Никита Андреевич,прапорщик,10,51
Фёдоров Кирилл Максимович,прапорщик,5,29
Кочергин Кирилл Сергеевич,лейтенант,5,43
Морозов Андрей Юрьевич,лейтенант,5,35
Степанов Роман Викторович,капитан,3,52
Иванов Денис Ильич,полковник,6,44
Лебедев Юрий Ильич,капитан,7,28
Яковлев Илья Ильич,прапорщик,3,59
Егоров Степан Александрович,рядовой,2,46
Петров Степан Павлович,капитан,10,43
Михайлов Иван Олегович,полковник,5,60
Попов Константин Иванович,полковник,4,33
Никитин Юрий Алексеевич,рядовой,6,44
Семёнов Матвей Михайлович,прапорщик,4,25
Петров Сергей Никитич,прапорщик,7,30
Смирнов Дмитрий Ильич,прапорщик,5,58
Борисов Константин Максимович,капитан,12,36
Михайлов Михаил Юрьевич,рядовой,2,48
Новиков Матвей Павлович,сержант,8,41
Захаров Денис Иванович,майор,10,31
Зайцев Дмитрий Олегович,капитан,5,59
Егоров Алексей Иванович,прапорщик,5,45
Яковлев Виктор Никитич,полковник,1,24
Морозов Степан Максимович,рядовой,11,58
Соловьёв Илья Кириллович,рядовой,11,36
Смирнов Илья Иванович,сержант,10,44
Васильев Константин Максимович,майор,12,56
Зайцев Кирилл Михайлович,прапорщик,10,38
Смирнов Андрей Никитич,капитан,6,49
Зайцев Александр Алексеевич,капитан,4,44
Семёнов Никита Ильич,капитан,8,35
Новиков Евгений Романович,капитан,6,51
Морозов Роман Павлович,полковник,1,31
Михайлов Денис Никитич,майор,2,22
Смирнов Павел Дмитриевич,полковник,3,41
Егоров Роман Михайлович,полковник,9,36
Захаров Сергей Викторович,капитан,6,38
Морозов Юрий Александрович,сержант,2,55
Семёнов Илья Михайлович,капитан,2,56
Орлов Алексей Максимович,лейтенант,7,28
Попов Сергей Сергеевич,лейтенант,9,58
Никитин Артём Дмитриевич,лейтенант,11,54
Яковлев Константин Иванович,прапорщик,4,55
Михайлов Иван Юрьевич,прапорщик,1,56
Орлов Михаил Алексеевич,сержант,6,46
Андреев Дмитрий Олегович,сержант,2,41
Попов Роман Викторович,сержант,1,21
Лебедев Павел Максимович,рядовой,12,55
Попов Александр Юрьевич,лейтенант,10,36
Васильев Роман Викторович,полковник,6,55
Андреев Сергей Дмитриевич,рядовой,9,46
Лебедев Юрий Юрьевич,майор,2,54
Кочергин Виктор Никитич,полковник,7,27
Егоров Никита Кириллович,майор,8,21
Борисов Евгений Максимович,лейтенант,9,34
Захаров Егор Андреевич,капитан,1,50
Егоров Евгений Максимович,рядовой,9,39
Сидоров Виктор Кириллович,сержант,2,44
Егоров Юрий Олегович,прапорщик,8,50
Петров Денис Павлович,полковник,11,25
Сидоров Дмитрий Андреевич,прапорщик,11,48
Фёдоров Кирилл Максимович,майор,11,34
Соловьёв Кирилл Дмитриевич,капитан,2,59
Яковлев Иван Алексеевич,прапорщик,2,32
Фёдоров Артём Никитич,майор,3,39
Николаев Никита Андреевич,сержант,10,45
Николаев Юрий Ильич,майор,10,28
Степанов Евгений Юрьевич,лейтенант,5,41
Яковлев Матвей Иванович,рядовой,10,44
Кочергин Константин Кириллович,лейтенант,10,32
Смирнов Андрей Михайлович,майор,12,45
Семёнов Алексей Викторович,рядовой,6,18
Андреев Виктор Юрьевич,сержант,11,27
Семёнов Кирилл Иванович,сержант,4,52
Фёдоров Олег Сергеевич,рядовой,9,21
Кочергин Сергей Олегович,майор,2,43
Андреев Матвей Павлович,майор,10,18
Яковлев Алексей Максимович,прапорщик,10,53
Михайлов Никита Дмитриевич,сержант,2,44
Кочергин Александр Викторович,лейтенант,3,28
Попов Константин Алексеевич,сержант,1,29
Зайцев Артём Олегович,сержант,7,27
Борисов Алексей Викторович,лейтенант,7,18
Макаров Степан Никитич,лейтенант,4,31
Морозов Александр Сергеевич,прапорщик,1,52
Семёнов Александр Романович,рядовой,5,34
Смирнов Кирилл Романович,прапорщик,4,34
Кузнецов Михаил Сергеевич,прапорщик,9,46
Степанов Александр Романович,полковник,1,60
Соколов Кирилл Кириллович,капитан,5,52
Кузнецов Никита Андреевич,капитан,8,49
Козлов Александр Павлович,рядовой,4,43
Орлов Матвей Александрович,майор,12,29
Николаев Никита Павлович,рядовой,10,47
Яковлев Илья Андреевич,сержант,5,51
Орлов Виктор Иванович,лейтенант,9,44
Захаров Евгений Михайлович,сержант,2,19
Фёдоров Александр Никитич,капитан,8,19
Макаров Алексей Дмитриевич,рядовой,8,43
Степанов Илья Михайлович,прапорщик,8,30
Алексеев Андрей Андреевич,полковник,8,37
Кочергин Алексей Максимович,лейтенант,3,24
Николаев Юрий Ильич,рядовой,10,20
Фёдоров Егор Александрович,рядовой,10,31
Орлов Виктор Викторович,рядовой,8,23
Сидоров Константин Кириллович,лейтенант,4,50
Семёнов Денис Никитич,капитан,8,43
Степанов Никита Максимович,лейтенант,4,22
Павлов Михаил Юрьевич,полковник,10,40
Степанов Артём Александрович,рядовой,1,33
Лебедев Александр Олегович,майор,8,58
Яковлев Алексей Максимович,прапорщик,4,27
Иванов Кирилл Никитич,рядовой,6,36
Яковлев Матвей Алексеевич,рядовой,4,26
Павлов Сергей Иванович,прапорщик,12,60
Петров Сергей Максимович,майор,5,22
Семёнов Егор Викторович,капитан,3,21
Борисов Егор Иванович,лейтенант,3,48
Петров Илья Юрьевич,сержант,2,18
Захаров Юрий Дмитриевич,сержант,4,50
Кузнецов Павел Ильич,рядовой,11,20
Козлов Егор Никитич,лейтенант,4,53
Попов Андрей Иванович,рядовой,5,49
Захаров Александр Олегович,полковник,7,27
Сидоров Егор Романович,рядовой,9,32
Яковлев Никита Олегович,сержант,3,44
Морозов Иван Иванович,полковник,10,23
Алексеев Матвей Олегович,полковник,7,59
Захаров Андрей Алексеевич,лейтенант,9,26
Николаев Дмитрий Алексеевич,полковник,5,41
Никитин Егор Алексеевич,полковник,11,31
Иванов Евгений Дмитриевич,сержант,1,50
Фёдоров Юрий Романович,сержант,12,31
Кузнецов Никита Романович,рядовой,1,21
Новиков Олег Дмитриевич,сержант,3,54
Новиков Юрий Юрьевич,майор,8,36
Захаров Олег Викторович,полковник,9,22
Попов Виктор Андреевич,майор,7,39
Кузнецов Олег Дмитриевич,прапорщик,2,29
Кочергин Константин Юрьевич,полковник,10,32
Козлов Илья Михайлович,полковник,12,56
Фёдоров Матвей Олегович,прапорщик,2,46
Соловьёв Артём Романович,капитан,10,27
Степанов Александр Викторович,рядовой,2,42
Зайцев Иван Иванович,майор,7,47
Егоров Егор Никитич,капитан,10,58
Егоров Артём Ильич,прапорщик,5,50
Фёдоров Виктор Никитич,лейтенант,4,40
Егоров Матвей Романович,сержант,10,28
Борисов Алексей Ильич,прапорщик,11,29
Захаров Евгений Андреевич,лейтенант,8,38
Соколов Егор Ильич,лейтенант,10,52
Николаев Максим Алексеевич,полковник,7,30
Соловьёв Егор Алексеевич,прапорщик,6,21
Кузнецов Виктор Алексеевич,прапорщик,12,23
Петров Никита Максимович,прапорщик,2,39
Васильев Александр Романович,сержант,3,40
Никитин Степан Ильич,рядовой,6,42
Васильев Илья Викторович,полковник,3,32
Кочергин Михаил Никитич,лейтенант,10,47
Смирнов Илья Олегович,прапорщик,9,26
Семёнов Дмитрий Михайлович,рядовой,1,19
Попов Андрей Андреевич,лейтенант,6,58
Петров Павел Максимович,майор,6,53
Семёнов Александр Кириллович,полковник,8,19
Морозов Михаил Кириллович,лейтенант,11,24
Макаров Степан Викторович,прапорщик,8,59
Морозов Александр Кириллович,сержант,9,36
Козлов Егор Кириллович,лейтенант,10,21
Сидоров Константин Ильич,майор,9,25
Кузнецов Дмитрий Сергеевич,полковник,4,24
Захаров Виктор Максимович,полковник,6,38
Соколов Денис Алексеевич,майор,1,40
Иванов Иван Иванович,полковник,1,33
Новиков Михаил Алексеевич,сержант,5,54
Семёнов Степан Кириллович,лейтенант,9,39
Николаев Виктор Михайлович,сержант,3,27
Сидоров Юрий Михайлович,сержант,2,28
Соловьёв Иван Андреевич,капитан,11,58
Новиков Егор Александрович,сержант,11,36
Фёдоров Евгений Алексеевич,лейтенант,4,43
Попов Олег Андреевич,лейтенант,11,45
Степанов Кирилл Александрович,майор,8,49
Яковлев Павел Ильич,лейтенант,12,37
Борисов Максим Никитич,майор,12,45
Козлов Иван Романович,рядовой,4,48
Никитин Александр Александрович,прапорщик,9,22
Лебедев Егор Юрьевич,майор,1,21
Зайцев Виктор Романович,майор,1,41
Егоров Роман Алексеевич,лейтенант,8,37
Козлов Константин Андреевич,полковник,4,43
Лебедев Андрей Сергеевич,лейтенант,6,43
Лебедев Максим Александрович,сержант,6,45
Козлов Виктор Максимович,прапорщик,5,18
Андреев Артём Юрьевич,капитан,9,24
Николаев Юрий Иванович,майор,5,19
Алексеев Кирилл Олегович,полковник,10,25
Смирнов Виктор Михайлович,полковник,9,52
Попов Михаил Максимович,майор,5,44
Алексеев Виктор Андреевич,рядовой,5,60
Павлов Константин Ильич,лейтенант,3,56
Степанов Кирилл Алексеевич,лейтенант,11,49
Соколов Максим Михайлович,майор,11,31
Смирнов Андрей Максимович,сержант,9,38
Михайлов Александр Дмитриевич,майор,2,46
Сидоров Иван Кириллович,полковник,8,58
Зайцев Алексей Ильич,сержант,2,23
Козлов Сергей Кириллович,сержант,3,48
Алексеев Евгений Ильич,лейтенант,9,49
Николаев Роман Павлович,прапорщик,2,42
Павлов Денис Михайлович,рядовой,11,58
Петров Степан Никитич,капитан,6,55
Андреев Дмитрий Кириллович,майор,4,42
Лебедев Александр Михайлович,лейтенант,8,51
Семёнов Сергей Андреевич,прапорщик,1,29
Павлов Алексей Иванович,лейтенант,2,44
Степанов Кирилл Александрович,прапорщик,9,34
Смирнов Евгений Ильич,рядовой,5,55
Смирнов Андрей Романович,прапорщик,4,43
Кузнецов Михаил Иванович,сержант,5,23
Морозов Сергей Павлович,лейтенант,10,27
Макаров Роман Михайлович,сержант,8,39
Новиков Матвей Юрьевич,рядовой,4,37
Попов Михаил Иванович,сержант,2,33
Соловьёв Александр Олегович,лейтенант,8,33
Макаров Дмитрий Дмитриевич,капитан,2,24
Соловьёв Егор Александрович,прапорщик,7,51
Семёнов Никита Никитич,лейтенант,7,18
Иванов Егор Ильич,сержант,12,51
Попов Роман Александрович,полковник,7,20
Кочергин Степан Иванович,полковник,1,57
Фёдоров Юрий Сергеевич,прапорщик,1,49
Павлов Матвей Олегович,капитан,12,34
Соколов Денис Александрович,прапорщик,9,19
Яковлев Павел Романович,лейтенант,3,31
Захаров Михаил Дмитриевич,рядовой,2,44
Новиков Денис Романович,сержант,10,35
Степанов Константин Максимович,лейтенант,3,22
Лебедев Денис Алексеевич,рядовой,5,53
Никитин Матвей Андреевич,майор,5,56
Морозов Евгений Ильич,майор,2,33
Иванов Алексей Максимович,рядовой,11,58
Орлов Виктор Михайлович,полковник,3,42
Захаров Артём Иванович,майор,6,24
Никитин Александр Алексеевич,капитан,3,32
Борисов Никита Иванович,капитан,4,29
Кузнецов Кирилл Никитич,капитан,5,58
Смирнов Павел Ильич,капитан,1,32
Сидоров Евгений Михайлович,рядовой,6,38
Зайцев Матвей Андреевич,капитан,5,44
Яковлев Никита Александрович,лейтенант,2,20
Сидоров Константин Андреевич,майор,4,26
Никитин Максим Андреевич,капитан,2,55
Орлов Алексей Юрьевич,прапорщик,7,56
Новиков Андрей Дмитриевич,капитан,9,18
Петров Константин Романович,майор,6,54
Орлов Юрий Никитич,лейтенант,6,30
Фёдоров Виктор Максимович,лейтенант,12,20
Соловьёв Роман Викторович,майор,4,47
Егоров Константин Павлович,полковник,9,27
Кузнецов Кирилл Ильич,капитан,8,47
Сидоров Кирилл Викторович,рядовой,8,37
Андреев Евгений Максимович,прапорщик,3,42
Борисов Егор Юрьевич,полковник,12,21
Новиков Павел Дмитриевич,прапорщик,12,19
Егоров Павел Сергеевич,полковник,7,39
Попов Юрий Александрович,лейтенант,8,39
Яковлев Юрий Викторович,сержант,1,29
Соколов Алексей Сергеевич,капитан,3,37
Козлов Михаил Иванович,прапорщик,3,36
Зайцев Юрий Максимович,рядовой,8,27
Михайлов Дмитрий Павлович,рядовой,7,23
Смирнов Юрий Андреевич,прапорщик,2,42
Соколов Матвей Александрович,прапорщик,1,33
Захаров Юрий Сергеевич,лейтенант,10,53
Кочергин Андрей Дмитриевич,рядовой,5,24
Смирнов Артём Дмитриевич,рядовой,9,42
Попов Денис Никитич,прапорщик,3,28
Николаев Роман Александрович,прапорщик,8,18
Павлов Олег Алексеевич,сержант,9,55
Козлов Виктор Александрович,полковник,8,49
Иванов Константин Олегович,капитан,1,53
Сидоров Виктор Кириллович,лейтенант,9,52
Андреев Андрей Дмитриевич,лейтенант,4,53
Васильев Илья Дмитриевич,майор,12,26
Захаров Павел Романович,полковник,7,49
Яковлев Виктор Романович,рядовой,9,60
Фёдоров Денис Ильич,майор,8,48
Фёдоров Михаил Максимович,рядовой,11,60
Васильев Евгений Иванович,прапорщик,9,39
Никитин Илья Сергеевич,прапорщик,3,26
Зайцев Константин Андреевич,лейтенант,5,24
Михайлов Андрей Сергеевич,лейтенант,2,18
Новиков Михаил Павлович,капитан,8,49
Лебедев Артём Олегович,капитан,4,19
Зайцев Михаил Максимович,полковник,9,19
Фёдоров Егор Романович,лейтенант,6,59
Кочергин Алексей Сергеевич,майор,1,35
Макаров Евгений Алексеевич,майор,1,19
Сидоров Денис Павлович,полковник,11,42
Егоров Алексей Никитич,рядовой,7,46
Семёнов Виктор Алексеевич,капитан,3,20
Михайлов Артём Викторович,сержант,6,42
Макаров Кирилл Павлович,рядовой,5,59
Фёдоров Андрей Сергеевич,сержант,4,23
Павлов Виктор Дмитриевич,капитан,6,34
Сидоров Денис Викторович,рядовой,1,59
Кочергин Александр Никитич,капитан,8,43
Смирнов Алексей Максимович,рядовой,10,57
Фёдоров Алексей Андреевич,капитан,7,22
Соколов Иван Алексеевич,прапорщик,6,56
Васильев Максим Дмитриевич,капитан,1,37
Егоров Денис Романович,капитан,5,19
Лебедев Александр Алексеевич,капитан,9,58
Зайцев Константин Ильич,полковник,1,48
Егоров Дмитрий Михайлович,майор,3,43
Морозов Максим Александрович,лейтенант,11,18
Борисов Матвей Михайлович,лейтенант,11,29
Егоров Максим Юрьевич,майор,7,60
Зайцев Сергей Иванович,капитан,4,57
Морозов Сергей Дмитриевич,майор,3,47
Степанов Иван Викторович,сержант,7,45
Борисов Артём Михайлович,майор,2,46
Борисов Юрий Александрович,сержант,4,48
Кочергин Константин Романович,капитан,9,53
Алексеев Иван Олегович,полковник,1,24
Семёнов Илья Алексеевич,рядовой,11,52
Орлов Алексей Иванович,капитан,10,28
Семёнов Егор Юрьевич,лейтенант,8,35
Никитин Дмитрий Кириллович,лейтенант,12,30
Козлов Дмитрий Романович,сержант,3,44
Смирнов Виктор Ильич,сержант,9,32
Николаев Андрей Андреевич,рядовой,1,36
Зайцев Константин Андреевич,майор,7,55
Николаев Павел Кириллович,капитан,12,35
Павлов Илья Никитич,полковник,2,42
Иванов Андрей Романович,прапорщик,4,52
Егоров Степан Иванович,сержант,5,42
Кочергин Матвей Викторович,лейтенант,10,20
Лебедев Денис Кириллович,майор,9,37
Васильев Илья Павлович,сержант,1,31
Соколов Андрей Кириллович,майор,10,27
Соколов Матвей Романович,капитан,9,34
Семёнов Константин Викторович,прапорщик,7,27
Борисов Павел Ильич,сержант,1,26
Кочергин Иван Михайлович,капитан,4,33
Захаров Юрий Павлович,капитан,3,42
Сидоров Матвей Романович,майор,3,32
Соловьёв Юрий Викторович,полковник,9,52
Андреев Андрей Андреевич,полковник,3,44
Николаев Виктор Олегович,капитан,1,25
Соловьёв Виктор Сергеевич,прапорщик,4,35
Иванов Артём Олегович,капитан,10,27
Егоров Дмитрий Юрьевич,лейтенант,4,40
Николаев Степан Андреевич,сержант,4,40
Лебедев Илья Алексеевич,сержант,2,54
Яковлев Матвей Ильич,рядовой,8,59
Фёдоров Павел Алексеевич,лейтенант,5,53
Попов Павел Олегович,полковник,12,22
Степанов Евгений Иванович,майор,5,26
Никитин Артём Викторович,рядовой,10,47
Васильев Илья Максимович,рядовой,10,40
Васильев Евгений Алексеевич,прапорщик,3,40
Алексеев Олег Андреевич,майор,5,38
Павлов Сергей Олегович,майор,6,55
Алексеев Артём Алексеевич,рядовой,11,35
Попов Илья Викторович,рядовой,6,41
Кочергин Евгений Юрьевич,лейтенант,12,52
Яковлев Иван Ильич,капитан,6,37
Егоров Денис Ильич,полковник,11,25
Васильев Егор Никитич,капитан,11,54
Зайцев Александр Романович,полковник,12,49
Попов Евгений Дмитриевич,рядовой,8,58
Фёдоров Виктор Викторович,майор,6,55
Зайцев Илья Никитич,капитан,5,46
Николаев Кирилл Юрьевич,рядовой,1,60
Борисов Максим Андреевич,лейтенант,8,49
Макаров Олег Ильич,лейтенант,2,42
Захаров Матвей Павлович,капитан,9,47
Яковлев Никита Павлович,рядовой,3,32
Фёдоров Павел Андреевич,лейтенант,5,23
Орлов Иван Алексеевич,майор,5,23
Петров Никита Павлович,лейтенант,6,23
Кузнецов Матвей Александрович,рядовой,3,26
Захаров Олег Дмитриевич,сержант,6,38
Иванов Денис Викторович,капитан,12,45
Яковлев Максим Никитич,капитан,11,25
Михайлов Сергей Кириллович,рядовой,3,37
Зайцев Роман Александрович,лейтенант,4,60
Павлов Юрий Юрьевич,полковник,12,23
Кочергин Роман Никитич,прапорщик,5,37
Никитин Матвей Олегович,рядовой,7,48
Алексеев Александр Павлович,рядовой,7,21
Васильев Дмитрий Юрьевич,прапорщик,9,53
Смирнов Илья Ильич,майор,12,52
Павлов Михаил Алексеевич,майор,7,46
Кочергин Виктор Алексеевич,лейтенант,10,50
Семёнов Матвей Романович,прапорщик,12,52
Кузнецов Дмитрий Ильич,капитан,10,24
Кочергин Денис Сергеевич,сержант,11,45
Андреев Михаил Викторович,прапорщик,10,31
Николаев Матвей Сергеевич,рядовой,4,57
Сидоров Дмитрий Павлович,рядовой,7,39
Соколов Никита Иванович,майор,5,42
Макаров Евгений Никитич,майор,5,58
Павлов Александр Дмитриевич,майор,7,24
Кочергин Максим Павлович,лейтенант,8,43
Соколов Олег Андреевич,прапорщик,5,58
Андреев Константин Юрьевич,полковник,5,26
Васильев Илья Юрьевич,полковник,9,36
Попов Никита Викторович,сержант,12,20
Васильев Никита Алексеевич,прапорщик,2,19
Попов Олег Михайлович,рядовой,7,36
Макаров Дмитрий Павлович,рядовой,7,36
Андреев Виктор Дмитриевич,рядовой,7,52
Павлов Сергей Юрьевич,майор,10,20
Семёнов Сергей Никитич,полковник,12,23
Кочергин Юрий Павлович,лейтенант,7,31
Васильев Евгений Кириллович,сержант,11,23
Павлов Алексей Иванович,капитан,9,22
Орлов Андрей Кириллович,полковник,2,37
Николаев Роман Иванович,рядовой,3,45
Зайцев Сергей Юрьевич,майор,3,60
Морозов Максим Кириллович,сержант,8,60
Новиков Дмитрий Юрьевич,прапорщик,10,27
Иванов Дмитрий Олегович,капитан,12,50
Семёнов Никита Ильич,рядовой,2,18
Фёдоров Иван Сергеевич,рядовой,1,46
Васильев Константин Павлович,лейтенант,8,45
Соколов Денис Олегович,капитан,4,18
Николаев Дмитрий Алексеевич,полковник,1,34
Павлов Александр Андреевич,прапорщик,5,22
Андреев Алексей Ильич,рядовой,6,53
Васильев Максим Никитич,прапорщик,6,39
Смирнов Матвей Павлович,капитан,5,42
Макаров Никита Александрович,капитан,12,33
Смирнов Алексей Викторович,полковник,12,42
Семёнов Александр Никитич,капитан,3,56
Зайцев Михаил Максимович,лейтенант,6,58
Сидоров Константин Андреевич,рядовой,4,41
Смирнов Кирилл Павлович,майор,10,30
Егоров Александр Викторович,прапорщик,10,35
Николаев Алексей Романович,лейтенант,12,21
Яковлев Алексей Никитич,майор,10,43
Морозов Михаил Кириллович,сержант,5,31
Михайлов Юрий Павлович,рядовой,11,46
Алексеев Михаил Иванович,капитан,10,46
Степанов Андрей Ильич,капитан,2,21
Борисов Кирилл Романович,полковник,8,33
Андреев Олег Юрьевич,сержант,10,35
Кузнецов Денис Максимович,сержант,10,34
Борисов Олег Сергеевич,сержант,8,57
Зайцев Егор Сергеевич,лейтенант,7,56
Макаров Роман Максимович,прапорщик,6,47
Степанов Павел Александрович,капитан,3,36
Николаев Кирилл Сергеевич,майор,5,18
Морозов Алексей Кириллович,прапорщик,4,42
Николаев Юрий Романович,капитан,3,42
Фёдоров Матвей Сергеевич,майор,1,58
Смирнов Андрей Сергеевич,сержант,9,21
Васильев Сергей Максимович,полковник,8,52
Павлов Роман Сергеевич,рядовой,5,53
Козлов Александр Викторович,сержант,10,49
Иванов Константин Дмитриевич,полковник,7,57
Морозов Роман Романович,сержант,9,21
Фёдоров Юрий Юрьевич,лейтенант,8,18
Новиков Матвей Никитич,лейтенант,10,46
Попов Андрей Юрьевич,рядовой,1,38
Михайлов Кирилл Сергеевич,рядовой,2,34
Морозов Константин Сергеевич,рядовой,7,47
Макаров Артём Павлович,майор,11,46
Макаров Максим Андреевич,сержант,7,41
Борисов Денис Романович,лейтенант,6,19
Павлов Степан Дмитриевич,сержант,4,44
Зайцев Андрей Михайлович,прапорщик,7,40
Павлов Юрий Никитич,рядовой,3,50
Никитин Сергей Алексеевич,сержант,2,45
Соколов Михаил Дмитриевич,капитан,10,28
Кочергин Андрей Викторович,майор,10,45
Андреев Евгений Ильич,лейтенант,9,47
Соловьёв Денис Павлович,полковник,9,28
Иванов Дмитрий Павлович,сержант,10,40
Соколов Александр Дмитриевич,рядовой,1,49
Павлов Никита Олегович,сержант,11,58
Новиков Кирилл Кириллович,прапорщик,2,49
Никитин Максим Михайлович,прапорщик,1,23
Кузнецов Иван Дмитриевич,рядовой,7,23
Попов Олег Никитич,сержант,2,21
Морозов Никита Сергеевич,капитан,4,29
Морозов Илья Юрьевич,капитан,10,36
Андреев Иван Никитич,прапорщик,3,41
Смирнов Матвей Юрьевич,лейтенант,2,38
Андреев Роман Максимович,лейтенант,3,45
Алексеев Михаил Сергеевич,майор,10,34
Семёнов Сергей Иванович,майор,1,35
Орлов Кирилл Сергеевич,лейтенант,2,58
Семёнов Максим Александрович,прапорщик,1,30
Соловьёв Денис Иванович,сержант,3,42
Кузнецов Константин Юрьевич,прапорщик,3,43
Алексеев Олег Дмитриевич,полковник,10,47
Соколов Матвей Викторович,капитан,9,24
Иванов Матвей Иванович,майор,3,42
Андреев Роман Александрович,майор,8,25
Яковлев Максим Кириллович,полковник,8,22
Михайлов Виктор Алексеевич,полковник,12,18
Орлов Роман Михайлович,полковник,1,45
Захаров Алексей Андреевич,рядовой,3,36
Макаров Евгений Ильич,майор,1,39
Кочергин Павел Романович,майор,8,43
Яковлев Андрей Максимович,майор,10,39
Морозов Виктор Ильич,рядовой,10,40
Захаров Константин Сергеевич,сержант,5,34
Никитин Артём Олегович,лейтенант,10,38
Соколов Сергей Дмитриевич,майор,12,24
Соловьёв Олег Максимович,сержант,1,51
Михайлов Павел Юрьевич,полковник,3,56
Яковлев Иван Иванович,капитан,8,48
Орлов Евгений Романович,рядовой,8,25
Орлов Матвей Дмитриевич,лейтенант,1,43
Алексеев Алексей Дмитриевич,рядовой,6,60
Степанов Артём Павлович,лейтенант,8,38
Андреев Денис Кириллович,полковник,12,57
Алексеев Никита Кириллович,прапорщик,2,53
Фёдоров Матвей Никитич,лейтенант,7,39
Морозов Никита Иванович,рядовой,5,34
Морозов Матвей Алексеевич,сержант,3,41
Зайцев Дмитрий Андреевич,прапорщик,1,34
Иванов Илья Романович,полковник,10,58
Соловьёв Константин Юрьевич,полковник,11,43
Иванов Илья Олегович,лейтенант,8,36
Фёдоров Дмитрий Романович,рядовой,2,36
Морозов Иван Иванович,рядовой,11,40
Степанов Денис Михайлович,прапорщик,9,38
Соколов Илья Романович,капитан,9,20
Соколов Илья Викторович,прапорщик,6,28
Кузнецов Роман Юрьевич,прапорщик,7,51
Никитин Роман Никитич,капитан,3,33
Николаев Денис Сергеевич,прапорщик,3,23
Лебедев Кирилл Алексеевич,сержант,10,28
Морозов Алексей Иванович,сержант,7,30
Захаров Артём Павлович,лейтенант,3,30
Васильев Павел Никитич,полковник,9,34
Соколов Егор Романович,капитан,7,45
Попов Артём Михайлович,майор,3,22
Зайцев Константин Дмитриевич,рядовой,2,36
Егоров Михаил Павлович,прапорщик,9,51
Николаев Виктор Дмитриевич,полковник,11,38
Андреев Кирилл Сергеевич,сержант,5,50
Иванов Степан Олегович,сержант,8,36
Борисов Иван Романович,рядовой,12,36
Николаев Евгений Романович,сержант,3,58
Николаев Михаил Андреевич,лейтенант,3,49
Михайлов Матвей Викторович,полковник,12,30
Михайлов Евгений Юрьевич,лейтенант,3,51
Орлов Павел Кириллович,прапорщик,6,39
Кузнецов Сергей Никитич,майор,7,59
Попов Виктор Ильич,рядовой,8,26
Кузнецов Никита Дмитриевич,сержант,11,26
Михайлов Илья Дмитриевич,капитан,4,51
Соловьёв Сергей Олегович,прапорщик,12,53
Макаров Павел Романович,лейтенант,10,38
Попов Степан Сергеевич,сержант,3,48
Егоров Иван Иванович,капитан,7,31
Васильев Иван Ильич,прапорщик,12,50
Орлов Артём Ильич,рядовой,3,40
Орлов Роман Михайлович,лейтенант,2,33
Павлов Степан Михайлович,сержант,10,28
Яковлев Егор Павлович,капитан,4,30
Зайцев Александр Максимович,майор,2,21
Захаров Дмитрий Кириллович,майор,2,30
Михайлов Егор Михайлович,сержант,5,53
Лебедев Сергей Юрьевич,сержант,11,47
Попов Максим Юрьевич,рядовой,3,57
Смирнов Олег Алексеевич,лейтенант,6,38
Сидоров Дмитрий Олегович,лейтенант,4,60
Кузнецов Максим Кириллович,майор,6,21
Морозов Виктор Павлович,рядовой,1,47
Петров Артём Ильич,лейтенант,6,51
Николаев Алексей Кириллович,майор,1,43
Новиков Артём Ильич,сержант,9,59
Морозов Денис Александрович,рядовой,6,18
Зайцев Алексей Алексеевич,прапорщик,8,49
Кузнецов Степан Александрович,капитан,3,43
Степанов Константин Олегович,лейтенант,2,27
Новиков Дмитрий Романович,сержант,2,58
Николаев Константин Кириллович,полковник,10,22
Михайлов Денис Алексеевич,капитан,11,48
Петров Андрей Александрович,лейтенант,4,50
Никитин Александр Романович,сержант,7,27
Захаров Юрий Викторович,капитан,12,56
Морозов Сергей Юрьевич,майор,6,24
Сидоров Денис Юрьевич,сержант,9,37
Захаров Павел Александрович,прапорщик,1,20
Семёнов Дмитрий Дмитриевич,майор,12,45
Сидоров Максим Дмитриевич,рядовой,12,50
Васильев Евгений Олегович,капитан,5,51
Новиков Михаил Викторович,лейтенант,8,29
Николаев Степан Викторович,полковник,2,39
Морозов Артём Максимович,полковник,8,40
Лебедев Юрий Олегович,капитан,4,42
Макаров Михаил Кириллович,лейтенант,6,44
Орлов Егор Романович,майор,4,19
Алексеев Роман Олегович,рядовой,6,50
Захаров Степан Максимович,майор,8,33
Васильев Павел Сергеевич,капитан,4,43
Козлов Андрей Кириллович,лейтенант,7,44
Орлов Кирилл Павлович,полковник,2,34
Степанов Дмитрий Иванович,майор,1,40
Петров Артём Иванович,лейтенант,10,50
Захаров Михаил Юрьевич,прапорщик,3,18
Соловьёв Александр Андреевич,рядовой,6,22
Соловьёв Максим Сергеевич,капитан,2,56
Яковлев Степан Юрьевич,полковник,7,20
Фёдоров Илья Михайлович,лейтенант,6,48
Иванов Максим Романович,рядовой,12,53
Яковлев Евгений Романович,прапорщик,3,49
Степанов Алексей Юрьевич,сержант,1,50
Сидоров Роман Александрович,майор,11,51
Лебедев Андрей Ильич,майор,3,56
Зайцев Константин Андреевич,сержант,9,18
Васильев Виктор Дмитриевич,сержант,12,22
Лебедев Матвей Павлович,майор,6,34
Никитин Денис Александрович,сержант,12,31
Степанов Юрий Алексеевич,полковник,4,30
Фёдоров Михаил Алексеевич,майор,10,55
Павлов Никита Сергеевич,прапорщик,3,29
Степанов Андрей Павлович,прапорщик,3,37
Андреев Павел Сергеевич,полковник,9,23
Алексеев Андрей Михайлович,лейтенант,6,56
Николаев Илья Никитич,лейтенант,11,18
Иванов Павел Ильич,майор,6,32
Макаров Артём Кириллович,рядовой,3,33
Андреев Денис Романович,капитан,7,24
Сидоров Дмитрий Юрьевич,лейтенант,9,52
Егоров Кирилл Романович,капитан,5,45
Егоров Константин Александрович,полковник,6,24
Лебедев Денис Михайлович,майор,11,51
Семёнов Степан Сергеевич,капитан,3,29
Попов Павел Юрьевич,рядовой,1,57
Кузнецов Артём Кириллович,полковник,4,51
Семёнов Никита Юрьевич,капитан,6,45
Козлов Степан Ильич,прапорщик,9,49
Козлов Алексей Кириллович,сержант,12,46
Михайлов Никита Максимович,полковник,9,29
Козлов Алексей Юрьевич,сержант,7,57
Кочергин Денис Кириллович,рядовой,12,27
Макаров Константин Дмитриевич,сержант,10,49
Петров Матвей Михайлович,рядовой,6,24
Кузнецов Кирилл Романович,рядовой,12,31
Зайцев Кирилл Алексеевич,лейтенант,2,25
Сидоров Кирилл Михайлович,лейтенант,12,29
Захаров Дмитрий Дмитриевич,сержант,4,50
Морозов Илья Кириллович,полковник,3,59
Зайцев Виктор Максимович,полковник,7,32
Морозов Дмитрий Сергеевич,сержант,9,59
Кузнецов Егор Романович,рядовой,5,52
Соловьёв Кирилл Михайлович,лейтенант,12,58
Козлов Алексей Сергеевич,рядовой,3,24
Никитин Юрий Павлович,капитан,3,43
Новиков Илья Сергеевич,капитан,5,45
Сидоров Виктор Ильич,прапорщик,12,35
Сидоров Сергей Кириллович,майор,5,42
Новиков Матвей Юрьевич,полковник,7,42
Николаев Денис Никитич,прапорщик,8,52
Соколов Андрей Никитич,прапорщик,11,20
Петров Евгений Павлович,рядовой,11,29
Попов Константин Ильич,лейтенант,2,41
Соколов Евгений Сергеевич,полковник,2,31
Никитин Кирилл Михайлович,полковник,1,28
Борисов Михаил Михайлович,прапорщик,9,24
Орлов Кирилл Павлович,рядовой,5,24
Кочергин Кирилл Никитич,лейтенант,10,60
Морозов Константин Викторович,лейтенант,6,29
Орлов Денис Юрьевич,полковник,7,54
Орлов Степан Сергеевич,сержант,12,44
Алексеев Дмитрий Дмитриевич,сержант,3,60
Соловьёв Александр Никитич,прапорщик,6,21
Макаров Егор Максимович,капитан,10,45
Семёнов Дмитрий Александрович,рядовой,5,22
Михайлов Артём Сергеевич,прапорщик,4,34
Петров Сергей Сергеевич,майор,5,19
Соколов Илья Дмитриевич,полковник,3,56
Алексеев Артём Михайлович,полковник,5,39
Макаров Кирилл Романович,прапорщик,11,26
Николаев Олег Алексеевич,сержант,10,46
Козлов Никита Олегович,полковник,5,57
Васильев Степан Кириллович,сержант,5,18
Новиков Иван Романович,сержант,6,56
Лебедев Константин Викторович,полковник,4,52
Макаров Константин Никитич,майор,2,25
Алексеев Денис Дмитриевич,сержант,7,32
Николаев Андрей Алексеевич,полковник,2,22
Кузнецов Дмитрий Дмитриевич,прапорщик,5,55
Зайцев Роман Романович,полковник,4,48
Борисов Павел Викторович,майор,1,18
Егоров Михаил Максимович,рядовой,10,49
Кочергин Денис Андреевич,лейтенант,6,37
Орлов Егор Олегович,прапорщик,9,49
Соколов Алексей Алексеевич,прапорщик,9,30
Никитин Дмитрий Сергеевич,прапорщик,1,28
Иванов Алексей Викторович,майор,2,54
Павлов Олег Иванович,сержант,12,44
Яковлев Михаил Михайлович,лейтенант,6,26
Васильев Степан Юрьевич,рядовой,1,54
Васильев Никита Иванович,рядовой,4,53
Васильев Матвей Александрович,рядовой,5,59
Зайцев Евгений Ильич,сержант,10,58
Макаров Александр Андреевич,сержант,5,22
Иванов Степан Викторович,сержант,3,42
Степанов Иван Юрьевич,капитан,11,54
Макаров Артём Михайлович,майор,8,43
Попов Алексей Никитич,лейтенант,8,49
Семёнов Артём Алексеевич,прапорщик,2,23
Степанов Андрей Дмитриевич,капитан,7,20
Семёнов Матвей Олегович,майор,3,39
Андреев Юрий Андреевич,сержант,4,46
Петров Алексей Михайлович,рядовой,9,20
Морозов Матвей Дмитриевич,рядовой,9,24
Соловьёв Сергей Никитич,полковник,2,36
Фёдоров Кирилл Викторович,полковник,2,59
Яковлев Константин Дмитриевич,майор,10,29
Егоров Дмитрий Сергеевич,капитан,4,44
Новиков Артём Сергеевич,прапорщик,11,38
Новиков Юрий Михайлович,рядовой,2,18
Новиков Никита Никитич,лейтенант,1,22
Сидоров Дмитрий Романович,прапорщик,4,24
Алексеев Юрий Иванович,сержант,12,48
Новиков Илья Викторович,майор,8,23
Морозов Александр Максимович,капитан,8,32
Никитин Денис Кириллович,полковник,8,33
Михайлов Олег Олегович,капитан,10,37
Лебедев Александр Андреевич,лейтенант,8,23
Михайлов Денис Юрьевич,сержант,7,59
Егоров Алексей Максимович,полковник,8,50
Кочергин Михаил Александрович,полковник,4,53
Семёнов Алексей Андреевич,прапорщик,6,35
Попов Олег Андреевич,лейтенант,6,29
Кузнецов Михаил Андреевич,сержант,10,53
Новиков Павел Олегович,лейтенант,8,37
Козлов Иван Никитич,лейтенант,12,34
Никитин Дмитрий Юрьевич,майор,6,23
Кузнецов Андрей Юрьевич,полковник,3,40
Кочергин Александр Никитич,прапорщик,1,53
Орлов Алексей Александрович,майор,6,56
Новиков Алексей Кириллович,прапорщик,3,44
Макаров Егор Александрович,майор,3,59
Кочергин Сергей Кириллович,рядовой,8,30
Попов Матвей Олегович,рядовой,2,57
Семёнов Юрий Дмитриевич,лейтенант,6,22
Соловьёв Никита Иванович,майор,9,40
Лебедев Виктор Юрьевич,майор,6,58
Лебедев Никита Алексеевич,лейтенант,4,41
Соловьёв Виктор Сергеевич,капитан,3,21
Борисов Иван Юрьевич,сержант,6,19
Морозов Алексей Романович,прапорщик,7,22
Степанов Константин Викторович,капитан,1,34
Егоров Максим Максимович,полковник,5,51
Макаров Михаил Юрьевич,рядовой,4,57
Николаев Олег Иванович,прапорщик,12,19
Фёдоров Олег Кириллович,лейтенант,11,36
Михайлов Константин Викторович,полковник,3,57
Иванов Виктор Дмитриевич,рядовой,3,24
Лебедев Павел Викторович,майор,12,25
Морозов Максим Юрьевич,майор,9,48
Васильев Илья Михайлович,сержант,5,47
Степанов Алексей Алексеевич,капитан,1,60
Никитин Иван Викторович,прапорщик,9,56
Соловьёв Михаил Ильич,прапорщик,10,33
Алексеев Егор Юрьевич,прапорщик,9,49
Соколов Степан Максимович,полковник,12,29
Семёнов Максим Олегович,сержант,3,50
Кузнецов Иван Ильич,капитан,7,27
Никитин Кирилл Иванович,капитан,9,28
Алексеев Андрей Кириллович,сержант,4,34
Иванов Артём Максимович,лейтенант,6,42
Семёнов Никита Алексеевич,капитан,3,25
Васильев Евгений Александрович,сержант,8,42
Васильев Михаил Андреевич,лейтенант,9,28
Семёнов Иван Александрович,рядовой,6,55
Борисов Иван Михайлович,прапорщик,6,39
Кочергин Матвей Павлович,прапорщик,12,39
Николаев Юрий Михайлович,лейтенант,2,20
Яковлев Олег Никитич,рядовой,9,44
Кочергин Степан Викторович,капитан,3,56
Козлов Никита Юрьевич,сержант,11,57
Фёдоров Сергей Александрович,лейтенант,3,34
Фёдоров Константин Олегович,капитан,7,18
Морозов Константин Ильич,прапорщик,9,23
Кочергин Сергей Михайлович,майор,8,57
Соловьёв Кирилл Юрьевич,капитан,4,48
Семёнов Виктор Викторович,капитан,1,35
Зайцев Степан Павлович,майор,5,26
Захаров Евгений Максимович,прапорщик,7,45
Михайлов Иван Павлович,прапорщик,11,44
Морозов Степан Андреевич,лейтенант,9,57
Павлов Андрей Павлович,лейтенант,2,48
Кузнецов Павел Сергеевич,сержант,3,36
Сидоров Иван Сергеевич,лейтенант,4,46
Кузнецов Павел Александрович,майор,1,27
Кузнецов Иван Ильич,сержант,3,29
Егоров Артём Олегович,полковник,7,38
Зайцев Павел Алексеевич,лейтенант,10,44
Фёдоров Никита Иванович,майор,1,36
Семёнов Дмитрий Романович,сержант,1,48
Лебедев Павел Сергеевич,капитан,6,18
Николаев Егор Дмитриевич,прапорщик,4,59
Яковлев Егор Олегович,полковник,6,57
Орлов Иван Алексеевич,капитан,8,42
Кузнецов Илья Сергеевич,полковник,12,23
Новиков Роман Никитич,капитан,6,26
Смирнов Егор Ильич,капитан,3,29
Сидоров Павел Максимович,сержант,9,53
Яковлев Роман Романович,лейтенант,11,33
Яковлев Иван Юрьевич,сержант,4,60
Андреев Дмитрий Викторович,капитан,8,45
Михайлов Константин Олегович,майор,4,44
Соколов Иван Дмитриевич,майор,8,46
Орлов Павел Алексеевич,капитан,6,34
Зайцев Евгений Михайлович,прапорщик,8,39
Яковлев Андрей Ильич,прапорщик,12,29
Павлов Денис Ильич,прапорщик,6,26
Сидоров Степан Викторович,майор,10,32
Зайцев Евгений Иванович,лейтенант,10,27
Попов Олег Олегович,майор,8,46
Степанов Михаил Михайлович,прапорщик,3,38
Новиков Матвей Олегович,сержант,1,20
Яковлев Сергей Кириллович,прапорщик,3,43
Зайцев Иван Олегович,полковник,3,18
Лебедев Максим Дмитриевич,полковник,4,40
Соколов Андрей Кириллович,полковник,4,55
Соколов Кирилл Викторович,лейтенант,2,43
Козлов Степан Алексеевич,полковник,3,25
Борисов Дмитрий Никитич,сержант,4,48
Яковлев Денис Олегович,рядовой,6,58
Алексеев Михаил Ильич,капитан,4,49
Попов Матвей Олегович,лейтенант,7,22
Сидоров Максим Олегович,полковник,1,25
Соколов Егор Михайлович,прапорщик,2,36
Соловьёв Александр Ильич,лейтенант,9,36
Лебедев Евгений Юрьевич,прапорщик,4,57
Кузнецов Илья Ильич,лейтенант,5,32
Соколов Артём Александрович,полковник,9,49
Семёнов Кирилл Андреевич,капитан,12,32
Степанов Никита Павлович,капитан,8,18
Петров Юрий Максимович,полковник,9,24
Захаров Дмитрий Андреевич,майор,1,29
Лебедев Александр Максимович,сержант,4,33
Кузнецов Иван Сергеевич,капитан,3,26
Павлов Илья Олегович,лейтенант,8,41
Кочергин Денис Павлович,полковник,11,54
Зайцев Матвей Юрьевич,сержант,1,44
Борисов Роман Ильич,прапорщик,6,18
Кочергин Артём Андреевич,полковник,12,52
Козлов Павел Алексеевич,рядовой,2,47
Лебедев Максим Кириллович,рядовой,3,27
Лебедев Олег Кириллович,майор,10,43
Егоров Денис Ильич,полковник,2,28
Семёнов Кирилл Викторович,майор,2,27
Соловьёв Егор Александрович,капитан,9,60
Макаров Виктор Викторович,сержант,11,50
Соловьёв Егор Михайлович,прапорщик,3,35
Орлов Денис Викторович,полковник,12,36
Морозов Александр Юрьевич,полковник,9,45
Соколов Константин Андреевич,капитан,5,29
Яковлев Егор Олегович,майор,5,54
Семёнов Сергей Ильич,прапорщик,2,22
Новиков Степан Михайлович,майор,7,48
Егоров Михаил Иванович,майор,1,36
Макаров Юрий Павлович,лейтенант,4,54
Васильев Артём Олегович,сержант,12,35
Соколов Роман Юрьевич,лейтенант,5,31
Соловьёв Илья Олегович,капитан,12,39
Николаев Матвей Олегович,капитан,6,35
Яковлев Алексей Михайлович,сержант,11,58
Никитин Степан Олегович,лейтенант,1,44
Соловьёв Алексей Иванович,полковник,10,43
Кочергин Сергей Максимович,рядовой,4,23
Васильев Константин Олегович,прапорщик,10,43
Егоров Кирилл Дмитриевич,полковник,6,30
Никитин Олег Дмитриевич,рядовой,9,40
Зайцев Виктор Андреевич,капитан,2,38
Соколов Егор Никитич,капитан,8,58
Соколов Егор Юрьевич,рядовой,9,34
Васильев Алексей Романович,сержант,9,22
Михайлов Андрей Михайлович,майор,4,51
Андреев Михаил Максимович,сержант,10,52
Николаев Михаил Олегович,сержант,1,23
Козлов Артём Максимович,полковник,10,50
Борисов Илья Андреевич,полковник,7,44
Зайцев Егор Никитич,сержант,10,53
Макаров Степан Дмитриевич,капитан,1,50
Васильев Павел Кириллович,прапорщик,11,41
Морозов Дмитрий Максимович,полковник,9,36
Андреев Иван Александрович,майор,12,21
Яковлев Степан Михайлович,капитан,6,31
Фёдоров Александр Алексеевич,майор,7,51
Иванов Евгений Павлович,прапорщик,4,45
Павлов Павел Михайлович,рядовой,7,55
Орлов Дмитрий Юрьевич,прапорщик,6,52
Степанов Юрий Олегович,майор,1,42
Иванов Юрий Максимович,прапорщик,1,42
Алексеев Артём Никитич,сержант,2,42
Степанов Кирилл Михайлович,сержант,2,38
Лебедев Юрий Дмитриевич,майор,2,31
Яковлев Иван Павлович,прапорщик,3,20
Соловьёв Андрей Викторович,лейтенант,1,46
Макаров Павел Сергеевич,майор,10,45
Кузнецов Александр Викторович,лейтенант,2,56
Морозов Сергей Максимович,капитан,12,57
Павлов Евгений Никитич,рядовой,2,32
Васильев Алексей Алексеевич,майор,12,37
Зайцев Артём Юрьевич,майор,10,51
Николаев Максим Максимович,прапорщик,12,19
Никитин Егор Максимович,полковник,3,21
Орлов Кирилл Иванович,прапорщик,9,60
Кочергин Михаил Юрьевич,рядовой,5,41
Петров Матвей Алексеевич,капитан,7,19
Попов Михаил Иванович,рядовой,7,22
Иванов Юрий Дмитриевич,полковник,7,39
Васильев Алексей Ильич,рядовой,9,53
Смирнов Юрий Михайлович,капитан,10,47
Фёдоров Никита Викторович,рядовой,9,52
Иванов Кирилл Сергеевич,рядовой,8,49
Фёдоров Матвей Павлович,полковник,12,23
Соколов Юрий Андреевич,майор,2,26
Андреев Матвей Никитич,капитан,3,41
Попов Павел Олегович,капитан,4,52
Фёдоров Денис Алексеевич,прапорщик,12,58
Васильев Юрий Сергеевич,полковник,9,53
Иванов Сергей Михайлович,рядовой,2,25
Козлов Павел Александрович,полковник,2,27
Соколов Алексей Олегович,прапорщик,6,53
Яковлев Юрий Никитич,лейтенант,7,39
Орлов Юрий Романович,капитан,3,52
Петров Денис Олегович,майор,5,37
Новиков Дмитрий Александрович,капитан,3,50
Николаев Виктор Викторович,капитан,8,53
Егоров Кирилл Павлович,лейтенант,4,29
Козлов Михаил Павлович,лейтенант,9,29
Смирнов Сергей Олегович,полковник,10,57
Сидоров Андрей Иванович,капитан,10,39
Новиков Никита Викторович,лейтенант,5,52
Новиков Сергей Ильич,прапорщик,2,19
Фёдоров Артём Иванович,лейтенант,6,18
Степанов Павел Сергеевич,прапорщик,8,58
Егоров Андрей Дмитриевич,капитан,7,20
Орлов Кирилл Никитич,майор,6,58
Кочергин Денис Ильич,рядовой,12,50
Алексеев Константин Максимович,лейтенант,11,48
Иванов Павел Викторович,капитан,2,24
Морозов Кирилл Юрьевич,прапорщик,4,30
Андреев Олег Юрьевич,прапорщик,7,41
Андреев Роман Павлович,лейтенант,12,29
Захаров Сергей Михайлович,сержант,8,58
Васильев Алексей Романович,майор,5,32
Никитин Сергей Павлович,лейтенант,12,35
Михайлов Олег Ильич,сержант,2,41
Макаров Евгений Дмитриевич,прапорщик,5,23
Андреев Максим Олегович,лейтенант,12,57
Никитин Дмитрий Михайлович,прапорщик,1,30
Борисов Егор Ильич,лейтенант,11,26
Николаев Матвей Андреевич,лейтенант,2,23
Семёнов Алексей Кириллович,полковник,8,54
Егоров Егор Викторович,полковник,3,43
Борисов Максим Александрович,сержант,2,40
Алексеев Олег Иванович,рядовой,9,36
Семёнов Роман Александрович,прапорщик,9,31
Яковлев Юрий Дмитриевич,лейтенант,11,51
Михайлов Иван Романович,лейтенант,7,39
Морозов Матвей Романович,полковник,10,22
Козлов Андрей Александрович,капитан,10,36
Макаров Алексей Викторович,полковник,12,56
Зайцев Роман Сергеевич,лейтенант,9,41
Алексеев Андрей Максимович,лейтенант,3,48
Соловьёв Константин Алексеевич,капитан,12,34
Смирнов Никита Ильич,полковник,2,23
Иванов Михаил Ильич,полковник,12,53
Сидоров Дмитрий Олегович,майор,1,53
Фёдоров Егор Михайлович,рядовой,5,42
Михайлов Никита Михайлович,сержант,3,23
Павлов Олег Олегович,полковник,5,23
Макаров Матвей Александрович,сержант,9,25
Новиков Иван Ильич,прапорщик,3,32
Кочергин Олег Никитич,сержант,2,51
Соловьёв Евгений Александрович,полковник,12,21
Кузнецов Юрий Кириллович,сержант,9,44
Макаров Иван Максимович,сержант,10,55
Новиков Максим Павлович,майор,7,56
Павлов Алексей Иванович,прапорщик,4,54
Кочергин Иван Алексеевич,лейтенант,12,25
Яковлев Павел Дмитриевич,прапорщик,8,57
Васильев Юрий Александрович,рядовой,10,22
Николаев Олег Алексеевич,лейтенант,6,48
Яковлев Константин Романович,капитан,4,21
Васильев Андрей Дмитриевич,капитан,10,49
Макаров Иван Алексеевич,майор,12,18
Соловьёв Денис Иванович,прапорщик,1,36
Фёдоров Михаил Викторович,сержант,7,33
Васильев Сергей Ильич,капитан,6,20
Кузнецов Сергей Кириллович,рядовой,10,37
Яковлев Денис Павлович,рядовой,3,43
Егоров Андрей Викторович,лейтенант,5,34
Кочергин Павел Павлович,майор,3,44
Андреев Егор Сергеевич,лейтенант,2,49
Захаров Павел Иванович,рядовой,7,25
Кочергин Максим Олегович,майор,10,48
Орлов Егор Романович,майор,3,60
Орлов Олег Ильич,рядовой,9,36
Зайцев Дмитрий Ильич,майор,11,22
Петров Степан Кириллович,полковник,12,48
Козлов Степан Романович,майор,6,55
Петров Михаил Дмитриевич,майор,9,26
Яковлев Дмитрий Сергеевич,лейтенант,10,45
Степанов Евгений Иванович,капитан,9,31
Павлов Кирилл Никитич,полковник,4,54
Иванов Егор Кириллович,полковник,7,47
Васильев Роман Никитич,полковник,5,38
Зайцев Степан Сергеевич,полковник,4,22
Захаров Никита Иванович,рядовой,6,35
Захаров Виктор Олегович,сержант,6,22
Кочергин Михаил Ильич,сержант,9,44
Кузнецов Виктор Кириллович,капитан,9,44
Лебедев Илья Максимович,прапорщик,12,54
Макаров Степан Александрович,капитан,2,43
Андреев Иван Романович,капитан,2,18
Семёнов Андрей Дмитриевич,капитан,7,27
Новиков Виктор Алексеевич,сержант,1,60
Лебедев Виктор Никитич,сержант,10,27
Николаев Константин Павлович,рядовой,11,42
Степанов Иван Иванович,капитан,2,24
Егоров Степан Дмитриевич,сержант,6,22
Зайцев Степан Михайлович,прапорщик,8,52
Петров Сергей Ильич,капитан,4,27
Алексеев Андрей Андреевич,лейтенант,3,35
Попов Иван Кириллович,рядовой,10,27
Петров Александр Максимович,прапорщик,1,36
Никитин Матвей Никитич,сержант,12,53
Никитин Виктор Сергеевич,рядовой,3,26
Соколов Юрий Иванович,лейтенант,4,22
Фёдоров Степан Никитич,полковник,7,28
Кузнецов Юрий Михайлович,сержант,11,54
Егоров Артём Сергеевич,сержант,5,21
Попов Иван Иванович,майор,4,46
Михайлов Степан Павлович,рядовой,11,41
Захаров Роман Никитич,лейтенант,11,54
Иванов Сергей Иванович,лейтенант,11,32
Михайлов Константин Александрович,капитан,3,60
Борисов Андрей Романович,рядовой,5,60
Кочергин Павел Алексеевич,капитан,2,30
Павлов Иван Александрович,лейтенант,7,26
Новиков Степан Алексеевич,майор,5,31
Новиков Артём Никитич,капитан,7,36
Иванов Артём Ильич,полковник,7,50
Зайцев Сергей Викторович,лейтенант,7,53
Новиков Сергей Александрович,майор,10,42
Новиков Олег Андреевич,капитан,11,25
Кочергин Юрий Викторович,лейтенант,11,56
Зайцев Виктор Михайлович,сержант,12,52
Семёнов Андрей Максимович,сержант,5,40
Новиков Павел Дмитриевич,майор,9,30
Соколов Степан Дмитриевич,рядовой,6,41
Павлов Матвей Ильич,прапорщик,5,19
Лебедев Дмитрий Сергеевич,майор,9,29
Смирнов Андрей Иванович,майор,5,46
Орлов Юрий Михайлович,прапорщик,2,37
Андреев Артём Викторович,прапорщик,4,29
Орлов Никита Сергеевич,сержант,2,38
Алексеев Кирилл Ильич,сержант,6,40
Семёнов Михаил Александрович,сержант,3,19
Кузнецов Андрей Романович,прапорщик,11,56
Кузнецов Виктор Сергеевич,полковник,6,31
Сидоров Никита Ильич,сержант,8,40
Борисов Андрей Алексеевич,капитан,11,57
Кузнецов Роман Викторович,сержант,5,50
Николаев Иван Романович,майор,10,32
Иванов Алексей Павлович,рядовой,11,24
Борисов Кирилл Никитич,майор,10,35
Макаров Матвей Сергеевич,капитан,6,21
Михайлов Андрей Сергеевич,капитан,7,31
Соловьёв Степан Александрович,прапорщик,8,51
Степанов Виктор Иванович,лейтенант,10,22
Лебедев Евгений Викторович,лейтенант,2,34
Никитин Денис Ильич,полковник,8,36
Никитин Егор Иванович,полковник,9,38
Сидоров Юрий Алексеевич,капитан,6,54
Кузнецов Артём Алексеевич,сержант,4,24
Смирнов Юрий Романович,полковник,4,46
Егоров Артём Кириллович,полковник,10,60
Смирнов Константин Иванович,рядовой,2,31
Попов Олег Андреевич,лейтенант,3,47
Лебедев Андрей Ильич,лейтенант,6,37
Петров Сергей Иванович,майор,7,57
Степанов Роман Михайлович,лейтенант,5,26
Морозов Александр Ильич,майор,9,26
Николаев Илья Алексеевич,полковник,5,30
Кочергин Егор Никитич,лейтенант,3,60
Егоров Роман Михайлович,рядовой,5,54
Новиков Роман Викторович,майор,11,27
Семёнов Кирилл Ильич,капитан,11,27
Сидоров Роман Александрович,прапорщик,5,22
Фёдоров Никита Кириллович,майор,5,42
Сидоров Степан Олегович,полковник,6,25
Зайцев Олег Кириллович,капитан,9,48
Захаров Сергей Ильич,капитан,2,53
Макаров Максим Максимович,майор,9,25
Попов Артём Ильич,сержант,1,37
Макаров Андрей Ильич,полковник,3,44
Иванов Дмитрий Иванович,капитан,8,20
Фёдоров Александр Андреевич,рядовой,7,37
Павлов Евгений Викторович,лейтенант,6,22
Егоров Денис Дмитриевич,майор,12,44
Зайцев Степан Кириллович,сержант,5,19
Орлов Александр Павлович,прапорщик,1,57
Николаев Кирилл Максимович,сержант,5,50
Кузнецов Евгений Павлович,полковник,4,20
Фёдоров Егор Сергеевич,рядовой,3,56
Кузнецов Иван Алексеевич,лейтенант,9,57
Михайлов Александр Юрьевич,полковник,1,38
Орлов Юрий Ильич,майор,3,23
Яковлев Юрий Дмитриевич,полковник,7,35
Никитин Степан Дмитриевич,сержант,4,42
Яковлев Дмитрий Павлович,майор,11,43
Яковлев Юрий Михайлович,рядовой,8,43
Соловьёв Константин Александрович,капитан,3,51
Захаров Илья Иванович,лейтенант,2,23
Борисов Павел Михайлович,капитан,4,22
Михайлов Михаил Максимович,сержант,3,23
Орлов Степан Сергеевич,сержант,7,46
Борисов Денис Михайлович,сержант,8,38
Кочергин Егор Павлович,рядовой,5,45
Семёнов Андрей Олегович,рядовой,7,46
Смирнов Никита Максимович,сержант,6,18
Семёнов Кирилл Ильич,капитан,10,19
Захаров Павел Иванович,капитан,6,60
Иванов Константин Дмитриевич,капитан,2,56
Степанов Никита Юрьевич,полковник,7,42
Николаев Александр Кириллович,сержант,1,25
Попов Роман Александрович,полковник,8,38
Андреев Кирилл Сергеевич,майор,7,32
Борисов Михаил Кириллович,рядовой,8,46
Петров Юрий Максимович,прапорщик,9,49
Морозов Артём Кириллович,прапорщик,6,34
Смирнов Александр Романович,рядовой,5,60
Андреев Степан Павлович,полковник,7,29
Кочергин Сергей Алексеевич,сержант,4,36
Михайлов Степан Михайлович,лейтенант,5,26
Васильев Денис Юрьевич,прапорщик,5,50
Козлов Денис Андреевич,полковник,12,25
Борисов Денис Никитич,прапорщик,2,51
Кузнецов Роман Кириллович,рядовой,1,46
Макаров Виктор Дмитриевич,сержант,3,53
Морозов Матвей Ильич,сержант,10,54
Кузнецов Кирилл Александрович,прапорщик,2,51
Иванов Степан Ильич,полковник,6,26
Попов Кирилл Михайлович,лейтенант,10,54
Соколов Михаил Викторович,прапорщик,1,44
Захаров Денис Викторович,прапорщик,4,56
Яковлев Юрий Никитич,майор,8,50
Соловьёв Егор Андреевич,лейтенант,2,21
Сидоров Сергей Иванович,капитан,11,37
Никитин Алексей Кириллович,полковник,7,50
Степанов Роман Ильич,майор,1,31
Лебедев Илья Олегович,рядовой,1,37
Борисов Дмитрий Ильич,майор,7,45
Лебедев Денис Юрьевич,прапорщик,3,21
Николаев Иван Сергеевич,капитан,1,59
Фёдоров Иван Романович,полковник,2,51
Андреев Юрий Юрьевич,лейтенант,6,53
Макаров Алексей Павлович,лейтенант,4,45
Степанов Евгений Викторович,лейтенант,9,58
Семёнов Александр Кириллович,полковник,4,58
Алексеев Павел Иванович,капитан,7,22
Фёдоров Максим Павлович,лейтенант,1,48
Макаров Иван Юрьевич,капитан,3,42
Иванов Алексей Юрьевич,рядовой,5,46
Кузнецов Роман Романович,прапорщик,7,22
Егоров Юрий Иванович,капитан,1,28
Иванов Егор Алексеевич,прапорщик,2,46
Яковлев Кирилл Андреевич,майор,11,31
Михайлов Роман Александрович,капитан,12,27
Морозов Алексей Александрович,капитан,12,55
Зайцев Иван Романович,сержант,10,59
Иванов Егор Олегович,капитан,10,57
Егоров Дмитрий Викторович,полковник,1,58
Захаров Роман Алексеевич,майор,2,34
Яковлев Олег Ильич,капитан,12,54
Козлов Сергей Андреевич,майор,9,32
Егоров Алексей Сергеевич,полковник,1,39
Лебедев Александр Иванович,полковник,10,18
Соловьёв Артём Кириллович,рядовой,4,35
Соколов Матвей Михайлович,майор,12,21
Захаров Константин Сергеевич,майор,11,47
Васильев Кирилл Павлович,прапорщик,6,44
Кузнецов Дмитрий Андреевич,сержант,6,41
Степанов Павел Кириллович,майор,12,58
Борисов Александр Кириллович,полковник,12,30
Иванов Константин Александрович,прапорщик,5,54
Фёдоров Артём Алексеевич,капитан,4,23
Сидоров Денис Дмитриевич,рядовой,1,58
Николаев Павел Михайлович,рядовой,9,48
Морозов Андрей Викторович,лейтенант,3,39
Васильев Олег Михайлович,сержант,12,29
Морозов Роман Романович,полковник,5,46
Борисов Максим Михайлович,капитан,3,41
Макаров Виктор Алексеевич,майор,12,60
Степанов Константин Михайлович,капитан,1,39
Николаев Никита Юрьевич,лейтенант,10,48
Семёнов Егор Михайлович,майор,10,35
Захаров Денис Алексеевич,сержант,10,35
Сидоров Виктор Михайлович,полковник,2,43
Кочергин Кирилл Дмитриевич,рядовой,2,29
Козлов Павел Максимович,капитан,2,19
Егоров Павел Дмитриевич,полковник,12,26
Николаев Сергей Александрович,майор,3,39
Зайцев Дмитрий Дмитриевич,рядовой,10,25
Захаров Алексей Ильич,капитан,6,22
Захаров Юрий Юрьевич,рядовой,7,47
Алексеев Матвей Андреевич,полковник,10,27
Семёнов Михаил Викторович,капитан,12,35
Макаров Илья Олегович,майор,3,32
Андреев Сергей Алексеевич,майор,10,49
Иванов Матвей Романович,майор,6,51
Попов Павел Максимович,майор,8,35
Борисов Виктор Дмитриевич,майор,2,51
Васильев Алексей Иванович,лейтенант,6,23
Яковлев Денис Дмитриевич,капитан,9,47
Макаров Никита Павлович,прапорщик,5,52
Новиков Андрей Дмитриевич,майор,11,35
Яковлев Евгений Кириллович,сержант,11,20
Соловьёв Степан Дмитриевич,полковник,10,43
Николаев Роман Александрович,полковник,10,19
Козлов Алексей Никитич,майор,2,59
Степанов Иван Кириллович,капитан,1,22
Борисов Иван Викторович,капитан,8,43
Соловьёв Илья Викторович,прапорщик,7,33
Васильев Матвей Никитич,прапорщик,5,21
Степанов Роман Михайлович,прапорщик,5,52
Васильев Виктор Сергеевич,рядовой,2,43
Андреев Роман Алексеевич,лейтенант,3,57
Новиков Максим Алексеевич,лейтенант,2,27
Попов Роман Иванович,майор,4,36
Петров Никита Кириллович,прапорщик,8,23
Лебедев Александр Юрьевич,капитан,10,33
Михайлов Артём Иванович,рядовой,12,49
Семёнов Степан Никитич,прапорщик,11,23
Морозов Роман Никитич,прапорщик,6,53
Кочергин Никита Андреевич,капитан,1,42
Смирнов Артём Максимович,рядовой,11,28
Семёнов Павел Сергеевич,капитан,8,28
Попов Денис Михайлович,сержант,1,54
Орлов Евгений Андреевич,прапорщик,11,28
Соловьёв Денис Сергеевич,сержант,5,31
Васильев Степан Сергеевич,лейтенант,10,37
Андреев Артём Сергеевич,лейтенант,1,42
Смирнов Александр Максимович,рядовой,1,42
Андреев Алексей Романович,прапорщик,10,50
Михайлов Олег Иванович,прапорщик,8,41
Петров Роман Викторович,майор,8,58
Петров Артём Андреевич,полковник,8,43
Морозов Константин Викторович,майор,4,54
Петров Денис Сергеевич,прапорщик,5,31
Сидоров Денис Никитич,прапорщик,12,47
Соколов Матвей Андреевич,рядовой,6,46
Новиков Константин Никитич,полковник,5,38
Степанов Андрей Сергеевич,лейтенант,8,18
Павлов Егор Ильич,майор,9,34
Кузнецов Артём Дмитриевич,лейтенант,4,20
Андреев Сергей Павлович,сержант,5,22
Зайцев Александр Никитич,майор,8,46
Степанов Виктор Никитич,лейтенант,10,39
Николаев Роман Кириллович,полковник,3,26
Лебедев Артём Кириллович,полковник,6,50
Васильев Иван Михайлович,рядовой,9,36
Яковлев Илья Ильич,лейтенант,12,28
Васильев Андрей Александрович,рядовой,3,47
Кочергин Константин Ильич,рядовой,12,50
Семёнов Виктор Дмитриевич,полковник,9,52
Борисов Юрий Андреевич,лейтенант,3,33
Зайцев Дмитрий Максимович,полковник,2,23
Егоров Максим Михайлович,прапорщик,1,58
Петров Денис Иванович,майор,11,29
Новиков Алексей Викторович,рядовой,11,34
Лебедев Павел Викторович,сержант,6,38
Сидоров Матвей Иванович,прапорщик,8,26
Соколов Дмитрий Иванович,рядовой,6,29
Васильев Никита Максимович,майор,6,52
Яковлев Александр Никитич,лейтенант,10,24
Соловьёв Иван Алексеевич,сержант,10,34
Семёнов Егор Сергеевич,рядовой,7,59
Захаров Сергей Иванович,лейтенант,9,52
Соловьёв Матвей Кириллович,сержант,3,60
Орлов Евгений Александрович,сержант,4,51
Николаев Егор Иванович,лейтенант,8,23
Фёдоров Иван Алексеевич,прапорщик,4,35
Лебедев Евгений Романович,полковник,3,50
Алексеев Егор Павлович,сержант,10,31
Лебедев Сергей Иванович,рядовой,4,52
Лебедев Денис Иванович,майор,4,26
Козлов Степан Олегович,рядовой,11,27
Козлов Евгений Никитич,прапорщик,5,55
Яковлев Алексей Юрьевич,прапорщик,8,47
Яковлев Денис Юрьевич,полковник,8,33
Соловьёв Евгений Павлович,полковник,5,20
Козлов Степан Олегович,капитан,2,43
Алексеев Алексей Юрьевич,рядовой,12,42
Егоров Юрий Павлович,рядовой,11,38
Петров Иван Викторович,полковник,9,52
Михайлов Сергей Алексеевич,полковник,1,28
Новиков Илья Иванович,рядовой,9,57
Яковлев Андрей Ильич,рядовой,8,41
Никитин Никита Андреевич,прапорщик,10,56
Лебедев Матвей Алексеевич,майор,10,36
Козлов Александр Андреевич,лейтенант,5,39
Павлов Андрей Александрович,полковник,12,39
Андреев Иван Иванович,лейтенант,1,42
Михайлов Андрей Павлович,лейтенант,9,39
Степанов Евгений Кириллович,капитан,6,49
Егоров Максим Юрьевич,лейтенант,8,49
Петров Виктор Иванович,рядовой,7,30
Соловьёв Роман Павлович,прапорщик,2,25
Попов Матвей Юрьевич,капитан,2,46
Захаров Константин Сергеевич,лейтенант,8,21
Семёнов Юрий Андреевич,прапорщик,8,33
Козлов Павел Андреевич,полковник,8,23
Захаров Дмитрий Михайлович,лейтенант,6,51
Семёнов Никита Александрович,полковник,3,55
Яковлев Денис Никитич,лейтенант,9,57
Новиков Артём Иванович,майор,8,31
Козлов Павел Викторович,майор,10,31
Орлов Павел Викторович,капитан,4,55
Фёдоров Александр Романович,сержант,12,36
Захаров Никита Сергеевич,рядовой,10,38
Михайлов Дмитрий Юрьевич,лейтенант,2,31
Кузнецов Виктор Павлович,майор,5,41
Фёдоров Иван Михайлович,прапорщик,9,43
Морозов Олег Ильич,майор,1,27
Лебедев Виктор Максимович,полковник,12,52
Борисов Юрий Дмитриевич,сержант,8,46
Никитин Юрий Юрьевич,лейтенант,4,43
Васильев Матвей Алексеевич,майор,8,49
Кузнецов Олег Сергеевич,капитан,6,18
Захаров Андрей Максимович,полковник,6,38
Иванов Денис Максимович,капитан,5,33
Соколов Артём Олегович,полковник,7,22
Зайцев Сергей Никитич,рядовой,2,44
Васильев Андрей Викторович,прапорщик,3,27
Новиков Андрей Дмитриевич,прапорщик,9,53
Андреев Андрей Александрович,сержант,6,54
Павлов Сергей Юрьевич,лейтенант,4,26
Борисов Олег Ильич,капитан,3,30
Сидоров Олег Дмитриевич,полковник,10,22
Кузнецов Илья Андреевич,прапорщик,4,54
Кузнецов Роман Андреевич,лейтенант,5,54
Иванов Андрей Ильич,прапорщик,8,21
Николаев Иван Иванович,капитан,1,48
Никитин Константин Павлович,майор,6,38
Соколов Артём Михайлович,капитан,9,22
Лебедев Максим Максимович,сержант,4,19
Алексеев Андрей Иванович,прапорщик,8,42
Смирнов Андрей Олегович,прапорщик,12,57
Никитин Артём Олегович,лейтенант,12,22
Орлов Виктор Олегович,полковник,2,57
Смирнов Андрей Олегович,лейтенант,11,60
Соколов Степан Максимович,майор,1,55
Егоров Максим Алексеевич,сержант,9,32
Николаев Евгений Максимович,прапорщик,1,50
Борисов Алексей Александрович,капитан,8,29
Козлов Дмитрий Иванович,майор,10,54
Макаров Денис Павлович,майор,2,28
Семёнов Алексей Максимович,сержант,4,24
Степанов Егор Олегович,сержант,12,25
Соколов Роман Ильич,прапорщик,2,30
Иванов Константин Олегович,полковник,2,26
Семёнов Павел Никитич,сержант,5,46
Васильев Роман Юрьевич,сержант,5,50
Петров Константин Юрьевич,прапорщик,11,34
Макаров Артём Юрьевич,лейтенант,5,39
Яковлев Андрей Андреевич,прапорщик,10,31
Алексеев Алексей Сергеевич,сержант,11,49
Смирнов Дмитрий Дмитриевич,майор,4,51
Михайлов Юрий Александрович,лейтенант,5,21
Кузнецов Никита Дмитриевич,майор,7,50
Степанов Дмитрий Олегович,майор,5,21
Михайлов Дмитрий Андреевич,капитан,2,45
Козлов Михаил Михайлович,полковник,3,21
Иванов Юрий Андреевич,майор,4,58
Михайлов Олег Ильич,прапорщик,2,29
Васильев Максим Никитич,рядовой,9,43
Борисов Матвей Максимович,капитан,12,48
Петров Максим Иванович,лейтенант,11,57
Кочергин Никита Алексеевич,сержант,12,53
Кузнецов Артём Викторович,сержант,5,54
Егоров Артём Андреевич,лейтенант,5,42
Морозов Павел Алексеевич,лейтенант,2,28
Кочергин Виктор Александрович,полковник,3,29
Борисов Алексей Александрович,рядовой,9,57
Степанов Павел Никитич,прапорщик,8,59
Смирнов Максим Ильич,майор,5,47
Фёдоров Илья Романович,майор,8,57
Смирнов Константин Михайлович,сержант,10,50
Андреев Юрий Ильич,майор,8,36
Смирнов Егор Никитич,майор,2,43
Новиков Виктор Олегович,прапорщик,11,49
Николаев Константин Александрович,прапорщик,2,29
Яковлев Денис Юрьевич,сержант,10,32
Михайлов Михаил Кириллович,майор,12,39
Сидоров Сергей Ильич,сержант,6,55
Фёдоров Сергей Павлович,капитан,4,55
Новиков Дмитрий Ильич,рядовой,4,31
Попов Евгений Никитич,рядовой,4,42
Никитин Дмитрий Дмитриевич,прапорщик,11,19
Степанов Денис Романович,майор,5,24
Орлов Иван Михайлович,рядовой,7,50
Егоров Матвей Максимович,прапорщик,12,57
Васильев Алексей Михайлович,лейтенант,12,46
Павлов Алексей Сергеевич,полковник,10,47
Захаров Илья Юрьевич,полковник,8,36
Орлов Алексей Олегович,сержант,10,57
Борисов Сергей Михайлович,полковник,3,56
Петров Степан Никитич,лейтенант,2,22
Николаев Сергей Иванович,рядовой,11,32
Новиков Павел Олегович,сержант,7,59
Лебедев Юрий Дмитриевич,рядовой,6,47
Зайцев Илья Романович,сержант,7,56
Борисов Роман Викторович,рядовой,6,43
Николаев Виктор Юрьевич,рядовой,12,40
Козлов Матвей Максимович,полковник,3,36
Степанов Сергей Ильич,прапорщик,3,26
Михайлов Юрий Александрович,полковник,2,60
Фёдоров Никита Андреевич,сержант,8,20
Лебедев Виктор Максимович,полковник,11,43
Кузнецов Алексей Максимович,капитан,11,38
Егоров Кирилл Павлович,прапорщик,2,52
Морозов Олег Никитич,капитан,5,47
Егоров Степан Романович,майор,11,38
Фёдоров Виктор Юрьевич,лейтенант,5,34
Сидоров Олег Иванович,лейтенант,2,60
Никитин Павел Алексеевич,сержант,9,37
Никитин Сергей Алексеевич,сержант,11,26
Егоров Никита Ильич,сержант,2,54
Борисов Матвей Юрьевич,прапорщик,2,55
Васильев Павел Никитич,капитан,7,57
Зайцев Константин Михайлович,майор,3,29
Козлов Артём Дмитриевич,прапорщик,12,25
Васильев Алексей Никитич,сержант,12,22
Борисов Егор Сергеевич,капитан,6,59
Алексеев Иван Олегович,полковник,4,40
Васильев Андрей Романович,рядовой,11,27
Яковлев Евгений Максимович,майор,4,43
Алексеев Александр Олегович,капитан,5,23
Петров Юрий Сергеевич,майор,3,43
Козлов Степан Никитич,полковник,3,33
Васильев Максим Алексеевич,сержант,12,35
Петров Константин Иванович,рядовой,9,24
Захаров Константин Михайлович,майор,4,28
Соловьёв Артём Андреевич,рядовой,10,18
Андреев Матвей Юрьевич,прапорщик,5,38
Егоров Евгений Сергеевич,полковник,1,20
Орлов Денис Дмитриевич,лейтенант,9,33
Морозов Константин Олегович,прапорщик,8,47
Зайцев Дмитрий Михайлович,прапорщик,5,32
Михайлов Кирилл Иванович,сержант,3,57
Лебедев Сергей Сергеевич,майор,6,55
Никитин Михаил Андреевич,капитан,5,19
Соловьёв Никита Ильич,рядовой,10,40
Петров Илья Никитич,сержант,11,50
Петров Кирилл Кириллович,лейтенант,1,54
Лебедев Сергей Дмитриевич,рядовой,12,48
Степанов Олег Викторович,прапорщик,7,58
Иванов Роман Олегович,майор,4,52
Новиков Артём Андреевич,прапорщик,7,24
Петров Егор Андреевич,сержант,5,42
Макаров Виктор Олегович,прапорщик,5,22
Семёнов Егор Викторович,капитан,1,56
Смирнов Евгений Никитич,полковник,4,20
Иванов Павел Павлович,рядовой,12,35
Алексеев Виктор Алексеевич,рядовой,4,29
Соловьёв Евгений Никитич,прапорщик,8,49
Петров Степан Дмитриевич,сержант,4,56
Смирнов Роман Михайлович,майор,2,26
Фёдоров Сергей Викторович,полковник,10,53
Егоров Максим Александрович,майор,12,45
Кочергин Олег Павлович,рядовой,3,39
Соловьёв Константин Ильич,сержант,1,21
Лебедев Иван Максимович,майор,2,56
Захаров Алексей Павлович,прапорщик,11,45
Борисов Степан Никитич,рядовой,4,55
Попов Никита Кириллович,полковник,11,59
Новиков Александр Сергеевич,капитан,1,58
Соловьёв Илья Михайлович,прапорщик,12,44
Зайцев Иван Олегович,рядовой,3,51
Кузнецов Кирилл Ильич,лейтенант,10,60
Васильев Сергей Ильич,лейтенант,5,54
Соколов Иван Максимович,рядовой,6,26
Морозов Михаил Кириллович,сержант,3,22
Алексеев Михаил Юрьевич,прапорщик,8,43
Николаев Дмитрий Ильич,майор,1,28
Степанов Евгений Викторович,прапорщик,8,31
Кузнецов Кирилл Андреевич,майор,11,35
Николаев Константин Иванович,рядовой,7,47
Андреев Матвей Романович,полковник,2,25
Козлов Максим Викторович,капитан,2,53
Сидоров Кирилл Максимович,сержант,6,34
Захаров Дмитрий Юрьевич,капитан,11,58
Сидоров Кирилл Алексеевич,прапорщик,12,40
Егоров Олег Никитич,капитан,1,51
Зайцев Виктор Андреевич,рядовой,3,38
Попов Алексей Максимович,сержант,10,45
Морозов Павел Кириллович,сержант,10,44
Козлов Артём Иванович,майор,12,40
Попов Павел Ильич,полковник,5,28
Семёнов Михаил Дмитриевич,майор,2,54
Михайлов Алексей Александрович,сержант,3,42
Морозов Егор Ильич,капитан,12,39
Кочергин Михаил Дмитриевич,капитан,10,22
Борисов Артём Павлович,майор,5,29
Макаров Егор Викторович,полковник,6,58
Новиков Александр Михайлович,лейтенант,7,27
Сидоров Павел Александрович,полковник,12,39
Павлов Андрей Максимович,майор,12,29
Павлов Константин Олегович,полковник,10,20
Зайцев Виктор Александрович,полковник,5,25
Николаев Виктор Алексеевич,лейтенант,7,26
Егоров Кирилл Ильич,лейтенант,11,46
Макаров Егор Максимович,полковник,11,33
Семёнов Сергей Максимович,капитан,4,49
Петров Роман Максимович,майор,2,30
Новиков Сергей Максимович,сержант,12,28
Новиков Олег Александрович,полковник,7,35
Андреев Юрий Никитич,полковник,11,39
Соколов Илья Павлович,полковник,4,48
Николаев Роман Андреевич,рядовой,1,46
Иванов Юрий Юрьевич,сержант,10,45
Андреев Дмитрий Никитич,майор,7,29
Кузнецов Илья Кириллович,лейтенант,7,38
Семёнов Михаил Никитич,прапорщик,10,29
Павлов Олег Александрович,полковник,6,57
Орлов Павел Михайлович,прапорщик,2,37
Орлов Никита Александрович,сержант,5,45
Семёнов Алексей Никитич,полковник,12,60
Соколов Андрей Алексеевич,капитан,4,49
Макаров Артём Сергеевич,сержант,7,26
Козлов Сергей Иванович,рядовой,1,39
Борисов Илья Ильич,полковник,9,39
Попов Максим Викторович,лейтенант,12,37
Кочергин Евгений Иванович,майор,12,47
Макаров Степан Ильич,рядовой,7,30
Фёдоров Максим Юрьевич,рядовой,5,36
Михайлов Иван Иванович,лейтенант,9,22
Семёнов Алексей Викторович,полковник,12,20
Смирнов Михаил Романович,майор,1,23
Егоров Денис Павлович,лейтенант,3,47
Сидоров Сергей Романович,полковник,6,53
Сидоров Виктор Сергеевич,сержант,4,56
Борисов Егор Олегович,рядовой,10,23
Фёдоров Иван Сергеевич,прапорщик,10,55
Васильев Андрей Юрьевич,полковник,6,19
Андреев Павел Александрович,майор,10,26
Козлов Михаил Кириллович,лейтенант,10,35
Смирнов Евгений Олегович,сержант,1,49
Захаров Артём Дмитриевич,рядовой,4,39
Никитин Илья Алексеевич,лейтенант,12,36
Алексеев Андрей Андреевич,прапорщик,10,53
Лебедев Илья Андреевич,сержант,10,48
Никитин Александр Олегович,полковник,11,43
Иванов Артём Романович,полковник,10,60
Степанов Виктор Романович,капитан,11,18
Лебедев Виктор Александрович,капитан,12,29
Павлов Степан Олегович,лейтенант,8,18
Андреев Кирилл Юрьевич,майор,1,30
Васильев Денис Алексеевич,лейтенант,8,37
Захаров Артём Сергеевич,рядовой,10,41
Соколов Юрий Андреевич,капитан,5,56
Новиков Олег Андреевич,рядовой,4,22
Борисов Никита Андреевич,капитан,10,46
Захаров Егор Олегович,лейтенант,5,53
Иванов Никита Иванович,капитан,10,33
Орлов Евгений Александрович,капитан,1,33
Фёдоров Егор Михайлович,полковник,9,30
Кузнецов Евгений Максимович,рядовой,6,43
Сидоров Иван Дмитриевич,сержант,10,22
Степанов Илья Сергеевич,майор,2,51
Семёнов Кирилл Викторович,полковник,6,55
Михайлов Матвей Максимович,майор,7,24
Борисов Александр Дмитриевич,лейтенант,5,38
Семёнов Кирилл Павлович,прапорщик,8,38
Соколов Алексей Михайлович,полковник,7,38
Новиков Кирилл Андреевич,сержант,2,38
Никитин Денис Олегович,прапорщик,6,52
Фёдоров Илья Кириллович,рядовой,12,32
Никитин Юрий Максимович,лейтенант,9,43
Андреев Дмитрий Сергеевич,лейтенант,7,55
Петров Константин Михайлович,лейтенант,8,44
Николаев Алексей Иванович,майор,7,26
Егоров Алексей Сергеевич,прапорщик,8,38
Иванов Роман Юрьевич,рядовой,7,20
Попов Андрей Михайлович,капитан,4,39
Орлов Артём Олегович,сержант,12,39
Макаров Александр Кириллович,лейтенант,7,33
Николаев Михаил Иванович,майор,3,27
Кочергин Роман Кириллович,прапорщик,1,49
Николаев Илья Алексеевич,сержант,4,47
Попов Иван Иванович,полковник,1,29
Андреев Денис Юрьевич,майор,9,22
Васильев Максим Михайлович,прапорщик,11,55
Николаев Михаил Алексеевич,сержант,2,20
Морозов Михаил Алексеевич,полковник,5,19
Макаров Александр Максимович,рядовой,12,26
Орлов Матвей Александрович,майор,6,32
Соколов Денис Романович,капитан,10,21
Зайцев Илья Иванович,прапорщик,7,34
Сидоров Юрий Никитич,полковник,5,42
Семёнов Андрей Алексеевич,лейтенант,12,37
Семёнов Олег Кириллович,капитан,12,59
Соловьёв Алексей Максимович,полковник,6,38
Макаров Юрий Павлович,лейтенант,12,52
Степанов Михаил Никитич,майор,12,46
Алексеев Егор Сергеевич,прапорщик,12,47
Козлов Матвей Павлович,лейтенант,12,46
Алексеев Степан Кириллович,лейтенант,4,44
Козлов Артём Александрович,прапорщик,1,23
Борисов Денис Викторович,рядовой,3,34
Борисов Виктор Викторович,рядовой,3,47
Попов Андрей Дмитриевич,рядовой,8,53
Михайлов Роман Андреевич,рядовой,2,60
Алексеев Иван Иванович,капитан,7,32
Борисов Евгений Максимович,лейтенант,8,31
Николаев Денис Михайлович,рядовой,6,50
Алексеев Евгений Михайлович,прапорщик,9,39
Борисов Никита Максимович,полковник,7,41
Макаров Егор Андреевич,капитан,8,30
Сидоров Дмитрий Ильич,прапорщик,12,50
Борисов Степан Иванович,полковник,2,18
Морозов Виктор Дмитриевич,лейтенант,7,37
Захаров Максим Ильич,рядовой,8,51
Сидоров Александр Алексеевич,лейтенант,1,31
Яковлев Юрий Дмитриевич,майор,12,60
Андреев Роман Павлович,полковник,11,59
Зайцев Роман Олегович,сержант,6,60
Новиков Михаил Викторович,прапорщик,1,40
Соколов Артём Ильич,майор,12,30
Михайлов Егор Дмитриевич,майор,5,54
Степанов Константин Олегович,сержант,3,57
Сидоров Денис Михайлович,лейтенант,1,39
Никитин Максим Юрьевич,прапорщик,5,41
Орлов Егор Сергеевич,сержант,10,51
Козлов Виктор Андреевич,рядовой,12,31
Новиков Александр Олегович,майор,6,32
Яковлев Кирилл Олегович,лейтенант,5,31
Новиков Алексей Кириллович,лейтенант,6,54
Яковлев Константин Михайлович,сержант,10,46
Попов Иван Кириллович,полковник,7,55
Петров Михаил Викторович,капитан,11,35
Семёнов Иван Романович,прапорщик,9,43
Фёдоров Егор Юрьевич,капитан,10,18
Кузнецов Константин Андреевич,рядовой,1,36
Павлов Михаил Юрьевич,рядовой,6,46
Козлов Максим Никитич,майор,8,47
Васильев Иван Алексеевич,лейтенант,8,35
Семёнов Виктор Павлович,рядовой,12,57
Козлов Олег Викторович,лейтенант,8,30
Лебедев Илья Александрович,капитан,8,34
Попов Юрий Дмитриевич,майор,11,45
Степанов Максим Иванович,майор,7,46
Васильев Михаил Александрович,майор,8,22
Петров Иван Ильич,сержант,4,34
Кузнецов Сергей Олегович,лейтенант,7,36
Степанов Андрей Михайлович,сержант,9,24
Алексеев Андрей Сергеевич,прапорщик,12,18
Никитин Олег Сергеевич,майор,8,44
Соколов Кирилл Олегович,майор,6,34
Соловьёв Андрей Романович,рядовой,4,38
Кузнецов Александр Никитич,рядовой,4,53
Зайцев Егор Алексеевич,лейтенант,1,34
Степанов Евгений Андреевич,капитан,4,49
Андреев Максим Юрьевич,майор,5,31
Макаров Павел Никитич,лейтенант,11,23
Зайцев Михаил Михайлович,рядовой,4,25
Никитин Константин Сергеевич,капитан,8,31
Иванов Илья Ильич,сержант,5,31
Сидоров Сергей Юрьевич,лейтенант,3,34
Борисов Евгений Алексеевич,рядовой,1,43
Попов Иван Кириллович,лейтенант,12,29
Петров Алексей Олегович,майор,4,44
Андреев Павел Михайлович,сержант,12,26
Смирнов Михаил Кириллович,прапорщик,8,27
Макаров Олег Андреевич,рядовой,6,28
Смирнов Павел Викторович,лейтенант,1,29
Петров Никита Александрович,полковник,12,21
Соколов Степан Иванович,майор,2,38
Алексеев Степан Романович,майор,1,60
Макаров Олег Максимович,майор,6,27
Морозов Константин Александрович,полковник,4,20
Андреев Илья Ильич,рядовой,11,57
Смирнов Михаил Андреевич,лейтенант,5,52
Петров Павел Никитич,капитан,8,34
Кузнецов Константин Михайлович,майор,4,22
Никитин Алексей Иванович,сержант,2,58
Попов Александр Романович,лейтенант,10,19
Степанов Никита Никитич,капитан,5,39
Сидоров Матвей Александрович,майор,8,43
Степанов Олег Павлович,капитан,7,60
Михайлов Егор Викторович,прапорщик,11,58
Кузнецов Юрий Александрович,прапорщик,10,48
Павлов Никита Максимович,сержант,10,40
Андреев Денис Кириллович,прапорщик,9,51
Попов Константин Алексеевич,полковник,7,57
Зайцев Евгений Сергеевич,прапорщик,11,46
Соколов Артём Павлович,полковник,2,49
Попов Константин Михайлович,майор,5,60
Егоров Евгений Павлович,лейтенант,3,42
Иванов Иван Павлович,майор,8,23
Николаев Егор Андреевич,прапорщик,7,50
Николаев Максим Алексеевич,рядовой,10,55
Петров Максим Андреевич,прапорщик,12,40
Орлов Илья Александрович,капитан,8,51
Николаев Илья Андреевич,прапорщик,9,24
Зайцев Максим Андреевич,рядовой,11,46
Новиков Егор Сергеевич,майор,6,49
Михайлов Иван Сергеевич,капитан,7,41
Семёнов Олег Иванович,лейтенант,4,30
Борисов Денис Олегович,капитан,2,18
Сидоров Юрий Юрьевич,майор,8,50
Смирнов Никита Михайлович,прапорщик,2,19
Иванов Артём Юрьевич,прапорщик,2,26
Михайлов Иван Никитич,полковник,12,19
Морозов Олег Дмитриевич,сержант,9,54
Кузнецов Михаил Сергеевич,сержант,12,50
Иванов Константин Кириллович,рядовой,10,55
Михайлов Константин Никитич,капитан,5,55
Борисов Денис Андреевич,рядовой,8,42
Павлов Александр Олегович,лейтенант,12,52
Макаров Константин Кириллович,рядовой,12,24
Семёнов Михаил Сергеевич,прапорщик,3,29
Сидоров Андрей Ильич,сержант,5,39
Сидоров Олег Ильич,прапорщик,5,58
Соловьёв Олег Юрьевич,рядовой,6,45
Кочергин Кирилл Юрьевич,рядовой,1,28
Семёнов Степан Юрьевич,капитан,10,42
Соловьёв Кирилл Алексеевич,прапорщик,4,18
Павлов Степан Дмитриевич,капитан,4,23
Фёдоров Никита Кириллович,майор,5,48
Семёнов Денис Дмитриевич,майор,6,40
Егоров Михаил Юрьевич,майор,11,56
Павлов Степан Алексеевич,капитан,4,20
Соколов Максим Викторович,капитан,10,35
Соколов Артём Сергеевич,майор,2,24
Васильев Матвей Юрьевич,полковник,5,42
Семёнов Роман Михайлович,капитан,9,43
Борисов Максим Ильич,капитан,5,38
Михайлов Степан Андреевич,лейтенант,1,41
Зайцев Матвей Олегович,прапорщик,2,42
Петров Сергей Максимович,сержант,2,23
Соколов Степан Сергеевич,полковник,2,18
Козлов Александр Иванович,прапорщик,6,27
Михайлов Павел Никитич,сержант,2,42
Морозов Олег Павлович,сержант,3,60
Сидоров Степан Романович,рядовой,4,50
Семёнов Виктор Никитич,полковник,7,53
Смирнов Алексей Ильич,капитан,1,19
Михайлов Михаил Максимович,рядовой,11,20
Попов Егор Алексеевич,рядовой,11,19
Орлов Юрий Максимович,полковник,10,46
Кузнецов Егор Никитич,сержант,10,44
Васильев Матвей Максимович,майор,2,54
Козлов Андрей Павлович,прапорщик,4,25
Новиков Егор Ильич,капитан,7,33
Семёнов Виктор Иванович,рядовой,3,24
Андреев Дмитрий Максимович,сержант,4,30
Захаров Виктор Юрьевич,прапорщик,5,48
Павлов Михаил Сергеевич,рядовой,8,57
Борисов Максим Сергеевич,сержант,8,50
Фёдоров Константин Романович,капитан,8,23
Морозов Кирилл Романович,рядовой,6,29
Макаров Константин Павлович,прапорщик,2,36
Петров Матвей Павлович,прапорщик,4,59
Сидоров Андрей Михайлович,майор,6,53
Новиков Алексей Алексеевич,рядовой,1,53
Борисов Артём Олегович,прапорщик,7,57
Кузнецов Егор Ильич,майор,8,30
Кузнецов Максим Романович,полковник,7,34
Кузнецов Денис Александрович,капитан,7,30
Петров Олег Дмитриевич,майор,5,38
Егоров Иван Алексеевич,полковник,11,22
Семёнов Олег Дмитриевич,лейтенант,5,58
Соловьёв Олег Михайлович,капитан,2,57
Петров Денис Сергеевич,лейтенант,8,42
Алексеев Дмитрий Никитич,сержант,1,28
Фёдоров Матвей Максимович,лейтенант,1,39
Николаев Денис Дмитриевич,сержант,10,38
Соловьёв Степан Олегович,прапорщик,7,37
Морозов Илья Павлович,рядовой,7,37
Макаров Михаил Юрьевич,рядовой,7,31
Семёнов Степан Викторович,рядовой,9,38
Андреев Сергей Олегович,рядовой,6,20
Степанов Кирилл Викторович,прапорщик,5,52
Захаров Матвей Ильич,полковник,12,37
Морозов Иван Юрьевич,лейтенант,6,18
Павлов Павел Юрьевич,капитан,9,30
Макаров Денис Сергеевич,сержант,9,55
Степанов Сергей Максимович,капитан,4,60
Соколов Михаил Олегович,полковник,6,19
Лебедев Кирилл Андреевич,майор,3,33
Морозов Евгений Павлович,сержант,9,51
Соколов Егор Викторович,рядовой,3,35
Попов Роман Иванович,лейтенант,2,47
Соловьёв Кирилл Романович,полковник,4,48
Соколов Матвей Викторович,лейтенант,5,18
Зайцев Павел Павлович,полковник,1,27
Смирнов Кирилл Ильич,капитан,2,43
Соловьёв Александр Михайлович,капитан,3,53
Зайцев Артём Дмитриевич,прапорщик,3,25
Михайлов Павел Михайлович,лейтенант,4,44
Павлов Никита Романович,прапорщик,8,52
Иванов Евгений Алексеевич,капитан,11,31
Морозов Андрей Андреевич,сержант,11,29
Семёнов Андрей Олегович,лейтенант,1,29
Яковлев Алексей Никитич,капитан,7,26
Васильев Денис Иванович,сержант,5,30
Никитин Алексей Михайлович,лейтенант,8,55
Егоров Александр Юрьевич,прапорщик,2,49
Васильев Алексей Кириллович,капитан,5,58
Иванов Степан Олегович,полковник,1,42
Морозов Михаил Ильич,рядовой,12,56
Петров Егор Юрьевич,капитан,7,58
Семёнов Александр Ильич,сержант,3,47
Кузнецов Андрей Кириллович,сержант,4,55
Соловьёв Степан Дмитриевич,лейтенант,11,60
Павлов Денис Павлович,сержант,2,55
Зайцев Илья Андреевич,прапорщик,9,20
Соколов Сергей Кириллович,прапорщик,3,20
Васильев Виктор Викторович,сержант,12,53
Лебедев Олег Павлович,майор,9,54
Семёнов Артём Алексеевич,полковник,10,47
Сидоров Андрей Кириллович,майор,5,59
Козлов Виктор Дмитриевич,полковник,10,28
Никитин Артём Алексеевич,полковник,7,26
Соловьёв Михаил Кириллович,капитан,1,45
Никитин Павел Дмитриевич,рядовой,6,38
Андреев Сергей Максимович,лейтенант,7,38
Новиков Матвей Дмитриевич,сержант,5,23
Сидоров Михаил Юрьевич,сержант,3,47
Андреев Кирилл Алексеевич,лейтенант,7,51
Новиков Денис Павлович,капитан,4,35
Макаров Дмитрий Александрович,рядовой,1,47
Павлов Дмитрий Никитич,полковник,4,58
Павлов Михаил Александрович,майор,12,50
Кузнецов Степан Романович,капитан,10,33
Смирнов Андрей Кириллович,рядовой,5,53
Яковлев Роман Алексеевич,лейтенант,3,31
Кочергин Степан Романович,рядовой,12,50
Яковлев Юрий Алексеевич,лейтенант,12,32
Соколов Павел Андреевич,капитан,5,45
Иванов Сергей Александрович,майор,11,25
Козлов Кирилл Олегович,капитан,3,21
Павлов Егор Ильич,майор,7,39
Алексеев Виктор Максимович,рядовой,2,50
Зайцев Дмитрий Андреевич,капитан,10,39
Лебедев Денис Викторович,лейтенант,10,19
Егоров Артём Максимович,прапорщик,4,60
Никитин Алексей Никитич,рядовой,8,23
Орлов Дмитрий Олегович,прапорщик,7,21
Зайцев Дмитрий Андреевич,майор,2,21
Кочергин Кирилл Романович,капитан,11,48
Яковлев Сергей Андреевич,лейтенант,9,37
Иванов Дмитрий Алексеевич,сержант,3,30
Николаев Никита Алексеевич,майор,6,60
Семёнов Роман Олегович,рядовой,5,39
Васильев Павел Викторович,капитан,9,41
Николаев Олег Олегович,лейтенант,6,19
Новиков Роман Павлович,лейтенант,3,32
Борисов Егор Олегович,прапорщик,1,45
Егоров Сергей Максимович,полковник,4,43
Лебедев Виктор Кириллович,сержант,3,59
Захаров Андрей Сергеевич,полковник,10,29
Кузнецов Никита Иванович,прапорщик,12,37
Фёдоров Кирилл Максимович,майор,9,52
Зайцев Сергей Кириллович,рядовой,10,58
Иванов Александр Михайлович,полковник,8,45
Новиков Илья Алексеевич,капитан,9,34
Михайлов Матвей Романович,сержант,6,20
Смирнов Павел Романович,прапорщик,7,59
Соколов Никита Дмитриевич,прапорщик,11,41
Николаев Александр Никитич,прапорщик,8,44
Попов Михаил Юрьевич,капитан,6,42
Андреев Никита Дмитриевич,лейтенант,11,38
Егоров Александр Юрьевич,капитан,7,20
Орлов Александр Алексеевич,сержант,6,30
Захаров Олег Алексеевич,полковник,12,51
Морозов Виктор Сергеевич,полковник,3,26
Попов Андрей Ильич,рядовой,7,29
Новиков Павел Юрьевич,полковник,9,31
Новиков Никита Романович,лейтенант,10,35
Морозов Роман Кириллович,прапорщик,3,20
Семёнов Артём Андреевич,полковник,7,48
Андреев Олег Дмитриевич,полковник,3,34
Зайцев Матвей Иванович,прапорщик,7,44
Иванов Олег Иванович,лейтенант,2,43
Борисов Степан Кириллович,рядовой,7,39
Егоров Дмитрий Ильич,рядовой,5,41
Сидоров Константин Андреевич,лейтенант,8,20
Алексеев Илья Никитич,рядовой,6,47
Васильев Павел Михайлович,майор,4,24
Кузнецов Артём Михайлович,полковник,6,47
Соколов Сергей Павлович,капитан,11,45
Козлов Денис Андреевич,лейтенант,2,28
Лебедев Матвей Михайлович,прапорщик,10,49
Сидоров Артём Викторович,лейтенант,5,35
Соловьёв Евгений Михайлович,капитан,3,41
Попов Михаил Никитич,лейтенант,3,58
Михайлов Павел Ильич,майор,2,57
Петров Алексей Кириллович,прапорщик,11,22
Павлов Андрей Сергеевич,прапорщик,11,45
Сидоров Евгений Павлович,прапорщик,1,34
Яковлев Дмитрий Андреевич,полковник,2,39
Иванов Матвей Дмитриевич,майор,3,49
Лебедев Артём Никитич,майор,1,41
Борисов Виктор Александрович,прапорщик,9,39
Новиков Александр Ильич,майор,9,31
Петров Александр Олегович,сержант,9,31
Сидоров Кирилл Максимович,майор,6,49
Борисов Андрей Кириллович,сержант,12,23
Фёдоров Алексей Кириллович,лейтенант,4,23
Новиков Константин Романович,майор,9,38
Попов Илья Дмитриевич,рядовой,11,42
Макаров Виктор Михайлович,прапорщик,9,24
Андреев Константин Иванович,лейтенант,9,35
Орлов Алексей Иванович,капитан,8,37
Кочергин Степан Викторович,сержант,7,42
Козлов Павел Иванович,сержант,12,42
Кузнецов Александр Михайлович,сержант,2,24
Васильев Андрей Кириллович,майор,4,31
Орлов Алексей Ильич,майор,4,27
Морозов Павел Сергеевич,сержант,4,49
Соловьёв Никита Ильич,прапорщик,5,43
Фёдоров Артём Алексеевич,рядовой,8,29
Кузнецов Евгений Максимович,лейтенант,1,52
Морозов Кирилл Никитич,майор,11,19
Захаров Сергей Иванович,лейтенант,9,34
Петров Евгений Викторович,майор,8,41
Соловьёв Егор Михайлович,майор,2,32
Кочергин Олег Максимович,капитан,11,30
Алексеев Юрий Олегович,майор,3,33
Смирнов Иван Иванович,лейтенант,10,53
Морозов Матвей Александрович,майор,7,44
Яковлев Дмитрий Андреевич,капитан,1,58
Николаев Денис Юрьевич,майор,2,28
Никитин Дмитрий Олегович,полковник,7,43
Андреев Дмитрий Алексеевич,майор,7,26
Козлов Денис Александрович,полковник,2,53
Петров Виктор Дмитриевич,капитан,9,21
Морозов Евгений Дмитриевич,сержант,8,28
Попов Константин Олегович,прапорщик,7,42
Яковлев Денис Никитич,сержант,6,46
Андреев Константин Ильич,лейтенант,12,52
Николаев Евгений Сергеевич,прапорщик,12,53
Смирнов Илья Романович,рядовой,10,58
Соколов Андрей Викторович,майор,3,20
Кузнецов Матвей Юрьевич,сержант,3,48
Степанов Константин Ильич,сержант,12,46
Андреев Егор Юрьевич,майор,11,54
Козлов Степан Никитич,полковник,6,57
Кузнецов Роман Юрьевич,прапорщик,9,44
Михайлов Иван Викторович,сержант,4,55
Алексеев Сергей Иванович,прапорщик,2,45
Орлов Александр Иванович,лейтенант,10,39
Петров Максим Андреевич,майор,1,40
Сидоров Павел Андреевич,сержант,10,37
Васильев Виктор Александрович,сержант,11,53
Николаев Роман Михайлович,майор,4,30
Соколов Андрей Иванович,лейтенант,1,55
Фёдоров Константин Александрович,лейтенант,10,31
Орлов Дмитрий Кириллович,майор,7,41
Степанов Павел Сергеевич,майор,7,55
Никитин Кирилл Викторович,рядовой,1,51
Захаров Юрий Ильич,рядовой,7,44
Морозов Илья Викторович,рядовой,9,55
Михайлов Матвей Сергеевич,майор,2,34
Макаров Виктор Дмитриевич,лейтенант,6,58
Никитин Егор Павлович,капитан,4,23
Семёнов Никита Андреевич,прапорщик,11,24
Егоров Сергей Дмитриевич,лейтенант,10,31
Козлов Никита Алексеевич,рядовой,5,50
Новиков Павел Максимович,рядовой,5,38
Орлов Артём Дмитриевич,капитан,2,25
Васильев Андрей Алексеевич,капитан,9,58
Павлов Степан Сергеевич,майор,6,34
Никитин Иван Ильич,капитан,2,49
Егоров Сергей Кириллович,лейтенант,12,21
Борисов Алексей Алексеевич,капитан,5,30
Кузнецов Сергей Ильич,сержант,8,33
Попов Иван Андреевич,майор,3,22
Васильев Матвей Иванович,капитан,1,31
Михайлов Максим Александрович,прапорщик,5,27
Попов Константин Максимович,сержант,12,53
Кузнецов Илья Иванович,майор,1,19
Кочергин Виктор Александрович,сержант,2,52
Михайлов Дмитрий Максимович,майор,6,60
Захаров Егор Дмитриевич,майор,1,41
Фёдоров Егор Михайлович,полковник,6,22
Алексеев Матвей Андреевич,полковник,5,60
Козлов Константин Юрьевич,лейтенант,3,38
Фёдоров Матвей Романович,майор,10,46
Зайцев Илья Олегович,полковник,2,33
Фёдоров Андрей Михайлович,майор,9,25
Соколов Иван Романович,прапорщик,10,49
Лебедев Иван Михайлович,сержант,12,45
Фёдоров Евгений Викторович,прапорщик,4,51
Яковлев Денис Александрович,рядовой,1,18
Никитин Иван Никитич,прапорщик,10,53
Борисов Евгений Александрович,капитан,8,50
Морозов Егор Максимович,полковник,2,28
Лебедев Виктор Кириллович,лейтенант,2,29
Яковлев Илья Юрьевич,полковник,2,41
Яковлев Александр Олегович,майор,12,34
Николаев Никита Дмитриевич,рядовой,12,46
Лебедев Денис Михайлович,лейтенант,6,39
Сидоров Денис Романович,рядовой,11,41
Иванов Сергей Иванович,майор,12,48
Никитин Сергей Алексеевич,сержант,7,21
Новиков Андрей Кириллович,рядовой,6,34
Фёдоров Денис Алексеевич,майор,12,46
Новиков Александр Михайлович,сержант,6,43
Борисов Егор Кириллович,прапорщик,6,52
Семёнов Иван Юрьевич,капитан,5,18
Орлов Евгений Викторович,рядовой,9,46
Кочергин Кирилл Ильич,сержант,12,46
Морозов Иван Андреевич,майор,3,31
Попов Иван Александрович,капитан,5,23
Фёдоров Олег Александрович,сержант,2,50
Степанов Денис Дмитриевич,полковник,11,18
Степанов Дмитрий Кириллович,рядовой,8,44
Иванов Евгений Викторович,сержант,11,34
Егоров Алексей Александрович,сержант,9,59
Никитин Юрий Максимович,сержант,10,50
Борисов Михаил Никитич,полковник,5,43
Семёнов Алексей Дмитриевич,полковник,2,54
Яковлев Андрей Викторович,сержант,11,45
Петров Денис Михайлович,капитан,2,49
Иванов Константин Дмитриевич,прапорщик,12,42
Попов Кирилл Олегович,сержант,6,30
Захаров Константин Викторович,полковник,11,26
Попов Константин Викторович,сержант,3,38
Козлов Иван Романович,сержант,10,60
Петров Константин Михайлович,лейтенант,7,19
Новиков Матвей Иванович,лейтенант,6,26
Смирнов Сергей Александрович,рядовой,4,27
Козлов Павел Максимович,майор,7,50
Никитин Юрий Ильич,лейтенант,8,19
Михайлов Сергей Иванович,полковник,1,44
Михайлов Евгений Сергеевич,полковник,9,38
Алексеев Андрей Олегович,капитан,11,49
Яковлев Сергей Иванович,рядовой,4,48
Козлов Михаил Ильич,лейтенант,6,33
Кузнецов Евгений Олегович,лейтенант,12,22
Попов Алексей Романович,полковник,12,21
Морозов Александр Павлович,капитан,3,31
Фёдоров Роман Андреевич,майор,9,44
Соловьёв Роман Никитич,майор,10,59
Смирнов Роман Михайлович,полковник,12,48
Попов Евгений Ильич,сержант,7,46
Фёдоров Артём Кириллович,лейтенант,4,33
Петров Матвей Павлович,полковник,9,52
Алексеев Илья Иванович,капитан,7,57
Яковлев Дмитрий Иванович,полковник,5,27
Орлов Юрий Александрович,капитан,5,59
Зайцев Денис Дмитриевич,сержант,2,32
Соколов Дмитрий Юрьевич,капитан,11,59
Зайцев Евгений Кириллович,лейтенант,3,48
Яковлев Никита Андреевич,полковник,12,34
Семёнов Егор Алексеевич,прапорщик,4,35
Иванов Дмитрий Сергеевич,полковник,11,50
Алексеев Илья Михайлович,рядовой,1,34
Макаров Виктор Романович,прапорщик,2,41
Егоров Виктор Максимович,майор,6,44
Николаев Максим Андреевич,лейтенант,10,39
Козлов Алексей Андреевич,лейтенант,8,21
Петров Виктор Сергеевич,рядовой,8,44
Васильев Артём Андреевич,полковник,1,33
Петров Денис Павлович,прапорщик,2,56
Орлов Олег Иванович,майор,7,29
Соколов Евгений Романович,лейтенант,3,32
Васильев Виктор Александрович,рядовой,9,38
Никитин Павел Ильич,сержант,1,37
Егоров Никита Юрьевич,лейтенант,3,56
Орлов Алексей Андреевич,майор,3,46
Козлов Виктор Романович,полковник,5,22
Попов Павел Иванович,полковник,3,41
Захаров Виктор Никитич,майор,2,49
Васильев Александр Алексеевич,рядовой,9,50
Николаев Евгений Андреевич,полковник,8,39
Егоров Александр Романович,лейтенант,6,60
Алексеев Александр Андреевич,полковник,12,46
Кочергин Егор Романович,лейтенант,6,47
Новиков Артём Романович,прапорщик,10,53
Орлов Сергей Сергеевич,лейтенант,6,60
Кузнецов Константин Дмитриевич,рядовой,2,22
Макаров Дмитрий Иванович,рядовой,8,38
Семёнов Роман Кириллович,рядовой,1,53
Сидоров Степан Никитич,капитан,9,52
Андреев Михаил Андреевич,полковник,1,52
Иванов Сергей Максимович,рядовой,10,43
Новиков Михаил Александрович,рядовой,6,54
Яковлев Павел Олегович,полковник,3,28
Смирнов Никита Викторович,полковник,12,46
Смирнов Сергей Никитич,рядовой,4,51
Петров Андрей Кириллович,рядовой,3,54
Фёдоров Константин Олегович,прапорщик,11,21
Петров Илья Юрьевич,прапорщик,12,53
Михайлов Илья Олегович,майор,12,46
Павлов Никита Михайлович,сержант,5,44
Попов Иван Андреевич,полковник,4,43
Макаров Матвей Кириллович,капитан,12,50
Яковлев Илья Александрович,капитан,1,23
Фёдоров Михаил Иванович,майор,6,45
Егоров Матвей Андреевич,лейтенант,10,45
Лебедев Степан Никитич,майор,8,23
Егоров Михаил Ильич,лейтенант,1,19
Борисов Евгений Михайлович,рядовой,10,54
Михайлов Михаил Сергеевич,майор,2,24
Попов Егор Романович,рядовой,11,49
Степанов Юрий Юрьевич,полковник,10,29
Егоров Дмитрий Павлович,рядовой,9,46
Семёнов Денис Михайлович,сержант,11,24
Попов Егор Александрович,майор,5,57
Михайлов Павел Михайлович,прапорщик,11,55
Николаев Александр Ильич,сержант,12,32
Андреев Александр Александрович,майор,6,33
Васильев Максим Дмитриевич,рядовой,12,29
Захаров Степан Иванович,полковник,8,23
Степанов Максим Максимович,майор,12,38
Андреев Сергей Павлович,рядовой,5,57
Петров Андрей Кириллович,прапорщик,4,33
Петров Роман Иванович,лейтенант,3,49
Сидоров Илья Ильич,сержант,8,21
Павлов Александр Олегович,лейтенант,2,41
Алексеев Никита Викторович,рядовой,9,43
Морозов Кирилл Викторович,сержант,6,20
Яковлев Алексей Кириллович,рядовой,11,45
Андреев Роман Никитич,капитан,4,18
Сидоров Роман Иванович,полковник,1,26
Соловьёв Кирилл Ильич,прапорщик,3,26
Борисов Максим Кириллович,полковник,2,47
Кочергин Роман Андреевич,капитан,10,53
Петров Иван Романович,рядовой,5,24
Лебедев Олег Дмитриевич,лейтенант,6,40
Егоров Константин Олегович,рядовой,8,36
Сидоров Егор Никитич,рядовой,9,26
Алексеев Михаил Михайлович,сержант,10,40
Семёнов Никита Сергеевич,капитан,8,21
Попов Роман Романович,сержант,5,59
Орлов Константин Викторович,полковник,1,27
Павлов Константин Иванович,полковник,1,19
Андреев Павел Никитич,полковник,7,57
Захаров Максим Ильич,капитан,6,30
Смирнов Юрий Александрович,прапорщик,6,40
Яковлев Степан Никитич,капитан,3,31
Зайцев Алексей Павлович,рядовой,9,22
Фёдоров Денис Павлович,полковник,5,59
Петров Иван Викторович,сержант,8,30
Захаров Степан Иванович,лейтенант,8,60
Макаров Артём Максимович,капитан,10,39
Попов Дмитрий Олегович,лейтенант,1,21
Фёдоров Евгений Юрьевич,полковник,11,47
Смирнов Степан Михайлович,сержант,5,38
Соколов Юрий Романович,рядовой,3,47
Попов Никита Сергеевич,сержант,10,57
Николаев Степан Кириллович,полковник,4,35
Степанов Роман Романович,майор,6,57
Морозов Дмитрий Максимович,рядовой,3,55
Морозов Егор Алексеевич,капитан,6,44
Морозов Михаил Александрович,рядовой,4,52
Никитин Степан Олегович,прапорщик,7,51
Никитин Сергей Павлович,сержант,5,28
Степанов Иван Ильич,сержант,10,33
Иванов Виктор Михайлович,лейтенант,9,41
Сидоров Виктор Александрович,рядовой,5,39
Степанов Сергей Максимович,сержант,10,32
Смирнов Илья Алексеевич,полковник,3,41
Попов Никита Никитич,рядовой,7,35
Андреев Степан Сергеевич,майор,1,60
Сидоров Михаил Павлович,лейтенант,4,51
Семёнов Михаил Александрович,сержант,4,34
Соколов Евгений Андреевич,лейтенант,6,55
Козлов Михаил Кириллович,капитан,2,55
Борисов Степан Андреевич,лейтенант,7,44
Сидоров Егор Александрович,сержант,4,49
Степанов Максим Александрович,сержант,3,60
Орлов Илья Максимович,майор,3,23
Михайлов Степан Викторович,сержант,9,39
Смирнов Сергей Ильич,прапорщик,8,55
Соловьёв Михаил Алексеевич,сержант,3,31
Орлов Константин Викторович,сержант,5,48
Новиков Андрей Юрьевич,майор,5,41
Андреев Степан Никитич,лейтенант,12,34
Захаров Виктор Викторович,прапорщик,4,54
Васильев Юрий Дмитриевич,рядовой,11,46
Захаров Илья Михайлович,лейтенант,9,42
Орлов Олег Александрович,капитан,7,35
Соколов Андрей Алексеевич,сержант,11,36
Андреев Илья Олегович,полковник,10,43
Смирнов Роман Михайлович,лейтенант,4,45
Алексеев Дмитрий Сергеевич,рядовой,12,22
Петров Константин Михайлович,полковник,6,33
Сидоров Михаил Кириллович,сержант,6,39
Соколов Сергей Никитич,прапорщик,10,58
Смирнов Егор Михайлович,прапорщик,2,21
Кузнецов Александр Дмитриевич,рядовой,11,55
Алексеев Артём Дмитриевич,капитан,12,60
Попов Денис Юрьевич,лейтенант,6,59
Орлов Илья Ильич,прапорщик,1,35
Андреев Константин Алексеевич,майор,3,34
Фёдоров Виктор Кириллович,прапорщик,4,59
Васильев Илья Иванович,прапорщик,11,57
Соловьёв Андрей Олегович,рядовой,11,36
Яковлев Роман Романович,сержант,2,53
Новиков Иван Андреевич,лейтенант,10,29
Борисов Максим Михайлович,капитан,1,43
Орлов Олег Сергеевич,капитан,3,42
Кочергин Денис Сергеевич,полковник,5,30
Семёнов Юрий Сергеевич,сержант,2,42
Захаров Константин Олегович,лейтенант,8,43
Алексеев Александр Алексеевич,сержант,3,47
Иванов Максим Иванович,лейтенант,4,58
Сидоров Матвей Кириллович,полковник,1,51
Соловьёв Михаил Дмитриевич,лейтенант,3,18
Егоров Алексей Павлович,лейтенант,7,25
Николаев Илья Максимович,полковник,3,57
Степанов Артём Алексеевич,рядовой,10,56
Фёдоров Константин Сергеевич,сержант,12,32
Михайлов Кирилл Павлович,капитан,8,49
Никитин Михаил Кириллович,лейтенант,11,60
Захаров Матвей Павлович,рядовой,7,47
Яковлев Максим Викторович,лейтенант,7,59
Козлов Андрей Андреевич,сержант,10,53
Петров Сергей Юрьевич,лейтенант,10,28
Николаев Алексей Александрович,рядовой,3,41
Смирнов Дмитрий Олегович,майор,6,31
Зайцев Кирилл Дмитриевич,сержант,7,60
Никитин Артём Дмитриевич,прапорщик,3,26
Иванов Алексей Михайлович,прапорщик,7,39
Козлов Роман Кириллович,лейтенант,12,41
Кузнецов Матвей Юрьевич,рядовой,8,45
Кочергин Алексей Ильич,рядовой,4,35
Захаров Денис Павлович,рядовой,12,36
Захаров Илья Викторович,прапорщик,1,22
Николаев Михаил Юрьевич,сержант,1,43
Соловьёв Илья Юрьевич,прапорщик,3,56
Павлов Сергей Александрович,полковник,1,52
Лебедев Константин Иванович,капитан,4,55
Макаров Матвей Дмитриевич,прапорщик,7,54
Николаев Артём Ильич,прапорщик,10,31
Новиков Александр Алексеевич,прапорщик,5,41
Кузнецов Степан Иванович,полковник,9,38
Петров Алексей Викторович,рядовой,3,43
Никитин Иван Олегович,прапорщик,1,43
Лебедев Роман Иванович,сержант,1,48
Егоров Степан Павлович,прапорщик,7,41
Смирнов Никита Павлович,рядовой,1,36
Соловьёв Дмитрий Дмитриевич,полковник,7,53
Соколов Илья Олегович,прапорщик,1,39
Петров Дмитрий Иванович,прапорщик,9,32
Соколов Иван Сергеевич,рядовой,5,24
Андреев Алексей Михайлович,полковник,7,24
Лебедев Алексей Сергеевич,сержант,11,51
Новиков Евгений Сергеевич,рядовой,9,28
Павлов Павел Алексеевич,лейтенант,5,24
Васильев Константин Алексеевич,рядовой,12,20
Зайцев Денис Максимович,капитан,10,43
Кочергин Константин Юрьевич,рядовой,9,27
Сидоров Юрий Павлович,рядовой,2,43
Михайлов Никита Олегович,лейтенант,9,58
Иванов Александр Олегович,капитан,8,60
Семёнов Сергей Романович,лейтенант,3,40
Васильев Олег Александрович,прапорщик,6,43
Зайцев Михаил Алексеевич,полковник,5,29
Сидоров Иван Сергеевич,сержант,7,60
Кузнецов Александр Андреевич,сержант,12,54
Егоров Михаил Сергеевич,лейтенант,1,47
Лебедев Сергей Ильич,прапорщик,10,18
Макаров Илья Викторович,прапорщик,3,53
Егоров Максим Ильич,капитан,10,33
Смирнов Михаил Никитич,лейтенант,8,33
Орлов Роман Викторович,рядовой,11,28
Васильев Егор Александрович,рядовой,4,60
Кочергин Дмитрий Иванович,полковник,7,41
Козлов Михаил Александрович,капитан,6,39
Захаров Алексей Олегович,сержант,1,58
Смирнов Максим Иванович,прапорщик,11,19
Павлов Матвей Максимович,лейтенант,9,49
Кузнецов Дмитрий Андреевич,майор,2,57
Кочергин Сергей Дмитриевич,лейтенант,4,59
Кочергин Андрей Романович,рядовой,2,41
Кузнецов Роман Иванович,лейтенант,12,28
Петров Дмитрий Кириллович,сержант,7,44
Егоров Виктор Романович,майор,3,29
Семёнов Дмитрий Ильич,полковник,12,34
Никитин Иван Дмитриевич,майор,3,20
Новиков Никита Ильич,прапорщик,3,34
Иванов Егор Кириллович,капитан,3,48
Иванов Александр Сергеевич,капитан,1,40
Фёдоров Павел Иванович,капитан,8,52
Кузнецов Олег Олегович,рядовой,5,49
Семёнов Юрий Юрьевич,сержант,1,33
Зайцев Кирилл Юрьевич,полковник,12,50
Орлов Виктор Алексеевич,майор,10,56
Иванов Юрий Алексеевич,прапорщик,6,41
Зайцев Дмитрий Олегович,капитан,5,42
Алексеев Дмитрий Андреевич,капитан,4,59
Соколов Константин Алексеевич,майор,3,31
Васильев Степан Юрьевич,майор,5,20
Кочергин Иван Михайлович,капитан,5,53
Иванов Алексей Викторович,сержант,7,18
Зайцев Денис Павлович,майор,3,27
Кузнецов Павел Викторович,прапорщик,7,27
Семёнов Максим Олегович,майор,2,29
Никитин Михаил Андреевич,прапорщик,1,46
Захаров Дмитрий Никитич,полковник,11,55
Соловьёв Павел Олегович,прапорщик,9,47
Макаров Дмитрий Андреевич,майор,10,21
Алексеев Александр Максимович,капитан,8,26
Соколов Иван Ильич,майор,5,26
Морозов Егор Алексеевич,лейтенант,2,51
Зайцев Сергей Максимович,капитан,7,31
Николаев Алексей Максимович,капитан,10,57
Макаров Олег Викторович,майор,1,26
Андреев Евгений Александрович,полковник,10,26
Кузнецов Илья Дмитриевич,прапорщик,10,52
Никитин Олег Ильич,полковник,1,32
Алексеев Михаил Александрович,полковник,2,33
Попов Максим Александрович,сержант,11,22
Петров Денис Сергеевич,прапорщик,2,27
Макаров Иван Олегович,капитан,12,41
Васильев Константин Михайлович,полковник,2,29
Соловьёв Артём Алексеевич,капитан,12,45
Захаров Максим Михайлович,полковник,8,18
Андреев Александр Алексеевич,майор,11,38
Алексеев Евгений Сергеевич,рядовой,9,58
Соловьёв Денис Дмитриевич,прапорщик,7,31
Морозов Дмитрий Ильич,рядовой,4,44
Яковлев Константин Дмитриевич,рядовой,9,24
Кузнецов Илья Викторович,прапорщик,11,28
Фёдоров Егор Сергеевич,полковник,4,45
Орлов Егор Павлович,лейтенант,3,25
Морозов Иван Иванович,капитан,11,44
Павлов Олег Ильич,майор,3,22
Егоров Дмитрий Михайлович,лейтенант,9,59
Попов Виктор Олегович,капитан,10,32
Захаров Матвей Алексеевич,прапорщик,7,39
Козлов Денис Кириллович,капитан,11,32
Иванов Евгений Александрович,майор,11,46
Петров Артём Павлович,сержант,2,41
Морозов Константин Никитич,рядовой,2,54
Борисов Иван Павлович,полковник,10,27
Егоров Павел Юрьевич,полковник,7,19
Попов Александр Алексеевич,майор,1,18
Попов Максим Александрович,полковник,2,28
Семёнов Никита Сергеевич,майор,5,43
Яковлев Денис Павлович,майор,1,23
Никитин Кирилл Андреевич,лейтенант,11,56
Кочергин Матвей Олегович,сержант,10,37
Павлов Олег Кириллович,лейтенант,11,43
Морозов Александр Кириллович,рядовой,4,39
Фёдоров Матвей Олегович,рядовой,3,19
Лебедев Виктор Юрьевич,капитан,5,38
Соловьёв Егор Викторович,лейтенант,7,39
Андреев Кирилл Викторович,сержант,2,58
Петров Никита Андреевич,майор,11,18
Соколов Иван Никитич,рядовой,7,52
Егоров Михаил Олегович,сержант,5,41
Попов Дмитрий Романович,лейтенант,11,37
Петров Роман Михайлович,рядовой,1,24
Морозов Егор Сергеевич,полковник,5,45
Андреев Матвей Алексеевич,сержант,1,44
Степанов Алексей Сергеевич,лейтенант,10,24
Лебедев Никита Иванович,майор,7,20
Петров Сергей Дмитриевич,лейтенант,2,22
Захаров Александр Кириллович,полковник,5,25
Кузнецов Никита Михайлович,майор,6,26
Сидоров Михаил Викторович,рядовой,10,23
Морозов Кирилл Кириллович,полковник,10,23
Павлов Сергей Олегович,майор,4,21
Орлов Алексей Александрович,рядовой,11,40
Сидоров Виктор Викторович,полковник,11,33
Соколов Илья Максимович,полковник,2,20
Михайлов Михаил Юрьевич,полковник,8,36
Захаров Алексей Александрович,капитан,1,45
Кочергин Андрей Иванович,лейтенант,10,50
Михайлов Александр Сергеевич,полковник,12,27
Смирнов Дмитрий Сергеевич,полковник,4,33
Иванов Сергей Михайлович,рядовой,6,44
Андреев Илья Максимович,прапорщик,11,52
Фёдоров Денис Павлович,капитан,3,27
Семёнов Степан Кириллович,сержант,11,56
Кочергин Иван Викторович,прапорщик,9,56
Сидоров Егор Юрьевич,капитан,10,35
Фёдоров Виктор Олегович,полковник,7,58
Яковлев Александр Викторович,сержант,12,60
Кочергин Роман Романович,полковник,9,27
Орлов Александр Романович,лейтенант,2,53
Козлов Дмитрий Кириллович,сержант,11,51
Кузнецов Роман Ильич,прапорщик,10,59
Алексеев Юрий Андреевич,капитан,2,40
Васильев Виктор Андреевич,прапорщик,12,51
Яковлев Кирилл Никитич,капитан,2,38
Егоров Евгений Дмитриевич,прапорщик,11,57
Кочергин Алексей Юрьевич,сержант,11,47
Николаев Роман Романович,сержант,4,38
Васильев Никита Алексеевич,капитан,4,46
Яковлев Виктор Ильич,майор,10,22
Захаров Степан Юрьевич,майор,1,22
Орлов Денис Александрович,лейтенант,3,18
Захаров Евгений Дмитриевич,капитан,8,22
Фёдоров Павел Викторович,полковник,12,31
Кочергин Егор Романович,сержант,9,39
Соловьёв Виктор Олегович,капитан,5,50
Морозов Андрей Андреевич,прапорщик,11,28
Семёнов Дмитрий Иванович,сержант,11,30
Михайлов Олег Максимович,рядовой,9,37
Кузнецов Иван Иванович,лейтенант,12,44
Козлов Роман Максимович,рядовой,10,19
Яковлев Виктор Романович,сержант,4,39
Яковлев Евгений Александрович,капитан,2,40
Егоров Павел Никитич,капитан,9,57
Павлов Андрей Сергеевич,лейтенант,3,22
Кузнецов Олег Никитич,майор,6,47
Попов Иван Никитич,капитан,10,32
Павлов Юрий Михайлович,лейтенант,10,27
Соловьёв Илья Олегович,полковник,12,25
Борисов Илья Александрович,полковник,10,59
Васильев Павел Олегович,сержант,6,23
Новиков Роман Сергеевич,полковник,8,39
Козлов Алексей Андреевич,полковник,10,41
Сидоров Матвей Иванович,полковник,11,24
Смирнов Матвей Юрьевич,майор,2,60
Борисов Илья Сергеевич,майор,2,19
Орлов Константин Александрович,рядовой,1,51
Васильев Максим Андреевич,капитан,12,51
Иванов Юрий Викторович,лейтенант,11,46
Сидоров Юрий Алексеевич,прапорщик,12,25
Орлов Константин Никитич,майор,6,47
Зайцев Никита Михайлович,капитан,6,55
Зайцев Егор Алексеевич,майор,1,44
Макаров Дмитрий Михайлович,майор,11,50
Лебедев Алексей Романович,прапорщик,11,19
Андреев Евгений Олегович,прапорщик,1,41
Семёнов Дмитрий Ильич,полковник,6,58
Борисов Роман Викторович,полковник,3,23
Михайлов Юрий Кириллович,капитан,8,26
Попов Дмитрий Андреевич,майор,3,43
Орлов Сергей Сергеевич,сержант,12,45
Михайлов Алексей Олегович,капитан,7,38
Яковлев Никита Алексеевич,лейтенант,11,33
Смирнов Илья Юрьевич,лейтенант,7,23
Лебедев Константин Романович,майор,4,39
Соловьёв Константин Сергеевич,капитан,6,24
Соловьёв Дмитрий Алексеевич,лейтенант,4,57
Михайлов Артём Максимович,полковник,8,47
Николаев Константин Алексеевич,прапорщик,4,33
Захаров Степан Александрович,прапорщик,11,42
Новиков Александр Романович,полковник,9,23
Павлов Юрий Максимович,капитан,12,32
Иванов Олег Андреевич,капитан,12,19
Соловьёв Денис Иванович,сержант,12,28
Смирнов Андрей Александрович,лейтенант,8,53
Кузнецов Роман Никитич,рядовой,9,31
Захаров Виктор Иванович,сержант,12,38
Алексеев Андрей Дмитриевич,прапорщик,8,28
Степанов Виктор Алексеевич,майор,12,36
Егоров Алексей Сергеевич,майор,8,31
Попов Максим Павлович,лейтенант,5,58
Егоров Юрий Кириллович,полковник,2,57
Соловьёв Иван Олегович,рядовой,2,41
Андреев Кирилл Дмитриевич,прапорщик,2,29
Макаров Юрий Алексеевич,прапорщик,2,40
Кузнецов Никита Михайлович,полковник,2,43
Морозов Константин Максимович,прапорщик,4,41
Зайцев Дмитрий Александрович,лейтенант,12,29
Андреев Денис Иванович,прапорщик,3,22
Морозов Степан Павлович,лейтенант,8,49
Новиков Константин Андреевич,прапорщик,4,34
Никитин Денис Юрьевич,лейтенант,11,50
Соколов Илья Олегович,рядовой,6,22
Егоров Денис Максимович,полковник,4,26
Яковлев Егор Андреевич,сержант,6,19
Кочергин Степан Олегович,капитан,12,51
Орлов Александр Иванович,прапорщик,4,44
Зайцев Александр Александрович,майор,3,25
Козлов Алексей Викторович,сержант,12,46
Яковлев Алексей Ильич,лейтенант,2,40
Андреев Виктор Кириллович,капитан,1,40
Фёдоров Олег Никитич,полковник,9,23
Михайлов Олег Ильич,майор,6,47
Фёдоров Роман Юрьевич,прапорщик,1,54
Новиков Роман Романович,капитан,11,42
Орлов Артём Андреевич,лейтенант,9,33
Соловьёв Иван Михайлович,рядовой,6,30
Соколов Александр Михайлович,капитан,10,26
Соколов Максим Олегович,сержант,5,31
Яковлев Сергей Романович,лейтенант,12,26
Егоров Олег Александрович,рядовой,10,21
Орлов Михаил Павлович,рядовой,11,55
Петров Евгений Юрьевич,лейтенант,1,33
Андреев Александр Александрович,майор,11,50
Лебедев Роман Юрьевич,прапорщик,2,24
Яковлев Сергей Кириллович,капитан,6,35
Семёнов Денис Андреевич,лейтенант,10,29
Лебедев Иван Кириллович,сержант,2,26
Смирнов Степан Никитич,лейтенант,7,27
Попов Степан Олегович,полковник,9,46
Лебедев Александр Викторович,майор,11,58
Соколов Михаил Ильич,прапорщик,11,34
Андреев Степан Павлович,лейтенант,12,29
Семёнов Алексей Сергеевич,майор,6,26
Степанов Егор Алексеевич,полковник,4,45
Борисов Михаил Максимович,лейтенант,1,47
Семёнов Олег Кириллович,капитан,7,33
Егоров Иван Ильич,полковник,11,18
Лебедев Алексей Максимович,лейтенант,1,58
Соловьёв Максим Александрович,сержант,4,22
Новиков Олег Дмитриевич,рядовой,6,42
Кузнецов Никита Кириллович,рядовой,11,29
Алексеев Денис Максимович,сержант,6,59
Соколов Иван Олегович,капитан,4,36
Михайлов Константин Михайлович,майор,12,41
Никитин Александр Максимович,лейтенант,5,55
Захаров Сергей Андреевич,сержант,7,44
Петров Степан Максимович,майор,4,37
Андреев Кирилл Олегович,майор,6,55
Егоров Олег Андреевич,прапорщик,10,29
Соловьёв Александр Викторович,сержант,9,55
Козлов Олег Романович,капитан,9,37
Попов Александр Ильич,прапорщик,1,51
Николаев Павел Иванович,капитан,8,26
Васильев Денис Никитич,полковник,5,31
Смирнов Иван Романович,полковник,7,37
Попов Олег Юрьевич,капитан,1,30
Попов Степан Никитич,прапорщик,5,39
Васильев Илья Ильич,полковник,6,44
Иванов Максим Александрович,прапорщик,7,29
Зайцев Иван Олегович,капитан,7,53
Захаров Егор Олегович,капитан,8,22
Зайцев Евгений Сергеевич,прапорщик,3,25
Козлов Виктор Викторович,полковник,4,39
Захаров Дмитрий Юрьевич,лейтенант,8,40
Борисов Роман Павлович,капитан,7,19
Смирнов Павел Максимович,капитан,12,54
Новиков Денис Никитич,майор,11,26
Смирнов Юрий Ильич,рядовой,4,27
Андреев Павел Андреевич,сержант,9,37
Кузнецов Андрей Кириллович,капитан,7,27
Макаров Илья Андреевич,майор,10,51
Лебедев Евгений Кириллович,прапорщик,5,28
Новиков Кирилл Олегович,лейтенант,1,45
Захаров Матвей Андреевич,сержант,7,18
Зайцев Евгений Викторович,полковник,4,54
Никитин Александр Викторович,полковник,7,33
Новиков Евгений Дмитриевич,майор,6,59
Петров Кирилл Максимович,полковник,8,57
Морозов Артём Олегович,лейтенант,4,60
Андреев Александр Иванович,капитан,10,32
Захаров Алексей Ильич,майор,11,20
Васильев Степан Романович,полковник,3,19
Морозов Олег Сергеевич,рядовой,3,50
Захаров Матвей Михайлович,сержант,10,42
Борисов Максим Романович,майор,10,57
Макаров Максим Ильич,лейтенант,9,57
Николаев Сергей Иванович,лейтенант,11,34
Лебедев Егор Олегович,рядовой,7,56
Соловьёв Дмитрий Олегович,прапорщик,10,54
Семёнов Юрий Никитич,капитан,5,42
Сидоров Михаил Олегович,полковник,10,39
Смирнов Егор Андреевич,полковник,9,36
Иванов Павел Андреевич,лейтенант,6,43
Андреев Александр Максимович,капитан,6,46
Макаров Никита Александрович,капитан,1,22
Петров Алексей Романович,полковник,7,57
Кочергин Сергей Кириллович,полковник,11,20
Никитин Егор Юрьевич,рядовой,12,56
Васильев Никита Сергеевич,прапорщик,3,22
Алексеев Дмитрий Ильич,капитан,2,39
Морозов Роман Иванович,полковник,11,30
Лебедев Иван Сергеевич,прапорщик,7,22
Попов Егор Андреевич,лейтенант,3,55
Соловьёв Константин Никитич,рядовой,6,53
Зайцев Олег Максимович,майор,11,45
Морозов Михаил Ильич,рядовой,7,40
Попов Дмитрий Никитич,прапорщик,9,42
Кочергин Денис Александрович,майор,12,23
Сидоров Павел Дмитриевич,лейтенант,1,30
Соколов Александр Кириллович,сержант,8,58
Васильев Павел Александрович,майор,3,29
Зайцев Никита Александрович,капитан,9,48
Попов Кирилл Ильич,полковник,6,29
Макаров Алексей Дмитриевич,рядовой,2,51
Иванов Никита Романович,капитан,3,36
Никитин Денис Дмитриевич,лейтенант,1,25
Яковлев Денис Андреевич,лейтенант,1,48
Сидоров Артём Павлович,лейтенант,10,26
Семёнов Максим Никитич,сержант,5,42
Лебедев Евгений Максимович,прапорщик,7,23
Новиков Денис Кириллович,лейтенант,3,41
Макаров Артём Викторович,рядовой,7,44
Никитин Олег Никитич,сержант,1,38
Андреев Илья Кириллович,рядовой,11,25
Николаев Михаил Кириллович,прапорщик,1,19
Семёнов Константин Никитич,капитан,3,39
Новиков Олег Сергеевич,лейтенант,5,21
Семёнов Степан Кириллович,полковник,9,43
Смирнов Кирилл Сергеевич,капитан,4,54
Андреев Павел Сергеевич,лейтенант,5,30
Борисов Михаил Максимович,сержант,2,47
Петров Илья Михайлович,полковник,11,27
Степанов Илья Ильич,лейтенант,12,37
Павлов Артём Викторович,полковник,6,49
Егоров Константин Андреевич,майор,5,48
Васильев Олег Иванович,сержант,12,31
Лебедев Степан Андреевич,майор,4,32
Новиков Евгений Викторович,рядовой,10,25
Андреев Степан Олегович,сержант,1,32
Степанов Павел Сергеевич,капитан,1,28
Макаров Алексей Андреевич,сержант,1,21
Никитин Кирилл Михайлович,сержант,8,20
Кузнецов Михаил Викторович,прапорщик,10,22
Николаев Денис Кириллович,майор,10,55
Захаров Юрий Максимович,капитан,9,34
Новиков Павел Кириллович,прапорщик,6,41
Новиков Егор Михайлович,капитан,10,54
Михайлов Роман Иванович,майор,8,52
Борисов Максим Алексеевич,рядовой,11,33
Фёдоров Артём Иванович,полковник,4,22
Захаров Сергей Олегович,майор,12,51
Фёдоров Виктор Иванович,лейтенант,5,21
Петров Павел Романович,прапорщик,2,30
Захаров Андрей Никитич,лейтенант,10,25
Борисов Денис Романович,полковник,12,23
Козлов Виктор Дмитриевич,лейтенант,2,18
Егоров Дмитрий Максимович,капитан,12,41
Степанов Олег Михайлович,капитан,4,56
Лебедев Сергей Иванович,майор,4,25
Макаров Максим Юрьевич,полковник,9,56
Соколов Никита Иванович,капитан,8,23
Алексеев Матвей Викторович,сержант,3,22
Яковлев Олег Михайлович,прапорщик,11,55
Яковлев Андрей Романович,полковник,4,43
Яковлев Алексей Дмитриевич,рядовой,11,22
Михайлов Михаил Максимович,майор,6,18
Соколов Андрей Алексеевич,лейтенант,6,48
Иванов Павел Алексеевич,майор,9,19
Зайцев Евгений Никитич,майор,6,43
Макаров Роман Кириллович,капитан,10,49
Новиков Алексей Юрьевич,рядовой,10,54
Егоров Виктор Алексеевич,капитан,5,28
Захаров Константин Сергеевич,полковник,2,35
Зайцев Илья Викторович,сержант,7,28
Лебедев Никита Ильич,прапорщик,11,32
Яковлев Андрей Максимович,капитан,12,43
Морозов Александр Михайлович,майор,1,49
Соколов Евгений Максимович,сержант,2,25
Степанов Матвей Сергеевич,майор,10,26
Зайцев Иван Алексеевич,полковник,9,48
Зайцев Денис Андреевич,полковник,6,36
Яковлев Денис Алексеевич,лейтенант,2,47
Морозов Алексей Иванович,сержант,11,30
Морозов Роман Андреевич,рядовой,5,27
Захаров Илья Андреевич,майор,10,48
Новиков Артём Александрович,полковник,6,52
Алексеев Виктор Павлович,прапорщик,8,32
Васильев Максим Дмитриевич,лейтенант,11,40
Фёдоров Алексей Павлович,рядовой,3,20
Васильев Артём Олегович,капитан,6,53
Орлов Юрий Андреевич,майор,3,24
Андреев Дмитрий Ильич,лейтенант,6,54
Алексеев Егор Дмитриевич,полковник,8,29
Яковлев Денис Олегович,полковник,4,59
Макаров Матвей Павлович,капитан,1,33
Борисов Егор Михайлович,лейтенант,12,23
Кочергин Степан Никитич,полковник,7,20
Степанов Алексей Михайлович,капитан,5,22
Смирнов Виктор Романович,лейтенант,12,53
Кочергин Виктор Романович,рядовой,8,48
Андреев Максим Сергеевич,прапорщик,1,51
Андреев Юрий Михайлович,лейтенант,6,38
Кочергин Сергей Максимович,сержант,7,24
Егоров Евгений Сергеевич,прапорщик,10,36
Кузнецов Олег Андреевич,капитан,8,36
Захаров Юрий Романович,сержант,2,40
Семёнов Алексей Иванович,капитан,2,18
Смирнов Павел Никитич,майор,6,42
Кочергин Максим Михайлович,полковник,6,36
Соловьёв Александр Алексеевич,капитан,1,51
Новиков Андрей Павлович,прапорщик,1,51
Егоров Андрей Дмитриевич,капитан,4,60
Макаров Илья Алексеевич,майор,7,38
Петров Михаил Никитич,капитан,8,31
Захаров Егор Алексеевич,сержант,6,21
Никитин Виктор Романович,майор,4,37
Кочергин Иван Павлович,лейтенант,7,43
Орлов Никита Викторович,капитан,12,54
Смирнов Артём Алексеевич,лейтенант,7,37
Николаев Алексей Михайлович,лейтенант,2,47
Смирнов Павел Андреевич,рядовой,4,51
Петров Павел Викторович,рядовой,9,31
Петров Максим Андреевич,прапорщик,6,32
Васильев Илья Дмитриевич,майор,10,26
Кочергин Евгений Сергеевич,полковник,1,44
Васильев Максим Андреевич,капитан,3,59
Лебедев Егор Ильич,рядовой,10,51
Захаров Илья Никитич,сержант,3,21
Никитин Кирилл Александрович,полковник,8,44
Михайлов Юрий Ильич,сержант,3,47
Иванов Юрий Кириллович,капитан,5,21
Зайцев Константин Павлович,полковник,2,34
Степанов Алексей Андреевич,полковник,9,55
Семёнов Матвей Михайлович,майор,2,29
Николаев Олег Павлович,рядовой,10,30
Степанов Олег Дмитриевич,майор,7,46
Сидоров Максим Андреевич,лейтенант,1,46
Михайлов Роман Сергеевич,майор,2,60
Егоров Роман Никитич,рядовой,8,25
Зайцев Константин Алексеевич,лейтенант,4,53
Новиков Илья Михайлович,капитан,5,45
Сидоров Александр Викторович,лейтенант,6,21
Иванов Дмитрий Александрович,рядовой,2,19
Сидоров Денис Михайлович,рядовой,1,60
Борисов Матвей Андреевич,полковник,11,22
Макаров Матвей Максимович,прапорщик,1,22
Новиков Максим Максимович,прапорщик,11,41
Лебедев Иван Сергеевич,лейтенант,6,56
Никитин Андрей Ильич,прапорщик,11,56
Козлов Сергей Юрьевич,прапорщик,5,26
Яковлев Артём Иванович,рядовой,7,39
Лебедев Виктор Иванович,майор,2,18
Михайлов Сергей Алексеевич,капитан,7,38
Николаев Степан Максимович,полковник,6,21
Новиков Степан Никитич,прапорщик,2,55
Павлов Иван Никитич,капитан,4,29
Борисов Роман Александрович,капитан,3,20
Попов Александр Романович,майор,11,43
Захаров Юрий Юрьевич,полковник,10,19
Степанов Павел Андреевич,прапорщик,8,31
Семёнов Дмитрий Сергеевич,прапорщик,9,37
Алексеев Максим Алексеевич,полковник,4,32
Зайцев Юрий Андреевич,лейтенант,2,49
Никитин Денис Алексеевич,полковник,1,58
Павлов Артём Дмитриевич,рядовой,10,19
Николаев Павел Иванович,майор,1,33
Егоров Илья Максимович,капитан,4,22
Алексеев Максим Александрович,майор,6,55
Сидоров Юрий Викторович,рядовой,12,23
Михайлов Евгений Ильич,лейтенант,12,57
Новиков Олег Ильич,капитан,5,34
Андреев Андрей Сергеевич,сержант,11,51
Сидоров Артём Дмитриевич,сержант,12,31
Яковлев Павел Дмитриевич,прапорщик,5,51
Морозов Михаил Олегович,капитан,5,50
Николаев Роман Никитич,сержант,9,24
Яковлев Павел Юрьевич,лейтенант,2,54
Захаров Алексей Дмитриевич,рядовой,6,21
Фёдоров Илья Никитич,лейтенант,9,37
Николаев Иван Дмитриевич,полковник,10,34
Козлов Иван Романович,лейтенант,10,36
Орлов Виктор Сергеевич,сержант,10,51
Захаров Юрий Романович,рядовой,9,22
Яковлев Степан Олегович,прапорщик,11,54
Степанов Кирилл Никитич,майор,1,18
Михайлов Кирилл Викторович,капитан,6,33
Никитин Юрий Алексеевич,рядовой,2,34
Николаев Михаил Максимович,полковник,4,56
Николаев Алексей Михайлович,лейтенант,4,23
Зайцев Андрей Андреевич,прапорщик,8,39
Алексеев Константин Александрович,майор,7,28
Орлов Евгений Никитич,прапорщик,9,60
Зайцев Кирилл Юрьевич,полковник,1,57
Захаров Никита Андреевич,прапорщик,7,38
Семёнов Андрей Павлович,полковник,6,52
Смирнов Матвей Ильич,майор,4,41
Павлов Сергей Павлович,капитан,4,20
Андреев Степан Романович,прапорщик,6,50
Кочергин Матвей Дмитриевич,прапорщик,5,23
Макаров Андрей Сергеевич,сержант,8,21
Егоров Матвей Сергеевич,майор,12,35
Кочергин Виктор Максимович,рядовой,10,37
Михайлов Виктор Юрьевич,сержант,12,33
Алексеев Максим Иванович,полковник,3,24
Степанов Виктор Иванович,прапорщик,9,36
Морозов Евгений Павлович,капитан,4,47
Сидоров Максим Андреевич,сержант,5,21
Козлов Степан Михайлович,рядовой,11,44
Соловьёв Максим Михайлович,прапорщик,9,36
Петров Олег Романович,полковник,2,42
Захаров Юрий Романович,сержант,2,47
Петров Константин Олегович,прапорщик,7,46
Лебедев Павел Ильич,капитан,3,58
Степанов Денис Никитич,полковник,1,39
Яковлев Андрей Кириллович,капитан,11,50
Кузнецов Андрей Максимович,прапорщик,10,47
Семёнов Константин Ильич,капитан,3,28
Зайцев Олег Дмитриевич,майор,12,46
Соколов Максим Алексеевич,сержант,5,34
Захаров Андрей Алексеевич,полковник,12,56
Андреев Александр Иванович,сержант,6,38
Соловьёв Роман Павлович,сержант,4,55
Павлов Иван Юрьевич,лейтенант,2,36
Андреев Илья Дмитриевич,рядовой,12,41
Кочергин Юрий Алексеевич,прапорщик,3,33
Иванов Иван Максимович,майор,8,28
Фёдоров Иван Олегович,рядовой,1,51
Соколов Егор Юрьевич,полковник,1,34
Зайцев Кирилл Павлович,прапорщик,1,31
Семёнов Константин Павлович,лейтенант,8,60
Новиков Виктор Викторович,капитан,7,50
Алексеев Олег Андреевич,капитан,5,23
Фёдоров Степан Максимович,полковник,3,43
Иванов Максим Михайлович,капитан,12,38
Лебедев Андрей Олегович,прапорщик,9,29
Михайлов Максим Сергеевич,капитан,8,30
Павлов Павел Максимович,рядовой,1,23
Алексеев Илья Иванович,лейтенант,2,35
Петров Матвей Иванович,майор,10,21
Степанов Кирилл Александрович,майор,11,40
Захаров Иван Олегович,рядовой,6,51
Новиков Степан Михайлович,лейтенант,5,27
Кочергин Иван Иванович,полковник,4,52
Алексеев Егор Юрьевич,майор,9,49
Козлов Денис Никитич,сержант,3,22
Зайцев Дмитрий Павлович,майор,6,48
Семёнов Олег Михайлович,сержант,6,36
Васильев Олег Ильич,сержант,10,35
Попов Олег Андреевич,лейтенант,8,46
Соловьёв Максим Викторович,сержант,8,23
Борисов Матвей Михайлович,полковник,4,58
Орлов Матвей Ильич,капитан,1,18
Захаров Роман Андреевич,майор,7,46
Лебедев Илья Максимович,прапорщик,6,51
Кузнецов Сергей Никитич,рядовой,5,31
Николаев Степан Викторович,прапорщик,5,37
Козлов Алексей Андреевич,рядовой,1,52
Борисов Степан Ильич,майор,4,40
Николаев Илья Александрович,прапорщик,7,38
Макаров Олег Олегович,майор,2,25
Лебедев Виктор Андреевич,лейтенант,12,40
Сидоров Алексей Ильич,лейтенант,4,57
Фёдоров Матвей Романович,майор,4,60
Васильев Сергей Кириллович,лейтенант,10,19
Никитин Никита Андреевич,майор,11,35
Новиков Иван Андреевич,капитан,12,43
Новиков Иван Юрьевич,полковник,12,55
Сидоров Степан Никитич,капитан,4,24
Захаров Степан Ильич,полковник,9,45
Васильев Иван Викторович,прапорщик,6,40
Захаров Виктор Ильич,сержант,1,51
Сидоров Егор Михайлович,лейтенант,1,21
Никитин Евгений Дмитриевич,лейтенант,4,49
Смирнов Виктор Юрьевич,рядовой,9,34
Соловьёв Андрей Ильич,лейтенант,5,25
Соколов Евгений Максимович,рядовой,7,51
Новиков Сергей Юрьевич,капитан,10,60
Лебедев Павел Ильич,рядовой,8,24
Андреев Денис Алексеевич,капитан,10,27
Яковлев Роман Алексеевич,сержант,5,33
Фёдоров Михаил Викторович,полковник,9,42
Павлов Павел Сергеевич,майор,8,43
Алексеев Денис Александрович,полковник,10,54
Соловьёв Павел Дмитриевич,капитан,2,52
Михайлов Артём Сергеевич,лейтенант,2,54
Новиков Олег Максимович,рядовой,8,49
Лебедев Артём Сергеевич,майор,6,39
Иванов Роман Алексеевич,сержант,8,35
Андреев Константин Александрович,рядовой,12,20
Фёдоров Матвей Павлович,полковник,10,33
Яковлев Евгений Ильич,лейтенант,12,21
Козлов Юрий Ильич,прапорщик,6,28
Иванов Степан Сергеевич,прапорщик,6,50
Сидоров Егор Дмитриевич,лейтенант,10,29
Иванов Дмитрий Романович,майор,11,25
Андреев Алексей Павлович,полковник,6,30
Попов Илья Александрович,полковник,3,32
Павлов Матвей Андреевич,рядовой,3,49
Иванов Егор Михайлович,рядовой,4,50
Орлов Максим Михайлович,прапорщик,7,31
Никитин Матвей Юрьевич,капитан,2,49
Новиков Дмитрий Кириллович,лейтенант,9,44
Андреев Матвей Павлович,прапорщик,2,42
Кузнецов Степан Павлович,капитан,8,43
Соловьёв Степан Алексеевич,полковник,12,53
Андреев Александр Иванович,капитан,7,19
Петров Виктор Максимович,полковник,3,55
Морозов Михаил Иванович,сержант,9,38
Яковлев Сергей Сергеевич,лейтенант,4,45
Соловьёв Денис Сергеевич,рядовой,9,37
Макаров Андрей Романович,капитан,8,58
Егоров Денис Михайлович,майор,2,57
Орлов Юрий Павлович,майор,10,56
Козлов Максим Ильич,прапорщик,3,27
Васильев Олег Александрович,сержант,8,42
Борисов Степан Алексеевич,полковник,5,51
Соколов Никита Максимович,полковник,9,53
Зайцев Роман Никитич,полковник,7,29
Степанов Михаил Олегович,майор,8,26
Фёдоров Андрей Алексеевич,сержант,11,45
Васильев Степан Дмитриевич,лейтенант,4,25
Степанов Андрей Никитич,прапорщик,9,37
Степанов Александр Юрьевич,полковник,11,21
Кочергин Павел Юрьевич,прапорщик,7,28
Морозов Максим Павлович,капитан,4,23
Кузнецов Максим Александрович,лейтенант,5,37
Смирнов Артём Максимович,прапорщик,1,31
Лебедев Егор Александрович,полковник,6,35
Борисов Михаил Романович,капитан,10,50
Соловьёв Сергей Дмитриевич,майор,4,41
Соловьёв Михаил Юрьевич,капитан,10,50
Борисов Артём Романович,лейтенант,8,18
Никитин Алексей Кириллович,полковник,7,44
Петров Виктор Максимович,прапорщик,6,35
Егоров Дмитрий Павлович,прапорщик,7,43
Алексеев Олег Дмитриевич,лейтенант,9,18
Михайлов Кирилл Романович,рядовой,2,46
Кочергин Александр Максимович,майор,11,47
Михайлов Дмитрий Никитич,рядовой,12,27
Семёнов Кирилл Сергеевич,лейтенант,5,39
Никитин Степан Ильич,полковник,1,55
Кузнецов Егор Павлович,рядовой,8,32
Смирнов Денис Никитич,лейтенант,4,19
Степанов Артём Александрович,прапорщик,4,22
Орлов Иван Александрович,сержант,8,24
Павлов Егор Дмитриевич,лейтенант,3,33
Степанов Олег Ильич,полковник,11,59
Егоров Иван Михайлович,капитан,2,60
Соловьёв Артём Максимович,лейтенант,10,43
Никитин Артём Никитич,лейтенант,3,45
Иванов Кирилл Сергеевич,капитан,12,31
Соколов Кирилл Викторович,сержант,6,43
Сидоров Егор Викторович,лейтенант,1,43
Попов Кирилл Юрьевич,лейтенант,10,33
Никитин Олег Александрович,полковник,4,36
Морозов Константин Михайлович,лейтенант,1,42
Николаев Илья Сергеевич,лейтенант,2,57
Орлов Денис Сергеевич,сержант,11,38
Новиков Денис Алексеевич,сержант,8,60
Попов Александр Сергеевич,полковник,7,25
Иванов Олег Алексеевич,рядовой,11,51
Борисов Егор Александрович,прапорщик,7,26
Морозов Павел Романович,полковник,9,57
Макаров Евгений Юрьевич,полковник,9,32
Морозов Роман Кириллович,прапорщик,10,26
Павлов Алексей Олегович,прапорщик,10,45
Макаров Андрей Никитич,полковник,6,41
Морозов Сергей Михайлович,майор,3,40
Лебедев Павел Романович,рядовой,5,43
Лебедев Кирилл Викторович,сержант,3,34
Зайцев Виктор Юрьевич,лейтенант,4,55
Морозов Юрий Ильич,рядовой,2,26
Павлов Илья Александрович,полковник,6,44
Кузнецов Иван Романович,капитан,7,24
Васильев Михаил Александрович,полковник,6,58
Павлов Андрей Романович,полковник,2,29
Егоров Виктор Иванович,сержант,7,29
Сидоров Евгений Олегович,майор,2,56
Попов Илья Иванович,прапорщик,8,23
Петров Олег Сергеевич,лейтенант,6,37
Зайцев Артём Олегович,майор,7,40
Иванов Денис Алексеевич,майор,6,58
Лебедев Максим Кириллович,прапорщик,9,25
Кочергин Матвей Викторович,лейтенант,12,21
Зайцев Максим Никитич,рядовой,5,54
Соколов Кирилл Иванович,сержант,2,59
Козлов Артём Никитич,прапорщик,8,47
Зайцев Дмитрий Андреевич,капитан,10,43
Лебедев Матвей Олегович,прапорщик,8,32
Орлов Степан Сергеевич,сержант,2,33
Борисов Олег Максимович,капитан,7,37
Кузнецов Иван Андреевич,сержант,4,32
Степанов Никита Александрович,лейтенант,1,56
Степанов Денис Иванович,капитан,5,56
Андреев Михаил Михайлович,рядовой,5,35
Попов Егор Александрович,полковник,4,27
Захаров Максим Алексеевич,рядовой,1,59
Фёдоров Михаил Романович,капитан,4,28
Яковлев Юрий Юрьевич,майор,6,27
Лебедев Максим Дмитриевич,капитан,10,28
Яковлев Егор Юрьевич,сержант,6,51
Михайлов Матвей Андреевич,капитан,3,39
Соколов Максим Романович,полковник,1,44
Зайцев Павел Андреевич,прапорщик,6,42
Иванов Олег Дмитриевич,полковник,10,44
Смирнов Виктор Максимович,капитан,8,45
Васильев Михаил Романович,рядовой,9,47
Степанов Степан Олегович,рядовой,4,25
Михайлов Михаил Викторович,майор,11,29
Васильев Олег Олегович,майор,11,20
Петров Сергей Ильич,прапорщик,1,25
Соколов Алексей Александрович,прапорщик,9,52
Смирнов Матвей Романович,сержант,9,40
Смирнов Сергей Сергеевич,лейтенант,6,19
Егоров Максим Викторович,лейтенант,7,44
Никитин Сергей Иванович,майор,6,46
Семёнов Михаил Дмитриевич,майор,9,54
Смирнов Роман Максимович,капитан,6,44
Козлов Евгений Кириллович,майор,11,19
Фёдоров Павел Андреевич,сержант,2,39
Алексеев Юрий Юрьевич,майор,10,52
Алексеев Сергей Павлович,рядовой,3,48
Лебедев Никита Михайлович,майор,8,43
Смирнов Дмитрий Александрович,лейтенант,6,34
Егоров Егор Михайлович,полковник,1,34
Михайлов Михаил Михайлович,рядовой,11,34
Михайлов Сергей Александрович,капитан,10,50
Сидоров Никита Алексеевич,лейтенант,12,21
Орлов Максим Алексеевич,майор,8,52
Николаев Кирилл Олегович,капитан,12,20
Зайцев Никита Максимович,майор,1,26
Козлов Кирилл Викторович,майор,7,32
Васильев Кирилл Александрович,майор,9,32
Павлов Степан Юрьевич,сержант,3,37
Соколов Максим Дмитриевич,полковник,2,18
Иванов Сергей Андреевич,прапорщик,4,40
Борисов Сергей Иванович,капитан,7,47
Никитин Михаил Ильич,капитан,12,53
Кочергин Сергей Александрович,лейтенант,1,30
Петров Илья Викторович,капитан,10,48
Смирнов Иван Сергеевич,прапорщик,3,32
Никитин Матвей Олегович,прапорщик,8,36
Соловьёв Кирилл Александрович,прапорщик,7,19
Фёдоров Виктор Никитич,рядовой,12,18
Николаев Андрей Михайлович,сержант,11,49
Кочергин Александр Олегович,рядовой,8,58
Соколов Константин Михайлович,майор,7,22
Козлов Павел Максимович,рядовой,1,39
Никитин Степан Ильич,капитан,11,31
Кочергин Александр Никитич,майор,7,19
Никитин Евгений Андреевич,прапорщик,8,28
Сидоров Михаил Андреевич,сержант,11,18
Захаров Сергей Дмитриевич,капитан,8,24
Борисов Кирилл Алексеевич,капитан,4,32
Андреев Артём Никитич,прапорщик,3,28
Кузнецов Денис Михайлович,полковник,6,58
Семёнов Артём Иванович,сержант,11,27
Макаров Максим Михайлович,сержант,7,45
Павлов Александр Александрович,рядовой,7,38
Павлов Егор Александрович,майор,3,32
Сидоров Сергей Дмитриевич,капитан,10,59
Козлов Матвей Юрьевич,сержант,9,48
Макаров Олег Павлович,сержант,6,46
Кочергин Илья Сергеевич,лейтенант,1,53
Егоров Максим Андреевич,лейтенант,10,52
Козлов Виктор Никитич,сержант,1,36
Орлов Константин Александрович,сержант,2,38
Егоров Андрей Андреевич,полковник,6,56
Никитин Алексей Александрович,капитан,10,29
Козлов Павел Павлович,полковник,4,26
Яковлев Александр Дмитриевич,сержант,9,23
Попов Илья Юрьевич,рядовой,3,48
Михайлов Максим Олегович,лейтенант,10,39
Васильев Олег Романович,сержант,2,21
Яковлев Денис Романович,прапорщик,12,57
Соловьёв Егор Андреевич,рядовой,2,59
Васильев Павел Александрович,лейтенант,8,48
Макаров Максим Михайлович,рядовой,9,19
Семёнов Иван Максимович,сержант,10,39
Борисов Иван Юрьевич,капитан,8,24
Соловьёв Константин Павлович,сержант,3,24
Морозов Никита Никитич,лейтенант,3,28
Соловьёв Иван Ильич,капитан,4,53
Захаров Михаил Кириллович,майор,1,32
Лебедев Иван Олегович,майор,1,60
Захаров Денис Михайлович,полковник,11,60
Иванов Константин Олегович,сержант,5,48
Смирнов Егор Максимович,рядовой,7,47
Кузнецов Алексей Олегович,сержант,11,47
Зайцев Кирилл Викторович,полковник,10,25
Андреев Виктор Павлович,капитан,11,38
Соколов Кирилл Павлович,лейтенант,2,36
Борисов Дмитрий Дмитриевич,прапорщик,3,52
Смирнов Матвей Юрьевич,капитан,12,59
Степанов Олег Максимович,лейтенант,2,33
Алексеев Юрий Олегович,полковник,5,26
Зайцев Кирилл Александрович,полковник,12,22
Соколов Евгений Никитич,сержант,7,24
Орлов Иван Павлович,полковник,3,42
Козлов Никита Павлович,капитан,12,22
Кочергин Алексей Дмитриевич,сержант,6,19
Попов Павел Иванович,рядовой,10,30
Кочергин Алексей Юрьевич,прапорщик,10,43
Семёнов Константин Кириллович,лейтенант,6,29
Кузнецов Олег Павлович,капитан,5,50
Никитин Илья Иванович,полковник,4,55
Андреев Роман Андреевич,лейтенант,11,29
Борисов Андрей Алексеевич,рядовой,7,46
Борисов Роман Викторович,рядовой,10,41
Новиков Константин Алексеевич,полковник,8,36
Яковлев Евгений Александрович,капитан,5,47
Семёнов Денис Кириллович,рядовой,8,47
Васильев Виктор Михайлович,майор,1,40
Попов Михаил Михайлович,сержант,5,24
Сидоров Андрей Александрович,полковник,8,41
Фёдоров Олег Ильич,рядовой,3,25
Николаев Константин Ильич,майор,3,49
Павлов Егор Олегович,рядовой,2,44
Попов Артём Михайлович,полковник,4,48
Новиков Артём Андреевич,лейтенант,6,54
Семёнов Артём Павлович,сержант,8,30
Васильев Павел Викторович,капитан,8,21
Никитин Юрий Александрович,капитан,12,48
Козлов Максим Максимович,сержант,5,22
Козлов Иван Никитич,полковник,12,24
Никитин Максим Андреевич,прапорщик,3,55
Семёнов Михаил Павлович,капитан,8,37
Егоров Юрий Кириллович,полковник,11,34
Козлов Кирилл Кириллович,прапорщик,2,45
Кочергин Виктор Кириллович,рядовой,12,55
Макаров Юрий Юрьевич,рядовой,8,50
Зайцев Илья Александрович,прапорщик,9,44
Козлов Евгений Никитич,рядовой,5,51
Захаров Артём Дмитриевич,капитан,6,33
Николаев Кирилл Сергеевич,сержант,6,49
Петров Павел Иванович,капитан,6,35
Орлов Иван Никитич,сержант,10,20
Егоров Егор Андреевич,лейтенант,9,28
Петров Михаил Викторович,рядовой,2,24
Кочергин Сергей Иванович,полковник,7,32
Козлов Иван Олегович,прапорщик,10,51
Николаев Михаил Ильич,рядовой,4,52
Андреев Евгений Иванович,капитан,2,56
Фёдоров Андрей Дмитриевич,капитан,9,31
Семёнов Максим Кириллович,прапорщик,11,33
Борисов Дмитрий Максимович,сержант,8,40
Андреев Матвей Максимович,полковник,7,27
Захаров Матвей Иванович,майор,12,51
Егоров Евгений Романович,лейтенант,7,37
Захаров Евгений Юрьевич,сержант,11,49
Орлов Виктор Олегович,капитан,12,43
Николаев Евгений Ильич,лейтенант,4,18
Смирнов Денис Максимович,капитан,9,19
Кочергин Михаил Олегович,майор,4,36
Морозов Илья Максимович,рядовой,2,25
Попов Дмитрий Павлович,майор,5,55
Фёдоров Матвей Кириллович,майор,11,32
Петров Юрий Павлович,полковник,12,51
Макаров Сергей Олегович,полковник,10,51
Попов Денис Викторович,капитан,8,47
Макаров Матвей Михайлович,майор,6,50
Андреев Александр Павлович,майор,6,28
Фёдоров Никита Александрович,майор,3,53
Алексеев Михаил Михайлович,лейтенант,7,26
Степанов Виктор Максимович,рядовой,9,38
Васильев Максим Кириллович,прапорщик,1,27
Андреев Максим Иванович,полковник,8,42
Лебедев Дмитрий Юрьевич,рядовой,7,37
Морозов Александр Романович,лейтенант,4,27
Иванов Виктор Максимович,полковник,5,21
Соколов Степан Михайлович,рядовой,10,56
Кочергин Илья Никитич,майор,3,33
Кузнецов Илья Максимович,рядовой,4,60
Смирнов Виктор Михайлович,майор,10,32
Козлов Дмитрий Ильич,капитан,7,22
Степанов Илья Алексеевич,прапорщик,4,53
Соколов Максим Юрьевич,рядовой,5,26
Михайлов Кирилл Ильич,лейтенант,12,46
Павлов Артём Юрьевич,лейтенант,2,33
Сидоров Кирилл Иванович,полковник,3,21
Борисов Сергей Романович,майор,7,31
Никитин Евгений Сергеевич,капитан,6,41
Кочергин Кирилл Андреевич,лейтенант,2,37
Никитин Степан Романович,полковник,9,24
Зайцев Егор Юрьевич,капитан,3,43
Николаев Павел Дмитриевич,прапорщик,6,49
Смирнов Денис Иванович,сержант,3,44
Михайлов Михаил Иванович,прапорщик,9,59
Козлов Александр Андреевич,рядовой,2,48
Петров Юрий Романович,прапорщик,11,19
Петров Иван Иванович,майор,4,21
Сидоров Юрий Юрьевич,прапорщик,5,49
Андреев Алексей Павлович,майор,7,56
Алексеев Матвей Дмитриевич,лейтенант,2,52
Захаров Илья Михайлович,майор,1,46
Семёнов Матвей Андреевич,рядовой,10,40
Соколов Олег Андреевич,сержант,4,60
Павлов Кирилл Дмитриевич,сержант,8,40
Фёдоров Роман Павлович,сержант,2,39
Соколов Дмитрий Михайлович,капитан,12,58
Кочергин Роман Александрович,капитан,2,21
Васильев Олег Павлович,майор,5,23
Кузнецов Павел Юрьевич,сержант,12,43
Зайцев Константин Викторович,майор,7,32
Егоров Никита Александрович,капитан,1,23
Захаров Роман Викторович,капитан,7,33
Николаев Максим Ильич,полковник,10,43
Петров Роман Максимович,лейтенант,10,51
Козлов Константин Александрович,прапорщик,11,59
Соловьёв Александр Дмитриевич,капитан,2,35
Козлов Степан Сергеевич,прапорщик,2,38
Фёдоров Андрей Олегович,прапорщик,8,19
Соколов Максим Максимович,лейтенант,8,34
Васильев Егор Дмитриевич,полковник,7,25
Соловьёв Максим Сергеевич,лейтенант,8,25
Соколов Константин Андреевич,рядовой,4,37
Егоров Евгений Никитич,сержант,4,58
Смирнов Егор Александрович,сержант,3,46
Никитин Степан Максимович,сержант,4,28
Сидоров Константин Ильич,прапорщик,6,54
Алексеев Матвей Михайлович,полковник,1,19
Кочергин Павел Юрьевич,рядовой,12,42
Борисов Константин Олегович,майор,6,33
Козлов Константин Ильич,прапорщик,1,52
Егоров Павел Павлович,прапорщик,3,20
Иванов Иван Алексеевич,лейтенант,7,20
Семёнов Сергей Алексеевич,прапорщик,7,60
Новиков Андрей Андреевич,майор,12,54
Попов Артём Александрович,лейтенант,3,25
Михайлов Павел Павлович,рядовой,4,59
Васильев Александр Андреевич,прапорщик,2,34
Кузнецов Виктор Ильич,лейтенант,8,53
Козлов Александр Михайлович,полковник,5,54
Степанов Павел Олегович,полковник,6,49
Орлов Максим Максимович,лейтенант,11,40
Егоров Алексей Александрович,майор,1,33
Андреев Олег Александрович,капитан,10,56
Андреев Павел Романович,лейтенант,12,46
Павлов Илья Олегович,полковник,6,53
Зайцев Илья Иванович,полковник,10,48
Петров Кирилл Ильич,капитан,11,24
Яковлев Иван Дмитриевич,рядовой,7,27
Новиков Максим Юрьевич,майор,5,50
Яковлев Евгений Алексеевич,сержант,11,19
Смирнов Максим Иванович,капитан,10,29
Кочергин Михаил Алексеевич,рядовой,1,55
Степанов Роман Викторович,майор,4,31
Андреев Виктор Сергеевич,капитан,3,27
Семёнов Михаил Павлович,полковник,8,37
Степанов Матвей Олегович,сержант,2,26
Егоров Никита Михайлович,прапорщик,6,47
Попов Матвей Михайлович,полковник,1,51
Орлов Константин Иванович,полковник,7,51
Попов Юрий Михайлович,майор,10,31
Кочергин Роман Дмитриевич,капитан,4,59
Михайлов Степан Михайлович,капитан,6,42
Макаров Дмитрий Ильич,майор,8,29
Андреев Михаил Михайлович,капитан,4,21
Петров Виктор Андреевич,прапорщик,1,49
Попов Андрей Никитич,майор,4,33
Иванов Егор Викторович,полковник,3,28
Морозов Александр Павлович,полковник,7,49
Сидоров Роман Михайлович,сержант,6,25
Соколов Константин Юрьевич,майор,11,24
Орлов Евгений Иванович,сержант,8,50
Соловьёв Артём Олегович,сержант,8,32
Морозов Виктор Михайлович,сержант,1,58
Соколов Сергей Михайлович,прапорщик,7,21
Захаров Илья Романович,полковник,12,31
Семёнов Денис Михайлович,рядовой,5,22
Семёнов Степан Александрович,лейтенант,4,54
Андреев Максим Кириллович,лейтенант,4,36
Захаров Андрей Алексеевич,лейтенант,11,40
Зайцев Юрий Ильич,прапорщик,4,21
Михайлов Роман Ильич,рядовой,5,29
Соловьёв Александр Александрович,рядовой,1,48
Семёнов Павел Максимович,сержант,11,38
Сидоров Артём Дмитриевич,прапорщик,2,21
Никитин Евгений Ильич,капитан,3,59
Зайцев Евгений Кириллович,сержант,9,36
Борисов Иван Юрьевич,лейтенант,3,37
Новиков Сергей Кириллович,капитан,4,19
Зайцев Илья Андреевич,прапорщик,4,30
Морозов Александр Дмитриевич,рядовой,7,34
Новиков Олег Андреевич,прапорщик,4,26
Новиков Артём Ильич,капитан,7,41
Алексеев Степан Юрьевич,лейтенант,6,60
Захаров Юрий Иванович,рядовой,1,50
Кузнецов Дмитрий Сергеевич,прапорщик,2,44
Кочергин Дмитрий Романович,капитан,8,33
Семёнов Максим Никитич,рядовой,5,38
Семёнов Иван Викторович,полковник,6,40
Егоров Максим Кириллович,майор,3,47
Алексеев Илья Иванович,майор,8,32
Смирнов Никита Дмитриевич,прапорщик,10,27
Захаров Алексей Ильич,прапорщик,8,36
Степанов Юрий Михайлович,прапорщик,12,46
Михайлов Максим Романович,капитан,5,50
Павлов Матвей Павлович,полковник,6,48
Николаев Никита Дмитриевич,полковник,2,37
Яковлев Артём Андреевич,лейтенант,1,39
Фёдоров Олег Михайлович,майор,6,37
Алексеев Юрий Романович,прапорщик,11,37
Смирнов Артём Викторович,сержант,3,21
Лебедев Никита Алексеевич,полковник,10,29
Соловьёв Евгений Викторович,лейтенант,2,58
Зайцев Дмитрий Павлович,рядовой,5,33
Кочергин Иван Кириллович,рядовой,1,27
Петров Артём Викторович,лейтенант,5,53
Захаров Степан Романович,рядовой,2,22
Зайцев Андрей Никитич,капитан,7,39
Степанов Евгений Кириллович,рядовой,11,51
Морозов Юрий Максимович,капитан,1,35
Макаров Иван Михайлович,рядовой,6,25
Борисов Андрей Иванович,полковник,8,60
Кочергин Андрей Ильич,капитан,2,37
Борисов Матвей Романович,рядовой,5,19
Степанов Матвей Павлович,капитан,4,53
Иванов Виктор Михайлович,лейтенант,11,35
Алексеев Юрий Александрович,рядовой,10,45
Васильев Андрей Иванович,сержант,6,39
Яковлев Илья Андреевич,сержант,3,26
Петров Андрей Алексеевич,сержант,7,21
Николаев Михаил Викторович,полковник,4,58
Орлов Евгений Романович,сержант,3,33
Петров Денис Павлович,лейтенант,11,44
Новиков Кирилл Дмитриевич,полковник,12,58
Петров Андрей Олегович,лейтенант,6,31
Морозов Дмитрий Александрович,лейтенант,6,43
Павлов Степан Павлович,прапорщик,12,20
Борисов Степан Дмитриевич,рядовой,8,49
Захаров Артём Олегович,прапорщик,2,45
Козлов Денис Максимович,прапорщик,7,21
Алексеев Алексей Сергеевич,лейтенант,1,52
Алексеев Степан Сергеевич,полковник,7,52
Новиков Иван Романович,рядовой,10,23
Захаров Сергей Юрьевич,прапорщик,11,35
Соколов Никита Александрович,капитан,6,51
Алексеев Артём Михайлович,прапорщик,9,33
Макаров Юрий Кириллович,майор,8,23
Новиков Константин Иванович,майор,9,43
Смирнов Виктор Максимович,полковник,6,31
Павлов Олег Михайлович,майор,1,47
Орлов Алексей Иванович,прапорщик,3,58
Козлов Александр Максимович,капитан,6,30
Михайлов Егор Олегович,майор,8,52
Кузнецов Юрий Викторович,полковник,3,42
Попов Степан Юрьевич,полковник,8,42
Орлов Александр Александрович,рядовой,6,60
Борисов Александр Алексеевич,прапорщик,2,30
Лебедев Денис Юрьевич,капитан,8,19
Фёдоров Кирилл Кириллович,лейтенант,10,45
Петров Илья Романович,майор,6,23
Попов Кирилл Романович,прапорщик,8,47
Павлов Андрей Викторович,прапорщик,8,24
Орлов Юрий Никитич,рядовой,10,23
Васильев Виктор Юрьевич,прапорщик,10,48
Никитин Кирилл Юрьевич,сержант,11,39
Петров Константин Алексеевич,лейтенант,6,34
Яковлев Алексей Ильич,майор,7,22
Никитин Евгений Алексеевич,полковник,2,29
Петров Кирилл Андреевич,полковник,8,28
Зайцев Илья Олегович,прапорщик,11,41
Смирнов Виктор Олегович,полковник,5,21
Васильев Никита Андреевич,сержант,5,22
Борисов Егор Алексеевич,полковник,6,42
Морозов Алексей Алексеевич,сержант,6,47
Орлов Кирилл Михайлович,рядовой,7,31
Кузнецов Виктор Олегович,лейтенант,2,58
Зайцев Александр Романович,сержант,9,48
Кузнецов Юрий Михайлович,капитан,3,23
Павлов Евгений Романович,лейтенант,6,51
Морозов Олег Олегович,майор,8,23
Алексеев Максим Викторович,рядовой,8,37
Егоров Евгений Дмитриевич,полковник,11,33
Орлов Матвей Никитич,майор,2,54
Иванов Иван Александрович,лейтенант,2,29
Морозов Андрей Максимович,полковник,6,38
Андреев Михаил Никитич,прапорщик,2,32
Попов Степан Ильич,капитан,11,57
Лебедев Егор Александрович,майор,5,51
Борисов Андрей Юрьевич,прапорщик,10,41
Иванов Матвей Павлович,прапорщик,6,47
Егоров Алексей Иванович,капитан,12,42
Морозов Константин Михайлович,прапорщик,12,42
Борисов Михаил Михайлович,рядовой,10,38
Соловьёв Денис Ильич,лейтенант,4,25
Козлов Сергей Александрович,сержант,2,31
Васильев Иван Максимович,полковник,7,51
Захаров Дмитрий Викторович,капитан,11,28
Борисов Денис Максимович,прапорщик,2,41
Петров Павел Никитич,сержант,9,50
Фёдоров Никита Кириллович,капитан,11,35
Андреев Дмитрий Никитич,лейтенант,5,20
Борисов Кирилл Кириллович,майор,12,33
Кочергин Олег Дмитриевич,прапорщик,11,34
Кузнецов Матвей Дмитриевич,майор,4,55
Фёдоров Константин Викторович,рядовой,6,58
Егоров Егор Викторович,капитан,11,44
Алексеев Виктор Юрьевич,сержант,5,58
Сидоров Михаил Викторович,рядовой,3,21
Семёнов Иван Романович,рядовой,1,56
Козлов Иван Кириллович,капитан,10,44
Фёдоров Никита Сергеевич,сержант,4,37
Павлов Илья Иванович,полковник,3,49
Захаров Павел Викторович,полковник,3,48
Попов Сергей Александрович,рядовой,2,37
Орлов Юрий Сергеевич,прапорщик,3,35
Васильев Александр Павлович,сержант,12,45
Васильев Юрий Александрович,лейтенант,3,47
Алексеев Олег Михайлович,прапорщик,1,31
Семёнов Дмитрий Андреевич,майор,6,41
Егоров Артём Александрович,капитан,4,57
Попов Степан Романович,прапорщик,7,31
Николаев Виктор Сергеевич,сержант,7,39
Соколов Максим Андреевич,рядовой,11,59
Смирнов Павел Максимович,майор,8,30
Зайцев Олег Романович,прапорщик,5,29
Сидоров Константин Никитич,сержант,6,41
Фёдоров Никита Олегович,прапорщик,10,25
Зайцев Роман Никитич,лейтенант,12,23
Смирнов Степан Олегович,прапорщик,7,22
Морозов Никита Михайлович,лейтенант,4,42
Козлов Никита Юрьевич,капитан,4,43
Васильев Виктор Алексеевич,капитан,7,58
Петров Алексей Андреевич,майор,6,24
Яковлев Иван Александрович,рядовой,9,18
Лебедев Артём Максимович,сержант,3,28
Семёнов Никита Олегович,рядовой,4,18
Борисов Максим Александрович,сержант,4,45
Новиков Павел Дмитриевич,рядовой,9,26
Кочергин Михаил Юрьевич,лейтенант,12,50
Сидоров Степан Алексеевич,капитан,1,52
Алексеев Степан Кириллович,прапорщик,1,28
Новиков Артём Сергеевич,рядовой,3,39
Васильев Артём Андреевич,сержант,4,58
Павлов Илья Андреевич,капитан,2,47
Макаров Павел Александрович,полковник,7,31
Лебедев Кирилл Сергеевич,лейтенант,9,55
Борисов Константин Алексеевич,полковник,11,47
Смирнов Евгений Дмитриевич,сержант,7,32
Козлов Михаил Павлович,лейтенант,5,34
Кузнецов Илья Романович,прапорщик,4,56
Васильев Роман Викторович,майор,1,33
Соколов Никита Олегович,капитан,11,26
Павлов Роман Павлович,капитан,9,57
Лебедев Павел Кириллович,прапорщик,6,44
Васильев Алексей Юрьевич,полковник,7,20
Фёдоров Матвей Максимович,прапорщик,6,40
Васильев Денис Никитич,майор,8,29
Орлов Кирилл Иванович,капитан,5,24
Васильев Евгений Александрович,сержант,12,42
Андреев Илья Олегович,прапорщик,2,57
Павлов Олег Сергеевич,прапорщик,10,50
Васильев Матвей Максимович,рядовой,12,23
Захаров Максим Александрович,полковник,5,23
Смирнов Степан Павлович,сержант,12,58
Борисов Илья Андреевич,полковник,5,50
Соколов Иван Никитич,рядовой,2,27
Фёдоров Виктор Дмитриевич,сержант,12,52
Алексеев Матвей Юрьевич,прапорщик,2,40
Новиков Михаил Андреевич,капитан,12,22
Яковлев Матвей Романович,лейтенант,11,25
Михайлов Сергей Ильич,сержант,4,40
Андреев Андрей Дмитриевич,рядовой,12,56
Степанов Артём Максимович,рядовой,5,18
Зайцев Юрий Сергеевич,майор,7,58
Иванов Виктор Никитич,майор,4,55
Васильев Степан Олегович,капитан,3,48
Орлов Денис Андреевич,майор,9,24
Орлов Артём Олегович,сержант,7,40
Семёнов Александр Алексеевич,прапорщик,3,23
Никитин Илья Никитич,рядовой,7,40
Васильев Павел Романович,сержант,1,54
Михайлов Никита Викторович,прапорщик,2,18
Зайцев Евгений Кириллович,капитан,12,49
Борисов Дмитрий Павлович,лейтенант,9,45
Николаев Егор Иванович,капитан,10,55
Михайлов Кирилл Павлович,лейтенант,2,30
Егоров Александр Сергеевич,прапорщик,5,50
Павлов Максим Михайлович,рядовой,12,59
Сидоров Константин Максимович,капитан,5,45
Соловьёв Михаил Никитич,капитан,10,37
Макаров Роман Павлович,майор,6,33
Соколов Егор Кириллович,рядовой,4,28
Макаров Иван Максимович,капитан,2,48
Михайлов Дмитрий Олегович,лейтенант,12,27
Козлов Андрей Иванович,полковник,5,46
Яковлев Артём Никитич,рядовой,9,28
Соколов Олег Андреевич,рядовой,2,32
Петров Алексей Викторович,полковник,6,21
Никитин Артём Ильич,сержант,9,40
Сидоров Виктор Дмитриевич,прапорщик,1,55
Соколов Кирилл Романович,рядовой,5,26
Никитин Юрий Викторович,лейтенант,8,55
Степанов Юрий Иванович,капитан,10,59
Смирнов Михаил Ильич,рядовой,6,42
Кочергин Роман Викторович,лейтенант,5,30
Николаев Михаил Сергеевич,прапорщик,3,31
Попов Александр Никитич,майор,11,22
Фёдоров Никита Максимович,прапорщик,4,43
Сидоров Александр Андреевич,лейтенант,6,27
Кочергин Никита Алексеевич,капитан,4,41
Сидоров Павел Михайлович,капитан,8,53
Михайлов Павел Андреевич,полковник,11,31
Кузнецов Виктор Михайлович,сержант,1,33
Морозов Сергей Дмитриевич,сержант,7,52
Егоров Павел Максимович,рядовой,10,39
Павлов Виктор Павлович,рядовой,7,37
Степанов Олег Сергеевич,рядовой,6,44
Соколов Степан Александрович,рядовой,5,51
Сидоров Павел Михайлович,рядовой,11,45
Козлов Евгений Ильич,полковник,3,43
Кочергин Олег Дмитриевич,рядовой,8,59
Алексеев Олег Олегович,рядовой,3,31
Попов Сергей Олегович,майор,12,40
Соловьёв Артём Дмитриевич,сержант,3,20
Лебедев Илья Павлович,полковник,6,24
Смирнов Никита Олегович,майор,10,23
Кочергин Виктор Михайлович,полковник,10,24
Сидоров Андрей Викторович,лейтенант,5,25
Андреев Матвей Александрович,сержант,3,58
Соловьёв Никита Никитич,рядовой,1,59
Орлов Егор Никитич,лейтенант,5,40
Егоров Алексей Михайлович,полковник,8,18
Новиков Артём Павлович,сержант,12,30
Павлов Виктор Алексеевич,рядовой,7,40
Васильев Матвей Олегович,рядовой,6,18
Козлов Сергей Максимович,прапорщик,9,53
Яковлев Сергей Олегович,рядовой,9,25
Сидоров Александр Сергеевич,рядовой,2,31
Павлов Олег Алексеевич,прапорщик,10,30
Степанов Алексей Юрьевич,сержант,5,50
Егоров Дмитрий Романович,майор,1,39
Степанов Андрей Ильич,полковник,7,40
Семёнов Роман Викторович,полковник,6,52
Соловьёв Кирилл Никитич,рядовой,1,29
Михайлов Денис Александрович,капитан,12,30
Соколов Степан Викторович,сержант,4,57
Макаров Егор Викторович,сержант,2,22
Лебедев Денис Викторович,сержант,7,18
Семёнов Андрей Викторович,прапорщик,1,39
Попов Виктор Сергеевич,майор,5,45
Макаров Павел Сергеевич,майор,9,60
Степанов Матвей Романович,капитан,3,32
Степанов Алексей Максимович,прапорщик,2,50
Яковлев Алексей Александрович,капитан,8,41
Яковлев Илья Романович,сержант,5,18
Захаров Александр Сергеевич,полковник,5,37
Павлов Алексей Романович,сержант,11,51
Морозов Иван Михайлович,сержант,7,53
Сидоров Дмитрий Павлович,полковник,4,59
Николаев Дмитрий Сергеевич,прапорщик,5,56
Соловьёв Артём Сергеевич,сержант,8,49
Кузнецов Юрий Олегович,полковник,7,27
Смирнов Михаил Андреевич,сержант,11,25
Сидоров Олег Максимович,майор,1,37
Семёнов Артём Сергеевич,майор,2,32
Борисов Павел Иванович,капитан,4,45
Новиков Михаил Юрьевич,майор,7,30
Козлов Никита Максимович,майор,3,38
Егоров Денис Андреевич,рядовой,5,35
Семёнов Степан Викторович,сержант,2,55
Захаров Кирилл Александрович,майор,3,48
Андреев Юрий Викторович,рядовой,3,42
Смирнов Роман Олегович,прапорщик,8,34
Кузнецов Денис Юрьевич,лейтенант,2,58
Соколов Павел Александрович,прапорщик,8,29
Семёнов Олег Алексеевич,прапорщик,4,44
Морозов Сергей Михайлович,рядовой,2,20
Морозов Артём Ильич,рядовой,8,32
Захаров Олег Максимович,майор,2,39
Павлов Роман Викторович,майор,12,41
Семёнов Денис Викторович,рядовой,10,50
Сидоров Александр Юрьевич,полковник,4,54
Иванов Павел Кириллович,прапорщик,10,44
Морозов Юрий Никитич,полковник,8,30
Новиков Иван Иванович,рядовой,10,18
Макаров Егор Кириллович,прапорщик,4,25
Петров Матвей Александрович,лейтенант,8,35
Николаев Роман Кириллович,капитан,10,59
Иванов Константин Кириллович,капитан,9,28
Новиков Дмитрий Кириллович,майор,5,52
Макаров Виктор Иванович,полковник,5,40
Попов Илья Викторович,полковник,9,27
Борисов Егор Алексеевич,капитан,2,21
Кочергин Денис Павлович,сержант,6,42
Павлов Алексей Сергеевич,полковник,9,29
Андреев Михаил Дмитриевич,капитан,1,57
Смирнов Никита Андреевич,прапорщик,12,27
Борисов Андрей Павлович,рядовой,11,20
Борисов Роман Иванович,прапорщик,10,42
Кочергин Юрий Александрович,рядовой,7,28
Иванов Максим Юрьевич,капитан,7,58
Соловьёв Илья Максимович,лейтенант,11,50
Попов Дмитрий Кириллович,сержант,11,46
Морозов Иван Романович,сержант,9,38
Макаров Олег Ильич,капитан,8,38
Кочергин Олег Дмитриевич,сержант,3,60
Соколов Степан Кириллович,лейтенант,12,57
Яковлев Денис Романович,лейтенант,2,27
Кузнецов Роман Максимович,сержант,11,19
Кочергин Дмитрий Викторович,рядовой,10,47
Егоров Александр Дмитриевич,сержант,5,58
Никитин Иван Максимович,сержант,2,39
Васильев Дмитрий Никитич,рядовой,3,46
Зайцев Егор Романович,прапорщик,3,40
Смирнов Михаил Алексеевич,майор,4,50
Смирнов Матвей Алексеевич,капитан,12,39
Соколов Матвей Максимович,лейтенант,2,36
Фёдоров Никита Михайлович,сержант,5,55
Кузнецов Павел Олегович,прапорщик,2,44
Павлов Иван Иванович,рядовой,2,34
Никитин Дмитрий Дмитриевич,полковник,12,51
Соловьёв Артём Алексеевич,лейтенант,9,59
Петров Юрий Никитич,прапорщик,4,36
Иванов Иван Юрьевич,лейтенант,1,19
Павлов Артём Андреевич,капитан,12,41
Борисов Максим Дмитриевич,лейтенант,9,59
Лебедев Матвей Романович,капитан,11,48
Новиков Андрей Юрьевич,рядовой,8,27
Лебедев Александр Иванович,рядовой,8,36
Орлов Константин Кириллович,лейтенант,10,21
Николаев Артём Павлович,капитан,8,25
Васильев Евгений Михайлович,капитан,3,35
Иванов Артём Андреевич,полковник,7,60
Николаев Михаил Никитич,майор,7,47
Кочергин Сергей Максимович,рядовой,5,45
Фёдоров Степан Викторович,прапорщик,9,20
Иванов Егор Алексеевич,рядовой,9,54
Яковлев Максим Максимович,капитан,3,40
Орлов Кирилл Павлович,полковник,3,31
Сидоров Павел Сергеевич,сержант,10,52
Васильев Павел Андреевич,капитан,1,49
Борисов Алексей Викторович,капитан,6,56
Козлов Олег Викторович,полковник,9,58
Фёдоров Михаил Олегович,капитан,1,32
Козлов Степан Максимович,прапорщик,7,31
Яковлев Никита Юрьевич,капитан,10,34
Иванов Никита Максимович,сержант,9,38
Смирнов Сергей Дмитриевич,майор,6,30
Лебедев Михаил Ильич,майор,1,22
Семёнов Кирилл Александрович,майор,9,37
Лебедев Евгений Никитич,рядовой,9,35
Кочергин Степан Алексеевич,лейтенант,12,43
Сидоров Александр Сергеевич,капитан,1,47
Васильев Константин Олегович,капитан,9,29
Захаров Юрий Олегович,майор,11,41
Захаров Кирилл Никитич,капитан,10,47
Никитин Сергей Юрьевич,майор,9,54
Павлов Степан Михайлович,рядовой,9,25
Никитин Егор Юрьевич,лейтенант,9,46
Орлов Никита Иванович,майор,11,43
Соколов Виктор Олегович,полковник,8,28
Попов Павел Олегович,майор,5,55
Андреев Виктор Ильич,капитан,10,35
Яковлев Роман Иванович,полковник,3,30
Попов Дмитрий Ильич,полковник,5,46
Васильев Юрий Михайлович,рядовой,5,46
Андреев Егор Олегович,лейтенант,12,20
Степанов Матвей Павлович,прапорщик,7,19
Иванов Михаил Дмитриевич,капитан,6,29
Сидоров Артём Михайлович,прапорщик,1,24
Павлов Виктор Александрович,полковник,6,38
Соловьёв Александр Сергеевич,сержант,1,40
Алексеев Роман Сергеевич,сержант,6,32
Николаев Матвей Михайлович,сержант,10,41
Павлов Виктор Михайлович,рядовой,5,49
Кочергин Кирилл Никитич,сержант,9,60
Соловьёв Матвей Кириллович,майор,6,40
Васильев Роман Дмитриевич,рядовой,4,21
Петров Дмитрий Юрьевич,сержант,7,22
Фёдоров Илья Алексеевич,сержант,5,24
Алексеев Матвей Максимович,майор,4,41
Семёнов Дмитрий Ильич,сержант,5,31
Кузнецов Дмитрий Александрович,майор,11,22
Алексеев Сергей Романович,лейтенант,5,56
Попов Роман Викторович,майор,9,22
Андреев Сергей Александрович,рядовой,7,19
Новиков Никита Дмитриевич,полковник,9,18
Степанов Олег Максимович,прапорщик,8,42
Захаров Матвей Викторович,рядовой,9,31
Михайлов Павел Алексеевич,капитан,3,34
Захаров Олег Юрьевич,прапорщик,7,23
Егоров Максим Дмитриевич,майор,2,49
Лебедев Павел Викторович,сержант,2,60
Лебедев Кирилл Алексеевич,полковник,9,29
Борисов Егор Викторович,прапорщик,5,18
Орлов Алексей Сергеевич,рядовой,3,39
Кочергин Александр Павлович,майор,5,35
Андреев Алексей Иванович,лейтенант,12,26
Кочергин Никита Алексеевич,прапорщик,7,57
Иванов Дмитрий Максимович,майор,7,19
Соловьёв Константин Сергеевич,рядовой,2,45
Новиков Сергей Романович,полковник,12,49
Алексеев Юрий Дмитриевич,майор,11,57
Сидоров Кирилл Юрьевич,полковник,7,19
Кочергин Алексей Дмитриевич,полковник,12,34
Алексеев Никита Максимович,лейтенант,8,27
Васильев Андрей Викторович,полковник,1,58
Михайлов Илья Романович,майор,8,42
Яковлев Иван Юрьевич,рядовой,9,24
Новиков Никита Павлович,сержант,10,48
Попов Михаил Никитич,полковник,12,54
Фёдоров Сергей Алексеевич,рядовой,11,50
Смирнов Иван Андреевич,майор,11,53
Алексеев Виктор Романович,полковник,5,48
Соловьёв Павел Кириллович,лейтенант,3,56
Иванов Денис Романович,майор,5,26
Соловьёв Павел Олегович,рядовой,7,51
Васильев Матвей Никитич,капитан,5,55
Иванов Дмитрий Алексеевич,рядовой,2,57
Яковлев Илья Викторович,капитан,12,43
Васильев Иван Иванович,сержант,4,52
Сидоров Максим Алексеевич,рядовой,7,24
Андреев Никита Алексеевич,прапорщик,10,43
Михайлов Роман Павлович,рядовой,11,30
Андреев Олег Андреевич,рядовой,11,20
Соловьёв Денис Дмитриевич,сержант,1,24
Попов Сергей Алексеевич,полковник,3,29
Новиков Матвей Ильич,рядовой,3,44
Алексеев Илья Никитич,рядовой,9,34
Лебедев Илья Юрьевич,лейтенант,4,51
Егоров Артём Романович,сержант,10,51
Алексеев Никита Ильич,прапорщик,4,56
Андреев Иван Юрьевич,лейтенант,7,31
Фёдоров Константин Александрович,полковник,11,57
Морозов Алексей Алексеевич,рядовой,3,43
Семёнов Егор Максимович,рядовой,10,49
Кочергин Матвей Андреевич,лейтенант,2,53
Никитин Иван Романович,прапорщик,6,45
Орлов Артём Викторович,полковник,2,28
Морозов Иван Юрьевич,рядовой,3,24
Новиков Максим Викторович,капитан,2,58
Борисов Алексей Александрович,прапорщик,8,29
Попов Роман Сергеевич,майор,11,60
Лебедев Алексей Михайлович,лейтенант,9,24
Макаров Никита Максимович,полковник,10,43
Егоров Павел Павлович,рядовой,10,45
Кочергин Максим Михайлович,рядовой,1,23
Алексеев Никита Михайлович,капитан,10,40
Михайлов Юрий Кириллович,капитан,5,39
Козлов Никита Кириллович,лейтенант,3,18
Алексеев Павел Сергеевич,полковник,5,36
Степанов Илья Михайлович,рядовой,1,22
Михайлов Кирилл Викторович,рядовой,5,44
Зайцев Константин Павлович,майор,2,47
Андреев Евгений Павлович,лейтенант,7,58
Яковлев Александр Андреевич,лейтенант,4,37
Егоров Александр Никитич,майор,1,58
Захаров Александр Дмитриевич,полковник,7,36
Михайлов Михаил Алексеевич,сержант,9,53
Егоров Иван Александрович,капитан,6,29
Морозов Дмитрий Юрьевич,прапорщик,4,44
Кузнецов Виктор Кириллович,рядовой,8,20
Сидоров Андрей Сергеевич,рядовой,4,35
Орлов Максим Михайлович,сержант,7,43
Егоров Константин Романович,сержант,9,58
Козлов Роман Никитич,рядовой,6,58
Морозов Алексей Дмитриевич,майор,10,30
Михайлов Олег Алексеевич,сержант,3,60
Николаев Кирилл Иванович,полковник,3,56
Сидоров Иван Павлович,полковник,2,57
Попов Алексей Олегович,прапорщик,3,58
Михайлов Артём Александрович,майор,10,33
Алексеев Алексей Александрович,прапорщик,4,25
Иванов Егор Романович,полковник,6,44
Егоров Александр Максимович,лейтенант,11,40
Сидоров Кирилл Дмитриевич,сержант,4,30
Михайлов Сергей Алексеевич,майор,11,58
Борисов Константин Романович,полковник,7,23
Никитин Денис Никитич,сержант,5,38
Козлов Дмитрий Сергеевич,капитан,9,38
Смирнов Егор Алексеевич,майор,1,34
Козлов Виктор Павлович,майор,6,44
Козлов Дмитрий Максимович,майор,10,54
Егоров Егор Павлович,майор,8,29
Васильев Егор Павлович,рядовой,9,32
Соловьёв Виктор Максимович,лейтенант,11,20
Николаев Максим Сергеевич,прапорщик,7,50
Зайцев Егор Павлович,майор,1,47
Козлов Михаил Александрович,капитан,9,31
Зайцев Егор Олегович,капитан,9,25
Борисов Юрий Максимович,майор,4,59
Смирнов Сергей Романович,сержант,11,41
Борисов Артём Иванович,рядовой,7,37
Петров Максим Дмитриевич,майор,2,36
Соловьёв Константин Иванович,прапорщик,7,18
Борисов Константин Иванович,рядовой,12,43
Козлов Иван Дмитриевич,полковник,6,39
Орлов Евгений Александрович,рядовой,8,18
Лебедев Александр Викторович,полковник,6,48
Козлов Виктор Андреевич,майор,3,41
Степанов Олег Романович,майор,8,57
Соловьёв Юрий Олегович,рядовой,4,39
Попов Роман Кириллович,капитан,2,60
Макаров Роман Александрович,прапорщик,12,21
Степанов Артём Никитич,рядовой,2,25
Соловьёв Алексей Максимович,сержант,6,50
Новиков Юрий Алексеевич,сержант,12,46
Андреев Михаил Иванович,сержант,7,49
Михайлов Александр Павлович,рядовой,5,58
Алексеев Иван Максимович,прапорщик,9,57
Сидоров Максим Сергеевич,капитан,1,21
Васильев Олег Кириллович,рядовой,7,35
Макаров Матвей Алексеевич,сержант,2,46
Кочергин Дмитрий Олегович,лейтенант,5,28
Петров Евгений Ильич,лейтенант,10,33
Фёдоров Константин Юрьевич,майор,8,52
Кочергин Илья Сергеевич,капитан,10,20
Николаев Евгений Ильич,лейтенант,1,48
Кочергин Иван Ильич,рядовой,8,32
Козлов Виктор Никитич,лейтенант,12,35
Попов Сергей Александрович,капитан,6,32
Семёнов Сергей Александрович,капитан,9,30
Степанов Андрей Ильич,капитан,12,31
Лебедев Олег Викторович,прапорщик,10,53
Лебедев Степан Сергеевич,полковник,3,42
Морозов Степан Александрович,рядовой,12,55
Морозов Константин Алексеевич,рядовой,3,54
Кузнецов Алексей Андреевич,сержант,4,30
Макаров Иван Александрович,сержант,1,51
Соловьёв Илья Олегович,лейтенант,7,49
Семёнов Константин Дмитриевич,прапорщик,2,36
Николаев Денис Михайлович,рядовой,12,48
Лебедев Илья Викторович,прапорщик,10,55
Степанов Сергей Сергеевич,майор,9,27
Борисов Михаил Олегович,рядовой,4,41
Андреев Юрий Романович,прапорщик,7,50
Макаров Олег Павлович,прапорщик,11,20
Фёдоров Никита Юрьевич,лейтенант,3,58
Захаров Роман Юрьевич,рядовой,8,56
Кузнецов Роман Дмитриевич,прапорщик,11,51
Фёдоров Никита Александрович,майор,8,36
Морозов Степан Ильич,прапорщик,5,24
Смирнов Никита Ильич,капитан,8,31
Семёнов Егор Иванович,полковник,6,38
Яковлев Денис Романович,полковник,11,49
Степанов Александр Олегович,полковник,12,25
Борисов Никита Алексеевич,капитан,11,20
Смирнов Иван Андреевич,рядовой,1,32
Николаев Михаил Ильич,лейтенант,9,56
Алексеев Юрий Андреевич,полковник,7,48
Захаров Олег Александрович,прапорщик,3,55
Алексеев Михаил Юрьевич,сержант,12,29
Кочергин Олег Романович,прапорщик,11,35
Захаров Константин Олегович,капитан,11,39
Михайлов Степан Павлович,полковник,6,19
Егоров Роман Олегович,рядовой,5,24
Кочергин Виктор Максимович,лейтенант,7,58
Кузнецов Никита Павлович,сержант,8,24
Степанов Виктор Романович,полковник,5,52
Смирнов Матвей Александрович,прапорщик,2,55
Егоров Роман Кириллович,рядовой,8,49
Павлов Кирилл Дмитриевич,полковник,11,38
Степанов Кирилл Максимович,капитан,8,38
Захаров Максим Викторович,полковник,9,41
Борисов Сергей Юрьевич,майор,2,50
Михайлов Алексей Александрович,прапорщик,9,55
Егоров Иван Максимович,сержант,2,30
Павлов Константин Андреевич,майор,7,20
Морозов Юрий Олегович,прапорщик,1,39
Алексеев Артём Ильич,рядовой,9,25
Михайлов Максим Никитич,майор,12,41
Павлов Олег Алексеевич,лейтенант,1,41
Андреев Максим Алексеевич,лейтенант,3,23
Павлов Юрий Ильич,рядовой,2,26
Кочергин Виктор Дмитриевич,рядовой,1,24
Попов Виктор Юрьевич,капитан,1,21
Смирнов Максим Дмитриевич,рядовой,10,59
Семёнов Дмитрий Александрович,майор,7,43
Новиков Роман Кириллович,сержант,9,40
Фёдоров Дмитрий Сергеевич,майор,5,58
Орлов Кирилл Сергеевич,рядовой,2,58
Фёдоров Кирилл Кириллович,лейтенант,8,23
Зайцев Андрей Иванович,сержант,8,56
Иванов Виктор Михайлович,рядовой,4,18
Зайцев Константин Максимович,майор,2,49
Борисов Матвей Андреевич,рядовой,10,26
Морозов Максим Александрович,сержант,10,25
Иванов Алексей Кириллович,майор,3,58
Семёнов Роман Кириллович,сержант,3,56
Николаев Михаил Романович,майор,2,46
Макаров Артём Максимович,полковник,6,51
Михайлов Егор Олегович,лейтенант,4,45
Новиков Виктор Сергеевич,прапорщик,10,46
Яковлев Илья Ильич,капитан,12,44
Борисов Дмитрий Дмитриевич,полковник,12,31
Яковлев Юрий Алексеевич,капитан,10,28
Андреев Кирилл Александрович,сержант,11,59
Андреев Кирилл Сергеевич,прапорщик,3,42
Зайцев Евгений Юрьевич,полковник,7,33
Никитин Андрей Павлович,лейтенант,4,56
Попов Михаил Олегович,майор,7,48
Орлов Павел Максимович,капитан,2,57
Яковлев Никита Романович,прапорщик,11,29
Морозов Илья Дмитриевич,лейтенант,7,33
Соловьёв Максим Иванович,капитан,11,32
Павлов Матвей Юрьевич,рядовой,3,42
Михайлов Андрей Алексеевич,майор,11,19
Лебедев Сергей Михайлович,полковник,3,41
Андреев Дмитрий Павлович,капитан,8,21
Кузнецов Никита Дмитриевич,майор,3,31
Кочергин Роман Викторович,капитан,3,27
Попов Степан Александрович,сержант,11,30
Иванов Павел Ильич,рядовой,7,22
Макаров Александр Олегович,рядовой,7,23
Фёдоров Максим Ильич,лейтенант,4,28
Орлов Александр Никитич,рядовой,3,45
Смирнов Олег Дмитриевич,рядовой,2,26
Иванов Егор Сергеевич,лейтенант,4,25
Иванов Сергей Андреевич,рядовой,6,18
Морозов Никита Олегович,майор,9,48
Козлов Роман Юрьевич,прапорщик,9,26
Зайцев Алексей Кириллович,лейтенант,11,23
Соловьёв Иван Андреевич,капитан,3,58
Соловьёв Юрий Романович,сержант,12,58
Кочергин Сергей Ильич,капитан,1,47
Макаров Павел Олегович,полковник,12,49
Андреев Максим Александрович,капитан,12,41
Алексеев Олег Павлович,прапорщик,6,21
Борисов Степан Олегович,майор,2,20
Кузнецов Михаил Михайлович,прапорщик,8,53
Иванов Степан Иванович,лейтенант,5,38
Кузнецов Александр Максимович,капитан,7,22
Морозов Роман Иванович,капитан,6,59
Сидоров Алексей Олегович,прапорщик,7,25
Соколов Алексей Ильич,сержант,2,54
Яковлев Максим Ильич,майор,9,46
Попов Роман Кириллович,рядовой,10,45
Морозов Павел Юрьевич,майор,2,23
Никитин Иван Олегович,полковник,12,21
Яковлев Алексей Олегович,рядовой,6,41
Семёнов Иван Олегович,рядовой,1,40
Смирнов Андрей Кириллович,майор,2,41
Иванов Павел Сергеевич,прапорщик,12,36
Иванов Юрий Михайлович,майор,11,56
Соловьёв Виктор Никитич,полковник,12,29
Макаров Денис Кириллович,капитан,3,50
Соколов Дмитрий Сергеевич,полковник,8,45
Соколов Константин Андреевич,сержант,3,58
Зайцев Юрий Ильич,рядовой,8,37
Соколов Роман Романович,майор,8,27
Сидоров Матвей Иванович,рядовой,9,28
Соловьёв Михаил Никитич,рядовой,4,57
Морозов Константин Михайлович,сержант,2,37
Кузнецов Виктор Олегович,майор,9,36
Алексеев Иван Романович,прапорщик,8,37
Попов Роман Романович,майор,5,55
Попов Максим Михайлович,рядовой,3,22
Васильев Роман Сергеевич,капитан,9,38
Яковлев Иван Михайлович,рядовой,4,51
Андреев Никита Юрьевич,капитан,5,20
Захаров Дмитрий Никитич,прапорщик,3,49
Кузнецов Егор Никитич,капитан,1,52
Петров Иван Павлович,полковник,4,54
Макаров Павел Сергеевич,майор,7,28
Захаров Кирилл Дмитриевич,полковник,11,55
Борисов Алексей Викторович,прапорщик,8,21
Борисов Сергей Сергеевич,сержант,2,26
Морозов Алексей Дмитриевич,капитан,7,29
Попов Денис Кириллович,сержант,7,58
Петров Егор Олегович,рядовой,10,56
Алексеев Артём Павлович,майор,8,57
Макаров Юрий Дмитриевич,полковник,9,60
Андреев Матвей Андреевич,полковник,2,24
Павлов Сергей Михайлович,полковник,3,19
Степанов Александр Дмитриевич,майор,11,42
Михайлов Александр Иванович,полковник,3,19
Борисов Степан Михайлович,лейтенант,2,21
Попов Матвей Романович,полковник,10,49
Кузнецов Матвей Павлович,полковник,6,34
Алексеев Максим Иванович,лейтенант,3,29
Никитин Степан Павлович,полковник,3,38
Зайцев Константин Никитич,сержант,5,39
Соловьёв Павел Олегович,полковник,1,50
Морозов Олег Алексеевич,лейтенант,11,50
Никитин Роман Юрьевич,лейтенант,4,47
Николаев Кирилл Кириллович,рядовой,6,21
Николаев Артём Викторович,прапорщик,10,60
Макаров Иван Алексеевич,лейтенант,5,46
Яковлев Денис Юрьевич,капитан,10,57
Борисов Дмитрий Михайлович,рядовой,12,42
Михайлов Олег Кириллович,прапорщик,6,33
Иванов Денис Викторович,полковник,4,28
Степанов Константин Павлович,рядовой,12,21
Васильев Александр Викторович,лейтенант,8,34
Сидоров Павел Сергеевич,рядовой,5,20
Фёдоров Александр Ильич,сержант,7,58
Соколов Александр Ильич,майор,3,39
Семёнов Илья Дмитриевич,рядовой,2,19
Попов Егор Алексеевич,капитан,6,33
Фёдоров Александр Юрьевич,сержант,9,42
Егоров Юрий Максимович,майор,8,46
Соловьёв Артём Михайлович,рядовой,6,57
Никитин Степан Александрович,сержант,11,54
Кочергин Юрий Никитич,капитан,6,57
Егоров Матвей Никитич,майор,12,25
Новиков Денис Павлович,прапорщик,5,36
Соколов Роман Михайлович,капитан,1,50
Петров Дмитрий Александрович,рядовой,6,33
Попов Кирилл Александрович,майор,12,46
Никитин Алексей Иванович,полковник,10,53
Кузнецов Егор Иванович,полковник,12,26
Смирнов Кирилл Ильич,прапорщик,5,48
Иванов Евгений Михайлович,прапорщик,7,54
Соловьёв Олег Юрьевич,прапорщик,8,45
Егоров Олег Алексеевич,майор,11,60
Новиков Кирилл Иванович,майор,6,57
Лебедев Егор Максимович,полковник,10,42
Козлов Дмитрий Павлович,капитан,10,33
Соловьёв Михаил Андреевич,полковник,12,23
Егоров Александр Максимович,майор,12,46
Иванов Роман Андреевич,капитан,11,41
Борисов Михаил Михайлович,лейтенант,7,39
Андреев Михаил Иванович,полковник,8,34
Петров Матвей Алексеевич,сержант,11,28
Андреев Михаил Максимович,сержант,1,36
Андреев Алексей Михайлович,сержант,5,34
Кузнецов Матвей Ильич,сержант,6,47
Семёнов Александр Ильич,капитан,1,58
Петров Иван Олегович,полковник,12,53
Захаров Юрий Александрович,рядовой,7,28
Никитин Алексей Иванович,рядовой,8,30
Фёдоров Артём Павлович,рядовой,4,31
Никитин Михаил Алексеевич,лейтенант,2,53
Смирнов Виктор Павлович,сержант,9,51
Борисов Павел Ильич,сержант,7,45
Фёдоров Максим Иванович,лейтенант,12,27
Кочергин Матвей Иванович,сержант,9,51
Алексеев Денис Иванович,полковник,10,22
Смирнов Михаил Александрович,рядовой,5,19
Семёнов Виктор Павлович,прапорщик,3,48
Васильев Илья Романович,сержант,10,41
Петров Виктор Александрович,рядовой,2,56
Никитин Юрий Максимович,лейтенант,9,27
Борисов Юрий Викторович,полковник,3,34
Николаев Евгений Кириллович,лейтенант,4,41
Борисов Юрий Юрьевич,прапорщик,1,44
Фёдоров Константин Сергеевич,майор,1,23
Смирнов Виктор Максимович,сержант,3,29
Фёдоров Павел Викторович,полковник,1,42
Никитин Юрий Андреевич,капитан,11,57
Зайцев Евгений Романович,сержант,2,43
Яковлев Степан Олегович,майор,5,47
Сидоров Матвей Александрович,капитан,4,41
Козлов Константин Михайлович,лейтенант,2,33
Зайцев Егор Юрьевич,прапорщик,1,27
Петров Сергей Ильич,капитан,8,55
Фёдоров Михаил Ильич,капитан,5,44
Соколов Константин Викторович,сержант,8,33
Егоров Олег Ильич,полковник,8,47
Кочергин Матвей Сергеевич,прапорщик,1,29
Никитин Александр Андреевич,капитан,10,43
Новиков Кирилл Никитич,сержант,5,23
Павлов Сергей Викторович,капитан,8,59
Егоров Матвей Павлович,сержант,7,19
Степанов Матвей Кириллович,рядовой,8,42
Алексеев Александр Викторович,лейтенант,6,18
Захаров Максим Романович,рядовой,11,60
Новиков Олег Олегович,лейтенант,6,36
Лебедев Степан Кириллович,лейтенант,4,47
Морозов Алексей Кириллович,полковник,7,60
Яковлев Павел Павлович,майор,12,21
Макаров Константин Ильич,сержант,3,48
Соколов Максим Никитич,рядовой,12,26
Никитин Кирилл Ильич,майор,7,33
Морозов Денис Кириллович,рядовой,4,52
Кочергин Никита Ильич,капитан,4,23
Макаров Виктор Иванович,сержант,9,46
Егоров Никита Сергеевич,полковник,7,48
Сидоров Артём Никитич,прапорщик,10,35
Морозов Дмитрий Романович,полковник,11,44
Петров Юрий Олегович,капитан,8,51
Степанов Артём Дмитриевич,сержант,3,59
Смирнов Артём Олегович,майор,5,30
Кочергин Максим Иванович,капитан,5,57
Смирнов Матвей Иванович,рядовой,6,45
Васильев Юрий Сергеевич,лейтенант,11,23
Николаев Денис Романович,полковник,8,21
Егоров Сергей Кириллович,лейтенант,10,29
Михайлов Степан Павлович,прапорщик,3,28
Васильев Дмитрий Сергеевич,сержант,8,33
Алексеев Виктор Алексеевич,капитан,3,60
Иванов Никита Иванович,полковник,8,57
Степанов Алексей Кириллович,прапорщик,5,26
Кузнецов Егор Олегович,рядовой,8,37
Алексеев Михаил Викторович,полковник,6,55
Павлов Максим Кириллович,капитан,8,56
Соловьёв Егор Алексеевич,полковник,1,34
Захаров Виктор Кириллович,сержант,9,50
Васильев Денис Максимович,сержант,9,54
Макаров Михаил Иванович,майор,11,34
Соловьёв Константин Викторович,полковник,1,47
Андреев Евгений Ильич,лейтенант,4,36
Алексеев Дмитрий Сергеевич,полковник,9,45
Иванов Артём Олегович,прапорщик,5,36
Смирнов Артём Иванович,рядовой,9,44
Борисов Степан Романович,полковник,2,29
Орлов Павел Иванович,полковник,2,45
Николаев Сергей Андреевич,полковник,3,48
Орлов Степан Олегович,сержант,2,48
Иванов Олег Сергеевич,капитан,2,44
Егоров Дмитрий Олегович,майор,5,31
Васильев Егор Олегович,лейтенант,5,32
Макаров Дмитрий Ильич,майор,2,58
Соловьёв Матвей Романович,лейтенант,4,25
Семёнов Денис Олегович,прапорщик,9,22
Лебедев Иван Викторович,рядовой,1,24
Алексеев Евгений Викторович,майор,10,44
Яковлев Денис Андреевич,майор,2,44
Захаров Константин Павлович,лейтенант,10,33
Смирнов Илья Сергеевич,рядовой,10,27
Борисов Дмитрий Павлович,прапорщик,10,42
Степанов Илья Дмитриевич,прапорщик,6,45
Козлов Артём Олегович,полковник,10,35
Иванов Виктор Андреевич,майор,2,19
Макаров Денис Павлович,рядовой,1,46
Кочергин Александр Викторович,сержант,5,57
Алексеев Никита Юрьевич,прапорщик,12,37
Сидоров Никита Максимович,прапорщик,4,24
Семёнов Матвей Викторович,сержант,2,19
Васильев Алексей Павлович,сержант,8,22
Козлов Юрий Романович,полковник,4,39
Николаев Степан Никитич,майор,2,37
Попов Егор Юрьевич,рядовой,3,50
Зайцев Константин Дмитриевич,рядовой,10,20
Сидоров Виктор Никитич,прапорщик,6,20
Козлов Иван Романович,прапорщик,3,20
Михайлов Иван Дмитриевич,рядовой,7,45
Соколов Роман Викторович,лейтенант,4,42
Алексеев Артём Юрьевич,рядовой,7,36
Фёдоров Евгений Ильич,лейтенант,8,20
Морозов Олег Никитич,капитан,4,57
Морозов Константин Андреевич,капитан,3,47
Сидоров Кирилл Олегович,майор,1,19
Макаров Александр Максимович,сержант,8,54
Сидоров Максим Иванович,полковник,1,48
Смирнов Алексей Юрьевич,капитан,1,56
Козлов Степан Никитич,лейтенант,8,23
Кузнецов Дмитрий Викторович,майор,4,41
Орлов Никита Иванович,майор,12,18
Алексеев Андрей Викторович,прапорщик,7,34
Козлов Иван Михайлович,прапорщик,2,18
Николаев Денис Викторович,лейтенант,7,41
Захаров Виктор Кириллович,майор,6,38
Смирнов Юрий Александрович,майор,2,51
Яковлев Константин Юрьевич,майор,10,41
Петров Артём Иванович,сержант,5,54
Макаров Евгений Михайлович,капитан,5,36
Борисов Виктор Ильич,рядовой,3,54
Семёнов Виктор Романович,прапорщик,4,54
Андреев Константин Михайлович,лейтенант,5,54
Орлов Михаил Иванович,лейтенант,11,29
Лебедев Иван Павлович,полковник,1,30
Степанов Иван Кириллович,рядовой,1,37
Захаров Денис Иванович,капитан,9,45
Николаев Илья Павлович,полковник,9,51
Попов Алексей Иванович,полковник,4,39
Сидоров Никита Сергеевич,майор,7,60
Фёдоров Константин Викторович,сержант,6,49
Кочергин Алексей Юрьевич,полковник,5,34
Михайлов Михаил Андреевич,рядовой,10,58
Васильев Кирилл Олегович,капитан,6,37
Морозов Павел Павлович,рядовой,2,29
Павлов Виктор Викторович,полковник,3,27
Андреев Евгений Романович,прапорщик,4,34
Борисов Роман Максимович,прапорщик,8,50
Егоров Матвей Никитич,полковник,11,32
Андреев Виктор Павлович,майор,8,36
Никитин Алексей Иванович,рядовой,3,58
Морозов Максим Михайлович,прапорщик,7,27
Семёнов Александр Сергеевич,прапорщик,9,47
Орлов Алексей Павлович,капитан,10,50
Зайцев Андрей Никитич,капитан,1,35
Соловьёв Михаил Александрович,капитан,12,59
Яковлев Александр Кириллович,майор,6,44
Захаров Кирилл Сергеевич,сержант,10,44
Кузнецов Дмитрий Романович,капитан,10,37
Зайцев Александр Ильич,сержант,5,55
Орлов Сергей Романович,лейтенант,12,44
Степанов Денис Андреевич,лейтенант,5,26
Михайлов Степан Александрович,прапорщик,9,58
Сидоров Константин Романович,капитан,3,22
Михайлов Кирилл Михайлович,сержант,12,57
Павлов Евгений Ильич,лейтенант,4,21
Николаев Егор Иванович,полковник,1,33
Васильев Евгений Викторович,капитан,1,22
Козлов Михаил Ильич,рядовой,3,34
Егоров Андрей Сергеевич,прапорщик,1,28
Новиков Михаил Дмитриевич,лейтенант,12,46
Михайлов Олег Андреевич,полковник,11,46
Захаров Артём Кириллович,сержант,11,31
Степанов Сергей Алексеевич,прапорщик,5,18
Орлов Андрей Максимович,полковник,11,22
Соловьёв Степан Олегович,рядовой,12,45
Лебедев Никита Сергеевич,лейтенант,8,59
Семёнов Роман Кириллович,сержант,12,56
Борисов Андрей Олегович,полковник,4,37
Попов Артём Андреевич,полковник,2,57
Фёдоров Олег Михайлович,майор,1,26
Фёдоров Егор Иванович,лейтенант,6,26
Морозов Максим Дмитриевич,полковник,2,51
Кочергин Сергей Кириллович,майор,9,58
Новиков Андрей Ильич,рядовой,3,54
Лебедев Андрей Максимович,лейтенант,2,36
Захаров Максим Юрьевич,полковник,4,29
Васильев Евгений Олегович,полковник,2,33
Орлов Максим Иванович,капитан,5,50
Захаров Илья Ильич,прапорщик,3,58
Иванов Александр Ильич,лейтенант,9,27
Михайлов Кирилл Кириллович,сержант,7,45
Петров Александр Романович,капитан,8,43
Васильев Юрий Иванович,лейтенант,8,34
Павлов Олег Сергеевич,капитан,2,37
Зайцев Кирилл Олегович,полковник,9,44
Соловьёв Алексей Александрович,рядовой,11,48
Соколов Виктор Михайлович,майор,12,53
Васильев Павел Иванович,рядовой,10,60
Михайлов Александр Дмитриевич,полковник,2,36
Николаев Максим Дмитриевич,полковник,12,59
Зайцев Павел Александрович,полковник,12,27
Зайцев Степан Ильич,рядовой,11,30
Петров Михаил Александрович,прапорщик,12,28
Козлов Андрей Максимович,полковник,10,26
Андреев Алексей Александрович,лейтенант,1,58
Смирнов Степан Ильич,прапорщик,6,19
Николаев Кирилл Алексеевич,майор,3,25
Орлов Павел Кириллович,майор,4,35
Козлов Павел Сергеевич,полковник,6,18
Захаров Матвей Максимович,рядовой,4,58
Сидоров Олег Кириллович,рядовой,5,50
Попов Артём Иванович,рядовой,8,45
Орлов Виктор Дмитриевич,прапорщик,10,39
Алексеев Денис Сергеевич,капитан,12,58
Орлов Максим Иванович,полковник,8,23
Фёдоров Роман Михайлович,майор,4,25
Борисов Андрей Романович,сержант,5,41
Морозов Сергей Михайлович,майор,7,44
Алексеев Сергей Сергеевич,полковник,4,58
Андреев Константин Сергеевич,прапорщик,12,42
Яковлев Денис Александрович,майор,2,29
Иванов Олег Михайлович,прапорщик,4,23
Егоров Денис Сергеевич,полковник,6,51
Новиков Алексей Сергеевич,майор,7,24
Соколов Юрий Никитич,полковник,5,54
Егоров Денис Иванович,майор,9,20
Новиков Юрий Александрович,рядовой,1,51
Новиков Сергей Максимович,сержант,3,54
Алексеев Егор Дмитриевич,майор,2,49
Новиков Виктор Алексеевич,сержант,1,22
Кочергин Роман Александрович,капитан,9,56
Никитин Павел Андреевич,майор,6,26
Степанов Андрей Максимович,рядовой,10,24
Борисов Иван Алексеевич,сержант,1,53
Борисов Михаил Романович,полковник,11,22
Петров Кирилл Сергеевич,капитан,1,59
Соловьёв Иван Дмитриевич,сержант,5,32
Васильев Иван Викторович,лейтенант,5,48
Зайцев Кирилл Романович,лейтенант,7,34
Зайцев Константин Олегович,полковник,5,45
Алексеев Евгений Юрьевич,прапорщик,10,26
Зайцев Виктор Иванович,прапорщик,6,36
Лебедев Илья Ильич,лейтенант,7,54
Михайлов Павел Романович,прапорщик,10,41
Степанов Матвей Алексеевич,рядовой,2,53
Зайцев Кирилл Александрович,рядовой,4,36
Николаев Олег Александрович,рядовой,4,43
Павлов Алексей Дмитриевич,прапорщик,5,27
Новиков Илья Кириллович,прапорщик,8,42
Кочергин Денис Александрович,сержант,5,56
Попов Матвей Михайлович,прапорщик,11,29
Яковлев Михаил Иванович,сержант,11,38
Яковлев Дмитрий Олегович,капитан,5,32
Зайцев Максим Ильич,майор,5,31
Зайцев Евгений Алексеевич,сержант,5,46
Васильев Алексей Павлович,прапорщик,10,53
Макаров Андрей Кириллович,лейтенант,8,32
Захаров Илья Алексеевич,капитан,12,40
Морозов Роман Юрьевич,майор,1,25
Николаев Сергей Никитич,сержант,12,21
Егоров Степан Олегович,лейтенант,12,39
Соколов Кирилл Сергеевич,прапорщик,3,40
Кочергин Егор Андреевич,рядовой,11,39
Кузнецов Егор Викторович,рядовой,5,25
Захаров Константин Ильич,сержант,4,22
Борисов Артём Кириллович,полковник,10,34
Захаров Степан Олегович,полковник,3,50
Павлов Кирилл Максимович,лейтенант,3,26
Фёдоров Константин Романович,полковник,3,54
Орлов Михаил Алексеевич,полковник,1,19
Козлов Степан Ильич,прапорщик,3,40
Сидоров Дмитрий Алексеевич,прапорщик,11,35
Лебедев Роман Никитич,рядовой,1,49
Соловьёв Дмитрий Кириллович,полковник,12,38
Морозов Павел Павлович,рядовой,11,37
Алексеев Павел Иванович,лейтенант,5,52
Кузнецов Юрий Александрович,сержант,3,53
Павлов Денис Викторович,прапорщик,4,58
Павлов Михаил Викторович,прапорщик,10,55
Сидоров Михаил Алексеевич,полковник,3,24
Новиков Юрий Алексеевич,майор,7,58
Петров Степан Ильич,капитан,1,56
Новиков Павел Романович,капитан,12,34
Сидоров Константин Андреевич,рядовой,5,49
Петров Степан Дмитриевич,прапорщик,8,53
Кузнецов Роман Сергеевич,полковник,10,54
Андреев Матвей Михайлович,майор,3,41
Егоров Евгений Юрьевич,рядовой,7,56
Смирнов Алексей Юрьевич,сержант,6,35
Соловьёв Илья Алексеевич,капитан,9,57
Орлов Павел Викторович,лейтенант,6,56
Новиков Алексей Андреевич,прапорщик,12,38
Захаров Роман Юрьевич,сержант,6,39
Фёдоров Евгений Михайлович,капитан,10,23
Зайцев Михаил Михайлович,майор,5,20
Лебедев Роман Романович,прапорщик,11,51
Кочергин Роман Михайлович,сержант,2,20
Иванов Кирилл Андреевич,майор,12,39
Николаев Никита Романович,сержант,7,49
Соколов Никита Викторович,сержант,6,37
Сидоров Виктор Юрьевич,прапорщик,10,49
Михайлов Виктор Михайлович,рядовой,3,41
Зайцев Илья Дмитриевич,прапорщик,4,40
Соловьёв Виктор Максимович,сержант,3,32
Яковлев Евгений Викторович,лейтенант,10,50
Соловьёв Константин Никитич,полковник,9,21
Макаров Михаил Иванович,лейтенант,11,45
Иванов Михаил Михайлович,сержант,8,49
Орлов Максим Ильич,рядовой,4,27
Морозов Денис Викторович,лейтенант,2,37
Попов Иван Алексеевич,капитан,7,48
Макаров Денис Кириллович,полковник,4,36
Смирнов Денис Михайлович,рядовой,11,47
Егоров Алексей Александрович,майор,12,28
Сидоров Андрей Викторович,лейтенант,10,50
Соколов Иван Романович,полковник,8,52
Новиков Роман Максимович,майор,11,39
Соколов Александр Ильич,лейтенант,1,47
Козлов Артём Викторович,капитан,2,59
Сидоров Артём Никитич,майор,7,60
Фёдоров Сергей Максимович,полковник,8,26
Васильев Никита Андреевич,капитан,5,34
Семёнов Иван Никитич,капитан,9,30
Соловьёв Александр Павлович,прапорщик,7,21
Соловьёв Павел Иванович,рядовой,9,32
Зайцев Юрий Алексеевич,полковник,10,26
Сидоров Михаил Алексеевич,рядовой,2,27
Степанов Дмитрий Иванович,полковник,5,24
Смирнов Дмитрий Романович,полковник,4,44
Сидоров Юрий Дмитриевич,сержант,1,36
Макаров Денис Максимович,лейтенант,10,46
Кузнецов Юрий Викторович,прапорщик,11,55
Андреев Егор Алексеевич,майор,10,57
Павлов Роман Максимович,лейтенант,1,26
Степанов Алексей Ильич,лейтенант,3,48
Борисов Сергей Иванович,рядовой,8,46
Смирнов Михаил Никитич,полковник,7,21
Попов Константин Павлович,полковник,5,56
Яковлев Александр Алексеевич,майор,4,41
Смирнов Кирилл Ильич,прапорщик,11,40
Николаев Роман Максимович,прапорщик,9,34
Сидоров Юрий Ильич,майор,1,44
Степанов Илья Олегович,прапорщик,9,44
Захаров Алексей Романович,прапорщик,6,26
Егоров Роман Кириллович,прапорщик,3,55
Андреев Артём Дмитриевич,прапорщик,7,55
Козлов Павел Сергеевич,полковник,6,27
Петров Иван Алексеевич,полковник,9,42
Иванов Роман Иванович,рядовой,1,51
Захаров Артём Максимович,рядовой,10,24
Макаров Павел Юрьевич,капитан,1,18
Морозов Евгений Ильич,полковник,3,25
Семёнов Денис Иванович,майор,1,32
Соловьёв Виктор Кириллович,лейтенант,1,18
Михайлов Степан Викторович,лейтенант,11,25
Кочергин Матвей Иванович,майор,4,40
Лебедев Алексей Романович,капитан,2,28
Попов Михаил Андреевич,капитан,9,57
Андреев Степан Олегович,капитан,8,58
Соловьёв Андрей Сергеевич,сержант,2,39
Андреев Степан Дмитриевич,прапорщик,12,60
Зайцев Кирилл Дмитриевич,майор,2,40
Кочергин Денис Александрович,майор,2,25
Фёдоров Евгений Кириллович,рядовой,2,41
Фёдоров Константин Кириллович,полковник,1,49
Петров Денис Кириллович,прапорщик,11,54
Макаров Никита Кириллович,рядовой,2,43
Петров Олег Кириллович,рядовой,12,37
Никитин Матвей Михайлович,сержант,3,29
Егоров Андрей Алексеевич,прапорщик,5,46
Никитин Дмитрий Алексеевич,майор,1,21
Петров Егор Сергеевич,лейтенант,3,43
Захаров Денис Романович,прапорщик,4,50
Зайцев Егор Иванович,рядовой,7,59
Зайцев Денис Михайлович,полковник,5,26
Николаев Егор Никитич,полковник,3,46
Морозов Константин Ильич,полковник,11,19
Козлов Никита Александрович,полковник,2,56
Соколов Никита Никитич,майор,2,37
Николаев Илья Максимович,капитан,8,43
Павлов Иван Сергеевич,лейтенант,5,48
Борисов Матвей Иванович,прапорщик,12,18
Попов Артём Кириллович,рядовой,12,28
Фёдоров Иван Никитич,капитан,2,34
Козлов Никита Ильич,рядовой,5,45
Петров Павел Юрьевич,сержант,8,39
Смирнов Виктор Алексеевич,майор,4,43
Семёнов Степан Павлович,сержант,6,52
Кочергин Никита Юрьевич,полковник,1,47
Лебедев Алексей Олегович,рядовой,12,37
Васильев Михаил Романович,лейтенант,2,57
Степанов Егор Александрович,лейтенант,12,27
Лебедев Сергей Сергеевич,прапорщик,4,28
Козлов Михаил Максимович,полковник,2,19
Алексеев Александр Юрьевич,лейтенант,8,45
Захаров Кирилл Алексеевич,прапорщик,2,25
Борисов Роман Максимович,лейтенант,9,44
Андреев Сергей Романович,рядовой,5,57
Соколов Дмитрий Александрович,полковник,2,23
Сидоров Константин Олегович,лейтенант,10,49
Козлов Михаил Андреевич,рядовой,6,54
Борисов Евгений Викторович,капитан,9,44
Соколов Степан Викторович,полковник,6,57
Борисов Михаил Романович,прапорщик,11,30
Сидоров Максим Павлович,рядовой,6,60
Орлов Роман Максимович,полковник,4,44
Попов Степан Павлович,сержант,8,20
Зайцев Сергей Романович,полковник,4,37
Павлов Кирилл Юрьевич,прапорщик,3,26
Козлов Юрий Александрович,сержант,7,23
Алексеев Андрей Сергеевич,прапорщик,3,38
Петров Егор Максимович,сержант,2,31
Иванов Никита Юрьевич,капитан,10,55
Козлов Денис Никитич,капитан,3,41
Иванов Денис Андреевич,лейтенант,5,42
Яковлев Алексей Ильич,майор,5,52
Егоров Кирилл Кириллович,прапорщик,11,45
Егоров Дмитрий Дмитриевич,сержант,7,27
Степанов Максим Андреевич,полковник,12,40
Николаев Егор Иванович,майор,7,33
Макаров Иван Павлович,лейтенант,8,19
Лебедев Роман Дмитриевич,рядовой,9,30
Степанов Матвей Викторович,полковник,8,59
Павлов Кирилл Павлович,лейтенант,10,19
Попов Артём Дмитриевич,прапорщик,11,36
Андреев Кирилл Олегович,сержант,11,48
Макаров Юрий Сергеевич,майор,5,51
Андреев Иван Максимович,прапорщик,9,25
Иванов Евгений Андреевич,сержант,4,24
Макаров Олег Александрович,полковник,4,53
Зайцев Юрий Сергеевич,прапорщик,2,25
Яковлев Виктор Олегович,прапорщик,3,49
Орлов Денис Никитич,рядовой,9,51
Степанов Артём Никитич,полковник,8,28
Макаров Виктор Романович,прапорщик,11,39
Васильев Евгений Алексеевич,капитан,9,33
Яковлев Сергей Олегович,майор,4,57
Андреев Андрей Иванович,рядовой,5,50
Борисов Егор Сергеевич,полковник,4,32
Никитин Евгений Иванович,прапорщик,5,34
Лебедев Алексей Максимович,капитан,6,20
Яковлев Денис Ильич,прапорщик,11,49
Захаров Никита Никитич,прапорщик,5,35
Егоров Степан Викторович,прапорщик,4,50
Васильев Дмитрий Александрович,прапорщик,4,29
Петров Константин Сергеевич,лейтенант,3,20
Яковлев Артём Иванович,капитан,9,21
Семёнов Алексей Максимович,прапорщик,3,41
Павлов Степан Кириллович,прапорщик,8,57
Петров Андрей Павлович,полковник,2,25
Кочергин Артём Викторович,капитан,6,43
Козлов Александр Ильич,полковник,6,41
Семёнов Юрий Александрович,майор,1,29
Андреев Степан Романович,полковник,11,57
Алексеев Степан Кириллович,полковник,3,44
Иванов Никита Никитич,рядовой,12,39
Макаров Михаил Александрович,сержант,11,32
Козлов Матвей Андреевич,майор,11,44
Петров Денис Сергеевич,лейтенант,7,37
Захаров Кирилл Юрьевич,капитан,8,39
Андреев Александр Андреевич,рядовой,11,55
Козлов Денис Павлович,сержант,1,21
Фёдоров Матвей Ильич,рядовой,5,57
Зайцев Иван Максимович,лейтенант,12,60
Соловьёв Артём Дмитриевич,лейтенант,7,60
Макаров Олег Александрович,майор,10,50
Зайцев Александр Кириллович,прапорщик,4,21
Кузнецов Степан Максимович,прапорщик,9,32
Захаров Никита Павлович,сержант,12,43
Кочергин Алексей Никитич,лейтенант,1,21
Захаров Михаил Никитич,капитан,7,37
Яковлев Александр Кириллович,сержант,9,58
Соколов Степан Романович,полковник,5,33
Зайцев Роман Викторович,лейтенант,9,37
Степанов Дмитрий Никитич,прапорщик,12,60
Борисов Олег Никитич,сержант,5,18
Борисов Алексей Андреевич,капитан,12,54
Морозов Степан Павлович,майор,6,49
Борисов Павел Юрьевич,рядовой,1,38
Соловьёв Артём Андреевич,лейтенант,12,57
Захаров Евгений Никитич,лейтенант,10,39
Павлов Константин Иванович,прапорщик,11,53
Михайлов Иван Дмитриевич,рядовой,5,42
Васильев Юрий Иванович,прапорщик,5,18
Козлов Иван Александрович,рядовой,5,54
Борисов Кирилл Дмитриевич,прапорщик,5,21
Соколов Никита Никитич,полковник,7,27
Козлов Сергей Михайлович,сержант,6,30
Степанов Олег Максимович,прапорщик,1,59
Андреев Алексей Павлович,капитан,8,21
Козлов Константин Александрович,рядовой,8,32
Соловьёв Роман Никитич,прапорщик,7,51
Васильев Павел Сергеевич,прапорщик,10,48
Степанов Сергей Олегович,рядовой,3,37
Новиков Константин Дмитриевич,майор,2,24
Васильев Егор Кириллович,сержант,2,37
Васильев Егор Алексеевич,полковник,4,48
Захаров Степан Александрович,майор,2,46
Смирнов Сергей Юрьевич,капитан,7,37
Егоров Дмитрий Дмитриевич,лейтенант,11,27
Кузнецов Иван Дмитриевич,прапорщик,5,53
Козлов Роман Никитич,майор,9,54
Степанов Никита Иванович,майор,12,55
Семёнов Михаил Романович,капитан,11,27
Лебедев Никита Михайлович,полковник,1,51
Лебедев Андрей Александрович,сержант,2,37
Степанов Сергей Сергеевич,рядовой,11,60
Яковлев Матвей Андреевич,майор,6,23
Павлов Виктор Олегович,полковник,7,30
Макаров Константин Михайлович,рядовой,2,36
Борисов Юрий Романович,полковник,4,45
Орлов Михаил Олегович,майор,7,21
Васильев Александр Никитич,полковник,12,45
Васильев Виктор Романович,рядовой,9,25
Соколов Степан Иванович,капитан,2,26
Павлов Виктор Алексеевич,полковник,4,27
Соколов Алексей Андреевич,майор,1,32
Лебедев Никита Павлович,прапорщик,5,39
Яковлев Павел Дмитриевич,сержант,12,49
Смирнов Кирилл Сергеевич,сержант,11,60
Михайлов Кирилл Дмитриевич,майор,9,48
Алексеев Илья Дмитриевич,майор,12,18
Яковлев Артём Никитич,рядовой,2,45
Кузнецов Степан Андреевич,капитан,12,44
Морозов Артём Олегович,прапорщик,6,56
Зайцев Юрий Сергеевич,капитан,4,42
Семёнов Степан Викторович,рядовой,3,56
Михайлов Павел Викторович,лейтенант,6,44
Борисов Михаил Михайлович,рядовой,4,45
Смирнов Андрей Сергеевич,прапорщик,7,35
Степанов Степан Михайлович,майор,1,29
Кузнецов Денис Кириллович,лейтенант,3,39
Егоров Денис Ильич,лейтенант,12,50
Николаев Сергей Алексеевич,рядовой,5,46
Борисов Дмитрий Андреевич,рядовой,3,19
Егоров Егор Никитич,капитан,1,30
Кочергин Егор Юрьевич,прапорщик,10,24
Попов Юрий Кириллович,полковник,9,59
Степанов Степан Дмитриевич,рядовой,6,24
Макаров Илья Ильич,капитан,3,34
Михайлов Илья Юрьевич,рядовой,5,26
Захаров Александр Никитич,сержант,3,29
Егоров Иван Иванович,капитан,9,37
Зайцев Роман Павлович,рядовой,12,40
Алексеев Константин Романович,капитан,10,47
Новиков Виктор Дмитриевич,прапорщик,12,31
Васильев Егор Павлович,капитан,6,21
Соколов Степан Алексеевич,сержант,8,35
Кочергин Степан Олегович,сержант,9,28
Иванов Денис Александрович,лейтенант,10,18
Петров Илья Сергеевич,полковник,1,32
Васильев Алексей Дмитриевич,лейтенант,9,30
Новиков Максим Андреевич,сержант,7,52
Егоров Евгений Михайлович,полковник,5,43
Алексеев Евгений Олегович,капитан,10,29
Лебедев Сергей Викторович,рядовой,12,35
Захаров Матвей Иванович,сержант,6,55
Павлов Кирилл Викторович,капитан,2,52
Яковлев Илья Иванович,полковник,7,48
Андреев Михаил Сергеевич,прапорщик,4,32
Егоров Степан Андреевич,сержант,5,23
Иванов Илья Иванович,капитан,1,49
Васильев Павел Юрьевич,рядовой,11,22
Фёдоров Андрей Ильич,сержант,1,26
Фёдоров Егор Павлович,капитан,11,26
Соловьёв Дмитрий Алексеевич,майор,1,29
Зайцев Евгений Олегович,майор,8,19
Борисов Евгений Сергеевич,рядовой,4,34
Лебедев Роман Павлович,рядовой,12,39
Смирнов Иван Юрьевич,полковник,6,21
Николаев Алексей Максимович,майор,11,18
Павлов Артём Ильич,полковник,8,23
Алексеев Сергей Кириллович,прапорщик,11,48
Алексеев Константин Юрьевич,рядовой,5,27
Попов Константин Викторович,рядовой,8,39
Лебедев Евгений Иванович,майор,8,26
Семёнов Андрей Алексеевич,прапорщик,4,59
Кочергин Дмитрий Юрьевич,сержант,12,47
Соловьёв Егор Дмитриевич,прапорщик,8,54
Васильев Денис Сергеевич,полковник,9,57
Зайцев Денис Кириллович,прапорщик,10,58
Смирнов Михаил Иванович,прапорщик,7,46
Семёнов Максим Иванович,полковник,9,22
Петров Степан Максимович,капитан,7,40
Смирнов Александр Сергеевич,полковник,4,19
Соколов Илья Ильич,капитан,1,53
Иванов Андрей Романович,капитан,8,54
Захаров Олег Андреевич,прапорщик,8,18
Зайцев Матвей Юрьевич,полковник,7,27
Кузнецов Максим Максимович,лейтенант,6,51
Павлов Сергей Александрович,рядовой,1,18
Захаров Иван Олегович,прапорщик,2,56
Васильев Виктор Алексеевич,рядовой,9,38
Семёнов Дмитрий Андреевич,лейтенант,9,19
Никитин Максим Иванович,полковник,12,35
Борисов Юрий Никитич,полковник,5,49
Николаев Сергей Алексеевич,сержант,2,60
Яковлев Дмитрий Юрьевич,майор,7,49
Никитин Алексей Алексеевич,полковник,6,27
Степанов Степан Кириллович,капитан,4,49
Борисов Артём Олегович,капитан,8,52
Борисов Алексей Максимович,капитан,11,52
Иванов Егор Романович,капитан,12,59
Семёнов Юрий Кириллович,рядовой,2,19
Кочергин Никита Иванович,полковник,8,39
Сидоров Евгений Кириллович,капитан,7,57
Петров Максим Викторович,полковник,11,52
Кочергин Павел Павлович,рядовой,10,25
Попов Артём Алексеевич,рядовой,12,21
Яковлев Виктор Дмитриевич,рядовой,2,29
Захаров Юрий Павлович,полковник,10,54
Новиков Константин Сергеевич,рядовой,2,47
Соколов Никита Ильич,майор,5,34
Борисов Степан Кириллович,прапорщик,3,21
Петров Олег Михайлович,полковник,12,47
Иванов Матвей Михайлович,майор,9,32
Яковлев Егор Михайлович,капитан,1,54
Андреев Виктор Иванович,лейтенант,11,50
Макаров Андрей Олегович,майор,3,43
Фёдоров Алексей Никитич,рядовой,5,20
Петров Денис Алексеевич,прапорщик,11,58
Фёдоров Артём Иванович,сержант,5,24
Степанов Матвей Андреевич,прапорщик,9,47
Семёнов Степан Дмитриевич,рядовой,6,30
Сидоров Кирилл Олегович,сержант,4,54
Яковлев Максим Сергеевич,лейтенант,1,54
Васильев Иван Кириллович,полковник,7,23
Степанов Дмитрий Кириллович,рядовой,7,24
Соловьёв Матвей Романович,сержант,12,47
Кузнецов Роман Андреевич,полковник,8,23
Козлов Алексей Юрьевич,полковник,11,32
Козлов Роман Михайлович,прапорщик,2,31
Кочергин Олег Иванович,прапорщик,3,41
Фёдоров Алексей Дмитриевич,полковник,3,46
Зайцев Алексей Алексеевич,рядовой,2,54
Сидоров Константин Павлович,рядовой,2,43
Попов Матвей Андреевич,полковник,3,29
Яковлев Илья Александрович,лейтенант,7,47
Соловьёв Артём Андреевич,капитан,2,33
Новиков Михаил Кириллович,майор,9,49
Макаров Никита Алексеевич,капитан,4,31
Степанов Андрей Павлович,полковник,9,52
Егоров Павел Сергеевич,капитан,3,20
Алексеев Дмитрий Ильич,капитан,5,56
Соловьёв Павел Андреевич,прапорщик,8,23
Семёнов Дмитрий Александрович,рядовой,12,41
Павлов Олег Дмитриевич,лейтенант,2,28
Степанов Иван Дмитриевич,прапорщик,12,35
Орлов Илья Александрович,майор,3,60
Петров Виктор Никитич,сержант,6,33
Борисов Юрий Алексеевич,лейтенант,8,32
Орлов Денис Ильич,капитан,3,46
Соловьёв Денис Ильич,полковник,10,40
Михайлов Юрий Ильич,лейтенант,7,21
Попов Егор Иванович,лейтенант,8,43
Павлов Денис Иванович,майор,8,60
Морозов Денис Алексеевич,полковник,9,59
Иванов Михаил Юрьевич,рядовой,11,58
Павлов Олег Дмитриевич,сержант,3,26
Орлов Сергей Никитич,рядовой,6,56
Зайцев Никита Романович,майор,4,31
Петров Андрей Александрович,лейтенант,2,18
Васильев Матвей Алексеевич,майор,1,18
Попов Никита Павлович,рядовой,11,43
Алексеев Михаил Александрович,капитан,1,47
Орлов Степан Олегович,капитан,3,27
Борисов Максим Павлович,сержант,1,33
Морозов Сергей Алексеевич,прапорщик,5,18
Петров Иван Дмитриевич,капитан,1,46
Соколов Максим Алексеевич,сержант,8,18
Зайцев Юрий Дмитриевич,полковник,3,40
Семёнов Денис Олегович,майор,1,43
Козлов Илья Ильич,прапорщик,3,34
Петров Алексей Алексеевич,полковник,7,46
Смирнов Илья Романович,рядовой,2,20
Егоров Андрей Александрович,полковник,2,36
Васильев Роман Викторович,сержант,4,31
Смирнов Дмитрий Сергеевич,полковник,8,32
Смирнов Виктор Александрович,рядовой,2,44
Новиков Олег Андреевич,рядовой,3,57
Николаев Юрий Кириллович,лейтенант,11,43
Новиков Константин Александрович,майор,9,54
Орлов Андрей Павлович,сержант,1,34
Кочергин Сергей Дмитриевич,капитан,5,29
Сидоров Алексей Михайлович,лейтенант,3,47
Петров Сергей Павлович,майор,8,26
Новиков Степан Алексеевич,лейтенант,4,45
Петров Егор Никитич,майор,2,36
Семёнов Артём Максимович,рядовой,7,33
Борисов Дмитрий Алексеевич,капитан,7,46
Соколов Сергей Олегович,капитан,11,28
Егоров Илья Александрович,лейтенант,9,22
Иванов Артём Алексеевич,полковник,2,25
Фёдоров Никита Алексеевич,сержант,1,41
Новиков Юрий Никитич,майор,12,58
Кочергин Павел Юрьевич,майор,2,39
Павлов Дмитрий Александрович,полковник,12,28
Борисов Степан Павлович,лейтенант,5,36
Степанов Александр Викторович,майор,3,53
Кузнецов Степан Андреевич,сержант,8,28
Васильев Денис Олегович,полковник,10,32
Макаров Роман Олегович,рядовой,12,48
Сидоров Дмитрий Олегович,прапорщик,8,46
Козлов Константин Александрович,прапорщик,5,51
Кузнецов Сергей Кириллович,прапорщик,6,49
Никитин Юрий Сергеевич,сержант,2,57
Николаев Степан Павлович,рядовой,7,29
Семёнов Максим Никитич,лейтенант,1,60
Павлов Степан Дмитриевич,сержант,3,53
Попов Виктор Ильич,сержант,4,21
Петров Сергей Иванович,лейтенант,2,22
Кузнецов Денис Александрович,майор,2,57
Егоров Евгений Ильич,капитан,4,45
Кочергин Кирилл Викторович,лейтенант,12,28
Яковлев Виктор Алексеевич,капитан,9,19
Егоров Денис Романович,рядовой,11,37
Яковлев Олег Никитич,рядовой,8,42
Фёдоров Матвей Александрович,полковник,10,32
Николаев Илья Сергеевич,лейтенант,4,18
Павлов Евгений Михайлович,лейтенант,7,46
Лебедев Андрей Максимович,капитан,4,47
Фёдоров Павел Викторович,полковник,9,38
Никитин Илья Романович,рядовой,4,53
Кочергин Александр Юрьевич,рядовой,1,48
Павлов Сергей Никитич,сержант,10,59
Орлов Дмитрий Кириллович,лейтенант,11,33
Яковлев Роман Дмитриевич,лейтенант,8,28
Иванов Иван Дмитриевич,капитан,4,40
Захаров Роман Михайлович,прапорщик,4,59
Николаев Иван Андреевич,полковник,4,45
Макаров Александр Викторович,рядовой,6,35
Степанов Максим Алексеевич,капитан,2,44
Семёнов Андрей Павлович,лейтенант,4,50
Соколов Олег Иванович,капитан,8,18
Павлов Роман Кириллович,лейтенант,5,29
Андреев Павел Викторович,прапорщик,6,26
Семёнов Роман Викторович,сержант,12,43
Николаев Михаил Дмитриевич,сержант,5,30
Попов Константин Андреевич,прапорщик,9,28
Васильев Виктор Ильич,полковник,9,24
Егоров Павел Михайлович,майор,9,31
Степанов Олег Никитич,лейтенант,12,49
Алексеев Степан Михайлович,майор,6,55
Кузнецов Дмитрий Иванович,капитан,5,55
Семёнов Егор Максимович,рядовой,11,56
Лебедев Виктор Юрьевич,капитан,6,33
Лебедев Павел Андреевич,лейтенант,10,28
Зайцев Роман Олегович,майор,12,46
Попов Константин Викторович,сержант,6,33
Захаров Никита Сергеевич,рядовой,6,43
Степанов Константин Михайлович,прапорщик,8,25
Михайлов Дмитрий Иванович,прапорщик,1,29
Соколов Денис Дмитриевич,капитан,2,27
Попов Иван Кириллович,капитан,2,45
Лебедев Константин Сергеевич,лейтенант,12,24
Андреев Павел Дмитриевич,майор,8,45
Егоров Андрей Алексеевич,майор,7,59
Иванов Максим Алексеевич,полковник,2,41
Морозов Иван Алексеевич,полковник,6,30
Кузнецов Денис Алексеевич,майор,9,30
Кузнецов Алексей Сергеевич,сержант,7,51
Сидоров Павел Кириллович,майор,1,23
Орлов Роман Сергеевич,майор,10,55
Алексеев Юрий Максимович,рядовой,4,22
Павлов Олег Романович,полковник,4,23
Кузнецов Михаил Романович,прапорщик,12,31
Козлов Евгений Сергеевич,полковник,9,49
Яковлев Кирилл Дмитриевич,майор,1,24
Зайцев Алексей Никитич,лейтенант,2,48
Борисов Егор Романович,прапорщик,4,32
Смирнов Михаил Викторович,лейтенант,8,47
Соловьёв Юрий Иванович,капитан,7,26
Фёдоров Егор Иванович,капитан,6,55
Никитин Сергей Никитич,лейтенант,7,47
Степанов Виктор Кириллович,лейтенант,5,29
Лебедев Евгений Андреевич,полковник,4,41
Павлов Константин Александрович,рядовой,7,35
Новиков Илья Романович,капитан,4,36
Захаров Артём Дмитриевич,полковник,4,35
Иванов Никита Иванович,капитан,10,54
Семёнов Михаил Кириллович,рядовой,12,59
Макаров Степан Кириллович,рядовой,7,39
Орлов Денис Кириллович,рядовой,6,25
Соловьёв Илья Сергеевич,лейтенант,3,38
Смирнов Сергей Павлович,лейтенант,3,53
Захаров Олег Никитич,майор,9,36
Николаев Александр Андреевич,рядовой,4,45
Никитин Юрий Павлович,лейтенант,11,54
Васильев Денис Викторович,сержант,1,59
Борисов Александр Викторович,рядовой,10,33
Егоров Матвей Ильич,рядовой,3,25
Кузнецов Константин Кириллович,полковник,4,43
Соколов Юрий Юрьевич,полковник,5,51
Егоров Денис Максимович,капитан,6,27
Зайцев Александр Дмитриевич,сержант,12,23
Попов Дмитрий Михайлович,лейтенант,4,21
Петров Константин Сергеевич,полковник,5,43
Павлов Степан Максимович,полковник,7,56
Борисов Юрий Никитич,сержант,10,55
Никитин Виктор Юрьевич,рядовой,3,45
Попов Андрей Юрьевич,сержант,8,45
Иванов Кирилл Дмитриевич,полковник,6,52
Соловьёв Кирилл Михайлович,полковник,7,22
Соколов Константин Романович,полковник,4,38
Морозов Роман Павлович,капитан,11,28
Яковлев Кирилл Павлович,майор,9,28
Соловьёв Виктор Юрьевич,капитан,12,49
Семёнов Евгений Олегович,полковник,2,38
Морозов Евгений Максимович,полковник,9,20
Семёнов Александр Максимович,полковник,5,50
Смирнов Максим Кириллович,полковник,3,42
Лебедев Артём Романович,сержант,7,38
Козлов Юрий Дмитриевич,прапорщик,12,28
Фёдоров Павел Романович,рядовой,7,27
Семёнов Павел Дмитриевич,полковник,9,24
Орлов Никита Кириллович,сержант,3,46
Васильев Юрий Викторович,рядовой,9,21
Никитин Юрий Максимович,лейтенант,12,22
Егоров Юрий Александрович,рядовой,1,41
Алексеев Степан Сергеевич,прапорщик,9,57
Соловьёв Александр Михайлович,полковник,12,60
Козлов Кирилл Иванович,прапорщик,9,19
Соколов Иван Михайлович,майор,6,48
Андреев Константин Алексеевич,рядовой,8,45
Соловьёв Евгений Александрович,лейтенант,3,46
Степанов Павел Кириллович,полковник,1,56
Семёнов Александр Максимович,прапорщик,6,19
Михайлов Михаил Кириллович,полковник,2,24
Соколов Константин Никитич,лейтенант,11,29
Семёнов Павел Ильич,сержант,8,48
Смирнов Александр Ильич,полковник,8,39
Кочергин Алексей Михайлович,сержант,12,37
Егоров Егор Романович,полковник,11,55
Павлов Кирилл Павлович,капитан,9,58
Козлов Роман Ильич,полковник,8,46
Лебедев Степан Олегович,капитан,7,31
Васильев Андрей Олегович,прапорщик,2,53
Андреев Михаил Андреевич,лейтенант,9,47
Степанов Кирилл Алексеевич,сержант,8,34
Сидоров Алексей Андреевич,сержант,9,38
Егоров Константин Иванович,майор,9,27
Семёнов Павел Ильич,майор,10,54
Николаев Андрей Ильич,сержант,12,23
Николаев Юрий Максимович,майор,10,52
Новиков Павел Андреевич,рядовой,2,22
Попов Олег Викторович,лейтенант,2,45
Степанов Алексей Кириллович,капитан,9,47
Кузнецов Роман Сергеевич,лейтенант,11,41
Морозов Степан Романович,майор,11,20
Новиков Павел Алексеевич,рядовой,9,54
Семёнов Павел Иванович,майор,1,19
Петров Виктор Павлович,рядовой,2,35
Павлов Денис Викторович,рядовой,6,41
Зайцев Егор Никитич,рядовой,9,30
Егоров Илья Юрьевич,полковник,9,32
Петров Сергей Алексеевич,лейтенант,3,18
Васильев Егор Юрьевич,лейтенант,3,35
Орлов Сергей Иванович,лейтенант,3,25
Михайлов Денис Никитич,прапорщик,1,30
Михайлов Иван Ильич,полковник,11,41
Морозов Дмитрий Викторович,рядовой,9,31
Новиков Павел Максимович,капитан,3,59
Алексеев Илья Кириллович,прапорщик,7,28
Макаров Матвей Александрович,прапорщик,8,36
Соколов Олег Сергеевич,прапорщик,2,19
Новиков Степан Юрьевич,прапорщик,12,32
Алексеев Денис Сергеевич,сержант,1,40
Яковлев Роман Павлович,сержант,9,55
Алексеев Дмитрий Михайлович,сержант,10,21
Никитин Денис Иванович,капитан,9,46
Никитин Илья Романович,полковник,10,37
Сидоров Павел Никитич,полковник,3,53
Захаров Михаил Михайлович,капитан,10,31
Андреев Роман Иванович,майор,4,27
Попов Иван Андреевич,полковник,3,28
Яковлев Михаил Юрьевич,лейтенант,8,22
Лебедев Артём Максимович,лейтенант,5,47
Васильев Никита Олегович,полковник,3,59
Петров Матвей Максимович,полковник,2,35
Павлов Артём Юрьевич,капитан,2,36
Павлов Матвей Ильич,прапорщик,12,41
Егоров Сергей Алексеевич,капитан,2,51
Соловьёв Роман Дмитриевич,сержант,4,21
Захаров Дмитрий Сергеевич,рядовой,4,30
Борисов Матвей Сергеевич,сержант,4,18
Павлов Сергей Ильич,полковник,11,43
Кочергин Павел Никитич,капитан,12,48
Смирнов Андрей Кириллович,сержант,7,18
Соловьёв Константин Михайлович,лейтенант,12,60
Орлов Илья Иванович,прапорщик,12,48
Никитин Егор Кириллович,прапорщик,8,55
Борисов Олег Романович,рядовой,9,41
Михайлов Сергей Никитич,сержант,2,58
Зайцев Роман Александрович,капитан,4,24
Сидоров Евгений Олегович,полковник,8,34
Андреев Александр Дмитриевич,сержант,12,21
Захаров Андрей Ильич,полковник,5,56
Новиков Михаил Сергеевич,прапорщик,10,59
Алексеев Александр Кириллович,майор,9,59
Кузнецов Денис Максимович,прапорщик,11,44
Кузнецов Никита Павлович,полковник,12,59
Смирнов Павел Ильич,прапорщик,4,46
Лебедев Евгений Алексеевич,капитан,12,49
Соколов Михаил Павлович,майор,2,55
Семёнов Артём Александрович,полковник,1,22
Захаров Артём Кириллович,сержант,3,34
Сидоров Юрий Викторович,полковник,3,36
Попов Роман Александрович,лейтенант,9,30
Никитин Никита Кириллович,сержант,2,53
Морозов Юрий Олегович,лейтенант,10,51
Никитин Сергей Ильич,капитан,4,60
Фёдоров Матвей Олегович,сержант,9,29
Кузнецов Степан Кириллович,майор,12,31
Яковлев Никита Павлович,лейтенант,12,29
Яковлев Денис Иванович,капитан,6,52
Никитин Михаил Павлович,лейтенант,1,52
Павлов Денис Олегович,лейтенант,10,36
Попов Павел Алексеевич,лейтенант,10,41
Борисов Александр Олегович,капитан,12,27
Павлов Сергей Андреевич,полковник,6,21
Макаров Сергей Викторович,майор,10,43
Никитин Роман Викторович,сержант,12,44
Борисов Егор Алексеевич,сержант,12,19
Алексеев Степан Александрович,прапорщик,3,52
Новиков Денис Романович,полковник,7,20
Макаров Дмитрий Павлович,лейтенант,5,56
Козлов Константин Никитич,сержант,12,35
Сидоров Артём Юрьевич,капитан,5,27
Никитин Роман Кириллович,сержант,3,53
Сидоров Андрей Олегович,майор,11,52
Яковлев Никита Олегович,прапорщик,4,20
Захаров Степан Сергеевич,майор,3,40
Смирнов Роман Ильич,сержант,10,43
Алексеев Дмитрий Юрьевич,рядовой,2,38
Борисов Дмитрий Олегович,полковник,4,50
Егоров Денис Алексеевич,лейтенант,7,29
Никитин Иван Павлович,лейтенант,5,21
Захаров Алексей Сергеевич,майор,2,46
Степанов Евгений Александрович,майор,10,33
Козлов Иван Александрович,рядовой,10,21
Васильев Олег Юрьевич,полковник,3,58
Яковлев Константин Павлович,капитан,8,44
Орлов Сергей Дмитриевич,лейтенант,2,48
Макаров Андрей Сергеевич,полковник,5,58
Козлов Матвей Романович,прапорщик,2,31
Степанов Юрий Ильич,рядовой,9,19
Морозов Егор Алексеевич,полковник,9,55
Алексеев Константин Олегович,рядовой,5,50
Павлов Алексей Максимович,рядовой,4,23
Васильев Иван Романович,сержант,3,48
Соколов Олег Романович,прапорщик,10,43
Макаров Андрей Романович,майор,7,33
Смирнов Кирилл Иванович,майор,4,44
Морозов Виктор Максимович,сержант,10,45
Степанов Егор Викторович,полковник,1,34
Семёнов Артём Юрьевич,рядовой,12,46
Павлов Илья Дмитриевич,рядовой,9,39
Смирнов Илья Михайлович,прапорщик,8,52
Смирнов Александр Михайлович,рядовой,11,30
Николаев Александр Юрьевич,лейтенант,2,27
Иванов Евгений Никитич,полковник,5,18
Никитин Максим Дмитриевич,капитан,3,29
Егоров Павел Юрьевич,прапорщик,2,43
Смирнов Сергей Максимович,сержант,3,38
Борисов Денис Романович,капитан,4,39
Семёнов Степан Кириллович,рядовой,11,21
Яковлев Александр Ильич,майор,9,33
Зайцев Алексей Сергеевич,рядовой,4,42
Новиков Евгений Михайлович,капитан,4,45
Алексеев Артём Алексеевич,рядовой,1,57
Лебедев Кирилл Викторович,лейтенант,2,24
Сидоров Иван Павлович,рядовой,5,57
Сидоров Виктор Романович,полковник,12,24
Николаев Кирилл Алексеевич,майор,9,22
Соловьёв Егор Сергеевич,капитан,7,39
Петров Максим Никитич,капитан,12,35
Захаров Дмитрий Романович,майор,10,53
Кузнецов Константин Викторович,сержант,9,42
Егоров Сергей Иванович,майор,5,52
Орлов Илья Юрьевич,майор,10,58
Морозов Матвей Кириллович,прапорщик,7,54
Никитин Дмитрий Михайлович,полковник,9,32
Захаров Роман Андреевич,капитан,11,42
Сидоров Роман Ильич,прапорщик,10,41
Соловьёв Максим Алексеевич,сержант,11,55
Семёнов Матвей Никитич,капитан,11,34
Николаев Олег Дмитриевич,майор,11,32
Орлов Александр Сергеевич,полковник,9,35
Борисов Сергей Олегович,лейтенант,4,40
Яковлев Сергей Юрьевич,рядовой,11,22
Попов Евгений Александрович,прапорщик,3,57
Кузнецов Дмитрий Юрьевич,рядовой,5,23
Яковлев Олег Михайлович,рядовой,11,33
Семёнов Константин Юрьевич,сержант,10,36
Макаров Алексей Романович,майор,12,29
Николаев Константин Ильич,рядовой,7,26
Егоров Иван Павлович,лейтенант,12,41
Соловьёв Илья Ильич,капитан,4,50
Соловьёв Матвей Кириллович,полковник,5,21
Павлов Константин Романович,сержант,6,57
Макаров Сергей Александрович,рядовой,4,36
Морозов Евгений Олегович,рядовой,7,27
Егоров Константин Кириллович,майор,3,18
Орлов Александр Олегович,майор,4,42
Семёнов Павел Кириллович,капитан,3,41
Борисов Никита Никитич,майор,7,37
Зайцев Андрей Романович,рядовой,8,35
Новиков Сергей Александрович,капитан,5,42
Орлов Андрей Павлович,капитан,12,50
Петров Степан Сергеевич,капитан,2,59
Фёдоров Илья Романович,прапорщик,12,27
Никитин Илья Павлович,прапорщик,12,52
Орлов Сергей Андреевич,капитан,10,52
Макаров Степан Олегович,майор,8,37
Лебедев Олег Юрьевич,капитан,4,40
Алексеев Александр Олегович,полковник,5,40
Семёнов Денис Дмитриевич,капитан,10,38
Захаров Илья Кириллович,майор,2,26
Яковлев Артём Андреевич,полковник,4,26
Козлов Михаил Дмитриевич,лейтенант,2,32
Захаров Константин Максимович,капитан,9,55
Макаров Роман Юрьевич,сержант,4,52
Соколов Илья Юрьевич,майор,11,30
Егоров Константин Павлович,прапорщик,8,36
Алексеев Егор Никитич,майор,4,42
Сидоров Максим Романович,сержант,4,59
Морозов Андрей Андреевич,сержант,9,39
Смирнов Иван Павлович,майор,3,47
Семёнов Иван Викторович,рядовой,11,42
Васильев Андрей Дмитриевич,майор,9,39
Орлов Константин Кириллович,рядовой,10,37
Кочергин Евгений Александрович,майор,6,53
Фёдоров Павел Ильич,лейтенант,1,28
Яковлев Сергей Дмитриевич,полковник,12,55
Иванов Денис Павлович,майор,12,54
Смирнов Михаил Романович,полковник,12,29
Зайцев Юрий Павлович,прапорщик,1,55
Яковлев Сергей Иванович,рядовой,10,46
Попов Дмитрий Андреевич,полковник,6,52
Яковлев Павел Юрьевич,прапорщик,12,20
Кочергин Денис Викторович,полковник,1,50
Кочергин Егор Павлович,лейтенант,1,38
Иванов Никита Максимович,капитан,5,21
Егоров Сергей Михайлович,сержант,7,39
Зайцев Никита Викторович,полковник,2,21
Зайцев Степан Иванович,прапорщик,2,18
Иванов Олег Павлович,сержант,5,57
Кузнецов Виктор Ильич,полковник,12,34
Иванов Иван Романович,лейтенант,5,56
Павлов Илья Никитич,сержант,2,60
Соловьёв Михаил Андреевич,капитан,5,43
Андреев Константин Юрьевич,сержант,2,56
Козлов Максим Олегович,полковник,5,43
Фёдоров Константин Дмитриевич,полковник,2,38
Степанов Артём Никитич,сержант,10,53
Козлов Виктор Ильич,сержант,1,38
Семёнов Михаил Михайлович,лейтенант,9,48
Никитин Евгений Алексеевич,лейтенант,5,48
Соколов Андрей Сергеевич,майор,9,27
Андреев Олег Сергеевич,прапорщик,12,20
Егоров Александр Михайлович,майор,4,31
Николаев Никита Михайлович,сержант,5,47
Фёдоров Иван Романович,сержант,2,41
Семёнов Степан Алексеевич,сержант,12,38
Андреев Степан Романович,полковник,7,21
Андреев Павел Андреевич,полковник,2,36
Семёнов Матвей Юрьевич,полковник,8,47
Борисов Константин Никитич,майор,12,45
Новиков Кирилл Романович,полковник,5,55
Никитин Степан Дмитриевич,капитан,2,36
Николаев Дмитрий Юрьевич,майор,7,19
Семёнов Олег Сергеевич,полковник,12,59
Степанов Сергей Никитич,сержант,1,48
Смирнов Илья Юрьевич,рядовой,8,59
Кочергин Олег Дмитриевич,капитан,3,35
Кузнецов Роман Алексеевич,майор,11,50
Морозов Иван Кириллович,майор,5,19
Зайцев Виктор Романович,сержант,7,53
Алексеев Константин Олегович,майор,11,44
Кочергин Виктор Алексеевич,прапорщик,12,28
Новиков Матвей Александрович,сержант,2,20
Сидоров Илья Михайлович,майор,4,26
Николаев Константин Олегович,майор,5,40
Яковлев Егор Романович,лейтенант,7,41
Никитин Сергей Павлович,майор,7,51
Иванов Денис Ильич,капитан,7,38
Иванов Олег Михайлович,лейтенант,3,51
Никитин Степан Иванович,прапорщик,11,46
Захаров Дмитрий Олегович,майор,11,38
Алексеев Дмитрий Михайлович,майор,8,42
Андреев Денис Кириллович,лейтенант,10,49
Морозов Егор Олегович,капитан,3,29
Морозов Андрей Кириллович,прапорщик,11,59
Козлов Михаил Романович,прапорщик,7,30
Попов Кирилл Максимович,майор,6,28
Павлов Михаил Кириллович,капитан,5,51
Попов Павел Алексеевич,майор,8,18
Морозов Егор Кириллович,капитан,12,29
Егоров Иван Иванович,майор,10,22
Степанов Михаил Павлович,рядовой,3,19
Макаров Иван Дмитриевич,сержант,8,32
Козлов Илья Иванович,лейтенант,6,29
Кузнецов Иван Михайлович,рядовой,2,44
Васильев Михаил Кириллович,прапорщик,7,54
Андреев Андрей Дмитриевич,майор,10,21
Алексеев Денис Алексеевич,рядовой,10,45
Иванов Александр Олегович,прапорщик,8,30
Павлов Юрий Павлович,сержант,3,48
Николаев Алексей Андреевич,сержант,11,24
Морозов Роман Никитич,лейтенант,7,47
Орлов Дмитрий Павлович,майор,9,26
Николаев Сергей Романович,майор,3,56
Егоров Александр Сергеевич,сержант,4,36
Андреев Кирилл Ильич,прапорщик,12,28
Соколов Юрий Кириллович,рядовой,6,51
Зайцев Максим Ильич,рядовой,12,52
Петров Никита Викторович,прапорщик,6,24
Николаев Роман Александрович,полковник,3,19
Борисов Александр Александрович,капитан,10,45
Попов Илья Никитич,рядовой,11,44
Иванов Степан Алексеевич,полковник,10,33
Лебедев Юрий Иванович,полковник,11,48
Андреев Александр Андреевич,майор,5,53
Васильев Роман Кириллович,майор,2,49
Павлов Юрий Ильич,сержант,4,46
Иванов Константин Алексеевич,майор,3,35
Семёнов Роман Юрьевич,прапорщик,6,52
Николаев Илья Михайлович,рядовой,9,25
Новиков Степан Павлович,рядовой,5,39
Никитин Олег Андреевич,рядовой,12,36
Иванов Денис Сергеевич,капитан,8,60
Соловьёв Павел Олегович,капитан,12,21
Андреев Алексей Андреевич,сержант,11,47
Борисов Матвей Дмитриевич,полковник,4,20
Новиков Михаил Алексеевич,капитан,3,49
Фёдоров Сергей Викторович,сержант,4,44
Семёнов Иван Максимович,лейтенант,10,33
Егоров Сергей Павлович,прапорщик,1,34
Козлов Алексей Павлович,майор,4,51
Яковлев Никита Максимович,лейтенант,8,24
Васильев Павел Сергеевич,капитан,7,33
Андреев Иван Никитич,полковник,3,24
Иванов Денис Юрьевич,прапорщик,10,43
Васильев Михаил Иванович,майор,11,45
Зайцев Денис Дмитриевич,майор,7,19
Сидоров Степан Павлович,прапорщик,10,60
Соколов Матвей Викторович,сержант,2,38
Алексеев Максим Сергеевич,лейтенант,10,51
Соловьёв Егор Викторович,сержант,5,19
Николаев Константин Никитич,полковник,2,24
Кочергин Олег Викторович,майор,5,42
Васильев Матвей Павлович,лейтенант,10,34
Морозов Егор Никитич,майор,7,54
Борисов Алексей Викторович,полковник,7,51
Иванов Егор Романович,полковник,5,31
Никитин Михаил Павлович,капитан,7,22
Егоров Иван Алексеевич,прапорщик,12,51
Кузнецов Егор Алексеевич,прапорщик,7,52
Новиков Александр Никитич,полковник,2,41
Захаров Виктор Андреевич,капитан,3,48
Петров Олег Павлович,прапорщик,8,58
Кузнецов Дмитрий Юрьевич,прапорщик,12,35
Новиков Кирилл Михайлович,полковник,7,59
Соколов Денис Сергеевич,рядовой,9,24
Кузнецов Артём Дмитриевич,рядовой,7,31
Семёнов Павел Дмитриевич,сержант,9,29
Соловьёв Олег Сергеевич,полковник,1,47
Павлов Дмитрий Олегович,полковник,10,18
Михайлов Сергей Максимович,капитан,4,19
Морозов Андрей Михайлович,прапорщик,2,41
Михайлов Юрий Викторович,полковник,12,38
Андреев Иван Никитич,сержант,6,19
Васильев Кирилл Ильич,капитан,6,55
Захаров Александр Ильич,рядовой,9,22
Алексеев Иван Сергеевич,сержант,5,39
Зайцев Константин Дмитриевич,лейтенант,7,60
Алексеев Иван Викторович,лейтенант,11,48
Орлов Никита Иванович,полковник,10,59
Фёдоров Никита Андреевич,полковник,2,22
Козлов Илья Михайлович,капитан,2,19
Кочергин Денис Викторович,полковник,4,59
Смирнов Никита Юрьевич,лейтенант,10,49
Кочергин Константин Никитич,лейтенант,12,49
Никитин Егор Иванович,сержант,1,19
Макаров Максим Олегович,лейтенант,5,42
Яковлев Матвей Александрович,капитан,9,23
Иванов Егор Александрович,сержант,4,24
Соколов Илья Михайлович,рядовой,3,55
Михайлов Артём Кириллович,лейтенант,7,55
Михайлов Илья Максимович,капитан,4,31
Алексеев Матвей Кириллович,капитан,3,51
Фёдоров Евгений Никитич,прапорщик,5,41
Алексеев Кирилл Дмитриевич,капитан,6,21
Петров Михаил Александрович,рядовой,6,25
Кузнецов Павел Романович,сержант,11,44
Сидоров Олег Дмитриевич,полковник,6,49
Захаров Юрий Иванович,полковник,9,47
Павлов Дмитрий Алексеевич,лейтенант,4,51
Смирнов Матвей Алексеевич,капитан,7,53
Михайлов Илья Никитич,прапорщик,3,54
Никитин Сергей Ильич,сержант,9,18
Захаров Алексей Олегович,полковник,4,32
Сидоров Константин Алексеевич,капитан,12,34
Степанов Андрей Никитич,капитан,5,48
Сидоров Алексей Олегович,полковник,9,27
Фёдоров Павел Михайлович,лейтенант,4,20
Петров Андрей Максимович,сержант,1,19
Орлов Егор Викторович,рядовой,10,58
Яковлев Михаил Иванович,прапорщик,11,20
Сидоров Илья Михайлович,рядовой,11,55
Васильев Алексей Александрович,полковник,12,46
Николаев Алексей Иванович,полковник,10,43
Лебедев Иван Никитич,прапорщик,12,32
Николаев Дмитрий Юрьевич,майор,12,37
Михайлов Денис Александрович,майор,7,24
Михайлов Илья Кириллович,полковник,12,26
Павлов Дмитрий Викторович,рядовой,10,32
Яковлев Никита Иванович,полковник,1,29
Семёнов Никита Юрьевич,майор,10,50
Андреев Артём Александрович,капитан,5,41
Егоров Виктор Олегович,лейтенант,11,36
Семёнов Степан Павлович,лейтенант,8,39
Васильев Виктор Иванович,майор,7,32
Васильев Михаил Сергеевич,полковник,4,49
Павлов Виктор Максимович,капитан,2,28
Новиков Матвей Ильич,майор,1,51
Кузнецов Роман Сергеевич,полковник,4,56
Алексеев Константин Олегович,прапорщик,3,53
Соловьёв Степан Александрович,лейтенант,3,53
Никитин Александр Ильич,капитан,11,58
Макаров Александр Викторович,майор,4,52
Павлов Денис Никитич,майор,11,44
Кочергин Олег Александрович,сержант,6,54
Борисов Павел Кириллович,капитан,7,55
Борисов Роман Сергеевич,прапорщик,8,19
Степанов Никита Викторович,капитан,4,35
Борисов Евгений Олегович,капитан,4,36
Попов Илья Иванович,сержант,4,53
Никитин Роман Ильич,прапорщик,10,25
Андреев Виктор Иванович,лейтенант,3,18
Андреев Олег Максимович,капитан,11,34
Николаев Юрий Дмитриевич,прапорщик,1,33
Кочергин Иван Сергеевич,капитан,12,34
Борисов Евгений Ильич,рядовой,2,43
Попов Роман Александрович,капитан,9,32
Егоров Юрий Никитич,прапорщик,8,35
Макаров Сергей Дмитриевич,рядовой,7,31
Зайцев Павел Дмитриевич,майор,5,32
Фёдоров Олег Иванович,рядовой,2,56
Иванов Матвей Михайлович,капитан,5,23
Павлов Виктор Романович,рядовой,3,49
Кочергин Юрий Михайлович,лейтенант,10,55
Егоров Александр Иванович,прапорщик,4,60
Михайлов Павел Алексеевич,капитан,9,45
Яковлев Степан Павлович,рядовой,12,52
Борисов Никита Павлович,лейтенант,7,24
Попов Андрей Юрьевич,капитан,3,37
Андреев Олег Максимович,лейтенант,5,42
Соловьёв Виктор Олегович,сержант,3,36
Лебедев Сергей Дмитриевич,майор,3,45
Васильев Максим Юрьевич,лейтенант,1,40
Морозов Кирилл Александрович,капитан,7,48
Иванов Егор Михайлович,прапорщик,1,45
Соколов Максим Никитич,сержант,1,19
Попов Максим Кириллович,рядовой,6,32
Андреев Алексей Романович,полковник,8,21
Борисов Сергей Викторович,майор,10,27
Сидоров Константин Дмитриевич,прапорщик,8,40
Степанов Роман Викторович,рядовой,8,35
Морозов Максим Юрьевич,сержант,10,53
Фёдоров Артём Олегович,капитан,8,42
Сидоров Михаил Дмитриевич,капитан,9,21
Орлов Павел Сергеевич,прапорщик,12,35
Павлов Кирилл Романович,майор,2,35
Васильев Павел Павлович,рядовой,2,30
Зайцев Павел Викторович,рядовой,4,35
Макаров Евгений Никитич,рядовой,1,39
Захаров Роман Андреевич,капитан,11,24
Лебедев Павел Иванович,рядовой,3,24
Петров Евгений Кириллович,лейтенант,5,24
Яковлев Егор Кириллович,рядовой,1,23
Егоров Роман Сергеевич,сержант,12,39
Павлов Андрей Сергеевич,капитан,4,22
Зайцев Кирилл Кириллович,сержант,8,35
Николаев Михаил Ильич,капитан,7,26
Степанов Егор Кириллович,майор,5,41
Смирнов Никита Иванович,лейтенант,12,34
Захаров Артём Юрьевич,капитан,1,58
Алексеев Матвей Юрьевич,сержант,11,58
Егоров Евгений Павлович,капитан,9,31
Кузнецов Андрей Никитич,сержант,9,28
Петров Роман Сергеевич,лейтенант,6,19
Борисов Андрей Иванович,сержант,2,45
Орлов Виктор Сергеевич,лейтенант,5,46
Николаев Евгений Михайлович,рядовой,12,22
Кузнецов Михаил Михайлович,прапорщик,4,60
Кочергин Алексей Иванович,рядовой,9,45
Степанов Алексей Романович,сержант,8,18
Захаров Денис Павлович,майор,1,31
Иванов Алексей Михайлович,капитан,2,56
Соколов Михаил Романович,полковник,8,45
Новиков Андрей Ильич,прапорщик,2,23
Сидоров Максим Викторович,майор,7,29
Павлов Егор Юрьевич,лейтенант,5,39
Иванов Александр Сергеевич,рядовой,11,56
Иванов Роман Михайлович,сержант,3,23
Яковлев Михаил Юрьевич,полковник,8,25
Смирнов Кирилл Кириллович,майор,9,26
Кочергин Олег Андреевич,лейтенант,6,41
Павлов Константин Иванович,полковник,6,47
Семёнов Павел Иванович,полковник,9,53
Семёнов Дмитрий Павлович,рядовой,6,19
Михайлов Максим Кириллович,сержант,7,50
Морозов Алексей Дмитриевич,сержант,7,25
Борисов Виктор Андреевич,сержант,5,39
Егоров Павел Юрьевич,рядовой,7,30
Лебедев Сергей Романович,лейтенант,11,53
Фёдоров Максим Викторович,сержант,12,25
Иванов Андрей Павлович,рядовой,11,26
Кузнецов Кирилл Викторович,полковник,3,23
Макаров Денис Дмитриевич,рядовой,6,48
Алексеев Павел Викторович,сержант,10,24
Козлов Максим Алексеевич,лейтенант,9,54
Козлов Алексей Романович,рядовой,9,59
Зайцев Егор Иванович,капитан,1,51
Степанов Дмитрий Алексеевич,лейтенант,7,58
Лебедев Иван Никитич,лейтенант,5,59
Соколов Алексей Павлович,прапорщик,8,40
Алексеев Павел Викторович,майор,12,52
Кочергин Роман Викторович,капитан,7,18
Морозов Виктор Кириллович,лейтенант,12,33
Захаров Егор Кириллович,сержант,4,34
Новиков Александр Алексеевич,сержант,5,53
Петров Степан Максимович,капитан,4,24
Новиков Олег Алексеевич,майор,5,35
Фёдоров Олег Кириллович,сержант,8,33
Иванов Александр Викторович,лейтенант,2,54
Иванов Алексей Александрович,рядовой,4,46
Кузнецов Артём Ильич,полковник,11,51
Новиков Виктор Александрович,капитан,5,53
Орлов Максим Андреевич,капитан,5,46
Кузнецов Роман Дмитриевич,майор,10,39
Степанов Александр Никитич,рядовой,12,20
Алексеев Виктор Максимович,капитан,9,55
Козлов Сергей Ильич,полковник,2,44
Павлов Сергей Дмитриевич,капитан,2,57
Смирнов Илья Никитич,лейтенант,3,52
Козлов Роман Александрович,лейтенант,11,30
Фёдоров Максим Сергеевич,майор,12,40
Никитин Максим Максимович,полковник,1,59
Козлов Евгений Олегович,рядовой,2,56
Соколов Дмитрий Ильич,полковник,11,44
Морозов Роман Романович,рядовой,10,25
Морозов Александр Александрович,лейтенант,10,31
Соловьёв Степан Кириллович,сержант,5,28
Борисов Денис Алексеевич,полковник,9,39
Никитин Максим Михайлович,лейтенант,5,44
Михайлов Артём Сергеевич,полковник,9,24
Андреев Матвей Олегович,полковник,8,60
Андреев Сергей Дмитриевич,капитан,12,55
Кузнецов Артём Викторович,капитан,4,34
Захаров Иван Михайлович,майор,12,34
Соколов Константин Павлович,лейтенант,10,41
Семёнов Павел Павлович,прапорщик,11,54
Сидоров Олег Никитич,рядовой,10,58
Попов Кирилл Ильич,рядовой,4,29
Борисов Денис Алексеевич,полковник,2,59
Попов Егор Юрьевич,прапорщик,1,44
Зайцев Алексей Михайлович,майор,9,22
Орлов Денис Павлович,лейтенант,1,47
Орлов Алексей Максимович,капитан,1,29
Козлов Роман Ильич,рядовой,8,51
Соловьёв Виктор Сергеевич,прапорщик,9,50
Захаров Алексей Кириллович,лейтенант,5,24
Новиков Егор Андреевич,полковник,10,32
Егоров Павел Андреевич,полковник,10,39
Николаев Матвей Дмитриевич,лейтенант,1,36
Зайцев Евгений Александрович,капитан,5,51
Кузнецов Илья Максимович,полковник,8,22
Зайцев Андрей Иванович,лейтенант,4,58
Кузнецов Юрий Романович,сержант,3,28
Кочергин Олег Олегович,сержант,5,51
Кузнецов Алексей Андреевич,капитан,9,39
Андреев Юрий Александрович,капитан,5,57
Алексеев Артём Павлович,лейтенант,11,18
Егоров Константин Максимович,прапорщик,4,50
Степанов Александр Олегович,капитан,3,40
Попов Егор Павлович,майор,12,29
Лебедев Дмитрий Олегович,полковник,6,30
Фёдоров Денис Викторович,майор,9,33
Семёнов Юрий Ильич,лейтенант,9,59
Сидоров Матвей Алексеевич,майор,1,57
Семёнов Степан Павлович,сержант,1,58
Соколов Матвей Дмитриевич,сержант,11,55
Николаев Денис Никитич,полковник,2,60
Лебедев Александр Дмитриевич,сержант,2,32
Орлов Олег Иванович,полковник,7,34
Сидоров Егор Викторович,прапорщик,6,19
Кузнецов Алексей Никитич,лейтенант,8,31
Семёнов Кирилл Максимович,капитан,12,35
Соловьёв Андрей Дмитриевич,сержант,6,20
Соколов Матвей Кириллович,лейтенант,10,34
Морозов Иван Павлович,майор,10,45
Михайлов Матвей Алексеевич,капитан,10,28
Сидоров Денис Дмитриевич,полковник,10,48
Захаров Никита Михайлович,сержант,5,49
Кузнецов Олег Сергеевич,рядовой,8,40
Степанов Роман Максимович,сержант,10,53
Смирнов Никита Михайлович,майор,5,40
Морозов Матвей Романович,прапорщик,12,49
Попов Андрей Иванович,майор,11,58
Сидоров Михаил Александрович,прапорщик,1,50
Семёнов Иван Кириллович,майор,8,36
Семёнов Егор Викторович,сержант,8,50
Кузнецов Иван Павлович,прапорщик,3,22
Сидоров Юрий Ильич,сержант,12,27
Фёдоров Иван Михайлович,полковник,5,26
Лебедев Александр Юрьевич,сержант,9,40
Степанов Павел Юрьевич,лейтенант,7,37
Никитин Сергей Кириллович,рядовой,2,35
Андреев Алексей Алексеевич,прапорщик,5,29
Егоров Кирилл Никитич,лейтенант,11,44
Морозов Дмитрий Иванович,капитан,4,21
Фёдоров Кирилл Александрович,рядовой,12,50
Кочергин Роман Сергеевич,лейтенант,9,47
Морозов Роман Алексеевич,рядовой,7,24
Фёдоров Никита Романович,полковник,3,59
Николаев Денис Андреевич,рядовой,8,35
Никитин Алексей Романович,полковник,11,18
Борисов Дмитрий Кириллович,рядовой,8,55
Сидоров Никита Михайлович,сержант,7,24
Петров Степан Максимович,полковник,3,37
Смирнов Олег Максимович,полковник,9,52
Захаров Сергей Алексеевич,полковник,8,25
Орлов Константин Максимович,капитан,2,42
Соловьёв Андрей Викторович,прапорщик,2,59
Лебедев Олег Викторович,полковник,1,44
Захаров Роман Сергеевич,капитан,3,43
Петров Денис Кириллович,полковник,6,43
Смирнов Матвей Дмитриевич,капитан,2,50
Соколов Никита Иванович,сержант,11,46
Фёдоров Степан Иванович,рядовой,7,56
Кочергин Александр Олегович,лейтенант,3,36
Николаев Александр Андреевич,майор,8,40
Кузнецов Матвей Андреевич,полковник,10,18
Новиков Павел Ильич,капитан,5,20
Попов Егор Иванович,майор,4,55
Алексеев Матвей Сергеевич,майор,2,40
Соловьёв Павел Дмитриевич,капитан,5,26
Никитин Кирилл Никитич,прапорщик,12,36
Борисов Степан Никитич,сержант,8,50
Зайцев Артём Викторович,рядовой,10,34
Кузнецов Степан Кириллович,рядовой,10,41
Кузнецов Андрей Викторович,капитан,7,37
Николаев Артём Кириллович,майор,1,50
Семёнов Иван Михайлович,лейтенант,3,32
Новиков Константин Романович,сержант,5,55
Лебедев Матвей Кириллович,сержант,1,26
Павлов Павел Михайлович,майор,3,27
Семёнов Роман Никитич,капитан,9,54
Егоров Олег Дмитриевич,рядовой,2,58
Новиков Иван Андреевич,прапорщик,4,18
Петров Кирилл Юрьевич,майор,1,59
Яковлев Иван Ильич,лейтенант,11,39
Новиков Алексей Романович,рядовой,11,20
Кузнецов Кирилл Александрович,прапорщик,7,57
Андреев Кирилл Ильич,лейтенант,2,40
Зайцев Денис Иванович,прапорщик,6,52
Андреев Максим Никитич,сержант,3,21
Зайцев Роман Ильич,рядовой,2,19
Павлов Алексей Максимович,сержант,11,37
Николаев Матвей Андреевич,лейтенант,8,24
Николаев Константин Олегович,полковник,4,25
Андреев Андрей Андреевич,капитан,10,20
Морозов Кирилл Андреевич,сержант,4,50
Новиков Юрий Сергеевич,полковник,2,45
Алексеев Александр Олегович,капитан,1,56
Козлов Максим Алексеевич,лейтенант,11,20
Николаев Иван Кириллович,сержант,9,22
Морозов Константин Михайлович,капитан,9,52
Соколов Андрей Павлович,рядовой,1,60
Михайлов Степан Викторович,капитан,8,48
Попов Дмитрий Олегович,прапорщик,1,27
Кузнецов Алексей Михайлович,полковник,1,49
Кузнецов Илья Кириллович,полковник,6,53
Попов Максим Кириллович,прапорщик,5,59
Захаров Евгений Иванович,рядовой,5,41
Яковлев Илья Александрович,сержант,7,53
Смирнов Михаил Максимович,капитан,4,53
Зайцев Олег Павлович,сержант,10,45
Сидоров Дмитрий Алексеевич,капитан,9,49
Кузнецов Никита Дмитриевич,прапорщик,3,42
Попов Матвей Алексеевич,сержант,5,44
Захаров Михаил Михайлович,полковник,6,29
Орлов Илья Александрович,сержант,9,33
Фёдоров Роман Дмитриевич,прапорщик,4,53
Соколов Виктор Ильич,лейтенант,6,56
Попов Иван Алексеевич,лейтенант,9,19
Борисов Илья Никитич,прапорщик,7,55
Яковлев Константин Ильич,майор,7,52
Новиков Никита Павлович,сержант,6,47
Михайлов Денис Олегович,сержант,10,50
Петров Роман Андреевич,прапорщик,5,49
Козлов Роман Дмитриевич,полковник,9,39
Петров Александр Никитич,капитан,10,56
Николаев Артём Павлович,майор,2,52
Орлов Артём Михайлович,сержант,6,33
Иванов Михаил Юрьевич,сержант,8,60
Смирнов Сергей Ильич,рядовой,3,36
Смирнов Егор Романович,полковник,2,54
Кузнецов Степан Сергеевич,майор,5,32
Лебедев Андрей Олегович,майор,4,33
Павлов Юрий Юрьевич,лейтенант,4,38
Кочергин Роман Романович,лейтенант,9,49
Иванов Матвей Викторович,майор,12,44
Соловьёв Максим Юрьевич,полковник,5,43
Семёнов Павел Романович,капитан,10,26
Фёдоров Дмитрий Сергеевич,лейтенант,12,43
Козлов Никита Сергеевич,прапорщик,9,24
Лебедев Кирилл Никитич,полковник,6,19
Макаров Виктор Михайлович,сержант,10,31
Соколов Павел Александрович,сержант,2,34
Николаев Константин Павлович,лейтенант,2,58
Козлов Никита Дмитриевич,прапорщик,9,21
Кузнецов Дмитрий Дмитриевич,рядовой,2,54
Алексеев Денис Никитич,полковник,6,53
Попов Илья Андреевич,майор,5,35
Петров Виктор Романович,майор,6,24
Егоров Дмитрий Максимович,лейтенант,2,19
Иванов Матвей Павлович,лейтенант,10,47
Петров Степан Михайлович,капитан,9,53
Николаев Константин Кириллович,рядовой,1,19
Соколов Алексей Дмитриевич,сержант,12,50
Степанов Олег Олегович,майор,7,43
Сидоров Юрий Кириллович,капитан,6,25
Петров Степан Никитич,майор,5,33
Иванов Роман Алексеевич,прапорщик,12,24
Павлов Матвей Романович,прапорщик,7,45
Петров Михаил Дмитриевич,капитан,10,19
Никитин Егор Ильич,рядовой,7,42
Никитин Михаил Павлович,прапорщик,5,23
Михайлов Иван Александрович,майор,4,28
Михайлов Кирилл Никитич,сержант,9,52
Козлов Денис Сергеевич,полковник,8,46
Михайлов Сергей Юрьевич,сержант,5,30
Семёнов Илья Андреевич,рядовой,3,34
Павлов Олег Сергеевич,сержант,12,34
Лебедев Павел Максимович,лейтенант,7,31
Морозов Иван Дмитриевич,лейтенант,10,31
Морозов Павел Никитич,капитан,1,18
Морозов Никита Юрьевич,прапорщик,7,41
Николаев Максим Андреевич,рядовой,9,33
Соколов Роман Алексеевич,прапорщик,7,30
Никитин Виктор Юрьевич,прапорщик,4,48
Новиков Андрей Алексеевич,капитан,2,22
Соловьёв Максим Максимович,майор,10,23
Васильев Олег Ильич,прапорщик,7,35
Егоров Алексей Павлович,рядовой,7,35
Васильев Александр Иванович,сержант,2,33
Фёдоров Денис Павлович,рядовой,10,43
Лебедев Константин Кириллович,полковник,11,58
Кочергин Сергей Викторович,полковник,2,55
Кочергин Михаил Павлович,капитан,11,19
Орлов Павел Сергеевич,капитан,10,34
Соколов Андрей Ильич,капитан,1,43
Егоров Евгений Олегович,капитан,7,32
Иванов Александр Олегович,сержант,8,53
Васильев Кирилл Юрьевич,прапорщик,10,39
Иванов Никита Олегович,сержант,9,32
Козлов Юрий Иванович,рядовой,4,46
Соколов Олег Романович,майор,7,45
Андреев Андрей Сергеевич,капитан,12,59
Семёнов Виктор Сергеевич,майор,3,28
Смирнов Виктор Максимович,сержант,8,48
Сидоров Андрей Ильич,прапорщик,4,40
Алексеев Виктор Сергеевич,полковник,8,22
Кузнецов Константин Иванович,прапорщик,9,48
Петров Артём Олегович,рядовой,9,24
Степанов Артём Иванович,лейтенант,6,53
Соколов Денис Никитич,лейтенант,12,28
Захаров Роман Александрович,прапорщик,10,55
Зайцев Евгений Александрович,капитан,5,20
Никитин Евгений Павлович,рядовой,2,50
Попов Алексей Михайлович,сержант,7,47
Попов Артём Ильич,майор,8,39
Сидоров Дмитрий Алексеевич,капитан,4,34
Макаров Алексей Александрович,капитан,6,30
Егоров Никита Юрьевич,майор,1,51
Васильев Павел Юрьевич,майор,3,58
Захаров Дмитрий Ильич,лейтенант,10,57
Борисов Алексей Никитич,лейтенант,8,55
Козлов Роман Дмитриевич,капитан,1,37
Козлов Алексей Юрьевич,лейтенант,1,37
Захаров Олег Максимович,капитан,6,28
Степанов Егор Максимович,лейтенант,2,25
Козлов Евгений Дмитриевич,сержант,2,30
Васильев Артём Александрович,полковник,3,39
Новиков Денис Юрьевич,сержант,1,58
Степанов Степан Олегович,прапорщик,9,31
Кузнецов Михаил Кириллович,сержант,2,24
Алексеев Роман Дмитриевич,полковник,10,55
Никитин Юрий Павлович,прапорщик,7,36
Борисов Илья Александрович,сержант,11,60
Степанов Сергей Ильич,рядовой,2,53
Кочергин Виктор Сергеевич,рядовой,7,40
Алексеев Юрий Иванович,майор,11,25
Андреев Матвей Викторович,лейтенант,7,48
Степанов Кирилл Александрович,капитан,4,19
Фёдоров Максим Алексеевич,полковник,1,49
Новиков Матвей Никитич,сержант,10,29
Борисов Степан Юрьевич,полковник,5,40
Лебедев Константин Андреевич,прапорщик,7,32
Захаров Юрий Викторович,рядовой,8,50
Иванов Иван Дмитриевич,прапорщик,1,50
Захаров Илья Юрьевич,рядовой,5,49
Сидоров Илья Андреевич,прапорщик,11,23
Захаров Денис Иванович,прапорщик,3,48
Алексеев Кирилл Алексеевич,прапорщик,11,49
Яковлев Юрий Романович,капитан,10,39
Борисов Алексей Алексеевич,полковник,5,24
Сидоров Денис Кириллович,сержант,8,47
Алексеев Степан Викторович,капитан,8,27
Павлов Артём Кириллович,лейтенант,9,24
Морозов Алексей Дмитриевич,прапорщик,11,52
Кочергин Кирилл Викторович,майор,1,51
Михайлов Александр Романович,сержант,11,26
Михайлов Илья Алексеевич,сержант,10,48
Кочергин Павел Иванович,майор,10,18
Михайлов Александр Иванович,рядовой,7,50
Васильев Матвей Алексеевич,прапорщик,10,37
Новиков Степан Дмитриевич,полковник,10,23
Алексеев Роман Александрович,рядовой,5,47
Егоров Павел Максимович,полковник,9,53
Алексеев Степан Андреевич,майор,8,42
Кочергин Юрий Павлович,сержант,1,27
Соловьёв Евгений Юрьевич,сержант,2,55
Соловьёв Матвей Дмитриевич,прапорщик,2,39
Васильев Максим Михайлович,капитан,4,41
Кузнецов Константин Викторович,лейтенант,5,39
Михайлов Никита Дмитриевич,рядовой,8,34
Никитин Евгений Александрович,рядовой,8,47
Алексеев Евгений Сергеевич,лейтенант,1,55
Кочергин Андрей Михайлович,рядовой,2,25
Макаров Михаил Викторович,прапорщик,7,46
Павлов Дмитрий Ильич,прапорщик,3,32
Морозов Иван Максимович,сержант,12,60
Кочергин Матвей Дмитриевич,капитан,8,18
Соколов Александр Кириллович,полковник,6,47
Сидоров Артём Сергеевич,сержант,10,39
Фёдоров Илья Сергеевич,лейтенант,5,30
Петров Кирилл Кириллович,майор,11,50
Борисов Олег Максимович,прапорщик,8,41
Борисов Павел Сергеевич,полковник,2,18
Зайцев Евгений Алексеевич,полковник,8,37
Макаров Кирилл Павлович,капитан,4,27
Захаров Артём Юрьевич,капитан,7,60
Соколов Роман Михайлович,прапорщик,1,56
Козлов Илья Михайлович,сержант,8,18
Фёдоров Дмитрий Сергеевич,майор,3,52
Кузнецов Андрей Дмитриевич,капитан,5,18
Сидоров Виктор Михайлович,капитан,6,35
Кочергин Иван Андреевич,сержант,5,37
Зайцев Кирилл Максимович,капитан,12,28
Фёдоров Андрей Юрьевич,майор,6,31
Павлов Денис Сергеевич,рядовой,9,58
Борисов Сергей Сергеевич,полковник,11,41
Новиков Матвей Юрьевич,лейтенант,9,57
Андреев Виктор Александрович,майор,7,55
Васильев Степан Максимович,лейтенант,12,33
Фёдоров Виктор Иванович,майор,10,35
Егоров Иван Никитич,лейтенант,2,27
Новиков Евгений Максимович,майор,1,59
Морозов Александр Сергеевич,прапорщик,7,48
Попов Павел Дмитриевич,рядовой,4,32
Соловьёв Олег Юрьевич,капитан,9,33
Николаев Юрий Иванович,прапорщик,8,42
Лебедев Илья Романович,рядовой,2,50
Орлов Евгений Алексеевич,рядовой,6,28
Иванов Алексей Сергеевич,капитан,5,59
Попов Алексей Романович,сержант,4,57
Никитин Андрей Олегович,прапорщик,6,46
Новиков Артём Дмитриевич,рядовой,10,46
Зайцев Алексей Павлович,лейтенант,8,50
Морозов Павел Сергеевич,капитан,11,38
Смирнов Кирилл Алексеевич,лейтенант,3,29
Михайлов Матвей Сергеевич,полковник,12,50
Иванов Никита Сергеевич,капитан,2,57
Новиков Степан Кириллович,рядовой,11,23
Петров Дмитрий Ильич,сержант,5,18
Николаев Алексей Кириллович,прапорщик,11,53
Егоров Артём Олегович,майор,4,31
Яковлев Андрей Никитич,полковник,7,39
Андреев Егор Алексеевич,капитан,5,51
Попов Кирилл Алексеевич,прапорщик,4,56
Степанов Матвей Ильич,лейтенант,10,52
Михайлов Кирилл Максимович,капитан,7,54
Козлов Артём Андреевич,полковник,11,48
Соловьёв Артём Ильич,капитан,1,20
Зайцев Илья Романович,лейтенант,5,30
Яковлев Евгений Кириллович,лейтенант,12,30
Орлов Олег Викторович,прапорщик,8,47
Морозов Матвей Михайлович,майор,3,21
Кузнецов Андрей Сергеевич,рядовой,1,55
Макаров Илья Павлович,полковник,12,20
Михайлов Александр Андреевич,рядовой,4,58
Макаров Никита Романович,сержант,11,23
Петров Максим Никитич,майор,2,20
Алексеев Денис Алексеевич,прапорщик,8,22
Козлов Алексей Сергеевич,прапорщик,4,48
Орлов Михаил Алексеевич,лейтенант,11,53
Сидоров Александр Олегович,прапорщик,5,37
Павлов Илья Ильич,сержант,3,24
Новиков Степан Павлович,полковник,10,51
Кузнецов Олег Максимович,рядовой,10,48
Семёнов Егор Юрьевич,прапорщик,11,30
Борисов Алексей Романович,капитан,4,56
Лебедев Юрий Михайлович,капитан,4,39
Борисов Олег Александрович,полковник,10,38
Козлов Виктор Юрьевич,лейтенант,11,45
Новиков Алексей Алексеевич,капитан,2,42
Никитин Михаил Дмитриевич,рядовой,11,55
Николаев Артём Иванович,лейтенант,10,31
Захаров Илья Дмитриевич,лейтенант,5,45
Никитин Олег Сергеевич,прапорщик,6,27
Смирнов Евгений Дмитриевич,лейтенант,10,43
Фёдоров Матвей Олегович,майор,5,43
Иванов Константин Викторович,капитан,7,37
Захаров Олег Юрьевич,полковник,5,23
Новиков Сергей Максимович,полковник,3,52
Новиков Роман Дмитриевич,прапорщик,11,45
Егоров Алексей Ильич,лейтенант,1,57
Петров Артём Романович,майор,1,48
Захаров Иван Сергеевич,рядовой,9,49
Орлов Никита Андреевич,прапорщик,6,46
Кочергин Илья Михайлович,лейтенант,2,25
Борисов Степан Дмитриевич,рядовой,3,27
Смирнов Михаил Александрович,сержант,9,31
Новиков Юрий Романович,лейтенант,1,18
Семёнов Сергей Алексеевич,сержант,7,45
Сидоров Андрей Максимович,полковник,5,42
Зайцев Никита Ильич,капитан,9,49
Семёнов Виктор Александрович,сержант,10,51
Андреев Илья Олегович,капитан,1,33
Андреев Павел Андреевич,сержант,10,18
Сидоров Юрий Никитич,сержант,2,40
Андреев Виктор Андреевич,полковник,8,26
Соловьёв Роман Юрьевич,сержант,9,54
Фёдоров Роман Андреевич,рядовой,7,46
Павлов Максим Алексеевич,сержант,7,56
Егоров Денис Максимович,прапорщик,12,56
Сидоров Олег Павлович,полковник,11,43
Семёнов Роман Алексеевич,майор,8,41
Степанов Сергей Никитич,лейтенант,8,39
Никитин Юрий Александрович,сержант,6,39
Степанов Павел Иванович,сержант,10,21
Лебедев Андрей Сергеевич,рядовой,5,35
Соловьёв Константин Александрович,прапорщик,12,24
Алексеев Степан Иванович,лейтенант,11,52
Фёдоров Олег Иванович,рядовой,10,30
Макаров Иван Олегович,капитан,5,32
Егоров Александр Кириллович,полковник,1,48
Соколов Дмитрий Кириллович,капитан,11,33
Фёдоров Иван Максимович,рядовой,11,18
Захаров Олег Михайлович,рядовой,2,30
Кузнецов Иван Юрьевич,полковник,12,50
Иванов Олег Олегович,прапорщик,2,46
Зайцев Илья Алексеевич,лейтенант,9,21
Захаров Константин Алексеевич,прапорщик,6,34
Васильев Павел Максимович,полковник,11,26
Соколов Артём Александрович,лейтенант,12,56
Зайцев Виктор Михайлович,майор,8,28
Зайцев Андрей Дмитриевич,прапорщик,2,54
Яковлев Юрий Ильич,рядовой,2,32
Андреев Юрий Романович,полковник,2,18
Зайцев Денис Юрьевич,прапорщик,9,59
Фёдоров Кирилл Ильич,сержант,7,56
Никитин Иван Андреевич,полковник,12,26
Орлов Андрей Никитич,лейтенант,9,59
Кочергин Никита Павлович,прапорщик,6,35
Степанов Олег Иванович,полковник,8,45
Семёнов Константин Павлович,лейтенант,8,50
Андреев Кирилл Никитич,рядовой,4,41
Борисов Алексей Михайлович,сержант,12,24
Борисов Максим Михайлович,лейтенант,10,31
Никитин Иван Олегович,капитан,8,55
Петров Олег Иванович,рядовой,2,21
Николаев Артём Максимович,капитан,11,40
Захаров Виктор Никитич,капитан,3,32
Кузнецов Степан Иванович,полковник,7,38
Яковлев Илья Сергеевич,капитан,4,48
Петров Дмитрий Дмитриевич,полковник,5,32
Степанов Роман Павлович,капитан,2,58
Попов Александр Михайлович,сержант,2,30
Кочергин Юрий Алексеевич,майор,2,53
Михайлов Дмитрий Иванович,рядовой,7,41
Макаров Никита Александрович,полковник,9,32
Соколов Павел Михайлович,прапорщик,9,31
Андреев Егор Юрьевич,полковник,3,37
Орлов Александр Александрович,майор,1,19
Зайцев Егор Михайлович,рядовой,7,51
Соколов Денис Кириллович,прапорщик,7,48
Петров Матвей Олегович,полковник,12,60
Козлов Евгений Александрович,рядовой,9,26
Андреев Евгений Дмитриевич,сержант,2,42
Соловьёв Никита Олегович,майор,12,59
Фёдоров Сергей Кириллович,сержант,8,43
Никитин Никита Максимович,сержант,12,58
Михайлов Роман Максимович,сержант,10,27
Сидоров Иван Иванович,сержант,2,26
Андреев Дмитрий Александрович,прапорщик,7,34
Козлов Павел Дмитриевич,капитан,2,51
Михайлов Дмитрий Дмитриевич,рядовой,2,60
Егоров Михаил Павлович,майор,2,24
Михайлов Роман Андреевич,рядовой,1,30
Борисов Виктор Романович,полковник,9,30
Макаров Павел Павлович,рядовой,5,52
Захаров Никита Юрьевич,капитан,11,54
Захаров Роман Ильич,майор,4,19
Андреев Егор Романович,рядовой,10,23
Козлов Илья Дмитриевич,сержант,12,27
Зайцев Илья Максимович,рядовой,1,20
Зайцев Павел Ильич,лейтенант,4,28
Соколов Михаил Александрович,майор,6,18
Степанов Сергей Олегович,полковник,11,32
Сидоров Юрий Алексеевич,полковник,7,45
Зайцев Максим Никитич,капитан,2,44
Новиков Павел Романович,капитан,5,37
Захаров Денис Романович,полковник,8,40
Семёнов Юрий Павлович,полковник,1,19
Семёнов Матвей Александрович,полковник,4,59
Соколов Виктор Юрьевич,майор,3,29
Яковлев Роман Романович,прапорщик,2,33
Алексеев Павел Юрьевич,прапорщик,9,50
Павлов Сергей Никитич,прапорщик,11,44
Соловьёв Павел Сергеевич,прапорщик,3,56
Морозов Юрий Сергеевич,лейтенант,3,48
Семёнов Константин Александрович,капитан,10,54
Соловьёв Иван Дмитриевич,лейтенант,6,60
Орлов Максим Юрьевич,полковник,1,42
Лебедев Павел Олегович,прапорщик,4,45
Новиков Михаил Олегович,прапорщик,4,57
Соловьёв Андрей Максимович,майор,11,54
Сидоров Михаил Андреевич,полковник,11,52
Иванов Илья Максимович,рядовой,12,21
Новиков Константин Юрьевич,сержант,2,18
Кочергин Дмитрий Дмитриевич,полковник,10,26
Семёнов Юрий Максимович,капитан,3,57
Морозов Сергей Максимович,майор,10,26
Никитин Андрей Алексеевич,сержант,5,22
Лебедев Максим Иванович,майор,11,55
Козлов Сергей Олегович,лейтенант,7,38
Васильев Виктор Ильич,рядовой,4,59
Никитин Андрей Андреевич,полковник,4,56
Фёдоров Артём Кириллович,полковник,2,38
Кочергин Юрий Андреевич,прапорщик,1,53
Соловьёв Максим Иванович,полковник,5,19
Николаев Павел Ильич,полковник,5,20
Соловьёв Александр Викторович,прапорщик,4,53
Андреев Илья Никитич,прапорщик,12,50
Смирнов Никита Алексеевич,капитан,6,42
Фёдоров Денис Максимович,рядовой,7,29
Морозов Матвей Иванович,лейтенант,11,55
Орлов Степан Михайлович,полковник,6,47
Орлов Роман Александрович,лейтенант,9,50
Соколов Никита Викторович,лейтенант,11,52
Михайлов Никита Андреевич,лейтенант,7,20
Соловьёв Павел Юрьевич,сержант,4,40
Сидоров Павел Александрович,прапорщик,9,30
Кузнецов Александр Кириллович,полковник,3,45
Степанов Павел Александрович,полковник,8,58
Кочергин Юрий Павлович,полковник,4,31
Семёнов Денис Викторович,прапорщик,8,48
Новиков Кирилл Сергеевич,майор,6,45
Соколов Константин Александрович,прапорщик,7,27
Новиков Евгений Ильич,сержант,2,56
Петров Андрей Сергеевич,рядовой,8,53
Иванов Константин Олегович,полковник,12,45
Иванов Денис Кириллович,сержант,11,20
Яковлев Сергей Олегович,прапорщик,1,34
Никитин Денис Никитич,полковник,7,25
Яковлев Артём Андреевич,прапорщик,6,27
Борисов Михаил Дмитриевич,сержант,4,60
Козлов Матвей Александрович,капитан,9,49
Никитин Кирилл Дмитриевич,рядовой,8,54
Новиков Михаил Олегович,рядовой,2,39
Яковлев Матвей Никитич,полковник,7,52
Новиков Никита Андреевич,капитан,6,34
Новиков Роман Алексеевич,сержант,9,24
Борисов Дмитрий Дмитриевич,прапорщик,4,46
Орлов Денис Юрьевич,лейтенант,6,47
Алексеев Евгений Михайлович,лейтенант,2,26
Павлов Александр Ильич,сержант,4,27
Михайлов Виктор Александрович,лейтенант,10,44
Семёнов Сергей Иванович,капитан,2,25
Кочергин Александр Викторович,сержант,5,32
Смирнов Виктор Романович,майор,12,50
Сидоров Никита Андреевич,рядовой,2,31
Попов Виктор Максимович,сержант,12,29
Новиков Константин Кириллович,прапорщик,9,28
Павлов Дмитрий Олегович,полковник,12,34
Яковлев Михаил Дмитриевич,капитан,9,19
Яковлев Юрий Александрович,прапорщик,10,59
Новиков Евгений Никитич,рядовой,10,33
Соловьёв Егор Викторович,сержант,8,31
Смирнов Никита Александрович,сержант,5,30
Сидоров Максим Александрович,прапорщик,2,59
Орлов Олег Юрьевич,сержант,9,55
Зайцев Алексей Никитич,капитан,4,44
Смирнов Сергей Викторович,капитан,8,37
Фёдоров Иван Романович,полковник,4,34
Никитин Кирилл Алексеевич,рядовой,12,46
Орлов Юрий Павлович,лейтенант,11,53
Семёнов Егор Сергеевич,капитан,8,19
Михайлов Егор Дмитриевич,прапорщик,4,48
Макаров Степан Иванович,лейтенант,2,26
Павлов Александр Иванович,майор,10,32
Семёнов Кирилл Викторович,майор,9,21
Козлов Андрей Олегович,рядовой,8,39
Фёдоров Иван Михайлович,рядовой,9,51
Смирнов Павел Михайлович,лейтенант,8,23
Соколов Евгений Дмитриевич,сержант,6,39
Иванов Виктор Ильич,капитан,6,33
Морозов Степан Олегович,капитан,8,39
Павлов Роман Алексеевич,капитан,6,45
Иванов Егор Дмитриевич,прапорщик,5,52
Иванов Артём Дмитриевич,прапорщик,10,58
Кузнецов Никита Максимович,прапорщик,8,21
Смирнов Сергей Сергеевич,майор,5,42
Соколов Никита Михайлович,лейтенант,5,42
Михайлов Константин Кириллович,майор,11,21
Егоров Михаил Олегович,лейтенант,3,37
Васильев Егор Павлович,майор,12,57
Семёнов Михаил Дмитриевич,капитан,10,20
Кузнецов Александр Романович,прапорщик,10,33
Зайцев Егор Михайлович,лейтенант,2,32
Борисов Иван Кириллович,сержант,8,28
Михайлов Виктор Кириллович,полковник,10,37
Новиков Евгений Сергеевич,полковник,7,25
Семёнов Сергей Максимович,майор,3,18
Степанов Константин Романович,лейтенант,1,30
Николаев Степан Дмитриевич,сержант,3,33
Сидоров Сергей Андреевич,лейтенант,6,33
Борисов Дмитрий Иванович,полковник,2,22
Соловьёв Сергей Сергеевич,майор,3,29
Борисов Павел Дмитриевич,рядовой,3,48
Новиков Матвей Михайлович,рядовой,2,42
Михайлов Степан Иванович,майор,4,20
Зайцев Матвей Кириллович,майор,4,27
Иванов Евгений Максимович,прапорщик,11,51
Зайцев Матвей Юрьевич,майор,7,22
Яковлев Сергей Алексеевич,майор,5,24
Егоров Александр Викторович,майор,3,18
Семёнов Никита Андреевич,капитан,7,42
Орлов Денис Викторович,капитан,11,49
Алексеев Андрей Никитич,полковник,9,58
Фёдоров Матвей Никитич,лейтенант,4,32
Морозов Дмитрий Романович,майор,3,24
Иванов Степан Юрьевич,рядовой,7,46
Алексеев Иван Никитич,рядовой,8,25
Орлов Евгений Олегович,сержант,6,29
Лебедев Дмитрий Сергеевич,лейтенант,11,25
Захаров Роман Алексеевич,рядовой,2,26
Борисов Максим Кириллович,прапорщик,1,29
Семёнов Роман Александрович,сержант,7,54
Иванов Егор Дмитриевич,рядовой,9,44
Яковлев Максим Максимович,полковник,11,56
Борисов Роман Александрович,сержант,5,57
Павлов Артём Кириллович,лейтенант,12,36
Алексеев Егор Максимович,полковник,9,58
Кузнецов Сергей Дмитриевич,майор,3,44
Фёдоров Константин Олегович,прапорщик,7,27
Павлов Роман Дмитриевич,прапорщик,3,49
Зайцев Илья Дмитриевич,сержант,12,51
Борисов Денис Олегович,майор,8,31
Иванов Дмитрий Дмитриевич,прапорщик,10,57
Кочергин Сергей Сергеевич,сержант,4,46
Андреев Степан Алексеевич,прапорщик,5,51
Петров Юрий Викторович,прапорщик,3,46
Смирнов Илья Дмитриевич,рядовой,7,29
Михайлов Матвей Максимович,капитан,6,26
Лебедев Денис Александрович,майор,12,20
Андреев Юрий Юрьевич,капитан,9,36
Фёдоров Иван Юрьевич,рядовой,2,29
Петров Евгений Андреевич,полковник,1,53
Егоров Матвей Андреевич,рядовой,4,31
Петров Михаил Максимович,прапорщик,2,34
Морозов Дмитрий Андреевич,прапорщик,8,36
Иванов Михаил Павлович,лейтенант,8,37
Егоров Артём Ильич,майор,11,49
Кочергин Роман Сергеевич,полковник,4,43
Фёдоров Кирилл Алексеевич,капитан,1,52
Степанов Иван Юрьевич,сержант,12,41
Соловьёв Сергей Викторович,прапорщик,3,44
Кузнецов Артём Олегович,сержант,11,23
Сидоров Степан Никитич,рядовой,12,49
Новиков Константин Алексеевич,лейтенант,5,54
Андреев Константин Максимович,майор,5,29
Орлов Павел Юрьевич,сержант,9,19
Петров Артём Андреевич,лейтенант,4,56
Андреев Никита Алексеевич,прапорщик,1,32
Кочергин Александр Михайлович,лейтенант,3,46
Макаров Михаил Иванович,прапорщик,11,53
Кочергин Артём Андреевич,майор,2,50
Макаров Иван Иванович,рядовой,2,30
Николаев Илья Викторович,сержант,3,58
Лебедев Сергей Александрович,рядовой,2,31
Кузнецов Олег Никитич,лейтенант,5,60
Яковлев Никита Максимович,рядовой,5,32
Зайцев Денис Юрьевич,рядовой,12,23
Никитин Сергей Олегович,капитан,4,33
Новиков Константин Александрович,прапорщик,4,30
Кочергин Дмитрий Максимович,капитан,3,37
Орлов Илья Павлович,капитан,3,53
Сидоров Дмитрий Ильич,сержант,4,27
Попов Константин Андреевич,сержант,8,41
Иванов Егор Викторович,лейтенант,8,28
Соловьёв Михаил Олегович,капитан,2,51
Соловьёв Степан Романович,рядовой,2,54
Павлов Денис Романович,сержант,7,42
Захаров Кирилл Никитич,лейтенант,12,20
Соколов Сергей Кириллович,рядовой,2,37
Лебедев Дмитрий Кириллович,рядовой,4,50
Никитин Артём Кириллович,лейтенант,1,45
Фёдоров Кирилл Дмитриевич,лейтенант,8,57
Новиков Константин Сергеевич,лейтенант,3,57
Андреев Евгений Иванович,рядовой,9,38
Егоров Денис Никитич,майор,5,44
Кочергин Иван Михайлович,лейтенант,12,48
Кочергин Сергей Романович,прапорщик,5,58
Смирнов Иван Андреевич,лейтенант,8,49
Сидоров Илья Ильич,лейтенант,11,60
Захаров Александр Юрьевич,сержант,10,26
Борисов Константин Сергеевич,рядовой,9,27
Лебедев Юрий Иванович,рядовой,8,51
Иванов Кирилл Романович,лейтенант,8,23
Кузнецов Олег Алексеевич,сержант,2,23
Макаров Алексей Иванович,майор,1,21
Козлов Андрей Олегович,сержант,8,38
Смирнов Александр Романович,лейтенант,11,48
Морозов Андрей Юрьевич,сержант,12,47
Сидоров Олег Романович,прапорщик,1,27
Кочергин Виктор Иванович,полковник,2,34
Морозов Александр Ильич,капитан,3,30
Попов Роман Кириллович,сержант,2,50
Кузнецов Константин Никитич,капитан,3,60
Захаров Роман Иванович,капитан,11,23
Новиков Артём Кириллович,прапорщик,8,24
Макаров Егор Алексеевич,рядовой,7,38
Павлов Артём Олегович,полковник,3,47
Захаров Егор Никитич,лейтенант,4,58
Павлов Никита Ильич,капитан,11,29
Зайцев Дмитрий Андреевич,капитан,9,23
Смирнов Константин Андреевич,сержант,6,26
Фёдоров Алексей Кириллович,рядовой,4,41
Захаров Константин Андреевич,капитан,10,29
Зайцев Виктор Алексеевич,лейтенант,6,54
Захаров Павел Михайлович,полковник,10,57
Алексеев Иван Кириллович,майор,7,35
Сидоров Юрий Сергеевич,полковник,1,52
Фёдоров Денис Андреевич,прапорщик,7,54
Николаев Алексей Михайлович,капитан,4,51
Николаев Константин Александрович,майор,5,33
Яковлев Виктор Максимович,полковник,7,38
Кочергин Павел Дмитриевич,майор,8,26
Морозов Павел Максимович,сержант,2,20
Петров Степан Павлович,прапорщик,3,30
Фёдоров Кирилл Романович,сержант,3,52
Соколов Дмитрий Александрович,полковник,9,23
Фёдоров Денис Олегович,полковник,9,55
Николаев Олег Никитич,капитан,2,41
Никитин Олег Олегович,полковник,5,45
Соколов Денис Сергеевич,прапорщик,2,54
Лебедев Сергей Романович,майор,11,24
Степанов Матвей Юрьевич,майор,9,52
Смирнов Михаил Романович,лейтенант,8,41
Васильев Егор Павлович,капитан,4,56
Семёнов Егор Юрьевич,лейтенант,3,25
Захаров Павел Сергеевич,сержант,8,27
Кочергин Егор Сергеевич,прапорщик,5,27
Алексеев Кирилл Иванович,полковник,9,25
Сидоров Дмитрий Кириллович,лейтенант,8,21
Захаров Юрий Никитич,капитан,2,59
Морозов Кирилл Алексеевич,рядовой,7,54
Соколов Дмитрий Романович,сержант,7,34
Морозов Евгений Александрович,рядовой,3,27
Зайцев Илья Андреевич,лейтенант,8,45
Николаев Денис Олегович,сержант,4,38
Новиков Никита Александрович,лейтенант,7,57
Васильев Степан Сергеевич,лейтенант,6,39
Николаев Юрий Ильич,капитан,11,21
Егоров Илья Андреевич,прапорщик,8,37
Макаров Алексей Алексеевич,сержант,4,19
Петров Андрей Максимович,рядовой,4,29
Соколов Алексей Олегович,полковник,4,37
Козлов Никита Михайлович,капитан,10,37
Фёдоров Михаил Андреевич,рядовой,3,59
Козлов Максим Максимович,рядовой,2,46
Орлов Егор Романович,полковник,2,30
Соколов Михаил Кириллович,майор,6,18
Степанов Кирилл Романович,прапорщик,9,34
Егоров Андрей Дмитриевич,сержант,7,54
Васильев Алексей Никитич,рядовой,8,38
Михайлов Кирилл Александрович,лейтенант,4,21
Попов Андрей Кириллович,прапорщик,4,36
Козлов Юрий Викторович,капитан,11,58
Павлов Павел Романович,полковник,3,36
Михайлов Матвей Юрьевич,майор,1,41
Яковлев Евгений Романович,сержант,1,25
Захаров Матвей Юрьевич,майор,10,43
Николаев Кирилл Викторович,капитан,10,52
Павлов Денис Викторович,прапорщик,1,27
Егоров Матвей Павлович,сержант,11,55
Захаров Дмитрий Дмитриевич,полковник,11,57
Соловьёв Артём Андреевич,лейтенант,10,20
Новиков Константин Олегович,прапорщик,2,18
Семёнов Степан Юрьевич,полковник,7,19
Кузнецов Матвей Алексеевич,майор,12,32
Семёнов Виктор Павлович,лейтенант,12,21
Макаров Евгений Алексеевич,майор,6,47
Петров Андрей Алексеевич,лейтенант,6,38
Зайцев Дмитрий Максимович,рядовой,2,49
Яковлев Иван Максимович,капитан,1,23
Сидоров Матвей Дмитриевич,полковник,9,28
Сидоров Олег Викторович,майор,5,44
Павлов Денис Кириллович,майор,1,29
Лебедев Артём Михайлович,лейтенант,9,59
Борисов Никита Кириллович,рядовой,1,28
Степанов Юрий Алексеевич,капитан,2,28
Петров Никита Михайлович,прапорщик,12,42
Семёнов Евгений Никитич,рядовой,6,58
Степанов Виктор Павлович,майор,2,40
Семёнов Илья Иванович,сержант,11,44
Яковлев Павел Кириллович,капитан,5,39
Васильев Сергей Павлович,рядовой,3,38
Яковлев Сергей Никитич,капитан,12,22
Сидоров Дмитрий Сергеевич,прапорщик,3,52
Петров Олег Алексеевич,рядовой,5,39
Кузнецов Егор Алексеевич,лейтенант,11,38
Кузнецов Иван Александрович,лейтенант,2,21
Лебедев Александр Александрович,лейтенант,9,56
Яковлев Сергей Сергеевич,прапорщик,6,25
Морозов Алексей Никитич,капитан,11,45
Орлов Максим Алексеевич,рядовой,9,21
Кочергин Алексей Никитич,лейтенант,2,25
Фёдоров Павел Олегович,майор,3,35
Макаров Степан Алексеевич,рядовой,9,58
Козлов Никита Никитич,рядовой,11,39
Соколов Матвей Ильич,сержант,5,45
Орлов Михаил Юрьевич,лейтенант,6,57
Смирнов Дмитрий Викторович,прапорщик,1,42
Васильев Андрей Кириллович,рядовой,10,47
Захаров Сергей Андреевич,капитан,8,18
Павлов Алексей Олегович,прапорщик,1,38
Захаров Артём Никитич,майор,6,51
Фёдоров Матвей Иванович,лейтенант,4,45
Степанов Андрей Дмитриевич,капитан,7,23
Семёнов Александр Романович,лейтенант,12,27
Лебедев Денис Алексеевич,прапорщик,11,30
Зайцев Виктор Павлович,капитан,7,45
Павлов Матвей Алексеевич,прапорщик,3,51
Фёдоров Денис Павлович,полковник,8,53
Иванов Дмитрий Юрьевич,лейтенант,9,21
Орлов Константин Иванович,рядовой,3,54
Егоров Андрей Иванович,лейтенант,11,35
Яковлев Андрей Дмитриевич,майор,7,21
Соколов Денис Александрович,рядовой,2,42
Павлов Илья Алексеевич,прапорщик,10,42
Алексеев Сергей Алексеевич,лейтенант,5,19
Борисов Сергей Александрович,капитан,4,53
Макаров Иван Иванович,прапорщик,1,50
Соколов Сергей Михайлович,сержант,7,58
Попов Степан Дмитриевич,прапорщик,5,46
Орлов Матвей Иванович,рядовой,7,23
Соколов Артём Алексеевич,капитан,2,41
Алексеев Дмитрий Юрьевич,лейтенант,10,34
Сидоров Иван Иванович,капитан,4,27
Орлов Евгений Иванович,полковник,3,38
Морозов Максим Викторович,лейтенант,5,25
Егоров Алексей Александрович,полковник,9,20
Кочергин Илья Андреевич,лейтенант,4,52
Егоров Роман Максимович,полковник,6,37
Никитин Артём Андреевич,полковник,12,41
Иванов Максим Юрьевич,рядовой,9,58
Никитин Михаил Максимович,сержант,4,41
Соколов Юрий Викторович,лейтенант,9,30
Соловьёв Павел Алексеевич,лейтенант,6,42
Степанов Виктор Михайлович,капитан,8,52
Яковлев Олег Павлович,рядовой,3,31
Никитин Виктор Максимович,сержант,1,48
Борисов Сергей Никитич,полковник,5,41
Егоров Константин Алексеевич,майор,8,40
Новиков Виктор Юрьевич,майор,2,31
Лебедев Денис Иванович,сержант,7,49
Зайцев Никита Максимович,лейтенант,5,26
Зайцев Никита Алексеевич,рядовой,9,22
Семёнов Никита Андреевич,полковник,6,56
Михайлов Александр Александрович,полковник,1,28
Орлов Иван Юрьевич,прапорщик,12,52
Кочергин Никита Кириллович,полковник,2,38
Макаров Павел Иванович,майор,1,45
Степанов Павел Сергеевич,рядовой,12,60
Кочергин Максим Сергеевич,сержант,8,59
Смирнов Максим Кириллович,капитан,5,49
Кочергин Виктор Павлович,прапорщик,11,25
Захаров Константин Ильич,майор,9,56
Соловьёв Артём Иванович,майор,9,59
Иванов Егор Александрович,прапорщик,2,23
Орлов Дмитрий Романович,прапорщик,4,56
Зайцев Денис Олегович,сержант,11,33
Морозов Павел Максимович,рядовой,9,41
Макаров Олег Викторович,капитан,6,55
Соколов Олег Михайлович,полковник,1,42
Соловьёв Матвей Никитич,лейтенант,5,19
Иванов Матвей Павлович,капитан,10,28
Захаров Максим Викторович,майор,3,24
Соколов Илья Юрьевич,прапорщик,9,42
Фёдоров Юрий Павлович,майор,3,26
Попов Андрей Кириллович,полковник,11,28
Алексеев Кирилл Павлович,майор,6,24
Степанов Иван Павлович,сержант,4,42
Соловьёв Олег Викторович,полковник,4,44
Васильев Роман Сергеевич,сержант,9,54
Никитин Виктор Дмитриевич,лейтенант,8,54
Козлов Денис Максимович,сержант,1,22
Егоров Евгений Александрович,майор,2,41
Соловьёв Юрий Михайлович,лейтенант,4,25
Смирнов Михаил Иванович,сержант,12,40
Никитин Алексей Александрович,капитан,12,48
Павлов Дмитрий Алексеевич,лейтенант,1,40
Андреев Алексей Сергеевич,майор,8,28
Новиков Сергей Дмитриевич,майор,3,23
Смирнов Кирилл Олегович,майор,2,57
Михайлов Константин Максимович,полковник,4,24
Козлов Виктор Дмитриевич,рядовой,8,57
Семёнов Андрей Иванович,рядовой,10,48
Лебедев Константин Максимович,лейтенант,12,59
Кочергин Илья Викторович,сержант,9,57
Степанов Евгений Романович,майор,10,57
Семёнов Роман Андреевич,рядовой,8,49
Захаров Михаил Дмитриевич,капитан,6,37
Никитин Константин Александрович,лейтенант,8,49
Сидоров Егор Кириллович,сержант,1,59
Соловьёв Олег Юрьевич,рядовой,10,52
Фёдоров Артём Кириллович,майор,1,57
Павлов Дмитрий Михайлович,лейтенант,9,46
Смирнов Юрий Иванович,сержант,1,57
Макаров Виктор Юрьевич,майор,2,30
Андреев Алексей Александрович,лейтенант,12,52
Смирнов Кирилл Андреевич,майор,7,57
Иванов Евгений Александрович,прапорщик,7,49
Алексеев Сергей Павлович,капитан,9,21
Андреев Алексей Романович,капитан,12,44
Андреев Никита Михайлович,майор,5,38
Соколов Виктор Максимович,прапорщик,11,57
Новиков Андрей Максимович,полковник,3,48
Сидоров Алексей Михайлович,рядовой,10,30
Зайцев Сергей Никитич,прапорщик,7,39
Соловьёв Егор Викторович,полковник,5,22
Соловьёв Никита Сергеевич,капитан,9,41
Егоров Евгений Дмитриевич,майор,9,33
Михайлов Сергей Алексеевич,прапорщик,10,40
Попов Кирилл Сергеевич,капитан,5,41
Фёдоров Сергей Юрьевич,капитан,10,55
Степанов Юрий Андреевич,прапорщик,9,20
Васильев Матвей Андреевич,лейтенант,9,48
Алексеев Михаил Максимович,лейтенант,3,50
Михайлов Дмитрий Юрьевич,лейтенант,12,44
Михайлов Матвей Юрьевич,лейтенант,2,41
Алексеев Евгений Сергеевич,лейтенант,1,26
Степанов Иван Андреевич,рядовой,4,26
Зайцев Денис Кириллович,прапорщик,10,23
Николаев Илья Никитич,прапорщик,12,26
Павлов Юрий Максимович,капитан,8,24
Фёдоров Матвей Сергеевич,рядовой,10,60
Иванов Илья Иванович,сержант,7,49
Кочергин Иван Романович,лейтенант,2,41
Соловьёв Иван Дмитриевич,лейтенант,12,34
Смирнов Кирилл Павлович,капитан,6,42
Козлов Михаил Олегович,полковник,11,34
Егоров Илья Сергеевич,капитан,6,44
Морозов Иван Алексеевич,полковник,9,38
Егоров Никита Кириллович,рядовой,9,51
Морозов Олег Павлович,сержант,11,22
Попов Иван Михайлович,прапорщик,12,42
Никитин Александр Павлович,рядовой,11,23
Кочергин Константин Алексеевич,полковник,6,24
Семёнов Егор Никитич,капитан,8,52
Соловьёв Денис Викторович,капитан,8,54
Зайцев Никита Романович,рядовой,9,54
Борисов Никита Александрович,рядовой,9,38
Морозов Михаил Ильич,сержант,12,35
Сидоров Кирилл Викторович,полковник,2,28
Сидоров Артём Михайлович,лейтенант,5,40
Сидоров Егор Кириллович,сержант,7,48
Орлов Евгений Максимович,капитан,5,32
Васильев Юрий Олегович,полковник,4,33
Зайцев Иван Романович,полковник,9,22
Морозов Олег Михайлович,капитан,3,57
Алексеев Иван Дмитриевич,сержант,4,48
Кочергин Андрей Павлович,рядовой,4,59
Орлов Павел Александрович,полковник,1,42
Семёнов Юрий Максимович,сержант,7,36
Васильев Павел Викторович,полковник,4,41
Соколов Алексей Дмитриевич,капитан,3,26
Захаров Алексей Дмитриевич,прапорщик,6,27
Кочергин Юрий Павлович,прапорщик,5,58
Никитин Максим Алексеевич,майор,6,18
Зайцев Виктор Андреевич,майор,11,44
Кузнецов Андрей Юрьевич,майор,6,43
Степанов Илья Дмитриевич,сержант,8,58
Егоров Дмитрий Кириллович,майор,5,60
Никитин Константин Романович,рядовой,7,37
Яковлев Роман Кириллович,сержант,4,56
Соловьёв Артём Романович,капитан,5,26
Николаев Максим Кириллович,капитан,8,39
Алексеев Илья Андреевич,сержант,9,32
Зайцев Дмитрий Андреевич,капитан,7,40
Морозов Сергей Дмитриевич,полковник,6,29
Никитин Никита Викторович,прапорщик,2,54
Борисов Максим Никитич,майор,5,27
Яковлев Степан Андреевич,рядовой,4,34
Яковлев Алексей Михайлович,лейтенант,11,39
Зайцев Павел Иванович,рядовой,11,53
Кочергин Евгений Ильич,полковник,5,26
Морозов Олег Никитич,капитан,10,39
Николаев Константин Сергеевич,полковник,6,43
Семёнов Евгений Никитич,капитан,2,22
Сидоров Павел Михайлович,прапорщик,9,51
Яковлев Константин Алексеевич,майор,4,41
Борисов Степан Алексеевич,капитан,7,46
Смирнов Виктор Дмитриевич,майор,6,36
Яковлев Артём Романович,лейтенант,6,49
Козлов Роман Алексеевич,капитан,3,26
Макаров Константин Александрович,лейтенант,10,27
Степанов Павел Александрович,рядовой,1,29
Алексеев Денис Викторович,полковник,7,41
Фёдоров Константин Ильич,полковник,2,22
Егоров Степан Сергеевич,прапорщик,2,35
Борисов Константин Кириллович,майор,5,26
Зайцев Матвей Викторович,майор,2,31
Макаров Иван Сергеевич,полковник,5,21
Соколов Илья Олегович,сержант,1,50
Андреев Алексей Павлович,лейтенант,6,49
Иванов Матвей Кириллович,рядовой,12,33
Кочергин Денис Никитич,полковник,6,20
Петров Константин Дмитриевич,прапорщик,2,40
Михайлов Кирилл Михайлович,сержант,4,50
Никитин Илья Андреевич,сержант,8,52
Соловьёв Роман Олегович,майор,11,49
Алексеев Дмитрий Юрьевич,полковник,4,22
Иванов Евгений Андреевич,капитан,8,28
Андреев Александр Кириллович,полковник,4,30
Яковлев Роман Михайлович,лейтенант,9,22
Павлов Александр Романович,прапорщик,10,58
Михайлов Виктор Кириллович,полковник,8,26
Егоров Олег Ильич,рядовой,5,56
Орлов Олег Иванович,майор,1,31
Николаев Роман Романович,сержант,1,25
Андреев Павел Романович,сержант,2,27
Иванов Юрий Никитич,сержант,2,20
Соловьёв Михаил Максимович,лейтенант,9,29
Соколов Максим Алексеевич,полковник,1,45
Иванов Андрей Юрьевич,майор,8,57
Павлов Виктор Алексеевич,майор,3,46
Кузнецов Александр Павлович,рядовой,12,45
Попов Александр Олегович,майор,9,54
Яковлев Павел Кириллович,рядовой,9,19
Смирнов Кирилл Романович,полковник,9,51
Фёдоров Константин Кириллович,рядовой,6,53
Соколов Олег Никитич,майор,1,22
Алексеев Алексей Максимович,полковник,4,49
Семёнов Илья Романович,капитан,3,21
Семёнов Олег Дмитриевич,майор,5,28
Зайцев Никита Александрович,полковник,3,32
Павлов Дмитрий Олегович,капитан,6,25
Макаров Матвей Михайлович,лейтенант,5,60
Зайцев Егор Романович,сержант,7,19
Иванов Артём Максимович,полковник,7,58
Кузнецов Павел Максимович,майор,3,38
Андреев Кирилл Юрьевич,сержант,3,54
Лебедев Илья Кириллович,капитан,4,58
Кочергин Степан Ильич,рядовой,4,21
Фёдоров Дмитрий Максимович,капитан,2,60
Степанов Евгений Олегович,полковник,7,60
Степанов Егор Ильич,майор,6,44
Соколов Андрей Максимович,сержант,3,18
Петров Евгений Алексеевич,сержант,10,60
Козлов Евгений Никитич,рядовой,4,59
Макаров Сергей Алексеевич,майор,12,23
Соловьёв Павел Викторович,капитан,3,40
Семёнов Евгений Юрьевич,рядовой,10,38
Орлов Юрий Александрович,лейтенант,8,56
Морозов Дмитрий Кириллович,майор,11,47
Сидоров Евгений Андреевич,капитан,9,33
Соловьёв Константин Павлович,прапорщик,4,29
Новиков Юрий Ильич,капитан,10,28
Егоров Евгений Александрович,полковник,10,23
Петров Максим Дмитриевич,прапорщик,7,50
Новиков Алексей Олегович,капитан,12,20
Николаев Александр Викторович,капитан,3,58
Фёдоров Степан Михайлович,капитан,4,23
Кочергин Юрий Алексеевич,майор,4,22
Зайцев Роман Максимович,сержант,11,26
Кочергин Иван Юрьевич,майор,8,21
Орлов Александр Максимович,рядовой,9,57
Семёнов Максим Викторович,прапорщик,11,40
Лебедев Кирилл Максимович,полковник,8,59
Козлов Илья Павлович,рядовой,12,22
Алексеев Олег Алексеевич,майор,4,48
Егоров Виктор Дмитриевич,майор,2,50
Яковлев Роман Павлович,прапорщик,9,50
Лебедев Алексей Павлович,прапорщик,7,48
Никитин Алексей Сергеевич,лейтенант,2,23
Николаев Егор Александрович,сержант,6,51
Фёдоров Олег Павлович,прапорщик,10,39
Михайлов Алексей Александрович,лейтенант,9,49
Андреев Матвей Ильич,полковник,9,18
Морозов Иван Дмитриевич,рядовой,4,50
Соколов Илья Александрович,рядовой,10,20
Смирнов Степан Романович,прапорщик,11,46
Иванов Александр Максимович,полковник,7,33
Степанов Сергей Олегович,капитан,12,41
Борисов Виктор Андреевич,лейтенант,4,27
Захаров Константин Юрьевич,капитан,8,60
Козлов Матвей Александрович,майор,2,37
Козлов Андрей Максимович,прапорщик,5,42
Фёдоров Артём Юрьевич,полковник,9,51
Сидоров Виктор Алексеевич,рядовой,10,50
Николаев Виктор Никитич,лейтенант,1,36
Михайлов Матвей Андреевич,рядовой,5,30
Яковлев Олег Андреевич,майор,10,51
Лебедев Матвей Дмитриевич,капитан,5,18
Никитин Кирилл Сергеевич,майор,1,33
Сидоров Иван Алексеевич,прапорщик,8,40
Андреев Матвей Михайлович,лейтенант,3,59
Яковлев Илья Дмитриевич,прапорщик,2,52
Михайлов Илья Алексеевич,прапорщик,3,25
Андреев Егор Романович,рядовой,4,41
Николаев Никита Иванович,капитан,7,35
Яковлев Александр Сергеевич,полковник,4,31
Орлов Алексей Максимович,капитан,8,45
Андреев Сергей Никитич,капитан,12,29
Андреев Андрей Михайлович,прапорщик,12,47
Борисов Степан Никитич,прапорщик,8,47
Егоров Евгений Михайлович,сержант,7,20
Андреев Илья Кириллович,капитан,5,37
Новиков Сергей Романович,лейтенант,8,50
Лебедев Илья Романович,рядовой,2,18
Иванов Юрий Александрович,сержант,1,27
Степанов Кирилл Юрьевич,капитан,3,41
Морозов Матвей Ильич,капитан,8,20
Степанов Илья Сергеевич,рядовой,2,18
Попов Олег Михайлович,лейтенант,11,58
Андреев Олег Андреевич,прапорщик,6,36
Борисов Олег Сергеевич,лейтенант,10,32
Новиков Егор Юрьевич,лейтенант,12,19
Павлов Андрей Сергеевич,полковник,9,50
Попов Артём Кириллович,прапорщик,7,59
Зайцев Кирилл Иванович,прапорщик,10,44
Егоров Денис Андреевич,полковник,1,41
Семёнов Олег Александрович,прапорщик,7,53
Соколов Егор Павлович,капитан,6,43
Зайцев Максим Ильич,прапорщик,9,52
Алексеев Денис Никитич,рядовой,2,29
Васильев Роман Дмитриевич,сержант,10,34
Степанов Константин Кириллович,рядовой,12,52
Зайцев Олег Никитич,полковник,11,36
Никитин Матвей Романович,лейтенант,8,51
Соловьёв Кирилл Дмитриевич,прапорщик,2,36
Кузнецов Егор Романович,прапорщик,1,45
Смирнов Роман Олегович,майор,10,19
Сидоров Роман Александрович,майор,6,49
Никитин Иван Дмитриевич,прапорщик,2,22
Семёнов Егор Иванович,лейтенант,6,35
Николаев Александр Павлович,полковник,2,36
Петров Александр Александрович,прапорщик,6,51
Степанов Кирилл Иванович,сержант,4,57
Кузнецов Михаил Кириллович,сержант,9,26
Захаров Никита Максимович,майор,11,48
Зайцев Денис Алексеевич,прапорщик,1,24
Фёдоров Олег Александрович,рядовой,8,42
Козлов Павел Александрович,прапорщик,8,46
Кочергин Виктор Максимович,полковник,2,29
Соколов Юрий Иванович,лейтенант,10,35
Николаев Павел Алексеевич,полковник,9,45
Соколов Дмитрий Андреевич,полковник,1,26
Петров Сергей Александрович,лейтенант,8,52
Соловьёв Алексей Романович,капитан,11,20
Иванов Алексей Павлович,капитан,3,28
Морозов Михаил Максимович,прапорщик,2,43
Смирнов Степан Максимович,полковник,1,18
Борисов Иван Никитич,рядовой,4,28
Яковлев Константин Кириллович,лейтенант,10,23
Орлов Максим Иванович,полковник,9,43
Михайлов Артём Ильич,капитан,7,58
Петров Никита Иванович,полковник,4,50
Васильев Евгений Сергеевич,полковник,1,58
Павлов Евгений Сергеевич,рядовой,1,29
Степанов Кирилл Никитич,рядовой,3,36
Орлов Михаил Алексеевич,лейтенант,10,33
Степанов Евгений Иванович,рядовой,9,22
Семёнов Дмитрий Максимович,рядовой,9,41
Соколов Матвей Максимович,полковник,1,60
Зайцев Степан Александрович,прапорщик,12,26
Иванов Максим Сергеевич,майор,3,53
Орлов Андрей Викторович,рядовой,3,31
Кузнецов Андрей Юрьевич,сержант,3,26
Михайлов Кирилл Алексеевич,лейтенант,9,56
Зайцев Никита Александрович,рядовой,8,40
Павлов Егор Алексеевич,капитан,5,32
Соловьёв Сергей Максимович,полковник,9,42
Макаров Кирилл Алексеевич,прапорщик,6,22
Козлов Максим Иванович,полковник,7,42
Семёнов Егор Ильич,сержант,11,25
Никитин Денис Никитич,капитан,9,52
Сидоров Дмитрий Никитич,рядовой,7,42
Михайлов Иван Олегович,лейтенант,2,18
Борисов Александр Иванович,майор,2,24
Никитин Павел Александрович,лейтенант,11,50
Павлов Иван Викторович,майор,11,31
Сидоров Никита Дмитриевич,майор,5,33
Смирнов Егор Андреевич,рядовой,12,30
Захаров Кирилл Андреевич,рядовой,2,43
Егоров Максим Кириллович,прапорщик,8,29
Соловьёв Иван Сергеевич,рядовой,1,22
Никитин Павел Александрович,прапорщик,7,25
Захаров Алексей Павлович,полковник,1,27
Михайлов Степан Юрьевич,прапорщик,10,28
Петров Роман Максимович,сержант,9,24
Иванов Артём Андреевич,лейтенант,2,58
Петров Иван Александрович,лейтенант,2,31
Морозов Алексей Алексеевич,лейтенант,10,32
Зайцев Степан Максимович,рядовой,11,59
Орлов Егор Викторович,сержант,11,40
Степанов Виктор Викторович,рядовой,4,31
Андреев Иван Алексеевич,лейтенант,10,23
Петров Иван Романович,лейтенант,10,49
Степанов Никита Михайлович,полковник,1,25
Смирнов Никита Андреевич,сержант,4,41
Сидоров Олег Романович,майор,3,47
Иванов Александр Романович,полковник,6,41
Орлов Дмитрий Максимович,капитан,11,48
Петров Егор Дмитриевич,прапорщик,3,22
Соловьёв Дмитрий Викторович,капитан,5,24
Козлов Александр Алексеевич,прапорщик,9,29
Орлов Андрей Юрьевич,сержант,4,59
Яковлев Илья Максимович,капитан,8,45
Андреев Матвей Павлович,рядовой,3,40
Михайлов Максим Иванович,капитан,2,57
Никитин Олег Сергеевич,прапорщик,5,51
Захаров Алексей Иванович,майор,11,49
Морозов Степан Павлович,прапорщик,6,22
Кузнецов Дмитрий Кириллович,прапорщик,2,37
Кочергин Юрий Кириллович,полковник,2,59
Соколов Илья Андреевич,майор,3,48
Кузнецов Кирилл Никитич,прапорщик,12,22
Макаров Михаил Юрьевич,сержант,2,38
Макаров Дмитрий Максимович,капитан,1,25
Соловьёв Виктор Викторович,полковник,5,23
Лебедев Константин Алексеевич,сержант,11,53
Захаров Илья Ильич,лейтенант,3,41
Михайлов Олег Олегович,полковник,7,38
Николаев Максим Иванович,капитан,7,24
Смирнов Матвей Викторович,рядовой,9,19
Михайлов Павел Олегович,капитан,10,23
Семёнов Кирилл Александрович,полковник,6,29
Орлов Егор Ильич,сержант,6,51
Николаев Олег Александрович,сержант,10,46
Васильев Андрей Максимович,лейтенант,3,43
Фёдоров Иван Сергеевич,капитан,1,45
Фёдоров Кирилл Олегович,капитан,7,27
Сидоров Виктор Максимович,рядовой,2,35
Борисов Никита Андреевич,полковник,3,40
Соловьёв Илья Юрьевич,сержант,8,58
Лебедев Павел Сергеевич,сержант,12,32
Морозов Максим Сергеевич,лейтенант,3,54
Захаров Илья Александрович,полковник,10,51
Павлов Илья Романович,майор,1,40
Зайцев Олег Дмитриевич,прапорщик,10,33
Козлов Андрей Александрович,рядовой,10,50
Сидоров Александр Олегович,капитан,10,43
Михайлов Роман Андреевич,лейтенант,4,58
Васильев Матвей Алексеевич,майор,9,29
Зайцев Матвей Викторович,сержант,1,44
Попов Максим Олегович,лейтенант,11,41
Иванов Виктор Романович,капитан,5,40
Макаров Дмитрий Кириллович,полковник,3,30
Степанов Алексей Никитич,капитан,6,32
Степанов Павел Ильич,прапорщик,6,49
Захаров Максим Дмитриевич,майор,4,57
Семёнов Максим Ильич,капитан,2,42
Андреев Михаил Павлович,полковник,5,38
Макаров Дмитрий Александрович,капитан,1,20
Макаров Илья Викторович,лейтенант,9,33
Захаров Максим Александрович,сержант,7,44
Васильев Андрей Викторович,капитан,10,59
Соловьёв Артём Никитич,лейтенант,7,30
Яковлев Юрий Михайлович,сержант,10,54
Зайцев Андрей Кириллович,лейтенант,9,31
Соколов Максим Кириллович,рядовой,9,53
Смирнов Алексей Павлович,майор,11,32
Егоров Сергей Викторович,капитан,5,58
Егоров Денис Иванович,полковник,1,26
Зайцев Евгений Дмитриевич,сержант,12,49
Орлов Юрий Павлович,рядовой,11,50
Никитин Максим Иванович,капитан,4,30
Семёнов Андрей Михайлович,майор,7,23
Егоров Никита Александрович,полковник,1,45
Сидоров Сергей Максимович,прапорщик,3,46
Сидоров Максим Алексеевич,лейтенант,7,23
Михайлов Сергей Юрьевич,лейтенант,6,18
Фёдоров Олег Андреевич,майор,8,37
Михайлов Олег Андреевич,лейтенант,6,20
Семёнов Матвей Иванович,капитан,9,30
Соловьёв Степан Романович,капитан,4,21
Петров Андрей Сергеевич,рядовой,3,57
Кочергин Денис Ильич,майор,5,19
Смирнов Кирилл Кириллович,прапорщик,3,58
Фёдоров Кирилл Викторович,рядовой,6,46
Козлов Дмитрий Никитич,прапорщик,1,49
Соколов Матвей Ильич,рядовой,8,28
Смирнов Артём Дмитриевич,полковник,9,26
Яковлев Кирилл Викторович,полковник,2,32
Соловьёв Павел Алексеевич,полковник,10,27
Макаров Михаил Дмитриевич,прапорщик,1,41
Николаев Евгений Павлович,лейтенант,10,19
Яковлев Михаил Сергеевич,полковник,11,51
Зайцев Виктор Никитич,капитан,6,56
Васильев Никита Максимович,лейтенант,9,58
Андреев Егор Юрьевич,капитан,3,56
Николаев Роман Дмитриевич,майор,11,47
Лебедев Егор Дмитриевич,полковник,5,29
Смирнов Олег Викторович,капитан,2,39
Егоров Степан Кириллович,сержант,11,35
Борисов Максим Сергеевич,лейтенант,1,32
Михайлов Евгений Романович,лейтенант,10,21
Семёнов Илья Андреевич,полковник,12,51
Сидоров Евгений Ильич,рядовой,8,51
Егоров Никита Романович,капитан,8,58
Соловьёв Виктор Ильич,сержант,12,54
Алексеев Степан Кириллович,лейтенант,2,26
Козлов Иван Сергеевич,прапорщик,9,48
Иванов Андрей Александрович,капитан,2,59
Егоров Андрей Викторович,лейтенант,1,33
Андреев Дмитрий Дмитриевич,прапорщик,8,22
Захаров Андрей Иванович,капитан,8,50
Смирнов Олег Максимович,майор,7,25
Семёнов Егор Никитич,сержант,9,25
Фёдоров Дмитрий Иванович,майор,8,28
Лебедев Максим Максимович,рядовой,6,54
Алексеев Степан Алексеевич,майор,5,53
Новиков Михаил Павлович,сержант,3,41
Егоров Степан Дмитриевич,лейтенант,11,46
Орлов Виктор Юрьевич,рядовой,7,21
Никитин Роман Иванович,прапорщик,7,53
Кочергин Виктор Кириллович,рядовой,4,49
Михайлов Степан Павлович,прапорщик,6,55
Попов Олег Сергеевич,майор,6,57
Васильев Денис Иванович,рядовой,6,21
Смирнов Иван Викторович,полковник,12,25
Козлов Константин Иванович,полковник,5,44
Орлов Степан Романович,капитан,8,52
Козлов Константин Иванович,капитан,1,57
Сидоров Никита Дмитриевич,лейтенант,9,45
Соловьёв Матвей Юрьевич,прапорщик,10,57
Михайлов Сергей Ильич,лейтенант,7,23
Николаев Евгений Дмитриевич,прапорщик,12,45
Кочергин Роман Дмитриевич,лейтенант,7,35
Андреев Денис Алексеевич,сержант,7,33
Смирнов Евгений Дмитриевич,майор,1,20
Новиков Олег Ильич,полковник,5,22
Андреев Алексей Андреевич,сержант,8,25
Смирнов Александр Сергеевич,лейтенант,8,58
Фёдоров Павел Юрьевич,прапорщик,1,30
Яковлев Александр Олегович,капитан,5,41
Павлов Алексей Андреевич,капитан,6,18
Попов Александр Дмитриевич,капитан,9,27
Егоров Юрий Олегович,капитан,2,52
Петров Иван Алексеевич,капитан,12,35
Петров Михаил Романович,рядовой,6,39
Новиков Евгений Олегович,лейтенант,5,35
Степанов Егор Михайлович,лейтенант,10,29
Зайцев Матвей Викторович,прапорщик,2,44
Макаров Олег Михайлович,капитан,5,51
Степанов Юрий Ильич,лейтенант,3,33
Алексеев Степан Кириллович,лейтенант,3,29
Попов Константин Олегович,полковник,3,50
Степанов Олег Никитич,полковник,8,27
Егоров Олег Павлович,рядовой,12,37
Зайцев Артём Кириллович,капитан,5,35
Кузнецов Евгений Дмитриевич,майор,7,49
Николаев Илья Михайлович,полковник,10,26
Семёнов Сергей Михайлович,сержант,5,41
Павлов Иван Олегович,рядовой,10,44
Алексеев Никита Иванович,капитан,6,35
Семёнов Михаил Кириллович,капитан,12,25
Смирнов Никита Алексеевич,полковник,1,45
Семёнов Матвей Юрьевич,сержант,11,46
Сидоров Кирилл Дмитриевич,прапорщик,11,18
Петров Денис Романович,капитан,9,52
Иванов Алексей Никитич,прапорщик,3,51
Макаров Никита Алексеевич,сержант,8,36
Семёнов Денис Олегович,сержант,1,36
Фёдоров Дмитрий Юрьевич,майор,11,28
Макаров Степан Максимович,майор,5,35
Борисов Кирилл Иванович,полковник,6,22
Егоров Юрий Викторович,прапорщик,8,25
Петров Александр Иванович,рядовой,6,27
Орлов Денис Ильич,капитан,11,55
Фёдоров Константин Иванович,сержант,10,33
Соловьёв Илья Сергеевич,лейтенант,5,42
Иванов Александр Романович,лейтенант,3,54
Иванов Андрей Кириллович,лейтенант,8,34
Михайлов Александр Павлович,полковник,7,50
Петров Евгений Сергеевич,сержант,3,57
Макаров Максим Павлович,рядовой,9,22
Петров Максим Ильич,полковник,7,53
Козлов Степан Максимович,майор,10,24
Васильев Евгений Михайлович,прапорщик,3,45
Козлов Максим Алексеевич,рядовой,9,41
Захаров Юрий Ильич,сержант,12,28
Кузнецов Олег Максимович,майор,4,52
Петров Сергей Кириллович,полковник,6,57
Павлов Алексей Романович,рядовой,6,21
Макаров Сергей Сергеевич,рядовой,3,46
Николаев Андрей Юрьевич,полковник,8,28
Яковлев Дмитрий Александрович,прапорщик,4,57
Никитин Павел Олегович,сержант,7,19
Захаров Кирилл Михайлович,лейтенант,10,40
Смирнов Виктор Павлович,прапорщик,3,57
Смирнов Андрей Юрьевич,сержант,6,60
Смирнов Сергей Александрович,полковник,9,46
Соловьёв Павел Романович,полковник,7,46
Козлов Юрий Александрович,сержант,10,55
Николаев Егор Никитич,прапорщик,4,29
Морозов Константин Иванович,капитан,3,23
Николаев Дмитрий Ильич,сержант,1,50
Макаров Александр Викторович,лейтенант,11,35
Кузнецов Денис Сергеевич,лейтенант,2,59
Степанов Дмитрий Александрович,лейтенант,9,34
Васильев Иван Максимович,прапорщик,4,55
Павлов Дмитрий Дмитриевич,прапорщик,3,52
Смирнов Артём Сергеевич,капитан,11,54
Кузнецов Евгений Максимович,майор,10,59
Фёдоров Андрей Андреевич,прапорщик,3,40
Петров Олег Иванович,прапорщик,11,28
Иванов Максим Романович,капитан,7,46
Иванов Никита Юрьевич,сержант,4,36
Макаров Артём Дмитриевич,лейтенант,8,56
Попов Олег Александрович,капитан,12,26
Петров Андрей Олегович,полковник,12,48
Иванов Матвей Алексеевич,капитан,12,20
Орлов Дмитрий Андреевич,капитан,2,40
Кочергин Константин Ильич,сержант,11,57
Павлов Егор Никитич,сержант,5,47
Зайцев Виктор Юрьевич,майор,12,56
Кузнецов Дмитрий Кириллович,лейтенант,6,30
Борисов Максим Павлович,полковник,1,45
Сидоров Матвей Александрович,рядовой,9,51
Захаров Степан Михайлович,полковник,10,19
Попов Степан Сергеевич,полковник,9,42
Захаров Кирилл Кириллович,майор,8,20
Новиков Сергей Сергеевич,прапорщик,4,45
Фёдоров Кирилл Олегович,лейтенант,6,28
Алексеев Никита Павлович,полковник,4,44
Морозов Матвей Ильич,майор,7,51
Кочергин Михаил Никитич,лейтенант,8,37
Зайцев Дмитрий Никитич,прапорщик,12,50
Никитин Константин Максимович,рядовой,4,26
Петров Кирилл Михайлович,полковник,7,32
Николаев Михаил Юрьевич,рядовой,1,18
Степанов Максим Павлович,полковник,1,53
Егоров Евгений Михайлович,полковник,12,38
Николаев Сергей Иванович,полковник,2,31
Орлов Алексей Ильич,сержант,12,38
Андреев Илья Никитич,лейтенант,3,33
Захаров Никита Павлович,капитан,11,26
Егоров Дмитрий Дмитриевич,майор,4,41
Соловьёв Юрий Романович,сержант,11,59
Павлов Дмитрий Викторович,капитан,12,35
Борисов Егор Сергеевич,прапорщик,9,51
Макаров Степан Алексеевич,рядовой,9,60
Соловьёв Максим Александрович,майор,2,51
Павлов Алексей Павлович,майор,1,58
Степанов Егор Павлович,майор,10,59
Степанов Виктор Павлович,сержант,4,32
Николаев Юрий Романович,полковник,4,29
Петров Павел Андреевич,капитан,1,22
Степанов Егор Александрович,рядовой,8,42
Козлов Максим Андреевич,сержант,1,47
Васильев Павел Максимович,рядовой,2,46
Борисов Александр Дмитриевич,майор,12,32
Захаров Артём Кириллович,лейтенант,10,29
Морозов Кирилл Александрович,рядовой,9,53
Захаров Илья Викторович,рядовой,1,32
Макаров Сергей Олегович,рядовой,9,41
Зайцев Евгений Максимович,полковник,11,34
Орлов Илья Олегович,прапорщик,7,40
Степанов Константин Иванович,капитан,7,37
Яковлев Максим Ильич,прапорщик,9,57
Павлов Дмитрий Михайлович,прапорщик,10,48
Петров Иван Сергеевич,капитан,9,21
Фёдоров Сергей Викторович,сержант,8,24
Смирнов Олег Алексеевич,сержант,2,51
Семёнов Павел Иванович,полковник,11,43
Морозов Олег Андреевич,прапорщик,8,31
Новиков Степан Ильич,полковник,1,20
Кузнецов Андрей Юрьевич,майор,3,36
Андреев Павел Никитич,лейтенант,7,42
Павлов Кирилл Михайлович,прапорщик,8,45
Смирнов Дмитрий Михайлович,прапорщик,12,57
Попов Дмитрий Александрович,сержант,9,33
Андреев Павел Павлович,лейтенант,3,25
Андреев Матвей Олегович,сержант,9,26
Яковлев Артём Андреевич,рядовой,9,52
Орлов Денис Викторович,рядовой,7,19
Егоров Андрей Юрьевич,сержант,8,21
Семёнов Денис Никитич,прапорщик,7,46
Павлов Михаил Павлович,прапорщик,4,33
Алексеев Кирилл Викторович,полковник,8,35
Степанов Александр Сергеевич,майор,2,37
Козлов Дмитрий Олегович,сержант,1,32
Андреев Дмитрий Андреевич,рядовой,5,20
Козлов Егор Олегович,прапорщик,2,57
Зайцев Кирилл Ильич,майор,5,60
Попов Виктор Максимович,рядовой,11,35
Борисов Андрей Ильич,капитан,1,47
Никитин Денис Олегович,полковник,2,58
Яковлев Юрий Олегович,сержант,12,24
Яковлев Максим Романович,майор,10,59
Козлов Никита Максимович,сержант,7,55
Соколов Павел Кириллович,лейтенант,12,30
Попов Дмитрий Ильич,прапорщик,8,28
Сидоров Артём Алексеевич,прапорщик,12,47
Смирнов Кирилл Никитич,майор,11,59
Яковлев Степан Викторович,капитан,5,39
Борисов Константин Максимович,капитан,12,33
Попов Алексей Александрович,полковник,6,57
Егоров Андрей Олегович,капитан,6,28
Михайлов Алексей Викторович,прапорщик,11,27
Михайлов Евгений Дмитриевич,майор,6,31
Морозов Александр Сергеевич,лейтенант,3,37
Орлов Олег Андреевич,прапорщик,9,26
Алексеев Матвей Алексеевич,майор,9,20
Семёнов Александр Сергеевич,полковник,3,39
Захаров Никита Александрович,капитан,10,52
Кузнецов Сергей Ильич,майор,12,30
Петров Олег Михайлович,капитан,11,56
Павлов Юрий Олегович,лейтенант,12,53
Алексеев Никита Дмитриевич,капитан,5,26
Егоров Денис Олегович,майор,9,59
Козлов Юрий Дмитриевич,полковник,5,35
Васильев Илья Романович,сержант,9,25
Лебедев Михаил Никитич,майор,10,18
Петров Андрей Юрьевич,лейтенант,6,32
Степанов Сергей Дмитриевич,прапорщик,8,44
Семёнов Олег Кириллович,лейтенант,7,21
Михайлов Евгений Сергеевич,прапорщик,10,32
Сидоров Михаил Иванович,прапорщик,5,56
Алексеев Максим Андреевич,капитан,8,24
Козлов Сергей Ильич,майор,10,18
Алексеев Виктор Викторович,майор,7,42
Смирнов Илья Ильич,рядовой,9,21
Захаров Кирилл Сергеевич,капитан,1,58
Михайлов Иван Юрьевич,майор,11,38
Морозов Иван Дмитриевич,лейтенант,3,54
Козлов Илья Олегович,сержант,4,55
Сидоров Никита Андреевич,сержант,3,41
Борисов Илья Ильич,прапорщик,8,23
Соловьёв Илья Кириллович,майор,10,27
Егоров Алексей Иванович,прапорщик,7,26
Никитин Михаил Олегович,рядовой,8,50
Андреев Матвей Алексеевич,капитан,10,42
Павлов Константин Михайлович,рядовой,9,46
Степанов Матвей Павлович,майор,4,33
Лебедев Степан Павлович,сержант,2,57
Яковлев Дмитрий Андреевич,капитан,2,51
Смирнов Юрий Романович,рядовой,1,41
Петров Павел Олегович,прапорщик,5,56
Иванов Михаил Михайлович,майор,2,45
Захаров Степан Михайлович,капитан,3,42
Орлов Михаил Михайлович,лейтенант,4,43
Морозов Артём Алексеевич,полковник,5,55
Попов Александр Олегович,лейтенант,1,27
Макаров Александр Дмитриевич,лейтенант,7,36
Сидоров Михаил Александрович,рядовой,4,50
Кочергин Никита Максимович,рядовой,3,48
Семёнов Евгений Андреевич,полковник,10,29
Попов Роман Михайлович,полковник,4,43
Орлов Юрий Андреевич,капитан,3,40
Семёнов Иван Павлович,капитан,2,40
Николаев Александр Кириллович,майор,12,60
Фёдоров Евгений Викторович,полковник,1,18
Семёнов Иван Алексеевич,капитан,10,20
Козлов Олег Кириллович,сержант,7,25
Попов Алексей Павлович,рядовой,11,54
Кочергин Константин Никитич,майор,5,32
Иванов Артём Никитич,сержант,5,57
Васильев Юрий Кириллович,полковник,8,41
Зайцев Илья Михайлович,прапорщик,3,59
Алексеев Дмитрий Александрович,прапорщик,1,18
Кузнецов Михаил Кириллович,сержант,12,29
Сидоров Дмитрий Андреевич,полковник,10,27
Макаров Степан Олегович,сержант,10,19
Никитин Иван Михайлович,полковник,10,60
Борисов Виктор Юрьевич,полковник,5,54
Петров Евгений Андреевич,прапорщик,6,30
Козлов Роман Романович,капитан,1,49
Новиков Артём Сергеевич,майор,10,43
Кочергин Иван Павлович,капитан,1,36
Николаев Кирилл Кириллович,прапорщик,10,24
Степанов Олег Иванович,прапорщик,8,22
Яковлев Сергей Иванович,полковник,7,33
Сидоров Константин Дмитриевич,сержант,6,38
Николаев Александр Кириллович,лейтенант,5,36
Михайлов Юрий Иванович,прапорщик,8,22
Борисов Илья Викторович,прапорщик,7,20
Борисов Виктор Михайлович,сержант,9,27
Морозов Михаил Сергеевич,рядовой,6,53
Семёнов Сергей Александрович,прапорщик,4,25
Соколов Юрий Романович,майор,9,43
Яковлев Иван Михайлович,капитан,12,20
Михайлов Степан Никитич,лейтенант,4,37
Никитин Виктор Сергеевич,рядовой,7,53
Соколов Михаил Романович,рядовой,2,36
Лебедев Юрий Юрьевич,полковник,6,35
Васильев Алексей Максимович,майор,3,59
Орлов Олег Павлович,капитан,3,50
Соловьёв Матвей Никитич,сержант,5,51
Кузнецов Олег Михайлович,сержант,1,27
Никитин Дмитрий Михайлович,майор,10,52
Борисов Матвей Иванович,сержант,7,40
Иванов Евгений Олегович,сержант,9,24
Михайлов Михаил Иванович,рядовой,10,58
Попов Сергей Иванович,сержант,11,42
Новиков Роман Романович,капитан,8,41
Николаев Виктор Кириллович,майор,4,50
Зайцев Алексей Дмитриевич,лейтенант,9,40
Фёдоров Константин Юрьевич,сержант,2,24
Соколов Илья Юрьевич,прапорщик,3,20
Никитин Павел Юрьевич,рядовой,10,60
Кочергин Егор Михайлович,сержант,5,27
Зайцев Кирилл Кириллович,сержант,8,41
Макаров Олег Кириллович,полковник,5,25
Егоров Денис Максимович,рядовой,4,23
Семёнов Артём Романович,полковник,9,29
Кузнецов Алексей Ильич,капитан,8,54
Смирнов Артём Павлович,полковник,12,56
Андреев Егор Ильич,лейтенант,1,59
Кузнецов Павел Александрович,капитан,9,30
Петров Роман Ильич,рядовой,12,36
Борисов Роман Дмитриевич,рядовой,3,18
Захаров Артём Романович,полковник,9,48
Михайлов Егор Юрьевич,лейтенант,7,48
Сидоров Денис Александрович,капитан,4,51
Новиков Дмитрий Павлович,сержант,6,26
Козлов Никита Андреевич,лейтенант,3,37
Алексеев Дмитрий Александрович,лейтенант,7,42
Соловьёв Кирилл Никитич,сержант,4,49
Макаров Евгений Романович,лейтенант,6,36
Захаров Степан Никитич,лейтенант,10,22
Егоров Иван Юрьевич,прапорщик,1,36
Макаров Константин Романович,майор,2,38
Козлов Иван Юрьевич,прапорщик,6,28
Алексеев Павел Алексеевич,рядовой,5,59
Михайлов Алексей Никитич,капитан,3,36
Васильев Михаил Сергеевич,капитан,12,24
Егоров Матвей Романович,капитан,10,39
Павлов Михаил Александрович,полковник,8,55
Смирнов Сергей Михайлович,сержант,6,36
Яковлев Максим Никитич,капитан,2,34
Смирнов Олег Кириллович,капитан,1,37
Алексеев Роман Дмитриевич,рядовой,8,33
Орлов Сергей Максимович,прапорщик,11,51
Яковлев Илья Андреевич,лейтенант,11,44
Никитин Матвей Олегович,капитан,6,57
Кочергин Кирилл Михайлович,майор,8,47
Козлов Олег Романович,капитан,6,44
Степанов Алексей Иванович,майор,6,20
Лебедев Иван Павлович,прапорщик,11,34
Яковлев Дмитрий Кириллович,майор,3,50
Морозов Матвей Александрович,лейтенант,5,53
Никитин Роман Андреевич,сержант,12,40
Семёнов Дмитрий Никитич,капитан,6,28
Яковлев Юрий Александрович,майор,7,45
Иванов Дмитрий Романович,сержант,9,35
Макаров Илья Кириллович,рядовой,9,25
Степанов Евгений Викторович,майор,9,37
Попов Павел Алексеевич,капитан,12,30
Лебедев Евгений Никитич,прапорщик,1,30
Павлов Юрий Дмитриевич,майор,12,60
Петров Павел Олегович,рядовой,11,56
Степанов Андрей Максимович,капитан,12,55
Новиков Евгений Сергеевич,капитан,2,49
Смирнов Евгений Андреевич,рядовой,9,54
Козлов Роман Андреевич,рядовой,10,22
Андреев Юрий Романович,лейтенант,4,22
Захаров Илья Юрьевич,майор,5,43
Сидоров Артём Михайлович,майор,8,29
Фёдоров Никита Кириллович,прапорщик,9,59
Попов Евгений Максимович,лейтенант,12,60
Попов Степан Юрьевич,сержант,12,33
Соколов Павел Иванович,сержант,11,51
Сидоров Егор Иванович,рядовой,7,29
Борисов Виктор Михайлович,полковник,10,40
Яковлев Дмитрий Александрович,рядовой,9,43
Соловьёв Максим Сергеевич,сержант,7,19
Козлов Егор Романович,сержант,4,27
Семёнов Егор Максимович,капитан,1,39
Соловьёв Виктор Викторович,прапорщик,12,33
Сидоров Степан Кириллович,лейтенант,3,33
Зайцев Юрий Кириллович,капитан,7,46
Васильев Виктор Алексеевич,сержант,1,26
Козлов Никита Иванович,майор,8,47
Кузнецов Алексей Иванович,капитан,9,29
Козлов Виктор Кириллович,прапорщик,9,41
Андреев Юрий Кириллович,майор,10,55
Кочергин Константин Романович,капитан,4,53
Попов Евгений Викторович,лейтенант,10,28
Захаров Юрий Кириллович,полковник,1,36
Фёдоров Сергей Ильич,майор,6,49
Андреев Максим Павлович,прапорщик,1,39
Егоров Кирилл Юрьевич,капитан,7,44
Лебедев Дмитрий Дмитриевич,майор,8,30
Фёдоров Алексей Александрович,лейтенант,4,23
Алексеев Михаил Ильич,майор,8,33
Морозов Алексей Михайлович,лейтенант,10,41
Андреев Александр Максимович,сержант,12,49
Егоров Никита Сергеевич,рядовой,7,37
Степанов Александр Алексеевич,полковник,10,26
Соколов Олег Максимович,капитан,8,42
Новиков Олег Олегович,майор,9,58
Алексеев Евгений Андреевич,прапорщик,3,27
Петров Кирилл Ильич,капитан,11,55
Петров Олег Иванович,сержант,3,18
Кузнецов Сергей Дмитриевич,майор,7,59
Морозов Егор Алексеевич,сержант,12,28
Андреев Роман Алексеевич,капитан,9,23
Егоров Дмитрий Олегович,рядовой,2,51
Егоров Константин Романович,капитан,5,57
Зайцев Егор Иванович,рядовой,8,39
Захаров Иван Никитич,рядовой,1,49
Егоров Кирилл Михайлович,сержант,6,52
Степанов Юрий Александрович,майор,9,18
Иванов Михаил Викторович,капитан,11,24
Кочергин Денис Андреевич,майор,9,32
Сидоров Дмитрий Андреевич,полковник,2,46
Орлов Илья Андреевич,майор,2,26
Козлов Сергей Юрьевич,майор,6,38
Степанов Кирилл Иванович,полковник,2,29
Сидоров Михаил Андреевич,рядовой,6,49
Макаров Егор Юрьевич,прапорщик,5,43
Фёдоров Никита Александрович,капитан,9,19
Новиков Никита Юрьевич,прапорщик,7,49
Кузнецов Егор Иванович,рядовой,5,29
Новиков Андрей Кириллович,прапорщик,10,49
Кочергин Виктор Дмитриевич,сержант,1,21
Степанов Дмитрий Сергеевич,полковник,3,58
Смирнов Алексей Ильич,полковник,7,31
Алексеев Константин Викторович,лейтенант,1,18
Кузнецов Матвей Ильич,полковник,3,58
Яковлев Максим Ильич,прапорщик,6,24
Кочергин Юрий Кириллович,майор,4,31
Николаев Евгений Иванович,полковник,10,19
Семёнов Михаил Юрьевич,прапорщик,6,48
Зайцев Олег Павлович,полковник,7,42
Егоров Матвей Сергеевич,сержант,4,55
Соколов Сергей Иванович,майор,4,30
Андреев Виктор Александрович,лейтенант,1,57
Макаров Роман Андреевич,полковник,9,47
Новиков Михаил Дмитриевич,майор,5,56
Андреев Иван Дмитриевич,прапорщик,5,29
Попов Матвей Кириллович,сержант,3,44
Захаров Сергей Романович,майор,6,58
Никитин Артём Михайлович,лейтенант,6,31
Смирнов Кирилл Никитич,рядовой,1,46
Сидоров Денис Дмитриевич,рядовой,12,37
Семёнов Андрей Алексеевич,сержант,9,44
Васильев Артём Иванович,рядовой,1,24
Егоров Виктор Максимович,прапорщик,6,58
Петров Дмитрий Михайлович,майор,4,42
Макаров Алексей Романович,прапорщик,6,27
Фёдоров Егор Кириллович,сержант,3,38
Кузнецов Иван Кириллович,лейтенант,6,29
Зайцев Степан Дмитриевич,прапорщик,6,47
Морозов Матвей Александрович,майор,11,24
Соколов Виктор Юрьевич,прапорщик,2,35
Макаров Александр Юрьевич,лейтенант,7,57
Макаров Павел Иванович,сержант,3,31
Кузнецов Михаил Романович,прапорщик,3,47
Макаров Андрей Максимович,полковник,9,19
Николаев Максим Павлович,лейтенант,4,50
Борисов Егор Павлович,майор,10,28
Михайлов Степан Максимович,лейтенант,10,35
Соловьёв Михаил Алексеевич,капитан,4,23
Кузнецов Роман Иванович,капитан,5,58
Орлов Дмитрий Сергеевич,капитан,10,23
Макаров Иван Александрович,лейтенант,4,48
Козлов Виктор Михайлович,капитан,7,41
Васильев Максим Дмитриевич,полковник,10,29
Николаев Роман Павлович,прапорщик,7,48
Морозов Кирилл Никитич,рядовой,9,18
Семёнов Алексей Ильич,майор,6,42
Козлов Егор Алексеевич,прапорщик,6,29
Степанов Андрей Алексеевич,рядовой,4,55
Орлов Юрий Дмитриевич,майор,5,44
Андреев Виктор Дмитриевич,полковник,12,53
Борисов Юрий Кириллович,сержант,9,23
Лебедев Степан Викторович,полковник,7,56
Кузнецов Олег Ильич,полковник,9,48
Сидоров Иван Романович,полковник,1,46
Фёдоров Кирилл Романович,полковник,3,59
Макаров Константин Юрьевич,рядовой,3,55
Петров Михаил Михайлович,сержант,3,40
Козлов Иван Романович,рядовой,12,48
Егоров Виктор Иванович,рядовой,7,21
Михайлов Егор Сергеевич,лейтенант,3,52
Новиков Егор Кириллович,рядовой,6,24
Егоров Александр Сергеевич,полковник,11,19
Николаев Павел Максимович,сержант,3,36
Попов Кирилл Павлович,майор,12,45
Кочергин Павел Алексеевич,майор,1,50
Кузнецов Алексей Михайлович,капитан,11,31
Михайлов Константин Викторович,рядовой,8,50
Новиков Егор Викторович,сержант,4,49
Захаров Максим Олегович,майор,4,52
Козлов Артём Павлович,капитан,8,60
Васильев Евгений Иванович,сержант,6,45
Макаров Максим Кириллович,лейтенант,8,45
Соловьёв Кирилл Ильич,прапорщик,10,28
Степанов Олег Олегович,майор,9,22
Михайлов Илья Олегович,лейтенант,8,44
Васильев Алексей Михайлович,полковник,6,53
Захаров Юрий Олегович,сержант,4,28
Попов Степан Андреевич,рядовой,2,53
Кочергин Максим Викторович,прапорщик,6,18
Иванов Юрий Юрьевич,майор,7,54
Степанов Алексей Сергеевич,капитан,3,37
Смирнов Андрей Александрович,рядовой,2,34
Козлов Степан Александрович,сержант,7,60
Яковлев Кирилл Дмитриевич,сержант,9,48
Семёнов Павел Михайлович,прапорщик,10,30
Алексеев Алексей Олегович,сержант,6,35
Семёнов Александр Александрович,полковник,2,56
Семёнов Сергей Павлович,рядовой,4,37
Макаров Денис Андреевич,майор,6,52
Соловьёв Олег Андреевич,полковник,5,22
Степанов Максим Андреевич,полковник,4,19
Кузнецов Егор Кириллович,сержант,6,45
Морозов Евгений Павлович,рядовой,11,21
Степанов Александр Юрьевич,прапорщик,4,24
Никитин Иван Алексеевич,рядовой,3,47
Попов Андрей Юрьевич,прапорщик,1,37
Кочергин Егор Алексеевич,майор,12,50
Орлов Олег Андреевич,прапорщик,7,59
Захаров Алексей Павлович,сержант,11,24
Николаев Илья Сергеевич,майор,5,22
Захаров Кирилл Романович,прапорщик,5,24
Смирнов Андрей Андреевич,сержант,1,23
Сидоров Павел Иванович,майор,12,36
Зайцев Артём Максимович,рядовой,4,36
Михайлов Юрий Сергеевич,капитан,4,31
Иванов Илья Иванович,сержант,9,29
Зайцев Никита Юрьевич,рядовой,10,29
Иванов Олег Дмитриевич,лейтенант,8,22
Новиков Михаил Алексеевич,полковник,2,25
Николаев Сергей Александрович,капитан,12,33
Петров Олег Иванович,прапорщик,11,41
Соколов Кирилл Сергеевич,лейтенант,11,57
Андреев Сергей Викторович,рядовой,5,21
Морозов Максим Максимович,прапорщик,12,46
Егоров Олег Михайлович,капитан,2,35
Степанов Дмитрий Сергеевич,рядовой,11,50
Орлов Кирилл Иванович,полковник,3,29
Новиков Александр Кириллович,полковник,6,42
Макаров Артём Андреевич,сержант,2,18
Егоров Евгений Сергеевич,прапорщик,9,29
Кузнецов Павел Викторович,рядовой,11,38
Орлов Матвей Михайлович,полковник,11,47
Соколов Виктор Дмитриевич,капитан,7,51
Михайлов Илья Павлович,лейтенант,6,21
Иванов Артём Александрович,полковник,4,25
Егоров Юрий Иванович,прапорщик,4,31
Сидоров Никита Дмитриевич,майор,1,26
Яковлев Андрей Александрович,полковник,2,18
Сидоров Максим Юрьевич,лейтенант,1,33
Сидоров Андрей Андреевич,рядовой,9,34
Никитин Егор Сергеевич,рядовой,10,20
Егоров Денис Максимович,лейтенант,11,23
Морозов Степан Кириллович,сержант,3,41
Морозов Роман Андреевич,сержант,8,30
Михайлов Роман Романович,полковник,5,54
Семёнов Дмитрий Андреевич,лейтенант,10,50
Яковлев Роман Александрович,лейтенант,2,25
Никитин Алексей Ильич,капитан,1,45
Попов Артём Александрович,майор,12,39
Соколов Степан Павлович,майор,9,23
Лебедев Кирилл Викторович,капитан,11,50
Новиков Денис Дмитриевич,сержант,10,47
Михайлов Дмитрий Алексеевич,майор,11,54
Сидоров Михаил Юрьевич,прапорщик,11,18
Кочергин Роман Кириллович,капитан,5,24
Кузнецов Михаил Викторович,лейтенант,9,59
Степанов Константин Павлович,капитан,8,45
Фёдоров Михаил Ильич,прапорщик,3,45
Орлов Константин Олегович,прапорщик,3,30
Лебедев Михаил Сергеевич,прапорщик,11,33
Борисов Егор Максимович,полковник,4,18
Лебедев Виктор Михайлович,прапорщик,8,39
Егоров Артём Максимович,сержант,8,20
Семёнов Сергей Павлович,капитан,1,54
Захаров Евгений Александрович,лейтенант,1,34
Попов Александр Викторович,рядовой,1,56
Макаров Андрей Дмитриевич,сержант,2,54
Кочергин Илья Викторович,полковник,12,54
Михайлов Юрий Никитич,полковник,11,30
Алексеев Степан Викторович,рядовой,4,44
Новиков Михаил Максимович,майор,7,29
Фёдоров Константин Павлович,полковник,11,48
Фёдоров Иван Иванович,майор,8,46
Захаров Степан Кириллович,сержант,2,49
Степанов Сергей Сергеевич,майор,6,45
Попов Матвей Максимович,майор,2,21
Зайцев Александр Александрович,рядовой,5,18
Новиков Сергей Михайлович,рядовой,8,42
Соколов Евгений Александрович,лейтенант,10,43
Михайлов Сергей Алексеевич,прапорщик,2,49
Захаров Иван Максимович,капитан,9,39
Козлов Артём Никитич,майор,8,19
Васильев Денис Викторович,капитан,5,23
Егоров Роман Михайлович,сержант,2,22
Никитин Артём Александрович,полковник,3,58
Сидоров Максим Кириллович,сержант,12,20
Алексеев Павел Павлович,полковник,2,32
Соколов Виктор Иванович,полковник,11,59
Фёдоров Александр Александрович,сержант,8,24
Семёнов Алексей Олегович,лейтенант,3,18
Соловьёв Максим Дмитриевич,полковник,10,42
Кочергин Алексей Юрьевич,майор,2,24
Новиков Виктор Романович,капитан,12,37
Петров Олег Кириллович,прапорщик,8,29
Лебедев Михаил Дмитриевич,рядовой,1,47
Козлов Иван Алексеевич,полковник,4,58
Соколов Илья Никитич,рядовой,2,18
Соколов Константин Андреевич,рядовой,9,41
Борисов Евгений Романович,майор,9,29
Орлов Евгений Юрьевич,сержант,4,48
Попов Евгений Никитич,рядовой,5,46
Кочергин Андрей Иванович,прапорщик,1,52
Кочергин Никита Никитич,прапорщик,11,36
Соловьёв Илья Александрович,рядовой,12,38
Фёдоров Юрий Максимович,лейтенант,8,35
Степанов Алексей Алексеевич,полковник,5,60
Соколов Дмитрий Викторович,полковник,5,38
Макаров Александр Сергеевич,лейтенант,2,59
Яковлев Андрей Никитич,капитан,12,44
Соловьёв Павел Андреевич,лейтенант,11,45
Петров Илья Дмитриевич,сержант,8,26
Орлов Денис Викторович,майор,11,28
Захаров Роман Андреевич,лейтенант,8,41
Алексеев Егор Андреевич,лейтенант,9,55
Павлов Константин Павлович,рядовой,11,30
Орлов Илья Александрович,майор,4,58
Павлов Евгений Максимович,капитан,8,44
Яковлев Степан Викторович,майор,2,37
Козлов Юрий Иванович,рядовой,9,52
Попов Юрий Юрьевич,рядовой,12,29
Егоров Артём Павлович,прапорщик,4,23
Смирнов Олег Михайлович,полковник,1,39
Андреев Егор Александрович,лейтенант,10,39
Борисов Денис Сергеевич,майор,5,40
Николаев Андрей Максимович,рядовой,10,47
Степанов Павел Никитич,сержант,12,55
Фёдоров Юрий Никитич,прапорщик,10,38
Орлов Виктор Сергеевич,сержант,9,34
Смирнов Сергей Олегович,прапорщик,1,25
Петров Михаил Кириллович,полковник,2,34
Алексеев Роман Александрович,прапорщик,3,32
Морозов Алексей Ильич,сержант,4,56
Соловьёв Матвей Романович,прапорщик,12,50
Зайцев Михаил Дмитриевич,рядовой,12,56
Соколов Павел Алексеевич,прапорщик,6,18
Козлов Евгений Максимович,сержант,1,34
Павлов Матвей Сергеевич,майор,6,28
Макаров Михаил Алексеевич,сержант,7,23
Алексеев Егор Александрович,прапорщик,2,21
Макаров Егор Алексеевич,рядовой,6,55
Фёдоров Олег Павлович,капитан,7,35
Лебедев Евгений Михайлович,капитан,5,46
Лебедев Роман Сергеевич,рядовой,5,54
Козлов Сергей Михайлович,прапорщик,1,45
Петров Павел Александрович,сержант,12,26
Михайлов Денис Сергеевич,прапорщик,5,36
Иванов Константин Ильич,капитан,12,46
Михайлов Михаил Михайлович,полковник,11,33
Макаров Роман Иванович,лейтенант,12,50
Новиков Роман Андреевич,майор,8,44
Макаров Андрей Максимович,лейтенант,9,36
Алексеев Никита Никитич,капитан,5,32
Зайцев Денис Андреевич,майор,6,27
Зайцев Максим Александрович,сержант,8,26
Смирнов Дмитрий Павлович,рядовой,4,33
Смирнов Алексей Михайлович,прапорщик,7,42
Андреев Виктор Ильич,сержант,12,32
Морозов Роман Никитич,майор,5,21
Попов Роман Никитич,капитан,3,35
Васильев Евгений Ильич,прапорщик,2,41
Семёнов Илья Андреевич,сержант,8,34
Семёнов Степан Викторович,прапорщик,7,55
Семёнов Александр Андреевич,рядовой,4,33
Петров Егор Ильич,капитан,9,35
Никитин Михаил Юрьевич,майор,12,25
Смирнов Иван Иванович,капитан,10,21
Орлов Константин Ильич,прапорщик,6,20
Кочергин Илья Максимович,лейтенант,1,58
Смирнов Иван Сергеевич,майор,2,43
Козлов Александр Александрович,майор,9,33
Зайцев Олег Ильич,полковник,8,49
Андреев Евгений Романович,прапорщик,6,22
Борисов Михаил Викторович,рядовой,11,45
Борисов Артём Викторович,прапорщик,6,46
Никитин Александр Дмитриевич,полковник,10,38
Морозов Егор Михайлович,прапорщик,1,26
Сидоров Андрей Никитич,лейтенант,8,19
Андреев Степан Алексеевич,майор,9,21
Кочергин Алексей Михайлович,прапорщик,10,29
Соколов Дмитрий Иванович,рядовой,12,25
Семёнов Никита Олегович,прапорщик,4,34
Яковлев Максим Алексеевич,капитан,8,55
Соловьёв Константин Павлович,лейтенант,6,36
Кочергин Иван Максимович,полковник,3,34
Морозов Евгений Олегович,лейтенант,5,49
Фёдоров Кирилл Алексеевич,майор,12,39
Орлов Роман Никитич,сержант,7,57
Никитин Михаил Дмитриевич,майор,11,35
Попов Виктор Кириллович,лейтенант,5,38
Степанов Иван Иванович,капитан,1,28
Борисов Илья Павлович,прапорщик,8,44
Орлов Артём Александрович,полковник,5,18
Николаев Андрей Юрьевич,лейтенант,1,24
Кочергин Андрей Викторович,прапорщик,7,28
Яковлев Илья Андреевич,лейтенант,7,26
Петров Артём Максимович,майор,7,56
Семёнов Юрий Александрович,полковник,7,46
Макаров Никита Юрьевич,лейтенант,10,27
Сидоров Матвей Михайлович,полковник,2,43
Егоров Евгений Павлович,капитан,4,56
Козлов Степан Максимович,прапорщик,12,33
Лебедев Иван Викторович,сержант,4,41
Николаев Алексей Сергеевич,рядовой,2,40
Орлов Алексей Юрьевич,рядовой,10,30
Лебедев Константин Андреевич,прапорщик,1,34
Соколов Дмитрий Павлович,сержант,10,35
Павлов Кирилл Александрович,рядовой,8,47
Соколов Степан Романович,майор,8,50
Петров Денис Кириллович,сержант,3,57
Борисов Никита Олегович,рядовой,9,19
Николаев Дмитрий Максимович,рядовой,5,45
Кочергин Михаил Сергеевич,прапорщик,6,60
Сидоров Артём Кириллович,лейтенант,4,27
Михайлов Илья Сергеевич,капитан,9,47
Иванов Олег Олегович,лейтенант,6,22
Козлов Александр Павлович,полковник,10,51
Николаев Матвей Сергеевич,лейтенант,1,31
Лебедев Илья Викторович,майор,10,47
Семёнов Виктор Сергеевич,сержант,1,52
Смирнов Максим Кириллович,полковник,7,40
Козлов Константин Павлович,лейтенант,2,34
Петров Артём Максимович,прапорщик,4,49
Кузнецов Илья Михайлович,лейтенант,9,56
Морозов Иван Алексеевич,майор,6,50
Семёнов Евгений Александрович,сержант,3,24
Новиков Илья Максимович,лейтенант,8,60
Степанов Евгений Андреевич,рядовой,8,31
Орлов Алексей Викторович,рядовой,10,39
Кузнецов Олег Максимович,рядовой,1,37
Зайцев Илья Олегович,полковник,4,20
Кузнецов Егор Ильич,прапорщик,11,54
Соколов Матвей Викторович,полковник,10,58
Никитин Андрей Никитич,полковник,12,47
Козлов Михаил Михайлович,майор,12,59
Смирнов Константин Кириллович,майор,4,33
Петров Максим Дмитриевич,сержант,9,58
Соколов Сергей Максимович,сержант,1,45
Сидоров Александр Максимович,сержант,12,55
Никитин Максим Андреевич,капитан,8,25
Иванов Андрей Максимович,лейтенант,2,58
Кузнецов Матвей Максимович,лейтенант,7,18
Борисов Кирилл Михайлович,рядовой,4,23
Лебедев Степан Олегович,капитан,1,25
Новиков Степан Дмитриевич,полковник,3,56
Смирнов Никита Иванович,лейтенант,10,33
Морозов Виктор Алексеевич,капитан,7,27
Макаров Денис Иванович,капитан,5,39
Смирнов Андрей Никитич,майор,6,40
Морозов Андрей Алексеевич,сержант,5,18
Попов Виктор Никитич,рядовой,12,56
Смирнов Артём Ильич,лейтенант,2,40
Семёнов Степан Олегович,прапорщик,5,22
Андреев Роман Павлович,лейтенант,10,54
Соколов Илья Павлович,сержант,6,52
Петров Максим Кириллович,полковник,11,26
Семёнов Евгений Алексеевич,майор,6,29
Морозов Кирилл Юрьевич,майор,10,31
Никитин Илья Иванович,лейтенант,2,23
Попов Денис Викторович,лейтенант,10,55
Егоров Юрий Иванович,сержант,10,31
Кочергин Никита Викторович,майор,7,50
Борисов Матвей Михайлович,рядовой,2,43
Соловьёв Иван Сергеевич,лейтенант,6,27
Борисов Юрий Ильич,капитан,5,57
Андреев Никита Олегович,лейтенант,7,53
Морозов Евгений Алексеевич,сержант,10,53
Алексеев Кирилл Иванович,майор,5,48
Егоров Матвей Романович,полковник,8,40
Попов Кирилл Романович,капитан,4,57
Никитин Олег Максимович,прапорщик,11,25
Кочергин Иван Юрьевич,прапорщик,6,20
Семёнов Михаил Викторович,прапорщик,3,25
Попов Андрей Михайлович,капитан,5,30
Попов Кирилл Викторович,капитан,6,36
Фёдоров Максим Иванович,прапорщик,5,24
Семёнов Егор Михайлович,сержант,6,19
Иванов Степан Романович,прапорщик,10,18
Соловьёв Олег Максимович,рядовой,9,54
Егоров Константин Алексеевич,прапорщик,9,25
Николаев Евгений Сергеевич,майор,10,31
Козлов Илья Андреевич,прапорщик,6,25
Никитин Кирилл Александрович,рядовой,12,38
Смирнов Дмитрий Романович,прапорщик,10,19
Захаров Евгений Сергеевич,сержант,2,26
Зайцев Виктор Никитич,полковник,10,48
Павлов Степан Иванович,полковник,10,38
Макаров Андрей Иванович,капитан,5,42
Смирнов Денис Павлович,рядовой,11,46
Козлов Егор Алексеевич,сержант,3,51
Кочергин Кирилл Юрьевич,капитан,4,58
Павлов Виктор Викторович,сержант,9,59
Иванов Сергей Кириллович,прапорщик,8,21
Яковлев Евгений Сергеевич,рядовой,10,38
Козлов Денис Романович,полковник,4,36
Алексеев Андрей Михайлович,полковник,8,51
Кочергин Максим Никитич,лейтенант,4,45
Сидоров Илья Ильич,полковник,11,59
Фёдоров Михаил Викторович,капитан,11,23
Новиков Кирилл Кириллович,капитан,10,33
Попов Артём Андреевич,майор,4,56
Кочергин Иван Павлович,лейтенант,12,30
Лебедев Михаил Кириллович,майор,7,54
Козлов Максим Иванович,майор,11,19
Васильев Илья Алексеевич,полковник,10,36
Новиков Виктор Михайлович,майор,12,42
Кочергин Матвей Александрович,сержант,2,24
Морозов Артём Андреевич,рядовой,5,49
Морозов Виктор Сергеевич,прапорщик,5,52
Макаров Денис Иванович,полковник,6,59
Кочергин Михаил Павлович,сержант,8,22
Семёнов Кирилл Романович,полковник,11,47
Лебедев Кирилл Романович,майор,1,33
Смирнов Кирилл Михайлович,полковник,10,24
Фёдоров Илья Павлович,капитан,6,30
Соколов Виктор Никитич,прапорщик,5,33
Андреев Алексей Олегович,капитан,10,49
Зайцев Кирилл Алексеевич,капитан,4,23
Сидоров Артём Сергеевич,майор,3,44
Иванов Евгений Михайлович,прапорщик,4,38
Кузнецов Виктор Никитич,лейтенант,12,19
Лебедев Степан Ильич,лейтенант,7,56
Кочергин Егор Алексеевич,рядовой,7,39
Кочергин Павел Кириллович,капитан,8,47
Зайцев Максим Алексеевич,сержант,11,19
Кочергин Степан Андреевич,сержант,10,21
Захаров Михаил Романович,капитан,4,50
Фёдоров Егор Максимович,прапорщик,11,19
Никитин Матвей Андреевич,полковник,5,55
Кочергин Роман Дмитриевич,прапорщик,11,43
Сидоров Михаил Михайлович,капитан,5,53
Васильев Сергей Сергеевич,майор,8,59
Николаев Александр Викторович,сержант,10,58
Николаев Роман Андреевич,рядовой,10,57
Морозов Юрий Юрьевич,капитан,6,42
Козлов Олег Кириллович,майор,7,19
Павлов Михаил Юрьевич,капитан,2,57
Захаров Алексей Никитич,майор,1,58
Степанов Никита Никитич,майор,10,30
Андреев Никита Дмитриевич,капитан,8,46
Семёнов Евгений Сергеевич,полковник,9,55
Новиков Степан Кириллович,майор,7,30
Смирнов Максим Юрьевич,сержант,2,54
Морозов Роман Олегович,прапорщик,9,30
Васильев Егор Сергеевич,рядовой,10,58
Егоров Павел Максимович,сержант,4,38
Алексеев Сергей Викторович,лейтенант,6,53
Степанов Олег Сергеевич,капитан,10,54
Васильев Олег Максимович,полковник,3,26
Петров Денис Викторович,прапорщик,7,48
Семёнов Андрей Сергеевич,сержант,5,28
Морозов Евгений Алексеевич,капитан,8,32
Павлов Александр Викторович,рядовой,8,26
Никитин Андрей Максимович,майор,6,34
Егоров Дмитрий Павлович,лейтенант,8,53
Никитин Иван Никитич,майор,6,23
Михайлов Александр Максимович,капитан,10,50
Николаев Юрий Иванович,сержант,6,33
Васильев Павел Никитич,лейтенант,5,46
Никитин Олег Юрьевич,рядовой,1,39
Михайлов Максим Романович,рядовой,1,42
Лебедев Матвей Павлович,майор,12,48
Соловьёв Алексей Кириллович,лейтенант,1,34
Егоров Максим Викторович,лейтенант,6,50
Борисов Александр Романович,рядовой,9,55
Егоров Дмитрий Иванович,прапорщик,6,48
Новиков Егор Дмитриевич,лейтенант,12,52
Макаров Михаил Юрьевич,майор,12,53
Макаров Сергей Александрович,прапорщик,3,23
Кузнецов Иван Александрович,капитан,6,25
Козлов Никита Кириллович,рядовой,10,31
Егоров Юрий Сергеевич,лейтенант,9,43
Фёдоров Дмитрий Павлович,капитан,6,30
Павлов Сергей Кириллович,прапорщик,9,25
Фёдоров Максим Ильич,полковник,2,41
Сидоров Никита Ильич,лейтенант,10,27
Новиков Иван Юрьевич,прапорщик,1,38
Андреев Кирилл Ильич,прапорщик,2,52
Степанов Артём Иванович,капитан,2,35
Смирнов Матвей Викторович,лейтенант,1,24
Захаров Иван Кириллович,прапорщик,3,32
Кочергин Кирилл Ильич,полковник,8,60
Степанов Виктор Сергеевич,лейтенант,10,51
Егоров Иван Андреевич,лейтенант,10,29
Павлов Евгений Александрович,полковник,5,51
Смирнов Андрей Михайлович,полковник,12,40
Никитин Денис Викторович,полковник,10,36
Яковлев Олег Александрович,сержант,11,49
Яковлев Андрей Юрьевич,прапорщик,9,57
Макаров Матвей Павлович,рядовой,4,33
Смирнов Илья Михайлович,лейтенант,3,45
Павлов Егор Юрьевич,рядовой,11,28
Николаев Михаил Алексеевич,лейтенант,7,47
Соколов Евгений Михайлович,рядовой,6,26
Лебедев Никита Кириллович,рядовой,8,50
Морозов Максим Никитич,прапорщик,5,21
Фёдоров Сергей Ильич,сержант,5,32
Орлов Андрей Михайлович,полковник,6,28
Алексеев Дмитрий Михайлович,прапорщик,2,27
Морозов Виктор Кириллович,майор,10,39
Морозов Михаил Романович,капитан,4,30
Козлов Андрей Андреевич,майор,10,60
Фёдоров Сергей Юрьевич,полковник,11,60
Васильев Алексей Сергеевич,майор,10,28
Павлов Сергей Сергеевич,лейтенант,4,52
Лебедев Денис Дмитриевич,рядовой,2,45
Новиков Максим Сергеевич,капитан,7,43
Лебедев Артём Андреевич,сержант,8,49
Яковлев Матвей Максимович,лейтенант,8,52
Яковлев Виктор Никитич,капитан,5,22
Новиков Денис Кириллович,полковник,12,51
Соловьёв Роман Андреевич,прапорщик,2,19
Захаров Артём Максимович,рядовой,6,31
Васильев Сергей Александрович,майор,10,32
Козлов Никита Кириллович,лейтенант,3,43
Андреев Константин Никитич,прапорщик,11,26
Соловьёв Дмитрий Сергеевич,майор,10,47
Фёдоров Роман Ильич,полковник,1,52
Морозов Михаил Викторович,полковник,4,53
Алексеев Андрей Викторович,майор,8,39
Зайцев Роман Романович,майор,3,54
Васильев Денис Викторович,полковник,6,37
Петров Денис Викторович,сержант,4,49
Новиков Илья Викторович,рядовой,3,28
Новиков Павел Алексеевич,майор,9,47
Петров Кирилл Михайлович,полковник,8,27
Андреев Иван Сергеевич,лейтенант,10,40
Кочергин Юрий Романович,капитан,9,44
Фёдоров Артём Романович,капитан,3,40
Лебедев Денис Алексеевич,сержант,1,33
Борисов Юрий Сергеевич,лейтенант,2,23
Павлов Михаил Кириллович,сержант,4,28
Захаров Сергей Викторович,прапорщик,1,22
Егоров Кирилл Никитич,рядовой,8,40
Иванов Михаил Олегович,полковник,8,44
Новиков Юрий Михайлович,полковник,9,41
Смирнов Максим Юрьевич,рядовой,2,35
Орлов Евгений Алексеевич,лейтенант,3,19
Попов Михаил Андреевич,капитан,2,40
Петров Михаил Никитич,лейтенант,4,32
Борисов Александр Дмитриевич,прапорщик,12,21
Васильев Степан Романович,сержант,6,26
Орлов Максим Алексеевич,полковник,9,48
Фёдоров Сергей Викторович,прапорщик,11,28
Фёдоров Олег Сергеевич,прапорщик,8,45
Петров Иван Александрович,майор,11,57
Борисов Михаил Максимович,рядовой,11,52
Николаев Александр Олегович,сержант,6,30
Егоров Никита Андреевич,лейтенант,11,28
Семёнов Артём Александрович,лейтенант,5,32
Зайцев Юрий Дмитриевич,полковник,6,32
Соколов Никита Алексеевич,лейтенант,4,22
Николаев Степан Никитич,лейтенант,10,23
Семёнов Юрий Андреевич,капитан,2,47
Орлов Павел Александрович,майор,11,59
Козлов Олег Романович,полковник,3,33
Никитин Илья Викторович,капитан,9,39
Кочергин Матвей Алексеевич,рядовой,2,52
Борисов Иван Александрович,прапорщик,3,51
Соловьёв Михаил Кириллович,сержант,10,32
Соколов Константин Алексеевич,майор,6,46
Новиков Константин Иванович,капитан,10,38
Попов Андрей Кириллович,майор,11,56
Морозов Юрий Иванович,полковник,11,30
Макаров Александр Дмитриевич,прапорщик,6,43
Фёдоров Сергей Павлович,рядовой,6,60
Семёнов Олег Никитич,полковник,2,60
Соколов Олег Юрьевич,сержант,2,46
Яковлев Никита Павлович,прапорщик,5,52
Макаров Дмитрий Сергеевич,сержант,6,35
Кочергин Павел Дмитриевич,рядовой,7,29
Семёнов Кирилл Павлович,сержант,7,23
Зайцев Иван Михайлович,лейтенант,5,21
Алексеев Михаил Андреевич,лейтенант,3,29
Козлов Михаил Максимович,лейтенант,9,53
Борисов Алексей Сергеевич,капитан,2,21
Иванов Матвей Дмитриевич,сержант,1,47
Орлов Матвей Александрович,майор,11,23
Яковлев Артём Максимович,сержант,4,37
Новиков Алексей Викторович,сержант,6,59
Иванов Евгений Романович,капитан,3,23
Соловьёв Роман Дмитриевич,лейтенант,1,42
Соловьёв Иван Никитич,капитан,3,60
Никитин Максим Алексеевич,рядовой,11,30
Сидоров Павел Павлович,лейтенант,1,60
Новиков Павел Ильич,капитан,3,32
Сидоров Никита Ильич,прапорщик,1,55
Орлов Степан Сергеевич,рядовой,12,55
Егоров Егор Никитич,рядовой,6,41
Николаев Андрей Юрьевич,сержант,5,50
Смирнов Егор Дмитриевич,сержант,3,21
Фёдоров Иван Михайлович,прапорщик,9,42
Зайцев Виктор Викторович,прапорщик,9,57
Сидоров Юрий Ильич,лейтенант,1,25
Макаров Михаил Юрьевич,лейтенант,2,33
Павлов Матвей Иванович,полковник,8,31
Фёдоров Кирилл Александрович,сержант,4,44
Егоров Павел Андреевич,капитан,4,29
Михайлов Юрий Никитич,прапорщик,4,46
Петров Артём Андреевич,лейтенант,10,55
Сидоров Константин Романович,капитан,11,24
Морозов Дмитрий Сергеевич,капитан,11,31
Лебедев Иван Максимович,прапорщик,1,39
Макаров Кирилл Юрьевич,майор,10,40
Кузнецов Олег Алексеевич,лейтенант,5,47
Иванов Артём Павлович,сержант,7,47
Соколов Сергей Олегович,полковник,7,43
Алексеев Виктор Максимович,сержант,6,53
Попов Алексей Дмитриевич,майор,3,44
Зайцев Кирилл Алексеевич,лейтенант,10,38
Соловьёв Константин Кириллович,майор,2,19
Васильев Роман Алексеевич,капитан,2,33
Егоров Илья Александрович,сержант,7,28
Семёнов Роман Алексеевич,прапорщик,3,44
Алексеев Егор Михайлович,сержант,8,25
Кузнецов Олег Никитич,полковник,5,54
Кузнецов Юрий Романович,сержант,4,18
Васильев Степан Сергеевич,капитан,4,36
Соколов Артём Алексеевич,прапорщик,12,31
Егоров Роман Андреевич,полковник,6,36
Соловьёв Артём Александрович,лейтенант,7,21
Кузнецов Максим Викторович,сержант,4,38
Макаров Роман Иванович,рядовой,5,54
Васильев Дмитрий Иванович,прапорщик,11,25
Лебедев Михаил Олегович,полковник,9,38
Смирнов Юрий Максимович,капитан,7,29
Кузнецов Сергей Сергеевич,лейтенант,9,52
Лебедев Павел Максимович,сержант,10,24
Смирнов Михаил Юрьевич,капитан,2,58
Морозов Максим Олегович,полковник,12,32
Соколов Степан Ильич,полковник,10,32
Петров Андрей Никитич,рядовой,9,33
Кочергин Степан Иванович,рядовой,6,26
Борисов Михаил Сергеевич,рядовой,2,28
Петров Иван Кириллович,рядовой,12,58
Яковлев Роман Михайлович,прапорщик,8,60
Николаев Константин Михайлович,рядовой,6,54
Степанов Павел Викторович,майор,9,45
Макаров Константин Кириллович,майор,3,49
Андреев Сергей Иванович,капитан,4,49
Козлов Сергей Алексеевич,рядовой,4,43
Макаров Степан Викторович,сержант,12,48
Фёдоров Алексей Викторович,майор,2,46
Кочергин Олег Ильич,капитан,1,37
Зайцев Андрей Михайлович,прапорщик,6,25
Алексеев Сергей Иванович,майор,3,35
Кузнецов Никита Андреевич,прапорщик,10,58
Макаров Степан Викторович,рядовой,7,39
Васильев Андрей Никитич,рядовой,3,55
Васильев Сергей Никитич,прапорщик,2,25
Михайлов Максим Максимович,майор,10,45
Соловьёв Артём Максимович,прапорщик,4,43
Андреев Никита Юрьевич,лейтенант,8,45
Макаров Денис Сергеевич,капитан,1,30
Павлов Андрей Романович,майор,7,52
Борисов Михаил Алексеевич,прапорщик,8,54
Лебедев Михаил Олегович,сержант,6,37
Сидоров Никита Андреевич,капитан,11,21
Фёдоров Иван Андреевич,лейтенант,4,46
Сидоров Максим Павлович,капитан,10,55
Попов Максим Максимович,прапорщик,1,35
Смирнов Матвей Юрьевич,рядовой,9,48
Степанов Никита Сергеевич,лейтенант,6,57
Соколов Егор Дмитриевич,рядовой,3,19
Семёнов Максим Юрьевич,майор,11,25
Соколов Алексей Александрович,лейтенант,5,27
Алексеев Матвей Павлович,полковник,9,33
Семёнов Виктор Викторович,сержант,11,44
Новиков Алексей Сергеевич,лейтенант,7,19
Морозов Роман Максимович,капитан,12,51
Егоров Андрей Иванович,майор,7,34
Попов Юрий Александрович,майор,7,29
Петров Дмитрий Викторович,лейтенант,4,60
Новиков Павел Ильич,рядовой,10,48
Попов Виктор Юрьевич,полковник,11,48
Николаев Матвей Кириллович,сержант,3,22
Никитин Евгений Олегович,сержант,3,31
Алексеев Максим Сергеевич,полковник,5,58
Макаров Константин Иванович,капитан,4,20
Иванов Александр Ильич,майор,12,38
Павлов Степан Кириллович,полковник,11,40
Егоров Степан Кириллович,капитан,10,32
Фёдоров Егор Кириллович,лейтенант,12,52
Орлов Михаил Сергеевич,сержант,2,22
Смирнов Константин Викторович,рядовой,1,47
Кочергин Денис Андреевич,рядовой,1,60
Захаров Егор Сергеевич,сержант,12,44
Егоров Денис Александрович,капитан,8,56
Захаров Денис Викторович,сержант,5,36
Смирнов Олег Юрьевич,сержант,3,56
Андреев Александр Кириллович,рядовой,12,59
Николаев Андрей Олегович,майор,9,34
Васильев Кирилл Михайлович,майор,4,20
Сидоров Денис Андреевич,капитан,7,37
Соколов Павел Михайлович,сержант,9,20
Морозов Павел Романович,капитан,8,39
Фёдоров Андрей Иванович,рядовой,12,36
Николаев Роман Сергеевич,полковник,10,28
Новиков Виктор Романович,прапорщик,11,30
Попов Кирилл Александрович,сержант,12,28
Соколов Олег Андреевич,полковник,8,30
Николаев Павел Сергеевич,лейтенант,9,33
Захаров Сергей Ильич,лейтенант,11,32
Кузнецов Дмитрий Ильич,прапорщик,8,52
Морозов Дмитрий Сергеевич,майор,3,54
Яковлев Константин Александрович,капитан,7,29
Иванов Сергей Дмитриевич,рядовой,6,32
Павлов Илья Иванович,сержант,9,26
Иванов Александр Максимович,полковник,3,27
Лебедев Дмитрий Сергеевич,полковник,12,56
Степанов Матвей Олегович,майор,9,45
Сидоров Павел Никитич,полковник,12,42
Лебедев Максим Максимович,майор,8,30
Кузнецов Олег Максимович,полковник,3,39
Захаров Андрей Кириллович,рядовой,1,31
Козлов Иван Иванович,прапорщик,4,21
Семёнов Виктор Ильич,полковник,6,20
Соколов Артём Дмитриевич,сержант,4,22
Николаев Матвей Алексеевич,полковник,2,28
Лебедев Алексей Ильич,лейтенант,1,26
Морозов Илья Андреевич,лейтенант,4,34
Новиков Павел Ильич,лейтенант,11,22
Алексеев Виктор Андреевич,рядовой,3,40
Алексеев Егор Алексеевич,рядовой,9,50
Алексеев Артём Алексеевич,полковник,7,26
Соловьёв Максим Сергеевич,рядовой,1,56
Зайцев Олег Максимович,майор,11,47
Иванов Михаил Никитич,майор,1,48
Петров Александр Олегович,капитан,4,31
Михайлов Иван Иванович,сержант,5,25
Сидоров Андрей Кириллович,прапорщик,10,27
Попов Дмитрий Юрьевич,рядовой,9,50
Макаров Артём Никитич,прапорщик,5,47
Семёнов Никита Кириллович,полковник,9,42
Васильев Илья Дмитриевич,рядовой,6,40
Борисов Виктор Олегович,лейтенант,8,32
Кузнецов Роман Кириллович,рядовой,10,31
Никитин Константин Романович,прапорщик,10,33
Морозов Алексей Дмитриевич,полковник,12,37
Новиков Константин Максимович,лейтенант,11,54
Смирнов Илья Павлович,полковник,11,58
Сидоров Артём Максимович,лейтенант,5,35
Васильев Никита Юрьевич,сержант,8,35
Соловьёв Андрей Никитич,сержант,4,23
Соловьёв Роман Ильич,майор,4,27
Николаев Андрей Михайлович,майор,7,22
Новиков Михаил Викторович,сержант,1,50
Алексеев Егор Павлович,рядовой,10,52
Андреев Виктор Сергеевич,майор,4,38
Павлов Иван Сергеевич,рядовой,1,30
Никитин Матвей Иванович,сержант,12,26
Морозов Дмитрий Андреевич,рядовой,11,58
Николаев Юрий Ильич,рядовой,4,32
Смирнов Константин Юрьевич,полковник,2,40
Зайцев Максим Романович,полковник,6,47
Макаров Константин Олегович,прапорщик,12,52
Соловьёв Иван Никитич,сержант,11,41
Николаев Сергей Никитич,полковник,11,53
Козлов Виктор Павлович,капитан,5,31
Макаров Сергей Максимович,капитан,2,58
Павлов Илья Юрьевич,прапорщик,4,57
Захаров Кирилл Сергеевич,сержант,5,44
Степанов Юрий Сергеевич,прапорщик,2,48
Козлов Андрей Юрьевич,прапорщик,3,48
Егоров Матвей Михайлович,рядовой,12,48
Кочергин Кирилл Павлович,рядовой,8,57
Кузнецов Илья Александрович,майор,4,29
Михайлов Артём Кириллович,майор,12,36
Соколов Степан Дмитриевич,сержант,4,30
Степанов Егор Никитич,рядовой,6,59
Зайцев Константин Викторович,рядовой,6,25
Новиков Сергей Юрьевич,рядовой,3,23
Никитин Дмитрий Романович,сержант,7,47
Соловьёв Виктор Михайлович,сержант,1,60
Степанов Иван Михайлович,рядовой,4,58
Васильев Денис Максимович,лейтенант,11,43
Кузнецов Олег Кириллович,прапорщик,12,43
Павлов Денис Иванович,лейтенант,10,47
Яковлев Артём Дмитриевич,майор,10,45
Зайцев Константин Александрович,рядовой,3,53
Андреев Михаил Романович,капитан,6,48
Козлов Юрий Олегович,капитан,12,32
Алексеев Иван Ильич,рядовой,1,25
Михайлов Михаил Павлович,лейтенант,2,52
Павлов Евгений Павлович,лейтенант,6,51
Лебедев Андрей Кириллович,капитан,8,52
Яковлев Юрий Никитич,лейтенант,8,23
Васильев Илья Дмитриевич,прапорщик,8,55
Новиков Алексей Михайлович,сержант,7,20
Петров Роман Павлович,майор,11,42
Васильев Юрий Никитич,прапорщик,3,33
Лебедев Евгений Максимович,прапорщик,6,50
Соколов Андрей Андреевич,майор,2,23
Лебедев Юрий Павлович,сержант,6,47
Алексеев Сергей Олегович,сержант,2,22
Борисов Никита Ильич,майор,4,47
Фёдоров Виктор Никитич,капитан,11,41
Егоров Максим Сергеевич,рядовой,1,50
Семёнов Михаил Кириллович,капитан,10,33
Козлов Максим Максимович,лейтенант,10,24
Васильев Никита Ильич,майор,11,54
Козлов Евгений Михайлович,прапорщик,3,37
Михайлов Степан Никитич,прапорщик,9,44
Никитин Алексей Викторович,лейтенант,4,26
Орлов Роман Никитич,рядовой,10,21
Орлов Артём Андреевич,сержант,7,52
Попов Матвей Никитич,майор,12,33
Сидоров Матвей Сергеевич,прапорщик,9,33
Кузнецов Матвей Александрович,капитан,8,42
Иванов Андрей Олегович,рядовой,7,59
Соколов Иван Олегович,лейтенант,5,33
Иванов Матвей Андреевич,полковник,11,56
Соловьёв Сергей Максимович,рядовой,1,28
Козлов Матвей Максимович,лейтенант,6,33
Кочергин Александр Викторович,капитан,7,34
Иванов Александр Андреевич,полковник,9,23
Морозов Матвей Сергеевич,полковник,1,59
Сидоров Евгений Павлович,майор,12,55
Смирнов Никита Андреевич,лейтенант,4,20
Яковлев Роман Андреевич,капитан,6,34
Михайлов Алексей Иванович,майор,11,27
Смирнов Михаил Павлович,лейтенант,7,51
Михайлов Сергей Романович,рядовой,9,19
Егоров Кирилл Олегович,капитан,6,25
Новиков Матвей Михайлович,капитан,5,41
Кузнецов Иван Алексеевич,капитан,11,22
Козлов Константин Максимович,лейтенант,12,40
Орлов Михаил Викторович,прапорщик,12,57
Морозов Дмитрий Максимович,сержант,4,48
Попов Евгений Андреевич,прапорщик,7,25
Васильев Виктор Максимович,рядовой,8,47
Егоров Денис Михайлович,рядовой,8,52
Захаров Артём Дмитриевич,капитан,4,50
Лебедев Александр Дмитриевич,капитан,11,39
Козлов Денис Никитич,прапорщик,9,60
Никитин Константин Сергеевич,прапорщик,5,51
Васильев Максим Александрович,прапорщик,9,22
Макаров Артём Ильич,сержант,6,20
Сидоров Никита Дмитриевич,капитан,8,53
Павлов Юрий Олегович,лейтенант,10,28
Сидоров Сергей Михайлович,прапорщик,3,56
Павлов Матвей Викторович,сержант,11,56
Соловьёв Егор Александрович,капитан,6,26
Смирнов Алексей Романович,капитан,10,23
Лебедев Константин Никитич,прапорщик,12,35
Павлов Никита Михайлович,сержант,10,59
Никитин Кирилл Кириллович,полковник,6,52
Иванов Андрей Романович,полковник,9,27
Фёдоров Евгений Александрович,прапорщик,9,23
Соколов Кирилл Дмитриевич,прапорщик,11,43
Васильев Алексей Михайлович,полковник,6,32
Козлов Олег Алексеевич,полковник,3,59
Семёнов Максим Максимович,рядовой,12,42
Захаров Максим Алексеевич,майор,2,51
Соловьёв Андрей Александрович,сержант,8,56
Никитин Олег Никитич,капитан,1,39
Соколов Дмитрий Иванович,майор,6,35
Смирнов Максим Олегович,сержант,3,50
Попов Матвей Андреевич,капитан,3,34
Андреев Алексей Михайлович,капитан,5,40
Павлов Олег Алексеевич,майор,10,58
Степанов Дмитрий Максимович,прапорщик,5,30
Алексеев Егор Максимович,капитан,1,20
Сидоров Денис Александрович,рядовой,8,19
Васильев Михаил Максимович,полковник,8,59
Андреев Иван Викторович,прапорщик,10,18
Новиков Павел Максимович,капитан,4,50
Орлов Степан Ильич,майор,6,55
Михайлов Дмитрий Иванович,прапорщик,8,52
Яковлев Виктор Сергеевич,капитан,11,21
Борисов Виктор Романович,полковник,5,43
Соколов Константин Викторович,сержант,1,24
Макаров Никита Романович,капитан,3,47
Орлов Олег Александрович,рядовой,11,45
Андреев Дмитрий Никитич,сержант,12,33
Смирнов Олег Максимович,сержант,4,26
Алексеев Алексей Ильич,полковник,4,58
Зайцев Иван Александрович,рядовой,11,36
Фёдоров Матвей Викторович,майор,6,54
Макаров Евгений Александрович,капитан,7,37
Борисов Иван Андреевич,рядовой,5,52
Николаев Кирилл Дмитриевич,полковник,12,44
Зайцев Павел Павлович,полковник,3,25
Алексеев Александр Викторович,майор,7,36
Алексеев Виктор Андреевич,рядовой,3,18
Алексеев Матвей Александрович,рядовой,5,50
Соколов Виктор Ильич,сержант,10,35
Андреев Егор Михайлович,прапорщик,10,38
Алексеев Степан Андреевич,прапорщик,9,48
Соколов Александр Дмитриевич,рядовой,2,39
Соколов Степан Алексеевич,лейтенант,12,52
Козлов Юрий Иванович,майор,3,23
Попов Константин Михайлович,полковник,3,32
Зайцев Виктор Юрьевич,полковник,5,34
Попов Сергей Ильич,майор,2,36
Морозов Илья Дмитриевич,капитан,3,57
Степанов Александр Юрьевич,рядовой,10,56
Смирнов Дмитрий Ильич,капитан,9,29
Новиков Павел Михайлович,капитан,1,28
Андреев Егор Михайлович,полковник,9,22
Попов Илья Никитич,капитан,1,36
Морозов Константин Викторович,лейтенант,12,40
Орлов Никита Сергеевич,прапорщик,2,29
Васильев Илья Павлович,рядовой,5,53
Захаров Александр Максимович,полковник,5,42
Николаев Олег Павлович,лейтенант,11,56
Борисов Сергей Дмитриевич,рядовой,1,28
Соколов Александр Иванович,рядовой,10,59
Яковлев Михаил Викторович,майор,7,38
Егоров Роман Никитич,прапорщик,1,54
Семёнов Дмитрий Андреевич,капитан,2,20
Семёнов Кирилл Максимович,полковник,9,57
Морозов Дмитрий Алексеевич,полковник,7,31
Иванов Дмитрий Викторович,капитан,11,53
Андреев Михаил Юрьевич,рядовой,4,46
Павлов Никита Юрьевич,сержант,12,59
Иванов Илья Александрович,прапорщик,6,39
Михайлов Алексей Юрьевич,прапорщик,6,30
Кузнецов Александр Алексеевич,капитан,8,18
Петров Юрий Викторович,капитан,8,21
Макаров Константин Юрьевич,прапорщик,11,41
Соколов Илья Ильич,майор,10,54
Зайцев Олег Романович,полковник,10,29
Васильев Юрий Александрович,лейтенант,3,57
Кузнецов Андрей Павлович,сержант,7,38
Зайцев Константин Андреевич,сержант,3,48
Зайцев Олег Кириллович,сержант,2,54
Соколов Матвей Кириллович,капитан,9,31
Николаев Егор Никитич,майор,3,33
Зайцев Илья Кириллович,полковник,5,31
Иванов Олег Дмитриевич,полковник,12,54
Новиков Максим Александрович,лейтенант,8,23
Морозов Кирилл Олегович,майор,2,45
Никитин Юрий Михайлович,полковник,7,45
Павлов Иван Романович,майор,9,37
Кузнецов Илья Алексеевич,прапорщик,4,45
Степанов Роман Сергеевич,полковник,4,46
Кузнецов Алексей Викторович,полковник,1,34
Морозов Андрей Андреевич,майор,11,56
Соловьёв Роман Алексеевич,сержант,11,58
Никитин Денис Дмитриевич,капитан,12,57
Степанов Дмитрий Юрьевич,полковник,12,34
Соловьёв Евгений Сергеевич,лейтенант,10,34
Никитин Алексей Александрович,лейтенант,5,55
Петров Кирилл Олегович,полковник,1,18
Зайцев Олег Иванович,капитан,7,18
Сидоров Егор Юрьевич,майор,5,45
Смирнов Константин Ильич,прапорщик,9,51
Кузнецов Денис Дмитриевич,сержант,11,22
Зайцев Денис Андреевич,прапорщик,11,28
Захаров Кирилл Юрьевич,полковник,4,29
Смирнов Константин Ильич,лейтенант,10,21
Козлов Иван Викторович,прапорщик,11,43
Николаев Павел Кириллович,сержант,2,50
Васильев Михаил Ильич,рядовой,9,43
Морозов Павел Алексеевич,полковник,3,44
Кочергин Артём Михайлович,рядовой,12,49
Попов Сергей Александрович,майор,12,56
Лебедев Андрей Никитич,полковник,7,21
Иванов Юрий Алексеевич,полковник,9,31
Васильев Матвей Сергеевич,сержант,4,30
Смирнов Андрей Кириллович,сержант,9,27
Попов Михаил Павлович,рядовой,1,30
Андреев Артём Романович,рядовой,12,31
Смирнов Павел Ильич,прапорщик,11,34
Новиков Виктор Михайлович,капитан,11,45
Макаров Юрий Никитич,майор,4,39
Сидоров Илья Романович,лейтенант,6,30
Борисов Денис Алексеевич,рядовой,2,42
Борисов Илья Ильич,рядовой,3,54
Никитин Андрей Кириллович,лейтенант,9,49
Иванов Егор Александрович,полковник,10,50
Кочергин Кирилл Павлович,прапорщик,3,53
Кузнецов Степан Александрович,полковник,1,32
Смирнов Михаил Алексеевич,капитан,4,55
Яковлев Иван Кириллович,полковник,5,37
Николаев Роман Александрович,полковник,2,32
Орлов Алексей Викторович,капитан,10,45
Смирнов Артём Олегович,рядовой,12,48
Орлов Алексей Олегович,прапорщик,2,32
Кочергин Илья Михайлович,майор,9,47
Иванов Кирилл Сергеевич,сержант,10,22
Яковлев Кирилл Никитич,лейтенант,10,40
Иванов Илья Ильич,полковник,6,43
Михайлов Виктор Кириллович,прапорщик,5,35
Смирнов Михаил Ильич,полковник,11,28
Андреев Кирилл Никитич,майор,11,28
Макаров Кирилл Ильич,рядовой,3,55
Павлов Олег Викторович,рядовой,8,51
Андреев Роман Романович,прапорщик,1,55
Андреев Дмитрий Никитич,капитан,5,28
Смирнов Олег Александрович,рядовой,1,50
Козлов Степан Павлович,майор,3,52
Соколов Илья Викторович,сержант,10,58
Соловьёв Матвей Алексеевич,прапорщик,6,32
Соколов Кирилл Юрьевич,лейтенант,6,46
Никитин Никита Кириллович,прапорщик,9,44
Лебедев Сергей Алексеевич,капитан,10,43
Алексеев Никита Романович,капитан,12,21
Соловьёв Артём Романович,лейтенант,3,24
Иванов Андрей Романович,капитан,5,46
Новиков Денис Андреевич,сержант,7,59
Кузнецов Матвей Иванович,лейтенант,11,39
Яковлев Дмитрий Сергеевич,прапорщик,5,57
Павлов Константин Иванович,майор,3,27
Никитин Александр Павлович,прапорщик,2,56
Соловьёв Алексей Дмитриевич,сержант,8,24
Смирнов Илья Ильич,капитан,8,29
Лебедев Егор Сергеевич,рядовой,7,45
Лебедев Артём Ильич,прапорщик,5,45
Никитин Роман Александрович,рядовой,6,45
Зайцев Константин Максимович,сержант,9,20
Макаров Александр Алексеевич,сержант,6,31
Новиков Степан Михайлович,лейтенант,6,53
Захаров Сергей Иванович,капитан,12,35
Захаров Иван Дмитриевич,прапорщик,8,30
Яковлев Денис Ильич,рядовой,1,37
Егоров Александр Олегович,полковник,7,33
Степанов Максим Максимович,майор,10,55
Фёдоров Виктор Алексеевич,сержант,3,54
Лебедев Иван Александрович,рядовой,9,60
Петров Сергей Юрьевич,капитан,10,35
Козлов Павел Павлович,рядовой,12,57
Морозов Михаил Олегович,рядовой,6,34
Павлов Александр Романович,сержант,6,47
Новиков Андрей Максимович,капитан,4,23
Козлов Артём Никитич,лейтенант,5,60
Егоров Павел Павлович,лейтенант,7,52
Иванов Иван Никитич,рядовой,2,32
Попов Павел Олегович,прапорщик,11,23
Кочергин Андрей Александрович,капитан,6,58
Сидоров Виктор Иванович,полковник,10,35
Яковлев Денис Ильич,лейтенант,5,46
Орлов Никита Викторович,лейтенант,6,30
Михайлов Дмитрий Кириллович,полковник,4,29
Морозов Артём Ильич,лейтенант,9,49
Петров Степан Максимович,майор,3,41
Никитин Михаил Михайлович,сержант,5,21
Петров Сергей Сергеевич,лейтенант,10,52
Борисов Роман Павлович,майор,9,36
Егоров Александр Павлович,полковник,3,24
Семёнов Иван Андреевич,полковник,5,32
Васильев Матвей Дмитриевич,полковник,3,36
Морозов Евгений Максимович,полковник,5,40
Морозов Роман Максимович,сержант,1,44
Егоров Юрий Иванович,рядовой,9,41
Зайцев Егор Кириллович,рядовой,10,58
Егоров Денис Павлович,сержант,4,56
Андреев Дмитрий Дмитриевич,прапорщик,9,26
Новиков Егор Александрович,прапорщик,8,32
Егоров Алексей Иванович,полковник,10,20
Николаев Егор Андреевич,рядовой,1,56
Николаев Степан Викторович,прапорщик,7,53
Иванов Роман Иванович,капитан,9,37
Орлов Павел Андреевич,прапорщик,1,23
Михайлов Павел Иванович,сержант,7,56
Борисов Олег Романович,лейтенант,7,52
Макаров Иван Михайлович,лейтенант,4,60
Алексеев Артём Никитич,капитан,2,27
Макаров Егор Андреевич,рядовой,9,50
Фёдоров Павел Ильич,капитан,4,27
Зайцев Павел Павлович,рядовой,12,22
Зайцев Роман Викторович,рядовой,12,53
Кочергин Алексей Иванович,лейтенант,5,36
Андреев Константин Дмитриевич,лейтенант,5,44
Соловьёв Илья Максимович,прапорщик,8,46
Николаев Денис Кириллович,прапорщик,4,44
Степанов Максим Никитич,капитан,7,46
Семёнов Павел Сергеевич,полковник,6,29
Никитин Евгений Алексеевич,рядовой,7,43
Алексеев Андрей Ильич,лейтенант,3,57
Орлов Степан Максимович,майор,8,21
Васильев Матвей Ильич,рядовой,12,46
Попов Андрей Александрович,полковник,4,41
Зайцев Александр Александрович,капитан,8,43
Андреев Максим Павлович,полковник,2,55
Кузнецов Иван Иванович,рядовой,3,57
Смирнов Александр Андреевич,капитан,2,30
Сидоров Михаил Олегович,полковник,11,55
Орлов Евгений Никитич,лейтенант,9,32
Смирнов Максим Михайлович,сержант,12,39
Петров Никита Викторович,капитан,4,28
Васильев Сергей Михайлович,рядовой,3,47
Павлов Виктор Романович,прапорщик,5,37
Фёдоров Евгений Юрьевич,прапорщик,4,33
Попов Илья Юрьевич,полковник,8,53
Борисов Иван Михайлович,лейтенант,12,52
Новиков Виктор Андреевич,прапорщик,6,33
Зайцев Илья Сергеевич,полковник,12,21
Кузнецов Иван Максимович,рядовой,7,55
Кочергин Степан Олегович,полковник,6,41
Смирнов Евгений Максимович,прапорщик,3,47
Никитин Андрей Юрьевич,рядовой,6,57
Соловьёв Михаил Дмитриевич,сержант,10,53
Орлов Александр Андреевич,капитан,11,26
Кочергин Егор Никитич,полковник,9,25
Никитин Андрей Олегович,капитан,1,45
Андреев Евгений Ильич,майор,10,50
Попов Денис Михайлович,полковник,2,40
Егоров Матвей Иванович,прапорщик,7,20
Новиков Сергей Никитич,полковник,4,44
Макаров Егор Иванович,рядовой,12,19
Андреев Егор Олегович,лейтенант,1,19
Соколов Дмитрий Максимович,прапорщик,2,60
Кочергин Матвей Ильич,полковник,6,56
Егоров Степан Романович,полковник,6,43
Семёнов Никита Ильич,рядовой,4,48
Борисов Дмитрий Андреевич,рядовой,11,23
Николаев Михаил Дмитриевич,майор,3,51
Смирнов Артём Сергеевич,майор,11,53
Захаров Егор Максимович,лейтенант,1,60
Смирнов Илья Никитич,прапорщик,10,55
Алексеев Дмитрий Юрьевич,лейтенант,2,18
Новиков Степан Сергеевич,полковник,2,35
Новиков Денис Никитич,прапорщик,3,23
Алексеев Константин Дмитриевич,майор,10,41
Фёдоров Илья Викторович,прапорщик,2,28
Яковлев Константин Романович,капитан,6,51
Павлов Юрий Алексеевич,сержант,10,37
Макаров Олег Максимович,полковник,12,27
Орлов Роман Алексеевич,лейтенант,10,19
Иванов Кирилл Максимович,капитан,10,26
Морозов Кирилл Александрович,майор,4,42
Алексеев Илья Андреевич,капитан,4,31
Кочергин Илья Кириллович,капитан,3,41
Лебедев Сергей Максимович,прапорщик,11,52
Новиков Егор Михайлович,лейтенант,11,23
Зайцев Матвей Сергеевич,прапорщик,3,33
Петров Роман Кириллович,полковник,8,30
Алексеев Михаил Дмитриевич,капитан,4,44
Попов Константин Викторович,сержант,2,21
Егоров Никита Александрович,сержант,8,30
Соловьёв Олег Андреевич,лейтенант,6,54
Семёнов Юрий Сергеевич,рядовой,10,29
Егоров Олег Юрьевич,прапорщик,9,18
Егоров Сергей Михайлович,сержант,4,50
Фёдоров Иван Олегович,капитан,2,36
Степанов Константин Максимович,лейтенант,1,33
Андреев Илья Никитич,майор,5,41
Кочергин Егор Александрович,рядовой,5,35
Иванов Степан Александрович,майор,2,35
Васильев Михаил Викторович,майор,12,42
Яковлев Иван Андреевич,лейтенант,8,30
Степанов Алексей Юрьевич,майор,2,40
Морозов Евгений Ильич,прапорщик,12,58
Петров Денис Максимович,полковник,7,56
Соколов Иван Никитич,майор,3,44
Смирнов Егор Иванович,рядовой,10,25
Петров Роман Алексеевич,рядовой,3,26
Орлов Александр Викторович,капитан,11,33
Орлов Евгений Никитич,капитан,3,53
Яковлев Юрий Андреевич,майор,11,48
Соловьёв Михаил Михайлович,капитан,8,18
Зайцев Юрий Иванович,сержант,11,19
Захаров Юрий Алексеевич,лейтенант,7,32
Алексеев Михаил Кириллович,рядовой,9,22
Соловьёв Степан Максимович,рядовой,5,41
Смирнов Артём Андреевич,сержант,2,60
Степанов Юрий Сергеевич,майор,11,37
Андреев Иван Дмитриевич,капитан,2,51
Борисов Дмитрий Никитич,лейтенант,5,50
Захаров Артём Романович,капитан,3,19
Яковлев Дмитрий Ильич,прапорщик,1,60
Новиков Дмитрий Дмитриевич,майор,5,55
Орлов Егор Ильич,рядовой,11,33
Новиков Сергей Романович,прапорщик,6,51
Петров Денис Юрьевич,прапорщик,5,53
Морозов Юрий Алексеевич,лейтенант,7,29
Соловьёв Денис Кириллович,рядовой,1,37
Егоров Александр Сергеевич,рядовой,4,58
Захаров Олег Дмитриевич,лейтенант,8,22
Кузнецов Алексей Кириллович,полковник,11,23
Борисов Кирилл Дмитриевич,сержант,11,47
Николаев Михаил Романович,майор,8,28
Соколов Константин Никитич,сержант,2,36
Попов Никита Кириллович,полковник,9,54
Фёдоров Дмитрий Олегович,прапорщик,3,48
Борисов Роман Кириллович,капитан,11,47
Кузнецов Кирилл Алексеевич,капитан,3,59
Козлов Матвей Викторович,капитан,8,37
Соколов Евгений Никитич,прапорщик,3,41
Лебедев Александр Юрьевич,рядовой,11,28
Андреев Евгений Ильич,рядовой,9,25
Макаров Евгений Сергеевич,прапорщик,2,40
Андреев Константин Ильич,сержант,11,55
Сидоров Виктор Павлович,лейтенант,7,33
Соколов Егор Иванович,рядовой,1,24
Михайлов Михаил Андреевич,капитан,6,37
Петров Сергей Иванович,полковник,10,51
Новиков Андрей Алексеевич,рядовой,7,49
Новиков Илья Сергеевич,капитан,6,43
Борисов Андрей Александрович,лейтенант,1,58
Зайцев Степан Алексеевич,прапорщик,10,51
Егоров Сергей Сергеевич,прапорщик,8,30
Морозов Евгений Иванович,капитан,8,23
Кузнецов Иван Юрьевич,майор,3,54
Зайцев Егор Викторович,прапорщик,10,38
Соловьёв Иван Алексеевич,капитан,10,31
Михайлов Матвей Иванович,рядовой,7,28
Борисов Кирилл Ильич,майор,3,35
Алексеев Роман Павлович,лейтенант,12,44
Новиков Виктор Романович,лейтенант,1,37
Кочергин Юрий Максимович,капитан,6,49
Захаров Александр Максимович,полковник,1,33
Михайлов Степан Кириллович,лейтенант,3,29
Попов Иван Дмитриевич,лейтенант,5,29
Семёнов Денис Сергеевич,капитан,3,49
Козлов Константин Романович,лейтенант,4,57
Андреев Артём Сергеевич,сержант,11,44
Андреев Константин Романович,полковник,4,44
Николаев Виктор Андреевич,сержант,12,26
Макаров Константин Олегович,сержант,1,32
Степанов Константин Олегович,полковник,11,45
Семёнов Андрей Кириллович,лейтенант,12,40
Кочергин Никита Иванович,прапорщик,6,42
Морозов Дмитрий Викторович,прапорщик,8,56
Павлов Максим Александрович,майор,9,31
Андреев Константин Сергеевич,капитан,3,48
Смирнов Степан Андреевич,прапорщик,4,50
Егоров Михаил Юрьевич,полковник,9,47
Макаров Никита Дмитриевич,капитан,10,52
Никитин Егор Павлович,лейтенант,5,49
Петров Сергей Олегович,рядовой,3,41
Михайлов Степан Павлович,сержант,10,43
Павлов Константин Александрович,рядовой,6,29
Михайлов Иван Иванович,полковник,12,46
Степанов Виктор Дмитриевич,майор,6,57
Макаров Михаил Кириллович,капитан,4,54
Михайлов Матвей Дмитриевич,лейтенант,10,59
Морозов Дмитрий Александрович,лейтенант,6,24
Морозов Виктор Александрович,лейтенант,1,53
Лебедев Юрий Дмитриевич,прапорщик,12,55
Попов Артём Никитич,полковник,7,46
Борисов Роман Сергеевич,прапорщик,6,28
Андреев Егор Ильич,сержант,5,51
Семёнов Степан Павлович,полковник,9,40
Кузнецов Никита Никитич,рядовой,1,50
Петров Константин Романович,полковник,8,56
Кочергин Константин Михайлович,сержант,2,22
Попов Юрий Олегович,лейтенант,6,29
Кочергин Матвей Александрович,лейтенант,8,45
Кузнецов Максим Викторович,майор,3,25
Иванов Александр Михайлович,рядовой,8,54
Соловьёв Артём Иванович,майор,3,19
Никитин Юрий Никитич,майор,1,31
Орлов Константин Александрович,полковник,12,23
Соловьёв Виктор Михайлович,майор,1,33
Михайлов Матвей Юрьевич,рядовой,4,43
Яковлев Евгений Павлович,капитан,7,59
Морозов Илья Никитич,лейтенант,4,33
Сидоров Денис Олегович,сержант,4,30
Никитин Никита Михайлович,полковник,9,25
Кузнецов Дмитрий Дмитриевич,рядовой,5,57
Андреев Максим Дмитриевич,рядовой,2,58
Лебедев Илья Дмитриевич,лейтенант,9,22
Никитин Константин Андреевич,прапорщик,11,47
Иванов Евгений Никитич,капитан,6,26
Захаров Виктор Ильич,майор,10,56
Иванов Павел Александрович,полковник,7,34
Андреев Дмитрий Михайлович,капитан,7,23
Васильев Дмитрий Романович,лейтенант,3,38
Попов Иван Кириллович,капитан,10,18
Алексеев Иван Дмитриевич,прапорщик,12,42
Никитин Михаил Ильич,прапорщик,6,49
Новиков Дмитрий Иванович,полковник,12,45
Морозов Константин Иванович,лейтенант,11,41
Соколов Евгений Андреевич,прапорщик,10,26
Лебедев Илья Никитич,лейтенант,6,49
Кузнецов Евгений Павлович,полковник,12,22
Михайлов Максим Михайлович,капитан,2,59
Андреев Константин Иванович,полковник,12,54
Новиков Михаил Олегович,рядовой,2,51
Соколов Егор Кириллович,сержант,7,43
Михайлов Виктор Михайлович,капитан,5,48
Кочергин Евгений Дмитриевич,рядовой,8,32
Павлов Виктор Сергеевич,рядовой,10,57
Макаров Денис Иванович,сержант,6,25
Козлов Максим Алексеевич,полковник,3,55
Иванов Алексей Юрьевич,прапорщик,10,23
Морозов Сергей Никитич,лейтенант,3,37
Козлов Павел Юрьевич,прапорщик,10,58
Зайцев Александр Юрьевич,полковник,1,50
Степанов Матвей Кириллович,лейтенант,5,30
Кочергин Денис Сергеевич,рядовой,10,32
Новиков Сергей Алексеевич,прапорщик,2,43
Андреев Артём Павлович,прапорщик,6,48
Фёдоров Матвей Романович,сержант,2,23
Фёдоров Дмитрий Андреевич,сержант,8,33
Попов Юрий Сергеевич,майор,1,44
Михайлов Сергей Олегович,прапорщик,8,45
Козлов Никита Михайлович,сержант,5,24
Морозов Михаил Иванович,лейтенант,9,36
Кочергин Алексей Андреевич,лейтенант,9,48
Алексеев Кирилл Романович,лейтенант,5,52
Никитин Никита Павлович,лейтенант,12,30
Новиков Олег Юрьевич,лейтенант,7,50
Орлов Михаил Павлович,капитан,1,39
Иванов Степан Никитич,капитан,8,34
Кузнецов Андрей Юрьевич,сержант,5,49
Андреев Матвей Олегович,прапорщик,1,57
Алексеев Дмитрий Олегович,капитан,3,47
Васильев Никита Алексеевич,прапорщик,5,25
Зайцев Иван Максимович,полковник,5,32
Новиков Матвей Юрьевич,лейтенант,3,36
Смирнов Степан Андреевич,рядовой,9,21
Лебедев Егор Ильич,майор,4,51
Алексеев Сергей Максимович,майор,9,45
Петров Максим Максимович,сержант,8,27
Борисов Юрий Алексеевич,полковник,3,57
Кузнецов Иван Кириллович,рядовой,9,55
Кочергин Михаил Максимович,майор,1,20
Николаев Денис Сергеевич,прапорщик,7,22
Андреев Илья Андреевич,рядовой,9,57
Соколов Кирилл Андреевич,прапорщик,5,59
Козлов Егор Александрович,прапорщик,4,58
Новиков Степан Кириллович,лейтенант,1,53
Соловьёв Сергей Юрьевич,майор,6,54
Захаров Константин Ильич,лейтенант,7,27
Андреев Артём Викторович,сержант,11,35
Сидоров Артём Романович,майор,5,34
Лебедев Евгений Максимович,прапорщик,3,31
Васильев Павел Павлович,сержант,6,49
Семёнов Алексей Михайлович,майор,8,59
Кузнецов Денис Викторович,полковник,10,35
Орлов Михаил Олегович,капитан,5,39
Морозов Виктор Алексеевич,прапорщик,5,54
Борисов Олег Алексеевич,капитан,4,52
Степанов Константин Олегович,лейтенант,5,33
Яковлев Никита Юрьевич,капитан,11,55
Алексеев Илья Михайлович,сержант,4,25
Орлов Дмитрий Никитич,капитан,4,18
Семёнов Матвей Сергеевич,майор,6,35
Соловьёв Иван Кириллович,сержант,5,48
Морозов Павел Кириллович,капитан,6,54
Захаров Александр Михайлович,прапорщик,4,27
Смирнов Дмитрий Дмитриевич,капитан,2,26
Зайцев Виктор Никитич,прапорщик,1,51
Козлов Никита Андреевич,рядовой,4,45
Новиков Егор Александрович,сержант,11,37
Захаров Олег Кириллович,полковник,7,28
Кочергин Олег Сергеевич,майор,1,25
Михайлов Виктор Александрович,майор,11,47
Сидоров Егор Никитич,сержант,10,52
Егоров Михаил Алексеевич,рядовой,11,18
Макаров Матвей Викторович,прапорщик,9,42
Новиков Роман Александрович,лейтенант,2,47
Степанов Кирилл Павлович,полковник,11,23
Сидоров Виктор Кириллович,лейтенант,12,18
Козлов Юрий Юрьевич,прапорщик,9,41
Кузнецов Константин Ильич,майор,12,25
Васильев Степан Дмитриевич,прапорщик,11,27
Николаев Евгений Максимович,майор,11,42
Андреев Олег Ильич,сержант,10,51
Михайлов Александр Юрьевич,рядовой,6,31
Попов Артём Олегович,лейтенант,4,37
Николаев Илья Викторович,прапорщик,2,22
Смирнов Евгений Романович,капитан,12,58
Николаев Кирилл Александрович,рядовой,6,58
Орлов Илья Михайлович,лейтенант,11,30
Орлов Алексей Никитич,прапорщик,2,33
Соколов Никита Сергеевич,капитан,10,30
Николаев Денис Сергеевич,капитан,3,25
Новиков Евгений Михайлович,рядовой,8,58
Орлов Константин Андреевич,сержант,1,52
Новиков Никита Сергеевич,полковник,6,60
Сидоров Юрий Сергеевич,прапорщик,10,46
Борисов Александр Дмитриевич,капитан,3,39
Никитин Денис Романович,капитан,4,26
Фёдоров Олег Павлович,рядовой,9,45
Сидоров Олег Алексеевич,капитан,8,27
Морозов Сергей Сергеевич,майор,6,41
Попов Кирилл Андреевич,лейтенант,1,57
Павлов Иван Александрович,майор,7,53
Иванов Иван Андреевич,полковник,2,58
Яковлев Виктор Романович,сержант,4,46
Лебедев Степан Максимович,сержант,10,44
Михайлов Дмитрий Иванович,рядовой,1,43
Попов Матвей Александрович,прапорщик,2,21
Смирнов Михаил Павлович,рядовой,6,30
Павлов Александр Павлович,лейтенант,11,33
Орлов Александр Юрьевич,сержант,7,41
Смирнов Артём Михайлович,прапорщик,3,27
Захаров Никита Максимович,полковник,6,51
Орлов Степан Кириллович,прапорщик,4,40
Яковлев Денис Викторович,полковник,4,34
Васильев Дмитрий Дмитриевич,лейтенант,8,24
Никитин Роман Романович,майор,10,48
Михайлов Роман Кириллович,капитан,12,33
Яковлев Михаил Михайлович,полковник,11,53
Николаев Денис Олегович,лейтенант,5,34
Соколов Степан Никитич,майор,2,33
Морозов Степан Юрьевич,рядовой,4,53
Кочергин Артём Никитич,сержант,4,40
Борисов Илья Олегович,сержант,6,42
Козлов Виктор Кириллович,капитан,5,20
Николаев Никита Иванович,рядовой,7,32
Фёдоров Юрий Никитич,лейтенант,3,31
Николаев Денис Романович,полковник,7,55
Макаров Роман Андреевич,рядовой,4,18
Смирнов Степан Алексеевич,сержант,4,47
Никитин Юрий Никитич,полковник,3,60
Захаров Илья Александрович,полковник,3,49
Семёнов Юрий Андреевич,прапорщик,4,32
Сидоров Иван Михайлович,сержант,8,27
Орлов Олег Иванович,капитан,4,47
Степанов Максим Алексеевич,майор,9,43
Соловьёв Александр Кириллович,майор,7,55
Михайлов Роман Михайлович,сержант,4,20
Новиков Олег Алексеевич,прапорщик,4,42
Соловьёв Евгений Викторович,сержант,8,23
Козлов Денис Юрьевич,прапорщик,2,37
Соколов Иван Викторович,полковник,12,23
Новиков Матвей Юрьевич,сержант,8,28
Никитин Матвей Александрович,прапорщик,11,59
Егоров Евгений Кириллович,полковник,3,30
Андреев Юрий Сергеевич,рядовой,5,38
Зайцев Егор Никитич,майор,10,22
Козлов Евгений Александрович,рядовой,8,54
Козлов Александр Дмитриевич,рядовой,6,32
Николаев Илья Андреевич,капитан,5,46
Павлов Максим Ильич,лейтенант,4,60
Макаров Юрий Алексеевич,прапорщик,10,54
Морозов Константин Андреевич,капитан,5,19
Зайцев Сергей Андреевич,лейтенант,11,53
Семёнов Олег Никитич,рядовой,2,22
Николаев Юрий Иванович,лейтенант,9,47
Кузнецов Роман Кириллович,лейтенант,9,18
Зайцев Максим Никитич,лейтенант,1,38
Морозов Андрей Сергеевич,капитан,1,46
Фёдоров Матвей Сергеевич,рядовой,3,30
Морозов Степан Никитич,полковник,1,42
Макаров Кирилл Никитич,сержант,1,21
Козлов Виктор Викторович,капитан,5,57
Борисов Никита Михайлович,сержант,3,42
Алексеев Михаил Олегович,полковник,9,27
Андреев Алексей Романович,прапорщик,6,25
Иванов Андрей Сергеевич,сержант,6,39
Новиков Егор Андреевич,сержант,7,31
Васильев Кирилл Олегович,лейтенант,1,33
Соловьёв Павел Андреевич,лейтенант,10,20
Соколов Илья Юрьевич,капитан,8,27
Петров Александр Александрович,капитан,12,30
Захаров Артём Михайлович,лейтенант,3,39
Никитин Денис Михайлович,капитан,8,28
Орлов Илья Никитич,лейтенант,2,48
Яковлев Андрей Никитич,лейтенант,12,34
Соколов Иван Ильич,полковник,4,35
Орлов Юрий Алексеевич,полковник,6,51
Васильев Иван Михайлович,прапорщик,8,34
Зайцев Дмитрий Викторович,лейтенант,3,32
Орлов Матвей Ильич,майор,5,31
Николаев Алексей Ильич,капитан,7,33
Павлов Матвей Алексеевич,рядовой,10,52
Попов Михаил Никитич,лейтенант,10,23
Смирнов Павел Михайлович,полковник,8,20
Михайлов Илья Ильич,майор,1,37
Николаев Евгений Кириллович,прапорщик,12,24
Орлов Максим Александрович,полковник,1,37
Сидоров Александр Викторович,полковник,2,36
Лебедев Илья Александрович,капитан,12,34
Козлов Константин Ильич,полковник,12,38
Яковлев Дмитрий Юрьевич,рядовой,3,54
Андреев Илья Романович,лейтенант,10,53
Смирнов Матвей Александрович,капитан,9,21
Попов Степан Сергеевич,рядовой,9,22
Макаров Михаил Сергеевич,прапорщик,4,34
Иванов Денис Михайлович,сержант,5,56
Борисов Сергей Дмитриевич,сержант,7,38
Макаров Виктор Максимович,капитан,1,30
Новиков Кирилл Андреевич,полковник,11,45
Сидоров Никита Кириллович,сержант,7,33
Кузнецов Максим Романович,лейтенант,7,35
Никитин Егор Олегович,лейтенант,3,23
Иванов Сергей Андреевич,майор,2,53
Яковлев Сергей Павлович,майор,1,20
Васильев Андрей Алексеевич,полковник,10,35
Егоров Степан Ильич,полковник,11,38
Егоров Дмитрий Викторович,рядовой,12,47
Алексеев Иван Никитич,лейтенант,6,38
Лебедев Илья Кириллович,рядовой,12,30
Орлов Иван Дмитриевич,лейтенант,12,44
Никитин Михаил Павлович,сержант,7,60
Михайлов Юрий Романович,сержант,4,56
Новиков Павел Викторович,полковник,12,22
Козлов Евгений Романович,майор,11,58
Смирнов Виктор Павлович,прапорщик,7,27
Зайцев Михаил Юрьевич,майор,5,36
Михайлов Егор Михайлович,полковник,10,42
Егоров Павел Ильич,полковник,9,44
Иванов Константин Романович,лейтенант,10,21
Алексеев Степан Михайлович,майор,3,28
Николаев Дмитрий Ильич,полковник,6,56
Андреев Олег Дмитриевич,прапорщик,11,27
Егоров Виктор Александрович,прапорщик,2,57
Павлов Степан Александрович,сержант,3,36
Кочергин Иван Олегович,майор,12,36
Новиков Александр Никитич,прапорщик,6,48
Фёдоров Егор Максимович,прапорщик,7,21
Сидоров Виктор Кириллович,лейтенант,6,24
Попов Матвей Викторович,сержант,9,57
Егоров Максим Викторович,полковник,1,30
Сидоров Никита Ильич,майор,5,40
Зайцев Степан Юрьевич,майор,7,24
Яковлев Егор Ильич,капитан,3,32
Соловьёв Егор Михайлович,капитан,8,46
Николаев Павел Никитич,капитан,3,54
Павлов Денис Романович,рядовой,2,29
Соловьёв Олег Сергеевич,майор,2,41
Морозов Алексей Сергеевич,лейтенант,6,38
Михайлов Сергей Иванович,сержант,3,19
Соколов Степан Олегович,рядовой,12,46
Алексеев Михаил Сергеевич,сержант,3,48
Лебедев Сергей Андреевич,лейтенант,12,29
Никитин Артём Никитич,капитан,9,26
Зайцев Виктор Дмитриевич,рядовой,9,25
Петров Роман Иванович,сержант,2,19
Макаров Михаил Андреевич,капитан,2,55
Алексеев Константин Олегович,полковник,2,18
Иванов Иван Никитич,прапорщик,5,57
Морозов Константин Романович,прапорщик,2,28
Андреев Степан Олегович,полковник,8,51
Захаров Павел Ильич,майор,7,55
Смирнов Виктор Александрович,полковник,10,47
Макаров Сергей Романович,лейтенант,3,55
Захаров Илья Викторович,прапорщик,9,60
Захаров Михаил Романович,сержант,6,46
Козлов Илья Дмитриевич,лейтенант,5,53
Морозов Матвей Дмитриевич,капитан,5,29
Петров Сергей Александрович,майор,5,34
Лебедев Максим Ильич,майор,4,28
Зайцев Матвей Павлович,полковник,2,57
Егоров Сергей Михайлович,сержант,3,21
Степанов Евгений Юрьевич,полковник,5,37
Попов Матвей Никитич,рядовой,6,43
Михайлов Роман Никитич,капитан,9,45
Смирнов Дмитрий Романович,лейтенант,11,25
Козлов Кирилл Никитич,прапорщик,5,44
Степанов Егор Ильич,рядовой,1,26
Павлов Никита Иванович,прапорщик,9,55
Захаров Юрий Никитич,капитан,7,18
Попов Александр Максимович,майор,5,54
Соколов Сергей Сергеевич,лейтенант,6,53
Кузнецов Павел Юрьевич,прапорщик,11,33
Михайлов Алексей Романович,полковник,10,19
Лебедев Андрей Дмитриевич,прапорщик,3,42
Попов Алексей Дмитриевич,сержант,7,44
Кочергин Михаил Алексеевич,сержант,2,58
Павлов Андрей Дмитриевич,прапорщик,6,33
Андреев Андрей Александрович,рядовой,6,45
Иванов Денис Сергеевич,лейтенант,7,57
Павлов Сергей Никитич,майор,2,36
Павлов Юрий Александрович,прапорщик,11,26
Захаров Максим Александрович,прапорщик,11,21
Попов Константин Юрьевич,лейтенант,2,20
Борисов Матвей Олегович,сержант,8,45
Захаров Денис Викторович,полковник,12,27
Морозов Роман Романович,прапорщик,5,29
Новиков Иван Михайлович,сержант,7,29
Сидоров Сергей Никитич,рядовой,2,33
Морозов Дмитрий Сергеевич,лейтенант,1,60
Степанов Иван Романович,сержант,12,34
Морозов Сергей Александрович,прапорщик,6,56
Соловьёв Денис Олегович,прапорщик,7,42
Иванов Денис Романович,прапорщик,5,37
Смирнов Олег Кириллович,майор,4,42
Кочергин Степан Иванович,майор,9,51
Кочергин Роман Никитич,полковник,1,59
Фёдоров Илья Михайлович,прапорщик,11,60
Николаев Олег Михайлович,рядовой,9,41
Новиков Михаил Ильич,лейтенант,5,56
Захаров Артём Юрьевич,прапорщик,7,21
Петров Егор Алексеевич,рядовой,9,38
Смирнов Михаил Юрьевич,полковник,4,26
Иванов Сергей Никитич,сержант,11,57
Новиков Роман Романович,лейтенант,4,42
Михайлов Артём Алексеевич,полковник,3,28
Фёдоров Олег Александрович,рядовой,3,44
Захаров Артём Никитич,капитан,2,21
Кузнецов Андрей Романович,полковник,4,50
Никитин Роман Юрьевич,полковник,11,39
Смирнов Иван Юрьевич,рядовой,11,56
Егоров Кирилл Викторович,полковник,4,32
Никитин Михаил Юрьевич,лейтенант,10,47
Козлов Артём Павлович,сержант,6,29
Захаров Евгений Никитич,сержант,2,54
Козлов Никита Олегович,майор,11,19
Макаров Евгений Викторович,лейтенант,6,54
Павлов Виктор Ильич,капитан,1,43
Орлов Артём Викторович,полковник,6,22
Алексеев Константин Олегович,прапорщик,2,36
Семёнов Сергей Юрьевич,прапорщик,5,40
Иванов Илья Алексеевич,сержант,3,39
Кузнецов Максим Ильич,рядовой,11,24
Макаров Михаил Алексеевич,прапорщик,5,19
Яковлев Андрей Викторович,полковник,1,25
Семёнов Артём Никитич,лейтенант,5,47
Козлов Павел Михайлович,капитан,9,23
Орлов Артём Алексеевич,майор,3,58
Соловьёв Степан Викторович,майор,11,22
Сидоров Олег Ильич,полковник,2,43
Орлов Юрий Викторович,рядовой,1,28
Андреев Михаил Максимович,сержант,1,31
Михайлов Денис Юрьевич,лейтенант,6,26
Сидоров Максим Викторович,сержант,9,59
Николаев Максим Викторович,майор,6,58
Смирнов Павел Романович,сержант,9,24
Захаров Роман Романович,полковник,3,41
Смирнов Дмитрий Никитич,рядовой,9,51
Михайлов Илья Кириллович,сержант,4,54
Макаров Илья Кириллович,рядовой,8,30
Егоров Сергей Олегович,лейтенант,7,27
Макаров Денис Алексеевич,капитан,4,44
Петров Олег Викторович,рядовой,3,53
Алексеев Роман Никитич,капитан,2,34
Новиков Степан Сергеевич,полковник,4,18
Михайлов Иван Андреевич,сержант,10,50
Кузнецов Александр Кириллович,капитан,11,20
Никитин Артём Ильич,лейтенант,11,38
Козлов Кирилл Иванович,полковник,7,29
Зайцев Павел Олегович,майор,12,46
Николаев Олег Алексеевич,полковник,1,56
Макаров Юрий Юрьевич,рядовой,12,39
Кочергин Алексей Александрович,капитан,6,33
Морозов Павел Романович,рядовой,11,18
Алексеев Александр Никитич,сержант,2,23
Павлов Евгений Олегович,рядовой,10,22
Морозов Артём Михайлович,сержант,6,43
Никитин Иван Дмитриевич,прапорщик,11,22
Орлов Юрий Александрович,полковник,9,25
Семёнов Денис Юрьевич,прапорщик,12,54
Лебедев Виктор Никитич,рядовой,12,45
Алексеев Артём Сергеевич,капитан,11,21
Морозов Матвей Никитич,сержант,4,25
Яковлев Егор Иванович,сержант,3,39
Васильев Степан Дмитриевич,полковник,8,36
Степанов Павел Викторович,капитан,6,30
Сидоров Артём Ильич,сержант,7,30
Яковлев Роман Иванович,капитан,2,32
Кочергин Михаил Кириллович,прапорщик,8,33
Павлов Алексей Викторович,рядовой,8,23
Соловьёв Роман Никитич,капитан,12,20
Сидоров Степан Романович,майор,7,38
Никитин Иван Михайлович,прапорщик,4,25
Макаров Степан Никитич,прапорщик,6,42
Соколов Максим Никитич,майор,4,20
Попов Иван Максимович,капитан,9,26
Орлов Михаил Олегович,рядовой,7,47
Яковлев Михаил Романович,сержант,5,45
Соловьёв Юрий Алексеевич,капитан,4,36
Новиков Артём Дмитриевич,лейтенант,1,34
Соколов Михаил Олегович,капитан,9,48
Степанов Олег Ильич,капитан,2,53
Сидоров Юрий Романович,лейтенант,10,23
Алексеев Максим Иванович,капитан,8,32
Кузнецов Олег Алексеевич,прапорщик,2,40
Попов Илья Дмитриевич,майор,9,47
Соловьёв Сергей Алексеевич,лейтенант,11,28
Николаев Евгений Никитич,рядовой,6,27
Павлов Степан Иванович,прапорщик,11,27
Кузнецов Илья Дмитриевич,капитан,2,37
Соловьёв Виктор Юрьевич,лейтенант,11,27
Лебедев Андрей Никитич,капитан,9,25
Макаров Егор Никитич,сержант,10,38
Сидоров Кирилл Михайлович,капитан,7,46
Николаев Степан Викторович,прапорщик,3,32
Степанов Павел Алексеевич,капитан,6,57
Захаров Артём Андреевич,капитан,10,53
Смирнов Михаил Олегович,прапорщик,6,21
Зайцев Дмитрий Викторович,полковник,7,20
Попов Александр Кириллович,капитан,4,35
Васильев Юрий Иванович,рядовой,4,39
Козлов Павел Ильич,майор,6,56
Соловьёв Кирилл Юрьевич,лейтенант,5,56
Смирнов Андрей Максимович,полковник,5,39
Николаев Михаил Павлович,лейтенант,7,26
Егоров Олег Никитич,майор,12,47
Козлов Юрий Максимович,сержант,11,27
Морозов Михаил Сергеевич,сержант,6,26
Захаров Алексей Максимович,капитан,3,37
Егоров Михаил Никитич,лейтенант,8,45
Сидоров Александр Алексеевич,сержант,5,53
Петров Олег Кириллович,рядовой,8,33
Яковлев Дмитрий Юрьевич,прапорщик,10,43
Макаров Денис Максимович,полковник,5,49
Макаров Иван Михайлович,капитан,6,18
Алексеев Андрей Андреевич,майор,8,47
Борисов Александр Андреевич,рядовой,5,37
Михайлов Виктор Романович,майор,5,42
Лебедев Денис Олегович,прапорщик,6,18
Яковлев Максим Олегович,лейтенант,10,29
Сидоров Дмитрий Ильич,рядовой,6,20
Новиков Алексей Михайлович,майор,8,23
Кузнецов Кирилл Романович,лейтенант,1,37
Морозов Виктор Никитич,рядовой,10,57
Степанов Алексей Иванович,рядовой,5,44
Зайцев Сергей Максимович,капитан,10,18
Морозов Михаил Дмитриевич,рядовой,1,35
Попов Роман Дмитриевич,прапорщик,1,54
Иванов Максим Кириллович,прапорщик,11,37
Лебедев Роман Никитич,капитан,4,46
Соловьёв Олег Олегович,капитан,10,51
Козлов Артём Павлович,прапорщик,1,28
Козлов Никита Михайлович,капитан,12,57
Андреев Олег Олегович,майор,2,31
Попов Михаил Михайлович,лейтенант,1,36
Козлов Степан Алексеевич,полковник,5,35
Соколов Степан Иванович,рядовой,1,26
Алексеев Михаил Максимович,полковник,2,38
Егоров Никита Ильич,лейтенант,3,56
Попов Никита Сергеевич,сержант,6,39
Лебедев Кирилл Дмитриевич,прапорщик,3,27
Петров Роман Викторович,капитан,12,27
Яковлев Никита Викторович,лейтенант,8,58
Козлов Никита Никитич,полковник,6,48
Соловьёв Павел Максимович,лейтенант,11,56
Макаров Степан Ильич,полковник,6,42
Макаров Илья Павлович,лейтенант,4,34
Иванов Иван Никитич,лейтенант,9,39
Кузнецов Дмитрий Павлович,лейтенант,10,56
Андреев Юрий Дмитриевич,рядовой,10,57
Кочергин Андрей Александрович,капитан,5,47
Михайлов Павел Андреевич,полковник,12,31
Макаров Кирилл Кириллович,прапорщик,8,51
Макаров Илья Александрович,лейтенант,4,59
Попов Максим Ильич,лейтенант,12,59
Соловьёв Роман Кириллович,сержант,3,18
Лебедев Роман Дмитриевич,прапорщик,9,32
Алексеев Степан Юрьевич,майор,3,44
Смирнов Кирилл Юрьевич,майор,12,25
Макаров Артём Алексеевич,капитан,1,29
Смирнов Виктор Кириллович,сержант,4,44
Егоров Дмитрий Алексеевич,рядовой,12,40
Козлов Павел Никитич,лейтенант,3,32
Орлов Денис Михайлович,прапорщик,10,36
Смирнов Илья Викторович,майор,10,33
Михайлов Юрий Андреевич,рядовой,10,57
Лебедев Виктор Ильич,капитан,8,20
Иванов Олег Иванович,майор,8,60
Сидоров Егор Андреевич,лейтенант,5,54
Кочергин Артём Никитич,капитан,4,34
Орлов Юрий Михайлович,сержант,8,53
Попов Виктор Кириллович,рядовой,9,53
Зайцев Александр Павлович,сержант,3,51
Михайлов Александр Никитич,капитан,4,21
Фёдоров Кирилл Сергеевич,полковник,4,51
Михайлов Роман Андреевич,майор,11,22
Егоров Виктор Михайлович,прапорщик,10,36
Новиков Кирилл Михайлович,рядовой,12,23
Зайцев Сергей Никитич,прапорщик,6,44
Васильев Виктор Максимович,полковник,9,35
Борисов Андрей Олегович,прапорщик,8,25
Егоров Олег Кириллович,капитан,12,48
Павлов Степан Максимович,майор,10,42
Павлов Артём Андреевич,рядовой,9,18
Васильев Андрей Юрьевич,майор,7,22
Фёдоров Олег Алексеевич,майор,1,59
Фёдоров Никита Ильич,рядовой,3,51
Никитин Никита Алексеевич,капитан,10,60
Павлов Михаил Никитич,сержант,7,46
Зайцев Роман Романович,лейтенант,4,52
Соколов Евгений Алексеевич,майор,11,36
Иванов Никита Михайлович,прапорщик,5,43
Макаров Роман Александрович,майор,10,44
Смирнов Матвей Михайлович,прапорщик,4,54
Новиков Юрий Ильич,майор,10,42
Макаров Артём Михайлович,лейтенант,4,60
Павлов Егор Максимович,сержант,6,18
Козлов Степан Александрович,майор,12,25
Егоров Денис Ильич,прапорщик,1,37
Лебедев Илья Никитич,лейтенант,1,60
Васильев Виктор Ильич,рядовой,7,58
Соловьёв Денис Александрович,майор,9,41
Фёдоров Константин Максимович,прапорщик,2,51
Павлов Максим Викторович,сержант,5,18
Орлов Максим Андреевич,капитан,3,29
Андреев Кирилл Романович,капитан,6,27
Кузнецов Артём Александрович,капитан,3,44
Степанов Илья Романович,лейтенант,7,22
Орлов Роман Павлович,майор,1,23
Соколов Кирилл Никитич,лейтенант,3,19
Степанов Андрей Дмитриевич,лейтенант,6,34
Соловьёв Сергей Павлович,майор,9,41
Смирнов Виктор Ильич,лейтенант,1,55
Васильев Никита Викторович,прапорщик,10,56
Алексеев Кирилл Иванович,сержант,11,19
Смирнов Виктор Юрьевич,лейтенант,8,51
Соловьёв Юрий Олегович,прапорщик,5,39
Соколов Иван Максимович,сержант,5,32
Козлов Роман Максимович,прапорщик,6,27
Кузнецов Матвей Максимович,полковник,5,57
Соловьёв Евгений Романович,майор,8,57
Борисов Максим Алексеевич,капитан,2,48
Сидоров Максим Романович,прапорщик,1,45
Попов Никита Олегович,прапорщик,1,55
Орлов Павел Андреевич,лейтенант,9,40
Степанов Артём Михайлович,прапорщик,8,30
Козлов Кирилл Ильич,капитан,7,52
Борисов Константин Алексеевич,прапорщик,3,58
Павлов Андрей Олегович,сержант,6,59
Захаров Павел Максимович,сержант,10,33
Соловьёв Олег Александрович,рядовой,1,46
Козлов Алексей Андреевич,полковник,11,20
Новиков Денис Андреевич,лейтенант,1,55
Андреев Сергей Александрович,капитан,2,26
Фёдоров Михаил Андреевич,прапорщик,12,22
Фёдоров Михаил Романович,капитан,12,22
Егоров Егор Олегович,прапорщик,6,34
Степанов Роман Викторович,майор,2,44
Николаев Егор Олегович,капитан,5,47
Борисов Роман Иванович,капитан,3,60
Никитин Артём Максимович,полковник,10,56
Николаев Кирилл Иванович,сержант,8,21
Соловьёв Андрей Сергеевич,рядовой,9,49
Алексеев Кирилл Александрович,прапорщик,6,32
Кочергин Дмитрий Андреевич,лейтенант,2,37
Васильев Сергей Дмитриевич,сержант,11,60
Егоров Илья Максимович,лейтенант,4,43
Егоров Александр Олегович,майор,8,34
Соколов Матвей Кириллович,прапорщик,9,39
Козлов Иван Викторович,майор,3,45
Попов Кирилл Алексеевич,полковник,9,31
Иванов Максим Кириллович,майор,6,51
Степанов Олег Сергеевич,лейтенант,10,43
Павлов Сергей Андреевич,прапорщик,1,46
Семёнов Юрий Максимович,майор,7,42
Борисов Дмитрий Никитич,сержант,6,47
Новиков Егор Викторович,рядовой,12,29
Лебедев Роман Алексеевич,рядовой,2,40
Борисов Михаил Иванович,капитан,2,37
Козлов Егор Романович,капитан,4,22
Егоров Александр Иванович,прапорщик,9,40
Петров Александр Олегович,майор,9,59
Сидоров Евгений Андреевич,сержант,9,50
Кузнецов Роман Александрович,лейтенант,11,52
Козлов Сергей Дмитриевич,капитан,11,24
Борисов Никита Алексеевич,сержант,8,23
Кочергин Артём Иванович,капитан,9,32
Зайцев Матвей Никитич,прапорщик,1,47
Кузнецов Степан Юрьевич,капитан,2,27
Павлов Павел Ильич,лейтенант,4,25
Козлов Дмитрий Максимович,прапорщик,1,38
Павлов Кирилл Александрович,лейтенант,1,47
Алексеев Степан Кириллович,рядовой,3,38
Алексеев Сергей Никитич,прапорщик,3,33
Соколов Максим Юрьевич,рядовой,2,18
Соколов Александр Алексеевич,капитан,7,43
Соколов Андрей Юрьевич,майор,5,36
Козлов Денис Юрьевич,рядовой,12,24
Михайлов Матвей Павлович,полковник,8,19
Павлов Алексей Сергеевич,лейтенант,11,37
Макаров Роман Олегович,лейтенант,6,58
Попов Михаил Сергеевич,майор,11,58
Михайлов Артём Олегович,сержант,2,45
Сидоров Артём Алексеевич,прапорщик,2,33
Иванов Евгений Кириллович,прапорщик,1,53
Захаров Евгений Кириллович,капитан,1,43
Борисов Роман Никитич,прапорщик,1,31
Иванов Виктор Олегович,капитан,2,24
Егоров Никита Романович,капитан,7,43
Кузнецов Максим Михайлович,лейтенант,4,55
Соколов Никита Александрович,прапорщик,1,51
Иванов Юрий Михайлович,капитан,4,23
Смирнов Матвей Олегович,майор,11,21
Степанов Виктор Викторович,полковник,2,44
Сидоров Дмитрий Кириллович,полковник,2,29
Никитин Максим Юрьевич,лейтенант,2,32
Михайлов Александр Романович,капитан,4,21
Семёнов Алексей Сергеевич,прапорщик,2,53
Орлов Константин Андреевич,рядовой,6,42
Егоров Кирилл Юрьевич,прапорщик,8,21
Семёнов Денис Павлович,рядовой,12,29
Захаров Степан Андреевич,полковник,12,39
Иванов Михаил Викторович,прапорщик,12,24
Макаров Илья Михайлович,полковник,4,24
Борисов Степан Романович,лейтенант,1,28
Новиков Илья Ильич,полковник,12,36
Сидоров Андрей Павлович,полковник,9,31
Яковлев Юрий Романович,сержант,10,41
Захаров Матвей Михайлович,майор,7,40
Морозов Максим Павлович,полковник,2,26
Семёнов Михаил Кириллович,майор,9,53
Михайлов Кирилл Кириллович,полковник,12,32
Смирнов Матвей Михайлович,прапорщик,7,56
Зайцев Кирилл Алексеевич,сержант,12,39
Иванов Евгений Павлович,прапорщик,1,21
Андреев Никита Юрьевич,рядовой,10,51
Зайцев Никита Никитич,рядовой,12,53
Никитин Степан Романович,капитан,2,43
Михайлов Сергей Алексеевич,майор,5,19
Кузнецов Матвей Романович,сержант,11,45
Орлов Никита Иванович,прапорщик,7,39
Зайцев Артём Юрьевич,полковник,4,60
Андреев Константин Алексеевич,прапорщик,12,25
Алексеев Михаил Юрьевич,майор,4,47
Смирнов Никита Юрьевич,сержант,5,40
Попов Никита Юрьевич,лейтенант,3,39
Новиков Евгений Дмитриевич,рядовой,2,23
Орлов Егор Олегович,лейтенант,6,40
Борисов Максим Максимович,прапорщик,4,55
Сидоров Илья Павлович,полковник,11,24
Смирнов Илья Павлович,капитан,6,46
Кузнецов Алексей Дмитриевич,капитан,6,39
Соловьёв Артём Сергеевич,сержант,11,36
Андреев Виктор Михайлович,сержант,3,47
Павлов Виктор Олегович,майор,6,21
Никитин Матвей Сергеевич,лейтенант,8,43
Макаров Степан Викторович,прапорщик,10,51
Петров Павел Ильич,прапорщик,10,24
Алексеев Дмитрий Юрьевич,капитан,10,51
Кочергин Константин Олегович,капитан,9,26
Захаров Матвей Сергеевич,майор,11,44
Николаев Сергей Викторович,прапорщик,7,20
Петров Денис Олегович,прапорщик,11,18
Соколов Степан Алексеевич,капитан,3,47
Иванов Артём Никитич,рядовой,12,50
Васильев Степан Александрович,лейтенант,7,30
Новиков Олег Дмитриевич,капитан,10,43
Яковлев Константин Кириллович,полковник,7,51
Морозов Алексей Сергеевич,прапорщик,1,57
Иванов Михаил Юрьевич,сержант,7,60
Никитин Константин Павлович,полковник,8,58
Кочергин Дмитрий Максимович,полковник,4,24
Степанов Олег Никитич,майор,3,23
Николаев Дмитрий Сергеевич,полковник,7,28
Андреев Алексей Михайлович,прапорщик,2,42
Семёнов Матвей Павлович,капитан,1,46
Степанов Никита Юрьевич,лейтенант,4,25
Фёдоров Дмитрий Романович,прапорщик,9,51
Новиков Илья Олегович,прапорщик,9,27
Зайцев Никита Кириллович,сержант,7,48
Соловьёв Дмитрий Олегович,капитан,11,49
Кузнецов Максим Александрович,майор,4,34
Макаров Алексей Викторович,прапорщик,7,58
Васильев Олег Викторович,рядовой,7,19
Михайлов Степан Сергеевич,майор,3,32
Попов Никита Кириллович,лейтенант,10,49
Орлов Илья Алексеевич,рядовой,2,54
Михайлов Денис Михайлович,прапорщик,5,24
Морозов Илья Никитич,прапорщик,5,34
Борисов Юрий Максимович,капитан,2,59
Новиков Роман Викторович,капитан,3,21
Морозов Андрей Дмитриевич,майор,1,24
Никитин Юрий Никитич,майор,10,60
Смирнов Никита Павлович,лейтенант,8,57
Соколов Роман Кириллович,сержант,2,35
Николаев Никита Сергеевич,полковник,9,53
Михайлов Степан Алексеевич,майор,6,46
Егоров Роман Александрович,сержант,11,26
Макаров Дмитрий Кириллович,рядовой,8,24
Фёдоров Александр Сергеевич,полковник,11,37
Соколов Денис Андреевич,полковник,3,20
Егоров Никита Никитич,полковник,5,32
Николаев Степан Дмитриевич,лейтенант,12,26
Семёнов Дмитрий Романович,лейтенант,6,51
Борисов Матвей Дмитриевич,прапорщик,5,47
Смирнов Юрий Викторович,рядовой,11,36
Зайцев Константин Максимович,прапорщик,4,41
Захаров Иван Олегович,майор,9,49
Соловьёв Иван Павлович,прапорщик,6,34
Михайлов Павел Ильич,прапорщик,3,57
Степанов Андрей Юрьевич,майор,7,34
Васильев Алексей Сергеевич,сержант,4,57
Смирнов Никита Юрьевич,капитан,4,46
Козлов Константин Никитич,сержант,10,34
Кочергин Илья Максимович,капитан,5,51
Борисов Андрей Дмитриевич,прапорщик,11,34
Михайлов Егор Юрьевич,сержант,7,28
Алексеев Евгений Сергеевич,рядовой,12,56
Андреев Никита Александрович,сержант,5,37
Макаров Михаил Олегович,майор,2,37
Морозов Роман Никитич,капитан,11,59
Яковлев Егор Дмитриевич,прапорщик,9,57
Фёдоров Александр Кириллович,майор,5,33
Егоров Илья Михайлович,полковник,9,41
Павлов Константин Максимович,капитан,1,18
Петров Константин Ильич,сержант,10,50
Яковлев Константин Алексеевич,лейтенант,6,28
Попов Илья Викторович,рядовой,1,25
Степанов Максим Викторович,майор,1,58
Павлов Матвей Павлович,рядовой,3,53
Иванов Роман Александрович,майор,11,20
Кузнецов Александр Алексеевич,прапорщик,1,46
Васильев Виктор Олегович,прапорщик,7,36
Андреев Виктор Алексеевич,рядовой,5,34
Егоров Виктор Никитич,майор,10,41
Морозов Олег Андреевич,майор,10,30
Петров Никита Олегович,полковник,3,27
Смирнов Матвей Кириллович,прапорщик,1,40
Козлов Денис Никитич,лейтенант,1,39
Иванов Дмитрий Максимович,рядовой,10,56
Павлов Сергей Сергеевич,прапорщик,9,21
Новиков Никита Максимович,капитан,5,33
Семёнов Дмитрий Михайлович,сержант,2,23
Морозов Степан Кириллович,майор,3,56
Петров Кирилл Дмитриевич,лейтенант,2,33
Соколов Роман Павлович,сержант,3,46
Смирнов Егор Максимович,полковник,7,29
Сидоров Михаил Юрьевич,полковник,8,38
Михайлов Дмитрий Юрьевич,майор,6,27
Макаров Павел Иванович,капитан,3,44
Соколов Виктор Иванович,полковник,6,28
Фёдоров Павел Александрович,лейтенант,4,45
Степанов Иван Павлович,рядовой,7,27
Васильев Олег Александрович,майор,3,28
Морозов Евгений Максимович,рядовой,6,51
Лебедев Никита Павлович,сержант,1,59
Соколов Дмитрий Никитич,рядовой,10,35
Лебедев Александр Иванович,сержант,11,52
Соловьёв Степан Михайлович,лейтенант,3,45
Макаров Максим Викторович,полковник,4,50
Васильев Павел Павлович,майор,5,59
Павлов Виктор Викторович,полковник,10,42
Васильев Павел Иванович,сержант,2,42
Соколов Никита Алексеевич,сержант,7,35
Соколов Иван Александрович,капитан,12,52
Новиков Максим Ильич,рядовой,12,39
Васильев Михаил Ильич,рядовой,11,30
Орлов Егор Никитич,прапорщик,11,54
Макаров Денис Ильич,капитан,4,57
Новиков Денис Андреевич,капитан,5,47
Сидоров Андрей Сергеевич,рядовой,7,43
Морозов Степан Романович,рядовой,3,42
Никитин Юрий Дмитриевич,лейтенант,6,44
Зайцев Никита Никитич,сержант,10,48
Сидоров Максим Ильич,прапорщик,11,39
Никитин Павел Олегович,лейтенант,4,44
Андреев Роман Романович,капитан,8,26
Яковлев Артём Андреевич,капитан,6,29
Сидоров Александр Дмитриевич,полковник,8,52
Смирнов Олег Андреевич,капитан,9,49
Петров Максим Дмитриевич,капитан,1,43
Николаев Виктор Олегович,сержант,3,19
Павлов Кирилл Кириллович,рядовой,5,18
Андреев Илья Павлович,капитан,1,42
Егоров Денис Павлович,майор,10,54
Сидоров Матвей Сергеевич,сержант,5,33
Новиков Константин Иванович,сержант,11,54
Степанов Александр Михайлович,лейтенант,8,48
Макаров Максим Иванович,рядовой,10,31
Лебедев Степан Павлович,капитан,11,22
Борисов Евгений Ильич,капитан,11,41
Степанов Степан Александрович,сержант,2,51
Морозов Дмитрий Михайлович,майор,8,35
Захаров Юрий Павлович,капитан,3,37
Васильев Степан Кириллович,лейтенант,9,49
Алексеев Евгений Олегович,сержант,2,45
Морозов Павел Михайлович,капитан,9,51
Орлов Илья Романович,лейтенант,7,47
Соколов Константин Андреевич,полковник,11,38
Лебедев Олег Никитич,майор,9,22
Егоров Максим Романович,рядовой,8,49
Кочергин Виктор Дмитриевич,полковник,12,21
Зайцев Евгений Михайлович,майор,7,31
Орлов Александр Иванович,капитан,6,31
Смирнов Сергей Иванович,лейтенант,4,58
Лебедев Павел Михайлович,капитан,11,59
Николаев Денис Михайлович,прапорщик,1,29
Макаров Никита Юрьевич,прапорщик,4,52
Алексеев Никита Ильич,капитан,11,18
Фёдоров Артём Романович,рядовой,8,53
Макаров Никита Михайлович,майор,6,58
Сидоров Михаил Сергеевич,капитан,7,42
Смирнов Алексей Александрович,рядовой,12,26
Фёдоров Роман Иванович,сержант,1,20
Новиков Павел Алексеевич,полковник,4,33
Борисов Иван Максимович,сержант,5,28
Захаров Степан Никитич,прапорщик,6,33
Павлов Сергей Романович,прапорщик,12,44
Захаров Денис Иванович,лейтенант,7,48
Кузнецов Юрий Максимович,капитан,11,40
Морозов Матвей Дмитриевич,майор,4,51
Соколов Алексей Алексеевич,капитан,3,45
Алексеев Степан Сергеевич,лейтенант,4,26
Смирнов Алексей Михайлович,лейтенант,2,35
Николаев Павел Олегович,прапорщик,12,44
Орлов Виктор Андреевич,полковник,11,57
Иванов Роман Романович,полковник,9,23
Алексеев Константин Романович,полковник,8,38
Макаров Михаил Ильич,сержант,11,33
Михайлов Сергей Викторович,прапорщик,10,50
Кочергин Виктор Андреевич,прапорщик,9,44
Зайцев Степан Алексеевич,лейтенант,3,20
Петров Юрий Викторович,капитан,12,44
Орлов Константин Юрьевич,полковник,3,24
Козлов Максим Никитич,капитан,10,46
Михайлов Степан Сергеевич,рядовой,6,24
Семёнов Дмитрий Андреевич,прапорщик,2,36
Никитин Дмитрий Александрович,лейтенант,4,41
Степанов Константин Никитич,лейтенант,6,22
Соколов Андрей Кириллович,капитан,11,21
Никитин Андрей Сергеевич,капитан,12,53
Макаров Алексей Александрович,капитан,10,24
Борисов Павел Михайлович,лейтенант,10,26
Лебедев Максим Викторович,майор,10,58
Лебедев Кирилл Алексеевич,прапорщик,5,55
Иванов Роман Михайлович,полковник,12,20
Соколов Никита Никитич,прапорщик,5,52
Попов Юрий Алексеевич,капитан,3,37
Семёнов Александр Юрьевич,лейтенант,5,35
Макаров Виктор Максимович,прапорщик,9,20
Егоров Роман Михайлович,сержант,9,30
Макаров Максим Викторович,майор,12,36
Попов Андрей Романович,полковник,2,43
Семёнов Виктор Иванович,майор,6,32
Соколов Дмитрий Михайлович,прапорщик,3,52
Павлов Степан Романович,капитан,2,40
Павлов Александр Павлович,капитан,7,55
Павлов Матвей Сергеевич,полковник,10,18
Соловьёв Денис Максимович,рядовой,8,43
Яковлев Евгений Иванович,прапорщик,9,32
Кузнецов Степан Максимович,капитан,9,26
Захаров Артём Алексеевич,майор,4,39
Петров Матвей Никитич,сержант,5,38
Егоров Андрей Павлович,майор,2,18
Смирнов Евгений Дмитриевич,лейтенант,3,46
Смирнов Сергей Алексеевич,сержант,4,21
Степанов Михаил Никитич,капитан,4,28
Николаев Степан Максимович,майор,4,58
Иванов Олег Ильич,капитан,4,22
Зайцев Олег Никитич,полковник,12,60
Новиков Степан Андреевич,майор,7,55
Кочергин Дмитрий Алексеевич,лейтенант,6,38
Соколов Степан Романович,полковник,6,56
Лебедев Алексей Андреевич,рядовой,11,21
Андреев Константин Иванович,сержант,2,49
Лебедев Константин Викторович,майор,2,53
Петров Степан Сергеевич,сержант,11,59
Борисов Константин Дмитриевич,капитан,10,30
Николаев Сергей Иванович,рядовой,11,25
Орлов Юрий Павлович,лейтенант,6,32
Орлов Матвей Ильич,прапорщик,10,45
Алексеев Павел Андреевич,капитан,4,26
Васильев Максим Михайлович,майор,12,59
Петров Александр Андреевич,майор,1,37
Смирнов Роман Александрович,майор,11,55
Михайлов Юрий Олегович,прапорщик,4,42
Сидоров Михаил Викторович,лейтенант,6,23
Михайлов Артём Александрович,сержант,5,60
Михайлов Кирилл Романович,майор,1,40
Соловьёв Юрий Андреевич,майор,7,48
Соловьёв Кирилл Андреевич,капитан,7,52
Николаев Егор Максимович,прапорщик,10,54
Козлов Денис Максимович,рядовой,10,54
Петров Андрей Алексеевич,лейтенант,4,25
Кочергин Иван Никитич,капитан,6,25
Егоров Евгений Павлович,капитан,11,60
Новиков Егор Александрович,лейтенант,12,42
Яковлев Егор Дмитриевич,полковник,6,28
Яковлев Степан Иванович,полковник,5,32
Орлов Максим Кириллович,сержант,4,27
Никитин Михаил Иванович,лейтенант,3,28
Яковлев Алексей Павлович,капитан,12,41
Орлов Алексей Алексеевич,капитан,3,50
Кочергин Дмитрий Ильич,прапорщик,2,27
Сидоров Евгений Юрьевич,лейтенант,12,58
Степанов Матвей Сергеевич,рядовой,2,18
Новиков Михаил Андреевич,лейтенант,10,47
Павлов Максим Иванович,прапорщик,6,18
Николаев Сергей Кириллович,рядовой,5,18
Алексеев Алексей Сергеевич,сержант,12,32
Васильев Андрей Иванович,рядовой,3,31
Козлов Сергей Андреевич,прапорщик,12,45
Макаров Евгений Сергеевич,прапорщик,5,59
Орлов Юрий Никитич,рядовой,7,56
Егоров Михаил Иванович,рядовой,12,37
Иванов Роман Александрович,майор,2,53
Васильев Степан Михайлович,полковник,7,49
Новиков Денис Никитич,майор,2,44
Андреев Илья Алексеевич,полковник,1,53
Козлов Константин Павлович,полковник,11,23
Павлов Матвей Максимович,полковник,4,58
Яковлев Виктор Ильич,лейтенант,9,27
Петров Андрей Андреевич,рядовой,4,36
Алексеев Сергей Иванович,прапорщик,12,54
Соколов Дмитрий Романович,майор,6,47
Сидоров Андрей Павлович,полковник,3,27
Смирнов Матвей Андреевич,рядовой,2,40
Иванов Алексей Викторович,лейтенант,1,31
Алексеев Кирилл Александрович,полковник,4,30
Попов Иван Михайлович,капитан,6,49
Михайлов Кирилл Никитич,полковник,3,44
Фёдоров Никита Олегович,сержант,10,58
Сидоров Артём Ильич,рядовой,12,47
Фёдоров Егор Викторович,полковник,5,32
Зайцев Дмитрий Андреевич,лейтенант,9,24
Соловьёв Матвей Романович,капитан,12,21
Фёдоров Матвей Олегович,сержант,3,29
Андреев Олег Романович,сержант,2,18
Макаров Константин Павлович,лейтенант,1,44
Лебедев Кирилл Иванович,майор,6,34
Иванов Евгений Ильич,прапорщик,4,56
Сидоров Кирилл Кириллович,полковник,2,44
Васильев Иван Сергеевич,лейтенант,3,60
Кочергин Алексей Павлович,полковник,7,54
Кузнецов Юрий Михайлович,сержант,5,46
Васильев Евгений Александрович,майор,12,29
Петров Виктор Юрьевич,рядовой,10,27
Михайлов Павел Павлович,майор,3,36
Попов Иван Никитич,прапорщик,2,59
Борисов Андрей Никитич,капитан,7,48
Зайцев Сергей Павлович,сержант,5,58
Степанов Илья Юрьевич,капитан,11,20
Степанов Матвей Никитич,лейтенант,11,26
Николаев Денис Романович,сержант,10,24
Козлов Иван Александрович,рядовой,11,46
Морозов Артём Иванович,прапорщик,8,42
Яковлев Юрий Михайлович,полковник,4,59
Николаев Артём Павлович,капитан,6,20
Сидоров Кирилл Алексеевич,сержант,2,20
Иванов Иван Михайлович,рядовой,4,53
Яковлев Алексей Александрович,прапорщик,3,34
Егоров Юрий Михайлович,прапорщик,6,44
Егоров Александр Викторович,сержант,12,33
Лебедев Сергей Павлович,майор,9,57
Николаев Александр Михайлович,прапорщик,4,59
Кочергин Денис Олегович,прапорщик,9,55
Семёнов Роман Олегович,майор,6,38
Смирнов Максим Романович,полковник,11,42
Васильев Роман Олегович,полковник,12,20
Зайцев Кирилл Иванович,рядовой,7,41
Яковлев Матвей Павлович,майор,9,33
Морозов Сергей Викторович,сержант,4,55
Попов Олег Ильич,сержант,6,56
Борисов Михаил Викторович,сержант,2,37
Фёдоров Кирилл Ильич,лейтенант,1,39
Новиков Роман Максимович,майор,10,46
Андреев Евгений Юрьевич,капитан,12,36
Степанов Михаил Романович,капитан,8,59
Никитин Евгений Юрьевич,рядовой,12,57
Михайлов Денис Викторович,майор,8,55
Новиков Андрей Иванович,сержант,7,30
Степанов Евгений Павлович,сержант,4,25
Орлов Кирилл Андреевич,сержант,5,51
Соловьёв Кирилл Ильич,майор,11,41
Смирнов Роман Андреевич,сержант,6,41
Кочергин Степан Иванович,прапорщик,2,54
Павлов Олег Иванович,прапорщик,7,32
Попов Сергей Романович,майор,7,45
Иванов Егор Кириллович,сержант,7,32
Кочергин Роман Ильич,полковник,1,49
Зайцев Роман Павлович,прапорщик,11,25
Яковлев Иван Александрович,рядовой,3,18
Соловьёв Евгений Дмитриевич,рядовой,10,56
Смирнов Илья Олегович,лейтенант,1,37
Соловьёв Егор Александрович,капитан,10,46
Попов Матвей Михайлович,капитан,7,59
Кочергин Евгений Кириллович,полковник,6,20
Лебедев Константин Юрьевич,сержант,8,49
Борисов Андрей Иванович,рядовой,10,22
Орлов Евгений Олегович,лейтенант,12,18
Зайцев Иван Сергеевич,лейтенант,10,38
Павлов Роман Викторович,лейтенант,11,29
Степанов Алексей Кириллович,лейтенант,2,50
Васильев Алексей Олегович,рядовой,6,46
Попов Евгений Юрьевич,лейтенант,12,45
Петров Роман Юрьевич,майор,3,46
Васильев Кирилл Александрович,сержант,4,31
Кочергин Матвей Юрьевич,прапорщик,11,60
Зайцев Андрей Кириллович,капитан,2,49
Захаров Михаил Михайлович,прапорщик,10,47
Захаров Денис Павлович,капитан,9,20
Михайлов Егор Михайлович,сержант,2,57
Егоров Андрей Михайлович,рядовой,2,25
Михайлов Матвей Олегович,прапорщик,10,55
Яковлев Егор Кириллович,капитан,7,19
Попов Александр Андреевич,капитан,5,52
Павлов Юрий Алексеевич,капитан,9,21
Сидоров Олег Александрович,рядовой,7,49
Козлов Роман Максимович,капитан,4,26
Орлов Юрий Иванович,лейтенант,3,31
Михайлов Максим Максимович,прапорщик,10,55
Иванов Александр Ильич,капитан,4,19
Зайцев Андрей Сергеевич,капитан,1,38
Павлов Евгений Дмитриевич,прапорщик,12,25
Васильев Евгений Александрович,прапорщик,12,31
Лебедев Павел Алексеевич,лейтенант,4,22
Лебедев Сергей Алексеевич,полковник,5,29
Михайлов Дмитрий Павлович,майор,7,59
Степанов Александр Викторович,прапорщик,2,21
Андреев Юрий Михайлович,рядовой,11,56
Борисов Егор Сергеевич,рядовой,1,38
Андреев Павел Никитич,капитан,2,21
Макаров Михаил Романович,рядовой,9,58
Семёнов Олег Сергеевич,прапорщик,12,57
Соловьёв Олег Дмитриевич,лейтенант,8,55
Орлов Егор Сергеевич,майор,11,55
Андреев Алексей Ильич,майор,11,25
Кузнецов Артём Андреевич,лейтенант,10,38
Фёдоров Максим Дмитриевич,сержант,6,32
Сидоров Михаил Алексеевич,полковник,2,33
Кузнецов Виктор Романович,сержант,9,29
Андреев Иван Иванович,лейтенант,8,52
Егоров Александр Андреевич,прапорщик,6,32
Морозов Олег Романович,майор,3,32
Сидоров Константин Кириллович,лейтенант,3,41
Андреев Артём Романович,рядовой,3,40
Захаров Степан Олегович,майор,1,35
Борисов Денис Юрьевич,капитан,9,27
Егоров Матвей Юрьевич,лейтенант,12,47
Соловьёв Юрий Михайлович,майор,12,38
Захаров Егор Павлович,прапорщик,2,53
Соловьёв Юрий Александрович,капитан,4,38
Борисов Никита Викторович,лейтенант,6,59
Павлов Дмитрий Дмитриевич,полковник,2,37
Николаев Олег Кириллович,сержант,7,31
Семёнов Олег Никитич,сержант,10,38
Павлов Александр Александрович,капитан,3,27
Лебедев Артём Дмитриевич,сержант,7,56
Васильев Степан Максимович,лейтенант,2,52
Захаров Евгений Алексеевич,прапорщик,6,54
Николаев Иван Михайлович,сержант,11,23
Захаров Матвей Максимович,сержант,12,42
Алексеев Никита Андреевич,капитан,6,56
Николаев Павел Олегович,майор,1,23
Васильев Кирилл Дмитриевич,рядовой,1,36
Соловьёв Максим Андреевич,полковник,3,29
Семёнов Максим Кириллович,полковник,8,41
Никитин Павел Александрович,сержант,9,29
Павлов Егор Никитич,лейтенант,3,19
Соколов Роман Михайлович,сержант,1,45
Семёнов Виктор Юрьевич,майор,12,18
Новиков Александр Максимович,сержант,12,57
Егоров Максим Викторович,прапорщик,4,47
Орлов Андрей Романович,лейтенант,10,47
Петров Михаил Романович,прапорщик,10,32
Орлов Александр Романович,капитан,1,21
Петров Виктор Олегович,сержант,8,36
Новиков Артём Викторович,прапорщик,12,37
Борисов Юрий Дмитриевич,рядовой,11,32
Кочергин Максим Дмитриевич,капитан,5,42
Зайцев Степан Алексеевич,полковник,6,32
Алексеев Егор Олегович,рядовой,6,60
Козлов Михаил Иванович,лейтенант,7,41
Макаров Никита Максимович,полковник,3,47
Семёнов Роман Александрович,прапорщик,1,48
Кочергин Никита Кириллович,лейтенант,8,59
Орлов Александр Викторович,рядовой,7,54
Борисов Илья Максимович,лейтенант,3,27
Егоров Роман Викторович,сержант,1,21
Кочергин Артём Романович,прапорщик,4,19
Сидоров Сергей Сергеевич,капитан,1,18
Семёнов Илья Викторович,полковник,3,30
Захаров Константин Максимович,рядовой,10,21
Егоров Сергей Викторович,прапорщик,4,24
Зайцев Михаил Сергеевич,майор,7,47
Семёнов Сергей Павлович,прапорщик,7,51
Морозов Павел Олегович,сержант,10,44
Новиков Юрий Олегович,рядовой,4,30
Петров Алексей Ильич,майор,7,49
Попов Матвей Александрович,прапорщик,2,39
Борисов Кирилл Александрович,лейтенант,1,42
Иванов Михаил Олегович,майор,4,51
Васильев Сергей Максимович,сержант,7,58
Яковлев Никита Никитич,прапорщик,9,52
Кочергин Никита Павлович,капитан,4,48
Николаев Михаил Романович,рядовой,10,22
Никитин Илья Кириллович,капитан,12,19
Алексеев Егор Сергеевич,прапорщик,12,23
Попов Денис Алексеевич,капитан,11,24
Никитин Артём Олегович,сержант,1,32
Васильев Константин Алексеевич,капитан,10,27
Морозов Михаил Алексеевич,прапорщик,3,57
Яковлев Евгений Андреевич,капитан,8,35
Соловьёв Андрей Михайлович,майор,7,18
Сидоров Олег Никитич,капитан,3,38
Яковлев Олег Михайлович,полковник,6,52
Смирнов Егор Алексеевич,прапорщик,6,60
Васильев Павел Романович,сержант,3,36
Соколов Юрий Андреевич,капитан,2,26
Яковлев Евгений Романович,рядовой,1,58
Семёнов Константин Никитич,капитан,12,27
Васильев Егор Ильич,прапорщик,9,31
Макаров Иван Максимович,полковник,5,28
Сидоров Константин Алексеевич,лейтенант,9,57
Николаев Михаил Олегович,рядовой,8,52
Никитин Кирилл Викторович,прапорщик,8,20
Соколов Степан Иванович,лейтенант,7,19
Кочергин Матвей Кириллович,сержант,8,30
Павлов Максим Никитич,рядовой,7,24
Фёдоров Иван Кириллович,лейтенант,6,30
Михайлов Денис Кириллович,майор,5,55
Кочергин Илья Михайлович,полковник,3,23
Петров Константин Кириллович,сержант,2,45
Иванов Иван Ильич,капитан,11,55
Алексеев Олег Павлович,майор,10,33
Павлов Дмитрий Андреевич,майор,6,19
Петров Кирилл Дмитриевич,майор,12,55
Кузнецов Егор Юрьевич,прапорщик,7,18
Николаев Илья Михайлович,капитан,7,24
Николаев Евгений Михайлович,лейтенант,9,39
Петров Виктор Викторович,рядовой,3,42
Васильев Александр Алексеевич,рядовой,9,39
Сидоров Кирилл Алексеевич,рядовой,4,19
Макаров Михаил Михайлович,полковник,9,37
Борисов Егор Иванович,сержант,1,44
Соловьёв Константин Олегович,капитан,3,48
Сидоров Кирилл Александрович,сержант,4,19
Семёнов Дмитрий Павлович,полковник,7,32
Новиков Егор Ильич,лейтенант,8,52
Алексеев Константин Романович,сержант,11,38
Михайлов Олег Дмитриевич,рядовой,10,50
Яковлев Степан Андреевич,рядовой,1,43
Козлов Роман Юрьевич,прапорщик,9,38
Михайлов Александр Юрьевич,майор,11,26
Иванов Сергей Ильич,капитан,4,40
Соловьёв Артём Сергеевич,капитан,12,45
Орлов Александр Олегович,сержант,12,53
Никитин Павел Романович,прапорщик,4,60
Степанов Андрей Викторович,майор,5,56
Кочергин Иван Ильич,рядовой,9,24
Макаров Александр Максимович,прапорщик,1,53
Сидоров Роман Кириллович,лейтенант,9,53
Сидоров Матвей Олегович,лейтенант,5,51
Сидоров Степан Михайлович,сержант,9,36
Лебедев Олег Никитич,прапорщик,12,26
Павлов Денис Алексеевич,сержант,7,47
Иванов Степан Дмитриевич,капитан,12,39
Захаров Максим Никитич,майор,3,21
Степанов Степан Кириллович,лейтенант,7,25
Соколов Роман Максимович,капитан,7,20
Васильев Алексей Романович,прапорщик,9,50
Новиков Матвей Романович,полковник,12,49
Никитин Степан Павлович,майор,10,37
Никитин Дмитрий Алексеевич,лейтенант,9,21
Козлов Артём Михайлович,майор,9,32
Петров Степан Олегович,полковник,5,48
Николаев Роман Максимович,сержант,3,20
Алексеев Никита Романович,капитан,7,50
Сидоров Виктор Александрович,сержант,5,46
Орлов Юрий Викторович,лейтенант,6,36
Егоров Алексей Олегович,майор,11,41
Сидоров Евгений Александрович,лейтенант,3,59
Семёнов Илья Викторович,прапорщик,4,23
Лебедев Матвей Кириллович,полковник,3,28
Яковлев Илья Михайлович,майор,2,46
Морозов Кирилл Олегович,полковник,3,26
Борисов Степан Дмитриевич,рядовой,4,27
Николаев Сергей Кириллович,сержант,9,38
Кузнецов Матвей Михайлович,прапорщик,7,25
Степанов Дмитрий Михайлович,майор,4,47
Новиков Степан Павлович,сержант,9,21
Егоров Виктор Никитич,полковник,2,41
Зайцев Кирилл Павлович,полковник,6,57
Яковлев Константин Алексеевич,лейтенант,8,45
Сидоров Павел Сергеевич,прапорщик,12,25
Орлов Роман Михайлович,прапорщик,4,27
Петров Кирилл Дмитриевич,сержант,4,36
Петров Илья Юрьевич,лейтенант,4,50
Орлов Евгений Ильич,прапорщик,7,60
Андреев Сергей Андреевич,рядовой,4,35
Сидоров Степан Олегович,лейтенант,9,41
Кузнецов Никита Юрьевич,сержант,11,33
Семёнов Степан Викторович,лейтенант,7,18
Новиков Матвей Михайлович,сержант,4,52
Андреев Юрий Романович,полковник,9,20
Васильев Степан Кириллович,майор,8,35
Морозов Олег Михайлович,капитан,9,59
Борисов Роман Иванович,сержант,7,34
Борисов Евгений Максимович,прапорщик,5,33
Кузнецов Дмитрий Викторович,полковник,1,40
Орлов Александр Максимович,капитан,5,18
Яковлев Павел Михайлович,майор,9,27
Андреев Денис Юрьевич,капитан,2,49
Семёнов Павел Кириллович,рядовой,6,20
Фёдоров Максим Ильич,рядовой,5,30
Соколов Алексей Романович,рядовой,6,59
Соловьёв Максим Олегович,лейтенант,10,26
Козлов Алексей Михайлович,сержант,8,24
Кочергин Олег Максимович,рядовой,9,51
Степанов Виктор Романович,полковник,3,21
Морозов Евгений Павлович,прапорщик,12,53
Степанов Олег Павлович,лейтенант,8,27
Павлов Сергей Павлович,сержант,11,51
Васильев Роман Олегович,прапорщик,6,39
Николаев Олег Юрьевич,майор,1,44
Борисов Иван Сергеевич,капитан,8,52
Козлов Павел Алексеевич,полковник,10,36
Никитин Олег Андреевич,полковник,11,20
Зайцев Илья Павлович,капитан,11,45
Зайцев Евгений Романович,рядовой,8,39
Попов Андрей Викторович,капитан,7,34
Михайлов Степан Дмитриевич,прапорщик,4,59
Яковлев Кирилл Максимович,прапорщик,1,22
Егоров Юрий Михайлович,прапорщик,1,59
Павлов Виктор Викторович,рядовой,5,37
Васильев Иван Сергеевич,рядовой,8,32
Морозов Олег Ильич,сержант,12,54
Захаров Дмитрий Юрьевич,капитан,1,59
Иванов Матвей Кириллович,майор,5,48
Лебедев Дмитрий Ильич,полковник,9,53
Фёдоров Виктор Ильич,капитан,8,39
Зайцев Никита Иванович,капитан,2,21
Фёдоров Илья Викторович,полковник,6,60
Морозов Роман Михайлович,прапорщик,1,47
Соколов Никита Иванович,капитан,10,41
Попов Михаил Андреевич,майор,7,60
Зайцев Иван Алексеевич,майор,10,40
Соловьёв Кирилл Сергеевич,майор,5,34
Никитин Павел Андреевич,капитан,8,36
Васильев Константин Кириллович,рядовой,4,36
Кочергин Матвей Кириллович,лейтенант,1,52
Морозов Евгений Никитич,капитан,2,28
Смирнов Юрий Ильич,сержант,10,20
Морозов Константин Сергеевич,сержант,8,50
Кузнецов Иван Никитич,капитан,10,26
Никитин Евгений Олегович,лейтенант,5,35
Орлов Виктор Никитич,полковник,3,55
Лебедев Роман Викторович,рядовой,1,37
Новиков Роман Кириллович,лейтенант,1,58
Захаров Константин Олегович,майор,6,27
Фёдоров Олег Кириллович,лейтенант,9,30
Орлов Михаил Сергеевич,капитан,5,21
Зайцев Павел Андреевич,сержант,8,48
Михайлов Константин Андреевич,сержант,11,27
Степанов Андрей Павлович,лейтенант,5,20
Попов Михаил Андреевич,лейтенант,3,58
Кузнецов Павел Александрович,капитан,5,59
Соколов Максим Романович,рядовой,9,53
Николаев Матвей Алексеевич,майор,5,31
Морозов Алексей Иванович,рядовой,12,47
Орлов Сергей Сергеевич,капитан,6,56
Семёнов Роман Александрович,рядовой,3,46
Новиков Егор Романович,рядовой,5,23
Зайцев Юрий Александрович,сержант,5,22
Андреев Кирилл Олегович,полковник,7,26
Егоров Артём Никитич,сержант,3,23
Николаев Михаил Максимович,сержант,1,37
Фёдоров Роман Иванович,сержант,4,31
Кузнецов Иван Никитич,прапорщик,2,52
Фёдоров Егор Павлович,рядовой,5,45
Смирнов Олег Романович,майор,7,57
Васильев Юрий Иванович,сержант,4,27
Зайцев Константин Максимович,капитан,2,54
Сидоров Алексей Андреевич,капитан,10,50
Андреев Кирилл Олегович,сержант,5,25
Алексеев Максим Александрович,сержант,1,35
Петров Павел Иванович,рядовой,1,42
Кочергин Сергей Ильич,лейтенант,8,41
Степанов Иван Михайлович,прапорщик,7,59
Васильев Матвей Алексеевич,прапорщик,5,55
Смирнов Виктор Кириллович,сержант,5,39
Макаров Матвей Сергеевич,капитан,4,39
Кузнецов Егор Олегович,полковник,10,40
Морозов Алексей Павлович,майор,1,47
Смирнов Егор Сергеевич,капитан,6,22
Алексеев Александр Олегович,полковник,8,18
Кузнецов Илья Михайлович,капитан,11,22
Никитин Олег Ильич,лейтенант,6,41
Егоров Егор Алексеевич,прапорщик,11,21
Лебедев Иван Иванович,прапорщик,1,31
Козлов Илья Никитич,сержант,5,35
Николаев Алексей Михайлович,лейтенант,2,42
Сидоров Павел Ильич,прапорщик,10,59
Захаров Сергей Алексеевич,прапорщик,4,23
Андреев Константин Алексеевич,полковник,5,34
Никитин Михаил Павлович,рядовой,8,21
Павлов Павел Александрович,сержант,12,19
Фёдоров Денис Викторович,капитан,11,52
Захаров Андрей Сергеевич,майор,11,21
Фёдоров Иван Максимович,лейтенант,9,42
Алексеев Егор Максимович,прапорщик,2,31
Андреев Виктор Сергеевич,полковник,4,50
Козлов Михаил Кириллович,полковник,4,27
Орлов Сергей Дмитриевич,майор,3,35
Семёнов Егор Павлович,рядовой,8,36
Васильев Роман Сергеевич,майор,6,28
Фёдоров Евгений Юрьевич,рядовой,4,58
Соловьёв Евгений Викторович,майор,12,38
Фёдоров Юрий Романович,лейтенант,2,29
Попов Матвей Кириллович,сержант,4,25
Иванов Юрий Александрович,майор,3,35
Фёдоров Артём Дмитриевич,рядовой,5,19
Орлов Кирилл Романович,рядовой,1,23
Иванов Егор Александрович,рядовой,7,44
Кочергин Михаил Викторович,капитан,10,38
Николаев Максим Александрович,лейтенант,2,36
Андреев Егор Олегович,прапорщик,2,35
Семёнов Кирилл Олегович,прапорщик,9,52
Фёдоров Кирилл Александрович,капитан,5,45
Егоров Максим Михайлович,полковник,7,60
Алексеев Артём Максимович,лейтенант,2,40
Макаров Степан Ильич,капитан,5,30
Кузнецов Матвей Олегович,лейтенант,3,25
Степанов Иван Александрович,капитан,3,46
Никитин Матвей Павлович,полковник,1,52
Никитин Иван Сергеевич,майор,11,46
Семёнов Павел Романович,прапорщик,1,54
Соловьёв Денис Кириллович,капитан,11,44
Орлов Сергей Максимович,капитан,2,57
Михайлов Виктор Александрович,рядовой,6,24
Павлов Артём Максимович,лейтенант,9,45
Кочергин Никита Андреевич,майор,7,33
Лебедев Никита Юрьевич,лейтенант,11,37
Никитин Егор Максимович,капитан,11,43
Павлов Павел Юрьевич,рядовой,10,29
Кузнецов Дмитрий Михайлович,полковник,5,25
Васильев Андрей Иванович,лейтенант,2,19
Степанов Денис Михайлович,полковник,3,27
Зайцев Сергей Никитич,лейтенант,2,53
Никитин Дмитрий Сергеевич,полковник,1,41
Егоров Юрий Никитич,капитан,7,30
Фёдоров Александр Ильич,сержант,7,37
Зайцев Дмитрий Павлович,рядовой,11,31
Борисов Денис Сергеевич,рядовой,3,29
Морозов Егор Андреевич,полковник,9,46
Борисов Артём Александрович,майор,9,22
Орлов Сергей Павлович,капитан,2,43
Павлов Евгений Андреевич,капитан,9,53
Зайцев Максим Павлович,капитан,3,53
Алексеев Дмитрий Сергеевич,лейтенант,9,30
Лебедев Максим Алексеевич,майор,12,33
Петров Степан Никитич,полковник,8,47
Соловьёв Егор Андреевич,майор,3,50
Макаров Сергей Романович,прапорщик,5,34
Семёнов Михаил Алексеевич,лейтенант,9,23
Михайлов Иван Максимович,рядовой,3,41
Борисов Роман Сергеевич,полковник,7,24
Попов Кирилл Кириллович,прапорщик,7,31
Макаров Илья Сергеевич,майор,5,60
Лебедев Михаил Олегович,майор,11,34
Борисов Артём Викторович,капитан,5,34
Сидоров Матвей Олегович,лейтенант,1,36
Орлов Артём Викторович,полковник,3,21
Семёнов Константин Викторович,капитан,5,34
Кочергин Юрий Никитич,полковник,5,43
Петров Максим Никитич,рядовой,4,41
Семёнов Андрей Александрович,рядовой,1,36
Егоров Павел Максимович,рядовой,5,60
Фёдоров Кирилл Романович,лейтенант,6,28
Сидоров Константин Викторович,лейтенант,6,43
Иванов Дмитрий Никитич,капитан,7,54
Захаров Матвей Павлович,лейтенант,4,27
Алексеев Никита Дмитриевич,майор,12,54
Алексеев Виктор Максимович,рядовой,8,48
Никитин Сергей Алексеевич,прапорщик,1,34
Сидоров Кирилл Иванович,капитан,4,25
Васильев Максим Викторович,лейтенант,1,49
Никитин Максим Михайлович,полковник,9,60
Козлов Михаил Максимович,рядовой,2,27
Андреев Иван Кириллович,рядовой,2,45
Кочергин Артём Кириллович,полковник,2,31
Сидоров Сергей Михайлович,капитан,3,55
Сидоров Никита Олегович,майор,9,49
Семёнов Юрий Иванович,полковник,4,40
Орлов Артём Алексеевич,полковник,2,25
Николаев Юрий Иванович,прапорщик,11,44
Зайцев Павел Александрович,рядовой,8,30
Николаев Сергей Дмитриевич,сержант,3,37
Никитин Илья Юрьевич,сержант,5,36
Новиков Виктор Сергеевич,полковник,8,50
Соловьёв Илья Кириллович,лейтенант,7,30
Соколов Алексей Никитич,лейтенант,12,43
Васильев Егор Юрьевич,майор,3,23
Смирнов Максим Михайлович,капитан,3,51
Морозов Александр Юрьевич,прапорщик,10,31
Алексеев Иван Никитич,капитан,9,22
Новиков Сергей Павлович,прапорщик,5,47
Захаров Никита Павлович,капитан,4,19
Иванов Виктор Андреевич,сержант,3,28
Соловьёв Илья Сергеевич,полковник,8,33
Сидоров Егор Алексеевич,прапорщик,7,23
Морозов Павел Иванович,полковник,9,47
Иванов Максим Алексеевич,майор,1,38
Фёдоров Никита Алексеевич,капитан,4,35
Алексеев Артём Сергеевич,капитан,1,34
Сидоров Сергей Сергеевич,майор,1,18
Иванов Роман Викторович,лейтенант,2,45
Попов Сергей Иванович,майор,10,53
Попов Евгений Сергеевич,полковник,3,41
Морозов Алексей Ильич,рядовой,1,40
Никитин Матвей Алексеевич,капитан,5,37
Никитин Иван Дмитриевич,капитан,3,39
Николаев Максим Иванович,сержант,9,57
Андреев Иван Александрович,майор,9,18
Зайцев Денис Романович,рядовой,12,29
Петров Александр Александрович,лейтенант,3,25
Николаев Дмитрий Алексеевич,лейтенант,7,20
Михайлов Виктор Максимович,прапорщик,7,48
Кузнецов Егор Кириллович,полковник,8,55
Михайлов Андрей Дмитриевич,рядовой,11,28
Зайцев Евгений Михайлович,капитан,12,45
Кузнецов Кирилл Максимович,капитан,1,54
Андреев Сергей Иванович,капитан,8,25
Степанов Иван Алексеевич,сержант,10,18
Соловьёв Никита Олегович,сержант,1,21
Борисов Михаил Никитич,капитан,10,36
Борисов Михаил Дмитриевич,лейтенант,8,20
Борисов Матвей Михайлович,майор,2,39
Захаров Константин Александрович,полковник,2,53
Кочергин Степан Максимович,прапорщик,4,29
Зайцев Егор Александрович,капитан,2,45
Петров Дмитрий Никитич,майор,1,33
Андреев Андрей Викторович,лейтенант,5,39
Соколов Михаил Иванович,прапорщик,5,40
Козлов Александр Павлович,сержант,11,29
Яковлев Алексей Павлович,сержант,5,55
Орлов Сергей Алексеевич,майор,5,45
Морозов Виктор Михайлович,полковник,4,46
Никитин Андрей Сергеевич,капитан,10,30
Сидоров Павел Кириллович,прапорщик,6,38
Новиков Кирилл Сергеевич,сержант,9,52
Яковлев Виктор Кириллович,полковник,3,20
Смирнов Иван Александрович,полковник,2,42
Павлов Иван Романович,лейтенант,2,21
Егоров Никита Дмитриевич,полковник,3,21
Соколов Максим Максимович,лейтенант,12,25
Козлов Андрей Юрьевич,лейтенант,7,56
Андреев Алексей Дмитриевич,рядовой,5,39
Егоров Никита Михайлович,сержант,9,51
Морозов Алексей Олегович,лейтенант,12,57
Соколов Кирилл Олегович,прапорщик,3,37
Макаров Александр Ильич,капитан,8,20
Соловьёв Кирилл Ильич,рядовой,12,56
Иванов Александр Максимович,капитан,2,60
Андреев Максим Никитич,рядовой,9,26
Яковлев Евгений Андреевич,лейтенант,8,35
Орлов Кирилл Иванович,прапорщик,8,18
Морозов Олег Александрович,прапорщик,2,34
Фёдоров Евгений Павлович,лейтенант,2,41
Сидоров Олег Андреевич,прапорщик,5,22
Павлов Максим Александрович,сержант,1,42
Морозов Артём Михайлович,полковник,6,38
Соловьёв Константин Олегович,лейтенант,1,56
Алексеев Никита Юрьевич,прапорщик,12,37
Фёдоров Андрей Максимович,капитан,6,50
Новиков Павел Дмитриевич,майор,6,26
Семёнов Матвей Ильич,прапорщик,1,51
Иванов Алексей Сергеевич,капитан,6,53
Кочергин Кирилл Павлович,лейтенант,7,42
Новиков Виктор Романович,прапорщик,5,36
Кочергин Роман Олегович,майор,4,46
Николаев Константин Кириллович,майор,9,27
Павлов Денис Александрович,капитан,8,35
Никитин Матвей Дмитриевич,капитан,7,46
Яковлев Сергей Михайлович,лейтенант,6,48
Новиков Андрей Андреевич,прапорщик,4,48
Михайлов Егор Алексеевич,сержант,4,49
Кочергин Илья Олегович,лейтенант,2,48
Морозов Степан Викторович,сержант,7,18
Козлов Илья Юрьевич,сержант,11,26
Кочергин Михаил Кириллович,сержант,2,50
Яковлев Олег Ильич,майор,5,45
Смирнов Дмитрий Викторович,сержант,7,45
Орлов Виктор Викторович,рядовой,5,31
Кочергин Артём Михайлович,рядовой,8,57
Алексеев Александр Иванович,капитан,4,41
Попов Михаил Сергеевич,капитан,2,30
Михайлов Александр Олегович,майор,7,43
Попов Виктор Никитич,рядовой,5,19
Егоров Алексей Андреевич,майор,11,29
Яковлев Александр Максимович,прапорщик,2,45
Попов Олег Викторович,сержант,10,49
Яковлев Александр Алексеевич,полковник,1,20
Иванов Олег Иванович,капитан,4,34
Кочергин Евгений Максимович,капитан,2,39
Кочергин Дмитрий Сергеевич,майор,3,25
Михайлов Евгений Павлович,прапорщик,8,54
Сидоров Алексей Юрьевич,лейтенант,2,37
Яковлев Илья Никитич,прапорщик,11,42
Макаров Денис Сергеевич,капитан,3,33
Петров Степан Никитич,майор,7,50
Семёнов Юрий Павлович,сержант,9,60
Козлов Павел Алексеевич,прапорщик,4,52
Лебедев Сергей Андреевич,полковник,9,18
Макаров Степан Алексеевич,сержант,3,58
Сидоров Егор Андреевич,майор,5,46
Орлов Дмитрий Юрьевич,прапорщик,10,24
Кузнецов Илья Кириллович,прапорщик,8,56
Андреев Константин Ильич,полковник,3,49
Кочергин Иван Романович,полковник,3,21
Яковлев Дмитрий Андреевич,лейтенант,4,39
Соколов Роман Александрович,прапорщик,9,40
Егоров Иван Никитич,сержант,6,18
Павлов Иван Максимович,сержант,5,40
Степанов Роман Никитич,полковник,9,20
Андреев Илья Александрович,капитан,1,43
Егоров Алексей Никитич,майор,11,41
Сидоров Максим Романович,майор,4,32
Сидоров Денис Александрович,прапорщик,2,49
Орлов Иван Иванович,майор,5,27
Захаров Егор Михайлович,рядовой,10,21
Попов Никита Павлович,лейтенант,2,58
Егоров Роман Кириллович,прапорщик,9,40
Борисов Артём Олегович,полковник,9,31
Лебедев Степан Романович,рядовой,12,44
Козлов Никита Романович,рядовой,3,18
Михайлов Илья Алексеевич,сержант,10,56
Захаров Андрей Викторович,капитан,11,47
Васильев Евгений Сергеевич,прапорщик,9,52
Захаров Роман Никитич,прапорщик,8,31
Семёнов Егор Иванович,рядовой,6,32
Павлов Кирилл Викторович,сержант,3,30
Петров Роман Юрьевич,рядовой,8,49
Смирнов Роман Сергеевич,сержант,12,59
Сидоров Илья Кириллович,сержант,10,52
Захаров Константин Олегович,рядовой,8,22
Кузнецов Сергей Сергеевич,майор,9,51
Васильев Александр Михайлович,прапорщик,6,51
Соловьёв Роман Романович,капитан,12,28
Лебедев Михаил Михайлович,полковник,3,40
Фёдоров Артём Максимович,рядовой,11,34
Михайлов Иван Иванович,сержант,6,45
Андреев Никита Сергеевич,прапорщик,7,35
Попов Михаил Иванович,лейтенант,7,38
Николаев Иван Алексеевич,майор,6,43
Яковлев Виктор Сергеевич,полковник,1,57
Кузнецов Матвей Олегович,прапорщик,4,19
Кузнецов Константин Никитич,полковник,9,49
Андреев Михаил Сергеевич,майор,5,54
Егоров Матвей Сергеевич,сержант,9,58
Николаев Денис Никитич,майор,5,44
Захаров Егор Кириллович,рядовой,5,37
Козлов Сергей Иванович,лейтенант,2,54
Захаров Олег Александрович,сержант,11,26
Морозов Алексей Романович,рядовой,1,27
Иванов Павел Дмитриевич,рядовой,6,34
Захаров Виктор Михайлович,полковник,8,35
Васильев Александр Павлович,рядовой,4,46
Кочергин Денис Романович,лейтенант,10,28
Лебедев Денис Ильич,сержант,10,27
Михайлов Павел Кириллович,прапорщик,3,57
Лебедев Олег Александрович,лейтенант,9,28
Орлов Илья Викторович,рядовой,7,46
Павлов Никита Никитич,майор,11,39
Зайцев Матвей Алексеевич,рядовой,11,54
Михайлов Александр Олегович,прапорщик,3,36
Макаров Павел Максимович,рядовой,6,22
Семёнов Михаил Олегович,прапорщик,5,25
Макаров Илья Кириллович,полковник,1,40
Соколов Олег Александрович,рядовой,9,50
Козлов Евгений Максимович,прапорщик,9,31
Михайлов Илья Александрович,майор,7,38
Макаров Алексей Никитич,рядовой,12,49
Семёнов Александр Романович,полковник,7,23
Макаров Евгений Юрьевич,майор,12,41
Павлов Александр Никитич,капитан,10,56
Михайлов Алексей Ильич,рядовой,3,50
Яковлев Юрий Иванович,сержант,2,33
Новиков Матвей Павлович,майор,3,59
Николаев Дмитрий Александрович,полковник,8,29
Попов Матвей Михайлович,капитан,11,40
Попов Андрей Юрьевич,капитан,1,31
Новиков Артём Ильич,полковник,4,35
Павлов Юрий Андреевич,прапорщик,2,36
Андреев Олег Викторович,сержант,8,27
Соколов Виктор Кириллович,капитан,11,45
Соловьёв Илья Дмитриевич,капитан,3,39
Сидоров Юрий Романович,сержант,7,51
Лебедев Виктор Иванович,прапорщик,2,45
Кочергин Павел Викторович,капитан,12,41
Петров Алексей Михайлович,майор,7,18
Фёдоров Александр Кириллович,рядовой,12,53
Алексеев Юрий Александрович,капитан,6,45
Никитин Илья Иванович,капитан,3,52
Смирнов Павел Алексеевич,сержант,7,29
Петров Юрий Романович,рядовой,10,32
Васильев Юрий Максимович,майор,7,47
Сидоров Степан Максимович,майор,9,19
Лебедев Виктор Павлович,полковник,11,45
Степанов Дмитрий Дмитриевич,лейтенант,9,46
Попов Матвей Юрьевич,прапорщик,9,55
Николаев Денис Викторович,полковник,11,37
Морозов Матвей Максимович,майор,2,31
Яковлев Сергей Павлович,прапорщик,6,38
Борисов Сергей Дмитриевич,капитан,7,40
Лебедев Роман Ильич,прапорщик,3,48
Кочергин Юрий Никитич,майор,11,40
Орлов Сергей Александрович,лейтенант,2,20
Кузнецов Сергей Алексеевич,майор,3,48
Козлов Александр Павлович,полковник,6,60
Яковлев Егор Юрьевич,рядовой,10,32
Захаров Дмитрий Павлович,сержант,10,59
Андреев Кирилл Викторович,майор,7,49
Новиков Константин Кириллович,капитан,5,36
Яковлев Роман Иванович,капитан,12,59
Морозов Дмитрий Александрович,прапорщик,12,21
Михайлов Александр Викторович,майор,8,37
Борисов Сергей Викторович,майор,5,60
Лебедев Олег Ильич,майор,2,42
Яковлев Алексей Романович,капитан,5,60
Кузнецов Роман Кириллович,прапорщик,7,42
Васильев Никита Максимович,прапорщик,6,39
Макаров Сергей Максимович,лейтенант,10,42
Козлов Юрий Никитич,майор,11,53
Степанов Павел Викторович,капитан,2,57
Орлов Денис Михайлович,лейтенант,8,26
Павлов Константин Кириллович,майор,12,60
Соколов Иван Ильич,прапорщик,1,34
Новиков Артём Романович,прапорщик,9,23
Яковлев Андрей Максимович,сержант,1,28
Яковлев Никита Иванович,лейтенант,11,37
Степанов Матвей Андреевич,полковник,2,49
Алексеев Матвей Александрович,рядовой,7,54
Борисов Сергей Михайлович,полковник,7,43
Егоров Александр Андреевич,прапорщик,11,46
Петров Егор Ильич,рядовой,10,31
Кузнецов Михаил Алексеевич,лейтенант,3,28
Кузнецов Степан Андреевич,рядовой,9,39
Лебедев Евгений Кириллович,майор,10,38
Андреев Олег Романович,прапорщик,2,58
Яковлев Илья Сергеевич,прапорщик,2,40
Васильев Юрий Александрович,полковник,3,35
Егоров Александр Максимович,прапорщик,4,43
Иванов Иван Андреевич,прапорщик,5,52
Фёдоров Максим Кириллович,лейтенант,11,39
Кузнецов Константин Иванович,прапорщик,3,60
Егоров Артём Иванович,майор,7,27
Орлов Евгений Андреевич,прапорщик,7,49
Михайлов Максим Кириллович,майор,10,58
Павлов Роман Юрьевич,рядовой,11,56
Борисов Артём Дмитриевич,лейтенант,11,57
Яковлев Максим Павлович,сержант,4,25
Борисов Максим Михайлович,майор,10,60
Морозов Матвей Дмитриевич,полковник,7,27
Степанов Андрей Максимович,прапорщик,8,22
Лебедев Константин Романович,сержант,6,25
Попов Роман Павлович,прапорщик,12,32
Соколов Юрий Андреевич,капитан,9,27
Павлов Павел Сергеевич,лейтенант,5,56
Алексеев Михаил Александрович,рядовой,2,57
Алексеев Виктор Романович,полковник,5,60
Михайлов Степан Никитич,майор,2,59
Фёдоров Юрий Викторович,прапорщик,11,46
Сидоров Егор Романович,лейтенант,2,60
Козлов Егор Дмитриевич,лейтенант,5,35
Лебедев Юрий Викторович,прапорщик,9,44
Новиков Алексей Иванович,майор,7,40
Морозов Константин Максимович,лейтенант,4,34
Яковлев Алексей Павлович,полковник,1,25
Алексеев Сергей Дмитриевич,полковник,6,56
Фёдоров Денис Юрьевич,майор,3,41
Петров Михаил Викторович,сержант,4,28
Орлов Павел Дмитриевич,капитан,8,36
Яковлев Александр Олегович,капитан,11,39
Кочергин Илья Юрьевич,рядовой,8,39
Кузнецов Степан Максимович,полковник,3,45
Иванов Роман Викторович,рядовой,3,50
Попов Максим Алексеевич,полковник,12,40
Алексеев Иван Никитич,сержант,2,30
Орлов Степан Михайлович,майор,5,22
Семёнов Артём Викторович,сержант,10,58
Петров Константин Александрович,рядовой,9,53
Соловьёв Александр Алексеевич,майор,7,19
Кузнецов Олег Викторович,полковник,6,22
Фёдоров Андрей Максимович,сержант,3,35
Иванов Роман Михайлович,полковник,6,37
Васильев Сергей Кириллович,прапорщик,10,55
Егоров Артём Алексеевич,рядовой,4,44
Соколов Константин Кириллович,капитан,7,55
Петров Роман Олегович,прапорщик,6,31
Павлов Александр Иванович,рядовой,2,49
Орлов Иван Павлович,капитан,6,25
Николаев Артём Дмитриевич,рядовой,9,30
Смирнов Матвей Павлович,лейтенант,2,33
Соловьёв Юрий Дмитриевич,прапорщик,5,47
Фёдоров Степан Александрович,капитан,11,50
Морозов Артём Александрович,лейтенант,10,56
Иванов Артём Александрович,полковник,8,59
Кузнецов Дмитрий Андреевич,прапорщик,3,44
Козлов Сергей Михайлович,рядовой,10,19
Кочергин Сергей Романович,сержант,8,36
Козлов Александр Романович,майор,10,50
Яковлев Евгений Алексеевич,полковник,12,25
Морозов Илья Романович,лейтенант,3,39
Козлов Сергей Романович,полковник,8,44
Макаров Егор Иванович,полковник,7,57
Семёнов Илья Алексеевич,полковник,3,24
Борисов Павел Ильич,сержант,11,40
Степанов Алексей Александрович,майор,11,44
Павлов Павел Михайлович,майор,5,49
Соловьёв Юрий Викторович,лейтенант,10,40
Иванов Егор Романович,капитан,6,59
Андреев Алексей Олегович,полковник,5,44
Борисов Павел Андреевич,полковник,6,36
Захаров Константин Михайлович,полковник,3,32
Николаев Никита Андреевич,полковник,6,57
Сидоров Артём Сергеевич,полковник,11,21
Козлов Виктор Иванович,майор,8,44
Соловьёв Андрей Сергеевич,рядовой,2,56
Соколов Сергей Максимович,капитан,6,24
Кочергин Сергей Олегович,прапорщик,3,58
Николаев Максим Ильич,прапорщик,1,34
Соловьёв Павел Викторович,рядовой,5,33
Семёнов Илья Викторович,полковник,11,48
Егоров Константин Юрьевич,полковник,7,59
Егоров Никита Викторович,сержант,9,26
Захаров Андрей Михайлович,рядовой,7,58
Новиков Константин Олегович,сержант,12,27
Зайцев Артём Романович,рядовой,3,52
Смирнов Матвей Дмитриевич,лейтенант,10,29
Фёдоров Матвей Олегович,капитан,3,36
Никитин Егор Дмитриевич,полковник,5,26
Соловьёв Евгений Сергеевич,лейтенант,4,44
Фёдоров Денис Олегович,прапорщик,12,37
Егоров Константин Павлович,сержант,1,25
Кузнецов Евгений Андреевич,сержант,9,26
Зайцев Егор Никитич,сержант,7,42
Зайцев Александр Максимович,лейтенант,4,27
Захаров Константин Кириллович,полковник,12,22
Михайлов Дмитрий Романович,сержант,3,45
Борисов Виктор Алексеевич,прапорщик,3,32
Иванов Андрей Романович,сержант,1,39
Андреев Виктор Ильич,прапорщик,3,46
Борисов Алексей Александрович,лейтенант,10,55
Новиков Артём Алексеевич,майор,2,19
Орлов Юрий Никитич,прапорщик,12,49
Соловьёв Юрий Андреевич,полковник,9,40
Соколов Павел Андреевич,полковник,9,32
Сидоров Дмитрий Иванович,капитан,8,46
Яковлев Иван Сергеевич,лейтенант,4,58
Борисов Павел Дмитриевич,лейтенант,3,54
Смирнов Кирилл Алексеевич,лейтенант,7,38
Морозов Константин Юрьевич,сержант,7,36
Попов Матвей Максимович,капитан,1,60
Смирнов Михаил Дмитриевич,майор,1,19
Захаров Павел Никитич,майор,2,45
Соловьёв Алексей Александрович,капитан,3,31
Николаев Степан Никитич,полковник,3,41
Алексеев Юрий Максимович,полковник,10,40
Соловьёв Артём Романович,полковник,3,30
Никитин Максим Ильич,полковник,1,53
Козлов Степан Павлович,майор,6,26
Фёдоров Максим Алексеевич,майор,1,38
Фёдоров Юрий Олегович,капитан,10,59
Михайлов Алексей Михайлович,капитан,6,41
Соловьёв Степан Максимович,лейтенант,8,18
Зайцев Михаил Михайлович,рядовой,3,51
Алексеев Виктор Юрьевич,лейтенант,2,41
Борисов Степан Кириллович,майор,5,53
Сидоров Андрей Павлович,капитан,6,58
Никитин Кирилл Алексеевич,капитан,12,48
Макаров Алексей Алексеевич,лейтенант,8,57
Кузнецов Матвей Александрович,рядовой,4,23
Соколов Матвей Андреевич,капитан,10,41
Попов Артём Кириллович,лейтенант,5,47
Козлов Алексей Дмитриевич,полковник,7,23
Николаев Артём Романович,рядовой,6,47
Кузнецов Михаил Ильич,прапорщик,3,57
Смирнов Кирилл Андреевич,лейтенант,9,37
Лебедев Андрей Павлович,полковник,10,19
Зайцев Евгений Андреевич,лейтенант,9,38
Николаев Константин Викторович,полковник,7,35
Морозов Юрий Павлович,лейтенант,3,48
Андреев Виктор Викторович,полковник,6,40
Соколов Олег Александрович,майор,8,38
Морозов Юрий Никитич,рядовой,6,53
Захаров Роман Алексеевич,рядовой,1,28
Орлов Сергей Викторович,капитан,7,26
Фёдоров Юрий Иванович,рядовой,12,41
Алексеев Илья Олегович,сержант,7,35
Попов Александр Павлович,капитан,7,24
Козлов Алексей Викторович,капитан,6,45
Кузнецов Виктор Никитич,рядовой,8,40
Яковлев Дмитрий Романович,сержант,1,41
Егоров Никита Иванович,сержант,11,46
Соколов Юрий Алексеевич,рядовой,8,28
Алексеев Константин Максимович,сержант,11,22
Борисов Виктор Ильич,рядовой,1,53
Новиков Никита Кириллович,рядовой,12,25
Петров Олег Михайлович,рядовой,3,46
Смирнов Михаил Алексеевич,полковник,7,35
Николаев Степан Павлович,майор,12,56
Яковлев Денис Павлович,лейтенант,3,45
Борисов Константин Александрович,полковник,1,25
Никитин Алексей Иванович,капитан,12,27
Андреев Павел Александрович,полковник,5,48
Степанов Егор Никитич,полковник,3,45
Морозов Евгений Павлович,прапорщик,7,59
Соловьёв Денис Романович,рядовой,11,35
Соколов Андрей Максимович,рядовой,12,36
Михайлов Иван Кириллович,сержант,11,45
Петров Олег Дмитриевич,прапорщик,7,34
Лебедев Иван Максимович,капитан,10,50
Петров Денис Иванович,майор,5,25
Соловьёв Константин Ильич,майор,12,34
Васильев Роман Ильич,лейтенант,11,22
Новиков Павел Романович,лейтенант,9,45
Яковлев Степан Ильич,сержант,4,34
Никитин Сергей Кириллович,прапорщик,11,53
Соловьёв Сергей Романович,капитан,6,36
Лебедев Павел Сергеевич,лейтенант,11,26
Орлов Артём Иванович,майор,8,31
Смирнов Павел Сергеевич,прапорщик,10,36
Никитин Илья Дмитриевич,сержант,5,42
Васильев Денис Кириллович,прапорщик,3,41
Фёдоров Дмитрий Максимович,полковник,3,55
Лебедев Кирилл Павлович,капитан,12,43
Яковлев Олег Александрович,прапорщик,11,35
Алексеев Юрий Михайлович,прапорщик,4,57
Морозов Роман Никитич,капитан,10,37
Михайлов Максим Сергеевич,прапорщик,3,50
Николаев Олег Александрович,майор,10,38
Захаров Илья Иванович,сержант,9,29
Орлов Роман Юрьевич,лейтенант,11,47
Никитин Кирилл Сергеевич,капитан,10,43
Яковлев Олег Максимович,сержант,9,40
Семёнов Виктор Сергеевич,сержант,11,51
Соловьёв Максим Михайлович,прапорщик,3,18
Семёнов Андрей Сергеевич,рядовой,7,18
Орлов Никита Романович,прапорщик,2,58
Козлов Михаил Романович,прапорщик,7,24
Зайцев Степан Юрьевич,сержант,4,33
Михайлов Роман Андреевич,прапорщик,1,56
Николаев Иван Александрович,капитан,8,47
Фёдоров Павел Максимович,прапорщик,2,55
Макаров Матвей Максимович,сержант,10,50
Фёдоров Дмитрий Никитич,лейтенант,9,60
Егоров Максим Алексеевич,майор,2,23
Зайцев Михаил Михайлович,прапорщик,2,23
Павлов Дмитрий Олегович,прапорщик,4,24
Кочергин Илья Викторович,лейтенант,12,25
Кузнецов Роман Ильич,полковник,3,45
Яковлев Сергей Ильич,прапорщик,8,54
Кузнецов Евгений Дмитриевич,майор,1,53
Захаров Алексей Максимович,прапорщик,5,43
Соколов Степан Викторович,сержант,10,44
Морозов Кирилл Кириллович,сержант,9,57
Сидоров Алексей Никитич,капитан,8,56
Кузнецов Дмитрий Иванович,майор,6,45
Яковлев Артём Дмитриевич,капитан,1,24
Степанов Денис Юрьевич,сержант,8,48
Захаров Денис Викторович,сержант,3,44
Петров Олег Юрьевич,сержант,11,59
Никитин Степан Михайлович,лейтенант,5,36
Морозов Дмитрий Викторович,майор,6,60
Фёдоров Олег Кириллович,майор,9,29
Николаев Андрей Алексеевич,сержант,8,48
Степанов Юрий Андреевич,рядовой,11,18
Соловьёв Егор Павлович,сержант,4,29
Козлов Матвей Викторович,рядовой,8,56
Андреев Александр Иванович,лейтенант,5,36
Николаев Степан Дмитриевич,лейтенант,3,51
Козлов Денис Дмитриевич,полковник,11,41
Зайцев Андрей Юрьевич,полковник,12,24
Борисов Павел Максимович,капитан,12,40
Лебедев Виктор Викторович,прапорщик,9,23
Сидоров Андрей Дмитриевич,капитан,6,47
Михайлов Евгений Михайлович,капитан,6,36
Иванов Дмитрий Никитич,полковник,12,52
Захаров Виктор Кириллович,капитан,3,54
Семёнов Виктор Никитич,рядовой,6,52
Сидоров Константин Дмитриевич,полковник,6,19
Макаров Андрей Кириллович,сержант,11,19
Степанов Никита Дмитриевич,полковник,11,40
Кочергин Юрий Юрьевич,рядовой,1,44
Семёнов Виктор Дмитриевич,лейтенант,11,45
Попов Степан Александрович,сержант,3,18
Яковлев Константин Александрович,рядовой,3,21
Борисов Денис Олегович,майор,11,37
Козлов Иван Викторович,прапорщик,10,38
Кузнецов Артём Викторович,капитан,4,19
Семёнов Артём Романович,капитан,6,42
Фёдоров Степан Михайлович,лейтенант,9,54
Захаров Илья Иванович,сержант,9,34
Михайлов Евгений Ильич,сержант,10,25
Новиков Степан Олегович,майор,12,36
Кузнецов Юрий Никитич,прапорщик,3,55
Егоров Кирилл Александрович,полковник,2,58
Семёнов Степан Павлович,прапорщик,5,26
Новиков Олег Ильич,лейтенант,9,18
Михайлов Юрий Сергеевич,полковник,8,22
Николаев Илья Кириллович,лейтенант,2,47
Кузнецов Максим Михайлович,майор,2,31
Зайцев Юрий Александрович,рядовой,5,33
Макаров Кирилл Максимович,капитан,11,18
Соколов Илья Романович,прапорщик,10,58
Петров Роман Павлович,сержант,10,42
Соколов Александр Александрович,полковник,10,37
Сидоров Дмитрий Кириллович,прапорщик,1,52
Захаров Андрей Павлович,прапорщик,11,36
Фёдоров Роман Михайлович,полковник,5,30
Сидоров Андрей Александрович,сержант,4,45
Орлов Роман Кириллович,рядовой,7,28
Козлов Артём Андреевич,рядовой,6,51
Морозов Егор Никитич,лейтенант,12,20
Макаров Артём Романович,рядовой,10,24
Козлов Кирилл Олегович,лейтенант,4,42
Алексеев Константин Кириллович,майор,12,21
Егоров Матвей Александрович,полковник,3,21
Орлов Егор Иванович,майор,11,32
Николаев Иван Никитич,полковник,3,20
Егоров Илья Дмитриевич,капитан,10,42
Яковлев Евгений Олегович,полковник,10,21
Захаров Александр Иванович,майор,9,31
Зайцев Павел Дмитриевич,лейтенант,2,45
Орлов Алексей Дмитриевич,рядовой,6,32
Козлов Евгений Ильич,капитан,2,29
Николаев Денис Юрьевич,капитан,7,23
Иванов Виктор Ильич,лейтенант,2,37
Павлов Максим Ильич,лейтенант,5,37
Семёнов Илья Андреевич,лейтенант,1,26
Сидоров Андрей Дмитриевич,сержант,2,21
Никитин Степан Михайлович,прапорщик,10,25
Егоров Юрий Сергеевич,рядовой,1,37
Алексеев Александр Никитич,майор,5,60
Макаров Сергей Юрьевич,рядовой,12,48
Борисов Максим Сергеевич,майор,10,27
Борисов Артём Никитич,лейтенант,2,34
Яковлев Егор Иванович,лейтенант,8,38
Иванов Максим Юрьевич,капитан,5,50
Борисов Егор Максимович,сержант,4,40
Соловьёв Михаил Викторович,сержант,12,57
Соколов Иван Максимович,майор,10,33
Козлов Алексей Ильич,лейтенант,12,39
Иванов Егор Никитич,капитан,5,41
Орлов Денис Кириллович,сержант,5,53
Орлов Олег Романович,майор,11,38
Попов Дмитрий Романович,майор,8,30
Захаров Андрей Юрьевич,полковник,3,45
Лебедев Алексей Иванович,рядовой,7,29
Николаев Кирилл Александрович,рядовой,7,37
Петров Александр Дмитриевич,прапорщик,6,32
Фёдоров Дмитрий Павлович,капитан,5,18
Соловьёв Михаил Алексеевич,лейтенант,5,19
Борисов Степан Ильич,прапорщик,8,25
Никитин Константин Юрьевич,рядовой,3,25
Никитин Егор Андреевич,полковник,6,44
Алексеев Матвей Ильич,полковник,4,28
Иванов Сергей Алексеевич,майор,2,28
Васильев Александр Андреевич,лейтенант,3,38
Сидоров Дмитрий Андреевич,майор,8,26
Сидоров Денис Михайлович,сержант,7,45
Новиков Денис Дмитриевич,капитан,6,51
Лебедев Кирилл Иванович,сержант,1,41
Степанов Кирилл Михайлович,сержант,3,37
Орлов Михаил Ильич,капитан,10,51
Макаров Никита Алексеевич,майор,6,45
Зайцев Олег Кириллович,полковник,10,44
Иванов Виктор Романович,прапорщик,5,35
Захаров Матвей Иванович,майор,3,27
Новиков Илья Олегович,рядовой,4,40
Павлов Павел Дмитриевич,майор,5,34
Николаев Денис Дмитриевич,майор,9,37
Кузнецов Егор Алексеевич,майор,6,31
Соловьёв Матвей Сергеевич,майор,2,29
Соловьёв Дмитрий Иванович,прапорщик,6,55
Морозов Степан Дмитриевич,рядовой,11,56
Павлов Константин Павлович,сержант,11,55
Морозов Егор Никитич,лейтенант,1,26
Фёдоров Максим Кириллович,сержант,8,22
Макаров Павел Сергеевич,прапорщик,7,50
Андреев Андрей Романович,лейтенант,5,42
Васильев Денис Дмитриевич,рядовой,4,53
Николаев Илья Сергеевич,сержант,3,53
Петров Константин Юрьевич,лейтенант,9,54
Андреев Павел Олегович,полковник,10,21
Иванов Егор Олегович,сержант,4,19
Козлов Максим Викторович,капитан,8,57
Петров Виктор Максимович,рядовой,3,56
Михайлов Сергей Сергеевич,рядовой,11,44
Васильев Константин Юрьевич,майор,7,20
Макаров Евгений Михайлович,полковник,12,18
Кочергин Денис Михайлович,майор,6,27
Захаров Кирилл Ильич,прапорщик,11,57
Васильев Степан Дмитриевич,прапорщик,6,60
Егоров Иван Александрович,лейтенант,10,39
Новиков Степан Максимович,майор,10,45
Павлов Роман Ильич,лейтенант,1,32
Морозов Константин Кириллович,полковник,1,24
Борисов Дмитрий Иванович,полковник,10,43
Васильев Виктор Павлович,лейтенант,7,38
Соколов Виктор Дмитриевич,полковник,12,21
Иванов Олег Дмитриевич,прапорщик,11,33
Семёнов Дмитрий Михайлович,лейтенант,9,41
Петров Константин Никитич,капитан,10,50
Кочергин Павел Олегович,лейтенант,10,27
Павлов Александр Юрьевич,прапорщик,3,30
Степанов Иван Александрович,сержант,4,39
Орлов Виктор Михайлович,сержант,5,57
Никитин Андрей Михайлович,полковник,12,28
Борисов Сергей Сергеевич,капитан,8,22
Борисов Александр Ильич,рядовой,12,55
Борисов Никита Романович,лейтенант,4,46
Андреев Константин Александрович,прапорщик,8,57
Кузнецов Евгений Романович,майор,5,54
Яковлев Андрей Максимович,лейтенант,5,55
Попов Юрий Кириллович,рядовой,1,26
Михайлов Егор Олегович,лейтенант,6,47
Захаров Алексей Александрович,майор,3,55
Борисов Александр Дмитриевич,прапорщик,12,43
Алексеев Дмитрий Алексеевич,полковник,7,51
Иванов Олег Никитич,рядовой,5,26
Егоров Михаил Никитич,рядовой,4,47
Новиков Павел Алексеевич,сержант,1,43
Морозов Максим Ильич,сержант,5,34
Лебедев Сергей Павлович,прапорщик,3,33
Макаров Александр Викторович,капитан,8,30
Козлов Михаил Андреевич,сержант,9,44
Лебедев Александр Михайлович,капитан,3,28
Макаров Евгений Алексеевич,полковник,11,24
Соловьёв Алексей Дмитриевич,майор,12,44
Лебедев Дмитрий Юрьевич,полковник,6,22
Кочергин Иван Сергеевич,полковник,9,24
Соколов Сергей Максимович,рядовой,6,46
Кузнецов Павел Сергеевич,сержант,10,51
Орлов Константин Дмитриевич,рядовой,11,26
Морозов Константин Максимович,рядовой,8,18
Иванов Евгений Юрьевич,сержант,6,24
Зайцев Кирилл Кириллович,капитан,4,58
Орлов Дмитрий Максимович,рядовой,4,45
Степанов Роман Олегович,рядовой,2,60
Николаев Матвей Никитич,сержант,7,50
Андреев Матвей Андреевич,полковник,2,50
Захаров Артём Ильич,рядовой,6,47
Сидоров Илья Павлович,рядовой,11,52
Николаев Александр Иванович,прапорщик,7,19
Морозов Андрей Александрович,сержант,11,40
Степанов Иван Павлович,полковник,4,51
Павлов Павел Олегович,полковник,7,19
Захаров Кирилл Михайлович,майор,2,44
Кузнецов Александр Михайлович,майор,8,42
Егоров Матвей Юрьевич,майор,2,53
Фёдоров Кирилл Олегович,прапорщик,5,53
Смирнов Александр Олегович,сержант,8,51
Васильев Александр Романович,рядовой,12,53
Кузнецов Матвей Кириллович,лейтенант,3,35
Соловьёв Александр Иванович,прапорщик,5,57
Николаев Матвей Викторович,майор,9,51
Никитин Виктор Иванович,капитан,5,48
Соловьёв Александр Романович,прапорщик,5,56
Николаев Иван Романович,майор,9,21
Петров Артём Никитич,майор,2,20
Яковлев Евгений Никитич,лейтенант,3,55
Борисов Александр Романович,майор,5,36
Васильев Степан Михайлович,прапорщик,7,60
Новиков Андрей Викторович,капитан,12,50
Макаров Никита Михайлович,рядовой,9,55
Попов Олег Максимович,сержант,2,24
Лебедев Дмитрий Викторович,сержант,6,60
Степанов Артём Ильич,майор,1,30
Соколов Алексей Михайлович,прапорщик,3,38
Морозов Сергей Кириллович,лейтенант,2,37
Лебедев Егор Кириллович,прапорщик,11,42
Васильев Иван Павлович,майор,10,46
Захаров Константин Александрович,капитан,12,60
Степанов Денис Дмитриевич,лейтенант,3,26
Кочергин Дмитрий Михайлович,майор,1,26
Смирнов Дмитрий Никитич,прапорщик,1,40
Андреев Виктор Иванович,сержант,12,44
Андреев Кирилл Олегович,майор,9,41
Андреев Алексей Ильич,капитан,3,51
Михайлов Степан Максимович,полковник,12,49
Яковлев Константин Алексеевич,лейтенант,4,46
Новиков Алексей Викторович,лейтенант,8,43
Павлов Илья Иванович,рядовой,12,47
Лебедев Матвей Михайлович,майор,9,45
Павлов Роман Никитич,лейтенант,9,60
Козлов Роман Андреевич,прапорщик,6,47
Кочергин Матвей Сергеевич,майор,5,49
Соловьёв Евгений Юрьевич,полковник,8,48
Яковлев Константин Иванович,полковник,8,19
Егоров Кирилл Кириллович,прапорщик,4,48
Алексеев Алексей Андреевич,капитан,9,23
Семёнов Максим Иванович,рядовой,1,23
Никитин Юрий Александрович,майор,11,34
Петров Никита Ильич,рядовой,8,55
Кочергин Иван Кириллович,капитан,6,59
Соловьёв Юрий Александрович,капитан,4,49
Лебедев Евгений Дмитриевич,прапорщик,11,57
Зайцев Егор Александрович,сержант,4,52
Петров Юрий Михайлович,капитан,6,32
Новиков Артём Юрьевич,лейтенант,1,51
Попов Егор Андреевич,прапорщик,10,44
Захаров Дмитрий Михайлович,лейтенант,11,40
Алексеев Юрий Максимович,лейтенант,7,21
Захаров Андрей Сергеевич,сержант,4,39
Семёнов Сергей Максимович,полковник,4,54
Попов Евгений Ильич,лейтенант,8,30
Кузнецов Илья Романович,прапорщик,6,59
Иванов Иван Михайлович,прапорщик,12,50
Козлов Олег Романович,рядовой,4,50
Орлов Роман Юрьевич,майор,4,60
Кузнецов Роман Ильич,майор,3,40
Егоров Кирилл Дмитриевич,лейтенант,3,33
Новиков Иван Сергеевич,майор,2,25
Макаров Павел Викторович,лейтенант,1,38
Алексеев Денис Александрович,капитан,2,56
Морозов Никита Михайлович,рядовой,10,60
Егоров Степан Кириллович,сержант,10,39
Борисов Денис Михайлович,полковник,3,49
Яковлев Артём Никитич,майор,3,49
Зайцев Павел Максимович,полковник,11,59
Павлов Роман Павлович,лейтенант,1,43
Сидоров Андрей Олегович,прапорщик,2,40
Семёнов Роман Викторович,полковник,1,35
Никитин Олег Алексеевич,рядовой,6,18
Степанов Павел Александрович,майор,9,23
Яковлев Матвей Алексеевич,рядовой,3,24
Егоров Евгений Андреевич,полковник,5,36
Борисов Артём Никитич,рядовой,3,49
Петров Юрий Максимович,сержант,4,26
Сидоров Степан Дмитриевич,капитан,11,37
Иванов Евгений Романович,сержант,12,55
Орлов Егор Юрьевич,рядовой,7,38
Кузнецов Виктор Павлович,прапорщик,4,54
Сидоров Михаил Ильич,рядовой,1,31
Соколов Виктор Максимович,полковник,3,50
Соколов Роман Ильич,майор,1,44
Петров Сергей Ильич,прапорщик,6,40
Макаров Роман Михайлович,капитан,6,23
Соловьёв Максим Павлович,рядовой,7,25
Морозов Дмитрий Ильич,сержант,2,30
Новиков Павел Михайлович,прапорщик,2,54
Егоров Степан Дмитриевич,капитан,4,33
Новиков Никита Юрьевич,майор,12,22
Зайцев Матвей Иванович,майор,6,27
Лебедев Андрей Викторович,рядовой,5,31
Кочергин Евгений Сергеевич,лейтенант,2,28
Иванов Егор Михайлович,лейтенант,10,51
Зайцев Матвей Сергеевич,капитан,5,53
Смирнов Алексей Никитич,полковник,4,56
Васильев Роман Викторович,майор,1,58
Иванов Дмитрий Никитич,рядовой,10,41
Макаров Андрей Михайлович,прапорщик,10,50
Андреев Михаил Иванович,лейтенант,6,56
Михайлов Михаил Ильич,сержант,6,54
Зайцев Степан Сергеевич,майор,3,21
Егоров Алексей Ильич,лейтенант,9,19
Орлов Дмитрий Иванович,рядовой,5,21
Лебедев Иван Дмитриевич,сержант,3,23
Семёнов Константин Романович,прапорщик,3,32
Никитин Павел Кириллович,майор,11,31
Попов Егор Сергеевич,сержант,2,58
Михайлов Александр Александрович,рядовой,9,51
Петров Михаил Кириллович,рядовой,8,55
Соловьёв Максим Олегович,сержант,4,55
Соловьёв Сергей Андреевич,капитан,8,49
Орлов Михаил Павлович,прапорщик,11,21
Смирнов Егор Ильич,майор,4,38
Попов Илья Олегович,майор,4,23
Петров Илья Иванович,прапорщик,4,39
Андреев Денис Иванович,майор,1,31
Соколов Кирилл Иванович,капитан,4,32
Захаров Константин Никитич,майор,4,49
Петров Александр Викторович,лейтенант,4,45
Макаров Александр Максимович,лейтенант,2,54
Иванов Андрей Иванович,лейтенант,7,46
Васильев Олег Александрович,рядовой,5,44
Алексеев Степан Ильич,рядовой,10,48
Зайцев Алексей Ильич,прапорщик,10,20
Павлов Павел Михайлович,лейтенант,10,35
Егоров Константин Никитич,лейтенант,12,59
Павлов Алексей Александрович,лейтенант,7,48
Никитин Никита Олегович,рядовой,9,34
Новиков Олег Кириллович,майор,12,55
Козлов Алексей Максимович,лейтенант,10,50
Смирнов Максим Павлович,прапорщик,3,36
Попов Юрий Михайлович,полковник,12,26
Никитин Илья Кириллович,лейтенант,1,30
Васильев Сергей Никитич,лейтенант,12,26
Морозов Павел Александрович,сержант,11,35
Новиков Сергей Дмитриевич,майор,4,23
Кочергин Евгений Андреевич,рядовой,3,19
Морозов Максим Алексеевич,полковник,12,36
Новиков Михаил Олегович,сержант,3,49
Иванов Дмитрий Александрович,сержант,1,29
Соколов Павел Кириллович,лейтенант,1,27
Петров Павел Ильич,капитан,9,40
Иванов Михаил Михайлович,капитан,4,49
Никитин Юрий Андреевич,рядовой,8,45
Лебедев Егор Романович,сержант,10,31
Козлов Матвей Ильич,сержант,9,44
Лебедев Олег Юрьевич,прапорщик,7,23
Зайцев Сергей Максимович,майор,10,60
Захаров Павел Максимович,майор,7,39
Иванов Дмитрий Алексеевич,майор,7,58
Степанов Артём Михайлович,майор,10,45
Михайлов Александр Ильич,прапорщик,7,60
Николаев Роман Никитич,рядовой,11,53
Васильев Константин Юрьевич,капитан,8,33
Егоров Денис Сергеевич,полковник,6,41
Николаев Андрей Алексеевич,полковник,9,24
Васильев Роман Викторович,капитан,6,30
Никитин Кирилл Павлович,прапорщик,2,27
Иванов Максим Юрьевич,полковник,2,21
Сидоров Александр Никитич,полковник,11,53
Орлов Константин Викторович,майор,1,40
Сидоров Артём Максимович,майор,6,26
Кузнецов Алексей Павлович,лейтенант,1,40
Михайлов Виктор Ильич,полковник,3,53
Никитин Евгений Дмитриевич,рядовой,1,30
Андреев Степан Романович,прапорщик,5,24
Лебедев Константин Андреевич,полковник,3,26
Козлов Иван Романович,полковник,5,48
Егоров Денис Александрович,полковник,6,21
Морозов Максим Ильич,рядовой,7,42
Соколов Максим Алексеевич,капитан,11,55
Борисов Никита Олегович,рядовой,5,48
Петров Матвей Павлович,прапорщик,7,51
Егоров Роман Юрьевич,майор,8,28
Соколов Константин Викторович,майор,1,60
Козлов Виктор Викторович,прапорщик,5,48
Сидоров Константин Дмитриевич,капитан,9,20
Кочергин Павел Александрович,прапорщик,2,49
Алексеев Алексей Александрович,рядовой,4,27
Лебедев Кирилл Александрович,полковник,4,58
Смирнов Степан Сергеевич,капитан,5,38
Смирнов Виктор Ильич,сержант,12,45
Морозов Никита Сергеевич,сержант,9,35
Новиков Максим Викторович,рядовой,9,49
Захаров Денис Викторович,полковник,1,52
Степанов Александр Алексеевич,лейтенант,11,54
Борисов Виктор Иванович,рядовой,5,53
Лебедев Андрей Павлович,полковник,10,57
Сидоров Павел Никитич,капитан,8,35
Кузнецов Константин Олегович,капитан,5,21
Фёдоров Никита Ильич,майор,1,21
Сидоров Артём Михайлович,полковник,6,38
Попов Иван Андреевич,полковник,2,37
Зайцев Матвей Дмитриевич,лейтенант,2,27
Яковлев Максим Иванович,рядовой,11,46
Борисов Иван Никитич,рядовой,1,31
Петров Павел Алексеевич,полковник,9,52
Соколов Дмитрий Юрьевич,прапорщик,11,30
Соколов Александр Юрьевич,прапорщик,7,45
Зайцев Дмитрий Кириллович,лейтенант,6,55
Алексеев Дмитрий Иванович,полковник,12,57
Кузнецов Алексей Романович,капитан,8,48
Зайцев Артём Кириллович,рядовой,9,33
Андреев Роман Кириллович,лейтенант,8,31
Николаев Роман Романович,сержант,6,19
Алексеев Юрий Павлович,рядовой,5,23
Николаев Андрей Ильич,рядовой,9,38
Кузнецов Алексей Кириллович,капитан,2,28
Борисов Никита Александрович,рядовой,4,36
Сидоров Евгений Андреевич,рядовой,6,51
Сидоров Сергей Иванович,полковник,2,37
Зайцев Денис Никитич,полковник,5,30
Смирнов Юрий Максимович,майор,9,28
Соловьёв Никита Никитич,сержант,5,48
Орлов Кирилл Викторович,капитан,5,37
Соловьёв Виктор Дмитриевич,сержант,4,55
Морозов Матвей Андреевич,лейтенант,4,48
Семёнов Сергей Андреевич,прапорщик,10,25
Андреев Артём Сергеевич,рядовой,11,44
Соловьёв Евгений Максимович,капитан,1,36
Козлов Роман Юрьевич,лейтенант,12,48
Николаев Максим Сергеевич,лейтенант,12,35
Васильев Алексей Иванович,майор,4,19
Васильев Павел Никитич,прапорщик,8,57
Васильев Дмитрий Юрьевич,рядовой,10,20
Соловьёв Степан Александрович,полковник,5,32
Борисов Кирилл Алексеевич,полковник,10,46
Фёдоров Юрий Алексеевич,лейтенант,1,32
Морозов Степан Александрович,рядовой,8,59
Николаев Никита Дмитриевич,сержант,10,44
Борисов Матвей Максимович,рядовой,4,25
Петров Константин Иванович,капитан,7,44
Соловьёв Матвей Михайлович,полковник,12,23
Павлов Андрей Олегович,лейтенант,6,42
Семёнов Михаил Юрьевич,прапорщик,12,56
Орлов Артём Сергеевич,капитан,4,22
Степанов Сергей Михайлович,полковник,7,25
Кочергин Виктор Ильич,капитан,11,36
Смирнов Кирилл Александрович,рядовой,2,22
Никитин Михаил Александрович,сержант,10,18
Петров Артём Викторович,сержант,6,22
Смирнов Виктор Никитич,прапорщик,12,25
Алексеев Сергей Александрович,сержант,6,52
Захаров Александр Кириллович,рядовой,12,47
Козлов Алексей Викторович,капитан,2,56
Орлов Матвей Сергеевич,прапорщик,9,53
Орлов Юрий Ильич,лейтенант,3,49
Петров Никита Ильич,капитан,3,52
Попов Павел Сергеевич,капитан,12,18
Фёдоров Виктор Павлович,полковник,1,51
Николаев Роман Павлович,лейтенант,9,36
Семёнов Кирилл Кириллович,сержант,11,28
Зайцев Евгений Иванович,прапорщик,3,56
Иванов Кирилл Дмитриевич,лейтенант,5,18
Фёдоров Никита Викторович,лейтенант,9,33
Борисов Алексей Олегович,лейтенант,11,49
Алексеев Михаил Павлович,сержант,12,19
Иванов Дмитрий Романович,прапорщик,12,48
Смирнов Роман Иванович,прапорщик,9,57
Иванов Денис Романович,прапорщик,9,23
Михайлов Андрей Михайлович,рядовой,4,46
Попов Михаил Викторович,капитан,1,34
Соколов Виктор Кириллович,прапорщик,1,43
Лебедев Дмитрий Кириллович,рядовой,7,51
Кочергин Денис Дмитриевич,рядовой,9,60
Захаров Илья Павлович,капитан,10,40
Михайлов Максим Александрович,рядовой,2,20
Захаров Андрей Викторович,капитан,11,37
Морозов Матвей Романович,капитан,9,57
Борисов Денис Александрович,рядовой,12,32
Козлов Кирилл Ильич,сержант,4,30
Морозов Евгений Дмитриевич,майор,6,20
Захаров Степан Никитич,прапорщик,11,18
Орлов Алексей Сергеевич,прапорщик,3,47
Захаров Иван Александрович,сержант,10,51
Захаров Кирилл Романович,сержант,6,41
Васильев Михаил Сергеевич,прапорщик,2,30
Сидоров Степан Юрьевич,сержант,7,43
Егоров Олег Михайлович,лейтенант,10,49
Лебедев Никита Романович,майор,11,32
Морозов Павел Дмитриевич,майор,11,47
Андреев Кирилл Максимович,рядовой,2,60
Алексеев Сергей Александрович,лейтенант,12,32
Зайцев Павел Иванович,капитан,8,39
Сидоров Денис Олегович,полковник,5,30
Соловьёв Александр Александрович,полковник,9,36
Егоров Егор Романович,капитан,7,42
Николаев Кирилл Юрьевич,рядовой,10,31
Соловьёв Кирилл Павлович,лейтенант,6,23
Захаров Алексей Александрович,майор,10,28
Михайлов Андрей Кириллович,прапорщик,2,39
Михайлов Юрий Викторович,майор,1,22
Морозов Виктор Михайлович,рядовой,9,27
Николаев Матвей Кириллович,майор,9,26
Михайлов Юрий Ильич,капитан,6,21
Борисов Михаил Александрович,прапорщик,5,55
Орлов Матвей Алексеевич,рядовой,1,45
Васильев Максим Павлович,рядовой,6,30
Соколов Дмитрий Олегович,сержант,10,56
Орлов Никита Михайлович,лейтенант,11,48
Андреев Олег Павлович,капитан,2,33
Смирнов Кирилл Александрович,лейтенант,6,20
Морозов Максим Михайлович,лейтенант,4,24
Павлов Андрей Романович,сержант,3,22
Кочергин Евгений Ильич,полковник,8,44
Кузнецов Виктор Сергеевич,прапорщик,3,39
Фёдоров Иван Романович,сержант,8,31
Михайлов Евгений Юрьевич,прапорщик,2,38
Смирнов Денис Олегович,прапорщик,1,51
Фёдоров Кирилл Никитич,капитан,5,28
Фёдоров Евгений Романович,лейтенант,7,43
Борисов Андрей Юрьевич,капитан,3,46
Новиков Матвей Павлович,полковник,10,21
Новиков Роман Максимович,полковник,12,49
Борисов Иван Андреевич,рядовой,9,29
Лебедев Олег Романович,рядовой,12,51
Павлов Олег Ильич,капитан,11,37
Смирнов Сергей Андреевич,лейтенант,3,38
Захаров Кирилл Алексеевич,прапорщик,5,50
Фёдоров Илья Андреевич,прапорщик,8,32
Смирнов Павел Сергеевич,лейтенант,5,54
Яковлев Виктор Викторович,полковник,4,59
Соловьёв Иван Ильич,сержант,11,54
Попов Виктор Алексеевич,прапорщик,9,34
Егоров Юрий Ильич,майор,9,22
Никитин Артём Олегович,прапорщик,1,23
Сидоров Степан Михайлович,рядовой,7,23
Борисов Иван Сергеевич,лейтенант,5,53
Иванов Иван Олегович,лейтенант,12,19
Кузнецов Максим Иванович,прапорщик,6,18
Васильев Евгений Павлович,рядовой,4,34
Попов Олег Юрьевич,майор,5,38
Морозов Сергей Павлович,майор,5,56
Морозов Александр Михайлович,прапорщик,2,43
Павлов Никита Андреевич,полковник,3,23
Зайцев Евгений Алексеевич,майор,11,51
Яковлев Сергей Никитич,лейтенант,8,46
Кочергин Иван Олегович,лейтенант,2,57
Морозов Сергей Сергеевич,майор,10,47
Морозов Сергей Никитич,рядовой,1,28
Козлов Никита Александрович,лейтенант,1,56
Орлов Дмитрий Кириллович,лейтенант,11,34
Орлов Роман Викторович,сержант,4,59
Соколов Михаил Дмитриевич,майор,7,49
Степанов Виктор Александрович,лейтенант,2,22
Попов Степан Кириллович,сержант,11,34
Макаров Андрей Михайлович,полковник,6,47
Степанов Иван Алексеевич,майор,12,47
Николаев Илья Ильич,лейтенант,6,34
Макаров Юрий Сергеевич,рядовой,11,40
Соколов Степан Викторович,капитан,5,31
Козлов Матвей Юрьевич,рядовой,4,24
Соколов Виктор Алексеевич,прапорщик,2,27
Лебедев Степан Максимович,рядовой,10,53
Морозов Никита Андреевич,лейтенант,5,59
Иванов Евгений Ильич,рядовой,12,60
Фёдоров Дмитрий Иванович,капитан,2,21
Степанов Артём Александрович,прапорщик,1,35
Козлов Павел Павлович,рядовой,9,49
Орлов Илья Ильич,сержант,8,45
Новиков Алексей Иванович,сержант,11,54
Михайлов Юрий Олегович,сержант,9,52
Орлов Артём Романович,капитан,5,46
Новиков Андрей Сергеевич,лейтенант,3,35
Козлов Константин Никитич,лейтенант,12,28
Яковлев Алексей Иванович,сержант,6,55
Новиков Михаил Романович,майор,11,44
Козлов Константин Ильич,лейтенант,10,24
Попов Матвей Сергеевич,капитан,6,52
Никитин Андрей Юрьевич,лейтенант,11,24
Лебедев Виктор Викторович,полковник,7,38
Козлов Егор Юрьевич,майор,5,58
Егоров Олег Михайлович,полковник,9,52
Михайлов Дмитрий Михайлович,рядовой,7,19
Орлов Сергей Павлович,майор,1,37
Васильев Егор Никитич,полковник,8,22
Морозов Дмитрий Ильич,сержант,10,39
Алексеев Виктор Александрович,полковник,4,47
Васильев Михаил Олегович,майор,6,55
Яковлев Кирилл Юрьевич,рядовой,12,59
Николаев Степан Олегович,капитан,4,35
Захаров Павел Кириллович,капитан,11,40
Соловьёв Александр Юрьевич,полковник,12,42
Николаев Павел Никитич,рядовой,2,25
Фёдоров Егор Михайлович,рядовой,3,28
Петров Никита Алексеевич,полковник,6,48
Захаров Павел Андреевич,сержант,10,34
Иванов Илья Сергеевич,сержант,1,55
Борисов Александр Романович,майор,6,58
Кузнецов Максим Дмитриевич,прапорщик,4,47
Захаров Олег Романович,майор,12,59
Петров Максим Ильич,майор,6,42
Яковлев Андрей Андреевич,майор,7,35
Степанов Илья Михайлович,капитан,5,43
Орлов Дмитрий Максимович,прапорщик,6,53
Алексеев Евгений Иванович,рядовой,12,34
Андреев Матвей Алексеевич,полковник,3,22
Соколов Виктор Дмитриевич,майор,5,18
Фёдоров Олег Романович,лейтенант,4,22
Морозов Роман Алексеевич,капитан,2,28
Павлов Алексей Максимович,полковник,4,41
Орлов Юрий Викторович,капитан,2,40
Соколов Алексей Ильич,капитан,7,27
Макаров Степан Алексеевич,капитан,1,20
Семёнов Степан Андреевич,прапорщик,2,39
Новиков Константин Юрьевич,сержант,4,40
Андреев Максим Викторович,сержант,4,48
Кочергин Степан Алексеевич,сержант,6,19
Макаров Юрий Юрьевич,майор,8,46
Яковлев Павел Иванович,сержант,11,53
Никитин Павел Олегович,капитан,12,46
Макаров Павел Иванович,лейтенант,9,43
Соколов Матвей Алексеевич,полковник,10,41
Попов Сергей Михайлович,сержант,8,41
Захаров Роман Максимович,полковник,11,56
Николаев Степан Максимович,лейтенант,6,56
Петров Александр Дмитриевич,майор,11,56
Алексеев Кирилл Ильич,сержант,7,53
Фёдоров Михаил Павлович,прапорщик,12,58
Никитин Денис Максимович,сержант,3,28
Попов Дмитрий Иванович,сержант,5,18
Павлов Михаил Сергеевич,полковник,7,18
Михайлов Роман Олегович,сержант,7,48
Соловьёв Степан Дмитриевич,полковник,4,54
Иванов Дмитрий Кириллович,рядовой,5,32
Козлов Евгений Олегович,майор,6,40
Лебедев Константин Сергеевич,лейтенант,5,45
Николаев Никита Викторович,полковник,7,31
Козлов Павел Андреевич,полковник,6,37
Семёнов Евгений Юрьевич,лейтенант,12,47
Борисов Егор Ильич,лейтенант,8,20
Козлов Денис Иванович,сержант,8,44
Соловьёв Егор Ильич,майор,4,38
Павлов Максим Кириллович,прапорщик,7,42
Борисов Павел Викторович,прапорщик,6,45
Борисов Андрей Сергеевич,сержант,11,18
Иванов Константин Юрьевич,капитан,11,23
Михайлов Егор Кириллович,полковник,6,38
Попов Роман Никитич,сержант,5,44
Захаров Артём Дмитриевич,сержант,12,42
Смирнов Павел Никитич,капитан,8,48
Павлов Юрий Александрович,капитан,11,56
Петров Артём Иванович,майор,5,54
Андреев Михаил Александрович,полковник,7,35
Новиков Александр Михайлович,сержант,6,23
Егоров Сергей Иванович,рядовой,1,54
Попов Сергей Никитич,прапорщик,3,40
Макаров Виктор Михайлович,рядовой,12,36
Фёдоров Константин Кириллович,полковник,8,37
Павлов Кирилл Никитич,полковник,11,27
Борисов Никита Дмитриевич,полковник,2,42
Семёнов Илья Никитич,прапорщик,1,40
Орлов Сергей Сергеевич,капитан,12,58
Борисов Олег Дмитриевич,майор,10,35
Смирнов Денис Андреевич,капитан,10,57
Михайлов Андрей Андреевич,полковник,6,41
Петров Евгений Александрович,сержант,6,26
Егоров Александр Павлович,рядовой,7,50
Соколов Максим Михайлович,рядовой,4,57
Степанов Кирилл Олегович,прапорщик,12,26
Степанов Никита Кириллович,лейтенант,10,38
Степанов Степан Викторович,прапорщик,10,52
Орлов Артём Андреевич,прапорщик,7,21
Лебедев Константин Юрьевич,сержант,3,26
Кочергин Евгений Сергеевич,сержант,7,47
Новиков Роман Никитич,лейтенант,11,24
Попов Андрей Алексеевич,лейтенант,12,52
Павлов Юрий Павлович,рядовой,11,47
Новиков Степан Романович,полковник,2,50
Андреев Кирилл Романович,лейтенант,2,43
Андреев Виктор Викторович,лейтенант,9,22
Кочергин Дмитрий Иванович,капитан,1,57
Кузнецов Олег Павлович,лейтенант,5,54
Морозов Илья Романович,рядовой,2,30
Иванов Сергей Кириллович,капитан,8,50
Соловьёв Евгений Олегович,прапорщик,11,60
Андреев Степан Романович,полковник,3,53
Петров Александр Олегович,капитан,6,35
Лебедев Константин Романович,майор,11,28
Яковлев Евгений Павлович,рядовой,8,48
Макаров Илья Олегович,рядовой,5,42
Иванов Александр Павлович,капитан,4,57
Захаров Егор Викторович,рядовой,4,22
Попов Алексей Павлович,прапорщик,7,31
Соловьёв Алексей Алексеевич,рядовой,7,59
Семёнов Илья Ильич,рядовой,10,29
Николаев Алексей Алексеевич,прапорщик,2,45
Фёдоров Константин Ильич,лейтенант,12,43
Захаров Евгений Михайлович,прапорщик,9,42
Павлов Матвей Михайлович,сержант,1,32
Козлов Евгений Кириллович,полковник,11,42
Соловьёв Виктор Павлович,майор,2,39
Лебедев Андрей Алексеевич,капитан,4,34
Борисов Денис Викторович,майор,1,59
Кочергин Сергей Викторович,майор,1,18
Павлов Константин Павлович,прапорщик,11,37
Лебедев Олег Алексеевич,прапорщик,12,25
Васильев Дмитрий Викторович,капитан,5,25
Борисов Юрий Олегович,капитан,4,59
Орлов Виктор Викторович,капитан,12,33
Смирнов Павел Дмитриевич,сержант,10,49
Козлов Олег Иванович,капитан,8,28
Морозов Виктор Михайлович,лейтенант,11,51
Кузнецов Олег Андреевич,сержант,4,38
Павлов Алексей Романович,капитан,8,40
Яковлев Андрей Викторович,рядовой,12,29
Андреев Евгений Юрьевич,сержант,10,18
Никитин Егор Андреевич,сержант,8,58
Макаров Евгений Александрович,майор,6,57
Иванов Олег Максимович,полковник,4,38
Яковлев Андрей Дмитриевич,полковник,2,30
Соколов Иван Павлович,полковник,3,43
Петров Кирилл Иванович,капитан,5,34
Егоров Андрей Максимович,полковник,5,34
Андреев Максим Викторович,сержант,12,23
Никитин Константин Никитич,полковник,12,40
Никитин Константин Дмитриевич,майор,5,23
Попов Илья Михайлович,сержант,12,22
Кузнецов Никита Иванович,полковник,11,36
Борисов Максим Ильич,лейтенант,1,57
Петров Юрий Олегович,лейтенант,2,27
Никитин Юрий Кириллович,лейтенант,12,34
Яковлев Егор Александрович,лейтенант,12,34
Макаров Михаил Никитич,рядовой,10,59
Борисов Андрей Никитич,капитан,7,39
Егоров Андрей Сергеевич,майор,11,58
Смирнов Сергей Максимович,сержант,4,42
Никитин Матвей Максимович,рядовой,3,35
Николаев Дмитрий Александрович,прапорщик,8,53
Макаров Кирилл Романович,майор,1,42
Фёдоров Алексей Кириллович,капитан,12,39
Павлов Михаил Андреевич,полковник,11,19
Лебедев Евгений Никитич,прапорщик,2,36
Зайцев Денис Иванович,прапорщик,6,57
Степанов Константин Павлович,лейтенант,7,52
Семёнов Александр Михайлович,капитан,2,54
Андреев Денис Сергеевич,майор,9,47
Павлов Иван Павлович,рядовой,7,42
Михайлов Артём Дмитриевич,сержант,5,29
Зайцев Павел Александрович,сержант,10,25
Макаров Константин Михайлович,капитан,12,55
Яковлев Виктор Александрович,лейтенант,10,50
Кочергин Артём Дмитриевич,полковник,12,44
Егоров Матвей Андреевич,рядовой,9,38
Степанов Дмитрий Юрьевич,полковник,3,37
Иванов Егор Михайлович,капитан,12,49
Егоров Павел Дмитриевич,прапорщик,8,29
Павлов Олег Никитич,полковник,2,42
Захаров Артём Андреевич,лейтенант,9,40
Алексеев Павел Максимович,прапорщик,5,32
Попов Константин Викторович,лейтенант,10,45
Алексеев Юрий Никитич,прапорщик,12,24
Петров Сергей Александрович,лейтенант,6,43
Павлов Сергей Ильич,прапорщик,9,25
Зайцев Юрий Михайлович,капитан,8,23
Васильев Михаил Александрович,рядовой,3,23
Сидоров Степан Сергеевич,прапорщик,8,57
Попов Виктор Ильич,полковник,1,28
Алексеев Сергей Александрович,майор,1,21
Новиков Юрий Сергеевич,рядовой,2,35
Макаров Юрий Павлович,лейтенант,7,60
Новиков Евгений Дмитриевич,капитан,3,33
Орлов Константин Александрович,сержант,12,19
Новиков Олег Дмитриевич,прапорщик,6,31
Петров Сергей Юрьевич,лейтенант,2,42
Васильев Денис Павлович,капитан,8,20
Семёнов Илья Алексеевич,сержант,5,42
Михайлов Илья Андреевич,сержант,12,37
Николаев Илья Александрович,капитан,5,38
Лебедев Роман Андреевич,капитан,6,40
Яковлев Максим Александрович,капитан,10,40
Васильев Кирилл Олегович,сержант,5,45
Соловьёв Иван Юрьевич,капитан,1,39
Морозов Евгений Алексеевич,рядовой,5,30
Степанов Матвей Александрович,майор,3,53
Кузнецов Олег Максимович,лейтенант,8,37
Морозов Александр Иванович,полковник,5,57
Борисов Юрий Андреевич,рядовой,10,37
Кочергин Матвей Викторович,рядовой,2,33
Андреев Иван Никитич,полковник,12,20
Морозов Матвей Сергеевич,полковник,11,50
Попов Максим Викторович,лейтенант,9,44
Павлов Андрей Александрович,майор,2,33
Алексеев Андрей Викторович,прапорщик,6,53
Кочергин Иван Андреевич,лейтенант,10,18
Никитин Дмитрий Дмитриевич,сержант,2,24
Орлов Юрий Никитич,капитан,6,18
Петров Дмитрий Викторович,капитан,3,57
Андреев Иван Алексеевич,майор,11,36
Семёнов Матвей Александрович,капитан,2,20
Петров Денис Иванович,сержант,8,25
Андреев Егор Павлович,полковник,12,31
Петров Денис Юрьевич,рядовой,12,49
Павлов Илья Михайлович,майор,11,27
Степанов Матвей Кириллович,прапорщик,3,41
Михайлов Михаил Юрьевич,майор,10,53
Макаров Дмитрий Олегович,рядовой,4,28
Алексеев Павел Дмитриевич,прапорщик,11,22
Сидоров Егор Максимович,полковник,12,45
Степанов Кирилл Алексеевич,прапорщик,1,23
Егоров Илья Максимович,лейтенант,2,29
Павлов Олег Павлович,капитан,9,57
Васильев Андрей Алексеевич,майор,3,47
Кочергин Павел Алексеевич,прапорщик,6,23
Макаров Сергей Алексеевич,рядовой,3,48
Лебедев Роман Викторович,рядовой,11,32
Соловьёв Олег Алексеевич,капитан,10,56
Орлов Михаил Олегович,майор,11,23
Захаров Андрей Михайлович,сержант,12,23
Зайцев Матвей Ильич,сержант,7,51
Соловьёв Артём Дмитриевич,майор,6,38
Яковлев Павел Ильич,капитан,11,57
Яковлев Юрий Олегович,прапорщик,5,54
Михайлов Сергей Александрович,майор,11,49
Соловьёв Олег Алексеевич,полковник,12,19
Яковлев Александр Романович,лейтенант,9,26
Николаев Максим Романович,лейтенант,4,55
Борисов Илья Максимович,майор,5,41
Кузнецов Виктор Иванович,прапорщик,11,54
Козлов Степан Максимович,лейтенант,2,42
Николаев Константин Викторович,капитан,10,55
Смирнов Андрей Павлович,майор,4,48
Лебедев Алексей Ильич,полковник,12,54
Фёдоров Иван Алексеевич,капитан,12,28
Семёнов Сергей Дмитриевич,капитан,1,32
Егоров Михаил Максимович,рядовой,11,45
Соловьёв Матвей Иванович,майор,4,56
Макаров Олег Викторович,сержант,11,21
Козлов Роман Алексеевич,капитан,10,22
Степанов Олег Ильич,полковник,3,21
Яковлев Иван Михайлович,сержант,12,52
Алексеев Юрий Юрьевич,прапорщик,11,19
Соловьёв Олег Сергеевич,рядовой,11,45
Петров Виктор Олегович,полковник,7,56
Орлов Сергей Кириллович,полковник,12,25
Морозов Степан Сергеевич,майор,5,55
Смирнов Павел Андреевич,рядовой,12,22
Макаров Роман Сергеевич,капитан,8,42
Смирнов Степан Юрьевич,полковник,5,22
Егоров Егор Викторович,лейтенант,7,22
Сидоров Дмитрий Юрьевич,прапорщик,5,38
Семёнов Матвей Андреевич,сержант,10,38
Васильев Артём Дмитриевич,рядовой,9,55
Новиков Никита Ильич,полковник,10,19
Соловьёв Юрий Андреевич,лейтенант,4,51
Андреев Артём Викторович,прапорщик,1,52
Михайлов Матвей Олегович,сержант,3,43
Степанов Илья Олегович,прапорщик,12,24
Егоров Артём Иванович,прапорщик,11,19
Алексеев Степан Дмитриевич,майор,9,44
Макаров Константин Романович,полковник,5,28
Попов Юрий Михайлович,майор,10,57
Кочергин Андрей Александрович,капитан,12,58
Фёдоров Сергей Андреевич,майор,11,43
Макаров Александр Ильич,капитан,3,56
Васильев Кирилл Дмитриевич,лейтенант,4,40
Кочергин Константин Никитич,капитан,6,30
Васильев Александр Кириллович,лейтенант,5,49
Петров Александр Кириллович,майор,8,60
Козлов Алексей Максимович,прапорщик,1,45
Егоров Константин Романович,полковник,5,27
Андреев Павел Ильич,прапорщик,12,19
Алексеев Никита Олегович,майор,11,23
Егоров Артём Юрьевич,полковник,9,19
Попов Матвей Дмитриевич,майор,4,29
Смирнов Андрей Кириллович,капитан,5,50
Орлов Илья Ильич,полковник,12,25
Соколов Егор Романович,полковник,5,27
Петров Матвей Александрович,капитан,5,57
Павлов Александр Викторович,капитан,4,52
Кузнецов Евгений Романович,рядовой,11,30
Новиков Матвей Романович,сержант,6,37
Фёдоров Илья Андреевич,полковник,5,34
Орлов Александр Михайлович,рядовой,11,56
Степанов Максим Михайлович,прапорщик,1,41
Иванов Александр Дмитриевич,полковник,11,31
Смирнов Павел Максимович,полковник,9,55
Иванов Дмитрий Ильич,сержант,9,59
Кочергин Виктор Андреевич,капитан,9,34
Кочергин Евгений Дмитриевич,капитан,11,36
Кузнецов Никита Романович,капитан,12,25
Соколов Андрей Иванович,капитан,5,37
Фёдоров Степан Сергеевич,лейтенант,7,48
Егоров Андрей Сергеевич,рядовой,11,57
Васильев Илья Андреевич,лейтенант,2,53
Сидоров Юрий Андреевич,капитан,4,28
Кочергин Роман Олегович,капитан,8,31
Степанов Константин Павлович,лейтенант,5,50
Степанов Павел Алексеевич,майор,7,29
Козлов Юрий Дмитриевич,майор,6,26
Зайцев Павел Александрович,лейтенант,6,40
Соколов Степан Ильич,полковник,8,60
Никитин Алексей Романович,лейтенант,11,52
Алексеев Сергей Олегович,капитан,4,42
Васильев Сергей Алексеевич,прапорщик,2,57
Фёдоров Константин Сергеевич,сержант,3,60
Лебедев Евгений Михайлович,сержант,9,39
Новиков Сергей Алексеевич,прапорщик,11,38
Андреев Артём Дмитриевич,лейтенант,8,51
Петров Иван Андреевич,лейтенант,3,28
Лебедев Сергей Романович,лейтенант,5,55
Соловьёв Егор Алексеевич,рядовой,3,20
Фёдоров Артём Иванович,лейтенант,8,24
Лебедев Кирилл Алексеевич,рядовой,10,37
Фёдоров Евгений Юрьевич,рядовой,3,21
Морозов Сергей Никитич,сержант,4,46
Соколов Иван Максимович,полковник,1,20
Макаров Кирилл Романович,полковник,11,55
Егоров Алексей Кириллович,майор,7,20
Зайцев Роман Кириллович,лейтенант,4,50
Васильев Кирилл Михайлович,сержант,7,21
Новиков Андрей Александрович,майор,2,33
Иванов Егор Алексеевич,капитан,6,43
Смирнов Юрий Иванович,полковник,6,49
Яковлев Денис Сергеевич,майор,4,49
Семёнов Михаил Викторович,капитан,9,20
Петров Алексей Олегович,прапорщик,8,32
Иванов Михаил Романович,капитан,10,49
Соколов Алексей Сергеевич,прапорщик,3,45
Морозов Андрей Кириллович,лейтенант,4,46
Орлов Никита Иванович,майор,3,50
Зайцев Андрей Романович,сержант,7,38
Борисов Михаил Романович,прапорщик,7,56
Алексеев Егор Дмитриевич,капитан,2,47
Алексеев Юрий Олегович,рядовой,6,31
Козлов Юрий Сергеевич,лейтенант,12,37
Иванов Константин Кириллович,полковник,2,22
Орлов Степан Александрович,прапорщик,5,24
Яковлев Андрей Андреевич,майор,1,42
Михайлов Егор Александрович,полковник,2,55
Петров Никита Сергеевич,капитан,10,36
Алексеев Денис Михайлович,сержант,7,54
Семёнов Степан Андреевич,полковник,5,45
Зайцев Роман Ильич,рядовой,3,47
Борисов Алексей Дмитриевич,сержант,6,57
Васильев Матвей Романович,полковник,7,25
Семёнов Олег Иванович,сержант,8,39
Новиков Кирилл Максимович,полковник,4,57
Макаров Кирилл Никитич,полковник,6,28
Макаров Никита Викторович,прапорщик,4,44
Новиков Андрей Алексеевич,полковник,4,41
Морозов Роман Никитич,рядовой,12,20
Степанов Кирилл Александрович,лейтенант,8,56
Зайцев Юрий Викторович,полковник,6,20
Васильев Роман Юрьевич,капитан,5,22
Николаев Александр Никитич,сержант,12,30
Степанов Иван Алексеевич,лейтенант,9,45
Орлов Константин Андреевич,капитан,3,60
Семёнов Иван Александрович,капитан,11,54
Морозов Андрей Ильич,лейтенант,1,51
Смирнов Кирилл Олегович,сержант,2,35
Орлов Иван Александрович,полковник,6,18
Орлов Олег Максимович,сержант,3,24
Кочергин Максим Максимович,сержант,11,23
Козлов Илья Ильич,майор,4,52
Захаров Павел Викторович,прапорщик,9,30
Яковлев Сергей Алексеевич,капитан,10,43
Макаров Олег Павлович,полковник,1,30
Попов Роман Максимович,майор,2,28
Соловьёв Никита Андреевич,капитан,2,53
Павлов Олег Иванович,сержант,12,26
Захаров Кирилл Дмитриевич,прапорщик,5,38
Никитин Павел Максимович,прапорщик,6,32
Фёдоров Юрий Юрьевич,майор,5,19
Захаров Евгений Никитич,полковник,3,46
Фёдоров Виктор Максимович,сержант,1,42
Сидоров Константин Ильич,рядовой,10,37
Семёнов Александр Викторович,полковник,10,41
Андреев Евгений Максимович,сержант,1,26
Соколов Степан Алексеевич,рядовой,8,49
Егоров Роман Юрьевич,капитан,1,19
Попов Артём Павлович,полковник,6,28
Семёнов Павел Кириллович,прапорщик,4,40
Павлов Алексей Ильич,рядовой,10,58
Соколов Денис Иванович,капитан,11,60
Яковлев Илья Павлович,прапорщик,7,56
Соловьёв Кирилл Дмитриевич,прапорщик,9,60
Васильев Александр Никитич,лейтенант,11,36
Степанов Егор Сергеевич,майор,4,50
Кочергин Егор Сергеевич,сержант,10,42
Сидоров Илья Олегович,сержант,1,22
Соловьёв Константин Романович,майор,8,37
Иванов Кирилл Олегович,майор,7,25
Морозов Кирилл Павлович,майор,7,23
Сидоров Евгений Ильич,лейтенант,8,23
Морозов Артём Юрьевич,прапорщик,3,48
Морозов Никита Александрович,майор,8,20
Алексеев Егор Романович,сержант,8,48
Степанов Роман Никитич,рядовой,4,35
Васильев Егор Павлович,майор,9,52
Михайлов Матвей Романович,рядовой,2,31
Семёнов Юрий Никитич,лейтенант,10,21
Соколов Евгений Сергеевич,прапорщик,7,39
Соловьёв Александр Ильич,майор,2,28
Сидоров Олег Максимович,рядовой,5,18
Захаров Дмитрий Романович,майор,11,56
Яковлев Александр Кириллович,сержант,9,19
Новиков Олег Максимович,сержант,3,39
Новиков Иван Олегович,лейтенант,5,31
Егоров Дмитрий Александрович,полковник,12,21
Новиков Кирилл Сергеевич,майор,8,32
Морозов Кирилл Романович,прапорщик,12,24
Семёнов Константин Андреевич,рядовой,4,38
Захаров Никита Павлович,майор,12,47
Фёдоров Алексей Ильич,полковник,12,36
Васильев Павел Романович,сержант,3,33
Семёнов Кирилл Алексеевич,капитан,10,41
Борисов Александр Павлович,сержант,10,58
Алексеев Алексей Александрович,рядовой,8,41
Лебедев Павел Олегович,прапорщик,5,47
Алексеев Илья Викторович,прапорщик,7,46
Андреев Евгений Викторович,капитан,6,48
Кузнецов Андрей Романович,полковник,5,51
Павлов Андрей Сергеевич,капитан,10,51
Сидоров Никита Юрьевич,капитан,11,36
Никитин Сергей Максимович,рядовой,4,52
Алексеев Евгений Юрьевич,прапорщик,9,41
Соколов Олег Александрович,рядовой,5,29
Смирнов Константин Юрьевич,прапорщик,8,34
Николаев Никита Ильич,капитан,8,50
Попов Никита Дмитриевич,прапорщик,7,26
Васильев Максим Юрьевич,прапорщик,9,25
Лебедев Алексей Алексеевич,майор,8,56
Кузнецов Александр Юрьевич,капитан,9,19
Степанов Михаил Андреевич,полковник,10,26
Лебедев Александр Павлович,прапорщик,6,46
Макаров Андрей Ильич,сержант,7,26
Смирнов Дмитрий Павлович,лейтенант,6,47
Кузнецов Евгений Дмитриевич,лейтенант,5,57
Семёнов Павел Сергеевич,рядовой,2,60
Морозов Евгений Александрович,сержант,10,46
Фёдоров Юрий Андреевич,полковник,1,36
Соколов Олег Дмитриевич,лейтенант,11,33
Алексеев Юрий Романович,майор,1,46
Алексеев Артём Кириллович,полковник,9,32
Попов Виктор Алексеевич,сержант,1,33
Петров Денис Дмитриевич,майор,8,25
Захаров Степан Ильич,прапорщик,3,29
Соловьёв Денис Юрьевич,полковник,1,26
Никитин Илья Максимович,майор,8,50
Борисов Александр Никитич,полковник,5,46
Лебедев Артём Алексеевич,сержант,6,43
Козлов Степан Максимович,полковник,1,28
Соловьёв Алексей Александрович,полковник,7,27
Новиков Юрий Романович,лейтенант,9,20
Соловьёв Сергей Александрович,майор,1,53
Новиков Матвей Александрович,сержант,11,48
Попов Андрей Кириллович,капитан,6,33
Степанов Роман Викторович,майор,2,51
Соколов Максим Павлович,сержант,1,43
Морозов Александр Олегович,лейтенант,7,20
Степанов Дмитрий Викторович,майор,10,44
Иванов Олег Ильич,капитан,3,19
Яковлев Алексей Андреевич,сержант,5,23
Иванов Олег Юрьевич,полковник,11,25
Макаров Егор Романович,лейтенант,5,34
Иванов Денис Дмитриевич,капитан,7,37
Орлов Максим Максимович,полковник,3,27
Семёнов Степан Ильич,рядовой,5,27
Яковлев Матвей Никитич,сержант,2,31
Захаров Виктор Михайлович,сержант,6,55
Андреев Кирилл Никитич,рядовой,3,47
Зайцев Роман Павлович,сержант,9,19
Захаров Константин Сергеевич,прапорщик,6,34
Яковлев Иван Олегович,рядовой,9,38
Павлов Артём Никитич,лейтенант,2,35
Михайлов Павел Кириллович,сержант,6,50
Макаров Дмитрий Олегович,прапорщик,11,38
Михайлов Михаил Андреевич,капитан,1,41
Соловьёв Юрий Андреевич,рядовой,5,23
Борисов Евгений Андреевич,сержант,11,35
Алексеев Андрей Дмитриевич,майор,10,31
Борисов Андрей Дмитриевич,майор,4,47
Орлов Артём Сергеевич,полковник,2,25
Морозов Артём Сергеевич,сержант,5,45
Смирнов Илья Андреевич,сержант,12,42
Зайцев Павел Ильич,сержант,1,31
Семёнов Виктор Никитич,прапорщик,6,57
Андреев Никита Павлович,лейтенант,11,24
Яковлев Степан Дмитриевич,капитан,6,34
Соколов Евгений Андреевич,капитан,3,51
Николаев Дмитрий Иванович,прапорщик,1,19
Соколов Денис Андреевич,майор,8,51
Андреев Илья Ильич,прапорщик,5,35
Козлов Иван Викторович,майор,5,30
Козлов Матвей Иванович,майор,4,57
Соловьёв Роман Максимович,рядовой,9,23
Егоров Иван Андреевич,сержант,3,30
Макаров Матвей Кириллович,майор,6,28
Зайцев Максим Иванович,рядовой,3,21
Андреев Константин Андреевич,прапорщик,9,27
Кузнецов Михаил Андреевич,прапорщик,1,51
Никитин Илья Дмитриевич,капитан,11,45
Егоров Илья Никитич,прапорщик,12,56
Борисов Юрий Никитич,майор,7,24
Смирнов Олег Дмитриевич,капитан,8,20
Никитин Егор Ильич,полковник,10,35
Соловьёв Андрей Викторович,капитан,9,33
Кузнецов Матвей Максимович,сержант,11,49
Фёдоров Михаил Михайлович,полковник,1,33
Андреев Артём Михайлович,сержант,3,33
Козлов Никита Алексеевич,лейтенант,1,37
Соколов Александр Максимович,капитан,8,52
Фёдоров Степан Иванович,капитан,6,38
Семёнов Кирилл Кириллович,прапорщик,7,26
Кузнецов Юрий Андреевич,рядовой,1,39
Степанов Алексей Юрьевич,лейтенант,5,25
Никитин Кирилл Юрьевич,лейтенант,6,60
Борисов Илья Сергеевич,прапорщик,7,22
Васильев Олег Михайлович,рядовой,2,49
Иванов Андрей Никитич,майор,1,32
Степанов Иван Юрьевич,рядовой,11,42
Алексеев Никита Андреевич,майор,9,40
Николаев Денис Ильич,рядовой,9,50
Орлов Юрий Олегович,сержант,4,33
Козлов Матвей Иванович,капитан,12,56
Никитин Сергей Олегович,сержант,1,59
Кочергин Матвей Олегович,прапорщик,7,41
Борисов Павел Сергеевич,рядовой,12,45
Морозов Александр Максимович,капитан,2,59
Семёнов Павел Павлович,сержант,4,48
Васильев Дмитрий Андреевич,рядовой,5,55
Зайцев Александр Никитич,капитан,6,51
Николаев Олег Александрович,лейтенант,6,38
Зайцев Александр Александрович,полковник,3,21
Соколов Павел Иванович,полковник,6,37
Орлов Егор Александрович,прапорщик,1,36
Захаров Виктор Юрьевич,сержант,10,43
Зайцев Денис Михайлович,лейтенант,8,56
Фёдоров Илья Романович,прапорщик,10,56
Кузнецов Степан Иванович,капитан,5,53
Васильев Юрий Юрьевич,капитан,8,23
Михайлов Павел Юрьевич,прапорщик,9,54
Захаров Егор Михайлович,лейтенант,2,24
Михайлов Иван Сергеевич,майор,12,57
Новиков Денис Викторович,сержант,8,33
Николаев Кирилл Никитич,рядовой,4,39
Козлов Константин Михайлович,майор,9,49
Борисов Андрей Викторович,майор,9,57
Кузнецов Юрий Кириллович,майор,9,34
Зайцев Павел Викторович,рядовой,12,43
Сидоров Матвей Ильич,рядовой,2,53
Павлов Егор Андреевич,полковник,11,21
Смирнов Виктор Павлович,прапорщик,3,52
Козлов Виктор Ильич,прапорщик,2,32
Иванов Степан Романович,прапорщик,12,47
Павлов Егор Юрьевич,прапорщик,7,39
Павлов Артём Павлович,рядовой,3,51
Никитин Кирилл Иванович,полковник,6,50
Андреев Илья Ильич,лейтенант,5,54
Васильев Максим Романович,капитан,6,25
Новиков Юрий Иванович,прапорщик,1,59
Яковлев Кирилл Ильич,рядовой,2,32
Новиков Александр Дмитриевич,сержант,2,59
Павлов Евгений Сергеевич,рядовой,6,36
Семёнов Кирилл Юрьевич,капитан,7,57
Николаев Максим Викторович,рядовой,5,41
Степанов Кирилл Олегович,сержант,10,36
Кочергин Александр Алексеевич,капитан,6,27
Яковлев Егор Ильич,майор,11,52
Михайлов Юрий Викторович,капитан,8,38
Сидоров Олег Александрович,капитан,2,20
Попов Павел Олегович,лейтенант,1,35
Семёнов Иван Романович,капитан,4,42
Попов Олег Олегович,капитан,4,50
Борисов Юрий Александрович,полковник,4,29
Морозов Артём Алексеевич,капитан,3,42
Зайцев Юрий Михайлович,полковник,1,57
Семёнов Михаил Олегович,сержант,6,22
Яковлев Степан Дмитриевич,лейтенант,4,20
Петров Сергей Олегович,лейтенант,12,34
Борисов Юрий Викторович,капитан,3,54
Семёнов Роман Романович,прапорщик,11,38
Орлов Евгений Павлович,майор,9,27
Егоров Егор Романович,капитан,5,20
Павлов Илья Никитич,рядовой,2,35
Морозов Сергей Викторович,капитан,11,34
Кузнецов Юрий Дмитриевич,лейтенант,4,46
Новиков Алексей Олегович,лейтенант,6,40
Кузнецов Дмитрий Дмитриевич,сержант,1,18
Кочергин Сергей Павлович,рядовой,2,50
Морозов Никита Никитич,лейтенант,5,26
Сидоров Матвей Михайлович,капитан,7,18
Новиков Роман Иванович,лейтенант,1,58
Сидоров Олег Максимович,рядовой,10,57
Фёдоров Виктор Кириллович,сержант,1,57
Лебедев Максим Олегович,сержант,5,39
Павлов Иван Андреевич,майор,4,41
Зайцев Денис Романович,лейтенант,5,34
Кузнецов Егор Александрович,лейтенант,5,48
Фёдоров Павел Андреевич,майор,3,25
Соколов Константин Иванович,лейтенант,4,27
Яковлев Кирилл Олегович,прапорщик,7,19
Андреев Никита Михайлович,прапорщик,11,40
Новиков Илья Сергеевич,полковник,9,37
Алексеев Павел Андреевич,лейтенант,11,30
Петров Юрий Никитич,рядовой,11,49
Никитин Матвей Дмитриевич,капитан,8,46
Фёдоров Никита Ильич,майор,4,37
Алексеев Сергей Сергеевич,капитан,5,25
Борисов Илья Алексеевич,сержант,12,50
Никитин Михаил Романович,сержант,1,47
Захаров Дмитрий Сергеевич,капитан,5,27
Степанов Максим Дмитриевич,прапорщик,11,50
Сидоров Виктор Павлович,капитан,1,40
Зайцев Никита Павлович,капитан,6,31
Попов Егор Сергеевич,лейтенант,2,48
Степанов Матвей Дмитриевич,прапорщик,10,35
Лебедев Виктор Александрович,прапорщик,11,38
Орлов Михаил Ильич,майор,5,36
Попов Алексей Никитич,рядовой,1,49
Орлов Никита Павлович,майор,11,46
Егоров Егор Олегович,рядовой,7,18
Иванов Илья Викторович,полковник,5,37
Иванов Андрей Павлович,полковник,12,43
Борисов Дмитрий Романович,рядовой,8,41
Фёдоров Алексей Олегович,майор,6,33
Никитин Сергей Алексеевич,сержант,2,25
Алексеев Алексей Александрович,рядовой,2,38
Павлов Матвей Романович,сержант,9,59
Алексеев Олег Никитич,рядовой,12,60
Зайцев Алексей Павлович,полковник,9,53
Иванов Константин Кириллович,прапорщик,4,38
Попов Никита Кириллович,прапорщик,7,23
Михайлов Роман Романович,майор,3,50
Орлов Никита Максимович,полковник,2,20
Кузнецов Илья Максимович,рядовой,7,25
Сидоров Павел Сергеевич,майор,4,58
Захаров Олег Дмитриевич,майор,2,30
Павлов Евгений Дмитриевич,полковник,1,38
Кочергин Константин Романович,прапорщик,11,49
Козлов Артём Алексеевич,полковник,12,42
Борисов Степан Андреевич,майор,6,36
Попов Никита Павлович,лейтенант,7,43
Андреев Иван Максимович,лейтенант,8,35
Кочергин Юрий Александрович,сержант,11,30
Борисов Сергей Романович,сержант,12,26
Козлов Кирилл Андреевич,полковник,3,36
Козлов Алексей Ильич,рядовой,4,30
Павлов Денис Сергеевич,прапорщик,4,46
Яковлев Степан Павлович,полковник,12,50
Иванов Виктор Никитич,сержант,5,57
Фёдоров Артём Кириллович,майор,8,49
Васильев Максим Юрьевич,майор,3,38
Николаев Андрей Юрьевич,сержант,9,39
Яковлев Сергей Кириллович,рядовой,4,30
Соловьёв Кирилл Иванович,капитан,3,48
Новиков Илья Иванович,полковник,9,27
Николаев Максим Александрович,сержант,7,20
Иванов Артём Андреевич,сержант,4,29
Смирнов Виктор Викторович,капитан,2,35
Фёдоров Кирилл Дмитриевич,майор,4,25
Попов Алексей Ильич,майор,4,18
Захаров Андрей Алексеевич,полковник,9,53
Смирнов Дмитрий Олегович,прапорщик,6,55
Фёдоров Максим Сергеевич,капитан,11,40
Макаров Никита Павлович,рядовой,6,56
Сидоров Юрий Алексеевич,прапорщик,9,36
Лебедев Егор Романович,прапорщик,1,53
Соколов Денис Викторович,сержант,7,28
Васильев Михаил Юрьевич,полковник,3,38
Захаров Александр Сергеевич,капитан,5,54
Морозов Евгений Викторович,майор,2,38
Соколов Константин Кириллович,лейтенант,6,25
Яковлев Артём Алексеевич,майор,12,19
Степанов Кирилл Сергеевич,сержант,3,50
Андреев Иван Иванович,капитан,8,33
Зайцев Юрий Алексеевич,капитан,3,29
Соловьёв Юрий Дмитриевич,рядовой,8,59
Петров Никита Олегович,капитан,2,25
Орлов Андрей Иванович,майор,10,41
Соловьёв Дмитрий Сергеевич,рядовой,7,21
Андреев Константин Павлович,майор,2,23
Борисов Максим Кириллович,майор,9,43
Яковлев Дмитрий Андреевич,лейтенант,9,39
Сидоров Илья Юрьевич,лейтенант,10,23
Васильев Павел Иванович,сержант,4,56
Захаров Никита Андреевич,прапорщик,8,27
Семёнов Сергей Олегович,сержант,6,38
Борисов Сергей Андреевич,прапорщик,9,56
Николаев Алексей Павлович,лейтенант,3,22
Морозов Виктор Никитич,майор,3,54
Попов Виктор Павлович,полковник,12,35
Соловьёв Дмитрий Викторович,рядовой,5,22
Кочергин Дмитрий Кириллович,полковник,2,42
Михайлов Степан Юрьевич,лейтенант,11,29
Николаев Егор Викторович,сержант,8,25
Фёдоров Егор Сергеевич,прапорщик,12,25
Яковлев Егор Максимович,капитан,10,22
Соколов Максим Павлович,рядовой,10,22
Егоров Дмитрий Юрьевич,майор,5,31
Орлов Сергей Максимович,полковник,8,19
Соловьёв Евгений Дмитриевич,прапорщик,3,28
Соколов Иван Викторович,лейтенант,4,41
Козлов Евгений Дмитриевич,полковник,5,20
Никитин Максим Иванович,сержант,8,55
Васильев Денис Максимович,лейтенант,10,20
Морозов Илья Андреевич,сержант,4,27
Кочергин Роман Андреевич,лейтенант,2,31
Соколов Артём Кириллович,прапорщик,2,31
Соколов Иван Павлович,капитан,4,20
Борисов Михаил Ильич,прапорщик,12,40
Павлов Артём Алексеевич,сержант,2,28
Соколов Никита Викторович,лейтенант,1,60
Яковлев Константин Сергеевич,полковник,11,22
Алексеев Павел Михайлович,рядовой,9,40
Николаев Матвей Романович,полковник,8,20
Никитин Илья Андреевич,майор,1,60
Макаров Матвей Кириллович,полковник,6,43
Алексеев Максим Романович,рядовой,3,26
Морозов Константин Ильич,прапорщик,10,35
Семёнов Егор Никитич,полковник,1,46
Петров Евгений Юрьевич,капитан,9,50
Захаров Евгений Алексеевич,прапорщик,4,35
Новиков Максим Иванович,рядовой,3,57
Борисов Андрей Никитич,прапорщик,3,48
Михайлов Матвей Дмитриевич,полковник,6,37
Петров Андрей Романович,полковник,11,25
Захаров Олег Олегович,майор,3,38
Захаров Роман Кириллович,капитан,2,24
Павлов Дмитрий Никитич,лейтенант,6,38
Петров Кирилл Олегович,полковник,6,53
Андреев Денис Павлович,капитан,3,49
Козлов Матвей Андреевич,лейтенант,1,24
Егоров Степан Ильич,рядовой,12,41
Орлов Денис Александрович,лейтенант,9,31
Новиков Денис Михайлович,полковник,10,19
Зайцев Михаил Павлович,сержант,4,48
Никитин Степан Сергеевич,прапорщик,12,32
Козлов Константин Никитич,рядовой,1,37
Лебедев Матвей Дмитриевич,сержант,2,42
Степанов Павел Александрович,сержант,3,27
Кузнецов Юрий Александрович,капитан,10,48
Николаев Константин Кириллович,рядовой,6,51
Иванов Никита Никитич,майор,10,20
Козлов Дмитрий Никитич,рядовой,7,55
Соловьёв Матвей Алексеевич,капитан,11,31
Алексеев Сергей Олегович,прапорщик,3,43
Алексеев Олег Иванович,рядовой,8,36
Степанов Дмитрий Андреевич,полковник,12,25
Макаров Иван Александрович,полковник,4,37
Васильев Иван Александрович,сержант,9,25
Сидоров Степан Ильич,рядовой,6,44
Степанов Степан Дмитриевич,прапорщик,4,44
Захаров Андрей Михайлович,капитан,7,47
Попов Роман Никитич,сержант,5,55
Козлов Кирилл Юрьевич,майор,9,26
Макаров Илья Максимович,лейтенант,9,18
Козлов Евгений Кириллович,лейтенант,12,51
Макаров Роман Олегович,рядовой,7,40
Макаров Илья Михайлович,майор,9,28
Попов Денис Максимович,сержант,1,58
Кузнецов Егор Дмитриевич,сержант,5,41
Сидоров Артём Дмитриевич,лейтенант,9,58
Макаров Максим Павлович,рядовой,1,45
Новиков Максим Романович,лейтенант,5,58
Иванов Олег Ильич,лейтенант,9,31
Егоров Степан Олегович,майор,7,53
Смирнов Константин Романович,майор,10,50
Морозов Юрий Олегович,капитан,4,46
Семёнов Алексей Дмитриевич,прапорщик,6,22
Павлов Денис Александрович,полковник,1,37
Лебедев Илья Романович,капитан,9,29
Борисов Андрей Алексеевич,полковник,12,52
Иванов Степан Викторович,лейтенант,4,55
Семёнов Сергей Викторович,прапорщик,1,53
Сидоров Иван Михайлович,прапорщик,3,37
Кочергин Никита Сергеевич,сержант,11,23
Попов Алексей Дмитриевич,полковник,3,31
Иванов Андрей Алексеевич,майор,2,26
Петров Александр Андреевич,прапорщик,2,31
Смирнов Виктор Михайлович,прапорщик,9,50
Захаров Никита Сергеевич,полковник,9,36
Егоров Юрий Александрович,сержант,8,40
Павлов Дмитрий Дмитриевич,капитан,10,36
Степанов Денис Сергеевич,полковник,9,58
Андреев Егор Никитич,прапорщик,6,39
Смирнов Степан Алексеевич,лейтенант,6,18
Степанов Денис Максимович,сержант,9,38
Семёнов Дмитрий Сергеевич,лейтенант,2,34
Андреев Никита Викторович,полковник,12,47
Соловьёв Константин Михайлович,рядовой,1,36
Кузнецов Сергей Викторович,полковник,9,54
Кочергин Андрей Никитич,лейтенант,3,19
Новиков Никита Иванович,лейтенант,11,60
Сидоров Максим Сергеевич,рядовой,8,32
Павлов Евгений Юрьевич,прапорщик,11,60
Борисов Олег Павлович,полковник,4,20
Соколов Александр Викторович,майор,10,60
Кузнецов Олег Михайлович,майор,12,49
Алексеев Александр Дмитриевич,рядовой,4,46
Иванов Юрий Романович,майор,6,33
Морозов Илья Викторович,лейтенант,2,38
Орлов Артём Романович,прапорщик,2,31
Степанов Роман Сергеевич,рядовой,4,34
Морозов Александр Сергеевич,капитан,1,44
Соколов Константин Кириллович,полковник,7,23
Борисов Александр Дмитриевич,капитан,3,19
Морозов Матвей Дмитриевич,полковник,8,25
Макаров Артём Кириллович,майор,7,51
Кочергин Кирилл Александрович,майор,8,60
Захаров Юрий Александрович,сержант,12,50
Лебедев Денис Юрьевич,сержант,6,36
Борисов Константин Иванович,лейтенант,3,57
Борисов Кирилл Юрьевич,лейтенант,1,36
Смирнов Кирилл Олегович,полковник,2,22
Козлов Денис Ильич,рядовой,4,34
Степанов Алексей Павлович,сержант,8,46
Алексеев Евгений Юрьевич,сержант,1,48
Павлов Александр Романович,сержант,6,18
Васильев Матвей Иванович,прапорщик,8,57
Николаев Юрий Кириллович,рядовой,9,56
Семёнов Роман Романович,полковник,4,39
Егоров Матвей Дмитриевич,прапорщик,10,42
Морозов Сергей Павлович,полковник,6,20
Михайлов Илья Никитич,прапорщик,3,58
Никитин Михаил Романович,полковник,7,45
Алексеев Александр Михайлович,сержант,3,33
Захаров Егор Павлович,сержант,6,51
Егоров Егор Александрович,капитан,2,49
Кочергин Юрий Никитич,рядовой,12,53
Новиков Олег Иванович,лейтенант,4,39
Андреев Михаил Дмитриевич,майор,9,23
Иванов Роман Олегович,сержант,2,50
Соловьёв Алексей Дмитриевич,капитан,8,57
Сидоров Роман Алексеевич,рядовой,3,25
Новиков Александр Дмитриевич,майор,11,52
Алексеев Павел Михайлович,майор,8,55
Соловьёв Егор Викторович,капитан,8,51
Захаров Степан Максимович,лейтенант,10,42
Макаров Роман Кириллович,капитан,7,28
Алексеев Артём Максимович,капитан,2,52
Морозов Илья Никитич,капитан,12,45
Борисов Степан Сергеевич,лейтенант,4,49
Захаров Роман Павлович,рядовой,8,43
Новиков Андрей Кириллович,майор,10,25
Васильев Максим Андреевич,полковник,7,44
Кочергин Егор Романович,рядовой,5,58
Михайлов Павел Иванович,сержант,12,38
Степанов Егор Андреевич,майор,6,29
Соловьёв Артём Алексеевич,капитан,1,50
Соколов Константин Дмитриевич,сержант,7,52
Сидоров Олег Викторович,капитан,4,36
Яковлев Виктор Олегович,капитан,7,56
Новиков Константин Дмитриевич,рядовой,12,58
Кочергин Матвей Викторович,полковник,9,40
Соколов Иван Максимович,сержант,12,48
Попов Кирилл Ильич,лейтенант,11,46
Степанов Матвей Юрьевич,сержант,9,55
Морозов Михаил Андреевич,полковник,12,54
Козлов Матвей Ильич,полковник,10,44
Козлов Степан Романович,майор,4,41
Зайцев Максим Ильич,лейтенант,2,21
Орлов Иван Романович,прапорщик,11,22
Васильев Андрей Олегович,майор,8,60
Степанов Олег Романович,сержант,5,29
Макаров Никита Михайлович,сержант,10,19
Иванов Егор Романович,майор,2,44
Смирнов Степан Дмитриевич,лейтенант,10,42
Павлов Степан Романович,полковник,7,49
Борисов Сергей Викторович,капитан,8,49
Фёдоров Дмитрий Никитич,лейтенант,7,19
Семёнов Максим Павлович,майор,6,54
Никитин Иван Кириллович,полковник,3,52
Соколов Сергей Михайлович,майор,3,53
Захаров Максим Алексеевич,прапорщик,6,31
Орлов Виктор Кириллович,лейтенант,2,58
Кочергин Илья Алексеевич,полковник,11,58
Соловьёв Алексей Олегович,майор,2,20
Михайлов Степан Андреевич,лейтенант,8,57
Лебедев Матвей Викторович,капитан,2,26
Петров Егор Дмитриевич,майор,1,53
Макаров Денис Никитич,сержант,3,53
Андреев Илья Алексеевич,лейтенант,12,34
Орлов Павел Павлович,капитан,5,44
Семёнов Матвей Андреевич,рядовой,6,43
Морозов Юрий Александрович,лейтенант,4,47
Лебедев Роман Викторович,полковник,12,32
Смирнов Алексей Максимович,рядовой,9,41
Андреев Илья Михайлович,майор,8,21
Захаров Алексей Алексеевич,майор,10,46
Васильев Никита Алексеевич,полковник,7,19
Павлов Денис Алексеевич,полковник,5,53
Павлов Евгений Дмитриевич,полковник,8,59
Зайцев Иван Романович,рядовой,3,24
Соловьёв Илья Андреевич,сержант,1,27
Алексеев Александр Романович,полковник,2,30
Яковлев Иван Дмитриевич,полковник,12,42
Орлов Павел Олегович,лейтенант,2,24
Зайцев Егор Викторович,лейтенант,5,46
Попов Павел Романович,сержант,7,46
Яковлев Артём Иванович,рядовой,1,31
Никитин Артём Дмитриевич,майор,5,39
Степанов Никита Олегович,капитан,10,19
Васильев Евгений Михайлович,капитан,8,57
Новиков Юрий Никитич,лейтенант,8,27
Кузнецов Евгений Никитич,прапорщик,10,23
Зайцев Роман Александрович,сержант,11,23
Соколов Юрий Дмитриевич,рядовой,11,54
Васильев Артём Никитич,майор,9,41
Сидоров Никита Андреевич,капитан,11,33
Макаров Степан Иванович,рядовой,7,35
Сидоров Виктор Никитич,прапорщик,5,37
Макаров Сергей Ильич,рядовой,3,33
Соловьёв Илья Алексеевич,полковник,3,24
Семёнов Максим Кириллович,прапорщик,5,24
Лебедев Егор Максимович,лейтенант,5,36
Егоров Никита Викторович,сержант,2,53
Петров Сергей Александрович,полковник,4,34
Семёнов Матвей Иванович,лейтенант,9,59
Степанов Виктор Юрьевич,полковник,9,24
Иванов Илья Никитич,сержант,12,22
Васильев Павел Андреевич,капитан,1,47
Иванов Алексей Олегович,сержант,5,22
Петров Егор Кириллович,рядовой,7,39
Яковлев Сергей Павлович,лейтенант,6,47
Кочергин Максим Павлович,прапорщик,5,33
Васильев Илья Сергеевич,сержант,1,60
Алексеев Виктор Максимович,рядовой,4,41
Никитин Виктор Иванович,полковник,1,28
Зайцев Никита Олегович,прапорщик,7,43
Михайлов Павел Максимович,полковник,10,27
Лебедев Егор Сергеевич,майор,12,43
Алексеев Никита Михайлович,рядовой,4,42
Лебедев Алексей Дмитриевич,капитан,7,48
Лебедев Денис Сергеевич,сержант,12,20
Никитин Денис Михайлович,рядовой,8,54
Петров Егор Викторович,рядовой,1,42
Соколов Андрей Максимович,сержант,10,36
Семёнов Михаил Иванович,полковник,5,60
Козлов Евгений Ильич,сержант,6,22
Зайцев Илья Викторович,сержант,12,53
Кочергин Олег Андреевич,капитан,4,22
Николаев Михаил Иванович,сержант,8,49
Козлов Максим Ильич,капитан,4,43
Иванов Максим Романович,рядовой,1,34
Михайлов Степан Никитич,майор,7,36
Морозов Юрий Андреевич,капитан,7,51
Морозов Евгений Романович,капитан,7,35
Николаев Кирилл Олегович,лейтенант,4,50
Морозов Степан Павлович,полковник,9,51
Борисов Виктор Юрьевич,рядовой,3,36
Васильев Константин Александрович,прапорщик,1,57
Иванов Сергей Никитич,прапорщик,1,35
Морозов Юрий Никитич,прапорщик,11,51
Макаров Иван Михайлович,прапорщик,3,47
Морозов Олег Олегович,полковник,5,53
Павлов Роман Кириллович,рядовой,2,57
Иванов Дмитрий Андреевич,лейтенант,11,42
Семёнов Кирилл Юрьевич,рядовой,2,23
Яковлев Денис Романович,майор,11,45
Зайцев Юрий Ильич,лейтенант,2,43
Васильев Олег Павлович,прапорщик,7,40
Андреев Степан Андреевич,прапорщик,4,30
Захаров Иван Никитич,капитан,4,41
Соколов Андрей Павлович,полковник,4,18
Сидоров Евгений Иванович,лейтенант,5,52
Соловьёв Денис Сергеевич,майор,4,43
Борисов Сергей Михайлович,майор,2,26
Фёдоров Александр Никитич,капитан,12,45
Егоров Илья Александрович,майор,3,21
Кузнецов Никита Ильич,полковник,1,55
Петров Юрий Сергеевич,полковник,2,22
Новиков Никита Павлович,майор,9,37
Борисов Максим Павлович,рядовой,11,24
Лебедев Алексей Дмитриевич,сержант,4,44
Соколов Илья Александрович,капитан,1,56
Попов Егор Максимович,капитан,3,39
Кочергин Михаил Романович,майор,3,45
Алексеев Сергей Дмитриевич,прапорщик,12,23
Захаров Роман Сергеевич,лейтенант,12,47
Семёнов Михаил Александрович,лейтенант,2,22
Морозов Павел Сергеевич,полковник,4,54
Алексеев Алексей Романович,капитан,1,40
Захаров Сергей Павлович,капитан,12,28
Яковлев Сергей Максимович,майор,8,46
Иванов Павел Олегович,майор,12,44
Захаров Артём Андреевич,лейтенант,7,50
Кузнецов Степан Юрьевич,рядовой,9,21
Лебедев Никита Олегович,рядовой,9,38
Смирнов Александр Андреевич,прапорщик,2,23
Попов Юрий Сергеевич,прапорщик,2,33
Морозов Денис Никитич,сержант,12,36
Михайлов Виктор Максимович,прапорщик,7,59
Семёнов Михаил Ильич,капитан,8,22
Захаров Дмитрий Олегович,сержант,6,41
Андреев Андрей Михайлович,прапорщик,6,22
Васильев Сергей Александрович,капитан,10,51
Смирнов Юрий Сергеевич,лейтенант,11,28
Андреев Денис Андреевич,рядовой,7,28
Алексеев Илья Олегович,полковник,1,24
Соколов Иван Андреевич,рядовой,10,30
Степанов Иван Викторович,полковник,11,45
Смирнов Артём Кириллович,майор,12,48
Соловьёв Олег Никитич,капитан,1,44
Иванов Роман Дмитриевич,сержант,5,18
Борисов Александр Никитич,лейтенант,10,23
Новиков Матвей Дмитриевич,майор,7,33
Орлов Роман Кириллович,полковник,7,60
Никитин Егор Никитич,капитан,6,48
Орлов Кирилл Романович,прапорщик,1,34
Козлов Алексей Михайлович,рядовой,8,28
Фёдоров Степан Никитич,сержант,5,46
Новиков Олег Михайлович,полковник,3,21
Орлов Евгений Михайлович,сержант,4,47
Егоров Роман Ильич,сержант,3,41
Козлов Алексей Романович,прапорщик,1,57
Новиков Никита Ильич,прапорщик,12,44
Никитин Илья Викторович,лейтенант,1,28
Алексеев Роман Никитич,полковник,7,39
Борисов Дмитрий Ильич,майор,11,60
Зайцев Егор Павлович,сержант,10,40
Новиков Илья Павлович,прапорщик,1,43
Кузнецов Кирилл Никитич,прапорщик,8,56
Фёдоров Юрий Никитич,полковник,10,27
Морозов Егор Иванович,майор,4,39
Андреев Дмитрий Викторович,сержант,10,53
Попов Михаил Ильич,сержант,1,35
Лебедев Виктор Алексеевич,сержант,2,34
Кочергин Максим Ильич,лейтенант,11,30
Яковлев Евгений Никитич,майор,4,29
Попов Егор Кириллович,лейтенант,5,32
Алексеев Алексей Ильич,прапорщик,11,40
Никитин Сергей Алексеевич,лейтенант,9,33
Захаров Виктор Никитич,рядовой,6,50
Николаев Максим Павлович,лейтенант,11,29
Морозов Константин Михайлович,рядовой,1,60
Морозов Артём Олегович,полковник,3,51
Павлов Максим Сергеевич,прапорщик,10,55
Орлов Степан Александрович,сержант,12,36
Захаров Павел Викторович,полковник,1,20
Иванов Алексей Дмитриевич,лейтенант,5,26
Кузнецов Михаил Кириллович,рядовой,2,55
Смирнов Артём Дмитриевич,прапорщик,5,57
Макаров Алексей Романович,полковник,8,42
Зайцев Иван Павлович,полковник,4,22
Павлов Олег Сергеевич,лейтенант,4,41
Захаров Артём Никитич,полковник,4,57
Попов Иван Дмитриевич,полковник,5,48
Яковлев Сергей Романович,рядовой,6,40
Фёдоров Михаил Сергеевич,рядовой,12,60
Семёнов Матвей Андреевич,сержант,12,39
Лебедев Максим Викторович,сержант,6,47
Андреев Константин Сергеевич,рядовой,11,39
Новиков Матвей Дмитриевич,лейтенант,5,53
Андреев Александр Сергеевич,капитан,4,21
Яковлев Юрий Никитич,полковник,12,48
Алексеев Егор Иванович,майор,1,49
Макаров Михаил Максимович,лейтенант,12,29
Смирнов Илья Павлович,майор,4,59
Яковлев Алексей Романович,прапорщик,12,20
Лебедев Максим Андреевич,рядовой,9,49
Попов Егор Павлович,майор,1,43
Павлов Андрей Ильич,майор,7,29
Морозов Роман Андреевич,рядовой,11,42
Егоров Евгений Олегович,прапорщик,7,36
Лебедев Константин Павлович,рядовой,8,60
Кузнецов Константин Михайлович,прапорщик,12,46
Зайцев Матвей Андреевич,майор,2,24
Козлов Артём Павлович,лейтенант,9,21
Андреев Кирилл Ильич,прапорщик,8,34
Лебедев Денис Иванович,прапорщик,11,60
Захаров Виктор Иванович,полковник,9,23
Николаев Никита Ильич,рядовой,12,45
Орлов Александр Павлович,полковник,12,26
Захаров Илья Иванович,майор,4,42
Лебедев Андрей Павлович,капитан,10,60
Козлов Роман Кириллович,сержант,5,55
Соловьёв Алексей Кириллович,лейтенант,10,37
Семёнов Никита Сергеевич,майор,4,20
Орлов Константин Павлович,рядовой,7,47
Захаров Олег Иванович,полковник,10,39
Зайцев Константин Максимович,прапорщик,10,49
Соловьёв Степан Максимович,майор,5,57
Кузнецов Андрей Павлович,лейтенант,11,35
Андреев Михаил Романович,лейтенант,12,55
Козлов Илья Андреевич,рядовой,2,57
Васильев Денис Павлович,полковник,12,21
Михайлов Егор Алексеевич,лейтенант,12,24
Фёдоров Дмитрий Олегович,майор,12,56
Кочергин Сергей Ильич,лейтенант,2,21
Егоров Егор Александрович,рядовой,3,38
Егоров Михаил Михайлович,прапорщик,7,39
Яковлев Виктор Андреевич,капитан,11,42
Морозов Юрий Алексеевич,рядовой,12,45
Захаров Виктор Иванович,майор,6,35
Борисов Андрей Романович,рядовой,5,33
Андреев Роман Дмитриевич,рядовой,5,22
Орлов Егор Сергеевич,сержант,3,43
Петров Олег Александрович,рядовой,7,36
Лебедев Дмитрий Павлович,майор,6,40
Михайлов Артём Павлович,прапорщик,9,39
Соловьёв Сергей Павлович,прапорщик,8,54
Орлов Сергей Дмитриевич,майор,1,50
Петров Олег Андреевич,сержант,11,60
Соколов Александр Ильич,рядовой,10,21
Никитин Евгений Дмитриевич,прапорщик,5,28
Лебедев Артём Юрьевич,капитан,7,37
Николаев Дмитрий Иванович,сержант,1,19
Соколов Роман Юрьевич,рядовой,6,54
Иванов Роман Михайлович,сержант,11,58
Фёдоров Егор Романович,лейтенант,2,42
Соколов Роман Никитич,рядовой,2,42
Андреев Дмитрий Павлович,лейтенант,2,31
Степанов Иван Андреевич,лейтенант,4,25
Никитин Иван Олегович,капитан,3,23
Иванов Денис Максимович,сержант,2,18
Андреев Роман Максимович,капитан,3,57
Соловьёв Кирилл Павлович,лейтенант,11,19
Яковлев Александр Викторович,прапорщик,5,35
Никитин Евгений Викторович,сержант,12,44
Фёдоров Юрий Сергеевич,майор,12,57
Соловьёв Олег Павлович,полковник,7,43
Егоров Павел Иванович,прапорщик,11,18
Морозов Алексей Павлович,капитан,7,18
Кузнецов Юрий Павлович,прапорщик,4,35
Морозов Андрей Андреевич,прапорщик,5,50
Николаев Артём Никитич,капитан,6,22
Зайцев Илья Кириллович,рядовой,7,46
Семёнов Кирилл Кириллович,прапорщик,1,33
Орлов Алексей Викторович,капитан,1,23
Кочергин Алексей Олегович,сержант,1,54
Захаров Роман Иванович,майор,7,43
Лебедев Константин Алексеевич,капитан,3,30
Макаров Виктор Олегович,рядовой,10,59
Лебедев Кирилл Олегович,полковник,12,40
Андреев Константин Андреевич,прапорщик,5,36
Захаров Олег Юрьевич,майор,10,41
Макаров Денис Максимович,капитан,6,42
Макаров Константин Дмитриевич,сержант,4,28
Николаев Илья Олегович,лейтенант,7,49
Зайцев Никита Михайлович,рядовой,9,50
Кузнецов Павел Олегович,капитан,8,44
Кузнецов Андрей Михайлович,сержант,2,51
Соколов Сергей Дмитриевич,сержант,2,42
Зайцев Артём Романович,прапорщик,1,36
Степанов Олег Дмитриевич,сержант,10,44
Семёнов Юрий Павлович,капитан,2,43
Смирнов Денис Дмитриевич,рядовой,5,46
Егоров Роман Ильич,майор,5,18
Захаров Андрей Кириллович,полковник,1,57
Борисов Иван Максимович,лейтенант,11,51
Макаров Степан Викторович,рядовой,9,20
Петров Алексей Михайлович,капитан,6,21
Николаев Степан Алексеевич,прапорщик,5,21
Попов Илья Михайлович,полковник,9,37
Яковлев Александр Павлович,капитан,2,41
Андреев Иван Юрьевич,сержант,9,57
Новиков Илья Павлович,полковник,9,59
Михайлов Виктор Сергеевич,капитан,12,34
Иванов Денис Павлович,капитан,11,57
Андреев Евгений Романович,майор,9,20
Лебедев Константин Олегович,лейтенант,9,30
Кочергин Кирилл Иванович,прапорщик,6,58
Семёнов Максим Сергеевич,лейтенант,6,28
Никитин Евгений Павлович,прапорщик,5,26
Петров Максим Дмитриевич,капитан,7,25
Николаев Юрий Романович,прапорщик,11,29
Васильев Роман Никитич,лейтенант,12,48
Андреев Евгений Иванович,прапорщик,11,37
Соловьёв Артём Дмитриевич,рядовой,9,32
Никитин Юрий Юрьевич,рядовой,12,31
Захаров Юрий Олегович,майор,5,42
Соколов Илья Павлович,капитан,12,55
Павлов Роман Викторович,сержант,10,22
Макаров Сергей Юрьевич,лейтенант,8,32
Андреев Артём Алексеевич,майор,7,39
Семёнов Матвей Иванович,прапорщик,9,27
Орлов Михаил Олегович,прапорщик,3,42
Семёнов Дмитрий Олегович,лейтенант,6,39
Кочергин Дмитрий Алексеевич,рядовой,9,58
Васильев Артём Романович,лейтенант,9,59
Павлов Кирилл Юрьевич,рядовой,1,60
Егоров Матвей Михайлович,полковник,5,28
Фёдоров Евгений Ильич,полковник,4,50
Павлов Олег Михайлович,капитан,3,42
Попов Юрий Дмитриевич,прапорщик,6,51
Козлов Степан Максимович,прапорщик,9,34
Яковлев Степан Никитич,лейтенант,2,21
Соловьёв Виктор Кириллович,капитан,9,29
Петров Денис Сергеевич,прапорщик,4,30
Алексеев Максим Александрович,лейтенант,12,20
Лебедев Михаил Олегович,капитан,1,29
Макаров Евгений Юрьевич,капитан,6,54
Степанов Алексей Алексеевич,сержант,11,43
Васильев Никита Юрьевич,лейтенант,9,49
Фёдоров Виктор Алексеевич,лейтенант,9,45
Никитин Кирилл Алексеевич,сержант,2,38
Зайцев Матвей Викторович,полковник,12,60
Сидоров Павел Александрович,капитан,5,42
Николаев Виктор Михайлович,капитан,5,37
Кочергин Юрий Михайлович,полковник,12,44
Макаров Егор Иванович,рядовой,7,59
Иванов Павел Сергеевич,полковник,5,60
Макаров Матвей Александрович,сержант,10,56
Борисов Алексей Сергеевич,лейтенант,5,59
Кочергин Алексей Никитич,сержант,5,54
Попов Евгений Алексеевич,прапорщик,10,57
Кузнецов Павел Андреевич,полковник,4,25
Попов Кирилл Дмитриевич,полковник,4,48
Лебедев Кирилл Алексеевич,рядовой,1,38
Кочергин Иван Викторович,майор,7,31
Лебедев Александр Максимович,полковник,10,51
Фёдоров Андрей Андреевич,лейтенант,3,19
Яковлев Михаил Иванович,сержант,5,59
Борисов Дмитрий Романович,рядовой,7,59
Алексеев Никита Максимович,капитан,7,31
Петров Дмитрий Ильич,полковник,11,60
Яковлев Евгений Александрович,прапорщик,6,43
Павлов Сергей Алексеевич,полковник,9,35
Михайлов Иван Романович,рядовой,7,19
Николаев Андрей Ильич,сержант,4,49
Захаров Михаил Дмитриевич,рядовой,9,37
Петров Максим Максимович,рядовой,12,26
Андреев Александр Андреевич,капитан,11,46
Семёнов Алексей Викторович,сержант,2,33
Степанов Сергей Кириллович,полковник,6,39
Фёдоров Илья Александрович,прапорщик,11,36
Петров Дмитрий Никитич,лейтенант,4,31
Попов Дмитрий Александрович,майор,10,28
Андреев Артём Александрович,прапорщик,9,26
Попов Михаил Дмитриевич,рядовой,3,49
Алексеев Алексей Александрович,майор,5,32
Петров Никита Иванович,полковник,8,54
Лебедев Кирилл Алексеевич,капитан,9,57
Лебедев Роман Олегович,полковник,5,53
Егоров Юрий Никитич,майор,6,31
Морозов Евгений Сергеевич,рядовой,11,52
Макаров Алексей Александрович,полковник,1,40
Соколов Алексей Александрович,полковник,1,32
Сидоров Константин Иванович,майор,8,31
Михайлов Егор Сергеевич,лейтенант,12,22
Иванов Максим Максимович,майор,4,33
Васильев Никита Викторович,рядовой,10,31
Николаев Александр Сергеевич,майор,12,36
Никитин Егор Ильич,лейтенант,9,27
Фёдоров Андрей Дмитриевич,капитан,11,45
Фёдоров Андрей Никитич,рядовой,5,42
Лебедев Денис Ильич,майор,6,39
Кочергин Егор Михайлович,полковник,3,46
Соловьёв Артём Алексеевич,сержант,4,40
Кочергин Кирилл Юрьевич,полковник,7,29
Андреев Денис Сергеевич,лейтенант,11,27
Зайцев Степан Сергеевич,рядовой,12,54
Морозов Дмитрий Юрьевич,рядовой,1,18
Лебедев Павел Павлович,сержант,1,54
Фёдоров Егор Юрьевич,рядовой,2,24
Андреев Роман Павлович,полковник,10,48
Павлов Матвей Александрович,лейтенант,1,34
Кузнецов Степан Юрьевич,прапорщик,2,54
Васильев Иван Ильич,майор,3,47
Фёдоров Олег Александрович,полковник,4,48
Алексеев Никита Ильич,прапорщик,12,36
Алексеев Кирилл Андреевич,лейтенант,9,59
Никитин Илья Викторович,прапорщик,2,30
Морозов Олег Никитич,майор,9,31
Морозов Константин Дмитриевич,сержант,2,43
Морозов Никита Сергеевич,сержант,11,23
Зайцев Дмитрий Викторович,прапорщик,4,45
Никитин Юрий Максимович,сержант,3,41
Зайцев Матвей Романович,прапорщик,3,20
Павлов Иван Александрович,рядовой,6,38
Алексеев Константин Дмитриевич,полковник,12,49
Яковлев Константин Максимович,капитан,6,31
Сидоров Денис Михайлович,капитан,6,22
Яковлев Максим Андреевич,прапорщик,8,45
Орлов Андрей Юрьевич,сержант,4,42
Семёнов Иван Андреевич,капитан,12,32
Зайцев Степан Романович,лейтенант,9,48
Михайлов Денис Олегович,лейтенант,3,37
Кочергин Иван Дмитриевич,полковник,4,22
Кочергин Юрий Кириллович,рядовой,10,34
Захаров Кирилл Иванович,полковник,3,34
Степанов Степан Олегович,рядовой,11,44
Семёнов Кирилл Юрьевич,полковник,10,26
Соколов Дмитрий Павлович,майор,11,41
Петров Артём Олегович,прапорщик,6,57
Лебедев Степан Андреевич,сержант,1,48
Козлов Михаил Викторович,сержант,8,41
Смирнов Кирилл Алексеевич,полковник,12,28
Кочергин Андрей Дмитриевич,полковник,3,30
Орлов Артём Михайлович,капитан,2,28
Павлов Виктор Олегович,полковник,12,48
Николаев Никита Юрьевич,капитан,6,27
Васильев Егор Андреевич,полковник,6,30
Попов Михаил Дмитриевич,сержант,4,47
Соловьёв Кирилл Павлович,лейтенант,11,44
Егоров Максим Викторович,сержант,9,27
Фёдоров Кирилл Александрович,лейтенант,6,21
Лебедев Иван Сергеевич,прапорщик,9,43
Николаев Степан Юрьевич,лейтенант,2,49
Макаров Кирилл Викторович,лейтенант,3,41
Соколов Егор Алексеевич,лейтенант,4,47
Морозов Егор Павлович,майор,7,52
Зайцев Никита Андреевич,сержант,1,51
Попов Никита Михайлович,рядовой,7,29
Фёдоров Иван Дмитриевич,полковник,7,37
Морозов Константин Максимович,рядовой,4,33
Иванов Александр Сергеевич,капитан,7,58
Морозов Андрей Юрьевич,майор,4,40
Макаров Денис Ильич,рядовой,8,19
Павлов Илья Сергеевич,капитан,5,47
Яковлев Константин Ильич,полковник,4,33
Новиков Артём Олегович,сержант,8,59
Семёнов Андрей Михайлович,полковник,3,50
Попов Артём Никитич,сержант,3,48
Егоров Артём Романович,полковник,2,48
Соловьёв Андрей Никитич,рядовой,12,30
Андреев Андрей Романович,капитан,1,32
Лебедев Дмитрий Сергеевич,прапорщик,11,50
Орлов Денис Викторович,рядовой,7,43
Макаров Сергей Михайлович,полковник,7,39
Иванов Дмитрий Романович,капитан,8,39
Петров Павел Максимович,полковник,8,59
Егоров Андрей Михайлович,рядовой,11,39
Сидоров Артём Иванович,сержант,3,34
Фёдоров Сергей Максимович,майор,8,43
Новиков Константин Викторович,майор,1,59
Павлов Илья Иванович,рядовой,3,54
Яковлев Сергей Михайлович,прапорщик,5,51
Лебедев Павел Ильич,лейтенант,4,22
Борисов Михаил Иванович,прапорщик,9,39
Кочергин Александр Александрович,капитан,12,40
Соколов Денис Михайлович,рядовой,1,40
Михайлов Роман Олегович,майор,10,32
Козлов Денис Никитич,сержант,4,45
Алексеев Сергей Романович,майор,3,19
Егоров Дмитрий Викторович,сержант,11,32
Морозов Михаил Андреевич,рядовой,2,18
Кузнецов Никита Кириллович,лейтенант,4,52
Зайцев Павел Викторович,майор,3,45
Кочергин Евгений Олегович,капитан,1,29
Макаров Максим Сергеевич,сержант,7,42
Степанов Денис Михайлович,прапорщик,9,51
Кочергин Константин Кириллович,прапорщик,6,24
Захаров Павел Александрович,прапорщик,3,57
Сидоров Александр Михайлович,капитан,3,44
Соловьёв Денис Алексеевич,прапорщик,1,45
Морозов Сергей Максимович,лейтенант,11,43
Макаров Максим Максимович,лейтенант,10,40
Захаров Константин Александрович,капитан,6,24
Андреев Егор Юрьевич,сержант,12,30
Кузнецов Иван Ильич,майор,1,53
Макаров Максим Кириллович,полковник,7,27
Яковлев Иван Алексеевич,капитан,4,44
Васильев Сергей Александрович,майор,9,50
Степанов Сергей Никитич,майор,4,52
Фёдоров Евгений Романович,лейтенант,3,60
Козлов Иван Павлович,рядовой,9,37
Фёдоров Юрий Кириллович,сержант,2,57
Морозов Юрий Кириллович,полковник,4,24
Макаров Олег Алексеевич,прапорщик,6,36
Соловьёв Максим Иванович,полковник,3,47
Соловьёв Евгений Александрович,капитан,6,21
Степанов Олег Александрович,рядовой,8,28
Иванов Андрей Ильич,капитан,12,39
Яковлев Степан Юрьевич,прапорщик,8,53
Макаров Дмитрий Алексеевич,лейтенант,10,48
Зайцев Кирилл Андреевич,лейтенант,11,59
Захаров Павел Александрович,полковник,8,29
Николаев Олег Романович,капитан,6,33
Павлов Иван Юрьевич,капитан,10,42
Егоров Константин Ильич,капитан,12,38
Васильев Виктор Олегович,прапорщик,11,33
Иванов Максим Александрович,полковник,4,44
Лебедев Илья Михайлович,полковник,2,20
Степанов Артём Ильич,рядовой,2,29
Михайлов Алексей Ильич,прапорщик,7,19
Зайцев Сергей Алексеевич,майор,12,41
Макаров Матвей Кириллович,прапорщик,3,59
Лебедев Константин Никитич,рядовой,5,58
Зайцев Виктор Юрьевич,майор,5,43
Иванов Евгений Олегович,рядовой,11,41
Смирнов Юрий Викторович,прапорщик,10,44
Новиков Дмитрий Юрьевич,майор,8,22
Зайцев Артём Максимович,рядовой,1,42
Макаров Кирилл Андреевич,капитан,9,20
Кузнецов Виктор Олегович,майор,5,28
Петров Евгений Олегович,полковник,7,58
Орлов Степан Сергеевич,майор,3,26
Васильев Евгений Ильич,майор,5,45
Михайлов Степан Никитич,лейтенант,8,42
Козлов Роман Андреевич,полковник,6,30
Козлов Павел Иванович,майор,11,60
Васильев Юрий Иванович,рядовой,11,41
Яковлев Виктор Ильич,майор,7,37
Козлов Артём Максимович,полковник,12,56
Никитин Сергей Никитич,лейтенант,1,47
Васильев Павел Алексеевич,майор,8,18
Захаров Максим Павлович,рядовой,4,52
Захаров Илья Романович,полковник,6,39
Васильев Сергей Александрович,майор,8,23
Зайцев Кирилл Романович,лейтенант,6,25
Степанов Александр Юрьевич,майор,5,51
Павлов Степан Никитич,сержант,5,48
Соловьёв Артём Викторович,рядовой,6,60
Степанов Илья Сергеевич,рядовой,12,49
Васильев Степан Андреевич,лейтенант,5,52
Смирнов Олег Романович,полковник,7,22
Никитин Дмитрий Максимович,сержант,2,21
Андреев Юрий Максимович,лейтенант,6,19
Фёдоров Илья Ильич,капитан,11,56
Фёдоров Александр Никитич,майор,8,27
Кочергин Денис Викторович,сержант,2,39
Фёдоров Алексей Андреевич,капитан,8,48
Иванов Дмитрий Ильич,лейтенант,6,18
Егоров Дмитрий Дмитриевич,сержант,1,19
Лебедев Михаил Романович,лейтенант,5,35
Орлов Никита Юрьевич,майор,11,34
Захаров Евгений Павлович,лейтенант,4,18
Попов Евгений Дмитриевич,капитан,1,42
Козлов Матвей Андреевич,рядовой,1,53
Попов Матвей Сергеевич,сержант,8,43
Макаров Степан Никитич,полковник,5,51
Соколов Дмитрий Юрьевич,прапорщик,8,23
Егоров Кирилл Иванович,лейтенант,11,53
Васильев Алексей Михайлович,полковник,5,24
Сидоров Виктор Юрьевич,прапорщик,6,56
Павлов Виктор Максимович,капитан,1,34
Лебедев Виктор Андреевич,рядовой,11,58
Кузнецов Денис Ильич,рядовой,10,49
Николаев Олег Викторович,прапорщик,9,56
Смирнов Матвей Романович,сержант,1,24
Алексеев Алексей Викторович,лейтенант,3,32
Михайлов Никита Александрович,сержант,3,51
Зайцев Михаил Никитич,капитан,5,56
Никитин Евгений Максимович,прапорщик,6,38
Козлов Артём Александрович,рядовой,4,45
Морозов Андрей Андреевич,лейтенант,10,22
Михайлов Алексей Кириллович,сержант,9,43
Попов Егор Олегович,сержант,6,20
Фёдоров Максим Андреевич,рядовой,12,22
Смирнов Денис Викторович,прапорщик,3,60
Сидоров Степан Максимович,прапорщик,2,32
Зайцев Дмитрий Юрьевич,майор,8,20
Попов Степан Романович,капитан,8,42
Фёдоров Матвей Иванович,полковник,2,27
Васильев Сергей Юрьевич,сержант,3,42
Васильев Илья Кириллович,прапорщик,3,43
Смирнов Михаил Никитич,лейтенант,12,58
Михайлов Олег Ильич,прапорщик,11,24
Павлов Константин Андреевич,лейтенант,1,29
Яковлев Денис Павлович,сержант,1,37
Никитин Михаил Никитич,майор,7,19
Николаев Кирилл Сергеевич,майор,2,43
Семёнов Степан Кириллович,лейтенант,9,57
Семёнов Матвей Олегович,полковник,1,55
Семёнов Олег Дмитриевич,прапорщик,4,50
Козлов Никита Андреевич,прапорщик,8,56
Петров Максим Максимович,прапорщик,10,28
Андреев Илья Кириллович,полковник,9,40
Павлов Иван Викторович,прапорщик,5,58
Козлов Михаил Иванович,майор,8,59
Алексеев Юрий Юрьевич,майор,10,40
Петров Степан Викторович,капитан,9,55
Петров Иван Иванович,майор,2,28
Соколов Юрий Никитич,капитан,9,41
Макаров Роман Андреевич,полковник,2,39
Фёдоров Егор Максимович,капитан,11,23
Андреев Константин Романович,полковник,1,26
Николаев Дмитрий Дмитриевич,лейтенант,6,26
Соколов Матвей Сергеевич,капитан,11,23
Никитин Никита Юрьевич,капитан,8,59
Макаров Сергей Михайлович,лейтенант,2,18
Петров Дмитрий Алексеевич,рядовой,5,32
Егоров Роман Александрович,капитан,12,27
Егоров Алексей Александрович,полковник,11,34
Фёдоров Константин Максимович,сержант,3,56
Борисов Степан Олегович,прапорщик,1,19
Макаров Андрей Юрьевич,капитан,6,39
Яковлев Иван Алексеевич,сержант,7,26
Фёдоров Андрей Иванович,прапорщик,6,41
Егоров Евгений Олегович,лейтенант,1,54
Васильев Максим Павлович,сержант,12,37
Смирнов Роман Андреевич,капитан,12,60
Васильев Андрей Алексеевич,капитан,4,38
Егоров Михаил Павлович,полковник,10,18
Соколов Андрей Никитич,майор,10,49
Павлов Роман Ильич,майор,8,53
Зайцев Олег Кириллович,майор,5,59
Козлов Максим Алексеевич,лейтенант,10,18
Васильев Александр Никитич,капитан,12,31
Андреев Андрей Олегович,прапорщик,3,37
Соловьёв Егор Викторович,рядовой,3,34
Соколов Виктор Андреевич,капитан,3,35
Новиков Артём Михайлович,прапорщик,4,40
Степанов Алексей Юрьевич,лейтенант,7,28
Семёнов Матвей Андреевич,рядовой,12,30
Петров Дмитрий Юрьевич,сержант,4,24
Лебедев Виктор Викторович,прапорщик,1,43
Попов Константин Юрьевич,майор,3,28
Егоров Денис Ильич,капитан,12,34
Фёдоров Максим Сергеевич,лейтенант,2,34
Смирнов Артём Романович,капитан,11,48
Алексеев Матвей Павлович,капитан,9,50
Павлов Юрий Ильич,сержант,10,27
Лебедев Олег Никитич,рядовой,2,22
Попов Никита Никитич,полковник,3,48
Борисов Алексей Никитич,сержант,7,47
Семёнов Иван Андреевич,прапорщик,4,59
Семёнов Сергей Иванович,лейтенант,3,33
Козлов Максим Алексеевич,майор,5,23
Попов Илья Ильич,лейтенант,9,20
Зайцев Олег Викторович,сержант,2,30
Егоров Илья Сергеевич,прапорщик,4,29
Степанов Константин Алексеевич,полковник,1,19
Орлов Виктор Михайлович,майор,2,20
Фёдоров Роман Романович,полковник,11,23
Морозов Олег Максимович,капитан,11,36
Морозов Андрей Кириллович,лейтенант,11,52
Яковлев Евгений Михайлович,прапорщик,7,36
Петров Сергей Викторович,прапорщик,1,57
Яковлев Александр Ильич,сержант,7,27
Козлов Илья Александрович,майор,12,33
Новиков Кирилл Романович,майор,2,32
Павлов Константин Романович,рядовой,12,55
Никитин Кирилл Кириллович,рядовой,9,21
Яковлев Константин Алексеевич,рядовой,3,35
Борисов Артём Юрьевич,полковник,9,47
Петров Павел Максимович,лейтенант,1,34
Иванов Виктор Алексеевич,лейтенант,1,47
Егоров Матвей Сергеевич,капитан,5,22
Макаров Евгений Ильич,рядовой,9,29
Сидоров Павел Кириллович,полковник,4,24
Соколов Андрей Алексеевич,сержант,9,41
Петров Евгений Александрович,полковник,8,57
Михайлов Роман Никитич,майор,9,45
Павлов Никита Александрович,лейтенант,12,45
Зайцев Виктор Иванович,капитан,1,49
Алексеев Виктор Юрьевич,полковник,5,30
Захаров Иван Романович,капитан,1,28
Соловьёв Кирилл Олегович,сержант,9,57
Михайлов Андрей Романович,лейтенант,2,46
Яковлев Александр Иванович,прапорщик,1,19
Лебедев Евгений Романович,сержант,9,39
Андреев Егор Иванович,прапорщик,11,49
Кузнецов Илья Сергеевич,капитан,6,38
Смирнов Андрей Ильич,рядовой,1,21
Борисов Никита Викторович,сержант,4,22
Петров Степан Никитич,майор,9,30
Зайцев Олег Андреевич,прапорщик,2,30
Кузнецов Константин Олегович,майор,7,46
Захаров Денис Юрьевич,прапорщик,3,47
Иванов Илья Андреевич,сержант,1,45
Павлов Матвей Романович,сержант,5,60
Лебедев Степан Ильич,рядовой,2,31
Фёдоров Павел Викторович,сержант,2,28
Иванов Дмитрий Михайлович,лейтенант,9,40
Кочергин Михаил Ильич,капитан,5,55
Павлов Евгений Александрович,рядовой,7,34
Смирнов Кирилл Юрьевич,капитан,9,23
Яковлев Евгений Юрьевич,полковник,5,38
Петров Олег Викторович,полковник,1,21
Васильев Юрий Никитич,лейтенант,11,24
Андреев Матвей Юрьевич,полковник,2,22
Захаров Константин Андреевич,полковник,5,54
Соколов Матвей Романович,прапорщик,2,35
Захаров Сергей Сергеевич,полковник,9,30
Степанов Алексей Михайлович,прапорщик,6,45
Макаров Константин Ильич,прапорщик,9,44
Семёнов Юрий Александрович,капитан,3,32
Михайлов Евгений Романович,сержант,10,24
Зайцев Павел Никитич,рядовой,3,26
Павлов Степан Александрович,сержант,6,49
Кузнецов Степан Павлович,прапорщик,11,48
Макаров Юрий Олегович,рядовой,1,32
Михайлов Олег Михайлович,полковник,8,51
Яковлев Никита Юрьевич,сержант,8,46
Никитин Сергей Ильич,лейтенант,3,35
Смирнов Денис Дмитриевич,лейтенант,8,25
Павлов Матвей Михайлович,сержант,11,26
Соловьёв Иван Ильич,лейтенант,2,44
Лебедев Александр Сергеевич,прапорщик,5,32
Макаров Павел Иванович,прапорщик,2,40
Петров Михаил Романович,прапорщик,2,23
Николаев Андрей Сергеевич,рядовой,8,25
Никитин Андрей Никитич,капитан,4,30
Соколов Дмитрий Андреевич,майор,4,38
Лебедев Никита Викторович,лейтенант,6,43
Фёдоров Никита Дмитриевич,капитан,8,45
Лебедев Степан Никитич,полковник,7,39
Макаров Андрей Сергеевич,капитан,9,44
Кочергин Андрей Ильич,прапорщик,4,24
Кочергин Артём Дмитриевич,капитан,1,28
Захаров Роман Ильич,капитан,11,50
Морозов Евгений Романович,капитан,10,58
Никитин Сергей Викторович,лейтенант,7,33
Кузнецов Виктор Викторович,капитан,3,45
Иванов Виктор Павлович,полковник,11,25
Никитин Павел Кириллович,полковник,12,23
Иванов Олег Максимович,майор,8,27
Павлов Алексей Алексеевич,полковник,3,53
Николаев Юрий Юрьевич,лейтенант,12,51
Макаров Максим Олегович,лейтенант,11,25
Михайлов Виктор Викторович,капитан,8,58
Морозов Матвей Александрович,прапорщик,2,50
Николаев Андрей Александрович,капитан,12,41
Морозов Михаил Дмитриевич,сержант,5,44
Павлов Иван Максимович,полковник,7,20
Павлов Дмитрий Сергеевич,прапорщик,8,37
Смирнов Никита Максимович,рядовой,1,29
Соколов Никита Ильич,капитан,8,22
Степанов Михаил Кириллович,капитан,2,19
Алексеев Павел Михайлович,рядовой,11,47
Соколов Илья Кириллович,лейтенант,9,41
Фёдоров Степан Дмитриевич,лейтенант,9,29
Николаев Евгений Павлович,прапорщик,3,33
Морозов Степан Ильич,прапорщик,10,47
Новиков Александр Михайлович,прапорщик,3,23
Фёдоров Роман Алексеевич,лейтенант,7,59
Зайцев Андрей Сергеевич,капитан,4,25
Зайцев Константин Андреевич,полковник,9,53
Козлов Дмитрий Дмитриевич,сержант,11,49
Фёдоров Егор Викторович,лейтенант,4,51
Соловьёв Кирилл Дмитриевич,полковник,11,21
Иванов Никита Юрьевич,майор,6,25
Зайцев Юрий Юрьевич,майор,8,36
Фёдоров Егор Алексеевич,полковник,10,19
Петров Никита Кириллович,прапорщик,9,29
Морозов Илья Кириллович,сержант,7,40
Петров Егор Михайлович,полковник,4,45
Алексеев Матвей Максимович,капитан,8,43
Егоров Алексей Романович,прапорщик,8,58
Лебедев Виктор Андреевич,полковник,4,44
Егоров Степан Максимович,капитан,2,52
Степанов Никита Никитич,капитан,5,29
Орлов Никита Олегович,рядовой,7,60
Павлов Степан Алексеевич,полковник,9,19
Фёдоров Максим Андреевич,капитан,12,55
Петров Константин Юрьевич,рядовой,6,52
Макаров Илья Максимович,капитан,11,49
Попов Илья Дмитриевич,капитан,5,44
Морозов Егор Дмитриевич,прапорщик,7,28
Лебедев Константин Павлович,прапорщик,8,21
Егоров Сергей Юрьевич,майор,5,45
Захаров Денис Дмитриевич,майор,11,51
Кузнецов Павел Юрьевич,прапорщик,2,41
Сидоров Илья Романович,рядовой,11,18
Морозов Роман Иванович,майор,10,31
Андреев Виктор Никитич,лейтенант,5,48
Захаров Максим Сергеевич,рядовой,9,37
Семёнов Иван Максимович,лейтенант,2,33
Макаров Артём Иванович,лейтенант,8,26
Васильев Денис Олегович,лейтенант,7,19
Морозов Виктор Романович,прапорщик,8,31
Сидоров Дмитрий Кириллович,майор,3,39
Соловьёв Никита Андреевич,сержант,3,58
Лебедев Евгений Иванович,рядовой,8,48
Макаров Роман Алексеевич,капитан,9,19
Макаров Степан Максимович,лейтенант,2,44
Николаев Олег Романович,сержант,8,29
Кузнецов Дмитрий Дмитриевич,майор,6,44
Сидоров Роман Романович,полковник,8,32
Морозов Дмитрий Павлович,капитан,12,54
Орлов Евгений Иванович,майор,1,35
Васильев Артём Андреевич,сержант,6,21
Сидоров Сергей Максимович,рядовой,4,54
Орлов Денис Кириллович,капитан,7,20
Зайцев Никита Кириллович,майор,5,36
Михайлов Матвей Сергеевич,сержант,5,25
Морозов Олег Максимович,прапорщик,3,27
Яковлев Евгений Иванович,сержант,9,26
Морозов Никита Олегович,полковник,8,49
Соколов Илья Павлович,прапорщик,1,60
Макаров Денис Ильич,полковник,5,49
Иванов Артём Ильич,капитан,9,37
Орлов Максим Андреевич,капитан,5,54
Степанов Никита Викторович,лейтенант,3,20
Никитин Илья Андреевич,капитан,12,59
Соколов Степан Кириллович,прапорщик,10,18
Соловьёв Степан Андреевич,прапорщик,1,49
Зайцев Артём Дмитриевич,лейтенант,3,44
Фёдоров Андрей Дмитриевич,рядовой,10,54
Васильев Илья Викторович,полковник,5,27
Николаев Евгений Ильич,майор,3,18
Михайлов Андрей Никитич,прапорщик,12,55
Фёдоров Никита Алексеевич,рядовой,10,55
Фёдоров Кирилл Викторович,прапорщик,2,50
Захаров Виктор Михайлович,лейтенант,2,53
Захаров Кирилл Дмитриевич,сержант,6,28
Новиков Андрей Андреевич,прапорщик,4,22
Соловьёв Константин Ильич,полковник,9,51
Егоров Константин Викторович,прапорщик,12,50
Попов Матвей Кириллович,прапорщик,7,24
Кочергин Иван Викторович,майор,5,28
Орлов Илья Андреевич,майор,1,53
Попов Дмитрий Андреевич,сержант,5,44
Кочергин Евгений Михайлович,майор,7,34
Захаров Кирилл Михайлович,сержант,5,19
Алексеев Илья Александрович,прапорщик,10,51
Борисов Алексей Дмитриевич,майор,11,25
Сидоров Максим Викторович,капитан,6,22
Егоров Роман Ильич,рядовой,12,45
Новиков Кирилл Александрович,рядовой,12,20
Смирнов Юрий Ильич,майор,6,49
Лебедев Олег Иванович,майор,5,47
Иванов Никита Юрьевич,прапорщик,10,27
Алексеев Андрей Андреевич,капитан,6,50
Васильев Александр Викторович,полковник,1,20
Орлов Михаил Михайлович,полковник,5,55
Иванов Павел Дмитриевич,прапорщик,8,54
Козлов Никита Романович,полковник,9,28
Павлов Сергей Андреевич,сержант,10,25
Орлов Матвей Сергеевич,рядовой,9,43
Борисов Максим Андреевич,капитан,2,36
Андреев Кирилл Олегович,прапорщик,1,25
Морозов Артём Сергеевич,майор,7,43
Лебедев Юрий Викторович,сержант,1,52
Зайцев Константин Олегович,капитан,10,55
Андреев Роман Александрович,прапорщик,4,22
Сидоров Максим Кириллович,капитан,9,43
Николаев Максим Максимович,полковник,2,54
Семёнов Никита Михайлович,рядовой,9,29
Попов Александр Максимович,майор,12,50
Николаев Никита Романович,прапорщик,7,26
Семёнов Кирилл Павлович,лейтенант,10,26
Иванов Денис Кириллович,рядовой,9,46
Михайлов Роман Андреевич,капитан,2,28
Захаров Павел Максимович,майор,6,35
Михайлов Роман Алексеевич,прапорщик,8,45
Фёдоров Константин Иванович,прапорщик,6,32
Захаров Илья Романович,рядовой,9,22
Николаев Кирилл Александрович,прапорщик,6,25
Новиков Егор Александрович,майор,4,23
Лебедев Артём Сергеевич,сержант,10,50
Никитин Михаил Романович,рядовой,9,57
Сидоров Максим Сергеевич,сержант,2,32
Козлов Виктор Сергеевич,рядовой,12,38
Соколов Александр Александрович,майор,1,51
Соколов Евгений Сергеевич,лейтенант,8,41
Васильев Константин Иванович,прапорщик,2,36
Попов Никита Юрьевич,сержант,9,25
Попов Денис Кириллович,лейтенант,2,43
Макаров Илья Викторович,лейтенант,4,38
Егоров Виктор Викторович,лейтенант,9,18
Никитин Максим Александрович,капитан,11,37
Соколов Евгений Никитич,майор,8,39
Фёдоров Юрий Александрович,лейтенант,4,22
Андреев Павел Александрович,майор,11,47
Борисов Александр Алексеевич,рядовой,9,25
Кузнецов Олег Павлович,рядовой,2,32
Петров Илья Максимович,прапорщик,12,34
Сидоров Матвей Дмитриевич,прапорщик,8,55
Сидоров Алексей Олегович,майор,10,51
Козлов Илья Романович,полковник,2,18
Козлов Егор Алексеевич,рядовой,11,36
Попов Андрей Алексеевич,сержант,2,52
Петров Евгений Ильич,майор,1,53
Петров Матвей Михайлович,прапорщик,1,18
Михайлов Евгений Юрьевич,полковник,9,24
Андреев Кирилл Никитич,рядовой,4,45
Иванов Евгений Максимович,прапорщик,1,29
Борисов Олег Никитич,полковник,1,56
Николаев Александр Алексеевич,прапорщик,7,24
Кузнецов Евгений Алексеевич,прапорщик,6,19
Орлов Денис Викторович,прапорщик,11,33
Никитин Виктор Дмитриевич,рядовой,1,32
Алексеев Алексей Иванович,полковник,6,58
Захаров Михаил Романович,капитан,6,24
Лебедев Никита Алексеевич,прапорщик,8,40
Андреев Иван Александрович,сержант,3,54
Николаев Виктор Олегович,лейтенант,11,49
Орлов Никита Сергеевич,рядовой,10,58
Андреев Максим Романович,лейтенант,2,18
Смирнов Егор Дмитриевич,рядовой,2,37
Николаев Павел Юрьевич,прапорщик,12,41
Козлов Дмитрий Кириллович,майор,5,25
Новиков Максим Дмитриевич,прапорщик,5,21
Новиков Роман Павлович,прапорщик,7,37
Соловьёв Кирилл Дмитриевич,рядовой,6,31
Соколов Сергей Романович,лейтенант,9,50
Борисов Никита Павлович,прапорщик,10,58
Егоров Евгений Юрьевич,прапорщик,11,59
Лебедев Илья Кириллович,полковник,8,57
Кузнецов Павел Иванович,рядовой,11,31
Алексеев Юрий Иванович,сержант,3,19
Сидоров Виктор Олегович,прапорщик,12,27
Сидоров Иван Александрович,лейтенант,7,42
Соколов Евгений Павлович,сержант,12,46
Макаров Роман Кириллович,капитан,6,32
Павлов Сергей Олегович,капитан,9,22
Яковлев Константин Максимович,лейтенант,5,34
Кочергин Илья Иванович,лейтенант,2,21
Морозов Илья Дмитриевич,прапорщик,8,19
Захаров Александр Алексеевич,сержант,9,25
Андреев Егор Юрьевич,рядовой,7,48
Михайлов Никита Кириллович,полковник,4,60
Яковлев Степан Кириллович,сержант,10,48
Лебедев Константин Алексеевич,полковник,3,19
Зайцев Константин Иванович,сержант,2,53
Козлов Виктор Дмитриевич,капитан,5,39
Михайлов Матвей Никитич,капитан,3,39
Борисов Максим Алексеевич,полковник,1,20
Андреев Артём Павлович,сержант,12,39
Васильев Иван Сергеевич,полковник,6,35
Степанов Максим Алексеевич,сержант,6,46
Макаров Михаил Олегович,майор,2,40
Михайлов Виктор Дмитриевич,лейтенант,9,49
Николаев Егор Сергеевич,сержант,4,59
Борисов Матвей Викторович,лейтенант,9,49
Соловьёв Александр Юрьевич,лейтенант,10,44
Орлов Александр Викторович,сержант,7,55
Захаров Максим Максимович,лейтенант,4,49
Соколов Никита Сергеевич,лейтенант,6,18
Кочергин Константин Сергеевич,майор,5,34
Макаров Виктор Никитич,прапорщик,11,19
Новиков Дмитрий Никитич,майор,7,42
Смирнов Роман Иванович,капитан,5,34
Никитин Егор Иванович,капитан,6,51
Попов Никита Дмитриевич,сержант,12,31
Макаров Кирилл Олегович,лейтенант,5,32
Соловьёв Егор Павлович,лейтенант,12,24
Егоров Артём Ильич,майор,10,25
Николаев Егор Павлович,сержант,11,57
Петров Илья Сергеевич,рядовой,10,27
Лебедев Матвей Юрьевич,полковник,9,20
Васильев Роман Алексеевич,лейтенант,9,23
Васильев Дмитрий Юрьевич,сержант,3,29
Семёнов Кирилл Юрьевич,полковник,9,48
Макаров Евгений Олегович,лейтенант,9,26
Алексеев Кирилл Ильич,капитан,10,18
Алексеев Денис Алексеевич,лейтенант,11,57
Орлов Евгений Андреевич,капитан,3,54
Иванов Александр Иванович,сержант,12,49
Козлов Олег Дмитриевич,прапорщик,12,49
Новиков Иван Романович,сержант,11,45
Макаров Виктор Алексеевич,сержант,4,36
Фёдоров Никита Юрьевич,лейтенант,11,57
Николаев Алексей Андреевич,сержант,12,40
Сидоров Максим Ильич,майор,2,53
Новиков Дмитрий Ильич,рядовой,11,21
Яковлев Илья Олегович,капитан,9,46
Сидоров Дмитрий Михайлович,майор,1,40
Сидоров Артём Сергеевич,капитан,8,23
Андреев Артём Олегович,сержант,5,28
Макаров Константин Александрович,рядовой,12,24
Андреев Дмитрий Юрьевич,майор,8,21
Яковлев Денис Юрьевич,лейтенант,10,21
Соколов Илья Викторович,майор,11,28
Васильев Константин Алексеевич,сержант,9,46
Васильев Максим Алексеевич,лейтенант,7,42
Соловьёв Константин Михайлович,прапорщик,8,38
Алексеев Сергей Ильич,капитан,4,36
Орлов Сергей Дмитриевич,сержант,6,46
Макаров Олег Сергеевич,полковник,2,23
Захаров Никита Олегович,прапорщик,11,38
Егоров Никита Михайлович,лейтенант,11,44
Попов Сергей Михайлович,лейтенант,3,23
Андреев Матвей Кириллович,капитан,4,30
Павлов Александр Максимович,сержант,2,30
Соколов Константин Алексеевич,рядовой,11,19
Васильев Денис Павлович,капитан,5,30
Андреев Александр Алексеевич,сержант,10,49
Петров Сергей Олегович,прапорщик,12,40
Морозов Юрий Андреевич,капитан,1,57
Иванов Степан Михайлович,полковник,7,39
Егоров Александр Михайлович,капитан,9,54
Сидоров Денис Олегович,майор,9,57
Алексеев Евгений Юрьевич,полковник,11,31
Павлов Юрий Олегович,майор,12,18
Лебедев Константин Викторович,полковник,8,23
Андреев Егор Ильич,капитан,8,54
Захаров Роман Романович,полковник,9,60
Егоров Юрий Викторович,полковник,3,35
Никитин Андрей Дмитриевич,капитан,2,44
Степанов Артём Кириллович,капитан,1,26
Петров Степан Павлович,капитан,3,30
Яковлев Дмитрий Юрьевич,прапорщик,12,51
Егоров Кирилл Кириллович,полковник,11,20
Зайцев Илья Павлович,полковник,6,54
Соколов Илья Романович,лейтенант,5,50
Макаров Константин Олегович,рядовой,7,32
Павлов Алексей Олегович,капитан,9,55
Орлов Сергей Олегович,лейтенант,8,57
Макаров Артём Андреевич,майор,7,39
Зайцев Дмитрий Максимович,капитан,7,54
Кочергин Алексей Олегович,лейтенант,2,29
Морозов Кирилл Александрович,лейтенант,7,46
Лебедев Константин Никитич,полковник,11,23
Иванов Кирилл Ильич,лейтенант,9,19
Семёнов Артём Никитич,сержант,12,36
Борисов Степан Михайлович,полковник,11,35
Соловьёв Александр Дмитриевич,сержант,8,33
Захаров Александр Викторович,сержант,8,41
Захаров Павел Никитич,рядовой,5,50
Егоров Александр Олегович,полковник,4,18
Лебедев Юрий Дмитриевич,майор,3,19
Андреев Иван Максимович,капитан,2,28
Степанов Степан Иванович,сержант,2,40
Борисов Сергей Никитич,рядовой,11,18
Степанов Михаил Максимович,сержант,10,49
Попов Сергей Александрович,прапорщик,9,40
Соколов Евгений Олегович,майор,9,19
Никитин Олег Максимович,майор,7,35
Морозов Артём Михайлович,рядовой,12,53
Орлов Павел Александрович,капитан,3,57
Смирнов Максим Никитич,полковник,9,51
Никитин Артём Сергеевич,майор,10,51
Соколов Иван Романович,сержант,4,24
Морозов Никита Максимович,рядовой,12,44
Степанов Сергей Викторович,рядовой,2,57
Захаров Максим Павлович,прапорщик,6,47
Алексеев Александр Викторович,прапорщик,9,57
Зайцев Матвей Дмитриевич,лейтенант,4,41
Захаров Константин Олегович,полковник,8,20
Алексеев Александр Ильич,сержант,3,35
Макаров Александр Михайлович,сержант,11,19
Соловьёв Егор Максимович,полковник,3,45
Алексеев Сергей Иванович,рядовой,1,27
Павлов Александр Дмитриевич,лейтенант,9,57
Павлов Денис Кириллович,рядовой,5,30
Соловьёв Сергей Андреевич,сержант,9,34
Орлов Константин Сергеевич,рядовой,2,47
Иванов Егор Кириллович,лейтенант,1,39
Семёнов Евгений Павлович,капитан,6,58
Павлов Матвей Александрович,майор,7,34
Егоров Никита Иванович,полковник,10,23
Фёдоров Кирилл Ильич,полковник,9,23
Кочергин Илья Викторович,полковник,12,37
Лебедев Никита Сергеевич,полковник,12,40
Соловьёв Михаил Дмитриевич,прапорщик,11,28
Алексеев Михаил Сергеевич,рядовой,12,42
Сидоров Никита Ильич,капитан,5,33
Егоров Андрей Дмитриевич,майор,11,41
Попов Евгений Юрьевич,полковник,9,25
Макаров Степан Максимович,капитан,2,50
Орлов Андрей Кириллович,прапорщик,10,31
Степанов Илья Сергеевич,сержант,2,40
Николаев Виктор Ильич,полковник,5,56
Кузнецов Егор Ильич,сержант,1,51
Захаров Роман Кириллович,майор,9,44
Кочергин Сергей Андреевич,рядовой,3,47
Михайлов Виктор Викторович,полковник,5,40
Никитин Сергей Олегович,капитан,3,51
Кочергин Дмитрий Никитич,прапорщик,6,35
Попов Степан Дмитриевич,прапорщик,4,20
Козлов Юрий Олегович,лейтенант,11,33
Никитин Денис Юрьевич,прапорщик,5,48
Макаров Александр Кириллович,лейтенант,7,34
Орлов Степан Андреевич,полковник,3,19
Иванов Евгений Алексеевич,сержант,8,29
Морозов Денис Кириллович,майор,4,43
Зайцев Матвей Иванович,сержант,6,38
Соловьёв Дмитрий Павлович,сержант,10,56
Петров Илья Викторович,полковник,8,21
Макаров Михаил Романович,капитан,12,60
Никитин Матвей Андреевич,лейтенант,8,43
Петров Константин Ильич,полковник,11,52
Михайлов Константин Сергеевич,лейтенант,7,22
Лебедев Кирилл Романович,сержант,12,58
Макаров Денис Александрович,сержант,9,53
Иванов Матвей Алексеевич,рядовой,2,39
Павлов Евгений Иванович,прапорщик,11,35
Андреев Егор Дмитриевич,полковник,8,36
Павлов Роман Максимович,прапорщик,11,30
Макаров Дмитрий Сергеевич,рядовой,4,56
Егоров Егор Дмитриевич,майор,7,35
Смирнов Олег Александрович,сержант,2,23
Сидоров Иван Алексеевич,лейтенант,8,54
Степанов Матвей Никитич,полковник,11,38
Егоров Илья Ильич,капитан,10,19
Николаев Егор Иванович,майор,6,45
Михайлов Кирилл Романович,сержант,2,39
Новиков Михаил Олегович,прапорщик,9,37
Кочергин Константин Романович,лейтенант,5,27
Сидоров Максим Дмитриевич,полковник,6,33
Смирнов Матвей Кириллович,рядовой,3,37
Фёдоров Дмитрий Павлович,лейтенант,10,38
Кузнецов Алексей Павлович,майор,5,36
Иванов Павел Романович,майор,1,44
Борисов Виктор Романович,сержант,4,41
Лебедев Денис Сергеевич,майор,9,54
Зайцев Дмитрий Максимович,майор,2,34
Михайлов Михаил Викторович,полковник,11,23
Попов Андрей Андреевич,лейтенант,10,38
Соловьёв Михаил Романович,лейтенант,9,30
Соколов Кирилл Андреевич,прапорщик,8,38
Михайлов Денис Александрович,сержант,8,26
Фёдоров Олег Юрьевич,лейтенант,7,18
Петров Максим Сергеевич,майор,6,51
Кочергин Юрий Дмитриевич,капитан,10,42
Смирнов Евгений Сергеевич,полковник,11,42
Орлов Денис Дмитриевич,рядовой,4,18
Никитин Константин Дмитриевич,рядовой,7,38
Захаров Александр Кириллович,полковник,5,39
Орлов Михаил Сергеевич,полковник,12,24
Иванов Денис Юрьевич,капитан,7,49
Егоров Михаил Никитич,прапорщик,4,23
Зайцев Алексей Ильич,лейтенант,1,39
Фёдоров Кирилл Юрьевич,прапорщик,1,39
Никитин Денис Александрович,капитан,10,35
Иванов Иван Ильич,майор,9,29
Орлов Юрий Михайлович,сержант,9,30
Соловьёв Виктор Романович,лейтенант,6,55
Лебедев Александр Максимович,рядовой,10,24
Михайлов Степан Дмитриевич,капитан,3,45
Степанов Михаил Павлович,капитан,5,42
Новиков Дмитрий Кириллович,полковник,5,36
Лебедев Олег Алексеевич,прапорщик,7,36
Семёнов Степан Александрович,рядовой,2,35
Степанов Евгений Иванович,полковник,11,42
Андреев Роман Алексеевич,рядовой,10,20
Сидоров Дмитрий Ильич,сержант,1,36
Орлов Никита Александрович,прапорщик,4,40
Новиков Илья Михайлович,прапорщик,11,59
Васильев Михаил Сергеевич,капитан,2,29
Никитин Евгений Олегович,полковник,6,57
Фёдоров Евгений Сергеевич,сержант,10,56
Петров Степан Никитич,капитан,6,42
Лебедев Павел Романович,сержант,9,54
Васильев Илья Иванович,сержант,8,57
Алексеев Матвей Олегович,капитан,11,47
Петров Юрий Сергеевич,сержант,12,25
Кузнецов Максим Павлович,полковник,11,54
Егоров Виктор Романович,лейтенант,9,39
Захаров Дмитрий Романович,рядовой,6,48
Орлов Константин Алексеевич,полковник,1,52
Орлов Виктор Алексеевич,майор,4,36
Кузнецов Денис Андреевич,полковник,5,22
Кочергин Константин Алексеевич,майор,6,55
Павлов Михаил Никитич,сержант,3,19
Макаров Алексей Олегович,сержант,10,28
Макаров Сергей Ильич,полковник,4,41
Соловьёв Андрей Дмитриевич,майор,7,32
Петров Александр Алексеевич,майор,11,29
Васильев Денис Максимович,рядовой,2,51
Яковлев Никита Андреевич,рядовой,4,36
Зайцев Евгений Ильич,майор,6,26
Борисов Денис Павлович,прапорщик,6,54
Фёдоров Иван Павлович,полковник,8,54
Сидоров Денис Романович,рядовой,3,30
Макаров Роман Михайлович,сержант,7,26
Семёнов Сергей Сергеевич,рядовой,4,43
Соколов Александр Максимович,майор,9,39
Васильев Денис Ильич,полковник,5,51
Сидоров Сергей Иванович,полковник,11,44
Орлов Алексей Максимович,майор,12,21
Васильев Евгений Дмитриевич,сержант,9,26
Иванов Сергей Иванович,капитан,6,57
Васильев Олег Дмитриевич,рядовой,6,20
Яковлев Олег Михайлович,рядовой,2,40
Кочергин Андрей Павлович,рядовой,3,52
Зайцев Илья Максимович,прапорщик,12,44
Васильев Виктор Романович,полковник,5,36
Зайцев Евгений Романович,рядовой,5,27
Борисов Олег Олегович,лейтенант,9,23
Орлов Артём Иванович,капитан,9,55
Васильев Артём Романович,майор,3,33
Смирнов Денис Павлович,полковник,2,31
Андреев Егор Никитич,полковник,2,51
Орлов Артём Михайлович,лейтенант,3,55
Егоров Кирилл Максимович,рядовой,7,49
Михайлов Михаил Сергеевич,майор,12,42
Егоров Илья Алексеевич,полковник,5,18
Новиков Артём Ильич,рядовой,8,50
Павлов Дмитрий Кириллович,полковник,5,42
Алексеев Кирилл Максимович,полковник,9,48
Васильев Сергей Иванович,полковник,3,18
Кузнецов Иван Павлович,полковник,6,20
Степанов Константин Романович,капитан,8,44
Андреев Сергей Алексеевич,майор,11,37
Орлов Юрий Никитич,полковник,6,19
Лебедев Константин Ильич,рядовой,5,32
Павлов Роман Викторович,лейтенант,12,59
Никитин Артём Алексеевич,майор,11,21
Кузнецов Сергей Никитич,прапорщик,12,46
Михайлов Никита Викторович,прапорщик,1,50
Кочергин Никита Юрьевич,сержант,4,57
Зайцев Константин Олегович,сержант,1,34
Сидоров Максим Олегович,полковник,9,51
Петров Денис Кириллович,рядовой,9,33
Попов Олег Юрьевич,лейтенант,4,30
Егоров Евгений Максимович,лейтенант,7,31
Семёнов Сергей Михайлович,сержант,4,18
Сидоров Алексей Дмитриевич,полковник,12,52
Лебедев Максим Михайлович,лейтенант,7,27
Козлов Артём Михайлович,майор,1,40
Никитин Юрий Михайлович,сержант,12,50
Борисов Виктор Дмитриевич,майор,2,60
Петров Илья Юрьевич,сержант,9,36
Новиков Илья Максимович,майор,4,42
Михайлов Евгений Павлович,капитан,5,39
Степанов Степан Дмитриевич,майор,2,27
Сидоров Олег Романович,полковник,7,51
Степанов Андрей Михайлович,лейтенант,8,48
Кочергин Кирилл Никитич,лейтенант,5,44
Андреев Алексей Кириллович,лейтенант,12,50
Смирнов Максим Михайлович,майор,9,36
Попов Артём Никитич,лейтенант,3,37
Егоров Дмитрий Викторович,капитан,6,45
Соколов Виктор Андреевич,сержант,4,48
Михайлов Артём Андреевич,сержант,3,52
Попов Михаил Кириллович,майор,4,25
Степанов Роман Сергеевич,майор,10,41
Андреев Михаил Сергеевич,рядовой,3,24
Николаев Александр Алексеевич,капитан,1,34
Попов Андрей Олегович,сержант,7,21
Андреев Олег Кириллович,сержант,3,21
Кочергин Павел Александрович,капитан,2,18
Михайлов Степан Олегович,лейтенант,10,44
Захаров Константин Сергеевич,лейтенант,2,22
Макаров Олег Никитич,сержант,6,58
Захаров Матвей Павлович,сержант,4,20
Зайцев Константин Ильич,майор,5,50
Лебедев Андрей Романович,лейтенант,6,45
Алексеев Илья Александрович,капитан,12,35
Николаев Юрий Дмитриевич,лейтенант,12,39
Кузнецов Матвей Кириллович,сержант,12,58
Фёдоров Максим Александрович,лейтенант,10,19
Сидоров Евгений Сергеевич,капитан,11,59
Иванов Кирилл Дмитриевич,капитан,9,29
Захаров Александр Олегович,сержант,8,40
Смирнов Юрий Александрович,полковник,3,33
Петров Максим Михайлович,полковник,5,59
Кузнецов Александр Дмитриевич,сержант,4,40
Борисов Степан Романович,сержант,1,52
Михайлов Илья Александрович,лейтенант,4,35
Петров Денис Алексеевич,рядовой,5,48
Степанов Роман Павлович,рядовой,11,18
Михайлов Кирилл Дмитриевич,рядовой,9,27
Николаев Кирилл Ильич,майор,12,38
Михайлов Михаил Максимович,прапорщик,11,43
Кочергин Евгений Олегович,майор,11,45
Михайлов Виктор Романович,полковник,3,39
Михайлов Роман Иванович,сержант,12,34
Степанов Егор Алексеевич,прапорщик,5,19
Захаров Евгений Сергеевич,майор,2,23
Фёдоров Артём Михайлович,прапорщик,3,58
Соколов Роман Никитич,сержант,4,58
Захаров Кирилл Максимович,полковник,3,58
Макаров Дмитрий Викторович,прапорщик,10,34
Степанов Павел Ильич,лейтенант,2,19
Семёнов Андрей Сергеевич,майор,4,52
Козлов Илья Михайлович,капитан,2,26
Иванов Роман Викторович,рядовой,12,38
Захаров Роман Михайлович,сержант,6,45
Иванов Илья Александрович,капитан,1,58
Соколов Дмитрий Никитич,рядовой,9,46
Васильев Артём Михайлович,полковник,2,53
Васильев Степан Юрьевич,рядовой,1,24
Сидоров Алексей Романович,рядовой,10,21
Борисов Артём Юрьевич,лейтенант,1,29
Сидоров Евгений Ильич,рядовой,5,19
Павлов Олег Юрьевич,сержант,10,31
Яковлев Михаил Викторович,капитан,1,32
Борисов Алексей Александрович,капитан,4,31
Николаев Евгений Романович,прапорщик,11,21
Новиков Александр Романович,капитан,1,34
Смирнов Евгений Андреевич,полковник,1,53
Морозов Виктор Михайлович,лейтенант,8,56
Михайлов Никита Александрович,майор,1,41
Орлов Александр Никитич,рядовой,12,29
Павлов Степан Сергеевич,прапорщик,11,25
Андреев Андрей Максимович,лейтенант,2,37
Новиков Кирилл Юрьевич,рядовой,4,56
Попов Артём Дмитриевич,капитан,10,46
Макаров Максим Михайлович,майор,6,35
Кочергин Сергей Олегович,рядовой,7,48
Егоров Евгений Михайлович,сержант,7,48
Иванов Андрей Павлович,рядовой,9,59
Николаев Евгений Викторович,капитан,2,19
Козлов Дмитрий Александрович,прапорщик,2,41
Васильев Павел Алексеевич,прапорщик,10,56
Сидоров Артём Дмитриевич,прапорщик,1,41
Михайлов Егор Александрович,полковник,7,33
Егоров Денис Никитич,прапорщик,10,37
Семёнов Евгений Андреевич,сержант,10,53
Кочергин Илья Андреевич,лейтенант,1,52
Захаров Денис Максимович,сержант,8,19
Козлов Павел Андреевич,сержант,1,36
Захаров Олег Алексеевич,лейтенант,12,46
Попов Константин Михайлович,капитан,4,41
Петров Андрей Викторович,рядовой,12,40
Соколов Никита Михайлович,лейтенант,9,28
Алексеев Степан Олегович,прапорщик,12,18
Захаров Илья Романович,рядовой,11,55
Попов Дмитрий Дмитриевич,рядовой,5,31
Макаров Сергей Максимович,рядовой,4,60
Павлов Михаил Олегович,майор,6,44
Захаров Егор Алексеевич,сержант,7,56
Никитин Матвей Викторович,рядовой,11,58
Семёнов Денис Иванович,прапорщик,9,21
Степанов Матвей Юрьевич,сержант,3,56
Андреев Максим Максимович,майор,9,29
Степанов Дмитрий Алексеевич,рядовой,11,50
Николаев Юрий Максимович,рядовой,11,27
Васильев Александр Александрович,лейтенант,9,25
Фёдоров Алексей Ильич,капитан,10,22
Козлов Артём Кириллович,полковник,9,33
Алексеев Дмитрий Ильич,капитан,11,58
Петров Егор Алексеевич,рядовой,5,25
Петров Егор Максимович,майор,5,48
Степанов Артём Михайлович,рядовой,2,36
Егоров Степан Павлович,майор,10,47
Сидоров Егор Сергеевич,полковник,8,43
Семёнов Юрий Ильич,сержант,1,24
Сидоров Кирилл Викторович,лейтенант,4,20
Николаев Алексей Никитич,майор,12,42
Степанов Андрей Александрович,сержант,9,25
Фёдоров Виктор Юрьевич,рядовой,3,38
Соловьёв Юрий Кириллович,рядовой,8,46
Яковлев Денис Ильич,капитан,5,32
Алексеев Егор Андреевич,прапорщик,2,55
Кузнецов Олег Максимович,лейтенант,5,55
Смирнов Юрий Олегович,прапорщик,12,52
Козлов Михаил Викторович,полковник,10,33
Степанов Егор Максимович,прапорщик,5,50
Сидоров Матвей Олегович,прапорщик,1,26
Кузнецов Максим Никитич,прапорщик,10,23
Морозов Олег Максимович,капитан,7,58
Зайцев Илья Павлович,майор,3,51
Соловьёв Евгений Викторович,капитан,6,58
Захаров Михаил Александрович,капитан,10,60
Новиков Степан Андреевич,сержант,2,20
Борисов Степан Романович,капитан,2,43
Васильев Олег Максимович,рядовой,12,49
Новиков Максим Олегович,лейтенант,9,28
Попов Роман Сергеевич,лейтенант,12,60
Макаров Виктор Ильич,сержант,6,57
Семёнов Степан Александрович,майор,6,28
Кочергин Александр Иванович,рядовой,3,48
Никитин Денис Викторович,капитан,12,40
Павлов Алексей Александрович,рядовой,9,59
Михайлов Степан Алексеевич,рядовой,4,42
Орлов Никита Александрович,полковник,5,28
Сидоров Иван Максимович,полковник,5,24
Иванов Евгений Александрович,лейтенант,3,58
Никитин Матвей Михайлович,сержант,5,27
Николаев Денис Олегович,рядовой,3,23
Семёнов Андрей Михайлович,полковник,5,18
Морозов Константин Алексеевич,лейтенант,6,58
Семёнов Михаил Михайлович,майор,6,58
Васильев Константин Дмитриевич,прапорщик,1,33
Лебедев Сергей Ильич,лейтенант,11,59
Васильев Дмитрий Викторович,лейтенант,5,38
Петров Артём Викторович,лейтенант,2,43
Степанов Иван Викторович,майор,3,33
Семёнов Олег Романович,майор,9,55
Козлов Максим Михайлович,полковник,5,39
Павлов Павел Александрович,прапорщик,12,46
Соколов Матвей Александрович,капитан,4,38
Соколов Виктор Дмитриевич,лейтенант,4,18
Орлов Дмитрий Викторович,сержант,10,23
Егоров Александр Олегович,лейтенант,3,49
Васильев Юрий Алексеевич,рядовой,10,50
Смирнов Кирилл Иванович,рядовой,8,57
Соколов Евгений Максимович,прапорщик,3,26
Егоров Сергей Кириллович,сержант,2,34
Кочергин Константин Олегович,рядовой,2,47
Михайлов Иван Александрович,прапорщик,5,45
Кузнецов Михаил Павлович,капитан,5,50
Козлов Егор Максимович,полковник,10,24
Козлов Андрей Максимович,полковник,12,49
Орлов Иван Никитич,сержант,8,32
Соловьёв Алексей Иванович,сержант,2,42
Соловьёв Константин Ильич,капитан,6,44
Фёдоров Павел Максимович,майор,3,54
Макаров Юрий Романович,полковник,7,42
Васильев Илья Ильич,рядовой,2,60
Борисов Степан Никитич,полковник,6,28
Михайлов Юрий Дмитриевич,лейтенант,8,29
Кочергин Сергей Андреевич,сержант,6,59
Кузнецов Константин Михайлович,полковник,6,44
Соколов Матвей Юрьевич,лейтенант,4,45
Морозов Юрий Никитич,капитан,8,27
Морозов Павел Викторович,капитан,4,47
Соловьёв Евгений Андреевич,майор,5,45
Козлов Алексей Олегович,капитан,11,39
Фёдоров Андрей Никитич,полковник,5,36
Захаров Юрий Олегович,капитан,6,36
Соколов Матвей Дмитриевич,прапорщик,3,48
Кочергин Кирилл Иванович,капитан,6,20
Павлов Виктор Павлович,сержант,12,48
Зайцев Иван Максимович,сержант,7,45
Лебедев Илья Александрович,полковник,12,18
Лебедев Матвей Викторович,рядовой,7,22
Андреев Олег Иванович,прапорщик,12,50
Фёдоров Максим Олегович,майор,1,23
Васильев Алексей Александрович,капитан,5,44
Сидоров Иван Кириллович,рядовой,1,33
Кочергин Илья Александрович,майор,5,36
Смирнов Никита Павлович,капитан,4,18
Петров Иван Сергеевич,сержант,1,45
Захаров Никита Александрович,капитан,2,39
Кочергин Александр Ильич,лейтенант,5,38
Михайлов Андрей Ильич,сержант,5,57
Соловьёв Евгений Юрьевич,прапорщик,3,21
Михайлов Максим Юрьевич,лейтенант,9,31
Павлов Никита Александрович,лейтенант,2,32
Новиков Александр Викторович,прапорщик,10,25
Павлов Роман Алексеевич,лейтенант,5,28
Яковлев Никита Олегович,рядовой,9,58
Макаров Павел Олегович,полковник,9,52
Захаров Иван Олегович,сержант,2,28
Соколов Иван Юрьевич,рядовой,10,29
Борисов Дмитрий Алексеевич,майор,8,22
Кочергин Андрей Юрьевич,сержант,12,29
Зайцев Илья Александрович,сержант,5,29
Семёнов Никита Иванович,майор,4,45
Лебедев Виктор Андреевич,майор,6,50
Соловьёв Кирилл Ильич,лейтенант,5,45
Сидоров Кирилл Ильич,рядовой,10,29
Соколов Юрий Максимович,полковник,1,20
Захаров Михаил Олегович,полковник,7,51
Фёдоров Артём Юрьевич,майор,4,37
Фёдоров Максим Алексеевич,майор,11,28
Никитин Михаил Андреевич,капитан,6,29
Михайлов Степан Никитич,полковник,5,60
Никитин Михаил Кириллович,рядовой,4,42
Смирнов Сергей Андреевич,рядовой,6,43
Новиков Дмитрий Андреевич,полковник,10,49
Борисов Максим Олегович,полковник,3,35
Макаров Денис Сергеевич,лейтенант,12,34
Васильев Олег Дмитриевич,сержант,1,60
Новиков Александр Иванович,капитан,4,24
Николаев Сергей Дмитриевич,рядовой,3,27
Никитин Илья Павлович,рядовой,4,18
Павлов Максим Михайлович,прапорщик,3,28
Яковлев Степан Ильич,прапорщик,2,23
Новиков Юрий Андреевич,рядовой,6,40
Захаров Степан Михайлович,лейтенант,3,34
Зайцев Константин Михайлович,рядовой,7,24
Сидоров Никита Сергеевич,прапорщик,10,32
Орлов Никита Сергеевич,капитан,2,21
Николаев Сергей Никитич,майор,3,47
Попов Роман Романович,майор,8,24
Макаров Юрий Никитич,лейтенант,8,33
Смирнов Александр Олегович,майор,8,52
Соловьёв Степан Кириллович,лейтенант,8,22
Морозов Степан Иванович,лейтенант,5,28
Козлов Михаил Олегович,капитан,10,33
Фёдоров Александр Викторович,прапорщик,8,24
Соловьёв Степан Ильич,майор,4,51
Зайцев Павел Юрьевич,майор,1,43
Смирнов Денис Ильич,сержант,5,46
Николаев Никита Андреевич,капитан,5,27
Алексеев Павел Алексеевич,сержант,5,42
Зайцев Илья Сергеевич,майор,10,32
Иванов Максим Иванович,сержант,6,35
Попов Алексей Дмитриевич,капитан,2,32
Соколов Алексей Андреевич,полковник,1,29
Михайлов Константин Никитич,лейтенант,6,37
Иванов Михаил Андреевич,рядовой,5,53
Михайлов Сергей Максимович,рядовой,8,27
Андреев Артём Андреевич,рядовой,11,43
Захаров Андрей Олегович,лейтенант,8,47
Сидоров Матвей Иванович,прапорщик,10,57
Семёнов Константин Ильич,сержант,2,55
Павлов Дмитрий Кириллович,сержант,6,45
Яковлев Михаил Кириллович,сержант,6,38
Семёнов Алексей Сергеевич,прапорщик,7,47
Попов Виктор Иванович,капитан,8,25
Яковлев Олег Андреевич,капитан,2,46
Лебедев Матвей Павлович,прапорщик,9,28
Смирнов Кирилл Кириллович,сержант,11,46
Сидоров Виктор Никитич,рядовой,10,38
Морозов Алексей Романович,прапорщик,1,30
Сидоров Михаил Андреевич,капитан,11,24
Зайцев Александр Михайлович,майор,3,37
Сидоров Денис Ильич,лейтенант,8,20
Зайцев Павел Романович,лейтенант,1,54
Андреев Роман Ильич,полковник,5,24
Новиков Иван Дмитриевич,сержант,5,57
Морозов Андрей Иванович,полковник,9,38
Лебедев Денис Кириллович,майор,6,42
Степанов Александр Иванович,капитан,9,60
Фёдоров Илья Александрович,сержант,3,53
Фёдоров Андрей Олегович,полковник,6,30
Иванов Максим Алексеевич,полковник,6,57
Степанов Егор Александрович,рядовой,1,27
Борисов Денис Никитич,майор,9,36
Яковлев Сергей Никитич,лейтенант,6,23
Яковлев Никита Михайлович,рядовой,7,25
Попов Константин Викторович,прапорщик,4,30
Кочергин Максим Викторович,лейтенант,7,20
Кузнецов Роман Олегович,рядовой,11,43
Макаров Александр Дмитриевич,полковник,2,43
Козлов Олег Никитич,капитан,1,43
Соловьёв Александр Сергеевич,лейтенант,5,20
Кочергин Юрий Алексеевич,лейтенант,12,19
Степанов Олег Романович,майор,4,24
Никитин Егор Павлович,полковник,4,57
Михайлов Павел Романович,рядовой,4,23
Лебедев Дмитрий Максимович,лейтенант,12,22
Сидоров Сергей Романович,капитан,5,47
Семёнов Денис Ильич,сержант,6,22
Кузнецов Александр Дмитриевич,прапорщик,9,33
Фёдоров Никита Ильич,майор,12,37
Петров Роман Сергеевич,сержант,9,56
Козлов Виктор Кириллович,капитан,4,27
Макаров Юрий Дмитриевич,лейтенант,11,44
Кочергин Александр Юрьевич,полковник,7,34
Алексеев Александр Олегович,полковник,11,60
Петров Иван Ильич,полковник,12,42
Козлов Юрий Ильич,майор,3,56
Лебедев Андрей Кириллович,сержант,6,29
Соловьёв Алексей Александрович,прапорщик,8,30
Морозов Матвей Романович,лейтенант,12,33
Морозов Егор Михайлович,сержант,1,27
Новиков Денис Викторович,прапорщик,9,58
Николаев Егор Викторович,рядовой,5,26
Фёдоров Андрей Дмитриевич,прапорщик,9,36
Козлов Степан Викторович,капитан,6,32
Макаров Денис Никитич,капитан,8,18
Павлов Дмитрий Кириллович,прапорщик,11,41
Егоров Артём Александрович,полковник,11,28
Зайцев Никита Дмитриевич,лейтенант,4,56
Егоров Михаил Иванович,полковник,11,24
Козлов Андрей Кириллович,лейтенант,12,33
Новиков Юрий Романович,майор,3,52
Степанов Матвей Никитич,капитан,10,51
Яковлев Александр Андреевич,рядовой,3,47
Никитин Степан Сергеевич,майор,12,39
Яковлев Иван Иванович,сержант,11,37
Соколов Юрий Олегович,полковник,2,50
Никитин Иван Юрьевич,рядовой,7,36
Козлов Иван Кириллович,майор,7,60
Петров Иван Андреевич,майор,11,54
Яковлев Степан Алексеевич,сержант,6,32
Кочергин Максим Алексеевич,прапорщик,10,57
Соколов Андрей Максимович,сержант,6,38
Новиков Матвей Викторович,лейтенант,4,43
Захаров Михаил Кириллович,полковник,3,42
Семёнов Илья Никитич,лейтенант,5,25
Соловьёв Павел Михайлович,сержант,10,56
Фёдоров Кирилл Романович,сержант,11,44
Борисов Степан Павлович,сержант,2,53
Васильев Виктор Олегович,сержант,8,59
Никитин Дмитрий Ильич,майор,7,49
Морозов Юрий Кириллович,лейтенант,9,21
Морозов Александр Никитич,полковник,6,59
Кузнецов Евгений Михайлович,майор,4,25
Захаров Алексей Викторович,сержант,8,19
Попов Степан Кириллович,полковник,11,43
Соловьёв Степан Викторович,майор,6,21
Павлов Денис Павлович,капитан,6,48
Андреев Матвей Андреевич,прапорщик,9,34
Петров Виктор Кириллович,майор,9,18
Попов Илья Алексеевич,капитан,7,49
Семёнов Степан Андреевич,сержант,2,26
Иванов Иван Алексеевич,лейтенант,2,20
Зайцев Алексей Павлович,сержант,1,26
Алексеев Степан Кириллович,рядовой,1,54
Орлов Юрий Андреевич,лейтенант,1,58
Козлов Виктор Сергеевич,сержант,2,38
Соловьёв Константин Ильич,сержант,2,22
Борисов Евгений Павлович,прапорщик,2,32
Попов Артём Викторович,капитан,9,22
Егоров Олег Викторович,прапорщик,11,30
Фёдоров Константин Олегович,капитан,10,31
Козлов Денис Алексеевич,прапорщик,7,36
Попов Олег Сергеевич,полковник,6,55
Яковлев Виктор Романович,майор,8,52
Михайлов Константин Юрьевич,майор,9,25
Семёнов Александр Никитич,прапорщик,9,60
Орлов Егор Кириллович,капитан,9,32
Петров Сергей Михайлович,прапорщик,3,43
Степанов Максим Дмитриевич,прапорщик,1,33
Соколов Иван Олегович,прапорщик,11,51
Андреев Алексей Викторович,прапорщик,10,56
Сидоров Андрей Юрьевич,рядовой,12,19
Васильев Денис Павлович,лейтенант,4,55
Соловьёв Олег Никитич,сержант,11,30
Васильев Павел Дмитриевич,полковник,9,42
Соловьёв Иван Романович,прапорщик,11,49
Соловьёв Олег Викторович,полковник,12,36
Кузнецов Роман Викторович,капитан,11,43
Смирнов Егор Сергеевич,майор,7,19
Макаров Константин Никитич,майор,10,33
Борисов Степан Кириллович,майор,10,34
Сидоров Матвей Юрьевич,майор,9,46
Соколов Андрей Сергеевич,рядовой,1,20
Павлов Никита Александрович,прапорщик,8,34
Егоров Никита Иванович,прапорщик,2,34
Кочергин Олег Кириллович,полковник,11,45
Лебедев Виктор Олегович,сержант,11,59
Кочергин Александр Сергеевич,капитан,8,43
Козлов Иван Ильич,полковник,1,53
Никитин Степан Никитич,лейтенант,10,57
Павлов Михаил Сергеевич,полковник,1,42
Соловьёв Илья Павлович,сержант,3,33
Алексеев Иван Никитич,капитан,10,46
Зайцев Сергей Павлович,капитан,8,26
Егоров Денис Юрьевич,рядовой,10,20
Никитин Виктор Дмитриевич,капитан,8,43
Борисов Павел Дмитриевич,сержант,5,38
Егоров Андрей Максимович,лейтенант,12,34
Борисов Юрий Олегович,майор,3,39
Иванов Евгений Олегович,сержант,6,34
Борисов Виктор Максимович,полковник,9,49
Захаров Александр Павлович,лейтенант,12,28
Смирнов Михаил Кириллович,капитан,7,41
Борисов Иван Ильич,рядовой,2,26
Смирнов Кирилл Максимович,лейтенант,2,28
Иванов Максим Михайлович,полковник,1,21
Лебедев Кирилл Кириллович,полковник,9,45
Михайлов Артём Александрович,лейтенант,6,57
Козлов Никита Юрьевич,рядовой,12,40
Смирнов Евгений Олегович,сержант,10,46
Соловьёв Павел Алексеевич,сержант,1,60
Козлов Никита Романович,сержант,3,59
Макаров Андрей Сергеевич,майор,9,25
Попов Максим Ильич,полковник,6,42
Егоров Андрей Иванович,полковник,1,34
Соловьёв Матвей Романович,рядовой,3,42
Николаев Сергей Романович,сержант,1,58
Захаров Роман Кириллович,полковник,12,55
Семёнов Артём Викторович,прапорщик,5,28
Новиков Павел Кириллович,капитан,1,56
Попов Сергей Максимович,лейтенант,6,20
Павлов Дмитрий Никитич,рядовой,7,32
Кочергин Михаил Александрович,рядовой,1,50
Никитин Илья Михайлович,майор,1,33
Фёдоров Евгений Юрьевич,полковник,4,42
Соколов Сергей Кириллович,сержант,11,55
Борисов Дмитрий Романович,сержант,5,35
Соловьёв Алексей Романович,рядовой,2,30
Андреев Олег Андреевич,рядовой,5,35
Егоров Александр Олегович,майор,9,41
Васильев Дмитрий Ильич,сержант,1,22
Смирнов Илья Кириллович,майор,4,60
Васильев Юрий Михайлович,капитан,9,48
Смирнов Михаил Никитич,майор,2,37
Захаров Евгений Павлович,капитан,10,31
Зайцев Илья Андреевич,полковник,6,37
Николаев Дмитрий Андреевич,сержант,2,57
Семёнов Никита Олегович,майор,8,33
Кузнецов Степан Юрьевич,капитан,9,41
Семёнов Кирилл Ильич,рядовой,12,18
Васильев Роман Никитич,капитан,9,46
Орлов Денис Алексеевич,лейтенант,12,44
Зайцев Никита Дмитриевич,рядовой,4,22
Попов Степан Павлович,капитан,12,51
Егоров Матвей Олегович,прапорщик,7,21
Захаров Матвей Никитич,лейтенант,4,34
Лебедев Евгений Дмитриевич,полковник,1,50
Сидоров Максим Никитич,сержант,9,19
Павлов Илья Андреевич,рядовой,1,42
Андреев Юрий Максимович,полковник,8,24
Борисов Степан Максимович,рядовой,3,46
Михайлов Иван Никитич,полковник,8,34
Алексеев Денис Ильич,капитан,1,42
Николаев Александр Алексеевич,прапорщик,9,56
Сидоров Дмитрий Кириллович,рядовой,8,19
Иванов Матвей Романович,прапорщик,10,21
Кочергин Кирилл Иванович,сержант,12,37
Павлов Денис Юрьевич,сержант,9,38
Новиков Иван Максимович,майор,12,35
Попов Илья Максимович,лейтенант,1,46
Егоров Евгений Юрьевич,прапорщик,5,49
Макаров Сергей Юрьевич,полковник,11,35
Егоров Александр Никитич,сержант,4,47
Егоров Михаил Романович,капитан,12,30
Фёдоров Дмитрий Павлович,рядовой,4,47
Никитин Матвей Дмитриевич,сержант,2,48
Иванов Никита Михайлович,капитан,9,36
Николаев Никита Александрович,полковник,10,44
Новиков Илья Ильич,лейтенант,6,50
Степанов Юрий Дмитриевич,майор,4,20
Зайцев Александр Ильич,лейтенант,10,43
Новиков Егор Викторович,майор,4,41
Павлов Роман Романович,майор,12,46
Лебедев Никита Романович,майор,6,47
Соловьёв Егор Иванович,сержант,5,23
Николаев Егор Дмитриевич,сержант,10,39
Андреев Алексей Максимович,лейтенант,7,44
Фёдоров Иван Дмитриевич,прапорщик,11,46
Алексеев Артём Павлович,рядовой,11,19
Захаров Максим Александрович,рядовой,6,45
Васильев Павел Олегович,сержант,10,51
Макаров Матвей Кириллович,рядовой,6,32
Васильев Михаил Алексеевич,полковник,3,19
Иванов Никита Викторович,прапорщик,8,59
Степанов Денис Александрович,рядовой,11,46
Лебедев Андрей Сергеевич,майор,5,23
Козлов Степан Ильич,рядовой,6,52
Борисов Денис Романович,лейтенант,4,46
Новиков Дмитрий Александрович,полковник,4,27
Семёнов Юрий Кириллович,майор,1,20
Зайцев Степан Романович,капитан,12,28
Егоров Матвей Андреевич,сержант,9,42
Никитин Степан Сергеевич,полковник,6,50
Яковлев Кирилл Андреевич,полковник,9,49
Лебедев Илья Михайлович,рядовой,11,25
Морозов Кирилл Викторович,майор,10,28
Козлов Никита Викторович,капитан,9,39
Соловьёв Андрей Павлович,прапорщик,9,31
Яковлев Роман Кириллович,полковник,11,47
Васильев Матвей Кириллович,капитан,10,60
Кузнецов Максим Дмитриевич,сержант,4,34
Иванов Иван Андреевич,полковник,2,45
Козлов Роман Ильич,капитан,4,58
Козлов Андрей Иванович,полковник,2,47
Орлов Никита Иванович,майор,6,45
Козлов Дмитрий Иванович,капитан,3,50
Соколов Илья Ильич,майор,12,38
Семёнов Павел Олегович,лейтенант,10,19
Сидоров Олег Михайлович,капитан,3,54
Козлов Дмитрий Павлович,лейтенант,4,49
Сидоров Матвей Олегович,рядовой,10,34
Семёнов Никита Максимович,прапорщик,2,59
Соколов Матвей Андреевич,полковник,3,44
Соловьёв Константин Александрович,лейтенант,7,40
Павлов Олег Андреевич,капитан,3,40
Козлов Артём Романович,рядовой,1,47
Никитин Евгений Иванович,рядовой,5,48
Смирнов Сергей Дмитриевич,полковник,8,21
Яковлев Дмитрий Кириллович,сержант,6,39
Соловьёв Константин Дмитриевич,капитан,11,39
Яковлев Егор Юрьевич,прапорщик,5,20
Петров Матвей Сергеевич,майор,4,59
Захаров Михаил Романович,прапорщик,4,60
Захаров Роман Викторович,майор,6,35
Соколов Егор Дмитриевич,полковник,7,27
Макаров Егор Романович,прапорщик,6,53
Михайлов Алексей Никитич,прапорщик,8,34
Васильев Андрей Павлович,капитан,7,58
Зайцев Виктор Иванович,лейтенант,1,47
Никитин Никита Михайлович,лейтенант,6,36
Соколов Андрей Михайлович,лейтенант,6,24
Николаев Денис Михайлович,прапорщик,4,53
Новиков Кирилл Ильич,майор,7,40
Зайцев Сергей Олегович,полковник,2,41
Семёнов Никита Павлович,сержант,2,32
Соловьёв Максим Максимович,лейтенант,8,44
Кузнецов Виктор Михайлович,майор,12,40
Макаров Андрей Михайлович,лейтенант,4,29
Орлов Алексей Дмитриевич,полковник,10,49
Андреев Евгений Никитич,лейтенант,5,24
Никитин Матвей Викторович,рядовой,1,33
Соловьёв Александр Олегович,сержант,8,39
Смирнов Сергей Никитич,рядовой,6,24
Яковлев Алексей Дмитриевич,полковник,3,50
Новиков Олег Олегович,полковник,5,30
Никитин Олег Викторович,рядовой,1,28
Фёдоров Александр Сергеевич,майор,10,42
Кочергин Алексей Юрьевич,рядовой,4,57
Сидоров Артём Сергеевич,полковник,11,23
Морозов Денис Алексеевич,рядовой,4,28
Иванов Юрий Ильич,рядовой,5,40
Соловьёв Илья Дмитриевич,майор,1,60
Семёнов Иван Павлович,лейтенант,1,22
Зайцев Иван Юрьевич,рядовой,8,31
Семёнов Денис Павлович,лейтенант,10,33
Лебедев Денис Михайлович,лейтенант,12,47
Михайлов Кирилл Сергеевич,майор,7,24
Попов Виктор Алексеевич,сержант,1,54
Борисов Матвей Сергеевич,майор,5,58
Морозов Дмитрий Дмитриевич,полковник,8,58
Морозов Роман Максимович,майор,5,20
Новиков Роман Михайлович,майор,1,35
Смирнов Кирилл Романович,сержант,10,59
Алексеев Егор Кириллович,сержант,1,53
Михайлов Михаил Романович,полковник,3,47
Борисов Павел Сергеевич,прапорщик,9,54
Сидоров Павел Сергеевич,прапорщик,7,28
Петров Евгений Иванович,прапорщик,6,41
Семёнов Дмитрий Александрович,прапорщик,3,22
Никитин Кирилл Юрьевич,рядовой,4,58
Павлов Александр Романович,сержант,9,27
Новиков Павел Максимович,капитан,3,56
Новиков Роман Ильич,рядовой,9,24
Степанов Александр Максимович,полковник,3,24
Иванов Иван Алексеевич,рядовой,1,31
Павлов Александр Максимович,капитан,9,46
Морозов Михаил Иванович,капитан,12,20
Борисов Павел Александрович,рядовой,5,58
Павлов Алексей Юрьевич,сержант,6,55
Сидоров Егор Олегович,капитан,2,40
Кузнецов Роман Максимович,прапорщик,1,27
Николаев Денис Юрьевич,прапорщик,8,48
Егоров Алексей Романович,рядовой,6,30
Морозов Алексей Никитич,рядовой,10,19
Егоров Александр Юрьевич,прапорщик,5,54
Семёнов Олег Иванович,лейтенант,10,25
Семёнов Артём Максимович,прапорщик,10,53
Соловьёв Александр Олегович,капитан,4,40
Кочергин Денис Андреевич,майор,1,37
Васильев Илья Ильич,прапорщик,9,18
Попов Илья Викторович,полковник,5,38
Зайцев Денис Романович,прапорщик,8,31
Фёдоров Евгений Александрович,сержант,6,20
Макаров Андрей Романович,прапорщик,9,32
Алексеев Виктор Сергеевич,майор,10,54
Соловьёв Степан Кириллович,лейтенант,7,36
Сидоров Михаил Викторович,лейтенант,7,27
Петров Андрей Андреевич,сержант,6,60
Кузнецов Матвей Сергеевич,прапорщик,4,29
Николаев Дмитрий Алексеевич,полковник,9,31
Зайцев Олег Олегович,рядовой,10,21
Смирнов Михаил Максимович,майор,3,30
Иванов Дмитрий Никитич,майор,2,42
Соколов Павел Сергеевич,капитан,10,52
Захаров Роман Викторович,лейтенант,11,51
Андреев Иван Никитич,капитан,9,28
Семёнов Максим Ильич,лейтенант,5,41
Морозов Алексей Дмитриевич,рядовой,12,18
Сидоров Александр Иванович,прапорщик,5,56
Яковлев Юрий Юрьевич,сержант,6,21
Соколов Никита Олегович,рядовой,8,33
Андреев Никита Ильич,капитан,8,52
Фёдоров Олег Иванович,рядовой,3,43
Павлов Кирилл Андреевич,полковник,6,52
Макаров Юрий Ильич,сержант,1,38
Борисов Юрий Юрьевич,лейтенант,12,40
Андреев Сергей Дмитриевич,полковник,10,41
Фёдоров Матвей Олегович,прапорщик,1,21
Фёдоров Олег Максимович,майор,6,39
Фёдоров Степан Никитич,капитан,1,26
Никитин Алексей Павлович,капитан,1,21
Павлов Максим Михайлович,прапорщик,1,41
Сидоров Михаил Максимович,рядовой,6,21
Зайцев Максим Юрьевич,прапорщик,12,30
Новиков Павел Павлович,прапорщик,8,35
Кузнецов Денис Павлович,сержант,5,46
Семёнов Андрей Алексеевич,полковник,5,57
Семёнов Евгений Сергеевич,капитан,4,35
Сидоров Андрей Иванович,капитан,6,21
Орлов Никита Кириллович,рядовой,6,32
Михайлов Иван Дмитриевич,прапорщик,5,41
Захаров Никита Андреевич,сержант,7,45
Лебедев Александр Ильич,рядовой,3,36
Андреев Алексей Иванович,майор,4,46
Никитин Матвей Максимович,прапорщик,1,36
Кузнецов Матвей Ильич,сержант,9,39
Кочергин Илья Викторович,полковник,12,36
Захаров Александр Андреевич,капитан,11,45
Михайлов Олег Александрович,капитан,11,21
Зайцев Дмитрий Павлович,сержант,4,28
Алексеев Сергей Кириллович,сержант,6,58
Николаев Александр Михайлович,полковник,8,34
Соколов Алексей Викторович,сержант,12,41
Андреев Матвей Ильич,сержант,2,28
Морозов Денис Максимович,полковник,7,45
Егоров Матвей Александрович,капитан,2,53
Кочергин Юрий Иванович,капитан,10,23
Васильев Виктор Кириллович,лейтенант,2,57
Николаев Михаил Кириллович,рядовой,12,33
Петров Иван Павлович,прапорщик,11,53
Иванов Константин Ильич,рядовой,8,42
Сидоров Илья Павлович,капитан,12,29
Сидоров Виктор Максимович,сержант,8,54
Васильев Андрей Ильич,лейтенант,2,18
Лебедев Евгений Романович,рядовой,6,18
Фёдоров Олег Олегович,капитан,2,27
Николаев Никита Максимович,прапорщик,9,48
Соколов Александр Алексеевич,полковник,11,55
Попов Константин Викторович,полковник,8,42
Соколов Денис Иванович,лейтенант,3,20
Иванов Олег Сергеевич,майор,6,30
Новиков Максим Павлович,сержант,6,46
Попов Олег Максимович,рядовой,9,18
Михайлов Андрей Романович,прапорщик,9,23
Соловьёв Александр Иванович,сержант,8,49
Васильев Александр Романович,полковник,2,24
Егоров Олег Александрович,полковник,8,51
Морозов Роман Кириллович,майор,4,39
Степанов Никита Михайлович,сержант,5,60
Николаев Андрей Александрович,сержант,4,47
Захаров Степан Алексеевич,сержант,8,39
Васильев Артём Юрьевич,полковник,10,42
Лебедев Андрей Кириллович,сержант,5,60
Семёнов Илья Александрович,капитан,2,38
Михайлов Степан Андреевич,полковник,9,48
Яковлев Максим Кириллович,майор,8,22
Сидоров Денис Максимович,прапорщик,10,51
Соловьёв Евгений Иванович,лейтенант,6,30
Васильев Кирилл Викторович,майор,3,46
Попов Евгений Андреевич,прапорщик,12,41
Кузнецов Сергей Кириллович,капитан,2,26
Фёдоров Виктор Юрьевич,сержант,3,21
Степанов Максим Викторович,сержант,4,54
Никитин Никита Ильич,лейтенант,11,36
Павлов Олег Олегович,сержант,3,31
Макаров Кирилл Алексеевич,рядовой,2,35
Борисов Олег Викторович,полковник,6,35
Смирнов Кирилл Ильич,лейтенант,2,56
Соловьёв Евгений Михайлович,рядовой,11,31
Павлов Михаил Михайлович,майор,10,25
Макаров Евгений Андреевич,капитан,3,38
Васильев Кирилл Алексеевич,капитан,5,30
Михайлов Роман Викторович,майор,5,31
Яковлев Денис Максимович,полковник,12,31
Павлов Виктор Юрьевич,прапорщик,3,40
Смирнов Дмитрий Викторович,прапорщик,12,30
Степанов Роман Михайлович,сержант,4,26
Васильев Артём Александрович,сержант,8,56
Андреев Юрий Иванович,рядовой,8,58
Иванов Павел Никитич,прапорщик,7,19
Макаров Илья Ильич,лейтенант,6,36
Орлов Степан Никитич,капитан,7,38
Орлов Степан Максимович,полковник,7,33
Петров Олег Олегович,сержант,9,43
Михайлов Роман Андреевич,сержант,5,29
Степанов Евгений Алексеевич,сержант,3,52
Никитин Илья Максимович,рядовой,9,54
Борисов Максим Иванович,прапорщик,12,60
Кочергин Роман Юрьевич,полковник,8,53
Иванов Евгений Сергеевич,майор,1,49
Орлов Роман Михайлович,майор,1,51
Никитин Виктор Олегович,рядовой,1,57
Кузнецов Дмитрий Ильич,лейтенант,10,21
Егоров Матвей Олегович,майор,12,19
Лебедев Егор Никитич,прапорщик,3,34
Васильев Дмитрий Сергеевич,рядовой,5,18
Попов Матвей Кириллович,майор,2,23
Степанов Кирилл Никитич,сержант,10,40
Смирнов Константин Романович,прапорщик,1,33
Смирнов Никита Дмитриевич,прапорщик,1,48
Фёдоров Сергей Кириллович,прапорщик,8,19
Иванов Илья Кириллович,сержант,1,35
Васильев Алексей Олегович,капитан,10,31
Иванов Денис Павлович,полковник,12,29
Захаров Артём Никитич,полковник,9,42
Лебедев Илья Дмитриевич,сержант,4,55
Лебедев Олег Михайлович,сержант,3,47
Сидоров Александр Сергеевич,сержант,12,37
Яковлев Виктор Иванович,прапорщик,9,18
Зайцев Роман Павлович,полковник,6,48
Соловьёв Матвей Андреевич,майор,8,26
Егоров Иван Андреевич,прапорщик,9,45
Соколов Роман Никитич,рядовой,10,53
Соколов Дмитрий Павлович,прапорщик,11,21
Соколов Алексей Кириллович,майор,7,39
Козлов Иван Викторович,майор,2,58
Семёнов Егор Сергеевич,рядовой,1,55
Петров Кирилл Ильич,лейтенант,12,31
Васильев Иван Ильич,прапорщик,2,44
Васильев Егор Павлович,капитан,5,29
Яковлев Александр Иванович,сержант,12,27
Петров Егор Дмитриевич,майор,8,19
Павлов Илья Алексеевич,полковник,11,60
Алексеев Илья Викторович,сержант,2,28
Алексеев Евгений Иванович,капитан,8,36
Кочергин Евгений Викторович,полковник,10,28
Фёдоров Егор Максимович,капитан,8,38
Иванов Кирилл Юрьевич,сержант,6,23
Яковлев Артём Дмитриевич,полковник,9,36
Павлов Никита Михайлович,майор,5,38
Кузнецов Денис Дмитриевич,капитан,8,34
Кузнецов Илья Иванович,рядовой,9,54
Егоров Максим Александрович,лейтенант,3,19
Новиков Олег Кириллович,полковник,8,55
Макаров Юрий Иванович,прапорщик,12,26
Макаров Михаил Романович,прапорщик,5,59
Андреев Михаил Иванович,лейтенант,11,42
Кузнецов Артём Павлович,прапорщик,2,40
Яковлев Денис Александрович,полковник,4,25
Морозов Матвей Михайлович,лейтенант,9,59
Орлов Артём Михайлович,прапорщик,9,40
Степанов Михаил Павлович,майор,1,48
Зайцев Андрей Иванович,полковник,11,59
Кочергин Максим Алексеевич,лейтенант,11,29
Попов Максим Ильич,рядовой,6,54
Иванов Михаил Сергеевич,сержант,10,39
Лебедев Андрей Сергеевич,рядовой,5,22
Степанов Андрей Иванович,прапорщик,3,38
Кузнецов Евгений Михайлович,майор,12,56
Петров Олег Павлович,лейтенант,5,44
Кочергин Матвей Михайлович,сержант,12,36
Новиков Павел Олегович,рядовой,8,50
Андреев Михаил Кириллович,прапорщик,8,47
Кочергин Олег Андреевич,прапорщик,10,59
Яковлев Денис Дмитриевич,полковник,12,25
Макаров Евгений Алексеевич,сержант,11,51
Сидоров Никита Андреевич,сержант,12,57
Яковлев Виктор Павлович,майор,2,49
Зайцев Илья Романович,полковник,6,54
Попов Матвей Павлович,полковник,2,26
Петров Юрий Павлович,майор,7,42
Егоров Юрий Максимович,прапорщик,1,39
Борисов Павел Иванович,сержант,10,36
Соловьёв Егор Андреевич,лейтенант,9,29
Николаев Илья Алексеевич,капитан,2,30
Михайлов Никита Дмитриевич,лейтенант,8,32
Кочергин Константин Иванович,рядовой,2,36
Лебедев Матвей Андреевич,лейтенант,1,22
Макаров Сергей Александрович,полковник,11,38
Смирнов Олег Дмитриевич,капитан,2,48
Николаев Артём Александрович,майор,6,60
Алексеев Олег Никитич,лейтенант,12,57
Иванов Дмитрий Иванович,полковник,2,25
Соловьёв Андрей Никитич,сержант,3,39
Васильев Матвей Павлович,лейтенант,12,36
Новиков Константин Олегович,сержант,4,39
Морозов Михаил Михайлович,майор,7,56
Павлов Максим Дмитриевич,майор,6,35
Кочергин Евгений Ильич,лейтенант,8,27
Петров Илья Иванович,капитан,9,44
Козлов Константин Дмитриевич,полковник,11,28
Сидоров Андрей Кириллович,рядовой,10,36
Борисов Алексей Викторович,капитан,5,23
Зайцев Александр Ильич,майор,12,24
Михайлов Константин Максимович,полковник,5,21
Фёдоров Юрий Сергеевич,майор,10,34
Зайцев Артём Ильич,капитан,2,58
Кузнецов Матвей Алексеевич,рядовой,3,25
Павлов Дмитрий Иванович,капитан,12,39
Лебедев Максим Иванович,рядовой,11,25
Новиков Юрий Александрович,рядовой,12,58
Васильев Юрий Максимович,прапорщик,2,36
Павлов Сергей Павлович,сержант,3,38
Морозов Денис Никитич,сержант,9,25
Николаев Павел Алексеевич,прапорщик,12,42
Лебедев Олег Алексеевич,капитан,4,47
Семёнов Роман Иванович,рядовой,2,29
Петров Олег Никитич,рядовой,9,28
Кузнецов Юрий Олегович,полковник,1,34
Степанов Константин Кириллович,сержант,11,27
Орлов Егор Александрович,рядовой,1,38
Попов Виктор Кириллович,прапорщик,6,43
Никитин Евгений Александрович,прапорщик,7,46
Сидоров Юрий Михайлович,майор,4,31
Иванов Никита Андреевич,сержант,9,43
Козлов Виктор Александрович,рядовой,2,44
Семёнов Алексей Павлович,полковник,1,40
Лебедев Сергей Юрьевич,прапорщик,7,25
Макаров Иван Ильич,полковник,5,59
Васильев Никита Ильич,сержант,10,44
Егоров Олег Романович,майор,11,52
Степанов Виктор Сергеевич,лейтенант,2,38
Яковлев Илья Андреевич,сержант,8,37
Семёнов Алексей Максимович,сержант,2,54
Кочергин Матвей Павлович,полковник,4,43
Макаров Денис Олегович,прапорщик,5,51
Кочергин Степан Михайлович,лейтенант,10,34
Петров Олег Александрович,сержант,4,22
Захаров Кирилл Кириллович,полковник,7,22
Макаров Кирилл Иванович,майор,4,38
Захаров Артём Андреевич,майор,2,45
Яковлев Дмитрий Алексеевич,сержант,9,34
Иванов Никита Ильич,полковник,1,58
Борисов Алексей Максимович,полковник,11,58
Петров Алексей Андреевич,лейтенант,12,53
Андреев Матвей Олегович,рядовой,1,21
Егоров Олег Павлович,майор,1,31
Яковлев Артём Дмитриевич,сержант,7,28
Андреев Денис Михайлович,рядовой,5,23
Кузнецов Артём Дмитриевич,майор,5,52
Захаров Иван Алексеевич,лейтенант,9,56
Попов Дмитрий Никитич,сержант,1,50
Новиков Олег Александрович,сержант,2,27
Соловьёв Сергей Кириллович,майор,4,27
Лебедев Михаил Романович,полковник,4,31
Андреев Степан Кириллович,майор,9,30
Соловьёв Сергей Иванович,сержант,3,58
Сидоров Александр Максимович,сержант,8,27
Степанов Александр Викторович,сержант,5,42
Иванов Евгений Сергеевич,майор,8,23
Борисов Роман Дмитриевич,сержант,10,38
Зайцев Дмитрий Андреевич,майор,8,30
Макаров Степан Максимович,рядовой,4,44
Николаев Константин Ильич,капитан,6,30
Лебедев Павел Олегович,прапорщик,2,50
Смирнов Дмитрий Дмитриевич,капитан,10,57
Степанов Сергей Павлович,капитан,9,20
Попов Виктор Иванович,капитан,1,50
Кузнецов Степан Александрович,лейтенант,4,57
Зайцев Иван Максимович,рядовой,10,25
Захаров Павел Михайлович,прапорщик,11,58
Морозов Артём Юрьевич,прапорщик,4,27
Борисов Юрий Алексеевич,полковник,11,28
Степанов Дмитрий Максимович,сержант,12,41
Лебедев Дмитрий Иванович,майор,9,35
Михайлов Кирилл Андреевич,прапорщик,2,32
Захаров Евгений Дмитриевич,рядовой,8,44
Зайцев Максим Иванович,прапорщик,2,20
Фёдоров Олег Павлович,полковник,10,51
Лебедев Степан Павлович,сержант,12,38
Яковлев Михаил Романович,рядовой,10,29
Семёнов Илья Олегович,майор,1,59
Лебедев Иван Романович,капитан,9,56
Смирнов Александр Александрович,полковник,7,33
Николаев Роман Юрьевич,сержант,8,48
Васильев Евгений Викторович,сержант,9,43
Зайцев Павел Никитич,сержант,6,50
Андреев Денис Михайлович,майор,11,34
Кочергин Евгений Михайлович,полковник,6,20
Фёдоров Алексей Ильич,полковник,4,24
Яковлев Андрей Олегович,лейтенант,2,20
Лебедев Евгений Алексеевич,сержант,8,25
Алексеев Максим Ильич,сержант,10,32
Кочергин Алексей Андреевич,майор,9,42
Никитин Денис Олегович,майор,12,55
Егоров Андрей Ильич,лейтенант,5,27
Егоров Артём Михайлович,прапорщик,12,50
Сидоров Сергей Павлович,прапорщик,11,50
Иванов Евгений Никитич,майор,7,37
Борисов Алексей Иванович,капитан,2,53
Орлов Никита Иванович,сержант,3,51
Зайцев Денис Викторович,сержант,10,36
Захаров Константин Кириллович,прапорщик,8,55
Новиков Денис Юрьевич,лейтенант,7,21
Орлов Максим Максимович,полковник,2,28
Фёдоров Александр Романович,сержант,6,58
Андреев Александр Романович,рядовой,8,26
Соколов Андрей Павлович,полковник,7,35
Смирнов Иван Викторович,сержант,11,46
Павлов Алексей Максимович,прапорщик,6,51
Фёдоров Сергей Кириллович,сержант,9,36
Павлов Максим Алексеевич,капитан,4,58
Иванов Виктор Никитич,полковник,10,56
Кочергин Юрий Никитич,капитан,4,32
Николаев Константин Никитич,майор,10,25
Алексеев Степан Кириллович,полковник,8,22
Павлов Юрий Юрьевич,прапорщик,8,54
Михайлов Виктор Михайлович,капитан,9,60
Лебедев Роман Романович,лейтенант,10,46
Смирнов Олег Романович,прапорщик,10,55
Орлов Артём Никитич,сержант,7,46
Петров Артём Алексеевич,майор,5,49
Козлов Евгений Юрьевич,капитан,5,54
Яковлев Евгений Павлович,сержант,3,42
Соловьёв Олег Сергеевич,майор,10,22
Кузнецов Алексей Андреевич,прапорщик,12,60
Орлов Евгений Андреевич,лейтенант,11,43
Никитин Сергей Олегович,капитан,10,32
Егоров Константин Павлович,майор,3,48
Лебедев Алексей Михайлович,полковник,9,32
Иванов Никита Александрович,лейтенант,7,26
Смирнов Алексей Викторович,лейтенант,5,19
Никитин Егор Сергеевич,майор,12,25
Васильев Виктор Романович,полковник,11,47
Макаров Матвей Романович,рядовой,1,45
Зайцев Никита Никитич,майор,3,48
Никитин Денис Дмитриевич,сержант,7,42
Макаров Алексей Максимович,лейтенант,3,28
Петров Никита Андреевич,полковник,12,44
Фёдоров Юрий Юрьевич,капитан,3,30
Фёдоров Алексей Романович,полковник,9,31
Кочергин Егор Никитич,лейтенант,12,39
Иванов Никита Викторович,майор,2,38
Михайлов Павел Ильич,прапорщик,8,53
Сидоров Михаил Иванович,сержант,9,51
Никитин Юрий Олегович,рядовой,2,59
Кочергин Илья Михайлович,рядовой,5,18
Сидоров Роман Андреевич,прапорщик,3,19
Степанов Павел Никитич,полковник,5,25
Сидоров Виктор Кириллович,полковник,5,45
Яковлев Олег Юрьевич,сержант,1,31
Борисов Степан Никитич,сержант,9,40
Соколов Степан Романович,сержант,10,19
Захаров Илья Максимович,капитан,1,40
Сидоров Дмитрий Алексеевич,полковник,10,19
Смирнов Михаил Викторович,прапорщик,7,41
Кузнецов Егор Никитич,капитан,8,58
Кузнецов Сергей Иванович,рядовой,7,40
Зайцев Андрей Никитич,рядовой,12,44
Николаев Роман Александрович,прапорщик,8,28
Новиков Роман Дмитриевич,сержант,2,42
Михайлов Евгений Михайлович,лейтенант,4,38
Козлов Сергей Алексеевич,рядовой,9,52
Иванов Денис Иванович,прапорщик,10,43
Егоров Константин Никитич,рядовой,11,37
Морозов Матвей Иванович,прапорщик,2,58
Орлов Максим Сергеевич,сержант,1,35
Никитин Артём Дмитриевич,майор,3,57
Андреев Сергей Кириллович,полковник,11,57
Лебедев Степан Михайлович,лейтенант,9,36
Никитин Дмитрий Сергеевич,полковник,10,34
Иванов Александр Михайлович,прапорщик,4,45
Смирнов Константин Сергеевич,майор,12,20
Яковлев Матвей Олегович,рядовой,3,34
Никитин Роман Сергеевич,сержант,10,35
Павлов Егор Иванович,рядовой,6,47
Захаров Михаил Никитич,рядовой,8,25
Васильев Дмитрий Андреевич,капитан,12,39
Семёнов Олег Алексеевич,сержант,1,18
Михайлов Александр Дмитриевич,полковник,2,39
Попов Александр Алексеевич,рядовой,6,38
Михайлов Евгений Ильич,сержант,12,39
Соколов Алексей Юрьевич,сержант,4,34
Алексеев Константин Викторович,лейтенант,6,26
Борисов Никита Алексеевич,полковник,6,60
Фёдоров Денис Ильич,прапорщик,10,52
Петров Егор Андреевич,рядовой,8,24
Соловьёв Дмитрий Алексеевич,рядовой,6,20
Фёдоров Максим Михайлович,капитан,2,28
Михайлов Матвей Олегович,сержант,12,39
Семёнов Олег Викторович,полковник,5,21
Иванов Александр Сергеевич,майор,10,32
Борисов Виктор Сергеевич,рядовой,6,43
Соколов Евгений Романович,полковник,5,47
Зайцев Михаил Александрович,капитан,6,49
Попов Егор Романович,рядовой,1,30
Кочергин Никита Юрьевич,прапорщик,3,44
Борисов Денис Кириллович,прапорщик,7,49
Кочергин Андрей Ильич,прапорщик,9,52
Захаров Степан Дмитриевич,капитан,9,36
Алексеев Дмитрий Андреевич,лейтенант,5,22
Алексеев Алексей Павлович,сержант,4,38
Соловьёв Алексей Дмитриевич,полковник,4,32
Яковлев Александр Викторович,сержант,11,40
Соколов Роман Юрьевич,майор,2,26
Соколов Александр Олегович,рядовой,1,42
Степанов Андрей Олегович,сержант,4,58
Смирнов Степан Иванович,полковник,3,60
Новиков Максим Михайлович,лейтенант,1,48
Иванов Юрий Романович,полковник,4,40
Иванов Илья Кириллович,майор,2,58
Яковлев Матвей Кириллович,рядовой,5,40
Орлов Никита Викторович,полковник,5,19
Смирнов Артём Романович,рядовой,7,50
Андреев Михаил Юрьевич,полковник,9,21
Петров Александр Андреевич,майор,2,50
Михайлов Роман Никитич,полковник,1,28
Борисов Виктор Кириллович,лейтенант,4,46
Петров Дмитрий Иванович,сержант,8,18
Морозов Максим Никитич,капитан,3,33
Кузнецов Юрий Никитич,полковник,8,48
Фёдоров Матвей Ильич,полковник,8,50
Зайцев Олег Михайлович,сержант,2,30
Соколов Иван Юрьевич,полковник,4,34
Орлов Олег Максимович,лейтенант,2,56
Кочергин Андрей Ильич,рядовой,11,19
Кузнецов Юрий Андреевич,прапорщик,3,56
Иванов Константин Сергеевич,майор,6,43
Захаров Артём Романович,сержант,3,54
Михайлов Кирилл Павлович,сержант,9,45
Сидоров Сергей Романович,полковник,1,23
Михайлов Роман Романович,лейтенант,1,30
Сидоров Сергей Иванович,лейтенант,11,32
Кочергин Виктор Никитич,прапорщик,7,35
Егоров Илья Сергеевич,полковник,10,41
Борисов Илья Максимович,майор,9,47
Лебедев Илья Викторович,рядовой,4,22
Андреев Алексей Павлович,рядовой,8,49
Яковлев Никита Юрьевич,полковник,12,26
Фёдоров Дмитрий Павлович,прапорщик,5,50
Орлов Максим Михайлович,сержант,8,60
Васильев Сергей Юрьевич,сержант,2,20
Кузнецов Михаил Максимович,майор,4,29
Петров Олег Олегович,капитан,8,40
Лебедев Матвей Александрович,капитан,4,30
Егоров Кирилл Павлович,сержант,8,39
Андреев Кирилл Иванович,сержант,11,43
Алексеев Сергей Юрьевич,майор,12,36
Никитин Денис Алексеевич,полковник,8,55
Николаев Андрей Романович,рядовой,9,49
Сидоров Кирилл Алексеевич,прапорщик,4,59
Степанов Александр Александрович,майор,12,27
Кочергин Евгений Романович,капитан,2,24
Орлов Артём Викторович,рядовой,3,57
Павлов Олег Викторович,майор,2,52
Иванов Степан Викторович,лейтенант,9,48
Иванов Михаил Михайлович,сержант,7,28
Макаров Олег Павлович,рядовой,6,54
Петров Константин Алексеевич,сержант,3,25
Петров Иван Алексеевич,сержант,10,30
Кузнецов Виктор Ильич,лейтенант,4,40
Николаев Кирилл Павлович,майор,10,35
Козлов Илья Кириллович,полковник,6,20
Иванов Виктор Романович,лейтенант,2,18
Кузнецов Виктор Никитич,полковник,11,43
Кузнецов Евгений Дмитриевич,сержант,10,26
Яковлев Роман Ильич,майор,9,43
Кочергин Артём Александрович,капитан,8,23
Морозов Алексей Дмитриевич,сержант,11,32
Семёнов Константин Романович,капитан,7,56
Орлов Егор Дмитриевич,прапорщик,12,38
Макаров Кирилл Олегович,майор,8,41
Павлов Максим Ильич,рядовой,7,29
Сидоров Андрей Никитич,лейтенант,7,43
Васильев Андрей Иванович,капитан,5,57
Захаров Егор Викторович,майор,5,37
Кузнецов Сергей Сергеевич,сержант,10,31
Яковлев Денис Сергеевич,майор,1,42
Николаев Матвей Романович,капитан,12,40
Сидоров Евгений Никитич,сержант,12,33
Новиков Дмитрий Олегович,лейтенант,4,41
Иванов Дмитрий Андреевич,прапорщик,4,59
Сидоров Алексей Сергеевич,майор,11,58
Макаров Кирилл Павлович,полковник,1,58
Козлов Виктор Кириллович,прапорщик,5,60
Борисов Алексей Иванович,капитан,11,58
Кочергин Иван Алексеевич,прапорщик,1,51
Захаров Юрий Михайлович,сержант,10,21
Егоров Павел Ильич,сержант,7,59
Орлов Егор Максимович,сержант,9,19
Козлов Сергей Михайлович,сержант,6,60
Фёдоров Александр Кириллович,рядовой,4,28
Смирнов Дмитрий Никитич,прапорщик,10,22
Макаров Артём Олегович,полковник,3,58
Семёнов Илья Сергеевич,капитан,2,48
Семёнов Виктор Иванович,прапорщик,10,60
Андреев Алексей Алексеевич,лейтенант,5,40
Павлов Илья Павлович,прапорщик,4,31
Михайлов Илья Иванович,лейтенант,8,27
Петров Матвей Никитич,капитан,2,44
Козлов Михаил Андреевич,капитан,1,32
Семёнов Дмитрий Алексеевич,рядовой,5,48
Захаров Дмитрий Ильич,рядовой,11,51
Захаров Константин Александрович,полковник,5,20
Кочергин Виктор Максимович,капитан,12,53
Зайцев Матвей Дмитриевич,лейтенант,6,38
Андреев Роман Сергеевич,майор,7,49
Никитин Юрий Александрович,рядовой,10,57
Алексеев Максим Дмитриевич,рядовой,7,36
Фёдоров Роман Романович,сержант,9,21
Соколов Евгений Викторович,прапорщик,8,55
Алексеев Артём Юрьевич,рядовой,5,28
Сидоров Матвей Сергеевич,прапорщик,8,32
Петров Иван Павлович,рядовой,11,55
Новиков Кирилл Дмитриевич,капитан,3,37
Борисов Егор Максимович,майор,3,22
Орлов Дмитрий Андреевич,майор,1,19
Андреев Роман Никитич,лейтенант,8,20
Степанов Матвей Сергеевич,лейтенант,10,45
Орлов Степан Павлович,лейтенант,10,25
Смирнов Максим Ильич,сержант,7,40
Соловьёв Матвей Павлович,рядовой,11,55
Орлов Никита Александрович,лейтенант,8,41
Николаев Никита Михайлович,капитан,9,36
Макаров Артём Андреевич,майор,6,18
Павлов Денис Александрович,полковник,11,30
Николаев Александр Романович,майор,11,37
Васильев Степан Юрьевич,лейтенант,10,30
Соколов Никита Иванович,полковник,10,24
Сидоров Роман Павлович,капитан,10,33
Андреев Илья Михайлович,прапорщик,11,36
Степанов Кирилл Романович,майор,2,48
Попов Егор Алексеевич,капитан,9,54
Борисов Алексей Андреевич,капитан,8,34
Морозов Степан Алексеевич,капитан,11,46
Смирнов Алексей Никитич,сержант,11,54
Сидоров Павел Павлович,лейтенант,9,43
Захаров Максим Андреевич,полковник,3,49
Борисов Иван Олегович,лейтенант,10,46
Васильев Юрий Ильич,майор,11,52
Николаев Олег Кириллович,сержант,5,48
Попов Максим Дмитриевич,рядовой,4,34
Николаев Дмитрий Михайлович,рядовой,1,27
Соловьёв Денис Дмитриевич,рядовой,9,23
Соколов Егор Андреевич,майор,12,38
Васильев Максим Сергеевич,сержант,1,47
Кочергин Никита Сергеевич,полковник,4,40
Новиков Михаил Михайлович,майор,7,45
Николаев Никита Андреевич,майор,12,35
Попов Иван Романович,капитан,11,35
Петров Денис Викторович,прапорщик,8,18
Борисов Степан Михайлович,майор,7,34
Новиков Александр Олегович,рядовой,7,56
Лебедев Алексей Никитич,прапорщик,7,58
Лебедев Павел Михайлович,полковник,10,46
Смирнов Евгений Ильич,лейтенант,9,28
Иванов Алексей Максимович,сержант,1,28
Захаров Роман Романович,майор,4,36
Никитин Павел Сергеевич,майор,12,30
Степанов Дмитрий Юрьевич,рядовой,11,29
Морозов Олег Алексеевич,полковник,5,28
Смирнов Юрий Олегович,майор,8,26
Кузнецов Егор Олегович,капитан,11,27
Лебедев Матвей Михайлович,лейтенант,6,24
Николаев Сергей Сергеевич,лейтенант,8,53
Соколов Дмитрий Сергеевич,майор,8,26
Павлов Кирилл Иванович,полковник,5,60
Макаров Денис Михайлович,прапорщик,1,28
Новиков Константин Алексеевич,прапорщик,9,34
Семёнов Андрей Алексеевич,капитан,5,55
Никитин Виктор Ильич,прапорщик,8,31
Захаров Илья Викторович,полковник,1,60
Петров Степан Викторович,прапорщик,8,33
Орлов Дмитрий Павлович,рядовой,3,19
Лебедев Андрей Романович,полковник,9,35
Степанов Евгений Иванович,майор,8,31
Попов Алексей Алексеевич,полковник,8,55
Николаев Денис Павлович,полковник,12,42
Новиков Денис Никитич,полковник,7,52
Смирнов Максим Иванович,лейтенант,3,36
Кочергин Степан Дмитриевич,сержант,10,46
Лебедев Дмитрий Максимович,майор,9,38
Фёдоров Виктор Алексеевич,рядовой,11,38
Степанов Денис Сергеевич,сержант,10,53
Морозов Михаил Максимович,полковник,6,52
Фёдоров Константин Александрович,майор,10,60
Зайцев Михаил Никитич,полковник,1,45
Орлов Дмитрий Андреевич,рядовой,2,42
Семёнов Юрий Михайлович,капитан,4,29
Васильев Сергей Александрович,лейтенант,6,54
Зайцев Максим Дмитриевич,сержант,11,37
Алексеев Егор Андреевич,полковник,9,21
Яковлев Роман Максимович,лейтенант,5,43
Семёнов Кирилл Алексеевич,лейтенант,12,48
Морозов Алексей Викторович,рядовой,12,49
Павлов Иван Александрович,майор,1,57
Алексеев Иван Алексеевич,прапорщик,12,58
Яковлев Роман Иванович,сержант,6,19
Борисов Иван Никитич,майор,8,49
Семёнов Сергей Юрьевич,капитан,2,22
Никитин Дмитрий Павлович,прапорщик,1,49
Михайлов Павел Иванович,сержант,4,29
Попов Илья Викторович,лейтенант,10,53
Соловьёв Юрий Олегович,майор,10,42
Павлов Роман Иванович,капитан,8,27
Алексеев Сергей Иванович,сержант,6,26
Михайлов Константин Максимович,рядовой,10,56
Захаров Кирилл Никитич,прапорщик,1,31
Смирнов Роман Ильич,полковник,8,33
Козлов Кирилл Кириллович,полковник,1,54
Павлов Артём Павлович,сержант,3,22
Николаев Артём Никитич,рядовой,3,52
Кочергин Максим Максимович,сержант,3,32
Попов Олег Ильич,майор,7,28
Алексеев Павел Павлович,капитан,8,33
Морозов Сергей Сергеевич,рядовой,2,56
Попов Никита Максимович,прапорщик,10,28
Фёдоров Юрий Романович,сержант,6,31
Николаев Виктор Ильич,прапорщик,9,32
Егоров Александр Максимович,полковник,1,52
Новиков Матвей Сергеевич,лейтенант,11,40
Смирнов Никита Дмитриевич,прапорщик,5,44
Егоров Дмитрий Юрьевич,майор,5,28
Фёдоров Алексей Дмитриевич,сержант,10,57
Кочергин Максим Павлович,сержант,10,40
Васильев Илья Ильич,лейтенант,12,29
Соколов Олег Сергеевич,лейтенант,11,51
Семёнов Роман Александрович,лейтенант,1,57
Петров Евгений Андреевич,капитан,6,54
Козлов Виктор Алексеевич,сержант,8,54
Смирнов Денис Михайлович,сержант,9,58
Смирнов Александр Павлович,лейтенант,5,39
Егоров Константин Александрович,полковник,2,48
Михайлов Матвей Викторович,майор,8,57
Петров Дмитрий Олегович,полковник,6,28
Сидоров Артём Ильич,прапорщик,10,36
Павлов Роман Олегович,майор,2,37
Соловьёв Егор Алексеевич,лейтенант,10,29
Соколов Иван Максимович,сержант,4,48
Сидоров Никита Михайлович,майор,4,59
Степанов Никита Иванович,капитан,2,52
Михайлов Денис Викторович,полковник,9,54
Лебедев Виктор Михайлович,капитан,5,47
Зайцев Степан Юрьевич,лейтенант,11,59
Павлов Андрей Юрьевич,рядовой,4,46
Морозов Андрей Андреевич,прапорщик,12,29
Морозов Артём Иванович,прапорщик,11,54
Николаев Константин Никитич,сержант,4,36
Кузнецов Дмитрий Дмитриевич,рядовой,12,60
Захаров Юрий Михайлович,рядовой,2,56
Андреев Степан Ильич,сержант,5,33
Попов Артём Викторович,прапорщик,2,41
Кочергин Никита Максимович,прапорщик,1,57
Соколов Роман Кириллович,капитан,1,45
Морозов Юрий Викторович,прапорщик,10,53
Орлов Роман Юрьевич,полковник,1,32
Попов Олег Юрьевич,прапорщик,1,38
Иванов Артём Юрьевич,сержант,12,27
Никитин Иван Кириллович,лейтенант,3,27
Васильев Никита Кириллович,лейтенант,11,48
Павлов Алексей Дмитриевич,капитан,5,28
Семёнов Михаил Никитич,прапорщик,11,38
Соловьёв Андрей Алексеевич,капитан,6,53
Лебедев Егор Алексеевич,прапорщик,8,30
Семёнов Виктор Ильич,сержант,4,52
Алексеев Максим Никитич,прапорщик,6,24
Новиков Олег Андреевич,лейтенант,5,31
Кочергин Евгений Викторович,лейтенант,12,59
Соколов Никита Ильич,сержант,4,56
Новиков Евгений Никитич,капитан,12,26
Николаев Степан Максимович,рядовой,6,52
Алексеев Михаил Павлович,сержант,10,43
Борисов Матвей Викторович,рядовой,10,53
Захаров Павел Михайлович,прапорщик,8,24
Соловьёв Павел Андреевич,лейтенант,6,51
Смирнов Алексей Павлович,лейтенант,10,27
Яковлев Юрий Сергеевич,рядовой,12,27
Васильев Андрей Михайлович,рядовой,4,39
Попов Константин Романович,прапорщик,2,53
Васильев Олег Алексеевич,капитан,1,51
Макаров Кирилл Сергеевич,майор,12,47
Павлов Виктор Ильич,рядовой,12,58
Новиков Дмитрий Сергеевич,рядовой,2,39
Петров Алексей Иванович,лейтенант,12,18
Васильев Кирилл Алексеевич,сержант,9,18
Кочергин Павел Викторович,прапорщик,10,37
Попов Андрей Иванович,рядовой,4,33
Степанов Иван Романович,прапорщик,3,24
Зайцев Максим Никитич,прапорщик,2,47
Семёнов Матвей Павлович,полковник,10,51
Макаров Денис Павлович,прапорщик,10,48
Попов Евгений Иванович,сержант,10,45
Орлов Андрей Дмитриевич,сержант,7,32
Орлов Роман Олегович,майор,6,26
Новиков Кирилл Никитич,капитан,11,54
Орлов Сергей Максимович,полковник,10,45
Степанов Илья Максимович,майор,10,18
Павлов Кирилл Никитич,полковник,11,44
Попов Михаил Кириллович,майор,11,31
Егоров Дмитрий Ильич,майор,7,35
Васильев Дмитрий Павлович,сержант,4,47
Степанов Александр Романович,лейтенант,9,32
Яковлев Евгений Юрьевич,сержант,11,38
Кочергин Константин Михайлович,капитан,10,41
Фёдоров Сергей Максимович,майор,11,47
Захаров Константин Сергеевич,сержант,12,43
Соколов Евгений Александрович,капитан,12,38
Кочергин Олег Павлович,капитан,1,52
Козлов Максим Павлович,лейтенант,7,56
Борисов Денис Сергеевич,рядовой,7,49
Зайцев Денис Романович,прапорщик,8,39
Зайцев Дмитрий Кириллович,майор,11,41
Сидоров Константин Алексеевич,прапорщик,1,20
Егоров Алексей Максимович,сержант,4,20
Борисов Павел Кириллович,сержант,4,32
Степанов Алексей Кириллович,сержант,4,45
Зайцев Егор Романович,прапорщик,8,55
Кузнецов Андрей Романович,майор,3,20
Михайлов Юрий Михайлович,лейтенант,4,29
Смирнов Александр Романович,прапорщик,4,45
Кузнецов Михаил Ильич,рядовой,10,59
Петров Дмитрий Кириллович,капитан,2,46
Никитин Константин Никитич,сержант,10,56
Сидоров Максим Олегович,рядовой,2,35
Михайлов Егор Олегович,капитан,3,19
Фёдоров Андрей Ильич,лейтенант,10,28
Соловьёв Евгений Кириллович,сержант,8,54
Соколов Артём Максимович,рядовой,11,44
Павлов Олег Ильич,лейтенант,2,56
Новиков Александр Кириллович,полковник,7,36
Петров Евгений Андреевич,сержант,12,49
Орлов Денис Дмитриевич,лейтенант,7,28
Смирнов Никита Викторович,сержант,10,27
Петров Дмитрий Кириллович,полковник,7,18
Михайлов Никита Никитич,сержант,7,39
Новиков Евгений Павлович,рядовой,7,32
Лебедев Павел Дмитриевич,прапорщик,6,34
Николаев Дмитрий Кириллович,прапорщик,4,53
Сидоров Алексей Михайлович,сержант,3,40
Кузнецов Юрий Юрьевич,рядовой,9,51
Сидоров Денис Максимович,майор,10,24
Борисов Матвей Романович,сержант,3,41
Яковлев Евгений Максимович,полковник,7,51
Иванов Олег Михайлович,капитан,11,28
Николаев Матвей Олегович,капитан,3,57
Орлов Павел Романович,сержант,10,20
Николаев Кирилл Максимович,капитан,4,20
Макаров Артём Кириллович,прапорщик,1,19
Фёдоров Матвей Сергеевич,капитан,9,41
Егоров Максим Максимович,сержант,2,49
Смирнов Матвей Дмитриевич,сержант,12,33
Орлов Виктор Никитич,полковник,12,57
Егоров Илья Сергеевич,лейтенант,12,52
Степанов Павел Олегович,сержант,2,34
Макаров Матвей Кириллович,рядовой,8,36
Петров Кирилл Алексеевич,сержант,8,45
Кочергин Матвей Иванович,лейтенант,9,19
Зайцев Константин Алексеевич,полковник,2,54
Козлов Илья Юрьевич,прапорщик,6,46
Макаров Андрей Ильич,полковник,2,59
Петров Юрий Ильич,лейтенант,12,36
Кочергин Олег Иванович,лейтенант,9,50
Никитин Михаил Дмитриевич,капитан,11,60
Алексеев Максим Викторович,капитан,10,18
Зайцев Дмитрий Павлович,прапорщик,5,52
Петров Сергей Максимович,лейтенант,11,18
Павлов Илья Андреевич,лейтенант,3,42
Степанов Роман Викторович,сержант,8,22
Соколов Дмитрий Михайлович,сержант,5,28
Никитин Артём Кириллович,капитан,8,41
Семёнов Павел Александрович,полковник,7,50
Степанов Кирилл Андреевич,капитан,5,46
Сидоров Константин Михайлович,полковник,1,25
Егоров Сергей Алексеевич,капитан,11,18
Орлов Максим Павлович,рядовой,2,30
Михайлов Олег Максимович,прапорщик,6,56
Смирнов Михаил Максимович,прапорщик,10,42
Николаев Максим Алексеевич,полковник,2,41
Сидоров Илья Максимович,сержант,7,28
Кочергин Никита Ильич,капитан,3,19
Яковлев Сергей Ильич,прапорщик,3,23
Смирнов Сергей Дмитриевич,капитан,12,44
Фёдоров Олег Кириллович,лейтенант,7,25
Макаров Константин Иванович,рядовой,12,41
Попов Денис Максимович,лейтенант,11,56
Зайцев Степан Андреевич,полковник,10,57
Сидоров Евгений Никитич,капитан,5,36
Борисов Юрий Дмитриевич,полковник,4,38
Михайлов Алексей Олегович,полковник,7,48
Степанов Евгений Юрьевич,полковник,1,48
Соловьёв Егор Иванович,сержант,7,50
Сидоров Олег Юрьевич,прапорщик,12,41
Попов Виктор Романович,прапорщик,7,59
Козлов Никита Максимович,капитан,6,28
Кузнецов Сергей Викторович,майор,11,59
Сидоров Константин Юрьевич,рядовой,11,34
Кочергин Олег Михайлович,полковник,4,44
Лебедев Михаил Андреевич,капитан,7,51
Иванов Иван Александрович,полковник,2,41
Алексеев Евгений Сергеевич,сержант,3,43
Зайцев Дмитрий Юрьевич,полковник,10,49
Попов Павел Иванович,сержант,3,20
Степанов Юрий Юрьевич,сержант,9,58
Попов Илья Никитич,капитан,11,30
Попов Андрей Романович,полковник,8,33
Никитин Олег Михайлович,лейтенант,4,39
Сидоров Иван Александрович,майор,3,25
Павлов Роман Александрович,лейтенант,10,46
Фёдоров Алексей Алексеевич,сержант,11,18
Семёнов Роман Иванович,рядовой,12,48
Захаров Андрей Сергеевич,прапорщик,10,22
Яковлев Олег Юрьевич,рядовой,8,41
Зайцев Андрей Алексеевич,капитан,6,56
Кузнецов Роман Юрьевич,лейтенант,8,21
Иванов Степан Сергеевич,рядовой,7,26
Зайцев Алексей Дмитриевич,майор,12,37
Васильев Егор Олегович,майор,2,42
Кочергин Андрей Олегович,полковник,12,45
Степанов Денис Романович,капитан,4,42
Андреев Андрей Сергеевич,лейтенант,8,46
Михайлов Виктор Никитич,полковник,6,35
Егоров Павел Максимович,майор,8,44
Орлов Константин Олегович,лейтенант,6,38
Орлов Степан Викторович,рядовой,11,23
Андреев Алексей Алексеевич,майор,8,33
Николаев Виктор Михайлович,майор,4,18
Морозов Олег Олегович,прапорщик,9,42
Козлов Степан Ильич,лейтенант,5,19
Михайлов Евгений Иванович,рядовой,2,18
Орлов Константин Сергеевич,полковник,7,35
Соколов Денис Алексеевич,полковник,4,49
Степанов Константин Романович,сержант,6,53
Сидоров Егор Олегович,лейтенант,4,55
Кочергин Павел Никитич,рядовой,11,34
Попов Юрий Ильич,майор,9,45
Фёдоров Кирилл Дмитриевич,майор,5,59
Семёнов Егор Иванович,полковник,2,20
Сидоров Илья Юрьевич,лейтенант,4,33
Орлов Илья Михайлович,рядовой,4,53
Смирнов Матвей Викторович,рядовой,6,25
Алексеев Кирилл Павлович,сержант,2,40
Николаев Кирилл Михайлович,сержант,6,26
Андреев Виктор Андреевич,прапорщик,1,60
Попов Илья Павлович,сержант,1,22
Сидоров Сергей Алексеевич,капитан,6,45
Андреев Матвей Юрьевич,прапорщик,2,36
Лебедев Дмитрий Олегович,полковник,3,32
Яковлев Андрей Ильич,полковник,8,32
Кочергин Денис Олегович,лейтенант,12,42
Кочергин Виктор Ильич,сержант,7,45
Лебедев Максим Максимович,лейтенант,8,33
Петров Дмитрий Сергеевич,майор,4,53
Яковлев Иван Дмитриевич,сержант,7,34
Новиков Илья Олегович,сержант,12,35
Морозов Матвей Романович,капитан,7,34
Егоров Степан Максимович,капитан,1,45
Новиков Артём Михайлович,лейтенант,10,60
Васильев Артём Кириллович,лейтенант,9,49
Фёдоров Юрий Михайлович,прапорщик,4,23
Фёдоров Егор Романович,полковник,7,39
Яковлев Андрей Алексеевич,лейтенант,6,56
Зайцев Андрей Олегович,майор,1,20
Семёнов Иван Александрович,капитан,8,53
Зайцев Дмитрий Олегович,рядовой,4,36
Морозов Михаил Дмитриевич,капитан,7,40
Орлов Максим Андреевич,майор,6,59
Петров Роман Андреевич,полковник,1,18
Новиков Евгений Андреевич,сержант,9,35
Лебедев Юрий Михайлович,рядовой,11,60
Попов Павел Андреевич,прапорщик,8,52
Соколов Юрий Сергеевич,майор,7,47
Никитин Дмитрий Иванович,полковник,4,49
Петров Сергей Максимович,лейтенант,3,60
Николаев Артём Андреевич,майор,8,22
Орлов Евгений Романович,сержант,4,24
Соколов Денис Александрович,сержант,6,47
Соколов Максим Ильич,прапорщик,2,20
Николаев Евгений Олегович,лейтенант,2,51
Яковлев Илья Александрович,лейтенант,12,28
Михайлов Дмитрий Дмитриевич,рядовой,10,23
Фёдоров Илья Олегович,полковник,1,42
Алексеев Артём Михайлович,майор,8,47
Макаров Павел Кириллович,полковник,2,19
Иванов Степан Михайлович,лейтенант,12,50
Лебедев Виктор Ильич,майор,10,33
Орлов Павел Юрьевич,майор,2,59
Козлов Алексей Олегович,прапорщик,9,44
Сидоров Максим Олегович,лейтенант,7,33
Кузнецов Роман Максимович,полковник,7,44
Петров Евгений Андреевич,полковник,12,32
Кузнецов Сергей Михайлович,полковник,12,22
Егоров Виктор Никитич,капитан,8,54
Зайцев Павел Никитич,майор,7,30
Иванов Иван Викторович,сержант,11,27
Новиков Денис Александрович,полковник,7,56
Яковлев Сергей Александрович,сержант,7,28
Козлов Константин Никитич,капитан,7,33
Иванов Андрей Кириллович,рядовой,5,44
Зайцев Роман Романович,лейтенант,4,41
Новиков Михаил Романович,майор,4,47
Зайцев Максим Павлович,полковник,7,41
Михайлов Павел Андреевич,прапорщик,1,18
Семёнов Иван Дмитриевич,капитан,4,40
Морозов Андрей Юрьевич,полковник,12,24
Егоров Дмитрий Александрович,капитан,7,41
Смирнов Максим Ильич,прапорщик,2,51
Попов Денис Андреевич,прапорщик,11,45
Алексеев Павел Ильич,лейтенант,8,33
Кузнецов Егор Алексеевич,полковник,8,54
Кочергин Дмитрий Ильич,сержант,7,55
Васильев Максим Иванович,сержант,4,50
Иванов Матвей Андреевич,лейтенант,8,60
Новиков Степан Сергеевич,прапорщик,6,41
Михайлов Андрей Никитич,капитан,2,33
Егоров Максим Сергеевич,лейтенант,10,45
Петров Артём Павлович,прапорщик,7,27
Егоров Иван Андреевич,прапорщик,11,46
Захаров Егор Иванович,рядовой,2,28
Фёдоров Евгений Романович,прапорщик,8,26
Макаров Андрей Олегович,майор,11,39
Фёдоров Егор Максимович,майор,6,54
Егоров Евгений Максимович,сержант,2,43
Лебедев Матвей Павлович,прапорщик,5,31
Зайцев Михаил Кириллович,лейтенант,12,22
Николаев Александр Романович,рядовой,3,57
Морозов Дмитрий Максимович,майор,10,44
Яковлев Иван Ильич,рядовой,11,37
Морозов Олег Кириллович,сержант,6,36
Семёнов Роман Кириллович,майор,9,36
Семёнов Евгений Дмитриевич,капитан,10,59
Кузнецов Андрей Викторович,майор,2,50
Петров Никита Кириллович,лейтенант,2,32
Михайлов Александр Никитич,прапорщик,8,37
Андреев Илья Иванович,лейтенант,3,50
Семёнов Артём Дмитриевич,прапорщик,2,44
Соколов Алексей Романович,лейтенант,6,23
Кочергин Виктор Сергеевич,лейтенант,9,59
Соловьёв Алексей Андреевич,рядовой,8,20
Соловьёв Никита Максимович,полковник,3,30
Яковлев Илья Романович,полковник,9,35
Егоров Никита Павлович,прапорщик,10,45
Николаев Павел Сергеевич,майор,9,47
Сидоров Илья Кириллович,прапорщик,4,38
Петров Сергей Юрьевич,сержант,4,56
Петров Алексей Олегович,полковник,4,54
Орлов Иван Иванович,полковник,2,52
Никитин Максим Романович,прапорщик,11,35
Яковлев Сергей Павлович,рядовой,6,33
Егоров Кирилл Андреевич,лейтенант,2,59
Макаров Кирилл Юрьевич,прапорщик,5,43
Васильев Дмитрий Сергеевич,капитан,2,44
Соловьёв Артём Андреевич,майор,5,58
Кочергин Юрий Михайлович,капитан,3,19
Лебедев Константин Павлович,сержант,2,21
Алексеев Виктор Максимович,полковник,12,31
Макаров Александр Юрьевич,сержант,1,36
Захаров Егор Олегович,полковник,11,28
Семёнов Иван Романович,сержант,11,32
Орлов Константин Кириллович,полковник,5,55
Андреев Матвей Кириллович,рядовой,8,27
Михайлов Михаил Александрович,полковник,7,34
Соловьёв Роман Сергеевич,майор,3,35
Попов Дмитрий Александрович,лейтенант,7,45
Зайцев Илья Александрович,рядовой,3,37
Козлов Сергей Андреевич,капитан,10,42
Лебедев Юрий Романович,рядовой,9,45
Михайлов Константин Олегович,полковник,4,58
Сидоров Олег Романович,прапорщик,7,21
Кузнецов Юрий Андреевич,сержант,4,49
Семёнов Сергей Никитич,прапорщик,4,37
Кузнецов Максим Павлович,прапорщик,11,49
Борисов Матвей Олегович,майор,8,24
Соловьёв Кирилл Максимович,капитан,11,37
Захаров Никита Юрьевич,майор,4,52
Павлов Максим Кириллович,капитан,2,34
Николаев Сергей Викторович,лейтенант,2,55
Кузнецов Дмитрий Иванович,лейтенант,11,48
Кочергин Иван Алексеевич,рядовой,6,36
Яковлев Павел Дмитриевич,лейтенант,3,59
Соловьёв Артём Павлович,рядовой,9,56
Новиков Максим Ильич,майор,7,55
Соловьёв Илья Дмитриевич,рядовой,2,49
Орлов Евгений Александрович,капитан,7,33
Орлов Кирилл Кириллович,лейтенант,12,18
Соколов Роман Дмитриевич,сержант,4,35
Кочергин Степан Михайлович,полковник,3,28
Соловьёв Матвей Никитич,майор,9,58
Петров Артём Сергеевич,сержант,7,21
Михайлов Роман Алексеевич,капитан,3,60
Васильев Матвей Сергеевич,полковник,9,41
Петров Кирилл Романович,капитан,3,29
Андреев Олег Максимович,лейтенант,8,58
Кочергин Алексей Ильич,капитан,8,60
Яковлев Егор Кириллович,капитан,6,43
Павлов Егор Максимович,капитан,5,50
Соловьёв Олег Андреевич,сержант,4,29
Степанов Константин Максимович,рядовой,7,46
Егоров Максим Никитич,лейтенант,12,30
Михайлов Никита Юрьевич,майор,10,33
Козлов Никита Дмитриевич,прапорщик,7,48
Михайлов Никита Алексеевич,прапорщик,4,43
Егоров Иван Александрович,майор,3,18
Никитин Юрий Ильич,майор,2,58
Васильев Юрий Олегович,прапорщик,9,38
Захаров Андрей Иванович,лейтенант,7,33
Соловьёв Матвей Кириллович,прапорщик,11,35
Смирнов Максим Юрьевич,лейтенант,9,34
Иванов Роман Сергеевич,прапорщик,6,52
Петров Юрий Олегович,прапорщик,7,28
Зайцев Павел Кириллович,капитан,4,30
Сидоров Виктор Алексеевич,майор,11,23
Павлов Максим Кириллович,рядовой,10,33
Степанов Артём Ильич,полковник,6,45
Новиков Никита Александрович,рядовой,7,42
Новиков Павел Ильич,капитан,10,53
Андреев Степан Иванович,майор,11,20
Егоров Роман Максимович,полковник,5,23
Борисов Юрий Дмитриевич,капитан,11,20
Фёдоров Юрий Викторович,прапорщик,5,22
Зайцев Константин Викторович,полковник,8,54
Кочергин Виктор Юрьевич,прапорщик,9,59
Иванов Юрий Ильич,лейтенант,2,30
Степанов Сергей Сергеевич,майор,5,49
Лебедев Алексей Максимович,рядовой,12,39
Новиков Степан Дмитриевич,прапорщик,7,44
Степанов Максим Романович,полковник,5,41
Петров Максим Андреевич,полковник,9,55
Егоров Константин Ильич,прапорщик,2,60
Орлов Роман Викторович,сержант,10,35
Попов Виктор Максимович,прапорщик,9,59
Зайцев Артём Павлович,сержант,9,35
Морозов Никита Сергеевич,сержант,6,22
Яковлев Матвей Александрович,прапорщик,11,60
Козлов Константин Михайлович,полковник,5,49
Степанов Александр Иванович,рядовой,11,27
Новиков Павел Сергеевич,сержант,9,46
Никитин Дмитрий Олегович,майор,12,55
Егоров Матвей Юрьевич,капитан,10,48
Лебедев Дмитрий Иванович,рядовой,10,52
Андреев Дмитрий Михайлович,капитан,2,32
Соколов Андрей Сергеевич,капитан,5,56
Степанов Михаил Александрович,полковник,10,28
Зайцев Роман Олегович,капитан,9,32
Лебедев Максим Андреевич,капитан,3,52
Лебедев Константин Сергеевич,сержант,3,51
Соловьёв Андрей Дмитриевич,капитан,7,29
Новиков Виктор Дмитриевич,сержант,8,59
Смирнов Виктор Юрьевич,капитан,7,21
Козлов Михаил Дмитриевич,сержант,7,44
Макаров Дмитрий Романович,капитан,12,59
Морозов Олег Михайлович,прапорщик,3,31
Сидоров Виктор Никитич,капитан,6,41
Лебедев Михаил Дмитриевич,капитан,5,32
Козлов Павел Павлович,капитан,10,45
Алексеев Константин Романович,сержант,1,49
Сидоров Виктор Андреевич,майор,6,42
Иванов Константин Ильич,сержант,6,57
Андреев Дмитрий Кириллович,рядовой,6,23
Васильев Роман Олегович,полковник,1,28
Иванов Олег Олегович,лейтенант,8,24
Борисов Матвей Иванович,сержант,2,31
Соколов Кирилл Юрьевич,лейтенант,1,58
Кочергин Денис Иванович,сержант,4,37
Соловьёв Дмитрий Сергеевич,рядовой,4,44
Макаров Константин Александрович,полковник,8,25
Михайлов Степан Олегович,рядовой,7,60
Сидоров Сергей Кириллович,рядовой,10,20
Орлов Константин Викторович,рядовой,11,22
Николаев Виктор Дмитриевич,лейтенант,3,38
Зайцев Михаил Романович,лейтенант,9,60
Кочергин Матвей Сергеевич,лейтенант,7,44
Степанов Никита Никитич,лейтенант,4,37
Орлов Матвей Андреевич,майор,6,37
Морозов Виктор Олегович,рядовой,5,27
Захаров Артём Кириллович,прапорщик,7,57
Михайлов Степан Никитич,лейтенант,9,57
Соловьёв Сергей Никитич,капитан,3,56
Андреев Юрий Ильич,майор,5,60
Попов Виктор Юрьевич,лейтенант,10,43
Степанов Константин Сергеевич,капитан,12,53
Николаев Олег Александрович,капитан,12,52
Семёнов Дмитрий Андреевич,прапорщик,1,45
Попов Илья Павлович,рядовой,3,45
Кузнецов Олег Олегович,сержант,12,56
Попов Роман Ильич,майор,10,59
Зайцев Павел Никитич,капитан,1,49
Михайлов Виктор Андреевич,прапорщик,4,28
Попов Андрей Иванович,сержант,1,53
Морозов Андрей Павлович,лейтенант,3,55
Никитин Матвей Юрьевич,майор,9,59
Морозов Павел Ильич,прапорщик,9,33
Кочергин Максим Иванович,майор,5,30
Петров Евгений Викторович,лейтенант,2,60
Семёнов Денис Никитич,майор,10,26
Макаров Павел Ильич,сержант,10,55
Соловьёв Матвей Михайлович,полковник,2,40
Егоров Олег Алексеевич,полковник,6,18
Сидоров Егор Никитич,рядовой,5,29
Кузнецов Максим Павлович,капитан,5,30
Новиков Юрий Кириллович,полковник,2,56
Борисов Алексей Павлович,майор,11,52
Николаев Алексей Кириллович,капитан,7,46
Иванов Алексей Кириллович,капитан,10,39
Никитин Иван Романович,капитан,9,37
Попов Роман Никитич,рядовой,4,23
Козлов Кирилл Алексеевич,лейтенант,5,31
Орлов Илья Дмитриевич,прапорщик,12,44
Новиков Михаил Юрьевич,рядовой,3,47
Сидоров Сергей Олегович,сержант,5,25
Андреев Юрий Александрович,рядовой,7,32
Михайлов Денис Кириллович,капитан,5,49
Кочергин Павел Михайлович,лейтенант,10,34
Новиков Роман Алексеевич,сержант,6,20
Захаров Матвей Кириллович,рядовой,6,44
Соколов Иван Сергеевич,рядовой,7,57
Павлов Максим Кириллович,рядовой,4,57
Смирнов Виктор Юрьевич,сержант,11,30
Козлов Сергей Романович,прапорщик,2,28
Соколов Дмитрий Иванович,сержант,7,25
Смирнов Артём Романович,лейтенант,11,36
Михайлов Илья Максимович,лейтенант,9,29
Захаров Евгений Никитич,полковник,4,35
Николаев Кирилл Максимович,лейтенант,7,51
Яковлев Александр Юрьевич,полковник,3,45
Смирнов Евгений Ильич,рядовой,2,19
Сидоров Егор Олегович,прапорщик,11,30
Борисов Денис Ильич,сержант,2,52
Смирнов Сергей Романович,майор,8,36
Сидоров Егор Дмитриевич,майор,12,35
Яковлев Михаил Александрович,капитан,9,19
Соколов Юрий Дмитриевич,лейтенант,10,37
Николаев Михаил Иванович,лейтенант,7,39
Егоров Степан Павлович,полковник,9,38
Борисов Сергей Андреевич,капитан,5,49
Никитин Степан Андреевич,майор,7,40
Захаров Константин Павлович,капитан,2,50
Кузнецов Степан Юрьевич,лейтенант,9,58
Кочергин Максим Михайлович,майор,11,32
Никитин Максим Кириллович,сержант,1,27
Павлов Степан Ильич,сержант,12,51
Иванов Роман Павлович,сержант,9,41
Кузнецов Кирилл Никитич,прапорщик,11,52
Андреев Алексей Павлович,прапорщик,11,25
Орлов Андрей Ильич,рядовой,10,22
Иванов Дмитрий Никитич,прапорщик,7,38
Орлов Степан Иванович,майор,10,49
Никитин Алексей Романович,майор,3,19
Макаров Павел Михайлович,прапорщик,11,23
Лебедев Дмитрий Александрович,полковник,12,20
Семёнов Роман Михайлович,рядовой,2,49
Козлов Денис Кириллович,прапорщик,9,45
Николаев Юрий Дмитриевич,майор,12,24
Павлов Евгений Никитич,полковник,2,29
Кузнецов Роман Александрович,рядовой,6,51
Кочергин Юрий Никитич,прапорщик,9,51
Егоров Дмитрий Олегович,рядовой,2,43
Никитин Олег Романович,полковник,4,32
Иванов Андрей Иванович,полковник,2,21
Морозов Кирилл Кириллович,лейтенант,4,27
Петров Олег Кириллович,рядовой,10,45
Алексеев Дмитрий Максимович,сержант,3,60
Егоров Александр Михайлович,лейтенант,7,53
Кочергин Виктор Сергеевич,рядовой,6,46
Николаев Александр Юрьевич,майор,7,48
Яковлев Иван Андреевич,прапорщик,2,31
Павлов Олег Михайлович,полковник,7,39
Захаров Михаил Сергеевич,майор,4,39
Новиков Дмитрий Иванович,капитан,6,50
Сидоров Никита Алексеевич,рядовой,3,22
Алексеев Денис Михайлович,прапорщик,6,20
Михайлов Александр Дмитриевич,сержант,6,44
Борисов Дмитрий Юрьевич,лейтенант,11,19
Сидоров Юрий Максимович,прапорщик,3,58
Козлов Юрий Иванович,майор,8,30
Козлов Сергей Павлович,лейтенант,3,26
Алексеев Денис Романович,капитан,11,36
Павлов Иван Никитич,майор,1,60
Захаров Евгений Иванович,рядовой,7,49
Орлов Иван Андреевич,полковник,9,40
Николаев Степан Дмитриевич,майор,7,41
Соколов Никита Алексеевич,прапорщик,4,34
Новиков Андрей Максимович,прапорщик,9,44
Иванов Егор Ильич,рядовой,5,53
Соловьёв Евгений Александрович,полковник,11,42
Соколов Павел Андреевич,капитан,12,25
Алексеев Михаил Андреевич,капитан,6,21
Лебедев Михаил Юрьевич,лейтенант,8,36
Алексеев Павел Иванович,прапорщик,3,24
Фёдоров Степан Алексеевич,сержант,1,19
Степанов Евгений Иванович,капитан,11,33
Зайцев Степан Никитич,капитан,8,55
Сидоров Михаил Максимович,капитан,1,38
Егоров Дмитрий Иванович,майор,4,25
Иванов Матвей Романович,прапорщик,12,20
Морозов Дмитрий Максимович,сержант,1,59
Николаев Павел Викторович,капитан,2,51
Михайлов Матвей Олегович,прапорщик,10,40
Михайлов Юрий Юрьевич,прапорщик,8,48
Лебедев Павел Никитич,лейтенант,5,54
Васильев Александр Сергеевич,капитан,7,37
Егоров Иван Романович,прапорщик,1,34
Лебедев Кирилл Александрович,лейтенант,4,27
Михайлов Никита Олегович,полковник,3,37
Андреев Артём Сергеевич,капитан,9,30
Соловьёв Михаил Алексеевич,рядовой,6,18
Лебедев Олег Максимович,майор,3,34
Соколов Илья Андреевич,капитан,10,59
Степанов Юрий Ильич,лейтенант,6,52
Михайлов Михаил Михайлович,майор,6,41
Кузнецов Роман Олегович,майор,12,51
Новиков Евгений Сергеевич,лейтенант,3,41
Захаров Дмитрий Ильич,рядовой,6,56
Макаров Илья Олегович,сержант,5,60
Захаров Константин Дмитриевич,сержант,6,22
Михайлов Артём Андреевич,лейтенант,1,32
Козлов Андрей Юрьевич,рядовой,2,56
Павлов Дмитрий Юрьевич,полковник,1,49
Алексеев Егор Кириллович,сержант,6,30
Зайцев Евгений Михайлович,рядовой,5,23
Соколов Александр Андреевич,капитан,6,57
Кузнецов Степан Михайлович,прапорщик,11,21
Николаев Павел Никитич,сержант,10,21
Степанов Сергей Викторович,рядовой,7,27
Михайлов Юрий Ильич,прапорщик,5,46
Зайцев Кирилл Олегович,сержант,11,25
Лебедев Денис Ильич,майор,1,42
Фёдоров Александр Юрьевич,прапорщик,8,24
Попов Михаил Никитич,майор,9,23
Борисов Кирилл Дмитриевич,рядовой,1,41
Соловьёв Павел Иванович,рядовой,1,57
Николаев Кирилл Андреевич,майор,2,53
Васильев Алексей Олегович,рядовой,2,27
Павлов Иван Максимович,капитан,1,21
Козлов Евгений Викторович,капитан,9,52
Егоров Илья Никитич,лейтенант,11,43
Макаров Никита Олегович,сержант,7,48
Степанов Кирилл Никитич,лейтенант,1,43
Егоров Матвей Александрович,майор,5,54
Николаев Роман Викторович,лейтенант,3,37
Кузнецов Илья Олегович,майор,7,21
Павлов Евгений Олегович,рядовой,12,54
Новиков Иван Андреевич,лейтенант,7,57
Андреев Егор Максимович,майор,5,25
Кочергин Павел Юрьевич,прапорщик,11,43
Лебедев Иван Алексеевич,лейтенант,11,37
Николаев Михаил Викторович,сержант,12,43
Андреев Александр Михайлович,полковник,9,42
Егоров Виктор Олегович,полковник,10,41
Морозов Алексей Дмитриевич,капитан,10,18
Петров Андрей Михайлович,лейтенант,6,52
Николаев Виктор Сергеевич,лейтенант,11,35
Михайлов Константин Александрович,лейтенант,12,24
Морозов Павел Ильич,лейтенант,4,51
Соловьёв Александр Викторович,лейтенант,4,56
Орлов Никита Михайлович,рядовой,12,39
Зайцев Максим Ильич,майор,6,46
Захаров Денис Романович,майор,10,34
Алексеев Денис Сергеевич,лейтенант,8,52
Никитин Андрей Михайлович,рядовой,1,56
Степанов Кирилл Никитич,сержант,7,38
Сидоров Юрий Алексеевич,прапорщик,6,36
Попов Евгений Алексеевич,лейтенант,3,22
Зайцев Андрей Александрович,капитан,12,21
Никитин Дмитрий Никитич,капитан,2,19
Васильев Артём Олегович,полковник,1,50
Петров Матвей Максимович,рядовой,10,38
Кузнецов Илья Кириллович,сержант,1,31
Андреев Олег Андреевич,полковник,5,37
Кузнецов Матвей Александрович,полковник,7,23
Семёнов Андрей Дмитриевич,майор,10,34
Зайцев Кирилл Александрович,лейтенант,10,56
Семёнов Константин Михайлович,лейтенант,12,47
Кочергин Степан Михайлович,рядовой,12,25
Морозов Константин Юрьевич,полковник,2,20
Козлов Александр Иванович,лейтенант,9,26
Захаров Павел Сергеевич,капитан,1,18
Попов Дмитрий Иванович,майор,8,22
Новиков Олег Сергеевич,сержант,1,56
Павлов Дмитрий Михайлович,полковник,8,33
Новиков Иван Сергеевич,лейтенант,10,41
Смирнов Илья Викторович,рядовой,12,59
Алексеев Павел Кириллович,прапорщик,11,21
Макаров Евгений Михайлович,капитан,5,18
Сидоров Сергей Иванович,рядовой,7,28
Орлов Степан Алексеевич,полковник,5,28
Борисов Егор Юрьевич,сержант,2,48
Смирнов Дмитрий Максимович,полковник,4,29
Егоров Илья Викторович,капитан,10,41
Никитин Степан Олегович,рядовой,9,47
Сидоров Андрей Романович,полковник,12,51
Лебедев Дмитрий Ильич,сержант,6,49
Соловьёв Александр Иванович,прапорщик,5,32
Соколов Виктор Максимович,рядовой,5,47
Зайцев Степан Романович,рядовой,4,46
Лебедев Евгений Павлович,прапорщик,10,24
Кочергин Андрей Андреевич,сержант,11,28
Иванов Сергей Романович,прапорщик,7,47
Попов Иван Павлович,майор,11,52
Смирнов Артём Андреевич,сержант,1,24
Макаров Юрий Дмитриевич,прапорщик,7,47
Фёдоров Евгений Дмитриевич,лейтенант,12,49
Захаров Матвей Олегович,капитан,12,20
Семёнов Роман Романович,прапорщик,11,24
Кочергин Олег Максимович,майор,4,39
Алексеев Кирилл Олегович,рядовой,12,59
Иванов Виктор Максимович,рядовой,4,18
Степанов Роман Иванович,капитан,7,58
Васильев Сергей Алексеевич,прапорщик,11,19
Лебедев Матвей Романович,рядовой,11,29
Михайлов Егор Кириллович,майор,10,19
Борисов Михаил Алексеевич,рядовой,4,47
Андреев Кирилл Александрович,лейтенант,5,52
Козлов Юрий Иванович,лейтенант,8,47
Кузнецов Константин Викторович,полковник,1,21
Алексеев Юрий Иванович,капитан,5,52
Михайлов Дмитрий Сергеевич,сержант,1,53
Морозов Юрий Павлович,лейтенант,1,57
Андреев Евгений Викторович,прапорщик,3,31
Петров Сергей Романович,сержант,2,19
Орлов Юрий Алексеевич,майор,11,44
Васильев Евгений Дмитриевич,капитан,9,53
Лебедев Матвей Максимович,майор,11,19
Иванов Матвей Александрович,прапорщик,12,33
Морозов Павел Павлович,прапорщик,7,54
Соколов Никита Александрович,сержант,7,48
Фёдоров Сергей Викторович,майор,4,47
Орлов Сергей Кириллович,прапорщик,12,53
Морозов Павел Олегович,рядовой,7,54
Захаров Михаил Александрович,полковник,2,22
Орлов Евгений Ильич,полковник,11,56
Иванов Виктор Максимович,капитан,11,37
Михайлов Дмитрий Романович,лейтенант,1,47
Никитин Егор Александрович,лейтенант,12,34
Лебедев Степан Кириллович,сержант,8,20
Соколов Артём Ильич,капитан,1,50
Михайлов Матвей Олегович,полковник,5,52
Степанов Илья Сергеевич,майор,4,19
Смирнов Павел Никитич,прапорщик,4,25
Петров Матвей Александрович,рядовой,1,41
Михайлов Егор Сергеевич,капитан,10,19
Соловьёв Иван Ильич,капитан,1,39
Яковлев Александр Никитич,прапорщик,4,48
Новиков Александр Андреевич,сержант,3,18
Морозов Артём Максимович,полковник,3,44
Никитин Павел Андреевич,лейтенант,1,30
Иванов Александр Юрьевич,лейтенант,12,60
Васильев Юрий Сергеевич,сержант,3,46
Соловьёв Илья Ильич,рядовой,6,54
Иванов Кирилл Кириллович,полковник,8,43
Смирнов Максим Никитич,полковник,6,48
Борисов Егор Иванович,рядовой,6,48
Никитин Егор Сергеевич,сержант,3,21
Орлов Кирилл Юрьевич,рядовой,2,44
Макаров Денис Михайлович,майор,2,38
Кузнецов Александр Олегович,сержант,7,33
Иванов Матвей Иванович,лейтенант,7,33
Алексеев Виктор Никитич,лейтенант,8,56
Смирнов Егор Романович,полковник,1,57
Борисов Матвей Романович,рядовой,11,30
Семёнов Константин Павлович,лейтенант,12,23
Захаров Павел Ильич,лейтенант,3,53
Николаев Степан Сергеевич,капитан,5,22
Соколов Матвей Романович,капитан,5,31
Иванов Михаил Романович,прапорщик,11,36
Сидоров Кирилл Алексеевич,полковник,4,42
Смирнов Денис Никитич,лейтенант,2,35
Смирнов Олег Никитич,капитан,1,42
Никитин Евгений Александрович,прапорщик,1,51
Васильев Евгений Сергеевич,лейтенант,4,53
Морозов Евгений Иванович,лейтенант,2,30
Алексеев Алексей Викторович,майор,1,22
Павлов Кирилл Михайлович,лейтенант,12,49
Кочергин Алексей Ильич,лейтенант,10,20
Сидоров Никита Никитич,полковник,5,27
Попов Кирилл Алексеевич,полковник,12,53
Николаев Денис Александрович,прапорщик,2,33
Кочергин Павел Максимович,майор,8,28
Семёнов Максим Юрьевич,полковник,7,23
Сидоров Дмитрий Иванович,капитан,3,19
Николаев Степан Александрович,рядовой,6,37
Козлов Михаил Михайлович,полковник,3,34
Захаров Юрий Никитич,капитан,10,25
Николаев Юрий Андреевич,майор,9,49
Смирнов Михаил Юрьевич,сержант,7,18
Морозов Алексей Сергеевич,рядовой,4,58
Соловьёв Роман Павлович,полковник,11,60
Зайцев Алексей Александрович,лейтенант,8,30
Михайлов Максим Юрьевич,капитан,6,56
Николаев Артём Александрович,лейтенант,2,59
Кузнецов Олег Романович,рядовой,6,30
Козлов Никита Олегович,рядовой,10,22
Смирнов Максим Максимович,прапорщик,11,60
Борисов Илья Алексеевич,рядовой,1,41
Попов Иван Ильич,капитан,6,43
Зайцев Евгений Алексеевич,сержант,6,58
Новиков Виктор Дмитриевич,майор,2,58
Соколов Андрей Романович,капитан,7,20
Павлов Павел Ильич,рядовой,7,27
Степанов Олег Иванович,рядовой,8,28
Соловьёв Михаил Максимович,майор,10,27
Соколов Матвей Павлович,лейтенант,5,54
Соловьёв Константин Ильич,капитан,11,33
Яковлев Юрий Александрович,капитан,9,22
Семёнов Степан Сергеевич,капитан,8,56
Сидоров Денис Ильич,полковник,8,60
Сидоров Степан Андреевич,капитан,12,31
Новиков Александр Кириллович,рядовой,8,42
Фёдоров Алексей Романович,рядовой,4,57
Степанов Евгений Сергеевич,полковник,5,30
Захаров Артём Сергеевич,капитан,1,31
Борисов Артём Максимович,лейтенант,1,55
Сидоров Матвей Иванович,сержант,2,33
Попов Виктор Андреевич,майор,5,22
Яковлев Александр Ильич,прапорщик,1,53
Захаров Денис Дмитриевич,лейтенант,10,51
Борисов Денис Кириллович,майор,9,20
Петров Андрей Павлович,майор,7,34
Попов Александр Павлович,лейтенант,7,23
Михайлов Денис Романович,полковник,9,58
Михайлов Степан Ильич,рядовой,11,51
Павлов Илья Дмитриевич,майор,4,53
Егоров Степан Андреевич,капитан,8,24
Новиков Сергей Павлович,лейтенант,2,58
Фёдоров Алексей Алексеевич,лейтенант,8,24
Захаров Никита Андреевич,полковник,5,28
Михайлов Максим Иванович,капитан,7,54
Алексеев Никита Олегович,полковник,12,30
Степанов Матвей Павлович,капитан,10,34
Фёдоров Евгений Никитич,майор,11,40
Лебедев Евгений Романович,капитан,7,55
Морозов Константин Никитич,сержант,5,60
Захаров Олег Сергеевич,майор,9,21
Васильев Артём Максимович,майор,12,29
Лебедев Константин Иванович,майор,1,39
Зайцев Иван Александрович,полковник,12,50
Андреев Степан Иванович,лейтенант,4,39
Попов Денис Кириллович,сержант,7,39
Козлов Артём Кириллович,сержант,10,56
Степанов Егор Иванович,прапорщик,4,57
Захаров Денис Викторович,капитан,2,27
Яковлев Павел Викторович,лейтенант,10,38
Николаев Максим Александрович,прапорщик,8,53
Орлов Степан Алексеевич,полковник,10,23
Никитин Александр Павлович,капитан,11,60
Иванов Павел Кириллович,капитан,4,24
Козлов Алексей Михайлович,рядовой,5,57
Попов Александр Романович,полковник,4,48
Иванов Илья Викторович,капитан,2,25
Алексеев Павел Ильич,майор,3,32
Алексеев Денис Юрьевич,сержант,6,23
Иванов Степан Алексеевич,лейтенант,8,33
Павлов Константин Сергеевич,майор,2,18
Егоров Алексей Кириллович,рядовой,3,18
Егоров Иван Ильич,лейтенант,3,59
Иванов Олег Ильич,рядовой,5,35
Макаров Денис Кириллович,полковник,3,35
Макаров Дмитрий Алексеевич,майор,4,38
Соколов Евгений Павлович,сержант,8,30
Алексеев Павел Юрьевич,капитан,2,29
Козлов Евгений Иванович,прапорщик,6,53
Новиков Денис Андреевич,прапорщик,1,56
Никитин Михаил Дмитриевич,рядовой,2,52
Захаров Роман Кириллович,капитан,12,51
Макаров Денис Викторович,полковник,1,58
Петров Дмитрий Юрьевич,прапорщик,5,52
Орлов Алексей Никитич,капитан,5,46
Васильев Олег Юрьевич,лейтенант,10,51
Степанов Никита Иванович,лейтенант,11,33
Зайцев Константин Павлович,капитан,12,22
Лебедев Павел Юрьевич,рядовой,1,29
Петров Максим Дмитриевич,лейтенант,2,43
Попов Андрей Кириллович,прапорщик,6,57
Яковлев Артём Романович,прапорщик,11,55
Иванов Михаил Юрьевич,майор,12,52
Соловьёв Илья Иванович,рядовой,1,52
Захаров Матвей Андреевич,полковник,9,44
Орлов Кирилл Никитич,лейтенант,10,28
Фёдоров Дмитрий Викторович,капитан,7,37
Козлов Александр Максимович,рядовой,6,43
Новиков Александр Сергеевич,прапорщик,5,19
Павлов Илья Юрьевич,рядовой,2,55
Петров Илья Никитич,прапорщик,11,19
Смирнов Андрей Иванович,майор,6,25
Лебедев Алексей Александрович,майор,3,36
Никитин Олег Максимович,сержант,10,28
Лебедев Олег Викторович,сержант,9,60
Алексеев Денис Сергеевич,рядовой,8,19
Лебедев Степан Андреевич,полковник,2,39
Фёдоров Денис Максимович,рядовой,11,53
Степанов Александр Павлович,полковник,5,55
Попов Евгений Кириллович,лейтенант,3,37
Михайлов Максим Кириллович,майор,12,48
Фёдоров Павел Ильич,полковник,8,21
Михайлов Егор Михайлович,полковник,2,36
Васильев Никита Никитич,рядовой,12,32
Алексеев Матвей Романович,майор,3,42
Кочергин Юрий Сергеевич,сержант,4,24
Соколов Денис Сергеевич,майор,7,26
Фёдоров Максим Михайлович,сержант,2,19
Алексеев Дмитрий Иванович,прапорщик,12,35
Захаров Роман Никитич,рядовой,2,52
Яковлев Олег Ильич,лейтенант,5,46
Соловьёв Сергей Алексеевич,полковник,5,39
Никитин Никита Викторович,прапорщик,4,29
Павлов Иван Алексеевич,лейтенант,1,35
Зайцев Александр Никитич,лейтенант,3,40
Павлов Дмитрий Юрьевич,рядовой,11,25
Соловьёв Александр Романович,прапорщик,10,26
Егоров Александр Максимович,сержант,10,18
Алексеев Артём Максимович,майор,6,42
Захаров Евгений Романович,прапорщик,12,54
Зайцев Александр Иванович,майор,11,36
Васильев Никита Юрьевич,майор,8,42
Новиков Алексей Романович,лейтенант,4,51
Попов Евгений Александрович,лейтенант,1,41
Павлов Олег Никитич,майор,12,37
Козлов Михаил Викторович,рядовой,5,25
Васильев Виктор Сергеевич,лейтенант,1,36
Борисов Иван Кириллович,полковник,8,39
Лебедев Андрей Ильич,капитан,3,34
Петров Матвей Олегович,прапорщик,9,55
Сидоров Виктор Алексеевич,рядовой,7,56
Семёнов Константин Иванович,сержант,11,50
Иванов Михаил Александрович,лейтенант,7,41
Кузнецов Дмитрий Сергеевич,майор,9,43
Соколов Сергей Юрьевич,капитан,4,40
Семёнов Константин Александрович,полковник,5,52
Андреев Александр Сергеевич,прапорщик,2,47
Кочергин Никита Романович,сержант,4,60
Андреев Алексей Олегович,капитан,6,50
Егоров Денис Викторович,рядовой,9,44
Андреев Денис Кириллович,сержант,3,57
Степанов Михаил Александрович,майор,7,58
Соловьёв Олег Михайлович,лейтенант,10,59
Новиков Константин Викторович,капитан,7,18
Андреев Олег Иванович,лейтенант,1,49
Степанов Артём Викторович,прапорщик,5,49
Степанов Денис Иванович,рядовой,12,37
Николаев Егор Юрьевич,майор,8,57
Морозов Олег Романович,сержант,10,43
Никитин Степан Максимович,майор,6,24
Фёдоров Михаил Романович,сержант,9,39
Павлов Михаил Максимович,майор,9,53
Попов Кирилл Кириллович,прапорщик,2,34
Васильев Олег Михайлович,сержант,11,32
Морозов Егор Дмитриевич,лейтенант,7,27
Кочергин Денис Максимович,прапорщик,9,35
Козлов Александр Ильич,майор,3,21
Андреев Сергей Никитич,прапорщик,1,22
Зайцев Юрий Викторович,капитан,9,18
Захаров Константин Юрьевич,лейтенант,3,46
Сидоров Юрий Михайлович,рядовой,6,18
Васильев Сергей Викторович,полковник,8,22
Кочергин Олег Олегович,прапорщик,5,58
Сидоров Илья Иванович,прапорщик,11,54
Андреев Константин Романович,майор,12,59
Кочергин Никита Алексеевич,майор,9,52
Попов Виктор Ильич,лейтенант,12,48
Макаров Никита Алексеевич,сержант,6,47
Степанов Матвей Павлович,капитан,8,34
Петров Денис Кириллович,прапорщик,1,45
Яковлев Андрей Александрович,лейтенант,1,35
Кузнецов Михаил Юрьевич,капитан,7,44
Фёдоров Павел Кириллович,сержант,8,28
Орлов Никита Максимович,рядовой,12,26
Семёнов Кирилл Иванович,капитан,8,39
Козлов Виктор Алексеевич,прапорщик,12,26
Кузнецов Виктор Сергеевич,лейтенант,9,43
Павлов Егор Андреевич,полковник,5,21
Захаров Павел Сергеевич,рядовой,3,55
Смирнов Максим Олегович,капитан,10,27
Васильев Илья Сергеевич,полковник,11,55
Макаров Юрий Иванович,рядовой,3,32
Кузнецов Евгений Максимович,лейтенант,3,46
Фёдоров Кирилл Андреевич,майор,11,44
Егоров Дмитрий Михайлович,полковник,8,51
Сидоров Илья Кириллович,рядовой,8,57
Яковлев Александр Михайлович,сержант,9,42
Орлов Артём Максимович,полковник,12,51
Петров Александр Иванович,прапорщик,3,49
Соловьёв Виктор Александрович,полковник,10,54
Орлов Юрий Павлович,полковник,7,43
Новиков Иван Юрьевич,лейтенант,12,49
Попов Роман Викторович,лейтенант,1,25
Козлов Павел Павлович,капитан,4,18
Морозов Олег Кириллович,майор,8,25
Орлов Павел Андреевич,полковник,4,28
Попов Александр Андреевич,майор,4,30
Соколов Матвей Олегович,полковник,7,26
Васильев Никита Михайлович,лейтенант,6,46
Егоров Степан Ильич,прапорщик,4,53
Степанов Максим Викторович,капитан,1,38
Морозов Виктор Павлович,рядовой,7,36
Смирнов Дмитрий Михайлович,полковник,4,41
Николаев Степан Алексеевич,рядовой,10,57
Соколов Кирилл Павлович,майор,8,35
Никитин Константин Максимович,капитан,1,22
Захаров Виктор Романович,полковник,9,34
Кузнецов Егор Олегович,капитан,10,26
Алексеев Константин Никитич,полковник,3,34
Зайцев Роман Иванович,капитан,10,32
Фёдоров Алексей Ильич,рядовой,11,43
Борисов Никита Юрьевич,майор,12,58
Соколов Максим Никитич,прапорщик,10,50
Петров Михаил Александрович,майор,11,53
Семёнов Алексей Алексеевич,полковник,6,47
Васильев Артём Алексеевич,рядовой,5,42
Захаров Павел Викторович,лейтенант,5,36
Петров Илья Михайлович,сержант,6,45
Морозов Евгений Никитич,майор,4,32
Сидоров Иван Сергеевич,прапорщик,7,46
Николаев Константин Юрьевич,майор,5,60
Павлов Дмитрий Андреевич,сержант,5,56
Кочергин Сергей Алексеевич,лейтенант,8,24
Васильев Никита Иванович,майор,3,31
Николаев Константин Андреевич,майор,7,32
Андреев Александр Александрович,рядовой,10,59
Егоров Андрей Александрович,майор,5,50
Андреев Виктор Андреевич,майор,3,52
Степанов Илья Андреевич,рядовой,5,52
Егоров Кирилл Юрьевич,майор,9,45
Егоров Денис Романович,сержант,7,58
Захаров Дмитрий Никитич,майор,9,32
Павлов Степан Дмитриевич,прапорщик,4,52
Степанов Артём Павлович,капитан,4,58
Макаров Матвей Александрович,рядовой,3,29
Яковлев Павел Никитич,лейтенант,2,49
Захаров Олег Павлович,майор,1,45
Сидоров Михаил Викторович,прапорщик,6,42
Борисов Юрий Максимович,капитан,10,35
Андреев Денис Михайлович,прапорщик,11,39
Егоров Роман Алексеевич,рядовой,5,52
Михайлов Максим Викторович,прапорщик,9,54
Егоров Виктор Ильич,лейтенант,10,47
Смирнов Иван Ильич,сержант,8,41
Орлов Евгений Андреевич,капитан,10,48
Петров Евгений Олегович,полковник,12,31
Соколов Михаил Сергеевич,рядовой,2,29
Алексеев Константин Викторович,прапорщик,10,21
Зайцев Павел Андреевич,лейтенант,12,26
Захаров Степан Алексеевич,майор,1,47
Соловьёв Артём Юрьевич,лейтенант,4,52
Петров Олег Романович,рядовой,8,56
Новиков Виктор Сергеевич,прапорщик,6,49
Попов Матвей Сергеевич,рядовой,7,45
Макаров Константин Олегович,рядовой,7,43
Никитин Михаил Ильич,капитан,3,36
Морозов Константин Александрович,рядовой,2,42
Борисов Максим Ильич,майор,8,55
Алексеев Матвей Михайлович,капитан,1,55
Петров Денис Романович,прапорщик,1,22
Захаров Дмитрий Никитич,капитан,7,35
Андреев Матвей Сергеевич,майор,12,33
Смирнов Денис Алексеевич,капитан,12,37
Никитин Константин Романович,прапорщик,4,28
Борисов Никита Олегович,полковник,9,42
Борисов Александр Никитич,рядовой,10,56
Николаев Михаил Олегович,майор,5,28
Зайцев Павел Ильич,рядовой,12,43
Фёдоров Александр Сергеевич,полковник,2,44
Захаров Никита Дмитриевич,лейтенант,1,25
Николаев Егор Михайлович,лейтенант,9,19
Фёдоров Максим Никитич,капитан,4,41
Яковлев Михаил Ильич,полковник,9,28
Кузнецов Никита Дмитриевич,лейтенант,1,23
Смирнов Константин Сергеевич,сержант,4,50
Егоров Роман Юрьевич,сержант,10,27
Новиков Павел Иванович,рядовой,7,34
Кочергин Матвей Олегович,рядовой,3,27
Семёнов Максим Александрович,капитан,6,51
Смирнов Роман Ильич,сержант,2,27
Алексеев Иван Ильич,лейтенант,9,18
Павлов Артём Ильич,прапорщик,12,56
Павлов Артём Иванович,полковник,11,20
Попов Роман Дмитриевич,майор,12,32
Попов Егор Михайлович,майор,2,50
Морозов Виктор Кириллович,майор,1,48
Фёдоров Алексей Александрович,лейтенант,5,50
Макаров Иван Викторович,рядовой,7,21
Фёдоров Юрий Ильич,рядовой,7,32
Степанов Михаил Викторович,майор,1,55
Морозов Денис Александрович,полковник,2,60
Семёнов Максим Кириллович,капитан,8,59
Николаев Сергей Андреевич,лейтенант,12,45
Сидоров Алексей Юрьевич,майор,6,44
Борисов Олег Максимович,лейтенант,1,18
Никитин Матвей Дмитриевич,майор,12,59
Соловьёв Денис Иванович,полковник,8,24
Морозов Максим Романович,капитан,11,38
Козлов Алексей Алексеевич,майор,12,40
Морозов Юрий Викторович,рядовой,11,39
Егоров Артём Сергеевич,лейтенант,4,28
Кочергин Денис Дмитриевич,майор,5,50
Захаров Евгений Викторович,прапорщик,10,18
Макаров Михаил Иванович,полковник,6,48
Михайлов Степан Александрович,сержант,5,42
Захаров Степан Максимович,полковник,10,47
Васильев Александр Андреевич,рядовой,12,44
Кузнецов Егор Викторович,лейтенант,5,36
Николаев Илья Михайлович,майор,10,44
Попов Степан Никитич,прапорщик,12,40
Михайлов Павел Дмитриевич,прапорщик,8,56
Кузнецов Илья Никитич,рядовой,5,26
Морозов Илья Кириллович,сержант,8,18
Морозов Виктор Кириллович,лейтенант,3,57
Смирнов Евгений Дмитриевич,прапорщик,1,27
Макаров Павел Алексеевич,лейтенант,6,49
Соловьёв Иван Иванович,майор,9,44
Макаров Сергей Никитич,капитан,1,19
Макаров Иван Никитич,сержант,5,25
Зайцев Никита Дмитриевич,прапорщик,2,59
Павлов Степан Никитич,прапорщик,11,47
Никитин Андрей Андреевич,полковник,4,33
Лебедев Иван Никитич,прапорщик,11,22
Андреев Юрий Юрьевич,капитан,3,43
Фёдоров Александр Алексеевич,майор,5,38
Павлов Андрей Алексеевич,майор,9,44
Алексеев Виктор Никитич,капитан,5,39
Иванов Михаил Дмитриевич,полковник,10,57
Соловьёв Юрий Викторович,сержант,12,48
Петров Егор Ильич,сержант,7,45
Павлов Кирилл Романович,лейтенант,12,42
Иванов Александр Иванович,рядовой,4,40
Петров Илья Романович,лейтенант,1,59
Соловьёв Дмитрий Павлович,рядовой,4,59
Орлов Никита Александрович,лейтенант,7,41
Захаров Егор Михайлович,полковник,8,46
Яковлев Виктор Викторович,рядовой,1,39
Морозов Егор Александрович,рядовой,3,50
Зайцев Сергей Михайлович,прапорщик,4,48
Алексеев Никита Максимович,лейтенант,1,30
Попов Константин Андреевич,рядовой,4,56
Михайлов Роман Максимович,лейтенант,7,34
Кузнецов Иван Ильич,полковник,2,46
Соколов Андрей Андреевич,полковник,1,57
Алексеев Евгений Михайлович,сержант,6,59
Степанов Илья Сергеевич,прапорщик,10,21
Морозов Иван Михайлович,прапорщик,2,49
Павлов Константин Кириллович,майор,7,59
Яковлев Константин Викторович,капитан,9,20
Морозов Сергей Сергеевич,капитан,2,55
Кузнецов Алексей Романович,майор,1,41
Лебедев Олег Максимович,рядовой,5,47
Никитин Илья Никитич,сержант,12,19
Захаров Кирилл Юрьевич,майор,9,51
Андреев Егор Алексеевич,лейтенант,4,41
Соловьёв Алексей Викторович,сержант,8,58
Морозов Сергей Александрович,полковник,8,58
Козлов Павел Андреевич,лейтенант,6,25
Соловьёв Юрий Сергеевич,сержант,11,37
Семёнов Денис Алексеевич,прапорщик,10,54
Андреев Виктор Максимович,капитан,7,39
Николаев Илья Максимович,капитан,9,53
Егоров Никита Сергеевич,полковник,11,44
Морозов Андрей Андреевич,лейтенант,3,47
Лебедев Роман Викторович,прапорщик,11,30
Никитин Иван Алексеевич,полковник,12,59
Кочергин Павел Юрьевич,прапорщик,4,52
Яковлев Кирилл Михайлович,капитан,12,36
Степанов Олег Сергеевич,майор,1,23
Зайцев Евгений Иванович,полковник,4,37
Козлов Кирилл Максимович,полковник,5,31
Соловьёв Илья Андреевич,рядовой,9,35
Иванов Егор Никитич,полковник,1,42
Лебедев Кирилл Викторович,лейтенант,6,45
Николаев Егор Викторович,рядовой,4,48
Кочергин Константин Юрьевич,рядовой,8,33
Николаев Дмитрий Павлович,сержант,8,22
Михайлов Роман Иванович,сержант,4,29
Степанов Илья Андреевич,сержант,12,55
Сидоров Никита Кириллович,рядовой,6,22
Алексеев Виктор Алексеевич,прапорщик,11,23
Соколов Константин Викторович,рядовой,6,52
Зайцев Артём Михайлович,лейтенант,12,57
Егоров Александр Павлович,рядовой,5,59
Кузнецов Виктор Александрович,майор,6,45
Петров Константин Романович,рядовой,11,59
Яковлев Олег Сергеевич,прапорщик,10,35
Соколов Егор Иванович,сержант,7,42
Борисов Сергей Романович,лейтенант,8,36
Морозов Юрий Сергеевич,майор,7,60
Козлов Павел Романович,майор,1,50
Васильев Кирилл Кириллович,лейтенант,3,37
Козлов Юрий Юрьевич,лейтенант,10,42
Семёнов Юрий Александрович,лейтенант,11,54
Петров Сергей Юрьевич,полковник,8,26
Морозов Артём Дмитриевич,рядовой,7,28
Николаев Михаил Михайлович,полковник,3,20
Иванов Максим Дмитриевич,прапорщик,3,48
Никитин Александр Павлович,рядовой,9,25
Никитин Виктор Максимович,капитан,6,32
Петров Артём Андреевич,майор,9,33
Яковлев Артём Сергеевич,сержант,12,54
Кочергин Алексей Иванович,капитан,4,49
Петров Алексей Алексеевич,полковник,6,29
Алексеев Матвей Кириллович,лейтенант,7,50
Морозов Михаил Дмитриевич,майор,1,27
Фёдоров Дмитрий Кириллович,рядовой,12,23
Павлов Юрий Никитич,рядовой,10,36
Андреев Артём Александрович,майор,6,46
Морозов Денис Романович,прапорщик,8,35
Андреев Кирилл Павлович,лейтенант,4,37
Новиков Павел Кириллович,лейтенант,11,36
Козлов Артём Юрьевич,полковник,12,49
Сидоров Сергей Максимович,рядовой,8,35
Сидоров Никита Олегович,капитан,9,51
Васильев Павел Сергеевич,рядовой,10,42
Смирнов Денис Олегович,рядовой,11,59
Орлов Юрий Сергеевич,лейтенант,2,34
Соловьёв Иван Юрьевич,лейтенант,7,36
Егоров Степан Юрьевич,майор,2,39
Фёдоров Алексей Кириллович,полковник,10,50
Соловьёв Юрий Александрович,капитан,4,45
Захаров Степан Алексеевич,полковник,8,34
Михайлов Андрей Максимович,капитан,4,44
Фёдоров Константин Романович,рядовой,9,33
Алексеев Юрий Иванович,прапорщик,1,34
Новиков Дмитрий Дмитриевич,лейтенант,12,22
Фёдоров Константин Кириллович,прапорщик,1,24
Андреев Егор Юрьевич,лейтенант,11,59
Смирнов Роман Андреевич,капитан,12,54
Смирнов Александр Никитич,лейтенант,6,58
Смирнов Матвей Александрович,капитан,11,34
Борисов Егор Михайлович,прапорщик,9,48
Павлов Матвей Андреевич,полковник,5,19
Борисов Константин Олегович,лейтенант,5,34
Иванов Константин Иванович,прапорщик,1,45
Морозов Андрей Юрьевич,капитан,2,31
Макаров Евгений Андреевич,сержант,8,49
Степанов Матвей Ильич,полковник,1,28
Иванов Кирилл Сергеевич,капитан,2,42
Кочергин Евгений Павлович,майор,1,25
Козлов Александр Павлович,лейтенант,11,35
Васильев Андрей Романович,прапорщик,10,29
Макаров Алексей Максимович,сержант,6,57
Соловьёв Михаил Юрьевич,капитан,3,28
Николаев Андрей Михайлович,лейтенант,2,37
Васильев Степан Юрьевич,майор,1,24
Семёнов Сергей Кириллович,лейтенант,6,20
Морозов Константин Олегович,прапорщик,9,57
Зайцев Олег Ильич,майор,11,53
Борисов Дмитрий Дмитриевич,лейтенант,1,55
Морозов Александр Михайлович,лейтенант,2,35
Орлов Евгений Александрович,сержант,3,24
Зайцев Олег Андреевич,лейтенант,10,46
Сидоров Павел Максимович,лейтенант,9,22
Соловьёв Илья Ильич,рядовой,2,35
Лебедев Сергей Алексеевич,капитан,2,57
Иванов Михаил Никитич,майор,12,30
Новиков Михаил Дмитриевич,лейтенант,8,19
Андреев Сергей Александрович,лейтенант,11,23
Кочергин Александр Александрович,полковник,11,58
Семёнов Михаил Кириллович,полковник,1,39
Яковлев Артём Павлович,лейтенант,6,41
Фёдоров Иван Романович,сержант,1,26
Смирнов Матвей Андреевич,сержант,10,41
Кузнецов Сергей Кириллович,рядовой,11,38
Макаров Евгений Михайлович,сержант,8,50
Зайцев Александр Алексеевич,прапорщик,10,29
Зайцев Виктор Павлович,рядовой,3,39
Петров Егор Романович,капитан,5,58
Яковлев Дмитрий Дмитриевич,полковник,8,56
Васильев Кирилл Иванович,рядовой,5,24
Петров Егор Андреевич,майор,12,55
Соловьёв Роман Павлович,полковник,2,25
Смирнов Евгений Михайлович,полковник,1,48
Морозов Артём Павлович,лейтенант,1,47
Кочергин Иван Иванович,прапорщик,12,54
Петров Михаил Кириллович,лейтенант,4,35
Кузнецов Егор Олегович,сержант,2,44
Соловьёв Роман Иванович,рядовой,2,53
Никитин Олег Ильич,капитан,7,54
Васильев Егор Ильич,рядовой,1,52
Фёдоров Евгений Дмитриевич,рядовой,1,22
Николаев Павел Романович,майор,5,34
Лебедев Юрий Алексеевич,сержант,4,28
Петров Олег Максимович,полковник,10,29
Сидоров Иван Иванович,рядовой,10,28
Николаев Степан Александрович,прапорщик,7,23
Макаров Александр Максимович,сержант,10,23
Андреев Олег Андреевич,прапорщик,2,40
Николаев Дмитрий Максимович,лейтенант,4,55
Петров Юрий Алексеевич,прапорщик,11,34
Смирнов Артём Павлович,сержант,6,31
Фёдоров Олег Павлович,капитан,8,30
Васильев Иван Павлович,полковник,1,21
Семёнов Степан Михайлович,прапорщик,10,24
Макаров Кирилл Юрьевич,рядовой,9,24
Новиков Юрий Никитич,прапорщик,4,46
Лебедев Иван Олегович,лейтенант,2,46
Андреев Олег Сергеевич,прапорщик,2,60
Захаров Юрий Александрович,лейтенант,9,40
Попов Илья Михайлович,полковник,10,35
Андреев Иван Алексеевич,лейтенант,11,41
Никитин Дмитрий Юрьевич,капитан,6,39
Кузнецов Степан Кириллович,капитан,11,59
Попов Юрий Юрьевич,капитан,8,25
Андреев Андрей Сергеевич,прапорщик,5,56
Кузнецов Евгений Сергеевич,полковник,3,54
Михайлов Степан Иванович,полковник,11,25
Алексеев Роман Михайлович,сержант,10,59
Иванов Константин Олегович,полковник,11,49
Морозов Евгений Юрьевич,полковник,12,34
Андреев Денис Юрьевич,прапорщик,9,23
Егоров Егор Алексеевич,капитан,1,44
Андреев Андрей Дмитриевич,капитан,8,42
Козлов Константин Ильич,капитан,10,42
Михайлов Михаил Александрович,сержант,11,42
Соколов Олег Иванович,рядовой,11,56
Егоров Евгений Кириллович,сержант,12,49
Орлов Кирилл Юрьевич,сержант,5,30
Павлов Олег Александрович,рядовой,2,59
Лебедев Дмитрий Михайлович,сержант,9,46
Лебедев Егор Андреевич,лейтенант,4,18
Смирнов Егор Павлович,прапорщик,3,20
Морозов Илья Никитич,лейтенант,2,18
Яковлев Матвей Викторович,капитан,9,33
Николаев Сергей Иванович,сержант,10,28
Соловьёв Андрей Романович,прапорщик,1,35
Соколов Виктор Юрьевич,прапорщик,8,30
Михайлов Матвей Ильич,полковник,11,39
Кузнецов Иван Дмитриевич,рядовой,1,59
Морозов Олег Ильич,лейтенант,7,43
Яковлев Олег Андреевич,майор,1,29
Зайцев Константин Никитич,рядовой,8,49
Никитин Денис Викторович,майор,10,46
Фёдоров Максим Павлович,рядовой,5,23
Степанов Дмитрий Дмитриевич,полковник,6,34
Степанов Михаил Романович,полковник,6,29
Морозов Алексей Романович,капитан,10,28
Кузнецов Денис Викторович,полковник,5,56
Петров Илья Михайлович,майор,6,40
Соколов Артём Романович,прапорщик,5,43
Соколов Никита Александрович,сержант,1,30
Орлов Андрей Юрьевич,капитан,11,45
Семёнов Матвей Андреевич,капитан,6,27
Никитин Дмитрий Алексеевич,лейтенант,6,45
Орлов Павел Павлович,лейтенант,8,54
Смирнов Артём Сергеевич,капитан,12,32
Попов Дмитрий Алексеевич,майор,12,32
Смирнов Павел Никитич,рядовой,1,21
Яковлев Денис Никитич,прапорщик,1,34
Петров Степан Иванович,лейтенант,11,28
Никитин Михаил Сергеевич,рядовой,4,33
Попов Степан Максимович,полковник,10,43
Смирнов Илья Викторович,капитан,7,35
Егоров Илья Олегович,рядовой,5,43
Зайцев Максим Дмитриевич,полковник,1,45
Кочергин Иван Михайлович,капитан,11,59
Лебедев Константин Дмитриевич,рядовой,6,21
Сидоров Степан Михайлович,лейтенант,11,35
Борисов Михаил Сергеевич,рядовой,8,56
Иванов Юрий Михайлович,капитан,12,60
Фёдоров Никита Романович,майор,2,34
Новиков Роман Александрович,полковник,5,27
Морозов Виктор Дмитриевич,полковник,4,20
Егоров Олег Андреевич,рядовой,1,18
Лебедев Дмитрий Романович,лейтенант,3,42
Николаев Сергей Михайлович,прапорщик,2,31
Яковлев Дмитрий Павлович,прапорщик,4,47
Никитин Михаил Кириллович,рядовой,4,34
Михайлов Никита Ильич,полковник,3,20
Алексеев Дмитрий Дмитриевич,капитан,9,18
Кузнецов Матвей Кириллович,рядовой,1,28
Зайцев Роман Никитич,капитан,6,38
Сидоров Кирилл Ильич,майор,1,26
Кочергин Андрей Олегович,лейтенант,6,26
Яковлев Юрий Павлович,рядовой,2,50
Николаев Александр Алексеевич,прапорщик,10,49
Зайцев Степан Никитич,сержант,5,24
Фёдоров Михаил Ильич,рядовой,6,35
Андреев Кирилл Сергеевич,майор,5,47
Лебедев Сергей Михайлович,сержант,2,21
Фёдоров Артём Юрьевич,рядовой,10,56
Захаров Павел Юрьевич,сержант,8,25
Борисов Илья Романович,рядовой,1,34
Сидоров Роман Михайлович,полковник,5,59
Борисов Виктор Иванович,полковник,1,25
Смирнов Кирилл Павлович,лейтенант,4,45
Соколов Андрей Сергеевич,майор,3,33
Захаров Юрий Иванович,рядовой,5,23
Соловьёв Дмитрий Романович,сержант,4,27
Захаров Максим Викторович,майор,3,43
Зайцев Артём Алексеевич,капитан,5,56
Фёдоров Кирилл Михайлович,полковник,5,38
Иванов Егор Иванович,рядовой,7,55
Васильев Виктор Дмитриевич,рядовой,11,39
Алексеев Кирилл Дмитриевич,сержант,5,33
Васильев Виктор Викторович,майор,4,22
Борисов Егор Олегович,майор,2,50
Николаев Денис Павлович,рядовой,2,56
Орлов Денис Михайлович,полковник,4,58
Андреев Андрей Ильич,рядовой,8,18
Новиков Матвей Максимович,сержант,3,39
Лебедев Юрий Алексеевич,сержант,12,35
Борисов Кирилл Павлович,рядовой,8,21
Новиков Константин Михайлович,полковник,11,59
Михайлов Никита Викторович,рядовой,1,53
Никитин Дмитрий Алексеевич,рядовой,5,60
Кузнецов Виктор Олегович,майор,2,57
Яковлев Александр Олегович,капитан,7,40
Алексеев Дмитрий Олегович,полковник,12,42
Яковлев Евгений Никитич,майор,9,36
Макаров Артём Кириллович,майор,9,59
Зайцев Денис Павлович,капитан,6,34
Зайцев Михаил Сергеевич,майор,5,47
Соловьёв Денис Сергеевич,майор,12,36
Михайлов Артём Михайлович,прапорщик,4,24
Васильев Артём Ильич,капитан,7,27
Захаров Дмитрий Иванович,прапорщик,8,35
Андреев Дмитрий Викторович,рядовой,8,55
Никитин Константин Романович,лейтенант,6,40
Павлов Максим Ильич,сержант,4,52
Андреев Иван Андреевич,прапорщик,1,33
Захаров Михаил Александрович,рядовой,1,20
Иванов Алексей Кириллович,рядовой,5,44
Никитин Никита Сергеевич,майор,6,22
Яковлев Артём Андреевич,майор,1,29
Степанов Кирилл Викторович,лейтенант,8,35
Андреев Никита Никитич,майор,12,45
Кузнецов Алексей Михайлович,рядовой,3,24
Макаров Иван Алексеевич,сержант,10,56
Кузнецов Александр Андреевич,лейтенант,5,20
Лебедев Илья Дмитриевич,майор,6,51
Борисов Степан Юрьевич,прапорщик,10,18
Соколов Артём Дмитриевич,прапорщик,9,28
Семёнов Сергей Ильич,лейтенант,8,37
Попов Олег Олегович,полковник,2,28
Кузнецов Илья Викторович,полковник,3,31
Кузнецов Сергей Юрьевич,полковник,1,38
Морозов Роман Романович,лейтенант,11,24
Сидоров Юрий Александрович,полковник,4,27
Семёнов Иван Максимович,капитан,8,45
Михайлов Денис Максимович,сержант,1,43
Семёнов Михаил Александрович,рядовой,4,20
Егоров Денис Алексеевич,сержант,5,24
Семёнов Юрий Михайлович,полковник,7,59
Сидоров Илья Олегович,полковник,11,45
Павлов Максим Михайлович,майор,3,50
Соловьёв Илья Максимович,майор,6,39
Павлов Александр Иванович,прапорщик,7,35
Семёнов Максим Дмитриевич,майор,9,25
Захаров Дмитрий Юрьевич,прапорщик,12,54
Борисов Степан Юрьевич,полковник,6,52
Михайлов Дмитрий Андреевич,майор,3,23
Васильев Иван Иванович,полковник,10,19
Никитин Егор Викторович,сержант,5,40
Лебедев Степан Сергеевич,лейтенант,10,48
Васильев Егор Михайлович,сержант,3,39
Соколов Максим Иванович,полковник,9,52
Михайлов Андрей Сергеевич,сержант,4,60
Иванов Матвей Ильич,майор,2,32
Васильев Максим Кириллович,сержант,10,39
Егоров Олег Андреевич,майор,6,19
Яковлев Кирилл Кириллович,прапорщик,5,53
Морозов Алексей Иванович,лейтенант,3,49
Степанов Сергей Алексеевич,майор,12,25
Петров Иван Юрьевич,сержант,4,46
Иванов Юрий Кириллович,прапорщик,5,36
Орлов Виктор Павлович,лейтенант,5,43
Фёдоров Виктор Алексеевич,сержант,6,26
Иванов Павел Александрович,лейтенант,7,29
Новиков Михаил Дмитриевич,прапорщик,2,45
Кочергин Евгений Михайлович,майор,8,51
Попов Степан Максимович,рядовой,5,18
Фёдоров Иван Ильич,майор,5,57
Орлов Павел Александрович,прапорщик,3,36
Соколов Дмитрий Андреевич,майор,4,42
Попов Евгений Никитич,прапорщик,2,36
Кузнецов Иван Александрович,лейтенант,6,31
Морозов Никита Сергеевич,майор,4,40
Козлов Сергей Иванович,лейтенант,9,43
Сидоров Константин Никитич,капитан,9,39
Соколов Илья Сергеевич,майор,12,55
Петров Илья Викторович,сержант,12,32
Захаров Евгений Алексеевич,прапорщик,9,41
Морозов Алексей Романович,сержант,4,30
Кузнецов Артём Никитич,майор,4,43
Лебедев Илья Александрович,лейтенант,2,19
Михайлов Артём Дмитриевич,капитан,10,44
Николаев Егор Кириллович,капитан,3,57
Николаев Алексей Романович,прапорщик,4,41
Кочергин Сергей Кириллович,майор,5,57
Лебедев Андрей Романович,прапорщик,3,23
Лебедев Егор Александрович,сержант,5,18
Семёнов Андрей Никитич,капитан,1,57
Смирнов Степан Алексеевич,майор,1,49
Кочергин Илья Никитич,сержант,3,42
Андреев Никита Павлович,сержант,4,36
Новиков Роман Михайлович,полковник,11,19
Степанов Юрий Викторович,капитан,4,24
Павлов Виктор Романович,майор,10,43
Козлов Иван Юрьевич,сержант,4,40
Семёнов Илья Викторович,сержант,10,24
Кузнецов Олег Александрович,капитан,5,27
Лебедев Виктор Михайлович,капитан,5,54
Алексеев Евгений Ильич,сержант,8,24
Кузнецов Илья Кириллович,лейтенант,12,35
Кочергин Дмитрий Викторович,сержант,5,58
Кузнецов Александр Романович,прапорщик,10,29
Зайцев Евгений Александрович,сержант,8,51
Степанов Дмитрий Павлович,майор,8,54
Яковлев Сергей Андреевич,капитан,12,53
Семёнов Никита Юрьевич,сержант,10,50
Новиков Александр Александрович,лейтенант,12,42
Семёнов Павел Романович,полковник,4,24
Новиков Андрей Александрович,майор,12,18
Николаев Александр Романович,сержант,1,24
Семёнов Виктор Кириллович,капитан,11,54
Андреев Юрий Ильич,сержант,6,18
Михайлов Дмитрий Олегович,полковник,1,19
Соколов Матвей Максимович,капитан,4,31
Соколов Артём Дмитриевич,капитан,6,36
Новиков Михаил Олегович,капитан,8,58
Попов Константин Александрович,полковник,1,55
Егоров Кирилл Юрьевич,полковник,7,25
Семёнов Олег Михайлович,капитан,6,51
Иванов Егор Иванович,капитан,3,22
Орлов Матвей Викторович,прапорщик,4,35
Морозов Александр Олегович,сержант,6,60
Фёдоров Сергей Сергеевич,капитан,5,27
Макаров Александр Алексеевич,рядовой,6,49
Смирнов Матвей Олегович,майор,2,44
Яковлев Егор Иванович,полковник,4,47
Кузнецов Иван Никитич,полковник,2,38
Сидоров Андрей Андреевич,капитан,9,49
Морозов Дмитрий Павлович,полковник,7,45
Семёнов Евгений Юрьевич,сержант,6,26
Захаров Денис Ильич,полковник,2,47
Алексеев Илья Иванович,капитан,3,21
Орлов Матвей Алексеевич,капитан,4,22
Кузнецов Виктор Александрович,рядовой,11,18
Соколов Дмитрий Сергеевич,сержант,1,20
Попов Кирилл Максимович,прапорщик,5,40
Андреев Андрей Иванович,майор,2,23
Павлов Никита Александрович,майор,7,33
Михайлов Роман Дмитриевич,капитан,3,23
Петров Евгений Кириллович,лейтенант,12,23
Попов Павел Иванович,капитан,1,58
Орлов Илья Олегович,сержант,8,22
Соловьёв Матвей Андреевич,лейтенант,6,34
Фёдоров Александр Никитич,рядовой,10,46
Орлов Степан Алексеевич,сержант,4,27
Захаров Михаил Михайлович,капитан,1,32
Яковлев Михаил Алексеевич,сержант,12,50
Соловьёв Роман Михайлович,полковник,3,33
Попов Иван Дмитриевич,лейтенант,6,25
Петров Степан Олегович,сержант,2,23
Соловьёв Андрей Викторович,полковник,11,50
Лебедев Егор Никитич,рядовой,12,18
Егоров Артём Павлович,рядовой,12,25
Кузнецов Кирилл Юрьевич,майор,10,53
Зайцев Михаил Павлович,майор,7,55
Лебедев Дмитрий Олегович,капитан,7,18
Соловьёв Максим Кириллович,рядовой,8,45
Сидоров Евгений Павлович,полковник,3,36
Кузнецов Иван Романович,лейтенант,1,52
Егоров Александр Дмитриевич,майор,12,32
Захаров Артём Сергеевич,капитан,12,26
Васильев Павел Михайлович,прапорщик,10,52
Андреев Дмитрий Павлович,прапорщик,6,28
Яковлев Михаил Михайлович,лейтенант,8,55
Степанов Матвей Иванович,майор,6,31
Петров Степан Дмитриевич,майор,5,55
Лебедев Максим Викторович,лейтенант,5,46
Никитин Константин Викторович,сержант,4,28
Морозов Иван Ильич,лейтенант,12,58
Зайцев Кирилл Викторович,сержант,10,23
Макаров Алексей Андреевич,полковник,5,50
Алексеев Иван Ильич,майор,12,25
Козлов Дмитрий Юрьевич,прапорщик,1,50
Зайцев Виктор Кириллович,полковник,10,57
Козлов Евгений Павлович,капитан,8,60
Захаров Алексей Павлович,прапорщик,1,43
Сидоров Роман Александрович,полковник,1,26
Андреев Сергей Алексеевич,майор,5,45
Зайцев Степан Никитич,полковник,11,32
Алексеев Кирилл Ильич,полковник,7,21
Орлов Александр Александрович,полковник,1,57
Михайлов Никита Андреевич,лейтенант,2,23
Макаров Константин Кириллович,рядовой,2,54
Никитин Александр Викторович,капитан,10,34
Борисов Роман Юрьевич,майор,10,52
Захаров Матвей Андреевич,рядовой,9,60
Сидоров Степан Олегович,лейтенант,7,52
Кочергин Никита Кириллович,сержант,3,57
Никитин Олег Максимович,сержант,9,27
Николаев Андрей Андреевич,рядовой,5,27
Новиков Илья Алексеевич,рядовой,9,24
Яковлев Юрий Александрович,сержант,1,46
Макаров Олег Олегович,сержант,3,36
Фёдоров Кирилл Иванович,лейтенант,9,26
Попов Сергей Иванович,прапорщик,12,45
Морозов Алексей Юрьевич,рядовой,10,37
Попов Сергей Алексеевич,полковник,4,24
Кузнецов Дмитрий Никитич,прапорщик,7,59
Смирнов Максим Ильич,майор,1,56
Кузнецов Денис Иванович,капитан,1,25
Алексеев Никита Олегович,капитан,5,59
Макаров Евгений Алексеевич,полковник,10,35
Семёнов Илья Юрьевич,сержант,6,55
Степанов Иван Андреевич,прапорщик,2,45
Павлов Денис Викторович,капитан,9,37
Зайцев Степан Алексеевич,прапорщик,8,56
Сидоров Андрей Александрович,рядовой,6,38
Новиков Павел Сергеевич,лейтенант,9,43
Соколов Павел Сергеевич,прапорщик,6,22
Андреев Андрей Александрович,рядовой,2,35
Попов Михаил Кириллович,рядовой,5,49
Соколов Максим Ильич,лейтенант,12,18
Макаров Никита Юрьевич,рядовой,1,41
Павлов Юрий Алексеевич,прапорщик,3,53
Борисов Степан Романович,полковник,11,54
Семёнов Евгений Кириллович,майор,9,57
Соловьёв Матвей Викторович,лейтенант,12,46
Попов Александр Ильич,рядовой,11,20
Борисов Олег Александрович,рядовой,11,25
Никитин Степан Кириллович,полковник,4,50
Захаров Сергей Михайлович,капитан,1,44
Макаров Денис Максимович,рядовой,6,32
Никитин Павел Сергеевич,лейтенант,6,52
Сидоров Егор Кириллович,прапорщик,8,30
Лебедев Степан Романович,капитан,9,49
Алексеев Иван Павлович,лейтенант,4,30
Степанов Денис Сергеевич,прапорщик,6,31
Яковлев Константин Дмитриевич,сержант,12,22
Соловьёв Андрей Александрович,прапорщик,6,35
Павлов Павел Александрович,прапорщик,12,29
Лебедев Никита Юрьевич,лейтенант,9,27
Михайлов Артём Дмитриевич,лейтенант,3,34
Иванов Артём Александрович,капитан,11,20
Макаров Максим Андреевич,прапорщик,2,47
Смирнов Максим Викторович,полковник,6,25
Никитин Михаил Никитич,лейтенант,6,29
Петров Илья Михайлович,полковник,11,43
Зайцев Степан Дмитриевич,рядовой,4,43
Никитин Илья Андреевич,прапорщик,3,52
Попов Михаил Сергеевич,лейтенант,3,59
Алексеев Павел Романович,рядовой,6,32
Павлов Юрий Олегович,рядовой,1,47
Орлов Сергей Павлович,лейтенант,10,56
Зайцев Максим Викторович,сержант,1,22
Павлов Артём Александрович,рядовой,1,22
Андреев Олег Алексеевич,сержант,9,58
Лебедев Михаил Дмитриевич,капитан,3,41
Андреев Олег Викторович,капитан,1,36
Николаев Сергей Сергеевич,лейтенант,3,36
Соловьёв Илья Викторович,капитан,6,23
Иванов Александр Андреевич,сержант,5,31
Новиков Сергей Сергеевич,сержант,7,31
Алексеев Юрий Юрьевич,лейтенант,11,31
Смирнов Максим Олегович,сержант,1,56
Соловьёв Юрий Ильич,прапорщик,3,46
Никитин Максим Михайлович,прапорщик,10,38
Орлов Михаил Сергеевич,майор,6,55
Васильев Евгений Александрович,сержант,4,18
Смирнов Илья Романович,капитан,4,30
Никитин Никита Ильич,сержант,8,48
Лебедев Матвей Михайлович,полковник,6,58
Лебедев Виктор Кириллович,прапорщик,9,51
Новиков Андрей Викторович,рядовой,1,36
Никитин Матвей Викторович,капитан,9,57
Козлов Алексей Павлович,прапорщик,9,49
Михайлов Евгений Олегович,полковник,6,56
Степанов Степан Кириллович,рядовой,1,33
Зайцев Александр Сергеевич,рядовой,2,46
Соколов Константин Александрович,сержант,10,45
Борисов Виктор Александрович,прапорщик,2,49
Новиков Денис Павлович,майор,2,57
Захаров Артём Павлович,полковник,2,18
Соколов Юрий Викторович,капитан,5,56
Орлов Максим Ильич,сержант,12,49
Семёнов Роман Никитич,прапорщик,12,33
Новиков Никита Олегович,сержант,8,57
Сидоров Дмитрий Кириллович,полковник,2,50
Лебедев Иван Викторович,полковник,6,20
Макаров Сергей Максимович,лейтенант,4,23
Кузнецов Матвей Никитич,капитан,8,38
Семёнов Алексей Максимович,прапорщик,2,60
Егоров Кирилл Кириллович,рядовой,3,52
Никитин Алексей Михайлович,рядовой,2,49
Попов Юрий Александрович,капитан,2,60
Макаров Иван Андреевич,капитан,10,31
Соколов Никита Сергеевич,сержант,3,27
Фёдоров Михаил Сергеевич,сержант,5,58
Борисов Дмитрий Кириллович,лейтенант,1,40
Иванов Дмитрий Михайлович,майор,12,27
Иванов Роман Сергеевич,рядовой,4,43
Фёдоров Матвей Никитич,майор,11,52
Кочергин Андрей Иванович,рядовой,3,40
Захаров Кирилл Михайлович,сержант,7,56
Михайлов Степан Олегович,капитан,12,36
Лебедев Роман Сергеевич,сержант,5,27
Захаров Виктор Алексеевич,лейтенант,5,46
Алексеев Сергей Андреевич,рядовой,7,25
Алексеев Олег Александрович,майор,9,51
Зайцев Денис Ильич,сержант,10,55
Кузнецов Никита Андреевич,полковник,9,35
Фёдоров Олег Романович,полковник,12,19
Фёдоров Матвей Юрьевич,сержант,10,59
Сидоров Роман Ильич,рядовой,7,29
Сидоров Александр Дмитриевич,капитан,1,51
Иванов Никита Романович,прапорщик,5,18
Павлов Виктор Сергеевич,сержант,2,42
Соловьёв Артём Викторович,полковник,11,58
Павлов Алексей Алексеевич,полковник,10,19
Попов Алексей Дмитриевич,рядовой,5,30
Михайлов Матвей Максимович,полковник,2,57
Егоров Александр Кириллович,сержант,3,49
Борисов Михаил Сергеевич,полковник,4,42
Соколов Максим Михайлович,полковник,8,35
Иванов Алексей Олегович,прапорщик,10,57
Захаров Олег Михайлович,капитан,5,26
Васильев Павел Дмитриевич,лейтенант,1,50
Лебедев Кирилл Дмитриевич,майор,6,24
Попов Сергей Михайлович,полковник,6,38
Попов Степан Олегович,майор,3,46
Борисов Кирилл Павлович,лейтенант,5,49
Никитин Никита Алексеевич,майор,1,20
Козлов Юрий Никитич,рядовой,5,29
Кузнецов Олег Андреевич,прапорщик,11,56
Васильев Иван Павлович,полковник,2,36
Яковлев Виктор Викторович,майор,1,49
Павлов Кирилл Максимович,лейтенант,3,26
Соколов Артём Ильич,рядовой,7,18
Никитин Михаил Викторович,лейтенант,1,31
Степанов Сергей Андреевич,прапорщик,12,53
Макаров Виктор Никитич,полковник,7,24
Егоров Роман Иванович,полковник,5,26
Петров Алексей Викторович,капитан,1,59
Егоров Михаил Ильич,капитан,11,33
Яковлев Максим Романович,прапорщик,5,25
Иванов Денис Александрович,капитан,4,19
Яковлев Сергей Иванович,майор,7,38
Семёнов Денис Александрович,сержант,2,37
Морозов Денис Кириллович,полковник,3,56
Козлов Андрей Алексеевич,капитан,8,40
Васильев Михаил Никитич,лейтенант,10,30
Андреев Артём Дмитриевич,капитан,8,31
Степанов Александр Викторович,сержант,11,40
Михайлов Дмитрий Павлович,капитан,5,18
Соколов Павел Ильич,майор,10,52
Новиков Егор Алексеевич,прапорщик,9,34
Фёдоров Александр Павлович,прапорщик,11,47
Кузнецов Юрий Андреевич,капитан,4,59
Петров Сергей Александрович,рядовой,5,21
Смирнов Олег Павлович,майор,12,36
Попов Павел Юрьевич,полковник,3,20
Кузнецов Павел Юрьевич,лейтенант,8,28
Соловьёв Юрий Дмитриевич,лейтенант,7,19
Попов Артём Кириллович,капитан,2,53
Соловьёв Сергей Сергеевич,сержант,5,30
Кочергин Никита Олегович,сержант,7,32
Алексеев Денис Иванович,капитан,7,24
Лебедев Артём Алексеевич,прапорщик,6,53
Макаров Дмитрий Андреевич,капитан,8,18
Егоров Кирилл Викторович,сержант,1,25
Васильев Степан Александрович,майор,10,30
Иванов Андрей Сергеевич,сержант,9,56
Морозов Константин Никитич,полковник,1,33
Михайлов Иван Максимович,сержант,1,36
Новиков Юрий Андреевич,полковник,2,18
Морозов Александр Андреевич,лейтенант,7,43
Алексеев Роман Максимович,лейтенант,9,22
Лебедев Роман Алексеевич,лейтенант,3,45
Иванов Никита Сергеевич,рядовой,2,60
Павлов Виктор Иванович,капитан,3,38
Михайлов Кирилл Андреевич,майор,10,31
Кочергин Юрий Андреевич,прапорщик,2,24
Андреев Александр Александрович,прапорщик,3,35
Николаев Павел Юрьевич,рядовой,4,23
Макаров Александр Максимович,полковник,6,20
Соловьёв Михаил Ильич,майор,7,36
Орлов Кирилл Иванович,майор,9,38
Лебедев Михаил Викторович,лейтенант,9,24
Смирнов Виктор Кириллович,сержант,7,56
Орлов Денис Максимович,прапорщик,8,39
Соколов Александр Михайлович,майор,11,51
Иванов Матвей Никитич,прапорщик,8,51
Фёдоров Никита Павлович,сержант,4,45
Кочергин Юрий Олегович,лейтенант,2,33
Захаров Артём Алексеевич,майор,8,24
Петров Павел Иванович,майор,2,52
Васильев Павел Кириллович,прапорщик,6,48
Кочергин Илья Михайлович,прапорщик,4,46
Андреев Матвей Иванович,рядовой,4,46
Васильев Денис Романович,майор,10,49
Борисов Константин Иванович,капитан,9,25
Андреев Никита Павлович,капитан,9,18
Васильев Виктор Андреевич,полковник,6,32
Зайцев Юрий Максимович,лейтенант,1,48
Сидоров Иван Алексеевич,сержант,12,32
Соколов Александр Ильич,капитан,4,22
Андреев Павел Викторович,прапорщик,12,52
Алексеев Денис Алексеевич,лейтенант,12,27
Захаров Александр Алексеевич,лейтенант,4,41
Алексеев Матвей Алексеевич,сержант,7,22
Макаров Михаил Дмитриевич,капитан,7,29
Новиков Дмитрий Ильич,капитан,11,20
Соловьёв Андрей Романович,лейтенант,11,36
Яковлев Александр Дмитриевич,прапорщик,12,33
Макаров Алексей Максимович,лейтенант,2,49
Алексеев Артём Дмитриевич,рядовой,8,55
Новиков Олег Михайлович,рядовой,4,38
Кузнецов Олег Юрьевич,прапорщик,9,24
Кузнецов Евгений Викторович,лейтенант,6,58
Соколов Кирилл Кириллович,полковник,4,55
Макаров Алексей Романович,полковник,11,27
Иванов Константин Михайлович,сержант,6,58
Степанов Илья Сергеевич,капитан,12,33
Степанов Никита Дмитриевич,капитан,4,45
Павлов Виктор Кириллович,лейтенант,12,47
Яковлев Матвей Иванович,полковник,9,48
Кочергин Павел Иванович,полковник,7,20
Козлов Илья Викторович,капитан,2,20
Козлов Сергей Иванович,капитан,8,43
Михайлов Павел Сергеевич,прапорщик,9,32
Морозов Егор Алексеевич,сержант,3,21
Захаров Артём Ильич,капитан,3,37
Лебедев Матвей Павлович,капитан,2,33
Егоров Никита Олегович,лейтенант,7,54
Яковлев Дмитрий Дмитриевич,капитан,6,46
Николаев Павел Андреевич,майор,2,35
Павлов Александр Олегович,лейтенант,5,36
Николаев Егор Кириллович,майор,8,49
Семёнов Константин Сергеевич,рядовой,12,43
Семёнов Виктор Максимович,капитан,4,20
Алексеев Павел Юрьевич,майор,8,32
Степанов Кирилл Ильич,сержант,7,52
Петров Максим Александрович,майор,8,59
Иванов Илья Алексеевич,рядовой,6,36
Сидоров Максим Сергеевич,капитан,3,26
Егоров Александр Юрьевич,сержант,8,35
Смирнов Степан Сергеевич,лейтенант,6,34
Смирнов Виктор Юрьевич,сержант,5,57
Захаров Илья Иванович,сержант,11,54
Андреев Матвей Юрьевич,сержант,11,48
Михайлов Денис Дмитриевич,капитан,9,21
Соколов Кирилл Кириллович,лейтенант,3,44
Орлов Юрий Викторович,капитан,3,55
Новиков Михаил Кириллович,полковник,5,29
Николаев Кирилл Юрьевич,капитан,4,36
Степанов Виктор Андреевич,прапорщик,6,18
Павлов Сергей Андреевич,рядовой,2,47
Сидоров Константин Максимович,прапорщик,1,43
Яковлев Роман Павлович,лейтенант,3,35
Николаев Никита Кириллович,рядовой,1,57
Макаров Андрей Сергеевич,прапорщик,11,52
Алексеев Константин Иванович,лейтенант,12,34
Кочергин Артём Павлович,прапорщик,7,56
Андреев Олег Павлович,полковник,3,46
Егоров Денис Дмитриевич,полковник,4,32
Попов Илья Викторович,рядовой,11,36
Кузнецов Олег Ильич,капитан,12,51
Орлов Степан Юрьевич,прапорщик,6,19
Борисов Алексей Викторович,прапорщик,12,57
Николаев Иван Романович,сержант,10,45
Яковлев Юрий Юрьевич,рядовой,11,46
Морозов Илья Андреевич,сержант,5,31
Смирнов Кирилл Михайлович,лейтенант,10,55
Петров Юрий Сергеевич,полковник,1,19
Семёнов Александр Ильич,полковник,10,53
Морозов Алексей Юрьевич,майор,5,48
Андреев Андрей Викторович,сержант,11,52
Иванов Никита Максимович,лейтенант,11,52
Кочергин Егор Олегович,рядовой,1,53
Михайлов Дмитрий Юрьевич,сержант,10,35
Борисов Алексей Кириллович,майор,10,34
Егоров Виктор Алексеевич,рядовой,8,57
Фёдоров Андрей Максимович,лейтенант,9,35
Попов Юрий Сергеевич,майор,1,56
Лебедев Олег Андреевич,лейтенант,6,54
Макаров Андрей Викторович,лейтенант,8,43
Алексеев Юрий Иванович,прапорщик,11,21
Козлов Артём Кириллович,капитан,9,50
Алексеев Виктор Романович,капитан,5,20
Соловьёв Степан Павлович,прапорщик,1,26
Петров Иван Никитич,сержант,2,34
Захаров Сергей Олегович,прапорщик,12,47
Смирнов Матвей Кириллович,сержант,3,60
Морозов Максим Юрьевич,сержант,2,30
Яковлев Роман Андреевич,лейтенант,12,60
Соколов Павел Олегович,прапорщик,5,29
Макаров Виктор Алексеевич,майор,9,51
Михайлов Дмитрий Юрьевич,рядовой,12,50
Алексеев Сергей Никитич,майор,2,46
Кочергин Максим Юрьевич,капитан,1,47
Павлов Олег Ильич,лейтенант,7,21
Новиков Дмитрий Кириллович,лейтенант,4,22
Козлов Илья Никитич,лейтенант,5,25
Никитин Олег Кириллович,лейтенант,11,40
Захаров Евгений Викторович,майор,5,40
Орлов Матвей Викторович,полковник,7,50
Соловьёв Константин Сергеевич,рядовой,9,43
Петров Евгений Сергеевич,прапорщик,9,42
Соколов Юрий Олегович,сержант,1,18
Егоров Степан Сергеевич,капитан,8,18
Попов Андрей Дмитриевич,майор,10,22
Семёнов Павел Алексеевич,лейтенант,8,32
Лебедев Павел Андреевич,рядовой,11,53
Андреев Степан Максимович,капитан,4,39
Николаев Никита Юрьевич,прапорщик,4,52
Семёнов Степан Никитич,майор,7,21
Кузнецов Михаил Павлович,майор,11,34
Алексеев Алексей Ильич,полковник,5,20
Морозов Матвей Кириллович,майор,9,27
Степанов Юрий Дмитриевич,сержант,7,45
Борисов Денис Михайлович,лейтенант,6,51
Фёдоров Иван Андреевич,капитан,2,56
Николаев Александр Павлович,прапорщик,1,31
Соловьёв Константин Андреевич,рядовой,2,21
Петров Артём Андреевич,полковник,7,58
Морозов Михаил Олегович,майор,10,46
Семёнов Илья Павлович,майор,9,54
Морозов Евгений Олегович,лейтенант,7,39
Яковлев Андрей Ильич,сержант,6,23
Попов Юрий Кириллович,сержант,12,41
Никитин Роман Юрьевич,прапорщик,5,58
Николаев Павел Ильич,прапорщик,3,21
Лебедев Константин Юрьевич,рядовой,10,44
Сидоров Никита Иванович,рядовой,11,24
Степанов Артём Андреевич,майор,6,37
Борисов Максим Дмитриевич,прапорщик,6,24
Соколов Роман Дмитриевич,майор,9,26
Петров Роман Ильич,лейтенант,3,32
Соколов Олег Никитич,полковник,4,26
Новиков Денис Кириллович,капитан,6,49
Иванов Иван Иванович,лейтенант,11,29
Михайлов Алексей Андреевич,прапорщик,12,51
Сидоров Егор Алексеевич,рядовой,9,27
Соловьёв Олег Ильич,сержант,8,22
Петров Максим Олегович,майор,12,58
Петров Илья Ильич,сержант,1,52
Орлов Кирилл Михайлович,полковник,10,39
Морозов Алексей Алексеевич,сержант,4,25
Смирнов Егор Александрович,полковник,9,22
Степанов Матвей Романович,капитан,8,35
Захаров Юрий Александрович,капитан,3,58
Семёнов Виктор Иванович,капитан,3,56
Петров Алексей Павлович,полковник,9,51
Макаров Никита Андреевич,сержант,2,20
Лебедев Роман Павлович,сержант,4,47
Яковлев Александр Алексеевич,капитан,11,53
Соловьёв Роман Дмитриевич,майор,10,46
Соколов Кирилл Олегович,рядовой,10,30
Козлов Андрей Юрьевич,прапорщик,9,31
Петров Александр Викторович,полковник,6,20
Степанов Константин Павлович,полковник,3,57
Андреев Олег Александрович,рядовой,5,52
Захаров Илья Дмитриевич,прапорщик,8,23
Лебедев Дмитрий Александрович,майор,9,28
Захаров Юрий Юрьевич,полковник,6,41
Орлов Илья Максимович,капитан,9,21
Михайлов Степан Павлович,рядовой,8,49
Егоров Денис Максимович,полковник,5,18
Павлов Никита Юрьевич,рядовой,11,21
Морозов Егор Викторович,полковник,1,59
Смирнов Алексей Алексеевич,капитан,3,54
Алексеев Иван Ильич,рядовой,3,40
Николаев Сергей Павлович,сержант,6,33
Козлов Михаил Ильич,майор,11,30
Морозов Артём Романович,прапорщик,3,30
Петров Егор Александрович,майор,11,27
Петров Алексей Максимович,рядовой,2,36
Иванов Михаил Ильич,рядовой,11,40
Смирнов Дмитрий Александрович,лейтенант,9,42
Михайлов Матвей Дмитриевич,рядовой,1,40
Степанов Павел Викторович,капитан,8,55
Петров Павел Романович,прапорщик,11,28
Попов Дмитрий Дмитриевич,рядовой,6,59
Фёдоров Сергей Александрович,сержант,11,28
Кочергин Олег Юрьевич,сержант,9,42
Орлов Артём Дмитриевич,лейтенант,8,58
Иванов Виктор Павлович,прапорщик,10,36
Лебедев Алексей Викторович,полковник,5,58
Семёнов Олег Алексеевич,полковник,9,24
Егоров Олег Максимович,прапорщик,6,31
Павлов Денис Юрьевич,капитан,3,32
Николаев Дмитрий Павлович,капитан,2,42
Орлов Виктор Кириллович,прапорщик,5,24
Козлов Дмитрий Олегович,капитан,4,24
Павлов Матвей Алексеевич,капитан,2,48
Яковлев Андрей Викторович,лейтенант,3,49
Макаров Егор Олегович,прапорщик,11,46
Морозов Артём Юрьевич,майор,1,55
Фёдоров Степан Андреевич,рядовой,6,42
Николаев Виктор Иванович,полковник,12,27
Михайлов Павел Никитич,капитан,7,33
Козлов Денис Алексеевич,лейтенант,1,22
Никитин Илья Никитич,рядовой,3,22
Семёнов Алексей Павлович,майор,10,31
Смирнов Иван Олегович,рядовой,9,21
Морозов Иван Алексеевич,сержант,8,41
Павлов Матвей Михайлович,капитан,8,49
Иванов Матвей Андреевич,рядовой,4,19
Степанов Иван Сергеевич,полковник,9,45
Петров Артём Никитич,капитан,6,43
Алексеев Максим Олегович,капитан,7,45
Козлов Сергей Олегович,лейтенант,5,45
Захаров Максим Романович,рядовой,11,48
Андреев Матвей Михайлович,прапорщик,3,19
Борисов Иван Романович,рядовой,5,30
Степанов Степан Кириллович,сержант,1,50
Васильев Павел Ильич,рядовой,4,37
Соколов Александр Юрьевич,лейтенант,8,52
Козлов Кирилл Сергеевич,рядовой,1,48
Кочергин Никита Кириллович,капитан,4,46
Кузнецов Константин Ильич,сержант,4,46
Васильев Илья Романович,майор,2,32
Васильев Павел Романович,сержант,4,22
Николаев Константин Викторович,капитан,10,58
Иванов Александр Кириллович,майор,8,51
Иванов Степан Дмитриевич,майор,11,34
Яковлев Никита Викторович,майор,9,30
Новиков Евгений Олегович,лейтенант,8,22
Андреев Александр Романович,капитан,6,24
Макаров Михаил Сергеевич,рядовой,11,36
Степанов Никита Олегович,сержант,5,60
Николаев Никита Андреевич,рядовой,1,26
Соловьёв Евгений Кириллович,прапорщик,8,50
Никитин Виктор Юрьевич,сержант,4,50
Степанов Матвей Павлович,сержант,11,34
Михайлов Матвей Дмитриевич,полковник,9,19
Андреев Илья Кириллович,майор,1,55
Иванов Олег Никитич,сержант,9,51
Захаров Павел Сергеевич,майор,10,34
Фёдоров Артём Сергеевич,прапорщик,9,30
Смирнов Сергей Никитич,полковник,3,48
Иванов Артём Олегович,капитан,11,40
Никитин Виктор Дмитриевич,полковник,5,35
Иванов Александр Ильич,лейтенант,1,18
Зайцев Андрей Ильич,лейтенант,5,38
Семёнов Степан Олегович,прапорщик,5,48
Макаров Максим Юрьевич,лейтенант,4,44
Смирнов Юрий Юрьевич,прапорщик,6,43
Васильев Алексей Александрович,сержант,8,42
Степанов Евгений Викторович,майор,4,47
Новиков Роман Никитич,сержант,11,30
Макаров Виктор Павлович,полковник,2,34
Кузнецов Евгений Иванович,сержант,12,41
Егоров Сергей Дмитриевич,капитан,2,50
Михайлов Андрей Никитич,рядовой,6,41
Петров Роман Юрьевич,лейтенант,1,22
Фёдоров Андрей Романович,капитан,5,22
Васильев Юрий Кириллович,сержант,4,41
Николаев Евгений Сергеевич,полковник,1,36
Кочергин Егор Викторович,лейтенант,7,42
Козлов Иван Сергеевич,рядовой,12,46
Егоров Константин Романович,майор,3,54
Борисов Алексей Олегович,сержант,4,41
Зайцев Константин Максимович,сержант,11,35
Макаров Юрий Александрович,рядовой,3,46
Иванов Кирилл Алексеевич,капитан,1,27
Борисов Егор Викторович,полковник,2,19
Попов Егор Романович,сержант,3,43
Сидоров Илья Юрьевич,рядовой,3,49
Макаров Сергей Сергеевич,лейтенант,9,19
Михайлов Олег Александрович,майор,1,20
Васильев Олег Михайлович,прапорщик,6,51
Захаров Евгений Александрович,сержант,3,23
Павлов Иван Павлович,прапорщик,2,41
Зайцев Кирилл Михайлович,рядовой,10,19
Михайлов Никита Юрьевич,майор,12,33
Смирнов Степан Викторович,прапорщик,4,45
Михайлов Максим Романович,прапорщик,7,36
Семёнов Константин Максимович,майор,3,29
Яковлев Юрий Александрович,лейтенант,8,20
Попов Константин Павлович,сержант,12,18
Кузнецов Дмитрий Иванович,рядовой,8,41
Смирнов Евгений Олегович,прапорщик,4,48
Соловьёв Сергей Олегович,сержант,3,51
Попов Алексей Михайлович,майор,8,21
Никитин Юрий Алексеевич,рядовой,6,47
Морозов Дмитрий Ильич,сержант,6,38
Николаев Егор Олегович,полковник,5,41
Попов Роман Юрьевич,рядовой,5,33
Алексеев Егор Иванович,сержант,12,58
Фёдоров Михаил Никитич,прапорщик,2,20
Захаров Кирилл Сергеевич,лейтенант,9,31
Попов Егор Андреевич,лейтенант,12,25
Зайцев Юрий Максимович,сержант,8,31
Фёдоров Константин Дмитриевич,рядовой,7,32
Андреев Александр Павлович,рядовой,3,47
Лебедев Иван Дмитриевич,капитан,3,46
Новиков Илья Алексеевич,лейтенант,9,46
Иванов Максим Павлович,сержант,4,36
Никитин Константин Кириллович,рядовой,8,31
Смирнов Дмитрий Сергеевич,сержант,10,44
Кузнецов Александр Олегович,майор,2,30
Николаев Сергей Олегович,майор,8,33
Лебедев Иван Ильич,капитан,7,57
Сидоров Михаил Ильич,полковник,3,44
Михайлов Степан Андреевич,рядовой,10,26
Степанов Константин Ильич,лейтенант,2,27
Сидоров Артём Никитич,капитан,1,51
Макаров Олег Андреевич,прапорщик,6,35
Кузнецов Константин Максимович,полковник,4,48
Андреев Кирилл Дмитриевич,лейтенант,12,35
Андреев Михаил Ильич,полковник,8,45
Егоров Никита Максимович,сержант,1,52
Орлов Олег Иванович,рядовой,9,57
Михайлов Матвей Иванович,капитан,2,49
Семёнов Никита Андреевич,рядовой,1,49
Андреев Никита Кириллович,прапорщик,9,18
Орлов Степан Александрович,сержант,5,36
Алексеев Роман Павлович,капитан,3,58
Зайцев Кирилл Олегович,капитан,8,44
Иванов Иван Александрович,полковник,2,53
Петров Андрей Павлович,прапорщик,8,24
Сидоров Денис Михайлович,полковник,1,21
Павлов Максим Олегович,прапорщик,4,34
Фёдоров Матвей Романович,майор,4,43
Фёдоров Евгений Сергеевич,лейтенант,2,39
Николаев Егор Алексеевич,лейтенант,11,43
Фёдоров Егор Никитич,капитан,1,58
Степанов Илья Сергеевич,майор,4,40
Соловьёв Никита Михайлович,сержант,4,24
Кочергин Евгений Павлович,полковник,10,38
Павлов Дмитрий Олегович,рядовой,10,55
Смирнов Олег Андреевич,майор,11,53
Смирнов Олег Ильич,майор,12,28
Лебедев Иван Михайлович,лейтенант,1,21
Кочергин Никита Максимович,майор,7,37
Новиков Павел Юрьевич,прапорщик,3,29
Морозов Евгений Иванович,полковник,6,51
Яковлев Сергей Олегович,капитан,5,31
Семёнов Роман Олегович,полковник,4,38
Смирнов Сергей Олегович,лейтенант,1,20
Семёнов Олег Павлович,майор,9,51
Николаев Сергей Павлович,полковник,5,44
Алексеев Андрей Ильич,полковник,12,24
Соловьёв Михаил Александрович,майор,11,56
Павлов Константин Дмитриевич,полковник,9,39
Соловьёв Дмитрий Никитич,полковник,8,39
Николаев Артём Александрович,полковник,2,42
Лебедев Алексей Никитич,майор,8,59
Михайлов Олег Иванович,сержант,2,58
Орлов Дмитрий Александрович,сержант,8,22
Смирнов Илья Сергеевич,майор,9,57
Борисов Артём Александрович,лейтенант,11,46
Смирнов Артём Юрьевич,рядовой,8,33
Попов Дмитрий Дмитриевич,майор,8,46
Павлов Матвей Юрьевич,полковник,10,53
Семёнов Сергей Максимович,рядовой,6,41
Кузнецов Егор Михайлович,полковник,5,41
Новиков Евгений Андреевич,полковник,11,31
Лебедев Павел Дмитриевич,капитан,12,53
Захаров Константин Алексеевич,полковник,5,60
Соколов Никита Ильич,полковник,8,28
Соколов Артём Павлович,рядовой,8,31
Попов Кирилл Павлович,капитан,12,31
Смирнов Павел Олегович,прапорщик,1,31
Борисов Илья Сергеевич,полковник,3,28
Алексеев Михаил Андреевич,прапорщик,3,44
Соловьёв Олег Олегович,прапорщик,3,41
Петров Егор Юрьевич,прапорщик,7,56
Васильев Кирилл Романович,сержант,5,53
Алексеев Дмитрий Сергеевич,прапорщик,8,26
Лебедев Павел Михайлович,сержант,1,50
Борисов Евгений Романович,прапорщик,4,31
Сидоров Дмитрий Ильич,капитан,1,57
Козлов Егор Ильич,прапорщик,10,39
Сидоров Роман Дмитриевич,лейтенант,7,36
Морозов Матвей Иванович,майор,5,28
Степанов Евгений Романович,рядовой,11,47
Степанов Алексей Алексеевич,майор,1,34
Морозов Евгений Ильич,полковник,1,31
Кузнецов Степан Никитич,полковник,2,38
Алексеев Олег Михайлович,прапорщик,5,58
Яковлев Павел Андреевич,майор,4,48
Новиков Никита Кириллович,полковник,2,22
Новиков Иван Михайлович,полковник,12,24
Иванов Юрий Сергеевич,сержант,11,39
Захаров Дмитрий Ильич,капитан,4,30
Кочергин Олег Павлович,рядовой,1,40
Алексеев Евгений Юрьевич,рядовой,5,22
Петров Александр Максимович,сержант,12,20
Васильев Виктор Дмитриевич,сержант,5,24
Макаров Степан Александрович,майор,2,53
Егоров Никита Сергеевич,капитан,6,19
Попов Олег Павлович,майор,7,45
Козлов Алексей Викторович,полковник,5,20
Борисов Сергей Андреевич,капитан,1,22
Никитин Степан Никитич,лейтенант,12,35
Иванов Никита Никитич,полковник,6,33
Фёдоров Денис Иванович,полковник,4,32
Соколов Степан Ильич,прапорщик,6,28
Никитин Дмитрий Алексеевич,сержант,4,58
Смирнов Константин Дмитриевич,лейтенант,10,26
Степанов Константин Никитич,майор,5,32
Кочергин Максим Кириллович,сержант,3,29
Михайлов Артём Андреевич,капитан,5,33
Козлов Илья Дмитриевич,майор,11,29
Орлов Денис Максимович,майор,9,30
Васильев Юрий Михайлович,полковник,7,51
Новиков Дмитрий Алексеевич,полковник,6,43
Васильев Юрий Михайлович,капитан,7,38
Егоров Кирилл Павлович,майор,11,30
Павлов Максим Иванович,сержант,11,46
Васильев Андрей Михайлович,рядовой,10,23
Попов Егор Александрович,майор,2,47
Михайлов Олег Кириллович,прапорщик,1,18
Смирнов Максим Юрьевич,капитан,3,51
Зайцев Виктор Михайлович,рядовой,4,40
Семёнов Илья Павлович,лейтенант,11,45
Новиков Кирилл Никитич,сержант,4,41
Никитин Алексей Олегович,прапорщик,1,24
Николаев Никита Олегович,лейтенант,7,44
Макаров Кирилл Кириллович,сержант,3,22
Захаров Виктор Юрьевич,майор,10,28
Попов Дмитрий Викторович,полковник,6,35
Андреев Иван Романович,прапорщик,2,38
Захаров Александр Алексеевич,лейтенант,8,53
Павлов Павел Кириллович,прапорщик,4,59
Смирнов Матвей Максимович,капитан,6,31
Морозов Олег Кириллович,майор,10,38
Фёдоров Сергей Сергеевич,прапорщик,5,46
Петров Олег Викторович,рядовой,6,41
Новиков Денис Сергеевич,сержант,6,29
Петров Денис Юрьевич,полковник,4,19
Соловьёв Степан Павлович,прапорщик,10,59
Кочергин Олег Олегович,лейтенант,5,57
Новиков Михаил Романович,сержант,10,37
Кузнецов Денис Павлович,полковник,1,31
Никитин Денис Михайлович,прапорщик,1,53
Зайцев Кирилл Олегович,прапорщик,6,28
Козлов Павел Дмитриевич,рядовой,5,35
Васильев Никита Кириллович,майор,9,43
Борисов Иван Дмитриевич,лейтенант,10,54
Новиков Дмитрий Юрьевич,рядовой,3,48
Новиков Виктор Юрьевич,сержант,10,53
Зайцев Павел Иванович,рядовой,12,60
Новиков Евгений Кириллович,лейтенант,1,33
Захаров Денис Павлович,майор,9,54
Морозов Юрий Александрович,прапорщик,2,50
Егоров Артём Сергеевич,сержант,12,31
Зайцев Артём Михайлович,майор,10,26
Васильев Павел Кириллович,капитан,3,18
Новиков Михаил Иванович,прапорщик,11,36
Сидоров Олег Романович,рядовой,6,50
Кочергин Роман Ильич,полковник,5,44
Павлов Иван Олегович,полковник,3,30
Лебедев Александр Алексеевич,майор,9,57
Алексеев Роман Михайлович,лейтенант,10,42
Смирнов Виктор Дмитриевич,сержант,10,56
Кочергин Евгений Юрьевич,майор,11,35
Попов Михаил Сергеевич,капитан,1,28
Егоров Андрей Романович,полковник,6,48
Новиков Константин Дмитриевич,майор,8,43
Михайлов Евгений Александрович,лейтенант,4,32
Сидоров Егор Юрьевич,прапорщик,11,50
Соколов Максим Ильич,сержант,11,55
Кочергин Кирилл Иванович,прапорщик,7,32
Соловьёв Никита Олегович,капитан,7,29
Зайцев Виктор Ильич,прапорщик,7,55
Васильев Егор Романович,капитан,8,39
Николаев Андрей Михайлович,капитан,8,40
Попов Илья Максимович,рядовой,3,45
Павлов Александр Викторович,майор,9,47
Семёнов Андрей Юрьевич,майор,1,27
Никитин Артём Романович,прапорщик,6,59
Андреев Артём Павлович,лейтенант,6,27
Егоров Никита Максимович,прапорщик,7,48
Егоров Степан Викторович,рядовой,3,22
Семёнов Никита Александрович,рядовой,11,51
Фёдоров Никита Ильич,капитан,6,34
Васильев Михаил Александрович,лейтенант,2,43
Михайлов Андрей Михайлович,лейтенант,5,58
Смирнов Сергей Юрьевич,капитан,6,31
Кузнецов Степан Павлович,рядовой,1,29
Васильев Сергей Никитич,прапорщик,12,51
Егоров Михаил Романович,лейтенант,8,43
Фёдоров Михаил Павлович,майор,7,50
Никитин Павел Павлович,лейтенант,4,48
Степанов Дмитрий Кириллович,майор,4,45
Егоров Юрий Викторович,сержант,8,47
Фёдоров Дмитрий Романович,полковник,5,43
Захаров Матвей Михайлович,полковник,7,28
Новиков Сергей Андреевич,капитан,5,57
Егоров Артём Михайлович,прапорщик,11,37
Орлов Матвей Олегович,майор,3,41
Смирнов Дмитрий Дмитриевич,полковник,9,51
Семёнов Роман Иванович,прапорщик,10,18
Новиков Евгений Александрович,прапорщик,8,35
Степанов Виктор Юрьевич,капитан,2,28
Борисов Кирилл Александрович,сержант,2,56
Егоров Илья Романович,лейтенант,10,36
Яковлев Юрий Никитич,капитан,12,26
Новиков Илья Иванович,прапорщик,8,27
Зайцев Матвей Андреевич,полковник,9,27
Орлов Павел Андреевич,майор,9,31
Михайлов Иван Павлович,майор,7,40
Егоров Максим Максимович,полковник,2,53
Козлов Матвей Алексеевич,полковник,3,55
Орлов Юрий Андреевич,прапорщик,8,24
Павлов Олег Иванович,сержант,4,30
Михайлов Павел Андреевич,прапорщик,4,41
Кочергин Павел Павлович,лейтенант,2,48
Зайцев Матвей Никитич,капитан,5,58
Соколов Сергей Романович,майор,1,28
Макаров Алексей Иванович,прапорщик,8,54
Сидоров Евгений Романович,майор,7,45
Морозов Павел Никитич,полковник,5,58
Захаров Дмитрий Михайлович,майор,11,36
Зайцев Артём Сергеевич,прапорщик,3,22
Николаев Никита Романович,сержант,5,58
Павлов Константин Алексеевич,рядовой,6,50
Борисов Никита Михайлович,капитан,1,53
Яковлев Константин Викторович,сержант,5,46
Соловьёв Артём Ильич,капитан,7,28
Семёнов Евгений Ильич,прапорщик,7,56
Орлов Матвей Павлович,майор,7,57
Попов Константин Викторович,сержант,10,53
Попов Дмитрий Дмитриевич,прапорщик,9,25
Кузнецов Андрей Павлович,прапорщик,6,22
Никитин Сергей Викторович,майор,1,29
Лебедев Иван Романович,прапорщик,3,33
Михайлов Максим Максимович,прапорщик,7,26
Андреев Иван Романович,рядовой,2,47
Семёнов Михаил Ильич,лейтенант,12,46
Кузнецов Олег Юрьевич,рядовой,2,49
Лебедев Виктор Александрович,майор,9,19
Захаров Павел Ильич,майор,9,21
Васильев Денис Юрьевич,майор,2,39
Смирнов Кирилл Викторович,майор,12,21
Макаров Дмитрий Алексеевич,майор,6,55
Сидоров Артём Александрович,сержант,1,24
Кочергин Никита Дмитриевич,сержант,11,45
Яковлев Матвей Ильич,лейтенант,7,37
Орлов Евгений Дмитриевич,полковник,6,34
Соколов Сергей Максимович,сержант,10,36
Михайлов Матвей Павлович,прапорщик,5,22
Николаев Степан Сергеевич,лейтенант,11,53
Степанов Олег Сергеевич,капитан,5,30
Иванов Андрей Кириллович,лейтенант,3,45
Зайцев Виктор Александрович,лейтенант,1,49
Захаров Виктор Романович,лейтенант,10,51
Новиков Кирилл Андреевич,прапорщик,9,27
Соловьёв Дмитрий Кириллович,сержант,3,27
Иванов Степан Дмитриевич,капитан,9,34
Петров Максим Максимович,полковник,8,60
Борисов Роман Андреевич,рядовой,9,26
Лебедев Андрей Юрьевич,полковник,7,58
Никитин Артём Михайлович,сержант,1,43
Сидоров Кирилл Андреевич,майор,8,39
Андреев Кирилл Ильич,сержант,12,57
Павлов Никита Максимович,лейтенант,7,38
Морозов Иван Михайлович,сержант,6,48
Яковлев Сергей Иванович,майор,4,36
Фёдоров Михаил Дмитриевич,лейтенант,3,24
Захаров Алексей Павлович,майор,4,29
Зайцев Павел Максимович,лейтенант,6,55
Яковлев Максим Ильич,сержант,2,46
Иванов Кирилл Павлович,рядовой,3,54
Яковлев Михаил Дмитриевич,прапорщик,6,20
Алексеев Юрий Максимович,майор,1,24
Николаев Илья Юрьевич,майор,12,47
Соколов Сергей Олегович,лейтенант,10,56
Соколов Илья Юрьевич,майор,7,55
Соколов Юрий Александрович,сержант,5,38
Михайлов Александр Михайлович,сержант,9,47
Морозов Никита Сергеевич,прапорщик,1,22
Борисов Роман Романович,прапорщик,5,21
Попов Дмитрий Иванович,рядовой,4,57
Яковлев Алексей Кириллович,капитан,2,25
Егоров Сергей Иванович,лейтенант,1,39
Фёдоров Павел Романович,прапорщик,8,31
Орлов Александр Сергеевич,полковник,12,22
Алексеев Никита Александрович,капитан,11,18
Попов Никита Сергеевич,лейтенант,8,22
Никитин Михаил Дмитриевич,сержант,10,53
Зайцев Константин Олегович,прапорщик,11,55
Зайцев Роман Романович,рядовой,10,37
Никитин Сергей Михайлович,прапорщик,12,48
Смирнов Павел Юрьевич,полковник,4,32
Захаров Матвей Андреевич,сержант,2,40
Кочергин Константин Олегович,лейтенант,8,46
Зайцев Евгений Никитич,капитан,10,35
Макаров Евгений Олегович,рядовой,11,18
Козлов Илья Викторович,лейтенант,8,53
Семёнов Михаил Алексеевич,рядовой,7,21
Иванов Денис Алексеевич,лейтенант,7,38
Захаров Артём Максимович,прапорщик,4,40
Иванов Егор Юрьевич,капитан,12,49
Захаров Артём Михайлович,рядовой,1,42
Никитин Андрей Ильич,прапорщик,12,20
Смирнов Михаил Андреевич,капитан,10,53
Сидоров Матвей Олегович,рядовой,7,29
Лебедев Павел Александрович,сержант,8,22
Николаев Константин Викторович,майор,9,46
Новиков Евгений Дмитриевич,рядовой,5,32
Павлов Иван Викторович,капитан,9,18
Павлов Виктор Андреевич,капитан,12,39
Никитин Сергей Романович,капитан,5,19
Морозов Юрий Кириллович,майор,6,28
Соколов Юрий Юрьевич,прапорщик,10,44
Алексеев Константин Дмитриевич,майор,5,55
Борисов Денис Кириллович,капитан,6,45
Зайцев Михаил Кириллович,полковник,4,53
Кузнецов Никита Павлович,рядовой,12,24
Сидоров Матвей Иванович,капитан,1,23
Павлов Дмитрий Никитич,прапорщик,2,58
Андреев Кирилл Михайлович,капитан,1,60
Захаров Кирилл Ильич,майор,8,46
Николаев Олег Максимович,майор,5,38
Фёдоров Алексей Михайлович,капитан,1,44
Никитин Егор Юрьевич,сержант,7,53
Захаров Андрей Андреевич,прапорщик,12,23
Михайлов Дмитрий Олегович,рядовой,4,30
Новиков Никита Кириллович,прапорщик,12,45
Морозов Денис Андреевич,майор,9,49
Кочергин Евгений Александрович,сержант,3,41
Петров Сергей Иванович,сержант,10,50
Иванов Артём Павлович,прапорщик,10,55
Алексеев Егор Кириллович,прапорщик,6,42
Никитин Иван Иванович,рядовой,10,30
Соколов Кирилл Кириллович,капитан,1,58
Морозов Алексей Дмитриевич,сержант,4,58
Михайлов Александр Юрьевич,сержант,10,25
Соколов Евгений Ильич,рядовой,5,54
Павлов Илья Андреевич,прапорщик,6,43
Андреев Михаил Дмитриевич,лейтенант,2,57
Морозов Олег Дмитриевич,сержант,9,56
Соколов Константин Викторович,рядовой,2,35
Кочергин Никита Максимович,полковник,4,57
Алексеев Юрий Павлович,майор,11,43
Попов Иван Дмитриевич,лейтенант,1,43
Яковлев Дмитрий Ильич,майор,6,47
Зайцев Илья Викторович,сержант,8,28
Орлов Кирилл Михайлович,прапорщик,2,54
Никитин Максим Олегович,капитан,5,48
Кузнецов Иван Михайлович,сержант,9,19
Никитин Никита Ильич,полковник,1,56
Степанов Андрей Викторович,капитан,11,41
Соловьёв Михаил Ильич,сержант,3,55
Соколов Сергей Максимович,прапорщик,6,54
Васильев Дмитрий Никитич,майор,6,27
Борисов Иван Максимович,лейтенант,4,43
Степанов Денис Андреевич,полковник,10,59
Петров Сергей Максимович,майор,7,52
Соколов Константин Иванович,майор,12,55
Новиков Иван Алексеевич,рядовой,12,23
Попов Александр Кириллович,майор,11,39
Морозов Матвей Александрович,капитан,11,35
Андреев Виктор Павлович,рядовой,12,34
Борисов Денис Дмитриевич,капитан,7,21
Попов Михаил Викторович,капитан,7,18
Соколов Олег Максимович,сержант,1,19
Соловьёв Сергей Романович,полковник,6,31
Соколов Александр Павлович,лейтенант,8,58
Морозов Сергей Алексеевич,прапорщик,10,50
Борисов Константин Олегович,прапорщик,1,27
Алексеев Степан Дмитриевич,рядовой,7,37
Никитин Алексей Никитич,рядовой,11,42
Новиков Олег Никитич,рядовой,7,18
Макаров Денис Павлович,капитан,1,32
Соловьёв Денис Андреевич,капитан,5,49
Попов Никита Юрьевич,сержант,10,38
Сидоров Константин Романович,полковник,7,44
Фёдоров Кирилл Иванович,прапорщик,11,21
Смирнов Сергей Александрович,полковник,10,38
Захаров Иван Иванович,лейтенант,3,55
Яковлев Евгений Дмитриевич,лейтенант,5,59
Морозов Кирилл Андреевич,полковник,5,53
Никитин Артём Михайлович,майор,9,40
Кузнецов Павел Юрьевич,майор,2,34
Сидоров Константин Дмитриевич,прапорщик,3,50
Козлов Илья Павлович,лейтенант,6,52
Семёнов Степан Алексеевич,лейтенант,4,46
Борисов Михаил Дмитриевич,майор,8,51
Павлов Егор Михайлович,капитан,8,26
Орлов Иван Александрович,прапорщик,9,18
Кочергин Илья Павлович,прапорщик,10,30
Семёнов Иван Ильич,лейтенант,7,42
Егоров Сергей Андреевич,рядовой,11,60
Михайлов Виктор Кириллович,прапорщик,2,48
Смирнов Евгений Романович,рядовой,11,41
Соколов Роман Александрович,майор,5,25
Фёдоров Сергей Викторович,прапорщик,11,19
Фёдоров Александр Михайлович,майор,9,29
Козлов Матвей Кириллович,сержант,11,38
Козлов Матвей Сергеевич,капитан,1,30
Кочергин Виктор Кириллович,майор,5,60
Петров Алексей Александрович,сержант,11,52
Алексеев Константин Алексеевич,рядовой,5,44
Козлов Виктор Михайлович,прапорщик,7,43
Сидоров Александр Дмитриевич,капитан,9,39
Семёнов Никита Романович,рядовой,9,50
Яковлев Михаил Ильич,полковник,8,18
Павлов Андрей Юрьевич,капитан,9,18
Васильев Андрей Олегович,лейтенант,11,33
Семёнов Виктор Павлович,лейтенант,9,18
Новиков Михаил Юрьевич,полковник,11,47
Борисов Артём Никитич,лейтенант,6,35
Попов Андрей Алексеевич,капитан,10,45
Кочергин Иван Иванович,лейтенант,11,22
Смирнов Роман Олегович,лейтенант,5,27
Васильев Матвей Романович,прапорщик,6,44
Павлов Иван Михайлович,майор,6,36
Семёнов Евгений Юрьевич,лейтенант,5,33
Макаров Павел Юрьевич,прапорщик,9,39
Николаев Андрей Михайлович,рядовой,11,55
Борисов Степан Максимович,капитан,12,27
Васильев Юрий Алексеевич,сержант,9,59
Петров Роман Никитич,прапорщик,4,45
Лебедев Андрей Викторович,капитан,9,50
Фёдоров Сергей Юрьевич,прапорщик,4,44
Иванов Никита Александрович,майор,7,52
Борисов Михаил Максимович,майор,8,21
Морозов Дмитрий Дмитриевич,сержант,9,43
Кочергин Денис Сергеевич,прапорщик,2,39
Андреев Илья Максимович,полковник,3,32
Орлов Егор Викторович,рядовой,4,47
Кочергин Максим Романович,майор,5,48
Морозов Константин Дмитриевич,капитан,7,50
Петров Виктор Романович,лейтенант,12,38
Орлов Никита Никитич,капитан,6,27
Андреев Денис Олегович,полковник,3,36
Степанов Алексей Андреевич,сержант,11,23
Андреев Егор Никитич,лейтенант,8,26
Захаров Иван Иванович,полковник,10,27
Павлов Никита Романович,лейтенант,8,30
Соловьёв Алексей Романович,полковник,4,59
Васильев Кирилл Никитич,лейтенант,11,25
Егоров Виктор Дмитриевич,полковник,8,31
Яковлев Матвей Иванович,прапорщик,8,42
Павлов Евгений Ильич,лейтенант,8,20
Морозов Роман Юрьевич,прапорщик,5,59
Степанов Константин Павлович,прапорщик,6,31
Зайцев Юрий Иванович,майор,8,43
Морозов Александр Максимович,рядовой,5,41
Петров Матвей Максимович,сержант,12,24
Кузнецов Роман Максимович,капитан,12,23
Фёдоров Константин Павлович,прапорщик,4,40
Семёнов Матвей Кириллович,капитан,12,18
Васильев Артём Сергеевич,рядовой,10,29
Яковлев Денис Никитич,капитан,11,60
Смирнов Алексей Павлович,рядовой,5,47
Павлов Степан Никитич,капитан,1,18
Сидоров Андрей Ильич,лейтенант,7,48
Соловьёв Андрей Андреевич,прапорщик,3,18
Лебедев Виктор Павлович,прапорщик,9,50
Соловьёв Константин Никитич,сержант,8,31
Иванов Илья Павлович,капитан,3,29
Попов Константин Викторович,майор,8,44
Морозов Михаил Дмитриевич,лейтенант,7,28
Семёнов Кирилл Сергеевич,прапорщик,3,37
Соколов Артём Викторович,прапорщик,6,49
Соколов Павел Михайлович,лейтенант,12,45
Морозов Сергей Викторович,капитан,4,40
Борисов Дмитрий Алексеевич,лейтенант,12,34
Алексеев Матвей Андреевич,капитан,5,59
Алексеев Иван Алексеевич,полковник,5,58
Козлов Никита Сергеевич,лейтенант,12,43
Смирнов Андрей Сергеевич,капитан,1,60
Андреев Степан Викторович,лейтенант,3,36
Андреев Михаил Алексеевич,прапорщик,3,49
Павлов Егор Кириллович,сержант,10,40
Морозов Сергей Сергеевич,полковник,4,19
Лебедев Илья Никитич,рядовой,10,34
Фёдоров Олег Дмитриевич,лейтенант,6,39
Борисов Андрей Иванович,майор,3,28
Фёдоров Александр Сергеевич,рядовой,6,40
Макаров Егор Кириллович,лейтенант,8,36
Орлов Михаил Олегович,капитан,3,20
Кузнецов Алексей Максимович,капитан,9,23
Сидоров Егор Максимович,полковник,12,53
Борисов Роман Михайлович,капитан,6,49
Козлов Олег Андреевич,рядовой,9,31
Петров Михаил Юрьевич,полковник,1,35
Морозов Роман Олегович,рядовой,1,23
Иванов Константин Кириллович,майор,11,38
Зайцев Павел Викторович,сержант,11,33
Семёнов Кирилл Дмитриевич,лейтенант,8,47
Лебедев Павел Александрович,майор,8,39
Кузнецов Виктор Ильич,рядовой,7,18
Морозов Никита Юрьевич,лейтенант,2,30
Сидоров Илья Ильич,майор,10,33
Яковлев Егор Кириллович,прапорщик,8,46
Кузнецов Илья Юрьевич,капитан,4,47
Попов Константин Иванович,полковник,4,28
Орлов Илья Юрьевич,сержант,1,23
Алексеев Степан Сергеевич,рядовой,3,24
Сидоров Роман Юрьевич,лейтенант,5,36
Николаев Степан Дмитриевич,сержант,1,37
Зайцев Иван Павлович,полковник,3,19
Никитин Егор Павлович,лейтенант,11,50
Орлов Константин Ильич,полковник,10,52
Соколов Роман Михайлович,полковник,12,25
Соколов Роман Юрьевич,сержант,11,36
Алексеев Андрей Никитич,майор,6,56
Никитин Кирилл Ильич,капитан,10,23
Козлов Сергей Павлович,лейтенант,8,18
Попов Кирилл Олегович,лейтенант,1,28
Зайцев Роман Кириллович,лейтенант,8,49
Николаев Константин Иванович,майор,9,45
Орлов Константин Юрьевич,майор,2,55
Петров Евгений Максимович,сержант,1,48
Никитин Юрий Михайлович,прапорщик,9,33
Иванов Константин Сергеевич,капитан,6,27
Алексеев Никита Максимович,полковник,3,28
Никитин Александр Иванович,сержант,3,58
Фёдоров Евгений Юрьевич,прапорщик,3,43
Васильев Иван Никитич,сержант,4,53
Орлов Дмитрий Кириллович,рядовой,10,49
Новиков Матвей Олегович,лейтенант,8,31
Козлов Роман Александрович,полковник,12,59
Алексеев Денис Юрьевич,сержант,1,42
Козлов Иван Алексеевич,прапорщик,7,59
Макаров Виктор Юрьевич,капитан,11,22
Козлов Никита Юрьевич,лейтенант,9,48
Морозов Сергей Михайлович,полковник,6,26
Зайцев Степан Алексеевич,капитан,6,32
Михайлов Артём Андреевич,майор,3,38
Макаров Денис Викторович,капитан,4,35
Яковлев Михаил Павлович,лейтенант,6,43
Фёдоров Илья Олегович,прапорщик,8,31
Морозов Александр Иванович,майор,5,28
Макаров Дмитрий Александрович,рядовой,7,41
Попов Алексей Викторович,майор,3,56
Петров Павел Александрович,прапорщик,5,22
Морозов Олег Иванович,сержант,8,29
Иванов Никита Викторович,лейтенант,5,44
Никитин Андрей Андреевич,капитан,9,31
Козлов Иван Юрьевич,лейтенант,11,35
Егоров Дмитрий Романович,полковник,2,56
Кочергин Дмитрий Олегович,прапорщик,1,46
Захаров Денис Максимович,майор,8,18
Кузнецов Егор Кириллович,прапорщик,1,41
Соловьёв Максим Иванович,майор,1,43
Морозов Максим Викторович,прапорщик,10,50
Васильев Михаил Михайлович,рядовой,6,54
Васильев Илья Павлович,прапорщик,10,39
Захаров Андрей Сергеевич,прапорщик,4,29
Николаев Матвей Павлович,рядовой,7,22
Зайцев Артём Дмитриевич,полковник,7,46
Павлов Виктор Романович,сержант,12,48
Попов Артём Олегович,рядовой,3,44
Зайцев Александр Юрьевич,майор,8,38
Васильев Михаил Александрович,лейтенант,3,39
Борисов Константин Ильич,лейтенант,5,29
Макаров Александр Максимович,рядовой,1,55
Макаров Евгений Романович,лейтенант,6,29
Зайцев Андрей Викторович,сержант,6,53
Козлов Дмитрий Кириллович,сержант,6,55
Орлов Евгений Иванович,лейтенант,5,29
Сидоров Роман Викторович,прапорщик,8,35
Орлов Кирилл Олегович,прапорщик,2,27
Козлов Константин Алексеевич,сержант,9,33
Егоров Евгений Павлович,сержант,7,43
Захаров Егор Дмитриевич,лейтенант,6,36
Петров Виктор Никитич,лейтенант,12,45
Кузнецов Илья Алексеевич,рядовой,1,25
Соколов Иван Андреевич,сержант,1,58
Фёдоров Олег Дмитриевич,полковник,9,39
Соколов Юрий Никитич,лейтенант,4,52
Никитин Константин Романович,полковник,3,33
Морозов Денис Павлович,лейтенант,7,27
Сидоров Илья Дмитриевич,сержант,5,54
Кочергин Евгений Иванович,лейтенант,6,47
Егоров Иван Михайлович,капитан,4,57
Павлов Матвей Дмитриевич,капитан,11,59
Степанов Максим Романович,лейтенант,5,24
Смирнов Артём Александрович,полковник,8,41
Соколов Виктор Алексеевич,прапорщик,2,51
Андреев Виктор Никитич,рядовой,10,37
Кузнецов Артём Никитич,рядовой,6,18
Соколов Юрий Павлович,прапорщик,4,39
Павлов Максим Михайлович,лейтенант,8,46
Семёнов Илья Ильич,сержант,4,18
Сидоров Юрий Андреевич,полковник,2,58
Соловьёв Максим Романович,капитан,11,25
Андреев Юрий Ильич,лейтенант,11,26
Михайлов Сергей Максимович,прапорщик,10,53
Морозов Олег Никитич,лейтенант,9,58
Новиков Дмитрий Максимович,лейтенант,12,40
Иванов Илья Ильич,прапорщик,5,40
Соловьёв Иван Андреевич,лейтенант,1,44
Кузнецов Иван Юрьевич,майор,2,59
Смирнов Евгений Викторович,рядовой,12,20
Соловьёв Алексей Иванович,майор,3,25
Соколов Егор Олегович,полковник,1,34
Попов Евгений Викторович,майор,5,23
Степанов Илья Михайлович,лейтенант,12,18
Козлов Александр Дмитриевич,прапорщик,12,20
Семёнов Денис Никитич,полковник,5,44
Соловьёв Павел Иванович,лейтенант,3,22
Яковлев Андрей Никитич,полковник,3,39
Петров Егор Сергеевич,полковник,7,56
Андреев Иван Ильич,лейтенант,2,32
Иванов Иван Романович,прапорщик,7,42
Николаев Дмитрий Дмитриевич,прапорщик,3,35
Соловьёв Егор Алексеевич,лейтенант,12,44
Лебедев Михаил Олегович,сержант,4,38
Соколов Егор Сергеевич,капитан,12,53
Павлов Илья Михайлович,прапорщик,4,36
Кузнецов Никита Александрович,лейтенант,6,39
Смирнов Олег Сергеевич,сержант,8,29
Попов Роман Олегович,капитан,5,25
Макаров Андрей Викторович,полковник,9,47
Сидоров Илья Михайлович,лейтенант,9,21
Павлов Денис Александрович,прапорщик,8,29
Кузнецов Никита Кириллович,капитан,7,55
Кузнецов Егор Дмитриевич,прапорщик,4,19
Морозов Роман Олегович,лейтенант,10,43
Кочергин Никита Александрович,лейтенант,1,46
Петров Олег Никитич,сержант,4,39
Лебедев Михаил Кириллович,полковник,11,54
Алексеев Михаил Сергеевич,сержант,8,51
Николаев Матвей Юрьевич,прапорщик,4,18
Козлов Егор Ильич,рядовой,2,35
Семёнов Андрей Дмитриевич,рядовой,1,46
Алексеев Михаил Кириллович,рядовой,8,25
Захаров Сергей Павлович,сержант,6,35
Орлов Сергей Кириллович,полковник,4,36
Соловьёв Виктор Юрьевич,полковник,6,50
Новиков Александр Кириллович,капитан,1,48
Семёнов Александр Павлович,полковник,3,36
Алексеев Степан Андреевич,сержант,3,52
Соловьёв Евгений Александрович,рядовой,10,24
Кузнецов Евгений Юрьевич,сержант,6,21
Соловьёв Матвей Романович,капитан,9,27
Смирнов Сергей Юрьевич,прапорщик,2,25
Захаров Денис Кириллович,майор,4,29
Орлов Роман Алексеевич,прапорщик,7,21
Макаров Алексей Андреевич,прапорщик,9,55
Яковлев Максим Викторович,сержант,11,55
Попов Кирилл Викторович,полковник,2,41
Морозов Кирилл Павлович,майор,1,33
Захаров Егор Максимович,майор,12,44
Яковлев Евгений Андреевич,сержант,4,33
Николаев Алексей Олегович,прапорщик,10,60
Петров Никита Ильич,сержант,7,19
Смирнов Степан Алексеевич,сержант,3,38
Иванов Александр Михайлович,капитан,10,36
Морозов Олег Михайлович,капитан,6,36
Никитин Матвей Ильич,рядовой,12,34
Морозов Андрей Сергеевич,сержант,5,38
Павлов Александр Сергеевич,полковник,3,25
Борисов Роман Романович,прапорщик,3,18
Захаров Матвей Романович,рядовой,3,30
Васильев Кирилл Александрович,майор,1,56
Новиков Дмитрий Павлович,прапорщик,2,48
Смирнов Павел Ильич,сержант,12,27
Алексеев Матвей Александрович,рядовой,5,48
Смирнов Евгений Сергеевич,полковник,3,18
Иванов Никита Олегович,капитан,3,36
Алексеев Никита Викторович,сержант,9,22
Яковлев Илья Никитич,рядовой,8,55
Захаров Олег Юрьевич,рядовой,2,28
Зайцев Никита Сергеевич,прапорщик,5,54
Фёдоров Илья Ильич,полковник,12,53
Кузнецов Андрей Алексеевич,полковник,1,34
Лебедев Дмитрий Ильич,прапорщик,5,31
Соколов Виктор Михайлович,сержант,2,55
Макаров Степан Александрович,полковник,1,20
Никитин Денис Сергеевич,сержант,12,26
Егоров Степан Михайлович,полковник,8,29
Соловьёв Матвей Викторович,капитан,8,24
Николаев Иван Дмитриевич,прапорщик,5,25
Козлов Андрей Юрьевич,прапорщик,11,22
Кочергин Дмитрий Ильич,прапорщик,6,27
Николаев Сергей Дмитриевич,капитан,1,53
Николаев Константин Никитич,лейтенант,11,34
Борисов Виктор Алексеевич,капитан,9,43
Козлов Артём Александрович,полковник,3,52
Иванов Юрий Алексеевич,майор,2,46
Фёдоров Андрей Максимович,майор,9,33
Морозов Кирилл Александрович,лейтенант,4,56
Борисов Дмитрий Романович,майор,11,49
Никитин Егор Дмитриевич,сержант,11,22
Иванов Денис Михайлович,майор,9,38
Егоров Александр Андреевич,капитан,5,23
Васильев Матвей Павлович,прапорщик,7,40
Зайцев Денис Максимович,сержант,2,27
Алексеев Александр Павлович,сержант,7,60
Андреев Дмитрий Никитич,рядовой,11,52
Новиков Никита Дмитриевич,сержант,1,28
Соколов Дмитрий Александрович,сержант,4,21
Никитин Степан Романович,сержант,4,21
Макаров Максим Никитич,капитан,8,42
Соловьёв Александр Викторович,рядовой,12,46
Алексеев Константин Никитич,полковник,12,23
Фёдоров Сергей Дмитриевич,капитан,6,29
Попов Артём Андреевич,прапорщик,6,53
Новиков Кирилл Павлович,прапорщик,8,46
Морозов Матвей Никитич,прапорщик,7,40
Яковлев Иван Юрьевич,прапорщик,4,53
Алексеев Павел Иванович,полковник,5,53
Макаров Дмитрий Кириллович,капитан,1,34
Иванов Андрей Павлович,капитан,12,50
Захаров Алексей Максимович,лейтенант,9,26
Михайлов Максим Иванович,капитан,5,59
Попов Матвей Максимович,полковник,10,56
Яковлев Артём Романович,лейтенант,1,48
Петров Артём Сергеевич,рядовой,6,50
Степанов Павел Александрович,лейтенант,11,45
Васильев Александр Павлович,сержант,8,39
Фёдоров Никита Ильич,полковник,10,31
Семёнов Александр Кириллович,майор,5,58
Зайцев Денис Никитич,капитан,2,35
Семёнов Андрей Андреевич,рядовой,5,37
Павлов Максим Сергеевич,прапорщик,3,33
Попов Егор Максимович,майор,4,59
Лебедев Олег Романович,майор,5,56
Степанов Максим Александрович,рядовой,3,51
Сидоров Дмитрий Кириллович,прапорщик,5,48
Семёнов Илья Юрьевич,прапорщик,7,45
Алексеев Андрей Максимович,полковник,11,45
Павлов Андрей Ильич,рядовой,8,18
Андреев Илья Павлович,капитан,9,22
Лебедев Никита Иванович,капитан,2,39
Козлов Никита Андреевич,прапорщик,4,30
Андреев Егор Александрович,майор,2,25
Егоров Олег Андреевич,сержант,10,44
Фёдоров Алексей Ильич,капитан,7,38
Яковлев Никита Иванович,прапорщик,4,28
Соколов Дмитрий Олегович,лейтенант,1,55
Захаров Артём Михайлович,рядовой,7,33
Семёнов Степан Дмитриевич,лейтенант,2,47
Орлов Олег Никитич,рядовой,11,18
Соколов Дмитрий Павлович,лейтенант,9,58
Андреев Евгений Михайлович,полковник,3,41
Алексеев Степан Александрович,майор,4,56
Борисов Никита Сергеевич,майор,3,19
Зайцев Кирилл Андреевич,полковник,4,60
Кузнецов Виктор Кириллович,лейтенант,10,35
Кочергин Евгений Михайлович,майор,6,38
Сидоров Егор Александрович,майор,10,29
Попов Никита Викторович,прапорщик,7,55
Сидоров Илья Михайлович,рядовой,2,18
Борисов Степан Юрьевич,сержант,10,38
Николаев Андрей Олегович,лейтенант,1,19
Козлов Денис Иванович,прапорщик,8,59
Фёдоров Юрий Андреевич,сержант,1,56
Макаров Илья Ильич,майор,3,38
Соколов Юрий Олегович,прапорщик,8,28
Петров Никита Юрьевич,полковник,9,45
Козлов Юрий Максимович,сержант,3,23
Степанов Олег Кириллович,майор,3,27
Михайлов Максим Иванович,полковник,6,49
Макаров Егор Никитич,сержант,5,38
Макаров Андрей Викторович,рядовой,9,49
Кузнецов Михаил Никитич,прапорщик,4,40
Макаров Павел Павлович,лейтенант,7,33
Смирнов Артём Павлович,капитан,12,49
Новиков Матвей Юрьевич,прапорщик,3,46
Павлов Илья Максимович,лейтенант,12,34
Алексеев Александр Кириллович,капитан,2,31
Соловьёв Павел Алексеевич,лейтенант,2,30
Иванов Олег Андреевич,рядовой,10,25
Николаев Кирилл Сергеевич,сержант,3,33
Орлов Евгений Кириллович,сержант,2,54
Борисов Дмитрий Олегович,сержант,4,31
Захаров Александр Максимович,прапорщик,2,47
Иванов Матвей Олегович,сержант,10,55
Макаров Роман Никитич,майор,5,57
Захаров Дмитрий Ильич,прапорщик,6,35
Борисов Павел Андреевич,капитан,8,35
Егоров Юрий Иванович,лейтенант,11,39
Лебедев Роман Андреевич,полковник,12,34
Михайлов Сергей Павлович,лейтенант,6,42
Степанов Павел Максимович,рядовой,12,37
Фёдоров Иван Максимович,сержант,8,49
Яковлев Алексей Максимович,прапорщик,2,28
Семёнов Егор Максимович,рядовой,8,35
Борисов Юрий Андреевич,сержант,7,49
Николаев Иван Кириллович,капитан,2,18
Кузнецов Виктор Андреевич,майор,3,51
Кузнецов Сергей Иванович,сержант,7,50
Михайлов Павел Олегович,лейтенант,10,35
Фёдоров Константин Андреевич,лейтенант,4,37
Михайлов Константин Кириллович,полковник,11,60
Морозов Артём Никитич,капитан,1,56
Андреев Денис Никитич,сержант,2,25
Павлов Артём Дмитриевич,капитан,12,43
Борисов Роман Кириллович,майор,2,30
Макаров Сергей Ильич,майор,12,58
Орлов Юрий Романович,сержант,7,30
Николаев Артём Викторович,лейтенант,5,50
Сидоров Максим Ильич,капитан,10,30
Семёнов Константин Андреевич,рядовой,9,44
Зайцев Артём Павлович,капитан,5,30
Яковлев Роман Алексеевич,майор,3,48
Кузнецов Андрей Никитич,майор,7,34
Семёнов Никита Кириллович,капитан,3,29
Яковлев Степан Иванович,рядовой,9,32
Смирнов Андрей Олегович,майор,8,56
Макаров Денис Андреевич,прапорщик,5,45
Петров Егор Михайлович,рядовой,8,54
Попов Александр Павлович,полковник,4,27
Козлов Андрей Алексеевич,лейтенант,5,51
Кузнецов Илья Алексеевич,рядовой,12,52
Иванов Иван Павлович,полковник,10,49
Смирнов Сергей Алексеевич,прапорщик,1,55
Борисов Сергей Александрович,капитан,8,42
Борисов Максим Кириллович,прапорщик,9,37
Семёнов Артём Иванович,капитан,4,23
Морозов Матвей Алексеевич,прапорщик,5,21
Соловьёв Михаил Иванович,прапорщик,4,22
Морозов Илья Алексеевич,майор,9,19
Михайлов Максим Никитич,капитан,6,41
Кузнецов Максим Алексеевич,лейтенант,3,46
Новиков Матвей Олегович,прапорщик,5,44
Сидоров Олег Олегович,капитан,8,31
Козлов Алексей Никитич,сержант,12,45
Михайлов Олег Никитич,полковник,1,48
Новиков Юрий Иванович,полковник,7,55
Сидоров Сергей Кириллович,майор,10,44
Макаров Виктор Максимович,лейтенант,1,21
Новиков Егор Иванович,рядовой,1,35
Алексеев Александр Михайлович,прапорщик,4,29
Иванов Михаил Михайлович,прапорщик,9,52
Попов Сергей Никитич,капитан,11,31
Степанов Роман Дмитриевич,полковник,2,51
Фёдоров Матвей Михайлович,майор,12,45
Морозов Александр Максимович,сержант,9,59
Смирнов Артём Алексеевич,капитан,6,38
Павлов Денис Романович,полковник,6,57
Степанов Егор Максимович,лейтенант,4,38
Орлов Павел Сергеевич,сержант,11,47
Никитин Никита Никитич,лейтенант,12,30
Захаров Александр Кириллович,майор,9,20
Попов Илья Александрович,лейтенант,12,20
Николаев Никита Алексеевич,полковник,9,27
Новиков Дмитрий Павлович,прапорщик,9,30
Козлов Александр Юрьевич,лейтенант,6,52
Лебедев Максим Павлович,прапорщик,6,38
Морозов Илья Кириллович,прапорщик,7,32
Никитин Константин Ильич,прапорщик,4,51
Иванов Егор Никитич,прапорщик,12,35
Никитин Илья Сергеевич,капитан,4,38
Морозов Артём Юрьевич,майор,3,23
Алексеев Константин Дмитриевич,прапорщик,9,40
Козлов Матвей Никитич,лейтенант,6,51
Козлов Евгений Олегович,рядовой,12,35
Макаров Никита Дмитриевич,рядовой,5,40
Смирнов Виктор Никитич,майор,4,21
Яковлев Иван Сергеевич,майор,1,30
Смирнов Михаил Никитич,лейтенант,5,19
Попов Константин Никитич,майор,1,29
Смирнов Константин Максимович,майор,3,47
Иванов Олег Максимович,лейтенант,11,52
Захаров Егор Никитич,капитан,11,46
Захаров Олег Никитич,майор,12,47
Михайлов Олег Сергеевич,сержант,7,49
Яковлев Роман Олегович,капитан,2,45
Васильев Кирилл Алексеевич,майор,4,43
Орлов Андрей Никитич,сержант,3,18
Захаров Сергей Кириллович,рядовой,4,53
Морозов Илья Андреевич,полковник,10,26
Попов Олег Александрович,рядовой,8,49
Яковлев Олег Алексеевич,майор,10,24
Орлов Матвей Кириллович,лейтенант,6,23
Кузнецов Юрий Викторович,лейтенант,5,47
Иванов Матвей Юрьевич,капитан,4,40
Иванов Артём Михайлович,лейтенант,11,49
Никитин Юрий Алексеевич,капитан,6,46
Никитин Сергей Максимович,рядовой,1,52
Михайлов Олег Иванович,капитан,2,20
Семёнов Александр Андреевич,лейтенант,2,51
Борисов Илья Олегович,майор,3,19
Сидоров Иван Иванович,капитан,2,21
Макаров Павел Алексеевич,майор,12,30
Фёдоров Алексей Викторович,полковник,12,25
Кузнецов Артём Дмитриевич,лейтенант,7,53
Алексеев Александр Александрович,капитан,1,35
Егоров Константин Олегович,капитан,6,22
Николаев Сергей Романович,лейтенант,7,52
Смирнов Сергей Павлович,майор,3,28
Павлов Кирилл Викторович,полковник,10,34
Захаров Кирилл Никитич,капитан,11,32
Андреев Степан Михайлович,майор,2,54
Никитин Евгений Олегович,полковник,3,29
Кочергин Александр Андреевич,капитан,9,54
Николаев Артём Кириллович,сержант,1,31
Зайцев Илья Сергеевич,полковник,3,37
Борисов Степан Андреевич,прапорщик,4,50
Кузнецов Максим Михайлович,майор,3,58
Яковлев Артём Сергеевич,майор,4,32
Степанов Алексей Дмитриевич,капитан,3,36
Николаев Матвей Кириллович,лейтенант,1,34
Егоров Дмитрий Романович,лейтенант,4,58
Соловьёв Никита Викторович,рядовой,7,40
Зайцев Виктор Максимович,майор,2,29
Никитин Александр Юрьевич,рядовой,6,20
Кузнецов Виктор Иванович,лейтенант,1,18
Васильев Иван Павлович,прапорщик,4,27
Яковлев Артём Александрович,лейтенант,3,44
Макаров Илья Александрович,прапорщик,8,46
Васильев Максим Александрович,сержант,1,52
Соловьёв Алексей Никитич,майор,6,60
Козлов Степан Викторович,полковник,5,33
Андреев Матвей Кириллович,сержант,9,52
Никитин Олег Михайлович,лейтенант,3,26
Никитин Андрей Иванович,полковник,8,58
Николаев Дмитрий Кириллович,рядовой,3,22
Новиков Сергей Алексеевич,рядовой,6,34
Макаров Алексей Александрович,капитан,4,37
Иванов Евгений Никитич,сержант,1,44
Никитин Егор Викторович,лейтенант,3,45
Лебедев Александр Кириллович,капитан,8,37
Алексеев Сергей Дмитриевич,майор,2,26
Петров Роман Олегович,сержант,11,46
Захаров Алексей Викторович,прапорщик,7,22
Орлов Илья Александрович,сержант,1,34
Макаров Олег Алексеевич,рядовой,3,46
Кузнецов Михаил Сергеевич,прапорщик,12,57
Макаров Матвей Ильич,прапорщик,6,36
Васильев Денис Павлович,лейтенант,3,33
Орлов Александр Михайлович,лейтенант,4,32
Попов Константин Александрович,капитан,3,26
Яковлев Максим Романович,прапорщик,7,23
Андреев Матвей Романович,полковник,5,29
Иванов Роман Сергеевич,капитан,2,27
Кочергин Степан Никитич,прапорщик,11,57
Николаев Матвей Андреевич,прапорщик,1,57
Михайлов Андрей Павлович,майор,1,28
Яковлев Максим Павлович,капитан,4,54
Попов Илья Романович,майор,5,51
Козлов Степан Кириллович,капитан,8,60
Морозов Иван Алексеевич,сержант,6,46
Никитин Михаил Александрович,полковник,5,53
Кочергин Александр Иванович,капитан,10,24
Степанов Евгений Кириллович,рядовой,6,30
Соловьёв Кирилл Павлович,майор,11,53
Николаев Кирилл Павлович,прапорщик,6,22
Новиков Константин Михайлович,прапорщик,3,31
Лебедев Роман Ильич,полковник,4,40
Смирнов Виктор Олегович,майор,1,44
Егоров Михаил Викторович,прапорщик,10,35
Захаров Роман Ильич,полковник,2,49
Алексеев Олег Андреевич,полковник,7,36
Орлов Денис Романович,майор,8,39
Орлов Роман Алексеевич,рядовой,10,25
Иванов Матвей Павлович,капитан,6,28
Козлов Павел Сергеевич,прапорщик,2,39
Соловьёв Роман Павлович,лейтенант,8,29
Лебедев Денис Кириллович,рядовой,2,34
Кочергин Виктор Максимович,лейтенант,10,37
Степанов Кирилл Ильич,сержант,9,23
Зайцев Дмитрий Андреевич,майор,3,28
Соловьёв Степан Павлович,прапорщик,6,35
Лебедев Максим Алексеевич,капитан,1,42
Иванов Максим Романович,майор,2,56
Степанов Артём Романович,рядовой,4,41
Васильев Александр Никитич,капитан,11,32
Захаров Евгений Олегович,майор,5,46
Никитин Михаил Максимович,рядовой,6,57
Сидоров Денис Кириллович,прапорщик,2,24
Соколов Матвей Алексеевич,капитан,1,35
Орлов Михаил Олегович,капитан,11,43
Фёдоров Олег Дмитриевич,майор,8,36
Васильев Роман Дмитриевич,майор,10,57
Павлов Алексей Иванович,рядовой,8,33
Семёнов Дмитрий Максимович,прапорщик,5,48
Попов Михаил Юрьевич,прапорщик,10,25
Никитин Роман Никитич,майор,4,29
Семёнов Матвей Сергеевич,рядовой,3,31
Смирнов Никита Романович,капитан,8,29
Соловьёв Алексей Павлович,сержант,8,28
Кочергин Максим Дмитриевич,майор,5,58
Васильев Олег Викторович,майор,7,31
Алексеев Иван Сергеевич,прапорщик,9,38
Новиков Павел Никитич,лейтенант,9,31
Морозов Матвей Павлович,рядовой,4,56
Иванов Дмитрий Викторович,полковник,8,55
Соловьёв Денис Сергеевич,прапорщик,7,32
Макаров Егор Александрович,полковник,3,54
Кочергин Максим Андреевич,лейтенант,2,54
Кочергин Кирилл Викторович,сержант,6,43
Иванов Роман Александрович,майор,7,43
Петров Иван Ильич,полковник,7,45
Козлов Артём Павлович,полковник,2,21
Зайцев Сергей Максимович,сержант,1,42
Павлов Павел Романович,капитан,5,57
Захаров Константин Кириллович,лейтенант,2,54
Иванов Дмитрий Викторович,рядовой,7,18
Макаров Алексей Романович,сержант,12,58
Зайцев Егор Андреевич,прапорщик,3,24
Алексеев Степан Александрович,сержант,12,33
Попов Кирилл Павлович,майор,8,20
Новиков Андрей Александрович,лейтенант,6,40
Фёдоров Андрей Ильич,майор,5,22
Петров Максим Никитич,полковник,10,40
Морозов Евгений Ильич,рядовой,4,51
Яковлев Артём Олегович,прапорщик,12,35
Зайцев Максим Иванович,лейтенант,11,20
Смирнов Михаил Иванович,полковник,9,28
Козлов Егор Максимович,рядовой,11,42
Соколов Матвей Иванович,капитан,4,30
Борисов Евгений Михайлович,капитан,7,35
Соловьёв Артём Сергеевич,сержант,2,44
Орлов Андрей Александрович,капитан,10,20
Морозов Роман Романович,полковник,4,22
Новиков Роман Кириллович,прапорщик,4,29
Лебедев Сергей Викторович,майор,3,42
Николаев Алексей Олегович,прапорщик,11,48
Фёдоров Юрий Сергеевич,лейтенант,7,23
Сидоров Андрей Юрьевич,капитан,12,30
Борисов Виктор Сергеевич,полковник,12,45
Петров Юрий Михайлович,рядовой,6,55
Морозов Максим Юрьевич,майор,5,24
Козлов Кирилл Дмитриевич,лейтенант,1,27
Степанов Константин Никитич,сержант,10,47
Никитин Кирилл Дмитриевич,рядовой,6,29
Лебедев Кирилл Иванович,полковник,3,57
Кочергин Иван Михайлович,прапорщик,6,34
Макаров Егор Кириллович,сержант,9,44
Орлов Виктор Александрович,рядовой,1,40
Кузнецов Илья Никитич,сержант,5,42
Семёнов Павел Михайлович,рядовой,2,53
Павлов Дмитрий Андреевич,рядовой,6,37
Михайлов Кирилл Никитич,сержант,12,45
Кузнецов Павел Максимович,лейтенант,10,22
Семёнов Роман Иванович,капитан,5,49
Орлов Дмитрий Алексеевич,лейтенант,4,59
Кочергин Евгений Викторович,полковник,11,31
Петров Евгений Павлович,полковник,11,27
Семёнов Евгений Иванович,прапорщик,4,29
Алексеев Степан Андреевич,сержант,11,18
Козлов Иван Максимович,прапорщик,3,50
Андреев Степан Александрович,сержант,8,21
Михайлов Виктор Романович,прапорщик,7,33
Захаров Юрий Андреевич,прапорщик,4,26
Иванов Степан Андреевич,рядовой,10,51
Васильев Александр Ильич,лейтенант,3,30
Андреев Роман Павлович,майор,3,30
Фёдоров Денис Александрович,рядовой,11,49
Борисов Иван Ильич,лейтенант,1,45
Егоров Матвей Алексеевич,рядовой,11,59
Зайцев Илья Олегович,сержант,2,55
Орлов Максим Романович,рядовой,12,24
Борисов Михаил Максимович,капитан,6,27
Попов Денис Алексеевич,рядовой,7,41
Борисов Виктор Павлович,майор,8,41
Новиков Кирилл Дмитриевич,майор,12,44
Андреев Сергей Михайлович,сержант,10,25
Морозов Олег Максимович,майор,7,22
Семёнов Роман Юрьевич,лейтенант,7,35
Михайлов Олег Максимович,полковник,8,34
Николаев Виктор Никитич,сержант,6,26
Смирнов Дмитрий Никитич,сержант,4,56
Егоров Егор Кириллович,лейтенант,5,60
Орлов Илья Андреевич,капитан,12,29
Лебедев Сергей Кириллович,сержант,1,33
Соловьёв Александр Сергеевич,прапорщик,11,58
Кочергин Кирилл Павлович,полковник,11,29
Новиков Роман Юрьевич,лейтенант,4,27
Егоров Степан Дмитриевич,рядовой,4,25
Алексеев Юрий Никитич,капитан,11,39
Степанов Иван Викторович,полковник,6,53
Борисов Андрей Кириллович,прапорщик,10,40
Семёнов Юрий Павлович,прапорщик,5,59
Фёдоров Александр Сергеевич,сержант,6,42
Макаров Олег Романович,прапорщик,5,30
Смирнов Егор Максимович,сержант,7,35
Макаров Александр Алексеевич,сержант,7,58
Петров Дмитрий Ильич,прапорщик,12,35
Макаров Роман Олегович,сержант,1,54
Новиков Александр Кириллович,сержант,10,22
Яковлев Илья Алексеевич,сержант,1,19
Егоров Кирилл Юрьевич,майор,8,41
Алексеев Никита Романович,лейтенант,3,51
Степанов Степан Сергеевич,прапорщик,11,23
Павлов Егор Алексеевич,полковник,7,36
Сидоров Виктор Романович,капитан,3,42
Морозов Андрей Олегович,майор,4,60
Павлов Артём Никитич,капитан,3,27
Егоров Иван Максимович,прапорщик,1,25
Никитин Роман Юрьевич,майор,11,25
Макаров Евгений Павлович,сержант,11,40
Иванов Артём Павлович,лейтенант,4,41
Павлов Илья Кириллович,прапорщик,8,38
Новиков Константин Кириллович,капитан,6,37
Борисов Максим Ильич,сержант,11,54
Соловьёв Максим Ильич,капитан,12,50
Егоров Алексей Викторович,сержант,11,29
Захаров Иван Олегович,полковник,1,53
Никитин Дмитрий Максимович,майор,9,43
Зайцев Илья Сергеевич,сержант,8,44
Соловьёв Михаил Иванович,майор,9,22
Николаев Андрей Михайлович,майор,8,48
Кочергин Денис Олегович,рядовой,10,33
Алексеев Павел Кириллович,рядовой,11,58
Алексеев Александр Сергеевич,рядовой,5,40
Смирнов Алексей Романович,прапорщик,9,50
Макаров Денис Александрович,майор,5,57
Орлов Илья Павлович,майор,10,34
Фёдоров Константин Павлович,капитан,11,27
Алексеев Иван Юрьевич,сержант,9,32
Степанов Максим Сергеевич,лейтенант,3,38
Степанов Дмитрий Викторович,капитан,4,57
Орлов Иван Юрьевич,майор,8,46
Павлов Юрий Ильич,майор,5,19
Лебедев Дмитрий Павлович,полковник,8,49
Морозов Павел Викторович,лейтенант,2,51
Степанов Алексей Михайлович,прапорщик,10,30
Егоров Егор Сергеевич,майор,3,40
Зайцев Илья Александрович,прапорщик,5,33
Яковлев Артём Викторович,лейтенант,6,47
Егоров Алексей Сергеевич,лейтенант,8,35
Орлов Егор Михайлович,лейтенант,8,42
Смирнов Артём Никитич,полковник,8,23
Захаров Виктор Иванович,прапорщик,4,41
Егоров Алексей Кириллович,майор,3,36
Захаров Егор Кириллович,прапорщик,12,40
Кузнецов Виктор Иванович,прапорщик,1,49
Новиков Иван Дмитриевич,полковник,4,49
Козлов Артём Кириллович,лейтенант,12,37
Николаев Максим Викторович,прапорщик,10,56
Павлов Денис Павлович,лейтенант,4,32
Алексеев Виктор Олегович,прапорщик,1,18
Алексеев Егор Андреевич,полковник,11,30
Попов Евгений Павлович,прапорщик,1,60
Николаев Евгений Дмитриевич,рядовой,7,40
Иванов Сергей Максимович,прапорщик,7,57
Борисов Евгений Павлович,лейтенант,1,18
Никитин Илья Ильич,майор,4,27
Морозов Степан Михайлович,майор,2,27
Кочергин Максим Сергеевич,полковник,2,53
Степанов Константин Андреевич,рядовой,8,22
Алексеев Артём Андреевич,рядовой,11,24
Макаров Виктор Романович,прапорщик,1,54
Борисов Никита Никитич,рядовой,11,60
Орлов Денис Сергеевич,лейтенант,11,45
Фёдоров Сергей Михайлович,капитан,3,59
Иванов Константин Михайлович,майор,5,47
Соловьёв Олег Дмитриевич,прапорщик,3,46
Соколов Матвей Юрьевич,прапорщик,8,37
Сидоров Никита Сергеевич,прапорщик,7,43
Кузнецов Денис Александрович,майор,3,57
Борисов Юрий Дмитриевич,капитан,11,37
Николаев Андрей Андреевич,сержант,10,48
Новиков Матвей Никитич,прапорщик,3,54
Новиков Роман Никитич,прапорщик,11,28
Захаров Артём Никитич,рядовой,12,44
Алексеев Андрей Дмитриевич,рядовой,5,60
Никитин Дмитрий Юрьевич,капитан,10,20
Зайцев Виктор Олегович,майор,2,31
Яковлев Кирилл Романович,майор,5,21
Фёдоров Константин Никитич,полковник,8,40
Борисов Роман Ильич,полковник,2,43
Андреев Кирилл Павлович,капитан,7,46
Павлов Илья Викторович,полковник,7,59
Соловьёв Роман Михайлович,полковник,7,28
Михайлов Евгений Михайлович,полковник,1,49
Егоров Юрий Алексеевич,сержант,8,29
Яковлев Олег Юрьевич,полковник,5,55
Смирнов Роман Никитич,прапорщик,12,59
Иванов Олег Дмитриевич,рядовой,11,37
Никитин Алексей Никитич,лейтенант,4,59
Козлов Роман Максимович,лейтенант,1,50
Кочергин Дмитрий Павлович,майор,11,58
Орлов Павел Олегович,рядовой,11,24
Зайцев Павел Александрович,лейтенант,11,27
Смирнов Константин Романович,майор,10,47
Сидоров Роман Викторович,полковник,9,53
Смирнов Олег Юрьевич,сержант,8,35
Васильев Алексей Сергеевич,лейтенант,5,55
Лебедев Егор Андреевич,полковник,10,57
Новиков Александр Никитич,рядовой,10,44
Новиков Денис Сергеевич,полковник,5,19
Михайлов Дмитрий Романович,полковник,3,38
Кузнецов Юрий Викторович,капитан,12,44
Смирнов Константин Романович,сержант,3,29
Соколов Максим Кириллович,лейтенант,7,43
Лебедев Павел Дмитриевич,сержант,5,27
Егоров Константин Олегович,капитан,4,34
Козлов Дмитрий Сергеевич,полковник,4,24
Лебедев Константин Никитич,полковник,4,50
Семёнов Павел Максимович,лейтенант,5,30
Захаров Денис Дмитриевич,полковник,8,44
Кочергин Денис Максимович,лейтенант,2,58
Иванов Константин Олегович,полковник,7,33
Степанов Евгений Викторович,рядовой,1,34
Егоров Константин Викторович,лейтенант,6,41
Никитин Артём Алексеевич,капитан,11,33
Соколов Евгений Олегович,рядовой,2,37
Морозов Сергей Сергеевич,лейтенант,9,51
Павлов Кирилл Михайлович,капитан,5,30
Лебедев Роман Андреевич,майор,11,34
Соколов Сергей Олегович,майор,7,47
Павлов Матвей Ильич,прапорщик,8,29
Андреев Артём Сергеевич,сержант,5,57
Смирнов Артём Андреевич,лейтенант,5,25
Кузнецов Павел Алексеевич,лейтенант,9,18
Фёдоров Степан Александрович,сержант,10,18
Степанов Александр Андреевич,прапорщик,11,34
Борисов Олег Максимович,майор,7,45
Кочергин Денис Викторович,майор,9,34
Сидоров Алексей Михайлович,полковник,1,54
Кузнецов Артём Романович,лейтенант,9,52
Иванов Александр Михайлович,капитан,9,39
Иванов Дмитрий Александрович,сержант,8,42
Соколов Максим Викторович,капитан,12,20
Васильев Иван Дмитриевич,майор,3,49
Морозов Егор Михайлович,сержант,4,30
Фёдоров Роман Никитич,майор,4,58
Егоров Максим Ильич,майор,9,38
Макаров Денис Максимович,майор,6,53
Попов Алексей Андреевич,майор,5,50
Соловьёв Алексей Юрьевич,сержант,12,53
Павлов Артём Викторович,полковник,8,36
Козлов Алексей Викторович,рядовой,10,51
Лебедев Александр Павлович,лейтенант,11,46
Семёнов Олег Юрьевич,полковник,9,41
Кузнецов Роман Михайлович,полковник,2,18
Сидоров Алексей Кириллович,сержант,8,57
Петров Константин Михайлович,лейтенант,8,29
Кочергин Артём Михайлович,лейтенант,6,48
Лебедев Алексей Сергеевич,сержант,6,23
Степанов Сергей Романович,прапорщик,3,40
Смирнов Кирилл Андреевич,полковник,10,33
Алексеев Илья Сергеевич,лейтенант,10,37
Лебедев Роман Андреевич,майор,12,32
Алексеев Михаил Викторович,майор,10,37
Захаров Иван Андреевич,майор,7,38
Соколов Степан Максимович,рядовой,6,41
Кочергин Матвей Алексеевич,сержант,9,40
Иванов Константин Иванович,майор,4,23
Попов Артём Дмитриевич,прапорщик,10,45
Яковлев Иван Сергеевич,капитан,3,32
Попов Виктор Сергеевич,майор,2,21
Никитин Олег Олегович,сержант,12,51
Никитин Максим Никитич,прапорщик,9,59
Борисов Андрей Викторович,рядовой,7,19
Егоров Алексей Никитич,полковник,7,40
Сидоров Матвей Олегович,рядовой,10,39
Кочергин Павел Александрович,сержант,8,41
Николаев Роман Максимович,капитан,6,52
Макаров Матвей Иванович,полковник,7,60
Николаев Юрий Михайлович,прапорщик,10,21
Алексеев Юрий Дмитриевич,лейтенант,11,41
Егоров Сергей Андреевич,лейтенант,8,30
Орлов Олег Андреевич,полковник,1,58
Иванов Максим Ильич,рядовой,2,38
Смирнов Константин Михайлович,капитан,1,48
Кузнецов Михаил Ильич,лейтенант,10,35
Захаров Олег Викторович,сержант,4,33
Никитин Виктор Кириллович,майор,1,44
Иванов Александр Сергеевич,прапорщик,6,33
Сидоров Константин Кириллович,прапорщик,8,28
Морозов Олег Иванович,полковник,7,34
Борисов Матвей Александрович,сержант,10,60
Орлов Иван Никитич,сержант,3,34
Соколов Денис Юрьевич,прапорщик,12,40
Фёдоров Алексей Олегович,рядовой,2,47
Орлов Артём Юрьевич,полковник,11,35
Соколов Матвей Юрьевич,сержант,12,23
Смирнов Артём Юрьевич,лейтенант,8,36
Соколов Егор Кириллович,майор,6,45
Степанов Дмитрий Алексеевич,майор,6,50
Соколов Андрей Александрович,полковник,9,35
Новиков Олег Андреевич,капитан,4,58
Фёдоров Сергей Сергеевич,рядовой,5,35
Соколов Кирилл Александрович,рядовой,4,25
Попов Алексей Дмитриевич,капитан,5,56
Макаров Артём Ильич,прапорщик,11,44
Соловьёв Кирилл Максимович,майор,3,47
Яковлев Степан Дмитриевич,лейтенант,10,59
Захаров Илья Юрьевич,рядовой,6,50
Кузнецов Юрий Сергеевич,сержант,6,38
Иванов Артём Алексеевич,сержант,11,48
Васильев Юрий Ильич,прапорщик,9,42
Иванов Максим Павлович,сержант,5,54
Новиков Дмитрий Юрьевич,прапорщик,1,55
Васильев Кирилл Викторович,сержант,4,38
Орлов Юрий Олегович,полковник,7,29
Морозов Никита Романович,полковник,12,19
Макаров Юрий Романович,майор,2,45
Васильев Дмитрий Романович,сержант,4,33
Никитин Кирилл Никитич,капитан,11,24
Соловьёв Степан Иванович,прапорщик,7,20
Иванов Олег Никитич,капитан,4,23
Иванов Егор Сергеевич,сержант,7,44
Соколов Юрий Ильич,лейтенант,5,34
Морозов Евгений Алексеевич,рядовой,10,57
Семёнов Егор Никитич,прапорщик,10,30
Козлов Никита Дмитриевич,рядовой,6,35
Новиков Юрий Александрович,лейтенант,12,49
Семёнов Степан Андреевич,прапорщик,2,42
Васильев Артём Сергеевич,прапорщик,5,57
Попов Олег Павлович,рядовой,11,20
Орлов Матвей Андреевич,лейтенант,2,31
Соколов Андрей Павлович,лейтенант,6,56
Иванов Максим Юрьевич,полковник,5,34
Захаров Денис Кириллович,майор,3,28
Степанов Константин Михайлович,рядовой,5,40
Васильев Никита Никитич,лейтенант,7,22
Егоров Роман Олегович,майор,4,51
Борисов Михаил Никитич,лейтенант,4,21
Соловьёв Алексей Алексеевич,майор,10,53
Иванов Матвей Ильич,прапорщик,2,45
Михайлов Михаил Павлович,сержант,9,49
Кочергин Юрий Михайлович,полковник,11,58
Кузнецов Степан Сергеевич,капитан,11,26
Морозов Алексей Алексеевич,рядовой,11,55
Кузнецов Артём Иванович,прапорщик,11,40
Никитин Александр Павлович,лейтенант,11,40
Семёнов Степан Михайлович,майор,5,44
Морозов Матвей Кириллович,сержант,4,30
Кузнецов Павел Михайлович,полковник,6,54
Никитин Андрей Ильич,капитан,1,37
Лебедев Кирилл Андреевич,капитан,2,36
Степанов Егор Иванович,сержант,12,48
Иванов Андрей Андреевич,рядовой,5,20
Иванов Павел Алексеевич,полковник,10,60
Сидоров Иван Викторович,рядовой,9,31
Борисов Кирилл Ильич,полковник,8,54
Семёнов Сергей Викторович,лейтенант,12,40
Морозов Михаил Алексеевич,лейтенант,4,23
Лебедев Дмитрий Никитич,прапорщик,6,55
Андреев Алексей Юрьевич,полковник,5,50
Кузнецов Виктор Кириллович,прапорщик,5,26
Яковлев Павел Андреевич,лейтенант,2,43
Попов Никита Максимович,сержант,10,41
Морозов Дмитрий Ильич,сержант,3,36
Степанов Илья Юрьевич,лейтенант,5,44
Никитин Максим Викторович,майор,6,36
Макаров Алексей Романович,майор,12,22
Смирнов Павел Никитич,майор,8,47
Козлов Максим Романович,полковник,3,57
Соколов Кирилл Олегович,прапорщик,1,18
Егоров Дмитрий Павлович,майор,6,18
Петров Никита Михайлович,полковник,7,53
Орлов Олег Романович,прапорщик,1,32
Сидоров Роман Викторович,капитан,8,36
Иванов Кирилл Михайлович,прапорщик,12,20
Козлов Сергей Юрьевич,сержант,1,33
Смирнов Александр Викторович,сержант,11,43
Фёдоров Павел Ильич,майор,7,58
Борисов Алексей Сергеевич,капитан,10,33
Смирнов Александр Кириллович,майор,1,46
Орлов Михаил Михайлович,майор,2,22
Николаев Виктор Олегович,полковник,3,33
Зайцев Михаил Дмитриевич,сержант,7,54
Соловьёв Кирилл Кириллович,прапорщик,11,39
Иванов Алексей Никитич,капитан,7,46
Попов Илья Сергеевич,прапорщик,8,22
Кузнецов Дмитрий Михайлович,рядовой,8,40
Попов Степан Ильич,прапорщик,12,58
Борисов Алексей Алексеевич,прапорщик,9,56
Иванов Сергей Александрович,сержант,7,47
Яковлев Александр Павлович,прапорщик,12,35
Михайлов Сергей Дмитриевич,лейтенант,5,43
Соловьёв Егор Олегович,полковник,2,42
Степанов Иван Иванович,рядовой,12,49
Егоров Михаил Романович,сержант,11,20
Михайлов Матвей Романович,прапорщик,3,18
Алексеев Кирилл Никитич,капитан,8,57
Орлов Кирилл Иванович,капитан,8,59
Смирнов Артём Максимович,сержант,3,46
Петров Александр Сергеевич,полковник,5,24
Козлов Никита Олегович,полковник,11,23
Кузнецов Павел Сергеевич,капитан,2,50
Степанов Юрий Сергеевич,сержант,2,19
Кочергин Никита Викторович,сержант,1,53
Сидоров Константин Олегович,майор,4,28
Орлов Артём Михайлович,сержант,1,56
Новиков Илья Юрьевич,сержант,3,21
Сидоров Дмитрий Алексеевич,полковник,11,54
Орлов Александр Иванович,лейтенант,6,42
Семёнов Константин Иванович,рядовой,3,36
Захаров Илья Алексеевич,полковник,5,42
Макаров Алексей Романович,лейтенант,10,59
Николаев Дмитрий Олегович,лейтенант,9,49
Кочергин Андрей Ильич,майор,6,22
Попов Павел Дмитриевич,сержант,3,52
Михайлов Матвей Сергеевич,полковник,4,38
Соловьёв Константин Максимович,капитан,1,41
Орлов Михаил Кириллович,сержант,8,51
Петров Кирилл Павлович,капитан,9,23
Егоров Денис Иванович,лейтенант,2,39
Петров Артём Андреевич,прапорщик,3,22
Макаров Виктор Михайлович,прапорщик,9,19
Соловьёв Константин Никитич,майор,3,48
Иванов Михаил Кириллович,майор,10,56
Степанов Илья Максимович,прапорщик,8,60
Макаров Степан Александрович,прапорщик,11,48
Андреев Юрий Романович,майор,9,27
Михайлов Олег Юрьевич,прапорщик,12,54
Макаров Дмитрий Романович,сержант,6,19
Новиков Михаил Ильич,лейтенант,5,54
Смирнов Дмитрий Олегович,полковник,7,21
Иванов Иван Дмитриевич,майор,2,40
Петров Егор Александрович,прапорщик,9,34
Кочергин Никита Алексеевич,майор,5,20
Орлов Павел Ильич,лейтенант,12,32
Егоров Юрий Олегович,рядовой,9,53
Попов Дмитрий Кириллович,капитан,2,38
Семёнов Иван Ильич,полковник,8,48
Козлов Михаил Викторович,капитан,4,34
Егоров Сергей Дмитриевич,лейтенант,8,38
Попов Михаил Андреевич,майор,11,51
Яковлев Илья Ильич,полковник,3,53
Смирнов Никита Андреевич,майор,5,23
Макаров Максим Романович,сержант,6,20
Борисов Павел Дмитриевич,полковник,11,23
Кузнецов Виктор Михайлович,лейтенант,12,19
Алексеев Алексей Михайлович,майор,10,52
Орлов Александр Иванович,капитан,6,29
Павлов Иван Романович,прапорщик,11,21
Андреев Кирилл Викторович,прапорщик,4,27
Сидоров Максим Михайлович,рядовой,3,60
Борисов Илья Олегович,полковник,9,22
Васильев Денис Викторович,прапорщик,6,25
Смирнов Иван Олегович,рядовой,3,57
Сидоров Матвей Ильич,капитан,1,23
Николаев Сергей Алексеевич,майор,6,59
Алексеев Денис Александрович,рядовой,2,50
Павлов Матвей Алексеевич,сержант,7,20
Захаров Роман Ильич,майор,5,22
Зайцев Никита Павлович,полковник,9,48
Соловьёв Виктор Павлович,рядовой,4,49
Петров Егор Иванович,полковник,8,53
Фёдоров Степан Олегович,полковник,10,58
Новиков Александр Максимович,майор,9,43
Макаров Константин Ильич,сержант,2,41
Орлов Юрий Максимович,сержант,6,43
Морозов Андрей Андреевич,сержант,4,50
Михайлов Артём Никитич,рядовой,10,49
Кузнецов Матвей Алексеевич,прапорщик,2,51
Михайлов Михаил Романович,полковник,9,49
Соколов Евгений Алексеевич,майор,10,52
Захаров Матвей Михайлович,рядовой,12,41
Алексеев Степан Александрович,майор,11,21
Смирнов Павел Михайлович,капитан,4,33
Васильев Кирилл Алексеевич,сержант,12,43
Васильев Степан Романович,майор,8,35
Захаров Александр Романович,полковник,11,37
Соколов Кирилл Дмитриевич,майор,8,21
Егоров Юрий Никитич,сержант,12,58
Алексеев Максим Максимович,лейтенант,2,59
Степанов Денис Михайлович,рядовой,12,48
Козлов Сергей Сергеевич,капитан,9,38
Козлов Павел Юрьевич,лейтенант,12,44
Михайлов Роман Алексеевич,сержант,5,43
Захаров Егор Максимович,рядовой,12,28
Васильев Матвей Алексеевич,сержант,4,26
Васильев Иван Михайлович,капитан,3,31
Иванов Никита Викторович,сержант,12,28
Никитин Юрий Юрьевич,рядовой,11,42
Лебедев Андрей Ильич,капитан,9,33
Петров Сергей Андреевич,сержант,2,45
Алексеев Денис Олегович,рядовой,9,25
Макаров Иван Иванович,майор,4,49
Зайцев Виктор Никитич,капитан,10,30
Фёдоров Денис Михайлович,майор,2,57
Петров Егор Сергеевич,капитан,10,19
Николаев Кирилл Михайлович,капитан,4,48
Кузнецов Никита Сергеевич,капитан,9,53
Сидоров Александр Максимович,прапорщик,6,31
Алексеев Юрий Павлович,майор,9,33
Орлов Иван Романович,капитан,4,37
Соколов Юрий Александрович,капитан,7,45
Захаров Денис Юрьевич,прапорщик,2,24
Новиков Денис Ильич,полковник,8,28
Николаев Алексей Юрьевич,майор,10,32
Морозов Денис Александрович,майор,4,24
Алексеев Виктор Ильич,рядовой,4,41
Морозов Никита Романович,майор,9,31
Соловьёв Кирилл Юрьевич,капитан,6,35
Зайцев Виктор Сергеевич,майор,12,43
Семёнов Александр Дмитриевич,сержант,6,36
Лебедев Илья Александрович,майор,6,45
Захаров Кирилл Кириллович,капитан,8,58
Никитин Алексей Сергеевич,полковник,11,57
Фёдоров Степан Максимович,капитан,7,48
Сидоров Илья Павлович,майор,5,45
Соколов Александр Алексеевич,лейтенант,11,33
Кочергин Артём Никитич,сержант,2,53
Смирнов Павел Романович,прапорщик,1,19
Степанов Юрий Романович,рядовой,10,46
Соловьёв Павел Андреевич,полковник,4,46
Фёдоров Михаил Алексеевич,лейтенант,8,57
Соловьёв Павел Андреевич,сержант,5,59
Лебедев Виктор Ильич,лейтенант,8,42
Васильев Юрий Юрьевич,прапорщик,4,26
Зайцев Максим Павлович,рядовой,1,27
Иванов Павел Никитич,лейтенант,8,19
Кочергин Юрий Алексеевич,прапорщик,10,31
Козлов Павел Иванович,сержант,12,24
Лебедев Роман Андреевич,прапорщик,7,54
Кузнецов Дмитрий Иванович,рядовой,11,56
Степанов Константин Андреевич,майор,9,46
Орлов Денис Иванович,прапорщик,3,51
Иванов Степан Михайлович,майор,10,37
Иванов Роман Александрович,полковник,1,28
Макаров Роман Викторович,полковник,1,42
Захаров Виктор Андреевич,лейтенант,11,24
Семёнов Никита Дмитриевич,майор,10,24
Павлов Роман Дмитриевич,полковник,1,37
Семёнов Кирилл Ильич,капитан,10,46
Иванов Александр Павлович,прапорщик,5,18
Никитин Максим Андреевич,капитан,12,25
Кочергин Артём Александрович,полковник,9,41
Морозов Андрей Романович,сержант,1,60
Лебедев Михаил Михайлович,рядовой,12,29
Алексеев Кирилл Ильич,сержант,2,25
Андреев Михаил Андреевич,полковник,7,24
Петров Евгений Никитич,рядовой,1,59
Соколов Роман Юрьевич,лейтенант,2,44
Захаров Олег Ильич,капитан,2,49
Никитин Никита Андреевич,капитан,3,55
Андреев Роман Кириллович,сержант,3,36
Сидоров Денис Андреевич,сержант,6,36
Степанов Виктор Олегович,сержант,3,44
Кузнецов Сергей Алексеевич,капитан,11,27
Петров Денис Кириллович,полковник,4,18
Сидоров Павел Павлович,майор,2,23
Лебедев Евгений Юрьевич,капитан,4,57
Степанов Евгений Никитич,сержант,5,48
Попов Михаил Павлович,рядовой,12,30
Новиков Кирилл Максимович,полковник,6,60
Захаров Константин Михайлович,прапорщик,2,59
Яковлев Михаил Ильич,полковник,4,19
Павлов Артём Михайлович,лейтенант,11,35
Кузнецов Виктор Олегович,сержант,12,18
Сидоров Артём Кириллович,прапорщик,1,36
Сидоров Павел Ильич,майор,4,35
Николаев Виктор Юрьевич,прапорщик,5,39
Соколов Дмитрий Викторович,майор,3,21
Зайцев Денис Сергеевич,рядовой,2,23
Соколов Никита Павлович,майор,9,41
Сидоров Виктор Андреевич,капитан,6,28
Макаров Артём Александрович,майор,8,46
Фёдоров Константин Ильич,рядовой,5,40
Никитин Виктор Андреевич,полковник,4,47
Степанов Егор Алексеевич,прапорщик,5,50
Павлов Алексей Сергеевич,майор,8,22
Николаев Сергей Дмитриевич,рядовой,3,20
Николаев Егор Максимович,капитан,1,44
Новиков Сергей Дмитриевич,рядовой,12,37
Семёнов Алексей Максимович,рядовой,11,41
Иванов Кирилл Андреевич,капитан,7,18
Лебедев Юрий Олегович,прапорщик,12,45
Попов Кирилл Дмитриевич,рядовой,11,23
Морозов Михаил Кириллович,капитан,11,23
Егоров Павел Андреевич,полковник,7,40
Семёнов Кирилл Иванович,прапорщик,8,47
Борисов Денис Максимович,рядовой,3,20
Андреев Константин Иванович,рядовой,4,39
Фёдоров Артём Викторович,рядовой,8,28
Кочергин Михаил Андреевич,сержант,8,24
Степанов Егор Максимович,рядовой,1,39
Яковлев Роман Андреевич,рядовой,8,45
Егоров Егор Алексеевич,майор,5,38
Иванов Дмитрий Никитич,полковник,4,58
Попов Артём Олегович,капитан,6,59
Васильев Александр Кириллович,прапорщик,9,59
Соколов Сергей Александрович,лейтенант,9,38
Новиков Михаил Александрович,сержант,12,21
Захаров Роман Кириллович,сержант,2,49
Лебедев Дмитрий Дмитриевич,капитан,5,49
Морозов Илья Дмитриевич,полковник,11,36
Соколов Михаил Сергеевич,капитан,3,23
Сидоров Артём Юрьевич,лейтенант,11,35
Иванов Кирилл Викторович,лейтенант,11,48
Алексеев Константин Андреевич,полковник,7,56
Сидоров Денис Ильич,майор,12,56
Егоров Илья Романович,прапорщик,12,48
Попов Сергей Иванович,прапорщик,5,51
Соколов Иван Иванович,майор,8,19
Попов Михаил Никитич,полковник,2,42
Степанов Андрей Ильич,рядовой,5,18
Алексеев Степан Кириллович,прапорщик,8,49
Егоров Виктор Алексеевич,лейтенант,3,57
Попов Сергей Олегович,майор,12,18
Алексеев Виктор Викторович,сержант,6,44
Кузнецов Роман Юрьевич,рядовой,1,42
Яковлев Павел Иванович,капитан,9,31
Новиков Михаил Андреевич,капитан,12,53
Соколов Кирилл Иванович,сержант,8,19
Соколов Роман Александрович,полковник,8,48
Никитин Илья Ильич,рядовой,7,48
Сидоров Павел Дмитриевич,прапорщик,7,59
Яковлев Евгений Ильич,полковник,10,58
Козлов Олег Сергеевич,сержант,9,36
Алексеев Степан Олегович,лейтенант,3,36
Иванов Никита Алексеевич,капитан,3,52
Михайлов Иван Кириллович,сержант,5,56
Алексеев Александр Дмитриевич,прапорщик,1,30
Соловьёв Илья Никитич,сержант,1,31
Орлов Олег Дмитриевич,полковник,2,59
Яковлев Виктор Викторович,прапорщик,8,33
Зайцев Евгений Никитич,полковник,10,23
Васильев Илья Михайлович,майор,12,54
Новиков Виктор Юрьевич,рядовой,6,38
Козлов Артём Максимович,полковник,12,40
Соколов Матвей Александрович,лейтенант,11,36
Васильев Максим Викторович,сержант,6,23
Новиков Юрий Павлович,майор,5,49
Михайлов Виктор Ильич,рядовой,4,40
Яковлев Никита Павлович,капитан,8,24
Макаров Виктор Павлович,прапорщик,2,60
Павлов Олег Викторович,прапорщик,8,37
Новиков Иван Никитич,майор,3,21
Морозов Константин Иванович,прапорщик,2,59
Кузнецов Юрий Павлович,сержант,10,45
Михайлов Артём Иванович,сержант,7,36
Михайлов Михаил Михайлович,капитан,5,38
Орлов Степан Александрович,майор,6,35
Лебедев Александр Ильич,прапорщик,12,18
Захаров Степан Иванович,лейтенант,6,40
Андреев Александр Павлович,полковник,8,45
Андреев Никита Романович,майор,7,21
Соловьёв Константин Романович,полковник,2,58
Никитин Михаил Олегович,сержант,6,24
Козлов Сергей Романович,лейтенант,10,35
Лебедев Артём Никитич,рядовой,4,45
Новиков Олег Никитич,прапорщик,11,56
Морозов Иван Олегович,майор,9,42
Орлов Илья Андреевич,полковник,1,35
Семёнов Иван Андреевич,лейтенант,4,44
Соколов Александр Кириллович,лейтенант,1,31
Яковлев Сергей Алексеевич,лейтенант,12,58
Николаев Никита Иванович,лейтенант,10,60
Степанов Андрей Олегович,рядовой,4,40
Орлов Андрей Юрьевич,капитан,5,22
Егоров Константин Андреевич,сержант,5,31
Петров Никита Максимович,майор,12,23
Николаев Павел Дмитриевич,прапорщик,7,43
Алексеев Павел Ильич,капитан,4,18
Орлов Максим Алексеевич,капитан,1,42
Никитин Никита Павлович,лейтенант,2,52
Кузнецов Сергей Александрович,рядовой,11,46
Соколов Артём Павлович,майор,1,50
Васильев Денис Олегович,лейтенант,9,24
Макаров Константин Алексеевич,майор,11,27
Петров Андрей Олегович,полковник,4,45
Иванов Виктор Андреевич,капитан,9,20
Соколов Матвей Викторович,полковник,9,29
Степанов Павел Викторович,капитан,7,23
Попов Сергей Павлович,майор,2,51
Михайлов Константин Андреевич,полковник,3,58
Яковлев Олег Дмитриевич,майор,10,60
Макаров Никита Ильич,майор,6,37
Макаров Павел Алексеевич,капитан,9,58
Зайцев Сергей Олегович,рядовой,6,28
Степанов Максим Андреевич,майор,3,44
Васильев Александр Дмитриевич,лейтенант,9,31
Сидоров Павел Олегович,прапорщик,6,25
Макаров Виктор Олегович,лейтенант,6,23
Семёнов Константин Андреевич,капитан,1,36
Павлов Степан Олегович,прапорщик,3,23
Семёнов Никита Кириллович,рядовой,7,60
Иванов Иван Дмитриевич,полковник,2,29
Алексеев Роман Максимович,лейтенант,11,33
Яковлев Олег Викторович,лейтенант,7,41
Михайлов Степан Александрович,сержант,8,24
Павлов Андрей Романович,прапорщик,11,36
Егоров Андрей Иванович,майор,1,36
Павлов Виктор Никитич,полковник,7,37
Попов Роман Алексеевич,майор,9,32
Никитин Константин Дмитриевич,майор,9,58
Кузнецов Максим Иванович,полковник,10,59
Яковлев Денис Юрьевич,сержант,5,25
Соловьёв Артём Романович,майор,10,39
Борисов Роман Павлович,рядовой,10,35
Михайлов Денис Павлович,капитан,10,38
Андреев Александр Дмитриевич,майор,5,51
Борисов Никита Олегович,майор,1,57
Николаев Константин Олегович,полковник,7,39
Петров Сергей Александрович,сержант,5,46
Степанов Юрий Ильич,рядовой,12,53
Николаев Константин Павлович,прапорщик,2,50
Михайлов Иван Романович,сержант,4,25
Орлов Константин Александрович,майор,6,52
Семёнов Артём Викторович,капитан,3,34
Морозов Матвей Кириллович,капитан,6,28
Новиков Матвей Сергеевич,прапорщик,9,53
Васильев Матвей Романович,сержант,9,31
Михайлов Максим Викторович,сержант,12,21
Сидоров Михаил Алексеевич,сержант,11,19
Васильев Илья Максимович,сержант,9,26
Сидоров Степан Алексеевич,рядовой,11,52
Андреев Матвей Никитич,прапорщик,7,19
Орлов Степан Кириллович,полковник,2,53
Степанов Артём Павлович,прапорщик,3,25
Андреев Илья Олегович,прапорщик,2,59
Захаров Артём Александрович,полковник,4,57
Зайцев Евгений Сергеевич,рядовой,7,24
Зайцев Олег Иванович,майор,5,47
Кочергин Константин Максимович,лейтенант,6,18
Новиков Денис Михайлович,полковник,7,24
Кузнецов Евгений Дмитриевич,сержант,8,51
Алексеев Дмитрий Олегович,майор,2,43
Соловьёв Кирилл Иванович,прапорщик,12,54
Соколов Олег Михайлович,прапорщик,4,19
Сидоров Константин Юрьевич,прапорщик,3,33
Фёдоров Артём Юрьевич,лейтенант,6,42
Зайцев Евгений Кириллович,капитан,4,24
Кочергин Павел Романович,майор,1,56
Новиков Никита Дмитриевич,полковник,9,19
Орлов Кирилл Олегович,сержант,12,41
Яковлев Константин Максимович,рядовой,5,23
Иванов Максим Викторович,сержант,2,53
Попов Евгений Михайлович,майор,8,57
Попов Андрей Никитич,полковник,11,24
Попов Олег Михайлович,полковник,12,39
Кузнецов Роман Сергеевич,капитан,4,21
Зайцев Олег Сергеевич,рядовой,5,53
Смирнов Константин Михайлович,прапорщик,2,24
Алексеев Степан Кириллович,капитан,12,57
Николаев Юрий Никитич,майор,9,40
Иванов Андрей Максимович,сержант,11,54
Борисов Иван Юрьевич,полковник,6,52
Кузнецов Евгений Михайлович,рядовой,9,54
Козлов Андрей Михайлович,рядовой,6,55
Лебедев Денис Максимович,сержант,3,49
Орлов Кирилл Юрьевич,капитан,3,21
Яковлев Дмитрий Викторович,прапорщик,8,20
Иванов Егор Алексеевич,майор,4,41
Петров Алексей Олегович,капитан,8,31
Орлов Максим Максимович,сержант,2,48
Никитин Алексей Андреевич,майор,8,23
Яковлев Денис Дмитриевич,прапорщик,10,30
Сидоров Дмитрий Алексеевич,рядовой,4,60
Соловьёв Денис Олегович,майор,1,21
Андреев Иван Олегович,сержант,11,59
Михайлов Иван Кириллович,рядовой,12,52
Захаров Константин Никитич,рядовой,5,41
Морозов Евгений Павлович,полковник,3,19
Соколов Максим Алексеевич,полковник,10,22
Кузнецов Артём Романович,капитан,6,21
Кузнецов Алексей Олегович,капитан,1,41
Лебедев Олег Александрович,капитан,7,48
Морозов Кирилл Викторович,лейтенант,7,31
Кочергин Иван Иванович,прапорщик,11,37
Иванов Павел Сергеевич,рядовой,4,48
Павлов Матвей Иванович,рядовой,11,32
Лебедев Юрий Дмитриевич,капитан,6,22
Макаров Матвей Романович,рядовой,1,23
Морозов Матвей Юрьевич,полковник,6,36
Кочергин Михаил Алексеевич,капитан,2,53
Макаров Павел Александрович,рядовой,4,41
Захаров Юрий Юрьевич,майор,9,54
Попов Андрей Юрьевич,прапорщик,4,40
Орлов Константин Павлович,сержант,11,52
Павлов Александр Юрьевич,майор,12,46
Фёдоров Илья Никитич,рядовой,7,37
Морозов Андрей Ильич,прапорщик,10,36
Яковлев Виктор Иванович,прапорщик,3,54
Степанов Максим Кириллович,капитан,3,27
Фёдоров Олег Ильич,полковник,11,30
Борисов Никита Сергеевич,майор,2,60
Егоров Никита Ильич,майор,10,56
Яковлев Иван Ильич,капитан,3,51
Степанов Олег Максимович,сержант,11,39
Орлов Александр Сергеевич,прапорщик,11,31
Морозов Степан Ильич,сержант,7,58
Макаров Олег Андреевич,лейтенант,10,50
Кузнецов Александр Никитич,прапорщик,8,55
Сидоров Алексей Ильич,лейтенант,12,59
Лебедев Иван Александрович,рядовой,11,54
Лебедев Денис Андреевич,сержант,5,21
Зайцев Илья Михайлович,майор,7,22
Козлов Александр Олегович,капитан,12,18
Кочергин Алексей Александрович,лейтенант,10,50
Морозов Сергей Павлович,прапорщик,5,59
Соколов Павел Михайлович,сержант,3,21
Васильев Артём Ильич,майор,4,22
Павлов Сергей Олегович,капитан,5,21
Соколов Илья Александрович,лейтенант,2,31
Егоров Никита Иванович,капитан,8,26
Михайлов Илья Сергеевич,сержант,7,43
Сидоров Егор Олегович,прапорщик,8,35
Попов Артём Максимович,рядовой,1,48
Васильев Юрий Алексеевич,лейтенант,10,22
Павлов Павел Сергеевич,лейтенант,3,25
Новиков Максим Павлович,полковник,7,28
Соколов Виктор Павлович,капитан,2,34
Попов Кирилл Андреевич,полковник,8,18
Егоров Дмитрий Максимович,майор,12,54
Семёнов Юрий Романович,прапорщик,6,49
Новиков Юрий Иванович,рядовой,1,24
Николаев Илья Александрович,лейтенант,2,43
Николаев Денис Павлович,полковник,10,32
Смирнов Дмитрий Никитич,полковник,9,50
Орлов Никита Андреевич,майор,1,59
Лебедев Сергей Кириллович,сержант,10,59
Семёнов Алексей Кириллович,капитан,11,59
Смирнов Олег Сергеевич,сержант,1,56
Алексеев Дмитрий Павлович,капитан,5,31
Соколов Кирилл Романович,капитан,6,40
Борисов Никита Дмитриевич,майор,1,24
Орлов Дмитрий Андреевич,капитан,4,42
Иванов Дмитрий Максимович,лейтенант,10,21
Фёдоров Виктор Кириллович,прапорщик,6,28
Фёдоров Артём Павлович,майор,6,44
Смирнов Павел Иванович,рядовой,9,39
Петров Артём Романович,майор,6,35
Кочергин Сергей Сергеевич,капитан,1,30
Кочергин Максим Ильич,капитан,5,55
Петров Егор Юрьевич,рядовой,10,49
Фёдоров Олег Дмитриевич,капитан,11,23
Новиков Павел Павлович,рядовой,10,54
Зайцев Степан Максимович,капитан,8,38
Егоров Артём Михайлович,прапорщик,1,47
Морозов Матвей Ильич,полковник,11,49
Яковлев Александр Максимович,рядовой,4,29
Борисов Евгений Дмитриевич,лейтенант,6,35
Кочергин Никита Сергеевич,полковник,11,50
Семёнов Александр Павлович,прапорщик,10,37
Лебедев Павел Сергеевич,прапорщик,8,40
Павлов Дмитрий Дмитриевич,лейтенант,11,34
Сидоров Илья Никитич,полковник,8,28
Николаев Максим Никитич,майор,3,21
Попов Сергей Максимович,рядовой,1,33
Фёдоров Павел Сергеевич,сержант,1,22
Сидоров Юрий Иванович,сержант,10,38
Зайцев Кирилл Максимович,майор,9,33
Степанов Михаил Иванович,рядовой,2,28
Захаров Павел Ильич,капитан,9,34
Яковлев Илья Алексеевич,полковник,8,47
Козлов Артём Михайлович,лейтенант,12,34
Соловьёв Павел Олегович,капитан,6,27
Зайцев Роман Максимович,прапорщик,4,28
Николаев Егор Александрович,сержант,3,26
Егоров Андрей Михайлович,сержант,11,35
Андреев Алексей Викторович,прапорщик,6,46
Михайлов Сергей Ильич,майор,3,47
Смирнов Олег Викторович,рядовой,9,46
Иванов Евгений Романович,майор,4,56
Захаров Степан Максимович,лейтенант,6,42
Егоров Дмитрий Кириллович,полковник,4,25
Смирнов Алексей Алексеевич,капитан,7,56
Фёдоров Максим Юрьевич,лейтенант,7,41
Никитин Виктор Никитич,майор,8,47
Смирнов Виктор Иванович,сержант,8,57
