fullName,rank,companyNumber,age
Борисов Кирилл Иванович,прапорщик,5,54
Андреев Юрий Александрович,сержант,9,42
Васильев Илья Александрович,полковник,4,32
Орлов Михаил Дмитриевич,майор,10,39
Сидоров Степан Михайлович,рядовой,4,33
Кочергин Денис Андреевич,прапорщик,2,39
Петров Матвей Михайлович,капитан,4,53
Кочергин Артём Иванович,прапорщик,5,22
Михайлов Максим Викторович,майор,1,27
Соловьёв Кирилл Андреевич,прапорщик,3,33
Васильев Максим Ильич,сержант,8,20
Борисов Роман Иванович,майор,3,58
Никитин Михаил Романович,майор,12,49
Зайцев Артём Дмитриевич,лейтенант,10,51
Степанов Иван Сергеевич,полковник,11,43
Зайцев Константин Олегович,майор,11,29
Орлов Олег Сергеевич,полковник,4,21
Алексеев Роман Никитич,полковник,11,24
Смирнов Никита Максимович,сержант,11,60
Васильев Иван Иванович,рядовой,5,24
Алексеев Олег Олегович,рядовой,9,19
Лебедев Сергей Сергеевич,полковник,3,18
Лебедев Андрей Сергеевич,полковник,8,24
Сидоров Матвей Сергеевич,майор,10,53
Николаев Павел Дмитриевич,полковник,10,30
Фёдоров Матвей Андреевич,полковник,8,48
Сидоров Юрий Андреевич,сержант,3,35
Павлов Александр Иванович,рядовой,8,43
Яковлев Андрей Олегович,рядовой,1,30
Сидоров Константин Павлович,лейтенант,2,41
Фёдоров Виктор Алексеевич,капитан,3,20
Борисов Илья Кириллович,сержант,8,26
Сидоров Илья Викторович,лейтенант,9,24
Кочергин Евгений Сергеевич,рядовой,1,23
Фёдоров Виктор Викторович,прапорщик,9,31
Сидоров Илья Александрович,рядовой,3,24
Соловьёв Денис Сергеевич,майор,7,21
Орлов Михаил Павлович,прапорщик,3,27
Захаров Юрий Романович,полковник,10,22
Алексеев Константин Иванович,майор,4,50
Кузнецов Денис Максимович,майор,9,28
Михайлов Максим Дмитриевич,рядовой,3,48
Кузнецов Матвей Олегович,полковник,2,37
Павлов Степан Иванович,майор,10,45
Макаров Егор Максимович,лейтенант,2,20
Новиков Константин Иванович,прапорщик,2,59
Васильев Максим Юрьевич,капитан,9,52
Соловьёв Дмитрий Александрович,майор,3,39
Новиков Дмитрий Сергеевич,капитан,5,39
Михайлов Александр Иванович,сержант,1,53
Семёнов Матвей Олегович,рядовой,6,24
Борисов Матвей Павлович,капитан,12,25
Яковлев Евгений Андреевич,капитан,2,41
Сидоров Михаил Юрьевич,майор,8,34
Павлов Константин Юрьевич,лейтенант,8,56
Фёдоров Александр Ильич,майор,5,20
Алексеев Александр Кириллович,прапорщик,7,20
Борисов Артём Максимович,майор,2,53
Соловьёв Степан Иванович,майор,12,31
Новиков Олег Викторович,полковник,1,50
Николаев Егор Сергеевич,майор,2,41
Смирнов Никита Романович,прапорщик,7,45
Попов Егор Кириллович,полковник,7,25
Новиков Матвей Юрьевич,рядовой,10,43
Козлов Юрий Кириллович,рядовой,6,28
Кочергин Кирилл Олегович,сержант,3,49
Павлов Матвей Олегович,лейтенант,4,35
Борисов Максим Олегович,полковник,2,22
Захаров Дмитрий Иванович,лейтенант,3,30
Морозов Юрий Дмитриевич,прапорщик,9,58
Николаев Артём Михайлович,прапорщик,7,55
Никитин Евгений Максимович,майор,4,24
Новиков Егор Максимович,сержант,9,50
Зайцев Олег Олегович,лейтенант,3,25
Новиков Никита Ильич,сержант,10,60
Козлов Юрий Дмитриевич,рядовой,11,56
Смирнов Денис Михайлович,капитан,8,58
Соколов Андрей Алексеевич,майор,3,43
Лебедев Евгений Павлович,капитан,3,49
Морозов Денис Ильич,капитан,6,54
Смирнов Алексей Александрович,полковник,7,28
Козлов Дмитрий Олегович,сержант,9,39
Семёнов Кирилл Викторович,рядовой,5,49
Кузнецов Андрей Максимович,прапорщик,6,26
Яковлев Юрий Сергеевич,сержант,11,18
Михайлов Никита Никитич,рядовой,5,31
Васильев Юрий Михайлович,сержант,6,48
Алексеев Максим Романович,рядовой,11,35
Сидоров Матвей Дмитриевич,полковник,10,27
Кузнецов Виктор Сергеевич,капитан,5,56
Попов Виктор Алексеевич,капитан,4,28
Зайцев Иван Иванович,майор,11,35
Михайлов Никита Олегович,рядовой,10,36
Фёдоров Матвей Павлович,майор,6,45
Соловьёв Кирилл Олегович,прапорщик,11,35
Лебедев Виктор Максимович,прапорщик,5,31
Кузнецов Максим Иванович,сержант,4,60
Алексеев Максим Максимович,прапорщик,5,44
Андреев Степан Никитич,сержант,9,32
Зайцев Денис Дмитриевич,полковник,2,50
Попов Илья Ильич,лейтенант,10,55
Кузнецов Денис Иванович,рядовой,10,56
Лебедев Сергей Викторович,полковник,10,40
Захаров Артём Максимович,капитан,6,22
Соколов Денис Андреевич,капитан,4,41
Макаров Степан Иванович,лейтенант,5,32
Михайлов Олег Кириллович,рядовой,10,22
Орлов Максим Сергеевич,капитан,4,41
Петров Андрей Кириллович,майор,4,40
Иванов Михаил Дмитриевич,сержант,4,48
Соловьёв Егор Кириллович,капитан,9,37
Яковлев Иван Михайлович,полковник,8,35
Семёнов Кирилл Кириллович,майор,7,48
Орлов Сергей Юрьевич,рядовой,4,54
Зайцев Роман Юрьевич,майор,5,30
Семёнов Степан Олегович,майор,9,33
Павлов Максим Дмитриевич,прапорщик,2,31
Кузнецов Павел Дмитриевич,майор,8,44
Попов Андрей Александрович,лейтенант,9,29
Егоров Денис Павлович,майор,9,42
Андреев Андрей Михайлович,сержант,7,36
Яковлев Максим Дмитриевич,капитан,5,38
Лебедев Степан Сергеевич,лейтенант,9,21
Макаров Юрий Кириллович,прапорщик,12,42
Семёнов Максим Олегович,капитан,12,19
Макаров Павел Олегович,майор,4,35
Макаров Матвей Романович,сержант,7,35
Захаров Кирилл Дмитриевич,сержант,1,24
Иванов Александр Никитич,лейтенант,2,50
Егоров Иван Романович,прапорщик,12,58
Соловьёв Виктор Павлович,лейтенант,5,31
Петров Илья Андреевич,рядовой,6,58
Орлов Александр Иванович,капитан,8,53
Андреев Виктор Иванович,полковник,3,42
Андреев Артём Кириллович,прапорщик,12,41
Борисов Евгений Дмитриевич,лейтенант,4,26
Семёнов Виктор Иванович,рядовой,3,40
Морозов Сергей Дмитриевич,лейтенант,4,48
Лебедев Павел Иванович,прапорщик,4,45
Андреев Евгений Иванович,сержант,9,55
Андреев Александр Иванович,прапорщик,7,20
Новиков Евгений Иванович,рядовой,4,42
Козлов Артём Александрович,сержант,11,60
Сидоров Олег Максимович,полковник,7,36
Никитин Дмитрий Никитич,лейтенант,3,28
Андреев Юрий Дмитриевич,майор,8,47
Морозов Денис Михайлович,полковник,2,49
Павлов Сергей Никитич,майор,3,26
Макаров Дмитрий Александрович,майор,6,37
Кузнецов Евгений Кириллович,сержант,3,35
Яковлев Михаил Павлович,полковник,3,59
Попов Евгений Ильич,лейтенант,3,56
Борисов Андрей Никитич,лейтенант,2,30
Козлов Матвей Андреевич,рядовой,11,54
Орлов Иван Викторович,прапорщик,8,56
Морозов Павел Павлович,полковник,7,34
Фёдоров Максим Юрьевич,рядовой,6,25
Макаров Андрей Михайлович,прапорщик,8,40
Семёнов Денис Кириллович,сержант,1,59
Соловьёв Сергей Юрьевич,полковник,11,46
Петров Илья Сергеевич,полковник,7,58
Алексеев Иван Алексеевич,лейтенант,4,37
Макаров Егор Павлович,лейтенант,4,38
Морозов Артём Иванович,прапорщик,6,58
Алексеев Алексей Максимович,прапорщик,6,24
Васильев Никита Викторович,полковник,2,38
Кочергин Степан Ильич,сержант,3,33
Сидоров Кирилл Дмитриевич,капитан,7,44
Соколов Иван Юрьевич,сержант,11,42
Смирнов Иван Викторович,майор,11,54
Семёнов Иван Александрович,сержант,12,19
Козлов Роман Никитич,лейтенант,6,56
Морозов Дмитрий Ильич,капитан,6,59
Попов Юрий Александрович,полковник,6,33
Михайлов Иван Андреевич,прапорщик,7,59
Иванов Максим Кириллович,лейтенант,11,33
Смирнов Кирилл Викторович,полковник,6,55
Никитин Артём Дмитриевич,полковник,10,49
Захаров Артём Юрьевич,лейтенант,8,23
Яковлев Егор Дмитриевич,лейтенант,7,19
Новиков Дмитрий Максимович,лейтенант,12,59
Новиков Степан Дмитриевич,прапорщик,2,34
Новиков Денис Романович,майор,3,55
Фёдоров Илья Андреевич,сержант,10,56
Попов Егор Викторович,полковник,2,57
Козлов Сергей Максимович,майор,9,49
Попов Андрей Ильич,рядовой,2,47
Козлов Иван Дмитриевич,капитан,12,60
Новиков Сергей Никитич,прапорщик,7,37
Кочергин Артём Кириллович,сержант,2,55
Новиков Артём Павлович,капитан,3,59
Захаров Константин Ильич,сержант,8,48
Николаев Сергей Кириллович,сержант,3,29
Зайцев Дмитрий Олегович,капитан,11,55
Сидоров Степан Викторович,рядовой,5,39
Кочергин Павел Викторович,капитан,10,52
Козлов Сергей Викторович,прапорщик,1,58
Павлов Матвей Алексеевич,прапорщик,9,26
Макаров Матвей Михайлович,сержант,3,52
Зайцев Михаил Михайлович,полковник,5,53
Никитин Юрий Александрович,прапорщик,4,26
Борисов Юрий Иванович,рядовой,9,57
Новиков Денис Иванович,майор,7,23
Кузнецов Виктор Иванович,сержант,7,19
Попов Максим Максимович,рядовой,1,44
Борисов Евгений Максимович,прапорщик,4,37
Соловьёв Олег Олегович,прапорщик,2,57
Михайлов Кирилл Ильич,майор,10,49
Егоров Алексей Кириллович,сержант,6,21
Морозов Максим Иванович,полковник,10,46
Кузнецов Михаил Кириллович,майор,6,50
Орлов Евгений Андреевич,полковник,9,36
Новиков Юрий Андреевич,рядовой,4,40
Иванов Юрий Максимович,лейтенант,2,34
Семёнов Константин Юрьевич,полковник,4,22
Захаров Никита Викторович,рядовой,9,31
Павлов Матвей Романович,капитан,12,47
Иванов Кирилл Олегович,капитан,6,24
Степанов Егор Михайлович,майор,7,30
Егоров Артём Максимович,майор,11,33
Яковлев Константин Максимович,полковник,5,38
Павлов Евгений Никитич,капитан,9,45
Кочергин Иван Иванович,рядовой,3,34
Петров Роман Александрович,лейтенант,11,38
Михайлов Кирилл Викторович,сержант,4,34
Борисов Андрей Олегович,полковник,4,33
Новиков Андрей Романович,рядовой,6,24
Новиков Денис Максимович,майор,11,26
Орлов Павел Юрьевич,капитан,8,52
Егоров Алексей Юрьевич,лейтенант,2,26
Алексеев Александр Дмитриевич,майор,8,21
Павлов Иван Кириллович,прапорщик,11,40
Зайцев Павел Алексеевич,капитан,6,35
Сидоров Константин Максимович,лейтенант,9,34
Алексеев Артём Максимович,майор,6,32
Макаров Олег Никитич,майор,11,22
Захаров Павел Никитич,рядовой,7,49
Егоров Константин Дмитриевич,полковник,10,19
Соловьёв Максим Александрович,майор,3,55
Борисов Михаил Михайлович,рядовой,12,58
Макаров Юрий Павлович,капитан,7,36
Морозов Сергей Михайлович,лейтенант,7,35
Егоров Виктор Алексеевич,капитан,10,54
Захаров Степан Максимович,рядовой,7,41
Фёдоров Михаил Викторович,капитан,3,33
Макаров Степан Никитич,сержант,12,39
Захаров Михаил Ильич,рядовой,7,43
Козлов Илья Андреевич,майор,12,36
Яковлев Кирилл Иванович,полковник,12,28
Лебедев Александр Викторович,полковник,4,43
Михайлов Юрий Михайлович,сержант,8,41
Орлов Степан Кириллович,полковник,12,46
Степанов Денис Юрьевич,сержант,11,37
Новиков Юрий Александрович,лейтенант,11,56
Смирнов Егор Михайлович,полковник,5,30
Кочергин Александр Иванович,майор,4,35
Соловьёв Павел Никитич,сержант,10,43
Зайцев Юрий Павлович,прапорщик,10,52
Соловьёв Никита Дмитриевич,полковник,3,20
Морозов Сергей Никитич,рядовой,10,21
Фёдоров Александр Никитич,майор,5,29
Сидоров Степан Михайлович,майор,10,36
Николаев Александр Ильич,майор,11,51
Зайцев Александр Сергеевич,рядовой,2,39
Козлов Иван Никитич,сержант,6,54
Сидоров Максим Александрович,лейтенант,12,54
Новиков Александр Кириллович,полковник,3,33
Николаев Виктор Дмитриевич,капитан,4,35
Захаров Виктор Кириллович,лейтенант,10,22
Кочергин Евгений Викторович,сержант,11,39
Орлов Константин Юрьевич,капитан,9,39
Морозов Алексей Сергеевич,полковник,11,24
Зайцев Матвей Андреевич,прапорщик,3,55
Кузнецов Юрий Михайлович,сержант,11,27
Иванов Матвей Александрович,сержант,9,57
Лебедев Дмитрий Романович,майор,9,18
Кочергин Денис Алексеевич,капитан,9,40
Соловьёв Артём Павлович,капитан,11,39
Новиков Олег Михайлович,капитан,12,21
Борисов Олег Иванович,капитан,1,40
Егоров Роман Павлович,полковник,4,50
Фёдоров Матвей Олегович,сержант,2,45
Попов Олег Кириллович,сержант,12,25
Козлов Дмитрий Кириллович,полковник,5,19
Лебедев Дмитрий Алексеевич,сержант,2,21
Михайлов Кирилл Михайлович,майор,4,31
Егоров Максим Кириллович,майор,4,48
Новиков Дмитрий Максимович,рядовой,6,23
Егоров Дмитрий Дмитриевич,полковник,5,32
Васильев Константин Дмитриевич,майор,6,31
Степанов Евгений Ильич,майор,7,31
Соколов Александр Павлович,лейтенант,1,42
Попов Матвей Юрьевич,капитан,9,43
Алексеев Матвей Алексеевич,майор,7,19
Борисов Юрий Кириллович,прапорщик,8,26
Макаров Олег Иванович,майор,5,45
Попов Иван Александрович,майор,11,31
Кузнецов Константин Сергеевич,лейтенант,4,60
Макаров Олег Олегович,капитан,7,37
Алексеев Никита Максимович,полковник,4,57
Николаев Иван Юрьевич,сержант,1,20
Козлов Артём Максимович,капитан,9,37
Макаров Евгений Иванович,прапорщик,4,52
Кочергин Максим Олегович,рядовой,3,34
Морозов Виктор Иванович,сержант,1,35
Козлов Андрей Олегович,сержант,11,24
Кузнецов Илья Павлович,прапорщик,2,48
Соловьёв Кирилл Кириллович,сержант,9,33
Новиков Евгений Михайлович,прапорщик,1,18
Кузнецов Юрий Викторович,майор,9,26
Орлов Кирилл Ильич,лейтенант,8,30
Соловьёв Сергей Викторович,майор,11,40
Петров Степан Иванович,сержант,9,51
Кочергин Матвей Андреевич,сержант,12,22
Смирнов Андрей Дмитриевич,прапорщик,12,36
Захаров Роман Максимович,полковник,11,59
Васильев Никита Викторович,капитан,9,37
Семёнов Матвей Олегович,капитан,3,46
Борисов Константин Никитич,сержант,6,37
Степанов Максим Максимович,полковник,4,19
Семёнов Виктор Сергеевич,майор,2,39
Попов Денис Романович,капитан,3,39
Кузнецов Матвей Викторович,прапорщик,9,29
Алексеев Роман Максимович,полковник,7,26
Попов Матвей Романович,прапорщик,6,39
Яковлев Роман Павлович,прапорщик,1,51
Кочергин Виктор Александрович,лейтенант,4,33
Смирнов Андрей Александрович,майор,10,50
Макаров Павел Александрович,лейтенант,2,57
Новиков Сергей Максимович,полковник,11,29
Борисов Максим Алексеевич,майор,5,59
Соловьёв Евгений Кириллович,капитан,9,56
Макаров Евгений Александрович,сержант,11,48
Макаров Константин Викторович,полковник,5,41
Смирнов Дмитрий Павлович,рядовой,4,21
Попов Юрий Павлович,майор,3,41
Егоров Артём Павлович,прапорщик,9,24
Зайцев Константин Александрович,лейтенант,12,36
Орлов Кирилл Александрович,рядовой,7,33
Иванов Дмитрий Алексеевич,капитан,5,31
Соловьёв Артём Андреевич,рядовой,10,44
Павлов Артём Ильич,прапорщик,7,44
Николаев Дмитрий Ильич,капитан,4,56
Михайлов Виктор Максимович,майор,6,50
Кузнецов Кирилл Викторович,прапорщик,12,47
Яковлев Михаил Иванович,капитан,5,53
Борисов Матвей Викторович,рядовой,1,21
Лебедев Сергей Олегович,лейтенант,4,25
Сидоров Иван Никитич,прапорщик,5,51
Орлов Иван Павлович,майор,11,40
Егоров Константин Дмитриевич,рядовой,12,25
Николаев Михаил Андреевич,рядовой,2,21
Алексеев Степан Сергеевич,прапорщик,2,22
Попов Евгений Михайлович,лейтенант,4,22
Соловьёв Егор Алексеевич,капитан,7,52
Макаров Егор Юрьевич,рядовой,11,36
Яковлев Степан Андреевич,полковник,10,43
Андреев Юрий Алексеевич,майор,4,37
Морозов Денис Олегович,сержант,3,53
Соколов Александр Ильич,прапорщик,6,27
Козлов Денис Андреевич,капитан,8,43
Павлов Юрий Сергеевич,капитан,4,27
Захаров Денис Юрьевич,сержант,11,46
Иванов Дмитрий Никитич,сержант,7,53
Михайлов Александр Олегович,прапорщик,2,29
Егоров Павел Михайлович,капитан,10,60
Яковлев Матвей Александрович,сержант,11,25
Фёдоров Павел Алексеевич,прапорщик,3,25
Макаров Максим Павлович,майор,8,41
Фёдоров Денис Алексеевич,прапорщик,11,40
Попов Кирилл Павлович,сержант,9,23
Яковлев Кирилл Алексеевич,лейтенант,3,43
Борисов Степан Алексеевич,полковник,10,18
Соловьёв Андрей Романович,полковник,3,32
Петров Егор Иванович,прапорщик,2,30
Семёнов Никита Викторович,капитан,2,37
Семёнов Алексей Викторович,капитан,1,33
Семёнов Сергей Кириллович,сержант,9,29
Николаев Максим Александрович,сержант,8,38
Макаров Олег Сергеевич,майор,7,37
Кочергин Илья Павлович,полковник,10,31
Фёдоров Илья Викторович,сержант,3,37
Соколов Денис Александрович,капитан,11,25
Семёнов Андрей Кириллович,капитан,5,24
Попов Юрий Кириллович,капитан,9,29
Яковлев Егор Павлович,капитан,4,59
Николаев Алексей Иванович,прапорщик,5,35
Смирнов Денис Дмитриевич,капитан,1,49
Михайлов Сергей Никитич,рядовой,7,33
Андреев Роман Иванович,майор,7,34
Смирнов Степан Никитич,майор,11,42
Фёдоров Егор Викторович,лейтенант,11,25
Васильев Андрей Александрович,сержант,1,52
Алексеев Павел Андреевич,рядовой,9,51
Фёдоров Павел Олегович,капитан,8,60
Борисов Степан Максимович,лейтенант,12,31
Соколов Егор Павлович,капитан,10,33
Кочергин Виктор Романович,прапорщик,11,37
Зайцев Михаил Кириллович,рядовой,9,23
Андреев Никита Юрьевич,лейтенант,3,49
Соловьёв Дмитрий Максимович,полковник,2,60
Семёнов Виктор Романович,рядовой,12,57
Сидоров Степан Дмитриевич,рядовой,6,44
Николаев Дмитрий Романович,полковник,3,51
Морозов Никита Алексеевич,полковник,2,45
Петров Иван Павлович,сержант,3,60
Козлов Роман Кириллович,сержант,12,44
Захаров Егор Алексеевич,сержант,9,55
Соловьёв Кирилл Романович,капитан,8,20
Егоров Олег Романович,майор,4,46
Сидоров Матвей Михайлович,сержант,8,45
Кочергин Павел Викторович,капитан,4,50
Петров Евгений Олегович,сержант,3,45
Петров Никита Сергеевич,лейтенант,5,51
Алексеев Виктор Юрьевич,рядовой,7,35
Борисов Олег Сергеевич,рядовой,11,60
Кочергин Михаил Никитич,майор,6,44
Попов Кирилл Кириллович,рядовой,5,34
Васильев Матвей Ильич,сержант,10,20
Лебедев Евгений Дмитриевич,рядовой,12,21
Захаров Никита Максимович,сержант,10,57
Новиков Алексей Кириллович,лейтенант,2,20
Егоров Юрий Алексеевич,прапорщик,10,56
Фёдоров Олег Юрьевич,прапорщик,11,37
Зайцев Виктор Кириллович,лейтенант,5,35
Смирнов Матвей Викторович,полковник,4,51
Борисов Павел Михайлович,капитан,2,23
Кочергин Максим Олегович,рядовой,3,40
Иванов Михаил Андреевич,полковник,11,23
Фёдоров Никита Иванович,сержант,5,56
Сидоров Сергей Ильич,полковник,6,48
Лебедев Юрий Кириллович,полковник,4,18
Орлов Константин Романович,сержант,7,53
Павлов Степан Дмитриевич,рядовой,10,20
Сидоров Константин Максимович,лейтенант,12,47
Смирнов Алексей Юрьевич,рядовой,6,53
Борисов Михаил Александрович,лейтенант,1,18
Яковлев Олег Романович,капитан,11,31
Васильев Илья Максимович,капитан,11,53
Кочергин Алексей Никитич,рядовой,9,42
Кузнецов Денис Максимович,прапорщик,2,21
Михайлов Виктор Никитич,майор,11,33
Смирнов Алексей Дмитриевич,капитан,12,18
Борисов Егор Алексеевич,майор,7,49
Егоров Евгений Никитич,капитан,5,31
Васильев Максим Олегович,прапорщик,1,35
Павлов Константин Никитич,майор,4,45
Сидоров Виктор Кириллович,полковник,4,54
Сидоров Никита Алексеевич,полковник,3,60
Иванов Матвей Иванович,рядовой,3,57
Новиков Виктор Ильич,майор,10,45
Борисов Михаил Александрович,сержант,12,60
Васильев Юрий Иванович,полковник,9,39
Макаров Юрий Олегович,сержант,7,55
Кузнецов Никита Ильич,прапорщик,5,45
Николаев Илья Алексеевич,майор,8,43
Кочергин Никита Сергеевич,лейтенант,6,54
Морозов Степан Михайлович,капитан,4,55
Козлов Матвей Александрович,лейтенант,1,59
Михайлов Евгений Ильич,сержант,5,23
Андреев Константин Никитич,капитан,5,23
Никитин Степан Александрович,майор,12,44
Соловьёв Александр Сергеевич,сержант,10,24
Сидоров Михаил Александрович,лейтенант,5,60
Захаров Егор Дмитриевич,майор,7,27
Петров Денис Сергеевич,сержант,3,54
Иванов Никита Ильич,рядовой,5,21
Егоров Алексей Андреевич,сержант,4,55
Яковлев Виктор Дмитриевич,прапорщик,5,49
Орлов Никита Михайлович,лейтенант,5,43
Новиков Иван Олегович,рядовой,10,38
Иванов Дмитрий Дмитриевич,капитан,7,39
Сидоров Максим Юрьевич,сержант,4,32
Сидоров Максим Викторович,рядовой,10,30
Соколов Михаил Дмитриевич,сержант,2,36
Михайлов Константин Сергеевич,полковник,9,27
Яковлев Иван Юрьевич,полковник,1,51
Михайлов Олег Михайлович,лейтенант,2,24
Попов Иван Михайлович,прапорщик,12,59
Соколов Кирилл Андреевич,капитан,10,33
Попов Павел Никитич,сержант,7,22
Алексеев Илья Максимович,рядовой,1,39
Васильев Илья Сергеевич,полковник,3,24
Орлов Виктор Дмитриевич,прапорщик,2,25
Соколов Юрий Романович,рядовой,3,47
Борисов Андрей Романович,майор,6,24
Петров Константин Кириллович,майор,6,31
Орлов Сергей Андреевич,рядовой,9,42
Михайлов Юрий Иванович,капитан,6,45
Яковлев Денис Олегович,лейтенант,6,27
Зайцев Дмитрий Кириллович,полковник,12,58
Павлов Степан Михайлович,лейтенант,6,26
Николаев Виктор Павлович,сержант,10,32
Петров Юрий Иванович,прапорщик,6,24
Попов Илья Андреевич,прапорщик,12,56
Сидоров Артём Сергеевич,рядовой,9,37
Козлов Степан Олегович,капитан,8,44
Николаев Кирилл Ильич,майор,9,43
Иванов Никита Викторович,полковник,10,34
Андреев Денис Ильич,полковник,9,56
Яковлев Павел Михайлович,сержант,4,33
Николаев Артём Андреевич,полковник,7,24
Соколов Сергей Алексеевич,прапорщик,1,50
Морозов Роман Ильич,капитан,10,36
Попов Сергей Никитич,майор,2,42
Степанов Юрий Юрьевич,сержант,4,47
Орлов Матвей Алексеевич,полковник,9,58
Козлов Иван Викторович,майор,6,20
Борисов Сергей Олегович,рядовой,10,21
Козлов Павел Романович,капитан,2,22
Козлов Виктор Павлович,сержант,4,25
Захаров Никита Максимович,рядовой,6,21
Семёнов Степан Александрович,прапорщик,2,41
Соловьёв Евгений Михайлович,майор,9,31
Соловьёв Кирилл Максимович,капитан,9,48
Фёдоров Степан Ильич,сержант,2,28
Никитин Константин Иванович,рядовой,12,45
Павлов Михаил Сергеевич,капитан,9,30
Васильев Артём Сергеевич,полковник,10,26
Семёнов Сергей Кириллович,лейтенант,6,27
Орлов Дмитрий Юрьевич,рядовой,7,54
Кочергин Иван Иванович,прапорщик,12,27
Павлов Максим Михайлович,майор,8,43
Кочергин Роман Максимович,лейтенант,2,60
Борисов Степан Алексеевич,сержант,2,43
Лебедев Денис Алексеевич,лейтенант,4,54
Борисов Александр Александрович,полковник,1,42
Фёдоров Сергей Кириллович,прапорщик,12,49
Андреев Алексей Кириллович,капитан,5,29
Новиков Юрий Алексеевич,рядовой,4,56
Соколов Матвей Кириллович,лейтенант,4,20
Попов Степан Викторович,полковник,5,25
Козлов Денис Романович,лейтенант,11,27
Иванов Константин Юрьевич,полковник,7,32
Смирнов Матвей Дмитриевич,полковник,11,22
Андреев Дмитрий Михайлович,майор,2,25
Степанов Виктор Дмитриевич,майор,4,54
Степанов Кирилл Михайлович,лейтенант,1,25
Зайцев Роман Иванович,капитан,6,57
Кузнецов Егор Михайлович,прапорщик,6,46
Морозов Виктор Михайлович,капитан,11,48
Козлов Егор Олегович,лейтенант,1,36
Николаев Константин Алексеевич,сержант,2,55
Петров Денис Андреевич,полковник,8,37
Орлов Михаил Алексеевич,капитан,1,19
Егоров Виктор Алексеевич,капитан,2,41
Смирнов Виктор Александрович,рядовой,2,37
Орлов Денис Олегович,сержант,1,37
Кочергин Матвей Юрьевич,сержант,1,51
Андреев Степан Иванович,полковник,6,18
Орлов Егор Олегович,прапорщик,6,34
Николаев Виктор Дмитриевич,рядовой,6,36
Кузнецов Денис Максимович,капитан,2,56
Яковлев Илья Дмитриевич,майор,3,56
Николаев Степан Сергеевич,прапорщик,11,48
Макаров Александр Михайлович,сержант,3,34
Васильев Матвей Романович,рядовой,4,54
Попов Егор Алексеевич,капитан,3,27
Михайлов Сергей Михайлович,майор,3,32
Новиков Михаил Никитич,лейтенант,11,48
Фёдоров Иван Ильич,прапорщик,2,39
Андреев Павел Юрьевич,капитан,8,34
Семёнов Егор Иванович,сержант,3,50
Егоров Степан Иванович,полковник,2,43
Никитин Андрей Кириллович,рядовой,2,25
Андреев Степан Дмитриевич,прапорщик,7,19
Козлов Виктор Андреевич,лейтенант,3,21
Козлов Степан Викторович,прапорщик,12,45
Степанов Олег Кириллович,прапорщик,6,45
Петров Виктор Максимович,полковник,2,55
Новиков Артём Ильич,майор,3,27
Яковлев Виктор Олегович,капитан,2,48
Семёнов Роман Викторович,полковник,12,49
Николаев Матвей Павлович,капитан,11,24
Васильев Артём Андреевич,майор,1,22
Макаров Егор Максимович,сержант,8,60
Иванов Илья Олегович,сержант,10,27
Сидоров Сергей Никитич,лейтенант,2,46
Морозов Олег Никитич,лейтенант,7,54
Степанов Максим Александрович,лейтенант,11,59
Борисов Роман Максимович,сержант,11,26
Новиков Александр Романович,прапорщик,9,45
Зайцев Степан Ильич,рядовой,8,20
Лебедев Роман Андреевич,рядовой,3,52
Фёдоров Илья Ильич,сержант,11,28
Соколов Михаил Викторович,рядовой,7,44
Соколов Никита Иванович,рядовой,5,36
Петров Андрей Никитич,лейтенант,6,31
Орлов Андрей Романович,майор,6,48
Николаев Юрий Юрьевич,майор,9,35
Морозов Александр Павлович,лейтенант,1,60
Сидоров Юрий Никитич,сержант,1,24
Петров Юрий Александрович,сержант,12,54
Егоров Кирилл Иванович,полковник,11,30
Смирнов Александр Викторович,прапорщик,11,42
Михайлов Никита Иванович,майор,9,47
Лебедев Александр Никитич,сержант,4,59
Михайлов Иван Романович,майор,8,43
Попов Никита Михайлович,рядовой,10,33
Соловьёв Павел Андреевич,майор,4,28
Соколов Михаил Максимович,прапорщик,2,25
Морозов Кирилл Никитич,рядовой,11,56
Новиков Алексей Павлович,сержант,7,47
Семёнов Матвей Александрович,прапорщик,6,43
Борисов Степан Никитич,прапорщик,12,23
Новиков Никита Никитич,прапорщик,2,23
Павлов Денис Максимович,лейтенант,11,23
Соколов Юрий Максимович,прапорщик,2,44
Алексеев Олег Александрович,майор,7,60
Борисов Кирилл Максимович,майор,9,53
Михайлов Юрий Дмитриевич,сержант,5,52
Павлов Павел Иванович,рядовой,12,20
Павлов Александр Никитич,капитан,2,60
Михайлов Роман Иванович,лейтенант,9,29
Кузнецов Юрий Павлович,рядовой,7,32
Егоров Матвей Никитич,лейтенант,8,56
Степанов Иван Павлович,полковник,4,59
Соловьёв Максим Кириллович,рядовой,1,42
Семёнов Иван Кириллович,рядовой,8,58
Борисов Илья Олегович,капитан,12,40
Фёдоров Павел Дмитриевич,полковник,6,36
Соловьёв Виктор Кириллович,прапорщик,10,52
Кочергин Андрей Михайлович,полковник,7,18
Васильев Максим Дмитриевич,лейтенант,7,53
Зайцев Кирилл Павлович,сержант,12,59
Васильев Артём Романович,майор,6,38
Новиков Артём Кириллович,рядовой,9,35
Алексеев Олег Сергеевич,рядовой,9,22
Кочергин Матвей Андреевич,прапорщик,12,37
Попов Егор Андреевич,полковник,6,45
Морозов Виктор Дмитриевич,рядовой,9,28
Зайцев Дмитрий Сергеевич,полковник,8,42
Васильев Иван Юрьевич,рядовой,1,56
Фёдоров Евгений Александрович,рядовой,9,50
Алексеев Евгений Ильич,прапорщик,2,52
Смирнов Артём Максимович,полковник,12,58
Кузнецов Евгений Юрьевич,рядовой,11,54
Новиков Степан Романович,прапорщик,2,42
Захаров Павел Романович,лейтенант,2,48
Семёнов Александр Александрович,майор,4,51
Смирнов Виктор Андреевич,полковник,6,60
Иванов Олег Алексеевич,сержант,8,34
Никитин Юрий Викторович,майор,10,35
Васильев Павел Максимович,капитан,10,55
Новиков Олег Павлович,полковник,8,21
Никитин Виктор Кириллович,майор,7,26
Павлов Степан Михайлович,майор,11,39
Никитин Илья Никитич,прапорщик,6,36
Алексеев Денис Михайлович,прапорщик,7,60
Попов Сергей Викторович,майор,7,38
Андреев Артём Олегович,полковник,10,53
Кузнецов Андрей Сергеевич,рядовой,1,22
Макаров Илья Никитич,майор,6,54
Михайлов Артём Александрович,лейтенант,9,30
Морозов Евгений Романович,прапорщик,7,52
Андреев Павел Иванович,капитан,12,29
Соколов Максим Юрьевич,капитан,2,20
Кочергин Илья Никитич,сержант,2,54
Козлов Александр Максимович,рядовой,3,35
Макаров Артём Алексеевич,сержант,5,37
Михайлов Сергей Олегович,прапорщик,10,38
Петров Михаил Кириллович,сержант,1,40
Соловьёв Михаил Ильич,сержант,3,46
Лебедев Артём Павлович,майор,10,57
Кузнецов Евгений Алексеевич,рядовой,11,39
Петров Иван Юрьевич,полковник,5,27
Петров Андрей Романович,рядовой,12,31
Иванов Андрей Олегович,сержант,10,30
Смирнов Артём Дмитриевич,рядовой,7,32
Новиков Кирилл Никитич,майор,1,28
Петров Павел Ильич,капитан,2,20
Васильев Роман Романович,полковник,4,55
Соловьёв Максим Кириллович,капитан,9,33
Соколов Егор Олегович,майор,5,58
Степанов Иван Кириллович,полковник,1,43
Яковлев Дмитрий Максимович,рядовой,10,48
Попов Денис Иванович,лейтенант,12,48
Михайлов Егор Александрович,прапорщик,1,32
Егоров Роман Андреевич,рядовой,2,27
Петров Кирилл Павлович,прапорщик,7,25
Кузнецов Евгений Романович,лейтенант,3,31
Никитин Матвей Алексеевич,лейтенант,4,60
Сидоров Роман Андреевич,полковник,12,52
Захаров Сергей Дмитриевич,сержант,2,50
Алексеев Павел Андреевич,капитан,6,51
Михайлов Никита Романович,майор,9,54
Морозов Константин Романович,рядовой,2,55
Алексеев Андрей Кириллович,лейтенант,10,41
Козлов Егор Олегович,капитан,6,30
Зайцев Андрей Кириллович,сержант,12,42
Семёнов Михаил Кириллович,лейтенант,12,33
Макаров Олег Никитич,рядовой,10,50
Андреев Денис Михайлович,капитан,3,33
Сидоров Константин Олегович,лейтенант,1,38
Зайцев Александр Юрьевич,капитан,8,25
Орлов Алексей Павлович,прапорщик,10,33
Орлов Роман Сергеевич,капитан,12,52
Кочергин Виктор Максимович,прапорщик,9,36
Егоров Сергей Иванович,капитан,6,22
Попов Илья Никитич,сержант,8,19
Попов Евгений Михайлович,прапорщик,3,43
Фёдоров Никита Кириллович,рядовой,3,22
Егоров Алексей Викторович,майор,9,44
Иванов Артём Андреевич,полковник,3,54
Макаров Илья Никитич,капитан,11,34
Козлов Виктор Иванович,полковник,6,43
Зайцев Павел Максимович,прапорщик,9,22
Егоров Александр Олегович,капитан,3,34
Иванов Роман Михайлович,лейтенант,8,44
Попов Илья Михайлович,майор,3,53
Попов Максим Никитич,майор,1,38
Яковлев Юрий Александрович,капитан,12,36
Никитин Кирилл Романович,майор,3,27
Захаров Александр Алексеевич,сержант,8,47
Семёнов Кирилл Сергеевич,капитан,10,57
Алексеев Максим Александрович,майор,12,48
Козлов Максим Алексеевич,капитан,3,25
Егоров Артём Михайлович,сержант,9,28
Попов Никита Дмитриевич,майор,10,49
Орлов Егор Викторович,полковник,10,53
Егоров Михаил Кириллович,лейтенант,6,40
Зайцев Юрий Александрович,капитан,10,44
Смирнов Евгений Максимович,капитан,11,28
Алексеев Константин Александрович,майор,1,50
Петров Павел Романович,капитан,10,20
Попов Матвей Романович,сержант,11,56
Сидоров Роман Романович,майор,1,46
Михайлов Виктор Викторович,майор,6,26
Соловьёв Артём Юрьевич,сержант,5,21
Иванов Максим Иванович,полковник,5,35
Борисов Юрий Викторович,прапорщик,1,22
Андреев Роман Михайлович,рядовой,12,36
Михайлов Никита Павлович,сержант,6,32
Алексеев Кирилл Андреевич,сержант,1,24
Андреев Евгений Андреевич,прапорщик,11,60
Новиков Степан Иванович,сержант,9,41
Орлов Олег Романович,сержант,7,50
Зайцев Павел Ильич,прапорщик,11,43
Степанов Олег Викторович,капитан,7,38
Соловьёв Артём Сергеевич,лейтенант,12,44
Кузнецов Кирилл Павлович,капитан,5,41
Фёдоров Максим Иванович,рядовой,1,38
Захаров Денис Александрович,полковник,7,32
Новиков Константин Викторович,капитан,11,18
Соколов Дмитрий Викторович,майор,8,22
Макаров Илья Александрович,капитан,9,48
Егоров Константин Кириллович,прапорщик,11,53
Козлов Андрей Максимович,сержант,9,34
Макаров Евгений Олегович,капитан,11,34
Николаев Михаил Михайлович,лейтенант,5,20
Петров Роман Юрьевич,майор,6,44
Яковлев Сергей Иванович,рядовой,4,59
Фёдоров Александр Сергеевич,майор,7,46
Новиков Денис Романович,полковник,2,27
Семёнов Михаил Романович,майор,4,21
Кочергин Павел Романович,майор,1,37
Егоров Юрий Олегович,сержант,6,44
Попов Алексей Михайлович,сержант,2,40
Семёнов Роман Викторович,полковник,2,18
Соловьёв Матвей Максимович,прапорщик,12,33
Егоров Роман Иванович,полковник,2,37
Соловьёв Денис Романович,сержант,9,33
Васильев Никита Олегович,прапорщик,9,55
Андреев Александр Ильич,рядовой,5,55
Николаев Роман Никитич,полковник,12,58
Борисов Матвей Сергеевич,капитан,9,43
Андреев Кирилл Кириллович,лейтенант,12,32
Лебедев Денис Михайлович,рядовой,4,47
Семёнов Константин Александрович,полковник,8,53
Андреев Павел Павлович,капитан,1,19
Степанов Максим Александрович,капитан,10,58
Андреев Сергей Михайлович,сержант,8,38
Андреев Денис Михайлович,капитан,5,37
Козлов Иван Максимович,капитан,2,18
Соколов Павел Кириллович,прапорщик,4,20
Иванов Илья Никитич,капитан,11,47
Кузнецов Степан Александрович,рядовой,8,48
Васильев Александр Никитич,сержант,1,42
Сидоров Константин Романович,прапорщик,2,57
Яковлев Иван Максимович,рядовой,9,52
Новиков Михаил Ильич,лейтенант,8,24
Михайлов Матвей Сергеевич,капитан,9,34
Новиков Денис Олегович,прапорщик,4,28
Захаров Артём Никитич,капитан,2,36
Зайцев Илья Олегович,полковник,10,53
Николаев Андрей Михайлович,лейтенант,12,42
Фёдоров Артём Павлович,майор,4,24
Сидоров Александр Павлович,рядовой,2,32
Никитин Александр Сергеевич,лейтенант,1,45
Андреев Матвей Александрович,сержант,8,56
Яковлев Андрей Сергеевич,майор,7,22
Соколов Роман Алексеевич,сержант,7,35
Захаров Матвей Ильич,сержант,11,36
Зайцев Андрей Олегович,сержант,8,58
Орлов Никита Сергеевич,прапорщик,6,43
Кочергин Артём Кириллович,рядовой,5,58
Степанов Кирилл Андреевич,рядовой,10,50
Соловьёв Кирилл Викторович,лейтенант,5,50
Козлов Матвей Иванович,лейтенант,8,39
Попов Роман Михайлович,лейтенант,1,29
Фёдоров Егор Дмитриевич,капитан,9,55
Васильев Роман Сергеевич,лейтенант,2,45
Морозов Роман Викторович,лейтенант,7,45
Соловьёв Никита Андреевич,капитан,6,19
Соколов Матвей Иванович,капитан,4,42
Козлов Илья Романович,капитан,11,56
Никитин Степан Дмитриевич,сержант,10,43
Алексеев Андрей Сергеевич,лейтенант,9,22
Яковлев Михаил Ильич,прапорщик,7,49
Никитин Дмитрий Александрович,лейтенант,10,33
Сидоров Андрей Никитич,прапорщик,4,21
Павлов Михаил Алексеевич,рядовой,9,52
Егоров Степан Алексеевич,рядовой,11,30
Николаев Алексей Дмитриевич,полковник,11,33
Михайлов Сергей Никитич,сержант,9,30
Борисов Егор Ильич,прапорщик,10,54
Борисов Михаил Ильич,прапорщик,9,42
Орлов Алексей Сергеевич,капитан,8,49
Николаев Никита Александрович,прапорщик,12,37
Егоров Илья Ильич,сержант,4,23
Попов Сергей Ильич,лейтенант,5,46
Морозов Олег Дмитриевич,сержант,2,34
Орлов Роман Михайлович,сержант,9,48
Макаров Александр Андреевич,рядовой,4,48
Кузнецов Степан Сергеевич,капитан,3,49
Яковлев Максим Иванович,капитан,5,58
Иванов Максим Ильич,прапорщик,2,57
Никитин Никита Александрович,полковник,10,21
Петров Юрий Павлович,лейтенант,11,19
Зайцев Евгений Юрьевич,капитан,12,26
Макаров Егор Викторович,прапорщик,10,59
Макаров Артём Алексеевич,прапорщик,10,47
Сидоров Максим Олегович,сержант,6,36
Лебедев Дмитрий Александрович,полковник,8,41
Семёнов Сергей Алексеевич,лейтенант,12,52
Никитин Роман Никитич,рядовой,9,38
Яковлев Олег Иванович,прапорщик,3,23
Соловьёв Виктор Алексеевич,рядовой,7,43
Захаров Олег Олегович,майор,3,34
Никитин Олег Юрьевич,капитан,9,18
Борисов Алексей Сергеевич,майор,12,60
Орлов Матвей Павлович,рядовой,10,18
Попов Сергей Иванович,капитан,12,33
Кочергин Михаил Андреевич,прапорщик,4,44
Степанов Алексей Александрович,прапорщик,6,43
Соколов Павел Юрьевич,прапорщик,9,43
Николаев Илья Алексеевич,сержант,12,40
Фёдоров Сергей Никитич,капитан,3,22
Сидоров Андрей Олегович,полковник,5,45
Николаев Юрий Романович,рядовой,8,20
Андреев Алексей Михайлович,лейтенант,5,21
Алексеев Сергей Алексеевич,капитан,5,28
Новиков Павел Михайлович,рядовой,12,51
Степанов Степан Сергеевич,рядовой,1,59
Орлов Павел Иванович,рядовой,11,34
Орлов Дмитрий Михайлович,рядовой,11,21
Кузнецов Степан Сергеевич,сержант,12,26
Захаров Артём Михайлович,лейтенант,3,42
Сидоров Никита Михайлович,лейтенант,6,55
Васильев Сергей Никитич,капитан,11,48
Алексеев Павел Михайлович,полковник,7,46
Никитин Александр Андреевич,лейтенант,11,32
Сидоров Илья Викторович,майор,2,52
Морозов Юрий Никитич,майор,11,31
Сидоров Михаил Кириллович,сержант,12,59
Петров Алексей Андреевич,лейтенант,2,31
Зайцев Сергей Викторович,сержант,2,47
Иванов Егор Дмитриевич,полковник,6,38
Иванов Илья Алексеевич,капитан,7,36
Андреев Максим Александрович,майор,5,23
Козлов Роман Юрьевич,полковник,1,60
Егоров Илья Олегович,полковник,8,43
Яковлев Андрей Олегович,прапорщик,8,21
Егоров Юрий Максимович,рядовой,9,37
Сидоров Никита Александрович,полковник,1,34
Соловьёв Олег Михайлович,капитан,2,34
Смирнов Егор Никитич,полковник,8,23
Егоров Алексей Михайлович,капитан,4,28
Кузнецов Илья Максимович,сержант,10,26
Васильев Михаил Павлович,полковник,4,34
Петров Юрий Олегович,рядовой,8,29
Михайлов Роман Ильич,лейтенант,6,51
Соловьёв Андрей Олегович,лейтенант,6,59
Егоров Степан Ильич,лейтенант,10,40
Яковлев Михаил Андреевич,рядовой,2,24
Смирнов Кирилл Андреевич,капитан,4,27
Фёдоров Степан Юрьевич,лейтенант,2,55
Павлов Максим Ильич,майор,10,24
Петров Александр Александрович,лейтенант,5,20
Павлов Андрей Иванович,сержант,9,45
Попов Константин Кириллович,лейтенант,8,60
Егоров Роман Юрьевич,лейтенант,8,51
Попов Артём Никитич,рядовой,11,29
Васильев Артём Ильич,полковник,5,34
Кузнецов Роман Кириллович,рядовой,12,41
Егоров Иван Александрович,капитан,6,51
Михайлов Олег Никитич,прапорщик,2,47
Соколов Степан Юрьевич,лейтенант,2,30
Морозов Андрей Олегович,полковник,1,45
Захаров Артём Олегович,прапорщик,4,35
Петров Дмитрий Дмитриевич,полковник,12,47
Сидоров Роман Кириллович,полковник,6,60
Кочергин Александр Юрьевич,майор,1,60
Лебедев Евгений Дмитриевич,прапорщик,12,26
Кузнецов Алексей Максимович,прапорщик,4,40
Андреев Алексей Юрьевич,сержант,5,33
Яковлев Никита Олегович,майор,4,60
Михайлов Никита Иванович,капитан,11,29
Козлов Сергей Андреевич,майор,3,55
Макаров Юрий Павлович,полковник,5,33
Михайлов Иван Дмитриевич,майор,12,20
Соколов Константин Викторович,полковник,12,25
Яковлев Сергей Кириллович,капитан,2,21
Зайцев Никита Максимович,полковник,12,59
Соловьёв Илья Сергеевич,полковник,3,34
Петров Дмитрий Ильич,лейтенант,3,45
Козлов Александр Сергеевич,сержант,6,19
Фёдоров Егор Кириллович,прапорщик,6,30
Павлов Андрей Олегович,лейтенант,2,60
Иванов Кирилл Романович,полковник,7,23
Степанов Максим Андреевич,рядовой,6,28
Захаров Олег Алексеевич,прапорщик,12,37
Козлов Степан Александрович,полковник,6,25
Зайцев Олег Сергеевич,прапорщик,4,42
Михайлов Роман Никитич,прапорщик,10,24
Фёдоров Олег Дмитриевич,полковник,6,32
Козлов Виктор Романович,сержант,12,36
Сидоров Евгений Кириллович,капитан,5,42
Морозов Андрей Олегович,рядовой,6,27
Борисов Егор Викторович,капитан,4,37
Новиков Илья Дмитриевич,прапорщик,4,49
Алексеев Артём Михайлович,сержант,8,22
Борисов Денис Андреевич,сержант,6,18
Смирнов Виктор Дмитриевич,майор,7,21
Соколов Алексей Максимович,сержант,6,33
Лебедев Максим Максимович,полковник,5,27
Соколов Сергей Ильич,рядовой,2,31
Кочергин Алексей Сергеевич,капитан,11,31
Васильев Матвей Олегович,майор,12,33
Фёдоров Константин Павлович,полковник,12,35
Козлов Сергей Никитич,капитан,1,28
Соловьёв Андрей Павлович,полковник,6,51
Петров Артём Сергеевич,лейтенант,10,55
Новиков Павел Иванович,лейтенант,9,54
Яковлев Андрей Никитич,полковник,8,54
Васильев Артём Дмитриевич,майор,6,21
Сидоров Михаил Михайлович,рядовой,7,18
Андреев Олег Александрович,полковник,10,46
Новиков Юрий Романович,капитан,8,53
Лебедев Виктор Дмитриевич,рядовой,5,25
Попов Иван Викторович,сержант,5,59
Павлов Максим Олегович,лейтенант,2,34
Лебедев Егор Кириллович,рядовой,1,39
Кочергин Егор Дмитриевич,сержант,4,24
Павлов Артём Андреевич,капитан,5,39
Захаров Егор Никитич,лейтенант,1,41
Михайлов Матвей Алексеевич,полковник,11,46
Макаров Александр Александрович,капитан,2,29
Макаров Павел Максимович,капитан,11,49
Борисов Артём Андреевич,полковник,12,53
Семёнов Юрий Иванович,рядовой,12,28
Михайлов Олег Никитич,майор,1,53
Петров Никита Романович,капитан,2,24
Кузнецов Алексей Иванович,капитан,11,33
Васильев Евгений Юрьевич,сержант,10,36
Степанов Кирилл Юрьевич,майор,3,32
Смирнов Денис Михайлович,сержант,7,18
Сидоров Денис Михайлович,полковник,1,32
Лебедев Егор Викторович,полковник,9,20
Никитин Константин Александрович,рядовой,3,32
Фёдоров Артём Дмитриевич,рядовой,12,47
Новиков Денис Олегович,капитан,5,53
Петров Матвей Никитич,майор,8,31
Фёдоров Иван Юрьевич,сержант,12,52
Новиков Егор Юрьевич,полковник,10,28
Яковлев Илья Павлович,сержант,8,34
Морозов Алексей Александрович,полковник,8,22
Кочергин Дмитрий Павлович,капитан,12,59
Захаров Максим Никитич,рядовой,8,18
Сидоров Павел Михайлович,рядовой,2,38
Смирнов Сергей Никитич,рядовой,7,38
Никитин Матвей Максимович,лейтенант,5,19
Степанов Дмитрий Олегович,полковник,8,39
Михайлов Алексей Викторович,капитан,6,44
Андреев Денис Викторович,рядовой,9,22
Соловьёв Константин Андреевич,майор,8,31
Борисов Денис Павлович,сержант,6,29
Семёнов Степан Викторович,сержант,9,59
Иванов Степан Сергеевич,полковник,2,24
Лебедев Степан Викторович,прапорщик,11,28
Степанов Алексей Андреевич,полковник,3,26
Новиков Иван Михайлович,рядовой,9,39
Егоров Алексей Ильич,рядовой,3,37
Смирнов Константин Романович,прапорщик,6,24
Павлов Роман Андреевич,прапорщик,6,23
Смирнов Алексей Максимович,лейтенант,1,59
Орлов Матвей Кириллович,прапорщик,4,34
Петров Михаил Максимович,лейтенант,11,39
Новиков Александр Андреевич,рядовой,5,56
Егоров Константин Романович,полковник,12,22
Степанов Павел Ильич,капитан,5,57
Попов Виктор Дмитриевич,лейтенант,5,43
Алексеев Михаил Дмитриевич,лейтенант,9,33
Иванов Олег Алексеевич,лейтенант,4,33
Васильев Илья Андреевич,майор,11,31
Попов Кирилл Александрович,майор,2,38
Кузнецов Александр Сергеевич,майор,1,23
Степанов Степан Александрович,майор,10,27
Андреев Никита Романович,рядовой,6,22
Макаров Роман Ильич,прапорщик,2,41
Соколов Матвей Кириллович,капитан,5,34
Семёнов Александр Кириллович,прапорщик,9,42
Морозов Михаил Викторович,сержант,8,22
Соколов Юрий Ильич,прапорщик,12,60
Алексеев Степан Ильич,сержант,3,34
Николаев Павел Никитич,сержант,5,21
Михайлов Артём Андреевич,прапорщик,6,26
Соколов Никита Александрович,лейтенант,5,50
Новиков Никита Максимович,полковник,12,24
Орлов Андрей Викторович,полковник,1,42
Смирнов Александр Андреевич,полковник,10,47
Кочергин Никита Максимович,майор,11,42
Козлов Евгений Олегович,полковник,11,29
Андреев Иван Дмитриевич,майор,2,51
Фёдоров Артём Кириллович,сержант,3,44
Смирнов Роман Юрьевич,сержант,7,34
Сидоров Денис Юрьевич,рядовой,5,51
Васильев Олег Александрович,сержант,8,51
Семёнов Денис Алексеевич,сержант,3,43
Зайцев Виктор Михайлович,прапорщик,3,56
Соловьёв Юрий Иванович,сержант,11,54
Яковлев Павел Алексеевич,прапорщик,1,24
Захаров Михаил Романович,прапорщик,4,27
Новиков Андрей Никитич,лейтенант,2,34
Павлов Олег Ильич,прапорщик,6,30
Лебедев Денис Сергеевич,сержант,3,20
Борисов Александр Ильич,капитан,8,49
Петров Александр Олегович,майор,4,37
Кузнецов Олег Александрович,лейтенант,6,20
Морозов Егор Романович,майор,3,37
Лебедев Константин Андреевич,капитан,1,42
Андреев Роман Ильич,капитан,11,54
Соколов Алексей Сергеевич,прапорщик,10,35
Андреев Олег Викторович,капитан,6,49
Новиков Михаил Сергеевич,прапорщик,3,38
Захаров Андрей Алексеевич,рядовой,7,56
Смирнов Дмитрий Павлович,капитан,12,27
Смирнов Павел Викторович,сержант,2,32
Соловьёв Андрей Романович,майор,9,56
Фёдоров Юрий Алексеевич,капитан,8,45
Никитин Андрей Никитич,прапорщик,1,55
Семёнов Матвей Олегович,капитан,8,34
Фёдоров Олег Дмитриевич,сержант,11,55
Морозов Дмитрий Павлович,прапорщик,9,40
Попов Матвей Ильич,прапорщик,4,38
Кузнецов Денис Алексеевич,прапорщик,6,41
Морозов Сергей Никитич,полковник,9,18
Васильев Илья Романович,сержант,6,18
Михайлов Дмитрий Никитич,майор,7,46
Кузнецов Матвей Максимович,капитан,12,29
Степанов Егор Алексеевич,прапорщик,8,20
Фёдоров Денис Максимович,рядовой,7,57
Соловьёв Алексей Алексеевич,рядовой,1,49
Степанов Михаил Сергеевич,капитан,12,41
Никитин Виктор Максимович,рядовой,11,54
Макаров Сергей Никитич,майор,11,42
Кузнецов Константин Максимович,сержант,11,37
Борисов Андрей Никитич,сержант,4,21
Новиков Юрий Никитич,лейтенант,8,38
Борисов Михаил Ильич,майор,8,40
Смирнов Дмитрий Романович,сержант,1,21
Попов Андрей Ильич,полковник,12,57
Яковлев Александр Романович,лейтенант,12,18
Зайцев Евгений Дмитриевич,сержант,10,22
Кузнецов Егор Юрьевич,полковник,2,34
Кузнецов Сергей Алексеевич,лейтенант,2,21
Петров Дмитрий Алексеевич,рядовой,3,42
Борисов Максим Павлович,прапорщик,11,25
Павлов Максим Михайлович,лейтенант,11,60
Семёнов Сергей Кириллович,капитан,12,31
Лебедев Константин Викторович,прапорщик,5,28
Морозов Олег Юрьевич,рядовой,2,29
Фёдоров Сергей Сергеевич,полковник,11,30
Новиков Юрий Романович,рядовой,8,24
Иванов Дмитрий Юрьевич,майор,6,35
Макаров Матвей Александрович,лейтенант,12,51
Борисов Матвей Никитич,прапорщик,5,47
Соловьёв Матвей Кириллович,майор,10,40
Егоров Степан Романович,капитан,7,49
Зайцев Олег Кириллович,лейтенант,9,26
Морозов Виктор Максимович,майор,7,30
Смирнов Никита Ильич,полковник,3,24
Морозов Михаил Олегович,лейтенант,5,26
Яковлев Матвей Никитич,прапорщик,7,60
Зайцев Кирилл Алексеевич,майор,1,52
Козлов Алексей Юрьевич,лейтенант,11,58
Соловьёв Роман Викторович,майор,5,28
Попов Денис Дмитриевич,рядовой,5,56
Сидоров Дмитрий Ильич,рядовой,9,45
Козлов Юрий Викторович,капитан,4,24
Макаров Илья Максимович,лейтенант,12,28
Егоров Степан Максимович,лейтенант,1,59
Фёдоров Никита Кириллович,лейтенант,3,52
Попов Сергей Александрович,рядовой,12,56
Соловьёв Матвей Викторович,майор,9,49
Орлов Роман Павлович,прапорщик,11,42
Фёдоров Максим Викторович,капитан,4,28
Николаев Роман Кириллович,рядовой,9,19
Новиков Андрей Сергеевич,лейтенант,10,45
Борисов Никита Викторович,прапорщик,2,42
Егоров Иван Никитич,прапорщик,7,27
Смирнов Юрий Кириллович,сержант,8,45
Зайцев Сергей Кириллович,рядовой,8,24
Никитин Александр Иванович,рядовой,12,23
Соколов Павел Никитич,сержант,2,51
Егоров Дмитрий Павлович,капитан,5,24
Морозов Иван Дмитриевич,рядовой,4,23
Смирнов Илья Михайлович,полковник,9,30
Сидоров Алексей Ильич,рядовой,10,51
Кочергин Павел Юрьевич,капитан,4,38
Петров Иван Романович,капитан,2,44
Яковлев Артём Иванович,полковник,11,30
Соколов Степан Андреевич,капитан,5,53
Николаев Артём Иванович,майор,10,40
Петров Денис Александрович,рядовой,8,47
Павлов Евгений Иванович,майор,2,27
Смирнов Алексей Романович,майор,5,40
Иванов Максим Ильич,майор,2,25
Морозов Юрий Иванович,майор,3,54
Лебедев Константин Иванович,майор,2,37
Михайлов Александр Юрьевич,рядовой,9,33
Захаров Степан Сергеевич,полковник,3,31
Николаев Алексей Павлович,майор,12,38
Смирнов Роман Юрьевич,прапорщик,6,60
Иванов Дмитрий Андреевич,капитан,3,52
Семёнов Виктор Иванович,сержант,8,39
Андреев Артём Викторович,прапорщик,10,35
Семёнов Алексей Кириллович,сержант,6,40
Соловьёв Степан Сергеевич,полковник,9,19
Морозов Степан Алексеевич,сержант,12,45
Яковлев Дмитрий Романович,лейтенант,8,58
Новиков Павел Викторович,лейтенант,3,34
Андреев Кирилл Романович,капитан,4,59
Фёдоров Максим Александрович,сержант,10,37
Борисов Артём Никитич,сержант,11,34
Захаров Михаил Андреевич,майор,5,49
Орлов Кирилл Никитич,лейтенант,8,41
Морозов Степан Викторович,майор,5,18
Соловьёв Максим Павлович,сержант,5,47
Морозов Константин Михайлович,майор,4,36
Новиков Евгений Дмитриевич,полковник,9,43
Иванов Сергей Сергеевич,рядовой,4,58
Сидоров Никита Алексеевич,рядовой,3,32
Никитин Илья Дмитриевич,прапорщик,4,21
Захаров Иван Андреевич,лейтенант,11,38
Павлов Степан Олегович,лейтенант,11,39
Захаров Виктор Юрьевич,капитан,4,35
Николаев Дмитрий Павлович,майор,7,26
Степанов Александр Никитич,рядовой,9,45
Кузнецов Виктор Кириллович,майор,9,38
Васильев Артём Дмитриевич,майор,4,36
Орлов Артём Романович,рядовой,11,50
Попов Юрий Кириллович,капитан,10,49
Никитин Михаил Максимович,лейтенант,10,42
Козлов Артём Никитич,сержант,12,57
Козлов Артём Андреевич,лейтенант,7,29
Новиков Алексей Иванович,рядовой,8,22
Фёдоров Сергей Юрьевич,лейтенант,6,59
Новиков Матвей Романович,майор,6,46
Фёдоров Дмитрий Михайлович,сержант,2,30
Степанов Андрей Юрьевич,майор,7,52
Макаров Павел Романович,капитан,1,37
Кочергин Олег Александрович,прапорщик,1,57
Андреев Никита Ильич,прапорщик,11,30
Петров Егор Романович,майор,1,29
Петров Иван Юрьевич,рядовой,4,21
Новиков Кирилл Павлович,полковник,3,33
Зайцев Егор Михайлович,полковник,3,60
Зайцев Роман Кириллович,капитан,11,38
Макаров Юрий Никитич,майор,9,42
Сидоров Михаил Павлович,майор,1,27
Павлов Андрей Олегович,рядовой,8,37
Зайцев Дмитрий Максимович,майор,6,33
Попов Олег Иванович,лейтенант,7,26
Зайцев Дмитрий Михайлович,прапорщик,1,36
Егоров Алексей Дмитриевич,лейтенант,10,50
Андреев Евгений Викторович,рядовой,8,18
Семёнов Виктор Алексеевич,лейтенант,12,20
Захаров Алексей Викторович,полковник,10,58
Иванов Алексей Алексеевич,лейтенант,9,31
Степанов Александр Никитич,полковник,11,55
Кузнецов Артём Алексеевич,рядовой,4,29
Петров Роман Никитич,сержант,4,30
Соколов Кирилл Максимович,прапорщик,10,53
Попов Денис Максимович,прапорщик,5,48
Алексеев Степан Сергеевич,майор,7,18
Борисов Артём Александрович,лейтенант,5,46
Васильев Роман Дмитриевич,лейтенант,6,47
Смирнов Роман Михайлович,прапорщик,7,29
Соловьёв Денис Александрович,прапорщик,9,41
Зайцев Виктор Романович,майор,4,55
Борисов Евгений Александрович,рядовой,10,42
Кузнецов Роман Сергеевич,полковник,9,30
Соловьёв Максим Олегович,майор,4,22
Орлов Денис Александрович,лейтенант,9,44
Яковлев Максим Максимович,майор,11,53
Васильев Максим Михайлович,сержант,12,29
Кузнецов Алексей Романович,капитан,4,24
Орлов Олег Юрьевич,прапорщик,1,43
Морозов Виктор Сергеевич,лейтенант,8,49
Николаев Степан Алексеевич,прапорщик,7,34
Никитин Юрий Романович,майор,5,43
Лебедев Степан Алексеевич,майор,6,26
Захаров Виктор Никитич,прапорщик,5,32
Новиков Юрий Андреевич,лейтенант,12,58
Лебедев Денис Олегович,лейтенант,9,33
Егоров Алексей Ильич,прапорщик,2,36
Орлов Евгений Максимович,рядовой,6,58
Борисов Иван Сергеевич,капитан,12,44
Кочергин Михаил Алексеевич,майор,8,53
Семёнов Роман Сергеевич,сержант,9,44
Кузнецов Илья Дмитриевич,майор,8,36
Козлов Денис Иванович,майор,5,40
Павлов Степан Романович,капитан,3,20
Лебедев Максим Юрьевич,полковник,12,18
Михайлов Иван Максимович,лейтенант,1,30
Козлов Артём Максимович,сержант,9,21
Борисов Александр Сергеевич,прапорщик,3,39
Соколов Олег Максимович,капитан,6,22
Михайлов Никита Иванович,прапорщик,2,46
Кочергин Артём Кириллович,майор,3,24
Петров Иван Андреевич,рядовой,7,19
Захаров Андрей Андреевич,майор,11,49
Николаев Никита Александрович,сержант,7,19
Михайлов Михаил Дмитриевич,сержант,7,54
Зайцев Артём Алексеевич,капитан,5,20
Попов Михаил Павлович,майор,1,51
Новиков Евгений Юрьевич,полковник,3,38
Павлов Михаил Романович,сержант,3,46
Борисов Роман Никитич,майор,11,39
Смирнов Павел Олегович,полковник,11,21
Николаев Александр Юрьевич,рядовой,5,25
Морозов Егор Дмитриевич,майор,5,55
Васильев Максим Алексеевич,полковник,12,24
Васильев Виктор Михайлович,лейтенант,1,43
Соколов Александр Ильич,прапорщик,2,42
Новиков Никита Дмитриевич,рядовой,12,36
Сидоров Константин Александрович,капитан,10,59
Фёдоров Иван Алексеевич,сержант,6,53
Петров Павел Павлович,капитан,6,26
Соловьёв Алексей Дмитриевич,майор,12,42
Васильев Дмитрий Андреевич,майор,9,18
Сидоров Дмитрий Дмитриевич,майор,5,35
Петров Роман Михайлович,рядовой,3,51
Зайцев Андрей Алексеевич,прапорщик,9,42
Смирнов Артём Андреевич,капитан,1,59
Петров Дмитрий Викторович,лейтенант,5,46
Соколов Илья Романович,прапорщик,10,24
Фёдоров Денис Павлович,прапорщик,5,38
Орлов Константин Михайлович,рядовой,10,51
Зайцев Сергей Романович,лейтенант,2,50
Павлов Дмитрий Дмитриевич,лейтенант,1,54
Васильев Павел Александрович,капитан,11,51
Яковлев Роман Дмитриевич,рядовой,3,30
Кузнецов Степан Александрович,лейтенант,4,32
Егоров Дмитрий Иванович,прапорщик,11,41
Павлов Кирилл Иванович,майор,1,44
Васильев Олег Максимович,сержант,1,39
Соловьёв Сергей Алексеевич,капитан,3,26
Кузнецов Виктор Алексеевич,капитан,8,29
Зайцев Сергей Михайлович,капитан,9,47
Соловьёв Никита Викторович,лейтенант,1,48
Кузнецов Виктор Кириллович,лейтенант,3,19
Соколов Олег Андреевич,капитан,1,20
Смирнов Сергей Иванович,сержант,9,40
Захаров Юрий Ильич,майор,8,22
Кочергин Максим Кириллович,прапорщик,10,29
Орлов Юрий Михайлович,рядовой,5,47
Семёнов Максим Дмитриевич,майор,10,23
Семёнов Роман Олегович,рядовой,11,42
Захаров Артём Дмитриевич,капитан,5,37
Павлов Максим Максимович,рядовой,9,41
Алексеев Илья Никитич,сержант,11,40
Иванов Матвей Кириллович,полковник,10,30
Морозов Кирилл Андреевич,лейтенант,10,52
Козлов Роман Павлович,сержант,5,57
Егоров Константин Кириллович,полковник,12,44
Фёдоров Павел Кириллович,полковник,10,18
Степанов Павел Алексеевич,майор,5,46
Кочергин Максим Викторович,прапорщик,2,45
Зайцев Кирилл Александрович,полковник,2,26
Сидоров Роман Иванович,полковник,8,39
Михайлов Максим Иванович,сержант,2,23
Васильев Роман Иванович,полковник,8,55
Орлов Андрей Ильич,прапорщик,3,26
Попов Евгений Алексеевич,сержант,6,57
Андреев Артём Сергеевич,прапорщик,8,60
Андреев Юрий Олегович,полковник,1,58
Яковлев Илья Кириллович,капитан,5,27
Попов Евгений Олегович,майор,2,58
Кочергин Максим Ильич,капитан,3,24
Лебедев Юрий Максимович,сержант,9,44
Лебедев Евгений Алексеевич,рядовой,1,42
Степанов Павел Романович,прапорщик,6,25
Фёдоров Виктор Сергеевич,сержант,11,21
Макаров Егор Никитич,прапорщик,12,24
Попов Илья Дмитриевич,рядовой,12,56
Алексеев Степан Андреевич,полковник,11,43
Захаров Александр Романович,сержант,11,28
Степанов Дмитрий Кириллович,прапорщик,7,54
Соколов Матвей Алексеевич,лейтенант,3,47
Соловьёв Максим Иванович,сержант,4,27
Лебедев Александр Ильич,лейтенант,6,47
Яковлев Степан Сергеевич,капитан,4,60
Попов Степан Максимович,капитан,2,39
Андреев Константин Дмитриевич,сержант,11,30
Макаров Матвей Михайлович,лейтенант,3,36
Петров Роман Андреевич,прапорщик,1,45
Яковлев Константин Викторович,полковник,1,48
Морозов Павел Сергеевич,капитан,7,20
Соколов Никита Викторович,капитан,8,58
Сидоров Кирилл Павлович,лейтенант,10,58
Захаров Андрей Викторович,лейтенант,10,56
Сидоров Павел Сергеевич,капитан,7,18
Сидоров Сергей Максимович,рядовой,2,28
Зайцев Константин Ильич,рядовой,3,29
Андреев Андрей Дмитриевич,лейтенант,8,52
Смирнов Илья Ильич,лейтенант,4,39
Фёдоров Денис Кириллович,майор,1,59
Макаров Константин Романович,капитан,5,18
Орлов Максим Алексеевич,майор,9,40
Козлов Роман Юрьевич,майор,10,23
Смирнов Павел Максимович,полковник,9,46
Васильев Артём Александрович,майор,10,38
Алексеев Андрей Сергеевич,майор,3,42
Козлов Сергей Павлович,полковник,12,19
Макаров Кирилл Дмитриевич,капитан,7,30
Яковлев Кирилл Максимович,майор,6,50
Козлов Олег Александрович,рядовой,11,54
Васильев Александр Иванович,майор,7,58
Петров Денис Дмитриевич,полковник,3,58
Лебедев Роман Олегович,сержант,4,52
Кочергин Сергей Викторович,майор,8,32
Алексеев Михаил Кириллович,лейтенант,9,30
Петров Илья Никитич,полковник,9,34
Соловьёв Алексей Михайлович,майор,7,33
Лебедев Степан Романович,майор,1,23
Борисов Юрий Александрович,полковник,10,33
Соколов Артём Ильич,майор,10,21
Соловьёв Кирилл Иванович,лейтенант,10,39
Егоров Денис Павлович,прапорщик,10,40
Степанов Кирилл Ильич,прапорщик,3,55
Макаров Алексей Юрьевич,рядовой,10,34
Соловьёв Иван Александрович,капитан,12,55
Попов Константин Романович,прапорщик,5,29
Иванов Илья Максимович,майор,3,44
Морозов Андрей Александрович,рядовой,1,58
Егоров Степан Юрьевич,полковник,8,26
Алексеев Максим Никитич,майор,3,60
Яковлев Никита Александрович,сержант,8,39
Соловьёв Иван Олегович,прапорщик,10,32
Иванов Максим Никитич,майор,2,47
Соколов Никита Александрович,прапорщик,3,56
Захаров Константин Никитич,лейтенант,5,47
Морозов Юрий Олегович,майор,8,35
Соколов Евгений Михайлович,рядовой,12,23
Морозов Алексей Ильич,сержант,1,43
Новиков Олег Ильич,рядовой,12,21
Соловьёв Роман Михайлович,капитан,7,45
Петров Артём Никитич,рядовой,7,38
Новиков Алексей Максимович,капитан,7,27
Зайцев Дмитрий Иванович,майор,4,49
Алексеев Александр Александрович,рядовой,11,60
Алексеев Константин Никитич,рядовой,11,23
Борисов Степан Иванович,сержант,3,58
Петров Виктор Александрович,сержант,3,42
Кузнецов Максим Максимович,прапорщик,8,60
Михайлов Олег Павлович,лейтенант,1,39
Зайцев Денис Иванович,рядовой,10,18
Иванов Денис Сергеевич,рядовой,3,53
Захаров Олег Андреевич,лейтенант,3,31
Иванов Кирилл Ильич,сержант,12,22
Соколов Евгений Ильич,майор,12,49
Степанов Никита Павлович,капитан,9,50
Морозов Степан Павлович,сержант,5,23
Попов Степан Александрович,полковник,12,26
Козлов Артём Никитич,сержант,7,49
Яковлев Виктор Михайлович,лейтенант,3,50
Новиков Михаил Павлович,рядовой,12,53
Семёнов Алексей Юрьевич,сержант,12,41
Сидоров Артём Дмитриевич,прапорщик,2,54
Смирнов Максим Павлович,полковник,6,60
Сидоров Никита Алексеевич,майор,4,52
Соловьёв Иван Кириллович,майор,3,41
Захаров Илья Иванович,полковник,12,58
Макаров Илья Ильич,лейтенант,4,37
Яковлев Максим Романович,рядовой,6,19
Кузнецов Виктор Кириллович,полковник,10,35
Михайлов Евгений Дмитриевич,прапорщик,8,20
Николаев Артём Алексеевич,майор,10,34
Зайцев Никита Максимович,прапорщик,1,56
Васильев Роман Михайлович,полковник,10,53
Борисов Илья Романович,лейтенант,3,41
Морозов Евгений Юрьевич,рядовой,10,25
Андреев Михаил Александрович,майор,12,55
Соколов Денис Никитич,майор,1,33
Захаров Максим Андреевич,сержант,5,21
Андреев Евгений Андреевич,прапорщик,9,43
Смирнов Виктор Павлович,полковник,8,47
Никитин Степан Павлович,майор,1,39
Лебедев Никита Максимович,рядовой,6,22
Соколов Константин Александрович,майор,7,45
Попов Юрий Ильич,лейтенант,12,37
Алексеев Денис Викторович,прапорщик,4,53
Соловьёв Сергей Павлович,сержант,8,24
Кочергин Кирилл Викторович,сержант,7,60
Зайцев Алексей Максимович,полковник,3,49
Степанов Андрей Викторович,капитан,8,40
Козлов Матвей Сергеевич,капитан,12,49
Козлов Александр Олегович,рядовой,1,57
Семёнов Александр Романович,прапорщик,1,31
Яковлев Олег Иванович,майор,3,55
Сидоров Михаил Юрьевич,капитан,5,31
Козлов Матвей Александрович,полковник,4,54
Сидоров Сергей Юрьевич,сержант,3,42
Алексеев Олег Иванович,сержант,2,44
Никитин Сергей Ильич,полковник,6,18
Кузнецов Павел Никитич,лейтенант,4,31
Павлов Евгений Олегович,рядовой,3,31
Новиков Максим Алексеевич,полковник,11,56
Соколов Александр Павлович,сержант,5,38
Кочергин Андрей Михайлович,майор,6,29
Смирнов Андрей Михайлович,лейтенант,11,27
Васильев Егор Никитич,майор,12,58
Фёдоров Виктор Дмитриевич,прапорщик,6,34
Васильев Денис Юрьевич,прапорщик,12,40
Зайцев Никита Павлович,полковник,8,20
Захаров Матвей Кириллович,капитан,2,18
Егоров Павел Павлович,прапорщик,9,50
Иванов Евгений Ильич,майор,3,28
Сидоров Илья Иванович,прапорщик,10,21
Фёдоров Кирилл Иванович,прапорщик,10,50
Андреев Степан Сергеевич,майор,11,52
Смирнов Андрей Павлович,прапорщик,5,32
Лебедев Константин Александрович,майор,1,39
Павлов Евгений Викторович,сержант,11,28
Смирнов Никита Сергеевич,полковник,5,48
Соловьёв Егор Александрович,майор,5,54
Соловьёв Кирилл Юрьевич,полковник,8,49
Зайцев Павел Максимович,капитан,5,42
Михайлов Павел Кириллович,полковник,6,21
Семёнов Павел Сергеевич,майор,10,50
Захаров Денис Романович,полковник,4,41
Смирнов Роман Александрович,капитан,10,33
Смирнов Юрий Александрович,майор,5,26
Андреев Олег Олегович,майор,9,42
Борисов Александр Сергеевич,полковник,1,23
Павлов Максим Иванович,майор,1,23
Сидоров Дмитрий Кириллович,лейтенант,8,43
Яковлев Артём Андреевич,полковник,1,57
Орлов Евгений Иванович,прапорщик,11,48
Макаров Александр Сергеевич,капитан,3,22
Соловьёв Евгений Олегович,капитан,5,31
Лебедев Матвей Никитич,сержант,3,42
Орлов Дмитрий Юрьевич,прапорщик,12,18
Яковлев Иван Алексеевич,капитан,10,19
Орлов Александр Александрович,прапорщик,9,47
Козлов Никита Сергеевич,сержант,2,56
Васильев Егор Ильич,капитан,7,39
Васильев Артём Дмитриевич,майор,4,49
Кузнецов Дмитрий Дмитриевич,рядовой,1,25
Смирнов Евгений Михайлович,полковник,5,22
Орлов Роман Романович,прапорщик,12,38
Степанов Денис Александрович,капитан,11,42
Семёнов Юрий Юрьевич,капитан,11,22
Новиков Кирилл Алексеевич,майор,6,59
Семёнов Максим Никитич,майор,8,60
Козлов Кирилл Андреевич,полковник,1,54
Андреев Денис Викторович,полковник,9,52
Яковлев Максим Романович,полковник,11,22
Орлов Александр Михайлович,майор,5,40
Никитин Алексей Сергеевич,сержант,9,41
Яковлев Евгений Кириллович,майор,6,45
Петров Евгений Сергеевич,сержант,2,60
Соколов Артём Юрьевич,капитан,11,43
Попов Матвей Павлович,рядовой,9,18
Алексеев Денис Сергеевич,сержант,9,33
Егоров Алексей Никитич,прапорщик,4,56
Степанов Матвей Ильич,капитан,2,25
Соловьёв Михаил Михайлович,лейтенант,12,46
Васильев Виктор Сергеевич,прапорщик,10,40
Васильев Максим Романович,прапорщик,5,56
Борисов Роман Викторович,лейтенант,2,26
Кузнецов Евгений Кириллович,сержант,12,39
Алексеев Олег Викторович,рядовой,4,45
Морозов Роман Никитич,прапорщик,3,27
Лебедев Евгений Андреевич,прапорщик,11,52
Никитин Егор Кириллович,капитан,5,40
Кочергин Андрей Романович,капитан,7,26
Васильев Дмитрий Михайлович,лейтенант,4,32
Семёнов Алексей Никитич,лейтенант,3,42
Николаев Роман Андреевич,полковник,1,59
Смирнов Денис Ильич,прапорщик,8,59
Попов Виктор Юрьевич,полковник,11,31
Алексеев Сергей Викторович,прапорщик,2,50
Козлов Алексей Никитич,полковник,3,42
Иванов Алексей Сергеевич,прапорщик,9,46
Сидоров Артём Алексеевич,рядовой,7,51
Павлов Александр Кириллович,рядовой,6,39
Петров Никита Андреевич,полковник,11,40
Семёнов Иван Романович,рядовой,11,59
Семёнов Евгений Михайлович,лейтенант,3,40
Макаров Андрей Олегович,капитан,2,57
Соловьёв Кирилл Иванович,майор,8,40
Иванов Сергей Сергеевич,рядовой,6,39
Андреев Денис Кириллович,капитан,2,30
Иванов Роман Юрьевич,прапорщик,5,20
Морозов Кирилл Иванович,майор,1,43
Алексеев Олег Кириллович,рядовой,7,58
Морозов Михаил Юрьевич,полковник,11,36
Иванов Константин Павлович,лейтенант,4,29
Иванов Евгений Андреевич,прапорщик,10,31
Сидоров Виктор Павлович,полковник,2,51
Смирнов Артём Романович,рядовой,7,43
Николаев Сергей Юрьевич,лейтенант,3,21
Козлов Олег Александрович,прапорщик,11,50
Кузнецов Константин Иванович,лейтенант,1,34
Соловьёв Михаил Романович,рядовой,5,60
Соловьёв Олег Михайлович,рядовой,1,42
Козлов Павел Юрьевич,капитан,8,43
Новиков Сергей Максимович,капитан,4,34
Лебедев Юрий Павлович,прапорщик,6,30
Яковлев Максим Павлович,рядовой,7,30
Зайцев Илья Кириллович,прапорщик,1,30
Захаров Матвей Юрьевич,сержант,11,54
Захаров Матвей Андреевич,лейтенант,2,53
Михайлов Денис Никитич,сержант,5,27
Кузнецов Павел Алексеевич,сержант,9,23
Лебедев Матвей Павлович,прапорщик,11,49
Семёнов Матвей Алексеевич,прапорщик,9,24
Соловьёв Иван Никитич,полковник,8,37
Попов Евгений Юрьевич,сержант,10,32
Михайлов Иван Романович,рядовой,10,56
Николаев Матвей Михайлович,рядовой,6,55
Орлов Никита Дмитриевич,лейтенант,4,31
Васильев Никита Олегович,сержант,2,49
Андреев Виктор Олегович,капитан,3,43
Новиков Олег Сергеевич,майор,10,41
Соколов Павел Викторович,капитан,5,49
Николаев Михаил Михайлович,сержант,2,50
Семёнов Никита Ильич,рядовой,2,42
Кузнецов Александр Сергеевич,полковник,12,57
Фёдоров Сергей Олегович,прапорщик,12,54
Морозов Олег Максимович,лейтенант,1,30
Степанов Максим Иванович,майор,7,47
Яковлев Степан Романович,прапорщик,8,60
Соколов Алексей Павлович,сержант,1,50
Андреев Евгений Дмитриевич,рядовой,3,50
Павлов Михаил Иванович,полковник,10,19
Соловьёв Степан Павлович,полковник,1,59
Новиков Артём Александрович,прапорщик,2,56
Козлов Александр Алексеевич,майор,2,23
Соловьёв Юрий Ильич,капитан,9,46
Смирнов Дмитрий Сергеевич,прапорщик,9,22
Козлов Степан Максимович,майор,12,53
Смирнов Егор Иванович,сержант,11,33
Захаров Андрей Ильич,лейтенант,12,23
Соловьёв Михаил Никитич,капитан,7,33
Козлов Дмитрий Юрьевич,полковник,12,44
Павлов Михаил Никитич,рядовой,1,30
Зайцев Денис Викторович,майор,3,22
Макаров Денис Павлович,капитан,7,37
Сидоров Юрий Олегович,полковник,1,23
Борисов Иван Иванович,рядовой,7,56
Соловьёв Константин Александрович,майор,12,36
Попов Егор Никитич,рядовой,5,50
Смирнов Иван Александрович,капитан,1,57
Новиков Сергей Павлович,майор,8,57
Фёдоров Максим Александрович,сержант,5,49
Никитин Алексей Максимович,сержант,5,26
Кочергин Сергей Андреевич,полковник,11,52
Козлов Илья Олегович,полковник,10,18
Морозов Константин Михайлович,прапорщик,7,52
Яковлев Константин Юрьевич,майор,3,60
Петров Юрий Олегович,лейтенант,7,50
Васильев Алексей Алексеевич,сержант,1,19
Захаров Виктор Викторович,полковник,8,40
Петров Евгений Михайлович,полковник,8,38
Петров Олег Павлович,полковник,2,22
Кочергин Артём Романович,сержант,9,59
Соколов Алексей Олегович,рядовой,6,34
Алексеев Юрий Павлович,майор,12,58
Попов Максим Александрович,прапорщик,1,38
Новиков Андрей Олегович,полковник,4,18
Смирнов Константин Дмитриевич,майор,11,28
Морозов Алексей Никитич,полковник,4,54
Соловьёв Олег Кириллович,лейтенант,7,25
Морозов Артём Ильич,прапорщик,5,25
Кузнецов Виктор Викторович,рядовой,1,36
Кузнецов Виктор Романович,сержант,2,25
Андреев Роман Дмитриевич,рядовой,9,21
Павлов Олег Александрович,полковник,12,29
Михайлов Павел Павлович,лейтенант,4,30
Морозов Никита Алексеевич,лейтенант,2,49
Петров Артём Павлович,лейтенант,1,28
Попов Юрий Ильич,рядовой,5,44
Степанов Кирилл Ильич,прапорщик,11,55
Попов Виктор Андреевич,майор,2,23
Макаров Максим Сергеевич,рядовой,7,55
Соловьёв Юрий Алексеевич,майор,2,50
Степанов Матвей Алексеевич,рядовой,7,59
Соловьёв Павел Олегович,капитан,11,46
Новиков Олег Алексеевич,прапорщик,7,18
Лебедев Михаил Кириллович,сержант,10,42
Алексеев Дмитрий Никитич,лейтенант,1,23
Соловьёв Артём Романович,прапорщик,10,33
Козлов Андрей Александрович,капитан,9,40
Кочергин Роман Павлович,капитан,3,27
Кузнецов Егор Андреевич,сержант,8,43
Михайлов Матвей Олегович,прапорщик,10,35
Степанов Олег Андреевич,рядовой,7,26
Петров Денис Никитич,полковник,10,49
Андреев Александр Сергеевич,майор,11,39
Павлов Олег Сергеевич,прапорщик,2,40
Егоров Кирилл Олегович,капитан,12,54
Орлов Александр Ильич,сержант,10,48
Яковлев Максим Романович,прапорщик,4,49
Алексеев Олег Максимович,сержант,1,21
Семёнов Дмитрий Ильич,полковник,6,57
Васильев Егор Сергеевич,майор,12,52
Морозов Егор Михайлович,лейтенант,10,53
Васильев Илья Александрович,сержант,12,53
Кузнецов Михаил Олегович,рядовой,9,37
Орлов Михаил Алексеевич,сержант,3,18
Сидоров Матвей Дмитриевич,рядовой,6,47
Иванов Дмитрий Юрьевич,майор,4,31
Николаев Артём Никитич,капитан,4,56
Козлов Степан Иванович,капитан,1,43
Никитин Илья Кириллович,капитан,2,55
Зайцев Константин Александрович,прапорщик,5,39
Козлов Степан Юрьевич,сержант,6,38
Кочергин Алексей Романович,майор,3,24
Степанов Иван Олегович,полковник,12,22
Соловьёв Роман Иванович,прапорщик,3,21
Соколов Кирилл Алексеевич,полковник,12,32
Петров Сергей Кириллович,сержант,4,57
Павлов Олег Дмитриевич,майор,11,27
Павлов Матвей Александрович,майор,7,31
Соловьёв Матвей Иванович,рядовой,12,53
Никитин Евгений Романович,капитан,6,48
Новиков Олег Алексеевич,лейтенант,2,31
Павлов Кирилл Дмитриевич,полковник,5,30
Попов Олег Кириллович,майор,5,27
Павлов Павел Олегович,лейтенант,8,53
Яковлев Павел Александрович,сержант,9,51
Алексеев Александр Юрьевич,майор,12,45
Петров Константин Алексеевич,рядовой,10,24
Никитин Кирилл Никитич,капитан,2,35
Семёнов Алексей Андреевич,лейтенант,3,55
Сидоров Олег Иванович,майор,3,19
Зайцев Никита Александрович,рядовой,5,30
Иванов Степан Юрьевич,полковник,5,51
Новиков Илья Иванович,капитан,9,44
Кузнецов Константин Кириллович,майор,7,23
Егоров Илья Максимович,капитан,6,50
Смирнов Денис Юрьевич,майор,12,50
Иванов Алексей Иванович,полковник,11,43
Иванов Александр Иванович,капитан,1,47
Орлов Алексей Никитич,рядовой,2,34
Семёнов Алексей Никитич,майор,5,30
Яковлев Кирилл Павлович,лейтенант,5,20
Семёнов Максим Павлович,сержант,3,38
Алексеев Александр Олегович,сержант,12,40
Смирнов Роман Ильич,капитан,7,34
Орлов Артём Викторович,капитан,3,20
Соколов Кирилл Михайлович,майор,12,41
Иванов Никита Ильич,рядовой,3,53
Павлов Артём Михайлович,сержант,9,32
Михайлов Юрий Дмитриевич,рядовой,6,24
Смирнов Илья Александрович,майор,8,30
Новиков Степан Никитич,капитан,11,24
Егоров Павел Никитич,сержант,5,18
Павлов Андрей Сергеевич,рядовой,1,18
Козлов Никита Александрович,капитан,8,24
Орлов Егор Романович,капитан,4,27
Николаев Илья Юрьевич,лейтенант,1,29
Петров Сергей Сергеевич,капитан,6,35
Васильев Сергей Павлович,лейтенант,11,34
Кузнецов Евгений Александрович,рядовой,4,59
Никитин Кирилл Никитич,капитан,9,26
Кочергин Виктор Олегович,майор,7,33
Соколов Степан Никитич,капитан,8,55
Михайлов Михаил Павлович,сержант,1,42
Павлов Артём Олегович,полковник,7,21
Смирнов Александр Максимович,полковник,3,29
Лебедев Михаил Олегович,прапорщик,11,19
Егоров Никита Павлович,прапорщик,3,51
Смирнов Максим Александрович,лейтенант,7,49
Борисов Юрий Андреевич,майор,4,50
Макаров Дмитрий Михайлович,майор,3,42
Новиков Максим Александрович,рядовой,1,40
Никитин Олег Ильич,капитан,11,26
Васильев Юрий Романович,сержант,1,50
Козлов Александр Александрович,сержант,10,39
Козлов Олег Ильич,лейтенант,8,51
Орлов Максим Юрьевич,рядовой,8,35
Соколов Никита Иванович,лейтенант,10,32
Орлов Константин Юрьевич,прапорщик,8,57
Козлов Павел Александрович,капитан,8,32
Новиков Роман Иванович,сержант,8,39
Степанов Матвей Дмитриевич,прапорщик,12,52
Морозов Евгений Дмитриевич,рядовой,12,32
Семёнов Дмитрий Александрович,рядовой,9,26
Кузнецов Виктор Иванович,прапорщик,12,35
Васильев Роман Дмитриевич,полковник,8,49
Кузнецов Олег Викторович,полковник,6,23
Лебедев Александр Дмитриевич,прапорщик,9,50
Борисов Алексей Сергеевич,лейтенант,11,49
Смирнов Егор Викторович,сержант,1,22
Соловьёв Евгений Дмитриевич,прапорщик,5,24
Смирнов Константин Дмитриевич,майор,5,38
Орлов Андрей Олегович,рядовой,4,20
Никитин Олег Андреевич,капитан,4,34
Попов Матвей Олегович,полковник,1,54
Смирнов Роман Романович,капитан,6,50
Борисов Павел Ильич,майор,1,39
Лебедев Никита Олегович,рядовой,6,51
Никитин Максим Романович,капитан,1,45
Андреев Михаил Дмитриевич,рядовой,5,50
Петров Михаил Кириллович,майор,4,19
Зайцев Артём Алексеевич,лейтенант,8,36
Кочергин Илья Павлович,сержант,7,53
Сидоров Степан Сергеевич,лейтенант,4,39
Сидоров Сергей Андреевич,сержант,6,21
Васильев Юрий Ильич,сержант,7,18
Алексеев Олег Юрьевич,полковник,1,50
Соколов Денис Андреевич,прапорщик,7,58
Иванов Александр Романович,лейтенант,6,41
Кузнецов Артём Олегович,полковник,9,47
Новиков Андрей Никитич,полковник,11,23
Фёдоров Александр Кириллович,лейтенант,8,29
Козлов Алексей Дмитриевич,сержант,1,38
Лебедев Александр Максимович,капитан,5,19
Морозов Максим Александрович,лейтенант,4,44
Андреев Роман Иванович,полковник,12,45
Макаров Максим Алексеевич,капитан,10,58
Морозов Юрий Викторович,прапорщик,2,26
Егоров Михаил Александрович,капитан,6,58
Соколов Максим Дмитриевич,рядовой,9,49
Фёдоров Евгений Иванович,лейтенант,1,40
Семёнов Юрий Дмитриевич,прапорщик,10,28
Михайлов Егор Олегович,лейтенант,6,51
Попов Сергей Романович,рядовой,7,35
Попов Иван Андреевич,полковник,2,23
Новиков Степан Алексеевич,прапорщик,5,23
Макаров Юрий Юрьевич,капитан,1,53
Иванов Евгений Павлович,сержант,3,49
Макаров Константин Ильич,прапорщик,5,54
Захаров Сергей Сергеевич,капитан,9,51
Яковлев Михаил Михайлович,рядовой,12,54
Егоров Роман Алексеевич,лейтенант,2,19
Алексеев Константин Андреевич,прапорщик,8,50
Семёнов Сергей Романович,прапорщик,10,44
Попов Александр Романович,полковник,5,27
Степанов Артём Ильич,полковник,9,27
Степанов Степан Олегович,лейтенант,2,43
Захаров Максим Павлович,капитан,1,25
Козлов Роман Иванович,лейтенант,4,35
Алексеев Олег Викторович,прапорщик,7,42
Лебедев Андрей Ильич,лейтенант,7,21
Андреев Андрей Иванович,прапорщик,8,45
Алексеев Алексей Дмитриевич,лейтенант,5,29
Михайлов Матвей Никитич,капитан,4,35
Павлов Максим Ильич,сержант,10,43
Захаров Никита Андреевич,прапорщик,9,33
Фёдоров Максим Никитич,рядовой,12,33
Петров Олег Иванович,сержант,6,49
Зайцев Егор Никитич,прапорщик,4,25
Павлов Артём Иванович,майор,8,54
Морозов Дмитрий Никитич,прапорщик,6,34
Сидоров Матвей Павлович,лейтенант,3,60
Смирнов Павел Максимович,майор,12,44
Морозов Михаил Викторович,лейтенант,10,49
Морозов Константин Олегович,лейтенант,3,57
Степанов Виктор Иванович,сержант,10,47
Соколов Михаил Дмитриевич,капитан,8,58
Яковлев Максим Павлович,рядовой,1,31
Соколов Константин Романович,капитан,3,44
Павлов Алексей Михайлович,лейтенант,10,26
Михайлов Сергей Юрьевич,полковник,7,60
Кочергин Павел Викторович,сержант,7,45
Сидоров Дмитрий Викторович,прапорщик,3,35
Смирнов Матвей Александрович,майор,8,27
Иванов Виктор Андреевич,майор,9,60
Фёдоров Егор Александрович,лейтенант,7,56
Павлов Павел Кириллович,майор,3,45
Иванов Иван Павлович,капитан,11,43
Орлов Роман Дмитриевич,лейтенант,3,25
Кузнецов Виктор Александрович,майор,10,58
Кузнецов Павел Юрьевич,майор,8,40
Соловьёв Матвей Дмитриевич,майор,9,57
Кочергин Матвей Романович,сержант,7,55
Михайлов Алексей Олегович,прапорщик,10,24
Соловьёв Михаил Ильич,полковник,7,52
Степанов Дмитрий Юрьевич,капитан,5,35
Павлов Олег Дмитриевич,сержант,7,53
Кузнецов Юрий Алексеевич,рядовой,1,52
Петров Денис Романович,майор,8,39
Борисов Евгений Викторович,сержант,4,53
Морозов Олег Максимович,майор,12,45
Иванов Артём Олегович,майор,5,37
Смирнов Егор Кириллович,полковник,1,48
Смирнов Константин Олегович,рядовой,1,32
Алексеев Андрей Ильич,капитан,5,34
Михайлов Андрей Никитич,майор,2,45
Иванов Роман Олегович,полковник,11,56
Михайлов Егор Иванович,сержант,8,21
Иванов Илья Ильич,рядовой,1,58
Смирнов Степан Алексеевич,рядовой,4,50
Николаев Юрий Никитич,майор,4,29
Соколов Андрей Романович,лейтенант,10,31
Петров Никита Алексеевич,полковник,8,22
Яковлев Степан Кириллович,рядовой,10,36
Павлов Кирилл Ильич,сержант,12,43
Лебедев Кирилл Кириллович,капитан,1,28
Попов Степан Никитич,капитан,3,23
Николаев Егор Юрьевич,сержант,8,52
Захаров Сергей Михайлович,капитан,3,26
Макаров Виктор Дмитриевич,прапорщик,8,58
Макаров Илья Викторович,лейтенант,3,27
Смирнов Дмитрий Викторович,лейтенант,5,23
Соловьёв Александр Иванович,майор,11,48
Смирнов Константин Александрович,майор,10,58
Никитин Илья Михайлович,рядовой,11,38
Захаров Сергей Никитич,рядовой,2,34
Егоров Максим Ильич,рядовой,7,39
Лебедев Денис Ильич,полковник,8,20
Зайцев Михаил Ильич,полковник,12,38
Степанов Юрий Михайлович,прапорщик,10,23
Соловьёв Максим Кириллович,майор,8,36
Андреев Алексей Андреевич,капитан,7,26
Зайцев Андрей Никитич,сержант,10,40
Петров Михаил Романович,майор,10,46
Морозов Олег Павлович,полковник,2,43
Соловьёв Дмитрий Иванович,рядовой,1,28
Иванов Андрей Максимович,майор,4,35
Фёдоров Сергей Павлович,полковник,1,46
Васильев Максим Никитич,прапорщик,9,30
Зайцев Евгений Кириллович,полковник,4,30
Соколов Андрей Викторович,капитан,4,50
Морозов Сергей Кириллович,капитан,2,20
Орлов Илья Дмитриевич,сержант,11,60
Морозов Евгений Ильич,сержант,9,18
Павлов Олег Дмитриевич,полковник,12,44
Зайцев Виктор Иванович,майор,7,32
Сидоров Иван Романович,сержант,5,48
Андреев Павел Павлович,сержант,2,60
Кузнецов Павел Юрьевич,лейтенант,1,45
Яковлев Егор Дмитриевич,капитан,9,52
Михайлов Евгений Ильич,сержант,9,28
Иванов Егор Кириллович,рядовой,1,59
Петров Илья Михайлович,прапорщик,4,31
Семёнов Евгений Олегович,полковник,6,45
Николаев Юрий Алексеевич,майор,11,51
Степанов Сергей Сергеевич,майор,12,51
Фёдоров Юрий Кириллович,прапорщик,6,59
Соколов Никита Максимович,лейтенант,9,21
Кочергин Егор Никитич,рядовой,3,54
Иванов Александр Никитич,майор,4,32
Смирнов Евгений Ильич,полковник,4,39
Захаров Павел Романович,капитан,10,55
Орлов Олег Олегович,майор,8,32
Зайцев Виктор Ильич,лейтенант,11,40
Михайлов Евгений Алексеевич,полковник,6,44
Морозов Виктор Алексеевич,полковник,3,48
Алексеев Михаил Никитич,лейтенант,2,37
Иванов Александр Александрович,прапорщик,6,30
Андреев Павел Никитич,лейтенант,4,30
Новиков Сергей Павлович,майор,1,46
Васильев Виктор Сергеевич,лейтенант,3,44
Соколов Максим Алексеевич,лейтенант,1,24
Морозов Денис Сергеевич,майор,8,60
Соловьёв Матвей Романович,полковник,3,60
Козлов Илья Викторович,сержант,4,23
Захаров Александр Алексеевич,рядовой,11,33
Никитин Егор Романович,капитан,5,31
Васильев Матвей Олегович,майор,12,35
Егоров Сергей Романович,сержант,7,45
Лебедев Иван Романович,капитан,4,24
Зайцев Александр Викторович,полковник,4,22
Николаев Сергей Иванович,полковник,3,24
Яковлев Степан Андреевич,сержант,4,45
Смирнов Денис Олегович,майор,11,28
Фёдоров Роман Павлович,лейтенант,2,58
Захаров Егор Алексеевич,прапорщик,3,18
Захаров Виктор Алексеевич,лейтенант,6,45
Семёнов Павел Иванович,полковник,2,55
Семёнов Андрей Андреевич,сержант,5,30
Андреев Алексей Юрьевич,капитан,6,57
Борисов Евгений Олегович,капитан,10,20
Кочергин Олег Юрьевич,лейтенант,10,56
Михайлов Олег Олегович,полковник,2,53
Алексеев Кирилл Юрьевич,капитан,8,40
Петров Олег Никитич,капитан,3,23
Петров Константин Кириллович,рядовой,12,45
Борисов Константин Сергеевич,рядовой,12,42
Лебедев Юрий Юрьевич,прапорщик,10,57
Семёнов Сергей Андреевич,прапорщик,9,24
Алексеев Денис Кириллович,лейтенант,11,26
Кочергин Павел Сергеевич,капитан,8,57
Яковлев Евгений Олегович,полковник,5,21
Сидоров Матвей Юрьевич,майор,9,32
Иванов Егор Максимович,лейтенант,10,29
Алексеев Степан Сергеевич,капитан,5,19
Фёдоров Егор Кириллович,рядовой,4,27
Кузнецов Александр Никитич,лейтенант,11,53
Попов Павел Кириллович,прапорщик,3,48
Алексеев Сергей Александрович,капитан,6,48
Петров Андрей Романович,полковник,7,57
Попов Павел Павлович,лейтенант,8,43
Алексеев Роман Михайлович,сержант,6,29
Семёнов Илья Алексеевич,рядовой,8,50
Зайцев Алексей Викторович,полковник,2,48
Попов Михаил Никитич,рядовой,9,29
Николаев Михаил Юрьевич,рядовой,8,20
Козлов Павел Максимович,майор,4,50
Сидоров Александр Александрович,лейтенант,11,31
Попов Степан Александрович,сержант,12,36
Кузнецов Виктор Ильич,капитан,11,20
Орлов Иван Алексеевич,сержант,9,27
Николаев Михаил Романович,прапорщик,7,26
Кузнецов Никита Иванович,сержант,6,57
Борисов Олег Романович,лейтенант,8,48
Смирнов Денис Романович,майор,5,60
Семёнов Артём Кириллович,рядовой,12,24
Михайлов Денис Андреевич,капитан,2,22
Алексеев Виктор Максимович,майор,1,37
Козлов Олег Кириллович,прапорщик,1,58
Павлов Максим Максимович,сержант,12,56
Смирнов Максим Максимович,капитан,12,44
Кочергин Степан Павлович,прапорщик,12,25
Козлов Павел Дмитриевич,майор,4,18
Соловьёв Михаил Олегович,прапорщик,8,26
Андреев Александр Викторович,майор,10,31
Семёнов Егор Александрович,капитан,11,37
Макаров Андрей Андреевич,полковник,4,34
Кочергин Виктор Максимович,капитан,6,60
Сидоров Олег Сергеевич,прапорщик,5,56
Алексеев Кирилл Дмитриевич,майор,12,40
Алексеев Никита Сергеевич,рядовой,9,35
Кузнецов Юрий Юрьевич,полковник,6,33
Орлов Константин Иванович,сержант,10,27
Васильев Михаил Сергеевич,майор,6,26
Егоров Егор Алексеевич,сержант,8,26
Алексеев Иван Олегович,рядовой,10,27
Новиков Денис Юрьевич,сержант,10,23
Соколов Максим Дмитриевич,прапорщик,1,47
Смирнов Илья Павлович,капитан,1,44
Сидоров Кирилл Ильич,майор,3,25
Егоров Максим Дмитриевич,рядовой,12,56
Зайцев Иван Сергеевич,майор,9,50
Степанов Артём Сергеевич,майор,10,60
Соколов Михаил Дмитриевич,полковник,8,27
Козлов Юрий Никитич,прапорщик,2,57
Степанов Иван Дмитриевич,прапорщик,4,32
Петров Александр Иванович,рядовой,8,48
Сидоров Егор Викторович,капитан,2,54
Петров Матвей Михайлович,прапорщик,9,49
Иванов Максим Максимович,рядовой,6,41
Соколов Егор Андреевич,сержант,7,50
Кочергин Егор Кириллович,сержант,7,23
Попов Виктор Кириллович,капитан,4,22
Смирнов Роман Павлович,майор,4,53
Алексеев Денис Сергеевич,прапорщик,10,46
Фёдоров Степан Олегович,майор,3,22
Соколов Максим Дмитриевич,капитан,2,18
Козлов Дмитрий Никитич,полковник,9,52
Кузнецов Артём Олегович,рядовой,10,41
Козлов Андрей Максимович,майор,3,55
Кузнецов Евгений Александрович,полковник,2,49
Новиков Александр Юрьевич,майор,4,50
Смирнов Виктор Викторович,рядовой,5,57
Смирнов Кирилл Иванович,лейтенант,11,47
Козлов Роман Михайлович,лейтенант,4,42
Кочергин Павел Алексеевич,капитан,2,50
Борисов Олег Никитич,сержант,1,30
Петров Алексей Александрович,майор,9,34
Макаров Алексей Дмитриевич,полковник,2,35
Петров Егор Викторович,майор,6,41
Павлов Андрей Кириллович,прапорщик,11,59
Борисов Денис Олегович,рядовой,7,42
Петров Олег Романович,прапорщик,6,37
Семёнов Кирилл Михайлович,капитан,11,49
Егоров Никита Алексеевич,майор,12,60
Васильев Роман Олегович,полковник,5,25
Николаев Юрий Романович,сержант,11,56
Андреев Илья Максимович,капитан,3,22
Яковлев Кирилл Павлович,лейтенант,1,33
Сидоров Матвей Ильич,капитан,8,44
Зайцев Иван Кириллович,полковник,3,19
Степанов Евгений Ильич,лейтенант,4,48
Егоров Илья Павлович,капитан,4,39
Новиков Сергей Никитич,сержант,2,37
Соколов Артём Александрович,лейтенант,10,45
Степанов Михаил Андреевич,лейтенант,10,26
Андреев Никита Алексеевич,сержант,11,26
Яковлев Егор Ильич,полковник,6,30
Соловьёв Александр Сергеевич,полковник,3,48
Фёдоров Алексей Иванович,капитан,8,38
Андреев Виктор Кириллович,капитан,3,47
Михайлов Кирилл Кириллович,рядовой,11,18
Попов Денис Максимович,лейтенант,10,20
Павлов Денис Дмитриевич,сержант,1,35
Яковлев Кирилл Ильич,прапорщик,5,37
Лебедев Алексей Никитич,сержант,12,46
Борисов Юрий Викторович,прапорщик,6,29
Соловьёв Константин Алексеевич,полковник,6,57
Михайлов Артём Ильич,майор,3,42
Макаров Сергей Андреевич,полковник,9,56
Степанов Виктор Иванович,сержант,10,23
Лебедев Иван Павлович,капитан,12,39
Кочергин Константин Павлович,прапорщик,10,50
Кузнецов Александр Олегович,сержант,4,35
Попов Павел Юрьевич,сержант,7,46
Соловьёв Кирилл Максимович,лейтенант,11,50
Лебедев Евгений Дмитриевич,прапорщик,3,57
Петров Степан Михайлович,полковник,2,50
Соловьёв Кирилл Ильич,капитан,5,30
Егоров Артём Иванович,рядовой,9,35
Соловьёв Егор Никитич,майор,12,31
Захаров Иван Иванович,полковник,8,32
Андреев Кирилл Никитич,прапорщик,1,21
Кочергин Иван Романович,прапорщик,6,39
Яковлев Алексей Максимович,прапорщик,1,55
Андреев Евгений Иванович,майор,11,44
Новиков Максим Андреевич,рядовой,7,33
Попов Егор Михайлович,прапорщик,3,60
Михайлов Александр Михайлович,полковник,8,54
Орлов Павел Олегович,капитан,6,42
Лебедев Андрей Алексеевич,майор,4,58
Орлов Павел Дмитриевич,капитан,1,43
Соловьёв Алексей Кириллович,лейтенант,4,51
Козлов Александр Максимович,прапорщик,5,36
Лебедев Юрий Романович,прапорщик,6,56
Соловьёв Алексей Романович,капитан,9,56
Яковлев Никита Романович,сержант,2,28
Семёнов Юрий Павлович,сержант,6,56
Егоров Олег Иванович,рядовой,1,52
Соколов Максим Иванович,рядовой,12,27
Иванов Олег Дмитриевич,майор,1,51
Борисов Егор Дмитриевич,рядовой,9,56
Фёдоров Илья Ильич,рядовой,8,54
Васильев Иван Алексеевич,рядовой,4,51
Семёнов Артём Александрович,лейтенант,11,33
Петров Денис Максимович,лейтенант,10,29
Смирнов Олег Андреевич,сержант,7,51
Павлов Алексей Дмитриевич,рядовой,10,21
Никитин Виктор Иванович,сержант,8,50
Никитин Олег Ильич,сержант,12,34
Михайлов Андрей Кириллович,майор,11,52
Орлов Степан Сергеевич,капитан,5,44
Борисов Илья Сергеевич,сержант,11,45
Кузнецов Андрей Сергеевич,капитан,11,33
Алексеев Егор Дмитриевич,майор,9,29
Орлов Денис Юрьевич,рядовой,4,43
Андреев Виктор Алексеевич,рядовой,9,42
Кочергин Сергей Сергеевич,полковник,9,24
Петров Евгений Иванович,сержант,6,44
Захаров Егор Викторович,сержант,11,35
Соловьёв Максим Павлович,майор,6,20
Кузнецов Андрей Юрьевич,сержант,10,20
Петров Илья Романович,прапорщик,4,28
Семёнов Андрей Сергеевич,сержант,10,38
Макаров Алексей Викторович,майор,5,19
Морозов Дмитрий Романович,рядовой,2,57
Орлов Иван Ильич,лейтенант,8,27
Сидоров Сергей Андреевич,рядовой,3,24
Фёдоров Константин Олегович,сержант,5,24
Павлов Максим Андреевич,прапорщик,5,45
Павлов Андрей Юрьевич,рядовой,12,40
Захаров Михаил Олегович,капитан,12,30
Павлов Виктор Павлович,лейтенант,4,44
Новиков Евгений Никитич,рядовой,11,47
Никитин Виктор Дмитриевич,рядовой,8,46
Соловьёв Егор Александрович,сержант,12,56
Алексеев Роман Олегович,сержант,6,29
Лебедев Дмитрий Викторович,капитан,9,18
Зайцев Павел Романович,прапорщик,8,54
Андреев Евгений Дмитриевич,лейтенант,9,42
Алексеев Илья Ильич,майор,12,19
Орлов Виктор Никитич,сержант,8,21
Зайцев Дмитрий Романович,сержант,5,21
Михайлов Сергей Олегович,рядовой,10,46
Соколов Егор Андреевич,майор,1,60
Иванов Матвей Михайлович,лейтенант,6,58
Алексеев Максим Максимович,прапорщик,6,49
Кузнецов Юрий Алексеевич,прапорщик,2,27
Морозов Артём Викторович,полковник,10,40
Алексеев Александр Ильич,сержант,9,23
Орлов Роман Юрьевич,майор,5,22
Сидоров Илья Андреевич,полковник,10,38
Кузнецов Сергей Алексеевич,лейтенант,4,41
Соколов Алексей Дмитриевич,полковник,1,20
Никитин Илья Юрьевич,капитан,11,54
Фёдоров Алексей Александрович,лейтенант,4,44
Васильев Никита Алексеевич,майор,11,50
Петров Максим Романович,майор,8,45
Захаров Кирилл Дмитриевич,капитан,10,53
Лебедев Алексей Юрьевич,полковник,7,24
Иванов Юрий Олегович,капитан,8,22
Козлов Юрий Иванович,майор,4,58
Морозов Максим Ильич,прапорщик,1,20
Попов Илья Дмитриевич,лейтенант,12,55
Васильев Сергей Михайлович,лейтенант,8,32
Никитин Денис Андреевич,майор,7,35
Андреев Олег Дмитриевич,лейтенант,2,57
Егоров Артём Алексеевич,майор,5,45
Орлов Денис Романович,прапорщик,1,27
Андреев Степан Иванович,майор,4,36
Петров Виктор Андреевич,полковник,9,60
Михайлов Матвей Максимович,майор,9,38
Смирнов Константин Олегович,рядовой,8,54
Захаров Матвей Дмитриевич,сержант,12,20
Орлов Степан Романович,лейтенант,7,40
Никитин Кирилл Иванович,прапорщик,2,52
Алексеев Андрей Алексеевич,полковник,11,59
Николаев Павел Андреевич,капитан,5,46
Морозов Роман Никитич,полковник,12,28
Васильев Алексей Романович,полковник,4,46
Козлов Алексей Алексеевич,прапорщик,3,47
Новиков Павел Дмитриевич,майор,5,31
Зайцев Виктор Максимович,прапорщик,2,23
Соловьёв Александр Романович,лейтенант,9,34
Алексеев Виктор Александрович,сержант,3,19
Иванов Кирилл Андреевич,лейтенант,7,38
Степанов Матвей Алексеевич,прапорщик,12,27
Яковлев Никита Дмитриевич,майор,6,55
Орлов Олег Олегович,капитан,12,38
Козлов Андрей Викторович,сержант,10,31
Кузнецов Матвей Никитич,сержант,7,45
Борисов Егор Юрьевич,капитан,11,32
Макаров Павел Викторович,капитан,4,54
Лебедев Виктор Александрович,полковник,6,47
Макаров Артём Викторович,капитан,3,60
Захаров Алексей Олегович,прапорщик,8,59
Никитин Александр Михайлович,лейтенант,6,54
Захаров Андрей Викторович,полковник,10,31
Николаев Никита Юрьевич,майор,12,26
Макаров Олег Романович,капитан,7,42
Петров Евгений Сергеевич,рядовой,5,31
Иванов Андрей Иванович,капитан,7,53
Фёдоров Егор Михайлович,полковник,10,43
Семёнов Егор Александрович,майор,12,59
Михайлов Никита Олегович,капитан,12,29
Козлов Артём Викторович,лейтенант,12,48
Алексеев Андрей Иванович,лейтенант,6,58
Попов Виктор Кириллович,прапорщик,5,19
Андреев Дмитрий Максимович,сержант,5,47
Макаров Никита Максимович,лейтенант,3,27
Семёнов Юрий Максимович,капитан,1,22
Борисов Денис Никитич,прапорщик,4,25
Зайцев Олег Михайлович,капитан,5,37
Андреев Виктор Павлович,рядовой,9,58
Николаев Кирилл Олегович,лейтенант,6,42
Морозов Юрий Никитич,рядовой,6,50
Павлов Максим Максимович,полковник,5,21
Иванов Павел Александрович,прапорщик,2,58
Соловьёв Денис Викторович,сержант,7,54
Никитин Дмитрий Кириллович,прапорщик,8,46
Николаев Егор Ильич,сержант,9,43
Степанов Егор Олегович,прапорщик,2,35
Козлов Кирилл Сергеевич,полковник,9,50
Соловьёв Андрей Александрович,полковник,12,40
Фёдоров Артём Олегович,рядовой,8,26
Орлов Алексей Иванович,капитан,6,21
Кочергин Александр Никитич,лейтенант,10,24
Морозов Юрий Павлович,майор,4,55
Смирнов Андрей Андреевич,майор,11,53
Макаров Алексей Романович,полковник,1,26
Николаев Виктор Александрович,лейтенант,12,24
Сидоров Илья Михайлович,рядовой,4,44
Васильев Степан Павлович,прапорщик,7,30
Степанов Александр Никитич,прапорщик,11,34
Попов Андрей Максимович,капитан,11,31
Борисов Алексей Алексеевич,лейтенант,5,25
Новиков Степан Алексеевич,полковник,3,55
Михайлов Константин Никитич,лейтенант,3,29
Морозов Юрий Александрович,капитан,8,41
Фёдоров Максим Олегович,полковник,8,37
Зайцев Юрий Алексеевич,рядовой,12,42
Николаев Илья Олегович,лейтенант,10,54
Попов Евгений Никитич,прапорщик,9,27
Васильев Кирилл Алексеевич,сержант,9,59
Новиков Максим Дмитриевич,майор,10,22
Иванов Роман Дмитриевич,капитан,11,33
Козлов Андрей Романович,полковник,4,48
Фёдоров Сергей Алексеевич,полковник,2,32
Никитин Юрий Александрович,капитан,6,22
Кочергин Артём Юрьевич,лейтенант,11,48
Макаров Степан Михайлович,полковник,1,56
Смирнов Михаил Дмитриевич,капитан,3,43
Семёнов Алексей Иванович,полковник,11,35
Орлов Дмитрий Кириллович,майор,10,27
Соколов Максим Павлович,сержант,3,45
Кузнецов Кирилл Романович,прапорщик,3,59
Алексеев Матвей Сергеевич,лейтенант,7,52
Яковлев Евгений Сергеевич,полковник,4,19
Козлов Андрей Сергеевич,сержант,7,52
Попов Павел Ильич,майор,3,43
Зайцев Иван Алексеевич,сержант,7,51
Егоров Алексей Михайлович,сержант,3,55
Соколов Кирилл Михайлович,сержант,7,31
Сидоров Роман Александрович,прапорщик,1,20
Соколов Иван Викторович,майор,2,43
Андреев Алексей Олегович,сержант,4,52
Соколов Артём Никитич,сержант,11,37
Степанов Дмитрий Павлович,сержант,4,58
Васильев Егор Дмитриевич,майор,10,22
Попов Степан Дмитриевич,лейтенант,4,25
Новиков Егор Юрьевич,сержант,11,21
Макаров Андрей Алексеевич,майор,3,22
Лебедев Константин Михайлович,прапорщик,2,19
Степанов Олег Никитич,майор,1,18
Морозов Алексей Дмитриевич,прапорщик,11,30
Фёдоров Роман Павлович,лейтенант,6,23
Михайлов Юрий Максимович,прапорщик,5,50
Морозов Кирилл Романович,лейтенант,3,22
Кочергин Александр Дмитриевич,лейтенант,6,51
Николаев Егор Романович,лейтенант,6,24
Семёнов Иван Андреевич,майор,2,33
Морозов Константин Михайлович,рядовой,10,23
Захаров Денис Олегович,лейтенант,3,43
Морозов Егор Дмитриевич,полковник,2,26
Кузнецов Юрий Юрьевич,рядовой,11,52
Сидоров Алексей Юрьевич,полковник,6,20
Кочергин Евгений Викторович,сержант,9,31
Сидоров Сергей Максимович,майор,4,21
Соловьёв Артём Ильич,лейтенант,3,60
Павлов Андрей Иванович,сержант,7,27
Захаров Александр Алексеевич,майор,6,51
Козлов Максим Сергеевич,майор,4,44
Алексеев Евгений Дмитриевич,лейтенант,9,56
Соловьёв Александр Юрьевич,рядовой,1,20
Иванов Алексей Романович,майор,7,52
Лебедев Сергей Михайлович,полковник,1,21
Михайлов Евгений Александрович,капитан,1,55
Кочергин Никита Михайлович,полковник,12,24
Смирнов Андрей Максимович,майор,1,21
Захаров Матвей Никитич,рядовой,2,26
Васильев Александр Максимович,майор,5,45
Сидоров Дмитрий Андреевич,майор,12,23
Алексеев Сергей Иванович,лейтенант,4,31
Андреев Денис Никитич,лейтенант,5,42
Андреев Дмитрий Ильич,майор,3,37
Соколов Павел Романович,прапорщик,6,33
Смирнов Роман Ильич,рядовой,1,29
Васильев Денис Павлович,рядовой,3,18
Сидоров Роман Кириллович,полковник,2,58
Семёнов Степан Максимович,прапорщик,10,58
Макаров Алексей Никитич,сержант,2,43
Егоров Александр Никитич,майор,3,46
Морозов Кирилл Викторович,майор,1,21
Козлов Роман Юрьевич,прапорщик,4,47
Егоров Евгений Иванович,капитан,12,24
Кочергин Дмитрий Алексеевич,лейтенант,4,39
Андреев Сергей Андреевич,капитан,2,51
Алексеев Александр Павлович,полковник,12,23
Кочергин Никита Юрьевич,лейтенант,11,34
Захаров Павел Андреевич,полковник,6,37
Николаев Кирилл Кириллович,полковник,2,20
Фёдоров Михаил Алексеевич,лейтенант,11,29
Кузнецов Максим Сергеевич,прапорщик,7,19
Яковлев Дмитрий Иванович,сержант,10,51
Попов Максим Александрович,полковник,4,49
Егоров Александр Дмитриевич,капитан,10,31
Новиков Константин Ильич,рядовой,7,26
Петров Михаил Юрьевич,рядовой,2,35
Соловьёв Константин Романович,капитан,5,38
Зайцев Денис Максимович,капитан,3,38
Соколов Павел Иванович,лейтенант,1,18
Егоров Евгений Михайлович,рядовой,2,37
Андреев Андрей Ильич,прапорщик,4,50
Николаев Константин Сергеевич,сержант,6,47
Новиков Егор Романович,лейтенант,12,29
Смирнов Алексей Кириллович,рядовой,1,46
Зайцев Степан Юрьевич,капитан,7,46
Павлов Илья Ильич,полковник,6,49
Михайлов Павел Дмитриевич,рядовой,5,30
Васильев Михаил Павлович,лейтенант,12,25
Павлов Егор Олегович,капитан,10,34
Сидоров Степан Ильич,прапорщик,10,51
Кочергин Кирилл Алексеевич,прапорщик,10,53
Кузнецов Сергей Дмитриевич,сержант,2,38
Михайлов Роман Юрьевич,полковник,6,45
Егоров Денис Михайлович,капитан,7,23
Яковлев Роман Кириллович,прапорщик,3,60
Алексеев Сергей Михайлович,лейтенант,6,54
Борисов Павел Алексеевич,майор,4,25
Иванов Михаил Романович,майор,12,56
Иванов Максим Дмитриевич,полковник,1,18
Борисов Кирилл Михайлович,рядовой,8,26
Новиков Константин Максимович,прапорщик,7,31
Петров Юрий Юрьевич,лейтенант,7,52
Фёдоров Алексей Кириллович,рядовой,4,42
Иванов Евгений Олегович,лейтенант,7,28
Лебедев Егор Алексеевич,сержант,11,45
Козлов Илья Андреевич,прапорщик,4,21
Соловьёв Константин Дмитриевич,капитан,1,30
Новиков Никита Кириллович,майор,4,20
Морозов Андрей Павлович,капитан,11,20
Зайцев Олег Михайлович,прапорщик,9,19
Яковлев Юрий Максимович,рядовой,12,50
Иванов Егор Сергеевич,капитан,4,28
Лебедев Илья Иванович,майор,6,44
Васильев Виктор Викторович,прапорщик,10,60
Захаров Матвей Юрьевич,полковник,3,60
Павлов Павел Алексеевич,прапорщик,6,60
Попов Павел Иванович,сержант,12,56
Зайцев Илья Викторович,майор,12,54
Захаров Матвей Сергеевич,рядовой,9,49
Николаев Иван Алексеевич,лейтенант,7,26
Васильев Юрий Сергеевич,рядовой,11,44
Орлов Алексей Павлович,рядовой,10,19
Зайцев Денис Александрович,майор,7,50
Соловьёв Алексей Михайлович,прапорщик,7,45
Попов Максим Сергеевич,капитан,1,25
Никитин Александр Ильич,прапорщик,1,25
Соколов Степан Дмитриевич,лейтенант,12,34
Сидоров Артём Андреевич,полковник,5,49
Смирнов Александр Павлович,капитан,12,42
Соколов Денис Иванович,лейтенант,8,59
Захаров Матвей Михайлович,прапорщик,4,36
Борисов Константин Олегович,сержант,6,31
Степанов Кирилл Дмитриевич,рядовой,12,25
Николаев Дмитрий Алексеевич,сержант,8,57
Алексеев Виктор Александрович,капитан,4,37
Степанов Алексей Никитич,прапорщик,11,35
Смирнов Сергей Олегович,полковник,7,58
Николаев Кирилл Викторович,майор,7,28
Петров Егор Олегович,прапорщик,11,41
Борисов Юрий Олегович,сержант,1,38
Попов Андрей Михайлович,сержант,8,20
Петров Сергей Андреевич,лейтенант,11,28
Яковлев Егор Никитич,рядовой,2,33
Павлов Илья Павлович,лейтенант,7,59
Кочергин Денис Викторович,сержант,7,38
Никитин Илья Викторович,полковник,11,29
Семёнов Дмитрий Сергеевич,сержант,9,34
Макаров Олег Романович,лейтенант,9,25
Козлов Иван Александрович,рядовой,7,29
Орлов Артём Михайлович,сержант,1,28
Сидоров Алексей Максимович,лейтенант,2,37
Лебедев Егор Романович,лейтенант,4,25
Сидоров Матвей Иванович,сержант,8,19
Сидоров Степан Андреевич,прапорщик,1,26
Соловьёв Егор Ильич,прапорщик,4,29
Морозов Евгений Викторович,сержант,7,54
Павлов Евгений Ильич,сержант,1,42
Степанов Степан Викторович,капитан,9,44
Борисов Егор Александрович,прапорщик,1,53
Соколов Илья Кириллович,сержант,9,27
Соловьёв Никита Максимович,сержант,12,18
Соловьёв Кирилл Максимович,рядовой,12,54
Яковлев Кирилл Сергеевич,прапорщик,1,38
Смирнов Олег Иванович,сержант,11,34
Соловьёв Дмитрий Кириллович,полковник,3,50
Морозов Михаил Павлович,сержант,8,18
Егоров Никита Иванович,сержант,2,56
Соловьёв Алексей Викторович,полковник,10,44
Петров Виктор Романович,полковник,11,20
Зайцев Роман Александрович,прапорщик,10,54
Зайцев Степан Максимович,прапорщик,1,37
Никитин Михаил Андреевич,капитан,9,43
Егоров Матвей Викторович,лейтенант,11,33
Зайцев Матвей Олегович,рядовой,7,37
Смирнов Кирилл Павлович,майор,12,31
Андреев Матвей Романович,сержант,9,39
Соколов Евгений Иванович,капитан,10,25
Андреев Кирилл Иванович,лейтенант,7,24
Павлов Александр Александрович,рядовой,3,50
Яковлев Алексей Павлович,лейтенант,4,48
Алексеев Егор Павлович,майор,4,48
Борисов Иван Сергеевич,лейтенант,8,24
Кочергин Юрий Юрьевич,полковник,12,59
Яковлев Денис Кириллович,сержант,5,43
Павлов Сергей Олегович,полковник,5,35
Николаев Александр Никитич,майор,12,36
Орлов Павел Юрьевич,полковник,6,44
Макаров Роман Андреевич,сержант,4,39
Соловьёв Александр Викторович,майор,8,43
Сидоров Илья Максимович,прапорщик,8,31
Новиков Константин Михайлович,майор,10,47
Алексеев Артём Ильич,полковник,1,19
Смирнов Максим Викторович,сержант,9,56
Андреев Виктор Юрьевич,майор,4,34
Алексеев Матвей Олегович,майор,4,33
Захаров Андрей Кириллович,лейтенант,5,59
Попов Сергей Викторович,рядовой,2,47
Соловьёв Сергей Викторович,прапорщик,5,59
Семёнов Степан Алексеевич,лейтенант,9,28
Михайлов Илья Кириллович,сержант,7,51
Новиков Виктор Павлович,майор,9,48
Сидоров Алексей Юрьевич,рядовой,9,38
Попов Евгений Викторович,прапорщик,4,19
Петров Михаил Андреевич,прапорщик,12,57
Фёдоров Максим Юрьевич,сержант,4,23
Кочергин Степан Ильич,полковник,5,53
Захаров Денис Дмитриевич,полковник,10,48
Попов Виктор Андреевич,полковник,4,27
Смирнов Дмитрий Иванович,лейтенант,10,48
Павлов Андрей Андреевич,майор,1,23
Фёдоров Илья Иванович,лейтенант,11,60
Егоров Степан Алексеевич,рядовой,8,59
Новиков Иван Олегович,полковник,8,49
Иванов Виктор Александрович,сержант,4,54
Яковлев Илья Максимович,капитан,6,26
Яковлев Кирилл Андреевич,лейтенант,1,29
Смирнов Андрей Юрьевич,лейтенант,10,59
Иванов Илья Максимович,прапорщик,1,51
Андреев Павел Никитич,прапорщик,1,19
Никитин Иван Олегович,сержант,2,19
Лебедев Юрий Андреевич,капитан,12,22
Семёнов Алексей Иванович,капитан,12,44
Сидоров Степан Павлович,прапорщик,11,36
Петров Олег Михайлович,сержант,3,38
Макаров Сергей Михайлович,лейтенант,6,18
Алексеев Сергей Кириллович,капитан,5,60
Сидоров Кирилл Юрьевич,лейтенант,2,37
Зайцев Олег Викторович,полковник,9,35
Кузнецов Артём Андреевич,лейтенант,8,24
Новиков Александр Никитич,капитан,2,22
Макаров Денис Кириллович,прапорщик,12,57
Козлов Артём Сергеевич,лейтенант,6,51
Попов Олег Александрович,прапорщик,6,48
Захаров Константин Сергеевич,капитан,12,41
Соколов Максим Дмитриевич,полковник,7,53
Соколов Артём Юрьевич,прапорщик,1,20
Соловьёв Олег Андреевич,прапорщик,3,26
Соколов Дмитрий Романович,прапорщик,2,48
Попов Александр Никитич,капитан,6,26
Орлов Павел Дмитриевич,полковник,5,27
Кузнецов Матвей Михайлович,майор,5,42
Яковлев Матвей Ильич,рядовой,3,21
Петров Виктор Романович,прапорщик,10,36
Зайцев Сергей Иванович,капитан,2,39
Васильев Иван Олегович,сержант,5,57
Кочергин Константин Александрович,майор,5,50
Новиков Андрей Олегович,сержант,11,60
Козлов Павел Алексеевич,майор,7,45
Захаров Юрий Кириллович,майор,7,42
Борисов Илья Максимович,лейтенант,5,57
Михайлов Андрей Юрьевич,рядовой,3,50
Попов Алексей Александрович,сержант,8,59
Новиков Максим Дмитриевич,лейтенант,3,46
Кочергин Максим Максимович,полковник,10,55
Морозов Сергей Алексеевич,рядовой,6,21
Лебедев Артём Юрьевич,сержант,9,56
Лебедев Андрей Дмитриевич,сержант,1,20
Смирнов Кирилл Дмитриевич,прапорщик,1,59
Андреев Михаил Максимович,лейтенант,6,36
Макаров Роман Романович,прапорщик,10,48
Петров Кирилл Максимович,полковник,1,18
Андреев Евгений Дмитриевич,лейтенант,1,32
Новиков Илья Алексеевич,лейтенант,2,50
Захаров Дмитрий Кириллович,рядовой,3,19
Егоров Алексей Андреевич,майор,10,30
Лебедев Артём Павлович,лейтенант,11,20
Михайлов Иван Дмитриевич,майор,1,29
Яковлев Александр Павлович,капитан,11,32
Семёнов Илья Ильич,полковник,10,39
Новиков Дмитрий Никитич,капитан,4,54
Орлов Никита Андреевич,майор,3,25
Алексеев Евгений Сергеевич,лейтенант,5,58
Егоров Алексей Иванович,майор,4,46
Яковлев Алексей Кириллович,капитан,4,37
Никитин Артём Михайлович,лейтенант,1,59
Кузнецов Александр Дмитриевич,майор,1,36
Соловьёв Иван Кириллович,майор,4,51
Морозов Роман Ильич,прапорщик,4,60
Васильев Кирилл Юрьевич,лейтенант,3,21
Павлов Степан Сергеевич,капитан,10,31
Соловьёв Роман Иванович,капитан,5,53
Захаров Кирилл Юрьевич,прапорщик,4,47
Степанов Константин Андреевич,капитан,11,37
Павлов Сергей Олегович,капитан,2,43
Кузнецов Максим Кириллович,лейтенант,4,54
Николаев Денис Максимович,сержант,1,26
Андреев Максим Юрьевич,лейтенант,9,21
Михайлов Иван Олегович,полковник,8,45
Попов Олег Иванович,прапорщик,2,51
Новиков Дмитрий Павлович,майор,2,33
Степанов Алексей Викторович,прапорщик,3,46
Макаров Сергей Михайлович,полковник,2,47
Захаров Максим Олегович,прапорщик,2,22
Яковлев Александр Никитич,сержант,5,21
Алексеев Константин Ильич,сержант,4,41
Николаев Константин Ильич,прапорщик,1,55
Кузнецов Михаил Кириллович,прапорщик,1,29
Яковлев Константин Никитич,рядовой,1,45
Семёнов Константин Кириллович,майор,2,60
Морозов Олег Иванович,сержант,9,43
Яковлев Константин Олегович,сержант,3,52
Зайцев Егор Олегович,полковник,11,30
Морозов Артём Викторович,капитан,11,30
Петров Юрий Никитич,майор,9,48
Семёнов Евгений Дмитриевич,майор,8,25
Новиков Илья Сергеевич,капитан,6,26
Новиков Евгений Ильич,лейтенант,3,28
Лебедев Павел Юрьевич,капитан,6,36
Семёнов Роман Алексеевич,капитан,8,44
Яковлев Никита Иванович,майор,8,60
Новиков Константин Викторович,майор,2,54
Степанов Павел Кириллович,лейтенант,1,26
Козлов Александр Юрьевич,рядовой,11,41
Васильев Сергей Михайлович,прапорщик,10,48
Андреев Олег Романович,майор,3,50
Соловьёв Юрий Юрьевич,майор,3,58
Андреев Сергей Алексеевич,майор,10,38
Иванов Никита Иванович,полковник,11,37
Захаров Дмитрий Ильич,полковник,8,43
Кузнецов Максим Михайлович,сержант,2,25
Иванов Артём Ильич,рядовой,4,37
Смирнов Илья Александрович,полковник,8,55
Егоров Александр Викторович,капитан,1,48
Морозов Степан Никитич,лейтенант,4,21
Васильев Александр Никитич,капитан,6,54
Михайлов Илья Викторович,прапорщик,6,30
Соловьёв Иван Кириллович,лейтенант,12,23
Орлов Михаил Александрович,прапорщик,2,38
Смирнов Михаил Сергеевич,лейтенант,8,51
Николаев Павел Ильич,полковник,3,23
Лебедев Денис Романович,сержант,7,26
Васильев Алексей Павлович,майор,8,21
Макаров Степан Иванович,полковник,12,59
Андреев Денис Александрович,лейтенант,9,52
Егоров Егор Романович,прапорщик,12,45
Захаров Денис Андреевич,сержант,12,29
Сидоров Илья Романович,сержант,9,30
Никитин Артём Алексеевич,полковник,1,47
Васильев Юрий Александрович,рядовой,9,54
Новиков Матвей Викторович,лейтенант,3,55
Михайлов Сергей Сергеевич,сержант,10,29
Яковлев Роман Олегович,майор,12,23
Смирнов Никита Андреевич,прапорщик,6,55
Андреев Максим Кириллович,майор,6,57
Попов Дмитрий Михайлович,лейтенант,6,58
Николаев Михаил Юрьевич,сержант,1,31
Алексеев Денис Никитич,сержант,7,48
Морозов Иван Никитич,сержант,7,43
Лебедев Степан Александрович,рядовой,12,26
Фёдоров Илья Сергеевич,майор,9,52
Козлов Кирилл Викторович,сержант,12,44
Сидоров Дмитрий Дмитриевич,прапорщик,2,60
Васильев Роман Никитич,полковник,8,39
Зайцев Андрей Андреевич,лейтенант,6,33
Орлов Константин Олегович,прапорщик,1,40
Алексеев Евгений Иванович,прапорщик,10,49
Николаев Михаил Ильич,рядовой,6,20
Соколов Михаил Никитич,полковник,12,39
Иванов Юрий Юрьевич,лейтенант,7,30
Лебедев Евгений Павлович,рядовой,12,22
Соловьёв Евгений Михайлович,полковник,10,54
Борисов Евгений Павлович,рядовой,1,58
Михайлов Иван Андреевич,капитан,7,18
Иванов Константин Дмитриевич,рядовой,11,51
Николаев Егор Ильич,лейтенант,4,40
Алексеев Дмитрий Ильич,майор,12,41
Зайцев Матвей Дмитриевич,полковник,6,26
Морозов Максим Алексеевич,сержант,4,60
Алексеев Павел Викторович,майор,5,55
Попов Роман Викторович,капитан,6,30
Кочергин Дмитрий Дмитриевич,майор,5,58
Егоров Сергей Романович,лейтенант,9,54
Попов Максим Павлович,лейтенант,9,58
Павлов Михаил Сергеевич,полковник,4,21
Михайлов Дмитрий Романович,капитан,6,41
Лебедев Максим Кириллович,сержант,6,20
Андреев Илья Михайлович,прапорщик,8,28
Степанов Егор Алексеевич,сержант,4,54
Кузнецов Юрий Алексеевич,полковник,6,47
Морозов Кирилл Иванович,рядовой,11,55
Павлов Денис Викторович,рядовой,6,45
Васильев Олег Павлович,капитан,1,21
Смирнов Никита Ильич,капитан,8,35
Васильев Иван Никитич,капитан,1,60
Зайцев Александр Ильич,майор,6,37
Никитин Матвей Никитич,лейтенант,10,56
Козлов Андрей Андреевич,капитан,4,41
Попов Иван Кириллович,сержант,7,40
Морозов Юрий Алексеевич,сержант,4,30
Алексеев Илья Викторович,лейтенант,6,40
Козлов Сергей Сергеевич,прапорщик,5,30
Андреев Виктор Кириллович,полковник,4,57
Андреев Евгений Павлович,капитан,12,46
Алексеев Сергей Дмитриевич,прапорщик,10,28
Николаев Виктор Дмитриевич,полковник,5,42
Васильев Константин Иванович,майор,5,32
Степанов Денис Олегович,капитан,1,42
Николаев Степан Максимович,лейтенант,7,31
Андреев Степан Андреевич,майор,10,48
Кузнецов Степан Максимович,сержант,2,41
Соколов Юрий Максимович,капитан,7,27
Попов Сергей Павлович,сержант,3,37
Павлов Виктор Михайлович,капитан,5,36
Новиков Андрей Никитич,капитан,10,58
Степанов Олег Сергеевич,сержант,12,41
Егоров Денис Никитич,сержант,3,40
Новиков Алексей Викторович,полковник,9,46
Орлов Егор Никитич,сержант,4,40
Павлов Павел Никитич,лейтенант,7,51
Орлов Артём Александрович,полковник,7,57
Иванов Олег Михайлович,капитан,7,53
Попов Константин Викторович,капитан,12,40
Павлов Кирилл Сергеевич,лейтенант,7,55
Смирнов Кирилл Андреевич,лейтенант,4,43
Михайлов Иван Никитич,майор,11,57
Петров Александр Алексеевич,лейтенант,9,46
Никитин Виктор Дмитриевич,лейтенант,1,44
Иванов Андрей Ильич,сержант,6,40
Николаев Михаил Иванович,капитан,7,35
Павлов Дмитрий Павлович,прапорщик,4,56
Захаров Евгений Александрович,лейтенант,12,25
Фёдоров Степан Алексеевич,майор,6,41
Захаров Артём Дмитриевич,лейтенант,10,52
Кузнецов Павел Кириллович,рядовой,12,35
Кочергин Роман Павлович,рядовой,12,55
Павлов Олег Ильич,капитан,3,36
Кузнецов Константин Иванович,майор,12,26
Макаров Иван Кириллович,сержант,11,45
Кочергин Александр Иванович,капитан,8,19
Попов Степан Олегович,прапорщик,7,34
Алексеев Олег Викторович,лейтенант,6,39
Соколов Виктор Павлович,лейтенант,5,52
Соколов Павел Андреевич,полковник,11,28
Соловьёв Степан Михайлович,рядовой,4,34
Кузнецов Виктор Александрович,капитан,3,29
Соловьёв Максим Юрьевич,майор,1,49
Смирнов Евгений Павлович,сержант,6,58
Зайцев Артём Максимович,майор,11,58
Попов Никита Александрович,капитан,8,34
Никитин Олег Иванович,рядовой,12,26
Петров Илья Ильич,лейтенант,4,32
Кузнецов Матвей Иванович,капитан,4,59
Кузнецов Егор Дмитриевич,капитан,12,22
Андреев Константин Павлович,капитан,4,19
Яковлев Александр Александрович,рядовой,10,51
Иванов Матвей Викторович,прапорщик,9,35
Николаев Роман Олегович,сержант,4,35
Никитин Юрий Ильич,сержант,4,55
Лебедев Алексей Никитич,рядовой,4,54
Андреев Матвей Павлович,полковник,11,54
Орлов Константин Олегович,сержант,12,44
Петров Алексей Дмитриевич,рядовой,7,47
Яковлев Денис Сергеевич,сержант,12,31
Макаров Дмитрий Юрьевич,рядовой,5,35
Орлов Дмитрий Михайлович,рядовой,4,56
Борисов Артём Викторович,майор,1,59
Павлов Матвей Викторович,лейтенант,11,49
Смирнов Евгений Никитич,рядовой,4,27
Попов Артём Сергеевич,капитан,7,51
Андреев Егор Михайлович,сержант,4,48
Сидоров Артём Максимович,майор,6,41
Смирнов Андрей Юрьевич,прапорщик,1,19
Степанов Артём Михайлович,прапорщик,11,58
Смирнов Максим Олегович,лейтенант,7,20
Семёнов Евгений Дмитриевич,лейтенант,5,34
Орлов Виктор Олегович,рядовой,4,33
Борисов Никита Сергеевич,прапорщик,5,44
Алексеев Денис Сергеевич,рядовой,1,50
Новиков Юрий Михайлович,майор,8,55
Смирнов Сергей Максимович,сержант,10,46
Михайлов Алексей Юрьевич,лейтенант,4,47
Петров Степан Павлович,рядовой,2,55
Кузнецов Илья Андреевич,майор,1,21
Михайлов Егор Алексеевич,полковник,11,29
Семёнов Константин Михайлович,полковник,9,37
Семёнов Константин Никитич,лейтенант,6,19
Васильев Виктор Александрович,лейтенант,3,56
Соловьёв Виктор Викторович,прапорщик,7,21
Фёдоров Виктор Дмитриевич,майор,4,41
Иванов Артём Алексеевич,сержант,4,36
Яковлев Егор Романович,майор,10,36
Семёнов Александр Романович,рядовой,10,50
Соколов Евгений Викторович,полковник,7,22
Орлов Евгений Сергеевич,рядовой,4,40
Морозов Сергей Никитич,лейтенант,10,60
Степанов Максим Сергеевич,капитан,11,48
Степанов Егор Никитич,сержант,1,49
Попов Евгений Максимович,полковник,6,27
Михайлов Александр Дмитриевич,прапорщик,1,40
Кузнецов Олег Михайлович,рядовой,2,48
Соколов Александр Викторович,майор,6,34
Егоров Сергей Максимович,лейтенант,3,31
Фёдоров Олег Викторович,капитан,9,50
Захаров Степан Андреевич,сержант,7,57
Егоров Андрей Олегович,рядовой,2,36
Павлов Павел Павлович,лейтенант,3,42
Петров Андрей Олегович,лейтенант,3,40
Семёнов Виктор Александрович,сержант,12,44
Кузнецов Дмитрий Олегович,прапорщик,11,43
Петров Сергей Викторович,майор,8,21
Новиков Денис Максимович,капитан,6,40
Орлов Олег Никитич,лейтенант,8,19
Козлов Сергей Алексеевич,майор,12,41
Семёнов Александр Александрович,прапорщик,8,41
Иванов Артём Викторович,лейтенант,5,34
Егоров Илья Юрьевич,полковник,7,23
Соловьёв Михаил Алексеевич,майор,12,43
Зайцев Евгений Викторович,рядовой,1,49
Новиков Артём Алексеевич,прапорщик,1,27
Зайцев Павел Александрович,прапорщик,11,36
Егоров Евгений Ильич,прапорщик,4,42
Зайцев Дмитрий Иванович,прапорщик,10,59
Смирнов Роман Александрович,майор,7,22
Николаев Алексей Ильич,рядовой,3,19
Зайцев Константин Никитич,прапорщик,12,36
Смирнов Михаил Александрович,рядовой,3,35
Николаев Кирилл Викторович,капитан,12,47
Борисов Юрий Романович,полковник,9,60
Степанов Роман Михайлович,прапорщик,8,41
Смирнов Максим Олегович,лейтенант,10,32
Соловьёв Павел Юрьевич,майор,10,28
Васильев Илья Иванович,рядовой,8,47
Кочергин Юрий Павлович,лейтенант,6,21
Никитин Максим Юрьевич,лейтенант,9,39
Попов Дмитрий Дмитриевич,майор,3,26
Степанов Евгений Ильич,сержант,12,32
Борисов Артём Юрьевич,майор,11,35
Васильев Евгений Андреевич,прапорщик,11,36
Яковлев Константин Юрьевич,полковник,12,37
Попов Олег Романович,прапорщик,8,20
Козлов Алексей Андреевич,майор,11,60
Степанов Дмитрий Никитич,полковник,5,18
Михайлов Степан Иванович,лейтенант,6,36
Соколов Алексей Викторович,лейтенант,4,25
Захаров Матвей Ильич,майор,1,47
Степанов Виктор Никитич,сержант,2,59
Козлов Матвей Максимович,майор,4,35
Егоров Юрий Андреевич,лейтенант,3,36
Павлов Иван Ильич,полковник,8,49
Фёдоров Артём Олегович,капитан,5,30
Соловьёв Матвей Олегович,рядовой,9,44
Павлов Денис Алексеевич,рядовой,1,39
Андреев Никита Кириллович,майор,9,44
Петров Александр Иванович,капитан,11,41
Петров Максим Михайлович,прапорщик,8,31
Соловьёв Юрий Павлович,прапорщик,5,41
Сидоров Иван Алексеевич,майор,1,55
Семёнов Александр Дмитриевич,капитан,3,39
Макаров Сергей Никитич,капитан,12,25
Андреев Дмитрий Михайлович,рядовой,2,33
Орлов Иван Романович,лейтенант,2,18
Семёнов Артём Михайлович,майор,3,50
Кочергин Михаил Олегович,полковник,10,37
Семёнов Дмитрий Иванович,майор,5,23
Соколов Кирилл Романович,рядовой,5,44
Кочергин Алексей Дмитриевич,сержант,7,56
Петров Денис Юрьевич,прапорщик,7,44
Яковлев Роман Кириллович,капитан,10,21
Борисов Роман Никитич,полковник,12,44
Васильев Денис Алексеевич,лейтенант,10,40
Николаев Кирилл Кириллович,рядовой,2,27
Зайцев Евгений Викторович,майор,6,18
Лебедев Роман Ильич,сержант,10,43
Егоров Константин Алексеевич,майор,5,45
Зайцев Евгений Павлович,полковник,4,31
Попов Виктор Максимович,майор,4,45
Егоров Артём Кириллович,прапорщик,5,31
Николаев Роман Ильич,прапорщик,6,46
Козлов Матвей Кириллович,рядовой,4,57
Фёдоров Константин Михайлович,капитан,8,31
Петров Артём Павлович,рядовой,4,23
Алексеев Константин Андреевич,капитан,11,23
Орлов Егор Никитич,лейтенант,7,28
Андреев Евгений Максимович,капитан,11,45
Никитин Кирилл Михайлович,капитан,7,56
Козлов Павел Кириллович,сержант,7,29
Алексеев Павел Юрьевич,сержант,6,42
Егоров Денис Павлович,полковник,10,29
Степанов Виктор Викторович,майор,9,59
Фёдоров Артём Андреевич,лейтенант,2,57
Андреев Никита Романович,рядовой,7,52
Андреев Никита Андреевич,полковник,10,44
Яковлев Матвей Ильич,лейтенант,6,29
Попов Кирилл Ильич,полковник,9,60
Новиков Матвей Олегович,капитан,3,40
Кочергин Юрий Павлович,майор,11,39
Борисов Матвей Олегович,майор,9,53
Козлов Алексей Максимович,рядовой,7,37
Сидоров Матвей Михайлович,рядовой,10,47
Егоров Илья Юрьевич,майор,1,54
Козлов Александр Юрьевич,рядовой,3,51
Петров Артём Дмитриевич,прапорщик,2,29
Захаров Степан Романович,прапорщик,7,50
Захаров Артём Максимович,полковник,8,37
Фёдоров Иван Сергеевич,рядовой,10,32
Лебедев Егор Александрович,лейтенант,1,37
Никитин Матвей Олегович,полковник,5,30
Васильев Андрей Александрович,полковник,8,38
Макаров Иван Дмитриевич,сержант,10,52
Лебедев Александр Романович,полковник,7,24
Андреев Роман Дмитриевич,лейтенант,6,46
Морозов Евгений Никитич,майор,6,56
Андреев Алексей Сергеевич,майор,2,43
Кузнецов Андрей Максимович,рядовой,6,19
Соколов Олег Павлович,рядовой,4,29
Николаев Роман Алексеевич,рядовой,1,22
Егоров Никита Сергеевич,майор,3,20
Егоров Павел Алексеевич,лейтенант,12,53
Зайцев Матвей Никитич,рядовой,2,39
Никитин Роман Максимович,лейтенант,6,34
Андреев Константин Романович,прапорщик,7,21
Васильев Андрей Сергеевич,лейтенант,3,50
Семёнов Никита Михайлович,сержант,5,44
Морозов Иван Александрович,полковник,11,22
Зайцев Дмитрий Дмитриевич,майор,10,21
Соловьёв Олег Александрович,сержант,1,36
Васильев Виктор Ильич,рядовой,2,56
Соколов Александр Викторович,лейтенант,7,41
Орлов Денис Сергеевич,майор,11,45
Смирнов Александр Юрьевич,сержант,2,22
Зайцев Андрей Романович,лейтенант,5,59
Петров Кирилл Дмитриевич,капитан,8,53
Лебедев Иван Кириллович,капитан,1,44
Михайлов Денис Юрьевич,сержант,4,29
Лебедев Иван Андреевич,майор,12,59
Кузнецов Степан Сергеевич,капитан,5,56
Кочергин Дмитрий Алексеевич,сержант,11,30
Макаров Роман Павлович,майор,1,57
Орлов Виктор Михайлович,полковник,7,46
Кочергин Артём Алексеевич,капитан,8,25
Смирнов Юрий Андреевич,лейтенант,1,19
Соколов Константин Викторович,прапорщик,10,60
Попов Артём Павлович,прапорщик,3,29
Фёдоров Артём Дмитриевич,лейтенант,1,24
Смирнов Матвей Дмитриевич,лейтенант,6,40
Николаев Степан Сергеевич,сержант,2,47
Павлов Степан Павлович,полковник,10,25
Соловьёв Иван Сергеевич,рядовой,1,43
Петров Степан Михайлович,полковник,12,39
Соловьёв Сергей Павлович,капитан,4,57
Кузнецов Сергей Андреевич,лейтенант,12,47
Сидоров Михаил Олегович,лейтенант,1,24
Яковлев Евгений Иванович,капитан,12,32
Борисов Матвей Александрович,рядовой,10,54
Лебедев Олег Сергеевич,лейтенант,1,27
Захаров Павел Юрьевич,лейтенант,2,21
Морозов Иван Ильич,прапорщик,10,46
Морозов Никита Андреевич,рядовой,10,32
Зайцев Александр Андреевич,лейтенант,5,24
Захаров Никита Павлович,полковник,1,58
Макаров Денис Михайлович,полковник,10,59
Иванов Юрий Юрьевич,полковник,1,50
Николаев Иван Алексеевич,полковник,10,19
Степанов Матвей Алексеевич,капитан,1,20
Кочергин Кирилл Александрович,прапорщик,10,52
Попов Сергей Романович,прапорщик,8,28
Козлов Егор Юрьевич,капитан,10,33
Николаев Артём Андреевич,лейтенант,7,54
Орлов Михаил Александрович,капитан,4,32
Петров Михаил Романович,полковник,1,39
Павлов Роман Викторович,рядовой,4,39
Петров Андрей Ильич,сержант,1,50
Соловьёв Алексей Романович,майор,7,24
Степанов Виктор Никитич,сержант,6,60
Зайцев Михаил Иванович,сержант,9,42
Иванов Кирилл Алексеевич,сержант,9,53
Степанов Матвей Алексеевич,лейтенант,10,18
Орлов Дмитрий Сергеевич,майор,11,18
Морозов Олег Никитич,полковник,1,48
Фёдоров Степан Викторович,майор,10,53
Николаев Сергей Александрович,прапорщик,9,26
Морозов Артём Никитич,сержант,3,19
Никитин Константин Павлович,прапорщик,6,28
Захаров Олег Олегович,капитан,10,23
Павлов Андрей Юрьевич,сержант,5,57
Алексеев Юрий Романович,сержант,1,43
Морозов Артём Кириллович,капитан,7,45
Алексеев Дмитрий Ильич,прапорщик,6,46
Егоров Алексей Максимович,майор,1,19
Яковлев Константин Михайлович,лейтенант,2,30
Яковлев Александр Романович,полковник,6,29
Яковлев Матвей Павлович,прапорщик,8,44
Макаров Сергей Викторович,капитан,2,28
Павлов Михаил Юрьевич,рядовой,5,29
Яковлев Иван Ильич,лейтенант,5,51
Степанов Юрий Никитич,лейтенант,4,59
Морозов Андрей Олегович,полковник,11,27
Никитин Артём Сергеевич,сержант,6,56
Козлов Евгений Павлович,лейтенант,4,55
Фёдоров Артём Романович,прапорщик,7,43
Михайлов Андрей Юрьевич,рядовой,12,35
Зайцев Сергей Алексеевич,полковник,10,28
Никитин Степан Никитич,лейтенант,11,47
Смирнов Артём Алексеевич,капитан,5,35
Кочергин Сергей Максимович,рядовой,9,59
Морозов Егор Андреевич,рядовой,3,22
Сидоров Виктор Ильич,лейтенант,12,58
Иванов Юрий Юрьевич,сержант,1,59
Степанов Матвей Дмитриевич,лейтенант,11,60
Михайлов Юрий Михайлович,лейтенант,11,23
Соколов Алексей Михайлович,полковник,5,42
Козлов Никита Романович,полковник,9,35
Попов Иван Юрьевич,сержант,8,40
Соловьёв Егор Романович,лейтенант,10,29
Соколов Денис Александрович,майор,12,32
Зайцев Максим Романович,сержант,6,48
Новиков Александр Сергеевич,майор,6,35
Степанов Кирилл Александрович,рядовой,7,41
Михайлов Виктор Михайлович,рядовой,8,51
Попов Роман Дмитриевич,капитан,5,20
Петров Евгений Михайлович,лейтенант,2,32
Никитин Евгений Романович,сержант,4,42
Попов Денис Александрович,сержант,12,45
Васильев Константин Максимович,майор,10,55
Попов Юрий Никитич,лейтенант,1,27
Петров Матвей Ильич,прапорщик,11,39
Попов Сергей Александрович,рядовой,7,28
Козлов Сергей Кириллович,майор,5,39
Семёнов Иван Никитич,лейтенант,8,40
Иванов Константин Дмитриевич,полковник,5,52
Павлов Юрий Кириллович,майор,10,37
Захаров Дмитрий Михайлович,прапорщик,6,19
Морозов Константин Максимович,капитан,5,46
Кочергин Виктор Викторович,лейтенант,4,31
Фёдоров Константин Алексеевич,сержант,6,40
Сидоров Илья Кириллович,сержант,4,56
Захаров Никита Сергеевич,капитан,3,21
Сидоров Денис Юрьевич,прапорщик,1,47
Сидоров Андрей Максимович,майор,8,36
Лебедев Юрий Алексеевич,прапорщик,9,36
Соколов Олег Сергеевич,капитан,10,52
Новиков Егор Юрьевич,рядовой,2,23
Степанов Андрей Сергеевич,рядовой,7,20
Морозов Максим Сергеевич,капитан,1,33
Орлов Виктор Олегович,прапорщик,3,46
Николаев Юрий Павлович,прапорщик,4,59
Новиков Никита Алексеевич,полковник,2,60
Никитин Евгений Сергеевич,лейтенант,10,20
Соколов Евгений Алексеевич,полковник,6,38
Соловьёв Михаил Дмитриевич,рядовой,4,29
Кузнецов Егор Олегович,полковник,3,37
Алексеев Константин Викторович,полковник,9,24
Фёдоров Константин Олегович,майор,9,55
Степанов Артём Олегович,прапорщик,10,33
Иванов Роман Андреевич,рядовой,2,36
Петров Матвей Юрьевич,рядовой,3,21
Новиков Евгений Дмитриевич,прапорщик,6,60
Орлов Иван Иванович,рядовой,11,50
Новиков Виктор Дмитриевич,капитан,1,24
Соловьёв Степан Юрьевич,полковник,11,20
Алексеев Степан Андреевич,майор,2,44
Семёнов Никита Олегович,лейтенант,11,23
Степанов Алексей Романович,рядовой,3,51
Семёнов Дмитрий Кириллович,сержант,3,42
Михайлов Андрей Кириллович,сержант,6,36
Михайлов Матвей Дмитриевич,рядовой,7,19
Егоров Иван Иванович,сержант,9,30
Соловьёв Роман Павлович,лейтенант,6,26
Соколов Роман Ильич,рядовой,11,38
Николаев Виктор Олегович,лейтенант,4,33
Никитин Матвей Сергеевич,лейтенант,8,42
Николаев Максим Александрович,сержант,1,54
Соколов Виктор Алексеевич,рядовой,7,30
Морозов Сергей Романович,прапорщик,5,32
Андреев Никита Юрьевич,лейтенант,9,36
Кочергин Максим Алексеевич,лейтенант,3,21
Зайцев Юрий Ильич,прапорщик,4,59
Егоров Илья Дмитриевич,полковник,1,56
Сидоров Артём Олегович,рядовой,4,35
Зайцев Артём Кириллович,полковник,1,18
Новиков Илья Михайлович,полковник,5,53
Смирнов Сергей Алексеевич,лейтенант,12,40
Борисов Алексей Иванович,рядовой,4,54
Соловьёв Кирилл Андреевич,прапорщик,12,37
Никитин Никита Алексеевич,прапорщик,8,28
Попов Андрей Викторович,лейтенант,2,30
Новиков Виктор Викторович,полковник,3,58
Козлов Кирилл Сергеевич,капитан,4,23
Зайцев Сергей Алексеевич,прапорщик,8,30
Николаев Степан Романович,майор,4,44
Макаров Александр Павлович,рядовой,6,34
Борисов Матвей Алексеевич,полковник,1,53
Смирнов Александр Юрьевич,капитан,12,45
Смирнов Матвей Михайлович,капитан,1,47
Соловьёв Никита Андреевич,рядовой,8,43
Морозов Андрей Олегович,полковник,5,56
Михайлов Константин Кириллович,рядовой,5,21
Орлов Виктор Сергеевич,прапорщик,9,26
Никитин Кирилл Иванович,майор,5,30
Борисов Олег Александрович,лейтенант,5,22
Фёдоров Андрей Сергеевич,прапорщик,7,33
Егоров Андрей Ильич,рядовой,11,47
Алексеев Андрей Максимович,полковник,10,25
Кузнецов Олег Викторович,лейтенант,5,21
Егоров Александр Павлович,прапорщик,12,33
Лебедев Степан Иванович,прапорщик,11,29
Кочергин Илья Андреевич,майор,1,57
Степанов Денис Алексеевич,прапорщик,3,26
Сидоров Матвей Алексеевич,капитан,11,53
Сидоров Роман Романович,лейтенант,3,54
Орлов Константин Олегович,прапорщик,7,44
Попов Константин Александрович,рядовой,3,51
Новиков Кирилл Дмитриевич,сержант,4,38
Васильев Кирилл Олегович,рядовой,7,44
Кочергин Матвей Кириллович,сержант,5,32
Захаров Егор Романович,полковник,1,21
Морозов Алексей Викторович,капитан,10,30
Попов Андрей Михайлович,рядовой,2,49
Степанов Кирилл Олегович,полковник,4,26
Сидоров Денис Михайлович,полковник,2,55
Никитин Степан Никитич,лейтенант,1,60
Семёнов Константин Викторович,лейтенант,5,58
Семёнов Андрей Дмитриевич,капитан,9,41
Никитин Михаил Михайлович,полковник,1,27
Попов Константин Юрьевич,лейтенант,5,42
Новиков Олег Иванович,капитан,5,57
Попов Артём Максимович,сержант,1,29
Орлов Павел Юрьевич,полковник,9,31
Иванов Егор Никитич,капитан,2,40
Егоров Сергей Иванович,прапорщик,11,37
Соловьёв Михаил Иванович,рядовой,10,49
Захаров Роман Павлович,полковник,2,44
Кочергин Андрей Романович,рядовой,12,59
Козлов Сергей Иванович,полковник,10,52
Семёнов Сергей Ильич,капитан,11,38
Семёнов Виктор Романович,майор,2,21
Попов Евгений Кириллович,майор,4,45
Козлов Иван Сергеевич,майор,6,28
Макаров Илья Максимович,капитан,5,59
Алексеев Александр Павлович,прапорщик,5,29
Иванов Матвей Дмитриевич,капитан,4,32
Андреев Максим Максимович,рядовой,2,41
Павлов Александр Иванович,полковник,4,49
Соколов Павел Никитич,лейтенант,3,31
Егоров Егор Олегович,сержант,9,34
Кузнецов Евгений Юрьевич,полковник,2,43
Степанов Олег Ильич,капитан,8,25
Петров Кирилл Сергеевич,лейтенант,12,53
Смирнов Андрей Максимович,лейтенант,1,53
Петров Алексей Дмитриевич,капитан,2,42
Михайлов Павел Михайлович,капитан,1,50
Борисов Константин Михайлович,сержант,5,20
Кузнецов Алексей Андреевич,полковник,2,53
Новиков Максим Андреевич,капитан,5,46
Алексеев Сергей Никитич,прапорщик,1,42
Морозов Михаил Александрович,майор,9,29
Павлов Сергей Кириллович,рядовой,1,33
Алексеев Кирилл Павлович,майор,1,22
Михайлов Никита Андреевич,рядовой,1,32
Захаров Павел Максимович,лейтенант,12,60
Петров Иван Кириллович,сержант,8,45
Иванов Денис Андреевич,прапорщик,12,26
Николаев Иван Михайлович,сержант,5,40
Петров Никита Кириллович,капитан,11,44
Лебедев Роман Дмитриевич,прапорщик,8,51
Алексеев Роман Кириллович,сержант,11,48
Николаев Денис Андреевич,капитан,10,28
Козлов Кирилл Иванович,капитан,10,26
Козлов Виктор Кириллович,прапорщик,10,50
Соколов Андрей Сергеевич,капитан,3,32
Смирнов Евгений Дмитриевич,прапорщик,3,31
Иванов Юрий Дмитриевич,майор,7,42
Попов Артём Павлович,сержант,3,29
Яковлев Артём Михайлович,полковник,12,48
Васильев Иван Олегович,сержант,4,33
Егоров Иван Дмитриевич,лейтенант,11,50
Орлов Максим Иванович,лейтенант,3,25
Степанов Матвей Кириллович,прапорщик,7,39
Соколов Андрей Павлович,сержант,3,41
Макаров Алексей Сергеевич,капитан,12,30
Лебедев Егор Иванович,сержант,4,28
Морозов Виктор Дмитриевич,сержант,4,53
Михайлов Константин Андреевич,сержант,11,25
Павлов Юрий Михайлович,майор,9,40
Андреев Павел Никитич,сержант,1,38
Степанов Матвей Дмитриевич,рядовой,6,30
Кочергин Олег Иванович,полковник,5,35
Андреев Юрий Юрьевич,прапорщик,8,37
Козлов Максим Сергеевич,рядовой,1,39
Орлов Михаил Романович,сержант,12,60
Семёнов Иван Юрьевич,рядовой,1,23
Андреев Андрей Андреевич,лейтенант,6,18
Андреев Олег Олегович,майор,9,29
Соловьёв Олег Олегович,полковник,10,48
Макаров Максим Кириллович,майор,4,54
Орлов Денис Сергеевич,капитан,2,36
Павлов Алексей Андреевич,лейтенант,6,27
Сидоров Иван Дмитриевич,рядовой,6,40
Смирнов Михаил Михайлович,сержант,10,44
Лебедев Иван Павлович,сержант,3,40
Никитин Виктор Иванович,прапорщик,5,30
Иванов Иван Олегович,полковник,1,49
Фёдоров Александр Ильич,прапорщик,12,46
Козлов Михаил Андреевич,капитан,5,47
Захаров Виктор Максимович,полковник,10,53
Зайцев Егор Викторович,капитан,10,22
Егоров Павел Кириллович,майор,3,53
Новиков Степан Викторович,майор,11,33
Иванов Матвей Сергеевич,прапорщик,3,52
Егоров Александр Михайлович,капитан,2,28
Смирнов Олег Иванович,лейтенант,9,22
Соколов Дмитрий Юрьевич,сержант,4,43
Кузнецов Сергей Романович,рядовой,6,53
Макаров Кирилл Алексеевич,полковник,9,47
Васильев Никита Иванович,лейтенант,6,41
Михайлов Сергей Викторович,рядовой,8,51
Петров Олег Ильич,капитан,7,24
Борисов Иван Максимович,майор,3,21
Семёнов Егор Сергеевич,сержант,8,37
Петров Иван Ильич,рядовой,12,38
Морозов Павел Ильич,полковник,7,37
Егоров Илья Александрович,лейтенант,6,30
Николаев Артём Ильич,лейтенант,1,20
Андреев Артём Ильич,полковник,8,27
Кочергин Роман Павлович,лейтенант,7,30
Яковлев Артём Алексеевич,рядовой,12,40
Кочергин Алексей Олегович,капитан,7,27
Николаев Кирилл Викторович,прапорщик,4,41
Кузнецов Андрей Максимович,майор,4,57
Новиков Роман Кириллович,рядовой,7,47
Алексеев Сергей Алексеевич,лейтенант,1,29
Макаров Константин Олегович,прапорщик,5,24
Иванов Денис Юрьевич,майор,4,21
Петров Роман Андреевич,майор,12,45
Михайлов Дмитрий Андреевич,сержант,11,34
Петров Матвей Кириллович,прапорщик,3,50
Макаров Кирилл Ильич,майор,2,23
Степанов Александр Викторович,лейтенант,10,59
Попов Роман Иванович,полковник,8,57
Лебедев Степан Никитич,рядовой,7,60
Иванов Олег Максимович,полковник,5,34
Козлов Степан Романович,майор,6,57
Козлов Иван Романович,капитан,7,39
Борисов Роман Михайлович,прапорщик,8,39
Козлов Никита Кириллович,полковник,3,31
Зайцев Кирилл Олегович,прапорщик,12,45
Егоров Денис Андреевич,лейтенант,4,59
Михайлов Михаил Викторович,майор,4,39
Зайцев Сергей Юрьевич,капитан,9,35
Морозов Денис Максимович,майор,12,57
Кузнецов Андрей Викторович,лейтенант,3,47
Степанов Кирилл Викторович,прапорщик,2,25
Петров Илья Александрович,майор,3,21
Андреев Дмитрий Юрьевич,лейтенант,1,45
Петров Кирилл Романович,капитан,5,40
Степанов Олег Андреевич,майор,4,27
Михайлов Олег Романович,рядовой,3,21
Никитин Кирилл Сергеевич,полковник,4,21
Фёдоров Матвей Викторович,лейтенант,6,31
Егоров Андрей Михайлович,майор,9,50
Сидоров Кирилл Викторович,прапорщик,3,30
Фёдоров Андрей Кириллович,капитан,9,22
Петров Алексей Андреевич,майор,5,52
Степанов Роман Павлович,рядовой,11,52
Соловьёв Евгений Алексеевич,полковник,3,28
Егоров Степан Андреевич,полковник,8,32
Николаев Александр Сергеевич,прапорщик,12,45
Павлов Артём Викторович,капитан,3,60
Морозов Павел Михайлович,капитан,8,45
Соловьёв Степан Юрьевич,майор,4,19
Степанов Дмитрий Ильич,полковник,11,45
Борисов Артём Никитич,рядовой,8,50
Петров Иван Алексеевич,лейтенант,9,19
Андреев Степан Александрович,майор,7,26
Орлов Константин Александрович,капитан,6,40
Борисов Сергей Романович,лейтенант,2,32
Захаров Юрий Ильич,сержант,4,37
Степанов Олег Юрьевич,майор,3,48
Соловьёв Михаил Сергеевич,капитан,6,28
Васильев Олег Юрьевич,рядовой,9,26
Васильев Артём Дмитриевич,прапорщик,12,26
Кочергин Дмитрий Ильич,сержант,3,22
Попов Виктор Викторович,рядовой,5,22
Смирнов Виктор Сергеевич,сержант,2,51
Алексеев Степан Андреевич,лейтенант,5,53
Зайцев Денис Романович,лейтенант,11,37
Степанов Александр Викторович,прапорщик,3,26
Павлов Олег Олегович,рядовой,10,57
Зайцев Виктор Романович,майор,12,55
Козлов Иван Сергеевич,прапорщик,2,34
Петров Денис Викторович,прапорщик,1,42
Егоров Денис Никитич,майор,2,46
Сидоров Дмитрий Ильич,полковник,6,47
Михайлов Юрий Александрович,сержант,7,25
Лебедев Илья Михайлович,прапорщик,12,20
Соколов Максим Максимович,сержант,2,40
Соколов Никита Иванович,капитан,8,34
Макаров Максим Алексеевич,полковник,10,52
Фёдоров Егор Павлович,сержант,10,22
Соловьёв Матвей Дмитриевич,полковник,10,29
Андреев Роман Юрьевич,рядовой,1,36
Новиков Степан Иванович,капитан,11,59
Орлов Михаил Алексеевич,сержант,3,39
Лебедев Андрей Ильич,полковник,3,55
Иванов Егор Максимович,майор,1,51
Соловьёв Михаил Михайлович,сержант,11,57
Егоров Илья Павлович,сержант,4,48
Андреев Илья Кириллович,майор,11,25
Семёнов Матвей Михайлович,капитан,10,40
Сидоров Константин Павлович,прапорщик,2,24
Орлов Никита Андреевич,сержант,7,31
Кочергин Иван Сергеевич,сержант,9,39
Иванов Никита Викторович,прапорщик,12,27
Зайцев Евгений Иванович,сержант,10,51
Соловьёв Никита Олегович,лейтенант,6,47
Борисов Сергей Алексеевич,прапорщик,12,18
Алексеев Артём Иванович,лейтенант,4,19
Новиков Сергей Александрович,капитан,5,37
Лебедев Денис Ильич,полковник,9,28
Васильев Константин Павлович,рядовой,2,57
Соколов Никита Алексеевич,прапорщик,4,56
Борисов Юрий Романович,лейтенант,4,31
Козлов Роман Дмитриевич,капитан,2,60
Михайлов Андрей Кириллович,полковник,4,60
Попов Илья Олегович,полковник,11,28
Сидоров Матвей Сергеевич,лейтенант,7,56
Алексеев Алексей Александрович,полковник,9,58
Соловьёв Максим Сергеевич,майор,4,39
Алексеев Сергей Александрович,сержант,8,19
Орлов Сергей Андреевич,сержант,9,45
Павлов Константин Сергеевич,майор,7,46
Попов Илья Максимович,рядовой,4,53
Фёдоров Кирилл Ильич,сержант,6,58
Андреев Александр Кириллович,рядовой,1,39
Лебедев Степан Ильич,капитан,6,45
Иванов Олег Викторович,майор,2,38
Попов Илья Никитич,рядовой,9,60
Кочергин Артём Сергеевич,сержант,12,42
Морозов Александр Александрович,лейтенант,4,38
Новиков Никита Юрьевич,рядовой,9,23
Иванов Олег Михайлович,рядовой,3,48
Новиков Егор Олегович,полковник,9,33
Орлов Алексей Максимович,сержант,3,51
Борисов Илья Андреевич,лейтенант,6,28
Никитин Александр Александрович,сержант,4,56
Петров Константин Дмитриевич,капитан,3,47
Борисов Илья Никитич,полковник,8,52
Кузнецов Алексей Александрович,рядовой,5,33
Павлов Дмитрий Сергеевич,майор,7,39
Павлов Евгений Олегович,капитан,2,23
Кузнецов Евгений Сергеевич,полковник,5,23
Зайцев Денис Сергеевич,майор,1,30
Николаев Степан Алексеевич,рядовой,10,43
Васильев Максим Михайлович,лейтенант,6,49
Козлов Олег Дмитриевич,капитан,11,55
Макаров Андрей Никитич,рядовой,10,29
Орлов Виктор Александрович,лейтенант,8,22
Захаров Денис Максимович,сержант,7,26
Сидоров Никита Алексеевич,прапорщик,11,41
Егоров Виктор Викторович,полковник,11,45
Лебедев Роман Романович,майор,9,30
Фёдоров Александр Александрович,полковник,5,42
Андреев Константин Олегович,майор,11,38
Семёнов Максим Юрьевич,рядовой,2,37
Яковлев Матвей Юрьевич,лейтенант,4,35
Новиков Матвей Олегович,майор,1,50
Яковлев Кирилл Павлович,рядовой,6,47
Кузнецов Константин Михайлович,лейтенант,12,20
Яковлев Павел Михайлович,сержант,12,37
Павлов Никита Никитич,капитан,10,54
Кузнецов Павел Кириллович,лейтенант,10,34
Алексеев Артём Романович,капитан,11,48
Степанов Павел Павлович,лейтенант,11,57
Морозов Виктор Юрьевич,лейтенант,2,54
Борисов Максим Никитич,рядовой,2,49
Кочергин Сергей Олегович,лейтенант,3,46
Яковлев Илья Максимович,рядовой,1,33
Алексеев Андрей Сергеевич,лейтенант,4,31
Новиков Денис Сергеевич,рядовой,5,25
Семёнов Никита Кириллович,рядовой,2,21
Сидоров Олег Никитич,сержант,8,42
Иванов Иван Кириллович,рядовой,4,19
Соловьёв Павел Никитич,сержант,8,58
Яковлев Михаил Романович,лейтенант,11,44
Петров Евгений Павлович,прапорщик,6,50
Орлов Степан Кириллович,прапорщик,9,51
Егоров Алексей Викторович,полковник,11,47
Петров Дмитрий Ильич,полковник,6,53
Захаров Дмитрий Андреевич,прапорщик,10,56
Кузнецов Егор Андреевич,прапорщик,3,20
Егоров Дмитрий Олегович,капитан,2,19
Васильев Сергей Андреевич,майор,6,37
Попов Артём Михайлович,лейтенант,8,23
Зайцев Артём Андреевич,капитан,12,25
Борисов Артём Олегович,капитан,3,31
Захаров Илья Александрович,сержант,3,58
Кузнецов Степан Алексеевич,капитан,8,21
Макаров Сергей Иванович,лейтенант,7,31
Попов Олег Иванович,капитан,8,34
Никитин Дмитрий Романович,сержант,4,45
Сидоров Павел Олегович,прапорщик,11,33
Никитин Степан Андреевич,капитан,10,31
Степанов Олег Ильич,капитан,7,30
Петров Денис Андреевич,лейтенант,2,44
Андреев Павел Александрович,лейтенант,2,34
Козлов Павел Алексеевич,сержант,4,31
Степанов Евгений Романович,прапорщик,1,55
Козлов Дмитрий Павлович,лейтенант,12,53
Орлов Егор Михайлович,капитан,4,21
Алексеев Матвей Андреевич,рядовой,9,49
Андреев Юрий Романович,майор,5,54
Алексеев Юрий Ильич,лейтенант,2,58
Морозов Павел Михайлович,полковник,12,52
Иванов Степан Юрьевич,капитан,12,26
Кузнецов Матвей Михайлович,прапорщик,1,38
Кузнецов Денис Павлович,полковник,2,53
Никитин Сергей Алексеевич,прапорщик,11,56
Фёдоров Артём Кириллович,прапорщик,6,39
Егоров Денис Иванович,майор,9,31
Николаев Олег Алексеевич,капитан,6,48
Петров Константин Дмитриевич,прапорщик,9,40
Михайлов Роман Иванович,майор,9,41
Новиков Максим Иванович,сержант,3,28
Степанов Кирилл Сергеевич,капитан,8,52
Морозов Юрий Никитич,полковник,9,51
Борисов Михаил Михайлович,лейтенант,8,54
Козлов Илья Александрович,рядовой,1,50
Степанов Алексей Никитич,майор,6,47
Морозов Роман Александрович,полковник,2,30
Никитин Максим Романович,полковник,7,33
Степанов Андрей Ильич,капитан,10,41
Смирнов Кирилл Максимович,лейтенант,11,60
Кочергин Сергей Никитич,полковник,4,30
Алексеев Илья Викторович,полковник,9,34
Макаров Юрий Викторович,рядовой,9,47
Соколов Егор Романович,капитан,11,40
Васильев Михаил Максимович,полковник,7,38
Егоров Максим Павлович,сержант,5,45
Соловьёв Сергей Андреевич,сержант,5,34
Алексеев Алексей Кириллович,сержант,11,58
Иванов Денис Александрович,лейтенант,4,48
Никитин Андрей Дмитриевич,капитан,10,58
Захаров Константин Александрович,сержант,1,42
Степанов Степан Викторович,полковник,6,49
Попов Максим Максимович,капитан,5,35
Макаров Андрей Андреевич,сержант,12,43
Петров Михаил Александрович,лейтенант,12,38
Макаров Олег Юрьевич,лейтенант,3,45
Андреев Максим Дмитриевич,капитан,3,28
Семёнов Матвей Дмитриевич,сержант,8,23
Козлов Артём Никитич,майор,11,25
Новиков Константин Михайлович,полковник,12,26
Семёнов Артём Андреевич,прапорщик,11,26
Новиков Иван Сергеевич,капитан,11,37
Степанов Кирилл Михайлович,капитан,11,45
Петров Степан Юрьевич,рядовой,9,52
Соловьёв Максим Кириллович,сержант,5,55
Николаев Константин Михайлович,майор,5,47
Андреев Виктор Кириллович,капитан,2,52
Павлов Максим Романович,сержант,1,19
Морозов Илья Олегович,прапорщик,11,27
Михайлов Юрий Александрович,прапорщик,5,25
Зайцев Андрей Иванович,капитан,4,44
Новиков Олег Сергеевич,полковник,10,33
Орлов Михаил Алексеевич,капитан,3,43
Алексеев Алексей Алексеевич,прапорщик,3,31
Кузнецов Артём Сергеевич,сержант,6,33
Макаров Егор Сергеевич,капитан,8,28
Никитин Олег Никитич,майор,10,23
Петров Алексей Сергеевич,рядовой,9,45
Васильев Денис Кириллович,прапорщик,9,28
Яковлев Артём Александрович,лейтенант,7,25
Зайцев Михаил Романович,полковник,1,38
Павлов Никита Романович,капитан,2,49
Борисов Константин Юрьевич,лейтенант,10,43
Степанов Матвей Павлович,капитан,11,37
Смирнов Михаил Андреевич,прапорщик,6,28
Павлов Матвей Александрович,полковник,10,28
Смирнов Михаил Викторович,сержант,1,21
Козлов Роман Михайлович,полковник,10,43
Соколов Матвей Андреевич,сержант,6,39
Орлов Евгений Кириллович,майор,9,58
Семёнов Михаил Андреевич,майор,1,42
Кузнецов Павел Ильич,майор,2,38
Егоров Денис Максимович,прапорщик,5,19
Морозов Михаил Юрьевич,рядовой,9,20
Алексеев Олег Максимович,полковник,3,53
Попов Андрей Юрьевич,лейтенант,7,55
Орлов Сергей Павлович,рядовой,11,42
Павлов Максим Олегович,прапорщик,3,30
Егоров Алексей Никитич,прапорщик,7,37
Козлов Юрий Юрьевич,прапорщик,3,50
Семёнов Олег Кириллович,полковник,1,18
Соловьёв Дмитрий Алексеевич,прапорщик,2,43
Соловьёв Иван Алексеевич,майор,10,37
Петров Павел Дмитриевич,рядовой,5,28
Иванов Илья Павлович,лейтенант,10,49
Кочергин Максим Павлович,рядовой,7,39
Семёнов Павел Романович,капитан,12,51
Попов Кирилл Сергеевич,майор,4,59
Морозов Денис Ильич,рядовой,12,45
Смирнов Юрий Олегович,сержант,12,47
Васильев Михаил Андреевич,прапорщик,8,34
Борисов Максим Олегович,рядовой,11,28
Никитин Иван Иванович,майор,2,25
Козлов Павел Александрович,рядовой,12,44
Кузнецов Михаил Кириллович,лейтенант,3,45
Сидоров Максим Максимович,рядовой,5,42
Николаев Максим Олегович,сержант,11,32
Козлов Роман Павлович,прапорщик,11,23
Соколов Олег Романович,капитан,2,57
Кузнецов Сергей Никитич,капитан,9,34
Степанов Павел Дмитриевич,капитан,1,37
Михайлов Павел Андреевич,полковник,2,32
Соловьёв Алексей Александрович,рядовой,6,52
Петров Михаил Александрович,лейтенант,2,32
Орлов Степан Александрович,капитан,8,28
Кочергин Роман Ильич,рядовой,9,56
Захаров Роман Олегович,полковник,1,40
Попов Максим Кириллович,капитан,6,32
Макаров Евгений Сергеевич,рядовой,9,57
Алексеев Степан Алексеевич,сержант,12,33
Макаров Матвей Олегович,полковник,6,39
Егоров Артём Иванович,полковник,2,43
Зайцев Матвей Юрьевич,полковник,7,36
Иванов Егор Александрович,капитан,6,37
Павлов Юрий Иванович,лейтенант,3,26
Морозов Илья Сергеевич,майор,10,21
Соколов Денис Кириллович,полковник,3,23
Зайцев Степан Алексеевич,полковник,10,20
Семёнов Алексей Дмитриевич,полковник,12,22
Яковлев Евгений Дмитриевич,рядовой,3,60
Васильев Александр Кириллович,сержант,10,30
Петров Евгений Никитич,полковник,5,42
Николаев Михаил Александрович,полковник,1,30
Лебедев Евгений Никитич,капитан,2,43
Егоров Константин Кириллович,рядовой,3,60
Никитин Михаил Максимович,прапорщик,2,60
Козлов Максим Юрьевич,рядовой,8,23
Егоров Матвей Александрович,лейтенант,5,48
Фёдоров Роман Павлович,сержант,12,48
Фёдоров Степан Романович,капитан,11,49
Захаров Илья Юрьевич,рядовой,5,46
Михайлов Денис Кириллович,капитан,10,20
Фёдоров Дмитрий Олегович,прапорщик,1,53
Андреев Алексей Сергеевич,лейтенант,2,40
Кузнецов Павел Максимович,полковник,11,32
Кузнецов Денис Максимович,сержант,8,57
Лебедев Павел Алексеевич,рядовой,7,53
Алексеев Степан Дмитриевич,полковник,6,56
Сидоров Павел Ильич,майор,5,49
Иванов Михаил Иванович,рядовой,9,56
Семёнов Кирилл Павлович,капитан,1,29
Яковлев Алексей Ильич,лейтенант,9,35
Соловьёв Михаил Романович,сержант,4,28
Новиков Сергей Иванович,майор,4,58
Николаев Артём Романович,прапорщик,9,50
Семёнов Иван Никитич,рядовой,12,56
Петров Андрей Андреевич,полковник,6,54
Егоров Павел Алексеевич,полковник,7,25
Фёдоров Егор Алексеевич,сержант,9,52
Лебедев Александр Сергеевич,рядовой,12,25
Борисов Иван Никитич,рядовой,2,51
Смирнов Андрей Максимович,прапорщик,6,38
Лебедев Сергей Олегович,полковник,1,59
Семёнов Андрей Иванович,рядовой,9,49
Михайлов Илья Андреевич,полковник,2,22
Степанов Роман Кириллович,прапорщик,9,48
Иванов Илья Сергеевич,капитан,7,36
Васильев Матвей Ильич,лейтенант,11,47
Алексеев Артём Максимович,капитан,6,30
Егоров Андрей Никитич,рядовой,6,52
Борисов Константин Андреевич,майор,2,50
Кочергин Егор Юрьевич,лейтенант,2,44
Фёдоров Артём Ильич,капитан,3,55
Фёдоров Роман Михайлович,рядовой,7,41
Сидоров Сергей Алексеевич,майор,2,52
Алексеев Виктор Павлович,сержант,11,18
Лебедев Павел Павлович,прапорщик,4,54
Семёнов Михаил Андреевич,капитан,2,50
Михайлов Евгений Романович,лейтенант,7,22
Михайлов Виктор Юрьевич,лейтенант,10,23
Лебедев Кирилл Максимович,лейтенант,12,55
Иванов Константин Викторович,сержант,3,53
Орлов Матвей Максимович,полковник,7,47
Фёдоров Алексей Никитич,прапорщик,11,59
Козлов Юрий Александрович,лейтенант,10,46
Зайцев Никита Дмитриевич,сержант,4,48
Фёдоров Матвей Олегович,рядовой,2,55
Алексеев Никита Романович,капитан,11,28
Павлов Степан Юрьевич,капитан,12,51
Морозов Юрий Дмитриевич,сержант,6,59
Макаров Александр Никитич,лейтенант,8,58
Захаров Денис Максимович,рядовой,7,54
Козлов Олег Никитич,рядовой,4,52
Соловьёв Константин Викторович,капитан,7,23
Соловьёв Степан Дмитриевич,сержант,1,26
Смирнов Никита Александрович,полковник,1,40
Павлов Юрий Юрьевич,капитан,2,25
Попов Иван Кириллович,лейтенант,2,29
Попов Никита Сергеевич,капитан,7,57
Захаров Константин Иванович,рядовой,12,57
Павлов Михаил Кириллович,майор,8,22
Егоров Константин Олегович,рядовой,10,31
Андреев Дмитрий Алексеевич,полковник,5,57
Кочергин Виктор Сергеевич,капитан,1,46
Кочергин Матвей Викторович,майор,9,51
Новиков Алексей Кириллович,рядовой,8,36
Кузнецов Олег Никитич,капитан,6,44
Степанов Дмитрий Сергеевич,майор,4,56
Попов Дмитрий Дмитриевич,майор,1,46
Кочергин Илья Никитич,полковник,6,58
Николаев Денис Александрович,майор,7,31
Петров Олег Максимович,майор,4,20
Павлов Виктор Никитич,майор,10,52
Соколов Олег Ильич,рядовой,3,27
Новиков Максим Максимович,прапорщик,10,22
Козлов Никита Максимович,майор,8,59
Алексеев Алексей Сергеевич,лейтенант,8,38
Попов Кирилл Павлович,майор,7,24
Алексеев Матвей Иванович,майор,3,29
Морозов Андрей Андреевич,капитан,2,22
Никитин Никита Дмитриевич,лейтенант,7,48
Зайцев Кирилл Никитич,рядовой,6,36
Никитин Михаил Никитич,сержант,2,36
Попов Юрий Максимович,сержант,7,59
Попов Евгений Павлович,капитан,2,25
Орлов Максим Викторович,капитан,6,39
Михайлов Александр Александрович,рядовой,5,49
Егоров Иван Михайлович,полковник,10,60
Семёнов Денис Ильич,прапорщик,2,28
Андреев Роман Дмитриевич,полковник,7,24
Иванов Юрий Никитич,рядовой,4,21
Новиков Константин Павлович,сержант,4,22
Соколов Константин Андреевич,сержант,1,52
Борисов Денис Иванович,сержант,2,24
Павлов Денис Ильич,майор,10,23
Борисов Дмитрий Иванович,майор,1,18
Макаров Кирилл Андреевич,майор,5,19
Егоров Павел Романович,майор,1,38
Кочергин Егор Романович,прапорщик,2,52
Николаев Степан Андреевич,капитан,3,24
Козлов Никита Александрович,полковник,6,33
Соловьёв Михаил Дмитриевич,рядовой,6,35
Соловьёв Максим Олегович,полковник,11,31
Степанов Юрий Викторович,лейтенант,12,33
Егоров Олег Павлович,полковник,6,57
Николаев Олег Викторович,прапорщик,7,18
Кочергин Сергей Дмитриевич,капитан,12,45
Борисов Иван Иванович,полковник,11,26
Иванов Илья Олегович,полковник,7,35
Степанов Денис Александрович,прапорщик,4,34
Смирнов Денис Дмитриевич,прапорщик,4,26
Козлов Максим Михайлович,лейтенант,6,29
Михайлов Максим Кириллович,капитан,12,50
Павлов Роман Викторович,капитан,4,43
Семёнов Кирилл Олегович,прапорщик,10,50
Егоров Степан Олегович,рядовой,5,38
Захаров Илья Максимович,майор,12,46
Новиков Максим Сергеевич,майор,12,48
Соколов Сергей Юрьевич,майор,7,19
Семёнов Дмитрий Викторович,лейтенант,3,52
Орлов Матвей Олегович,рядовой,6,50
Попов Степан Алексеевич,капитан,1,25
Новиков Павел Романович,майор,6,53
Павлов Олег Алексеевич,капитан,6,41
Сидоров Алексей Олегович,лейтенант,1,59
Михайлов Сергей Романович,майор,5,26
Попов Андрей Сергеевич,прапорщик,6,40
Соколов Сергей Кириллович,рядовой,8,29
Захаров Виктор Сергеевич,майор,12,60
Козлов Степан Михайлович,сержант,11,35
Орлов Роман Сергеевич,сержант,2,38
Петров Виктор Павлович,майор,6,18
Зайцев Александр Дмитриевич,рядовой,2,41
Никитин Иван Максимович,полковник,3,25
Васильев Иван Никитич,капитан,12,35
Лебедев Алексей Ильич,майор,11,20
Яковлев Максим Олегович,капитан,2,43
Кочергин Кирилл Михайлович,сержант,9,50
Андреев Юрий Александрович,рядовой,6,38
Михайлов Андрей Никитич,рядовой,3,58
Иванов Алексей Иванович,сержант,9,30
Соколов Артём Андреевич,прапорщик,2,21
Кочергин Никита Сергеевич,сержант,11,51
Захаров Андрей Иванович,рядовой,8,21
Егоров Артём Ильич,полковник,7,35
Козлов Илья Юрьевич,лейтенант,10,36
Зайцев Евгений Юрьевич,полковник,9,48
Макаров Кирилл Иванович,капитан,7,41
Фёдоров Кирилл Кириллович,лейтенант,3,50
Морозов Виктор Олегович,рядовой,10,29
Лебедев Андрей Викторович,лейтенант,4,46
Фёдоров Сергей Павлович,прапорщик,10,59
Яковлев Никита Михайлович,полковник,11,18
Егоров Виктор Александрович,сержант,11,28
Фёдоров Андрей Михайлович,капитан,4,39
Кузнецов Сергей Олегович,рядовой,12,57
Лебедев Степан Иванович,полковник,3,21
Васильев Илья Юрьевич,прапорщик,2,31
Михайлов Андрей Алексеевич,капитан,8,28
Новиков Денис Иванович,полковник,4,27
Макаров Дмитрий Кириллович,майор,3,19
Зайцев Константин Максимович,полковник,4,41
Никитин Алексей Ильич,полковник,5,55
Смирнов Михаил Максимович,капитан,10,34
Андреев Алексей Ильич,лейтенант,4,40
Морозов Степан Андреевич,прапорщик,10,33
Степанов Юрий Александрович,лейтенант,3,19
Орлов Егор Дмитриевич,лейтенант,6,43
Яковлев Павел Романович,прапорщик,11,60
Павлов Егор Олегович,майор,9,28
Кузнецов Андрей Максимович,лейтенант,6,28
Кочергин Павел Иванович,капитан,4,52
Степанов Олег Кириллович,сержант,12,21
Михайлов Денис Кириллович,прапорщик,6,19
Никитин Никита Кириллович,рядовой,10,41
Зайцев Олег Викторович,лейтенант,5,40
Кочергин Степан Сергеевич,полковник,1,55
Макаров Константин Ильич,прапорщик,9,56
Морозов Олег Михайлович,сержант,11,50
Морозов Никита Романович,прапорщик,7,46
Соколов Максим Максимович,прапорщик,5,33
Новиков Егор Дмитриевич,майор,3,20
Семёнов Денис Романович,сержант,8,31
Фёдоров Виктор Ильич,майор,11,30
Смирнов Михаил Романович,сержант,6,26
Захаров Степан Иванович,лейтенант,8,47
Фёдоров Михаил Михайлович,полковник,6,35
Соловьёв Максим Кириллович,рядовой,2,57
Иванов Степан Дмитриевич,сержант,9,22
Иванов Илья Романович,сержант,12,59
Соколов Павел Михайлович,лейтенант,12,19
Зайцев Павел Юрьевич,рядовой,3,38
Смирнов Матвей Сергеевич,сержант,4,20
Алексеев Кирилл Сергеевич,полковник,2,34
Смирнов Евгений Андреевич,лейтенант,2,21
Кочергин Кирилл Максимович,прапорщик,3,42
Фёдоров Александр Ильич,сержант,4,37
Соколов Матвей Юрьевич,капитан,11,37
Сидоров Олег Иванович,полковник,3,25
Алексеев Егор Никитич,полковник,1,44
Макаров Матвей Викторович,капитан,9,59
Петров Роман Максимович,сержант,4,44
Орлов Никита Никитич,сержант,7,24
Алексеев Илья Александрович,прапорщик,10,51
Петров Михаил Андреевич,рядовой,2,57
Попов Иван Сергеевич,полковник,7,49
Павлов Евгений Дмитриевич,лейтенант,8,28
Степанов Дмитрий Ильич,сержант,6,38
Никитин Александр Дмитриевич,капитан,4,59
Морозов Константин Романович,рядовой,12,55
Васильев Сергей Андреевич,полковник,6,39
Кочергин Илья Алексеевич,майор,12,46
Васильев Артём Кириллович,рядовой,3,18
Степанов Степан Романович,лейтенант,11,40
Кузнецов Константин Андреевич,рядовой,11,31
Зайцев Матвей Дмитриевич,полковник,8,54
Орлов Степан Романович,капитан,6,36
Сидоров Юрий Александрович,сержант,10,21
Лебедев Олег Никитич,майор,10,33
Михайлов Никита Павлович,майор,2,31
Борисов Егор Алексеевич,полковник,2,22
Иванов Матвей Никитич,майор,7,48
Степанов Дмитрий Ильич,лейтенант,3,24
Петров Кирилл Иванович,рядовой,11,60
Макаров Егор Олегович,прапорщик,11,59
Смирнов Павел Иванович,рядовой,6,51
Васильев Дмитрий Максимович,полковник,5,22
Иванов Егор Иванович,рядовой,11,51
Козлов Егор Дмитриевич,рядовой,9,58
Новиков Матвей Романович,лейтенант,7,59
Николаев Кирилл Андреевич,капитан,5,21
Кузнецов Роман Романович,лейтенант,7,34
Николаев Егор Сергеевич,капитан,11,55
Яковлев Андрей Михайлович,майор,8,46
Николаев Матвей Александрович,капитан,5,47
Зайцев Матвей Ильич,полковник,4,38
Егоров Максим Сергеевич,сержант,4,48
Андреев Александр Максимович,майор,8,60
Попов Александр Викторович,рядовой,11,40
Кочергин Матвей Кириллович,капитан,4,37
Кузнецов Илья Викторович,лейтенант,1,51
Макаров Андрей Сергеевич,прапорщик,5,59
Макаров Юрий Дмитриевич,капитан,4,47
Николаев Кирилл Иванович,майор,6,57
Козлов Виктор Кириллович,капитан,12,21
Смирнов Никита Сергеевич,прапорщик,11,46
Андреев Денис Ильич,майор,6,53
Смирнов Илья Викторович,сержант,9,29
Павлов Александр Александрович,капитан,6,47
Васильев Кирилл Павлович,полковник,7,20
Соколов Александр Александрович,рядовой,2,19
Зайцев Денис Кириллович,полковник,9,24
Яковлев Алексей Иванович,капитан,5,41
Смирнов Максим Романович,прапорщик,11,55
Попов Павел Олегович,капитан,6,29
Иванов Артём Ильич,рядовой,4,34
Николаев Роман Андреевич,лейтенант,9,50
Борисов Роман Александрович,прапорщик,11,31
Смирнов Иван Викторович,прапорщик,2,47
Попов Матвей Алексеевич,сержант,8,30
Смирнов Константин Михайлович,рядовой,7,38
Михайлов Юрий Максимович,сержант,2,28
Иванов Виктор Александрович,сержант,1,53
Смирнов Константин Юрьевич,прапорщик,6,41
Никитин Сергей Павлович,лейтенант,2,21
Соловьёв Никита Юрьевич,прапорщик,8,18
Козлов Алексей Ильич,рядовой,7,26
Яковлев Роман Олегович,полковник,9,23
Орлов Максим Сергеевич,лейтенант,1,19
Андреев Сергей Романович,полковник,9,46
Николаев Андрей Михайлович,капитан,9,49
Новиков Михаил Иванович,лейтенант,12,27
Яковлев Александр Павлович,сержант,7,60
Степанов Михаил Ильич,майор,1,37
Алексеев Сергей Романович,рядовой,5,36
Семёнов Евгений Алексеевич,рядовой,8,43
Васильев Кирилл Иванович,рядовой,12,58
Николаев Михаил Дмитриевич,майор,1,22
Козлов Александр Павлович,майор,2,54
Макаров Денис Сергеевич,полковник,8,28
Сидоров Кирилл Романович,прапорщик,12,29
Яковлев Александр Максимович,полковник,5,49
Макаров Никита Викторович,прапорщик,12,44
Смирнов Алексей Павлович,прапорщик,4,25
Иванов Артём Алексеевич,капитан,6,35
Макаров Максим Михайлович,прапорщик,4,52
Алексеев Матвей Сергеевич,лейтенант,3,26
Попов Олег Никитич,рядовой,3,51
Иванов Олег Сергеевич,сержант,9,18
Кочергин Юрий Андреевич,капитан,7,34
Кузнецов Артём Павлович,полковник,2,18
Лебедев Евгений Андреевич,рядовой,4,22
Сидоров Александр Михайлович,сержант,6,32
Алексеев Константин Юрьевич,майор,4,26
Попов Евгений Алексеевич,майор,3,55
Алексеев Виктор Дмитриевич,рядовой,6,51
Новиков Павел Павлович,капитан,6,23
Сидоров Юрий Александрович,сержант,3,33
Иванов Кирилл Сергеевич,лейтенант,10,46
Соколов Алексей Ильич,рядовой,12,56
Фёдоров Кирилл Иванович,капитан,9,24
Борисов Алексей Никитич,лейтенант,11,26
Морозов Дмитрий Алексеевич,рядовой,8,34
Козлов Константин Викторович,лейтенант,5,48
Кузнецов Степан Романович,рядовой,4,35
Морозов Максим Михайлович,рядовой,2,43
Сидоров Виктор Дмитриевич,рядовой,3,51
Фёдоров Константин Олегович,майор,7,50
Зайцев Александр Дмитриевич,полковник,12,41
Петров Степан Ильич,капитан,5,18
Новиков Алексей Викторович,майор,10,50
Николаев Илья Кириллович,капитан,10,45
Семёнов Евгений Юрьевич,рядовой,10,41
Сидоров Михаил Александрович,капитан,6,52
Семёнов Матвей Олегович,рядовой,1,24
Николаев Сергей Андреевич,сержант,10,22
Захаров Иван Никитич,полковник,12,59
Михайлов Степан Максимович,рядовой,12,52
Попов Павел Ильич,рядовой,7,20
Павлов Дмитрий Павлович,прапорщик,9,36
Степанов Андрей Никитич,майор,11,45
Сидоров Егор Максимович,полковник,12,45
Николаев Денис Сергеевич,полковник,2,27
Васильев Максим Никитич,полковник,2,56
Козлов Александр Ильич,рядовой,6,31
Михайлов Роман Максимович,сержант,10,44
Макаров Андрей Никитич,майор,12,55
Андреев Сергей Викторович,лейтенант,2,35
Павлов Олег Павлович,полковник,5,27
Петров Никита Сергеевич,лейтенант,8,54
Смирнов Илья Дмитриевич,полковник,4,26
Иванов Алексей Ильич,полковник,8,27
Никитин Матвей Алексеевич,майор,11,33
Петров Виктор Александрович,майор,2,39
Алексеев Олег Романович,рядовой,10,40
Кузнецов Матвей Ильич,лейтенант,5,27
Андреев Андрей Александрович,полковник,2,54
Сидоров Александр Сергеевич,прапорщик,10,44
Морозов Алексей Олегович,лейтенант,1,21
Попов Артём Романович,рядовой,7,30
Андреев Иван Викторович,полковник,12,20
Андреев Сергей Максимович,прапорщик,8,34
Соловьёв Юрий Иванович,лейтенант,6,30
Павлов Евгений Сергеевич,рядовой,5,27
Андреев Максим Юрьевич,рядовой,7,26
Захаров Сергей Никитич,лейтенант,11,39
Андреев Виктор Максимович,майор,3,52
Андреев Андрей Романович,полковник,10,40
Сидоров Александр Олегович,майор,12,37
Иванов Константин Викторович,прапорщик,10,44
Кочергин Кирилл Иванович,лейтенант,10,54
Васильев Денис Дмитриевич,сержант,2,21
Кузнецов Артём Никитич,полковник,10,44
Степанов Роман Юрьевич,лейтенант,10,41
Петров Роман Олегович,лейтенант,2,37
Сидоров Егор Романович,сержант,11,28
Смирнов Иван Александрович,полковник,5,50
Морозов Павел Павлович,рядовой,5,52
Семёнов Егор Сергеевич,майор,9,59
Никитин Егор Алексеевич,сержант,11,33
Андреев Юрий Максимович,капитан,12,60
Лебедев Дмитрий Ильич,сержант,11,21
Семёнов Степан Ильич,сержант,10,33
Степанов Виктор Андреевич,лейтенант,7,30
Соколов Илья Дмитриевич,рядовой,4,29
Фёдоров Кирилл Дмитриевич,капитан,12,34
Зайцев Роман Андреевич,майор,11,59
Козлов Артём Юрьевич,лейтенант,11,46
Яковлев Илья Павлович,лейтенант,11,31
Морозов Юрий Романович,рядовой,12,39
Николаев Егор Иванович,майор,6,60
Петров Андрей Сергеевич,капитан,11,45
Новиков Артём Александрович,сержант,6,22
Новиков Артём Романович,рядовой,7,29
Андреев Степан Александрович,сержант,7,50
Павлов Кирилл Олегович,сержант,4,28
Николаев Дмитрий Андреевич,майор,7,43
Козлов Денис Ильич,рядовой,12,41
Семёнов Максим Павлович,полковник,8,20
Николаев Павел Михайлович,лейтенант,9,37
Никитин Роман Дмитриевич,прапорщик,10,22
Андреев Егор Андреевич,полковник,3,52
Зайцев Артём Ильич,капитан,3,58
Зайцев Денис Юрьевич,лейтенант,8,40
Яковлев Матвей Никитич,майор,9,45
Кузнецов Максим Александрович,прапорщик,9,48
Никитин Максим Максимович,прапорщик,7,60
Фёдоров Егор Ильич,капитан,9,23
Яковлев Андрей Юрьевич,майор,11,49
Фёдоров Александр Викторович,прапорщик,11,34
Егоров Константин Романович,рядовой,3,44
Сидоров Роман Иванович,рядовой,5,44
Андреев Иван Дмитриевич,рядовой,7,36
Орлов Егор Олегович,майор,10,54
Семёнов Степан Дмитриевич,рядовой,9,47
Макаров Никита Юрьевич,майор,11,31
Кочергин Степан Александрович,майор,3,21
Андреев Степан Павлович,капитан,10,52
Соловьёв Олег Александрович,прапорщик,6,39
Соколов Иван Юрьевич,сержант,7,37
Макаров Дмитрий Олегович,рядовой,7,30
Алексеев Роман Ильич,рядовой,10,60
Петров Михаил Никитич,лейтенант,8,42
Кочергин Сергей Михайлович,лейтенант,2,24
Иванов Виктор Андреевич,полковник,4,44
Морозов Михаил Максимович,сержант,5,35
Кузнецов Максим Ильич,полковник,12,22
Егоров Павел Дмитриевич,майор,2,26
Зайцев Александр Алексеевич,рядовой,4,41
Зайцев Дмитрий Юрьевич,прапорщик,4,18
Зайцев Артём Ильич,рядовой,7,23
Павлов Олег Сергеевич,рядовой,6,34
Яковлев Матвей Максимович,майор,2,31
Николаев Павел Викторович,рядовой,8,34
Попов Евгений Олегович,полковник,7,36
Новиков Денис Олегович,рядовой,4,40
Орлов Роман Юрьевич,рядовой,6,53
Андреев Артём Максимович,полковник,5,30
Иванов Сергей Павлович,майор,10,53
Новиков Дмитрий Юрьевич,полковник,7,37
Иванов Евгений Викторович,полковник,6,22
Борисов Михаил Александрович,капитан,5,18
Иванов Виктор Романович,полковник,12,20
Лебедев Максим Андреевич,рядовой,12,34
Морозов Степан Алексеевич,лейтенант,3,29
Никитин Алексей Павлович,прапорщик,9,18
Попов Олег Юрьевич,капитан,5,44
Алексеев Константин Кириллович,капитан,10,27
Кузнецов Виктор Олегович,сержант,7,32
Егоров Константин Максимович,капитан,8,34
Попов Александр Михайлович,полковник,6,54
Кочергин Андрей Сергеевич,полковник,1,38
Степанов Денис Ильич,сержант,9,53
Николаев Артём Иванович,полковник,1,55
Никитин Евгений Алексеевич,капитан,9,51
Смирнов Юрий Дмитриевич,рядовой,1,20
Степанов Алексей Александрович,майор,12,50
Соловьёв Павел Ильич,рядовой,12,29
Иванов Дмитрий Максимович,прапорщик,4,33
Новиков Алексей Андреевич,прапорщик,12,35
Степанов Алексей Андреевич,сержант,9,56
Морозов Егор Алексеевич,рядовой,8,47
Фёдоров Никита Юрьевич,сержант,5,26
Кузнецов Павел Михайлович,майор,7,50
Сидоров Иван Юрьевич,рядовой,11,46
Морозов Денис Андреевич,полковник,10,28
Иванов Максим Романович,прапорщик,10,41
Лебедев Андрей Сергеевич,рядовой,9,24
Михайлов Илья Александрович,прапорщик,7,30
Сидоров Иван Ильич,полковник,7,44
Лебедев Кирилл Олегович,полковник,8,41
Степанов Евгений Олегович,полковник,4,44
Попов Максим Михайлович,лейтенант,8,29
Петров Иван Максимович,лейтенант,11,32
Зайцев Сергей Павлович,полковник,6,51
Егоров Илья Александрович,лейтенант,8,35
Зайцев Сергей Олегович,лейтенант,6,52
Сидоров Иван Юрьевич,сержант,3,38
Орлов Юрий Андреевич,майор,4,23
Никитин Юрий Иванович,сержант,3,20
Сидоров Павел Михайлович,лейтенант,4,50
Алексеев Константин Иванович,капитан,8,55
Захаров Константин Романович,прапорщик,5,32
Яковлев Максим Ильич,рядовой,12,31
Яковлев Матвей Сергеевич,прапорщик,11,27
Андреев Юрий Викторович,рядовой,7,52
Фёдоров Константин Никитич,сержант,1,56
Семёнов Алексей Никитич,сержант,10,24
Кочергин Константин Кириллович,лейтенант,10,41
Кочергин Егор Алексеевич,рядовой,8,25
Кузнецов Денис Михайлович,полковник,8,34
Смирнов Михаил Александрович,капитан,11,42
Соколов Евгений Ильич,лейтенант,5,58
Соловьёв Евгений Романович,сержант,1,36
Васильев Денис Сергеевич,майор,10,43
Никитин Дмитрий Максимович,майор,7,60
Морозов Евгений Иванович,полковник,10,45
Иванов Виктор Алексеевич,прапорщик,3,27
Иванов Илья Михайлович,рядовой,12,29
Иванов Артём Романович,сержант,4,49
Орлов Кирилл Викторович,полковник,2,40
Сидоров Дмитрий Иванович,лейтенант,2,27
Козлов Константин Иванович,полковник,12,29
Макаров Дмитрий Александрович,прапорщик,12,19
Попов Евгений Олегович,рядовой,3,20
Макаров Евгений Дмитриевич,сержант,6,55
Борисов Иван Дмитриевич,прапорщик,10,36
Фёдоров Юрий Олегович,лейтенант,7,50
Новиков Олег Дмитриевич,полковник,8,33
Кочергин Иван Дмитриевич,майор,9,55
Иванов Виктор Кириллович,капитан,6,49
Соловьёв Илья Алексеевич,прапорщик,7,32
Морозов Андрей Кириллович,полковник,7,45
Степанов Никита Андреевич,лейтенант,1,23
Попов Илья Ильич,капитан,6,39
Козлов Александр Александрович,майор,8,54
Андреев Андрей Александрович,майор,9,26
Егоров Никита Никитич,рядовой,7,53
Никитин Юрий Павлович,прапорщик,9,43
Зайцев Артём Олегович,полковник,1,53
Сидоров Евгений Максимович,рядовой,9,24
Егоров Егор Андреевич,лейтенант,2,28
Борисов Олег Викторович,сержант,4,49
Кочергин Матвей Дмитриевич,полковник,4,20
Яковлев Константин Андреевич,майор,11,26
Соловьёв Дмитрий Сергеевич,лейтенант,2,39
Козлов Андрей Андреевич,лейтенант,4,34
Васильев Андрей Михайлович,майор,3,54
Васильев Юрий Алексеевич,лейтенант,11,50
Кочергин Илья Алексеевич,сержант,9,59
Михайлов Юрий Сергеевич,капитан,9,23
Егоров Евгений Андреевич,майор,7,35
Николаев Юрий Михайлович,сержант,4,21
Козлов Матвей Михайлович,лейтенант,3,38
Андреев Юрий Романович,рядовой,2,46
Петров Алексей Александрович,лейтенант,11,32
Яковлев Денис Викторович,сержант,3,36
Яковлев Александр Михайлович,рядовой,8,40
Михайлов Константин Алексеевич,прапорщик,8,58
Макаров Константин Александрович,капитан,1,49
Макаров Евгений Романович,прапорщик,4,57
Кузнецов Юрий Андреевич,полковник,10,29
Лебедев Виктор Павлович,лейтенант,6,29
Алексеев Юрий Дмитриевич,прапорщик,6,32
Фёдоров Михаил Сергеевич,полковник,2,33
Смирнов Илья Александрович,сержант,7,18
Николаев Андрей Олегович,майор,4,18
Егоров Денис Олегович,полковник,11,31
Попов Денис Максимович,рядовой,11,18
Кочергин Никита Максимович,лейтенант,4,53
Егоров Роман Никитич,лейтенант,2,34
Попов Денис Викторович,лейтенант,12,50
Фёдоров Денис Ильич,полковник,8,48
Морозов Виктор Никитич,прапорщик,5,26
Кузнецов Александр Ильич,лейтенант,1,23
Козлов Александр Ильич,прапорщик,4,42
Павлов Михаил Андреевич,рядовой,3,40
Попов Егор Иванович,капитан,1,49
Николаев Роман Ильич,полковник,6,60
Яковлев Алексей Иванович,капитан,2,42
Зайцев Михаил Максимович,сержант,10,32
Орлов Евгений Сергеевич,майор,12,40
Кузнецов Матвей Никитич,сержант,10,21
Семёнов Роман Алексеевич,сержант,9,59
Кузнецов Егор Дмитриевич,сержант,4,18
Макаров Евгений Максимович,полковник,9,41
Борисов Матвей Максимович,прапорщик,12,49
Попов Егор Максимович,прапорщик,10,42
Захаров Андрей Олегович,рядовой,6,54
Егоров Сергей Олегович,полковник,5,46
Егоров Илья Юрьевич,майор,3,33
Новиков Павел Викторович,полковник,5,40
Новиков Виктор Дмитриевич,сержант,4,36
Борисов Денис Викторович,сержант,1,45
Егоров Максим Олегович,прапорщик,12,45
Смирнов Роман Олегович,майор,12,37
Алексеев Юрий Максимович,майор,9,29
Андреев Виктор Ильич,майор,7,44
Новиков Никита Викторович,прапорщик,8,57
Орлов Матвей Романович,полковник,4,39
Соловьёв Юрий Александрович,полковник,4,58
Николаев Артём Алексеевич,лейтенант,7,45
Соколов Илья Михайлович,сержант,12,52
Васильев Александр Кириллович,сержант,10,38
Лебедев Юрий Викторович,майор,7,48
Новиков Денис Иванович,капитан,5,48
Соловьёв Артём Максимович,сержант,4,27
Козлов Денис Викторович,майор,8,29
Никитин Виктор Андреевич,рядовой,12,57
Николаев Артём Олегович,майор,11,52
Новиков Евгений Олегович,прапорщик,6,19
Фёдоров Виктор Романович,прапорщик,5,50
Степанов Павел Никитич,майор,8,42
Соколов Виктор Олегович,полковник,2,40
Степанов Евгений Алексеевич,полковник,12,34
Попов Павел Никитич,прапорщик,1,38
Андреев Максим Андреевич,рядовой,10,28
Андреев Алексей Романович,рядовой,11,46
Зайцев Евгений Алексеевич,лейтенант,1,47
Морозов Михаил Михайлович,полковник,11,19
Лебедев Андрей Иванович,прапорщик,1,40
Зайцев Максим Михайлович,сержант,7,57
Попов Денис Олегович,капитан,11,28
Морозов Степан Викторович,капитан,4,51
Кузнецов Роман Олегович,майор,5,19
Петров Никита Кириллович,полковник,1,27
Лебедев Михаил Александрович,сержант,2,28
Николаев Алексей Кириллович,лейтенант,9,55
Новиков Матвей Сергеевич,прапорщик,11,36
Васильев Евгений Никитич,лейтенант,10,55
Макаров Матвей Романович,лейтенант,2,45
Алексеев Матвей Максимович,капитан,4,35
Орлов Константин Юрьевич,лейтенант,8,46
Яковлев Матвей Сергеевич,капитан,10,39
Никитин Юрий Дмитриевич,лейтенант,1,34
Кочергин Артём Олегович,сержант,10,35
Новиков Дмитрий Александрович,лейтенант,9,55
Петров Андрей Юрьевич,полковник,9,50
Яковлев Максим Дмитриевич,прапорщик,6,32
Захаров Олег Викторович,прапорщик,6,28
Захаров Сергей Никитич,майор,9,48
Попов Артём Павлович,капитан,8,56
Сидоров Михаил Павлович,рядовой,5,23
Макаров Кирилл Олегович,капитан,5,18
Николаев Павел Алексеевич,капитан,12,28
Степанов Сергей Алексеевич,рядовой,9,24
Фёдоров Никита Викторович,рядовой,7,28
Николаев Иван Сергеевич,прапорщик,8,30
Лебедев Артём Олегович,лейтенант,1,58
Новиков Степан Викторович,полковник,1,42
Николаев Виктор Ильич,рядовой,11,49
Попов Виктор Ильич,рядовой,1,20
Николаев Сергей Олегович,лейтенант,6,53
Степанов Степан Сергеевич,прапорщик,1,46
Зайцев Виктор Кириллович,полковник,3,28
Соколов Дмитрий Андреевич,лейтенант,2,59
Семёнов Кирилл Дмитриевич,сержант,8,24
Соловьёв Кирилл Андреевич,полковник,9,30
Степанов Андрей Иванович,прапорщик,8,53
Степанов Андрей Викторович,прапорщик,8,43
Смирнов Евгений Олегович,прапорщик,3,18
Иванов Матвей Сергеевич,прапорщик,4,35
Иванов Александр Михайлович,майор,7,43
Макаров Евгений Ильич,рядовой,4,48
Петров Кирилл Александрович,майор,9,26
Морозов Максим Иванович,сержант,7,53
Алексеев Илья Романович,прапорщик,3,50
Иванов Никита Романович,сержант,7,40
Петров Константин Иванович,лейтенант,7,43
Васильев Роман Михайлович,сержант,11,42
Семёнов Дмитрий Михайлович,полковник,10,47
Яковлев Виктор Кириллович,прапорщик,2,59
Захаров Александр Максимович,капитан,3,35
Кочергин Олег Алексеевич,лейтенант,4,56
Борисов Максим Андреевич,сержант,3,53
Васильев Никита Олегович,прапорщик,11,41
Попов Артём Максимович,лейтенант,9,40
Семёнов Александр Романович,лейтенант,4,22
Петров Иван Олегович,капитан,7,37
Николаев Степан Андреевич,майор,5,52
Андреев Иван Павлович,капитан,9,40
Захаров Степан Иванович,рядовой,1,57
Козлов Дмитрий Иванович,рядовой,12,23
Николаев Андрей Александрович,прапорщик,12,31
Зайцев Денис Романович,майор,12,22
Смирнов Константин Павлович,рядовой,11,57
Соколов Егор Андреевич,сержант,8,41
Сидоров Артём Юрьевич,прапорщик,2,38
Егоров Иван Алексеевич,сержант,5,27
Алексеев Михаил Никитич,капитан,8,47
Соловьёв Константин Павлович,майор,7,39
Смирнов Степан Никитич,сержант,3,43
Морозов Виктор Дмитриевич,полковник,3,47
Степанов Алексей Александрович,сержант,8,34
Семёнов Роман Викторович,майор,12,53
Никитин Егор Александрович,рядовой,9,32
Фёдоров Матвей Александрович,лейтенант,6,25
Зайцев Егор Алексеевич,полковник,7,24
Сидоров Егор Павлович,прапорщик,9,36
Васильев Дмитрий Александрович,рядовой,5,43
Сидоров Андрей Кириллович,рядовой,12,37
Захаров Олег Павлович,сержант,3,44
Козлов Дмитрий Олегович,капитан,3,47
Сидоров Артём Александрович,прапорщик,10,23
Петров Иван Кириллович,полковник,3,24
Кузнецов Павел Андреевич,майор,6,35
Захаров Максим Иванович,сержант,12,37
Петров Александр Павлович,капитан,12,28
Фёдоров Роман Кириллович,капитан,1,35
Фёдоров Артём Ильич,лейтенант,5,50
Никитин Иван Ильич,лейтенант,9,41
Макаров Максим Викторович,прапорщик,6,32
Соловьёв Денис Ильич,полковник,4,59
Захаров Иван Михайлович,майор,7,57
Петров Александр Александрович,майор,10,28
Макаров Денис Алексеевич,майор,7,41
Новиков Илья Михайлович,рядовой,9,34
Зайцев Иван Андреевич,лейтенант,11,51
Козлов Степан Максимович,прапорщик,11,52
Семёнов Егор Павлович,майор,6,46
Иванов Евгений Олегович,прапорщик,12,36
Степанов Денис Олегович,капитан,8,36
Морозов Денис Иванович,рядовой,10,22
Лебедев Сергей Александрович,лейтенант,10,39
Николаев Егор Михайлович,полковник,8,50
Степанов Павел Юрьевич,сержант,11,22
Макаров Матвей Андреевич,полковник,6,18
Михайлов Денис Максимович,рядовой,9,47
Смирнов Андрей Олегович,капитан,12,48
Козлов Денис Михайлович,майор,9,22
Михайлов Артём Андреевич,лейтенант,5,27
Иванов Дмитрий Михайлович,лейтенант,12,33
Никитин Сергей Кириллович,капитан,7,31
Николаев Роман Дмитриевич,майор,6,46
Новиков Максим Максимович,капитан,7,25
Никитин Максим Дмитриевич,прапорщик,9,34
Михайлов Павел Кириллович,рядовой,6,24
Зайцев Денис Кириллович,капитан,1,29
Егоров Юрий Максимович,капитан,2,48
Михайлов Константин Иванович,лейтенант,6,49
Кочергин Павел Павлович,рядовой,10,56
Кузнецов Александр Максимович,прапорщик,1,60
Петров Олег Кириллович,майор,8,40
Никитин Денис Александрович,лейтенант,8,39
Морозов Михаил Павлович,полковник,8,30
Васильев Александр Никитич,майор,1,31
Егоров Михаил Максимович,полковник,3,38
Никитин Андрей Олегович,майор,4,25
Фёдоров Степан Романович,майор,11,38
Степанов Михаил Павлович,прапорщик,3,36
Орлов Павел Никитич,лейтенант,5,47
Николаев Денис Андреевич,майор,3,38
Степанов Артём Олегович,полковник,8,54
Новиков Андрей Олегович,полковник,7,36
Степанов Павел Викторович,майор,6,34
Морозов Степан Максимович,капитан,10,20
Иванов Максим Никитич,полковник,2,45
Борисов Иван Иванович,майор,11,40
Семёнов Дмитрий Ильич,рядовой,12,18
Николаев Андрей Алексеевич,майор,6,26
Сидоров Иван Алексеевич,рядовой,9,28
Степанов Михаил Дмитриевич,майор,8,46
Орлов Евгений Ильич,майор,8,38
Яковлев Дмитрий Андреевич,лейтенант,8,47
Степанов Павел Романович,полковник,10,35
Петров Артём Михайлович,сержант,8,46
Новиков Олег Иванович,сержант,11,33
Морозов Кирилл Михайлович,капитан,9,58
Андреев Константин Романович,майор,1,32
Орлов Андрей Никитич,полковник,2,56
Яковлев Павел Олегович,рядовой,2,54
Смирнов Дмитрий Олегович,капитан,8,24
Павлов Алексей Никитич,капитан,1,52
Макаров Артём Алексеевич,прапорщик,12,33
Николаев Алексей Алексеевич,прапорщик,5,49
Иванов Александр Максимович,капитан,7,54
Степанов Дмитрий Викторович,капитан,3,23
Соловьёв Кирилл Андреевич,лейтенант,1,60
Орлов Иван Михайлович,сержант,4,39
Макаров Виктор Дмитриевич,капитан,3,52
Орлов Андрей Дмитриевич,полковник,12,49
Васильев Константин Михайлович,рядовой,1,31
Николаев Степан Максимович,майор,7,53
Михайлов Константин Александрович,рядовой,2,25
Орлов Егор Романович,рядовой,5,45
Фёдоров Дмитрий Сергеевич,полковник,4,56
Алексеев Матвей Максимович,лейтенант,2,27
Новиков Виктор Дмитриевич,капитан,5,49
Борисов Михаил Алексеевич,капитан,11,51
Новиков Алексей Никитич,прапорщик,3,26
Новиков Александр Дмитриевич,сержант,12,53
Петров Роман Никитич,полковник,10,29
Новиков Виктор Викторович,майор,11,32
Яковлев Роман Павлович,полковник,10,49
Алексеев Никита Сергеевич,полковник,9,42
Попов Егор Ильич,сержант,10,60
Михайлов Виктор Михайлович,прапорщик,6,29
Морозов Илья Сергеевич,капитан,10,60
Козлов Александр Андреевич,майор,6,20
Сидоров Павел Дмитриевич,рядовой,9,25
Зайцев Никита Александрович,прапорщик,8,29
Николаев Егор Юрьевич,капитан,5,60
Попов Александр Ильич,капитан,2,33
Орлов Виктор Павлович,капитан,8,30
Васильев Роман Михайлович,рядовой,11,47
Фёдоров Юрий Андреевич,прапорщик,11,22
Смирнов Павел Павлович,лейтенант,6,54
Фёдоров Евгений Никитич,рядовой,7,21
Морозов Егор Дмитриевич,прапорщик,1,26
Соловьёв Евгений Александрович,капитан,10,56
Семёнов Андрей Романович,полковник,7,23
Орлов Никита Сергеевич,капитан,7,45
Новиков Дмитрий Ильич,лейтенант,9,42
Михайлов Степан Никитич,сержант,3,26
Новиков Егор Павлович,майор,10,22
Лебедев Степан Иванович,майор,9,54
Павлов Максим Иванович,сержант,3,20
Алексеев Кирилл Дмитриевич,майор,1,20
Павлов Дмитрий Иванович,сержант,10,56
Кузнецов Денис Михайлович,капитан,1,45
Фёдоров Юрий Дмитриевич,лейтенант,11,52
Николаев Юрий Александрович,лейтенант,3,28
Козлов Роман Андреевич,лейтенант,5,59
Макаров Александр Михайлович,рядовой,5,30
Павлов Виктор Викторович,лейтенант,3,42
Кузнецов Никита Павлович,лейтенант,3,49
Захаров Олег Юрьевич,лейтенант,8,59
Козлов Максим Иванович,майор,12,58
Смирнов Михаил Викторович,майор,4,27
Степанов Никита Юрьевич,полковник,6,41
Петров Степан Романович,майор,2,44
Захаров Михаил Юрьевич,сержант,10,39
Лебедев Михаил Павлович,сержант,2,50
Петров Сергей Сергеевич,полковник,2,29
Николаев Никита Олегович,полковник,1,59
Макаров Андрей Михайлович,сержант,7,48
Орлов Сергей Александрович,капитан,12,56
Сидоров Дмитрий Викторович,майор,2,40
Яковлев Иван Михайлович,прапорщик,9,41
Борисов Виктор Романович,сержант,12,40
Захаров Иван Сергеевич,лейтенант,5,32
Никитин Артём Викторович,прапорщик,12,45
Сидоров Никита Никитич,майор,10,21
Васильев Виктор Андреевич,рядовой,4,23
Васильев Максим Александрович,майор,12,57
Иванов Матвей Иванович,майор,2,56
Никитин Юрий Кириллович,полковник,8,28
Николаев Виктор Ильич,полковник,8,45
Макаров Виктор Викторович,майор,10,59
Степанов Виктор Кириллович,майор,12,19
Павлов Юрий Юрьевич,лейтенант,7,41
Степанов Евгений Юрьевич,капитан,9,37
Степанов Алексей Ильич,прапорщик,11,44
Кочергин Михаил Иванович,сержант,7,41
Фёдоров Егор Алексеевич,капитан,5,23
Фёдоров Иван Иванович,капитан,6,48
Яковлев Виктор Юрьевич,полковник,8,57
Яковлев Андрей Юрьевич,полковник,8,35
Соколов Илья Алексеевич,капитан,6,19
Алексеев Евгений Викторович,лейтенант,6,21
Соколов Матвей Андреевич,полковник,10,19
Борисов Андрей Андреевич,майор,7,24
Кузнецов Юрий Михайлович,рядовой,11,40
Михайлов Никита Кириллович,лейтенант,11,35
Борисов Никита Юрьевич,рядовой,9,52
Фёдоров Матвей Алексеевич,полковник,8,48
Захаров Михаил Максимович,майор,11,57
Борисов Михаил Никитич,майор,9,49
Морозов Иван Юрьевич,сержант,4,33
Захаров Михаил Михайлович,прапорщик,8,28
Новиков Илья Андреевич,прапорщик,11,46
Кузнецов Роман Романович,сержант,5,35
Семёнов Алексей Никитич,полковник,4,30
Егоров Кирилл Викторович,прапорщик,8,29
Кочергин Андрей Олегович,полковник,2,21
Макаров Виктор Викторович,лейтенант,8,27
Николаев Павел Павлович,лейтенант,3,28
Соколов Евгений Романович,рядовой,6,32
Петров Матвей Иванович,капитан,4,60
Семёнов Денис Викторович,майор,12,39
Кочергин Михаил Олегович,капитан,12,53
Егоров Степан Олегович,прапорщик,4,37
Васильев Павел Андреевич,сержант,2,60
Соколов Михаил Михайлович,лейтенант,1,50
Алексеев Михаил Дмитриевич,полковник,10,39
Борисов Степан Алексеевич,лейтенант,5,47
Алексеев Михаил Олегович,лейтенант,3,21
Иванов Степан Андреевич,майор,4,33
Алексеев Денис Алексеевич,капитан,6,50
Яковлев Максим Романович,сержант,4,29
Егоров Сергей Никитич,рядовой,3,54
Никитин Константин Олегович,лейтенант,3,55
Борисов Алексей Максимович,прапорщик,1,41
Морозов Виктор Никитич,майор,8,33
Соловьёв Андрей Юрьевич,прапорщик,2,24
Кочергин Дмитрий Ильич,майор,8,22
Яковлев Степан Викторович,полковник,2,55
Николаев Александр Андреевич,капитан,2,40
Захаров Никита Иванович,лейтенант,12,39
Попов Кирилл Максимович,рядовой,12,31
Яковлев Константин Никитич,сержант,10,40
Павлов Павел Андреевич,капитан,12,47
Алексеев Александр Никитич,прапорщик,12,40
Иванов Егор Андреевич,капитан,11,59
Фёдоров Алексей Иванович,майор,12,37
Никитин Иван Алексеевич,прапорщик,2,53
Васильев Алексей Кириллович,полковник,5,42
Захаров Никита Ильич,капитан,11,55
Морозов Олег Сергеевич,майор,10,30
Степанов Иван Сергеевич,майор,11,25
Яковлев Виктор Иванович,лейтенант,1,51
Новиков Максим Алексеевич,прапорщик,10,31
Яковлев Сергей Викторович,сержант,11,24
Алексеев Константин Кириллович,рядовой,5,33
Соловьёв Илья Иванович,рядовой,9,39
Кочергин Андрей Никитич,рядовой,3,53
Алексеев Максим Романович,полковник,2,54
Соколов Михаил Александрович,сержант,3,42
Борисов Никита Юрьевич,лейтенант,10,43
Яковлев Михаил Андреевич,рядовой,7,31
Зайцев Кирилл Юрьевич,майор,8,41
Макаров Матвей Иванович,полковник,1,35
Алексеев Андрей Юрьевич,полковник,6,60
Кузнецов Евгений Викторович,рядовой,2,55
Орлов Виктор Павлович,прапорщик,12,26
Макаров Максим Павлович,рядовой,6,34
Макаров Павел Алексеевич,сержант,3,49
Борисов Егор Андреевич,прапорщик,2,46
Смирнов Степан Юрьевич,прапорщик,2,47
Попов Роман Дмитриевич,прапорщик,9,32
Фёдоров Евгений Михайлович,лейтенант,1,22
Лебедев Степан Максимович,полковник,5,21
Андреев Роман Максимович,капитан,9,36
Соколов Алексей Романович,прапорщик,8,19
Лебедев Алексей Ильич,прапорщик,5,45
Новиков Егор Викторович,рядовой,10,36
Орлов Егор Романович,лейтенант,10,59
Петров Павел Олегович,прапорщик,6,27
Борисов Кирилл Сергеевич,рядовой,12,49
Васильев Денис Андреевич,прапорщик,2,35
Иванов Егор Александрович,лейтенант,6,44
Никитин Илья Иванович,майор,5,25
Степанов Евгений Юрьевич,полковник,3,28
Никитин Артём Кириллович,прапорщик,3,39
Степанов Степан Дмитриевич,прапорщик,11,59
Сидоров Степан Викторович,лейтенант,2,35
Смирнов Виктор Михайлович,полковник,12,36
Новиков Кирилл Юрьевич,капитан,6,54
Егоров Роман Романович,майор,7,24
Морозов Роман Кириллович,прапорщик,8,20
Макаров Денис Павлович,рядовой,3,48
Козлов Максим Ильич,капитан,12,32
Иванов Денис Михайлович,капитан,12,40
Соловьёв Матвей Максимович,лейтенант,7,56
Андреев Иван Максимович,прапорщик,8,48
Борисов Павел Викторович,сержант,5,22
Яковлев Артём Александрович,майор,10,48
Фёдоров Михаил Максимович,полковник,9,59
Фёдоров Константин Викторович,майор,10,25
Макаров Андрей Ильич,сержант,7,54
Козлов Андрей Сергеевич,рядовой,2,22
Макаров Олег Андреевич,лейтенант,5,38
Павлов Евгений Романович,прапорщик,8,54
Макаров Михаил Юрьевич,сержант,2,42
Васильев Артём Сергеевич,лейтенант,2,42
Степанов Алексей Олегович,майор,3,30
Степанов Максим Олегович,сержант,8,44
Иванов Никита Сергеевич,майор,8,24
Новиков Михаил Романович,рядовой,12,59
Петров Максим Андреевич,майор,2,45
Лебедев Максим Сергеевич,прапорщик,11,43
Степанов Михаил Юрьевич,полковник,6,29
Степанов Никита Кириллович,сержант,3,43
Козлов Никита Никитич,рядовой,6,28
Никитин Иван Сергеевич,лейтенант,8,30
Николаев Степан Алексеевич,майор,2,44
Смирнов Виктор Михайлович,лейтенант,8,54
Смирнов Кирилл Кириллович,майор,9,33
Петров Егор Андреевич,лейтенант,6,49
Егоров Виктор Максимович,прапорщик,8,37
Борисов Дмитрий Павлович,лейтенант,1,44
Борисов Олег Олегович,рядовой,9,58
Васильев Артём Дмитриевич,рядовой,6,28
Васильев Юрий Дмитриевич,майор,11,58
Алексеев Денис Юрьевич,прапорщик,10,37
Степанов Михаил Олегович,майор,5,48
Егоров Павел Кириллович,прапорщик,10,25
Никитин Андрей Ильич,прапорщик,6,60
Никитин Сергей Сергеевич,рядовой,8,52
Лебедев Евгений Юрьевич,рядовой,9,45
Козлов Максим Иванович,майор,10,41
Зайцев Алексей Сергеевич,рядовой,5,23
Иванов Роман Алексеевич,капитан,6,46
Семёнов Евгений Максимович,полковник,5,35
Петров Виктор Ильич,лейтенант,4,50
Смирнов Александр Иванович,сержант,1,27
Михайлов Константин Михайлович,рядовой,9,41
Алексеев Константин Юрьевич,рядовой,3,30
Захаров Денис Максимович,капитан,2,18
Семёнов Виктор Романович,прапорщик,1,54
Николаев Матвей Алексеевич,лейтенант,11,43
Борисов Матвей Дмитриевич,капитан,1,24
Новиков Дмитрий Андреевич,сержант,4,50
Егоров Степан Ильич,капитан,12,53
Борисов Евгений Романович,сержант,11,30
Фёдоров Денис Максимович,майор,3,34
Смирнов Матвей Романович,сержант,9,42
Зайцев Иван Дмитриевич,прапорщик,2,24
Алексеев Иван Никитич,лейтенант,8,27
Петров Илья Александрович,прапорщик,5,26
Михайлов Михаил Дмитриевич,капитан,12,33
Соловьёв Кирилл Александрович,капитан,8,45
Михайлов Константин Романович,прапорщик,9,50
Николаев Сергей Никитич,майор,7,48
Зайцев Степан Никитич,сержант,7,55
Соколов Евгений Михайлович,капитан,5,48
Козлов Павел Иванович,полковник,9,22
Николаев Максим Дмитриевич,лейтенант,6,26
Иванов Роман Кириллович,лейтенант,3,52
Петров Евгений Олегович,полковник,12,48
Соловьёв Артём Кириллович,прапорщик,7,46
Семёнов Евгений Ильич,рядовой,8,51
Кузнецов Егор Иванович,майор,9,46
Новиков Кирилл Максимович,капитан,3,55
Захаров Юрий Алексеевич,майор,10,47
Алексеев Степан Сергеевич,рядовой,10,58
Павлов Павел Максимович,рядовой,5,58
Степанов Александр Алексеевич,лейтенант,5,29
Морозов Алексей Андреевич,майор,10,49
Егоров Алексей Олегович,сержант,1,20
Никитин Илья Иванович,рядовой,9,40
Николаев Сергей Юрьевич,майор,6,20
Новиков Виктор Ильич,майор,1,46
Макаров Виктор Викторович,майор,11,34
Андреев Сергей Максимович,полковник,11,50
Соколов Павел Олегович,прапорщик,8,60
Борисов Кирилл Кириллович,капитан,12,53
Козлов Артём Юрьевич,прапорщик,12,41
Захаров Роман Павлович,сержант,4,37
Алексеев Михаил Иванович,полковник,2,47
Васильев Сергей Павлович,прапорщик,4,58
Никитин Сергей Павлович,рядовой,3,27
Николаев Юрий Олегович,полковник,12,48
Попов Иван Павлович,лейтенант,11,24
Сидоров Михаил Олегович,рядовой,7,19
Зайцев Сергей Дмитриевич,сержант,11,33
Морозов Павел Алексеевич,капитан,5,41
Макаров Артём Андреевич,полковник,8,30
Никитин Илья Викторович,майор,7,24
Яковлев Максим Павлович,рядовой,5,20
Кузнецов Олег Павлович,лейтенант,4,60
Степанов Юрий Викторович,майор,12,43
Семёнов Максим Олегович,капитан,8,55
Семёнов Павел Александрович,полковник,10,45
Новиков Роман Андреевич,майор,5,23
Макаров Сергей Павлович,лейтенант,12,56
Кузнецов Александр Ильич,прапорщик,8,27
Борисов Денис Максимович,сержант,11,50
Михайлов Алексей Романович,капитан,6,36
Новиков Степан Александрович,сержант,11,22
Яковлев Денис Романович,лейтенант,3,57
Егоров Дмитрий Сергеевич,сержант,12,26
Орлов Матвей Иванович,лейтенант,4,56
Козлов Артём Кириллович,майор,7,26
Николаев Илья Сергеевич,прапорщик,4,51
Васильев Андрей Дмитриевич,лейтенант,9,57
Попов Денис Олегович,сержант,12,41
Соколов Олег Ильич,рядовой,2,52
Козлов Константин Андреевич,лейтенант,12,43
Кузнецов Олег Сергеевич,майор,7,54
Васильев Егор Романович,капитан,1,44
Степанов Виктор Никитич,лейтенант,12,60
Сидоров Степан Павлович,рядовой,4,26
Михайлов Константин Андреевич,майор,6,59
Кочергин Павел Алексеевич,рядовой,11,47
Михайлов Михаил Александрович,майор,12,39
Михайлов Кирилл Максимович,лейтенант,8,49
Кузнецов Сергей Олегович,капитан,9,24
Иванов Никита Сергеевич,сержант,9,45
Новиков Михаил Максимович,рядовой,11,49
Попов Денис Романович,полковник,1,51
Кузнецов Егор Андреевич,майор,9,24
Морозов Максим Алексеевич,майор,11,44
Семёнов Денис Александрович,капитан,4,54
Николаев Константин Иванович,капитан,11,37
Семёнов Степан Олегович,рядовой,3,35
Зайцев Константин Кириллович,прапорщик,3,20
Петров Евгений Ильич,полковник,7,47
Андреев Артём Михайлович,полковник,7,24
Кузнецов Алексей Никитич,рядовой,9,49
Васильев Никита Никитич,майор,8,20
Кочергин Сергей Олегович,капитан,9,33
Сидоров Денис Никитич,сержант,10,54
Смирнов Артём Олегович,лейтенант,3,46
Алексеев Денис Юрьевич,майор,2,30
Андреев Виктор Андреевич,сержант,6,22
Морозов Денис Романович,прапорщик,6,58
Новиков Роман Романович,лейтенант,6,47
Яковлев Денис Дмитриевич,рядовой,5,51
Морозов Алексей Никитич,лейтенант,12,18
Степанов Роман Романович,прапорщик,2,44
Николаев Роман Романович,майор,1,48
Иванов Кирилл Максимович,прапорщик,10,57
Соколов Олег Алексеевич,прапорщик,5,52
Николаев Степан Михайлович,капитан,1,18
Борисов Александр Александрович,лейтенант,11,54
Алексеев Андрей Никитич,прапорщик,1,18
Степанов Кирилл Павлович,прапорщик,10,37
Морозов Илья Михайлович,прапорщик,1,25
Новиков Степан Юрьевич,капитан,9,48
Петров Роман Олегович,прапорщик,6,60
Попов Степан Романович,сержант,8,28
Семёнов Степан Кириллович,сержант,6,48
Никитин Максим Иванович,сержант,2,38
Иванов Константин Михайлович,майор,11,52
Сидоров Иван Кириллович,капитан,4,23
Борисов Андрей Сергеевич,рядовой,10,21
Захаров Артём Александрович,прапорщик,12,56
Фёдоров Андрей Александрович,капитан,7,23
Зайцев Олег Романович,сержант,6,46
Егоров Михаил Павлович,прапорщик,2,25
Соловьёв Виктор Александрович,прапорщик,3,43
Кочергин Евгений Андреевич,лейтенант,4,47
Васильев Иван Дмитриевич,прапорщик,5,20
Степанов Алексей Павлович,лейтенант,3,21
Сидоров Артём Романович,майор,10,20
Семёнов Кирилл Иванович,капитан,6,37
Фёдоров Кирилл Романович,майор,11,35
Павлов Виктор Сергеевич,капитан,12,38
Орлов Андрей Михайлович,майор,12,28
Попов Егор Викторович,полковник,2,27
Алексеев Александр Кириллович,лейтенант,10,60
Кузнецов Виктор Максимович,лейтенант,4,24
Андреев Павел Андреевич,сержант,11,23
Фёдоров Илья Кириллович,рядовой,9,37
Соловьёв Илья Максимович,полковник,9,19
Яковлев Максим Александрович,полковник,6,26
Андреев Степан Сергеевич,лейтенант,5,60
Петров Андрей Иванович,рядовой,6,38
Михайлов Юрий Олегович,рядовой,6,25
Козлов Александр Андреевич,прапорщик,11,31
Васильев Артём Юрьевич,полковник,6,20
Лебедев Дмитрий Викторович,рядовой,10,44
Кочергин Максим Андреевич,майор,11,27
Соколов Иван Дмитриевич,прапорщик,3,31
Кузнецов Степан Алексеевич,лейтенант,12,33
Макаров Кирилл Дмитриевич,рядовой,11,38
Егоров Михаил Кириллович,рядовой,3,29
Новиков Максим Олегович,капитан,8,53
Кочергин Андрей Никитич,капитан,11,22
Васильев Егор Романович,сержант,7,21
Орлов Никита Андреевич,майор,11,53
Михайлов Артём Романович,лейтенант,10,56
Семёнов Иван Максимович,лейтенант,11,23
Егоров Матвей Андреевич,лейтенант,3,23
Андреев Алексей Павлович,рядовой,10,23
Васильев Алексей Алексеевич,майор,7,43
Макаров Павел Михайлович,сержант,4,41
Фёдоров Юрий Михайлович,лейтенант,11,48
Смирнов Олег Никитич,капитан,9,57
Кочергин Максим Максимович,лейтенант,5,48
Соловьёв Кирилл Павлович,лейтенант,6,60
Захаров Иван Сергеевич,прапорщик,10,42
Лебедев Иван Кириллович,полковник,4,43
Николаев Виктор Алексеевич,капитан,6,59
Орлов Евгений Викторович,рядовой,3,32
Петров Денис Дмитриевич,капитан,1,52
Иванов Егор Олегович,рядовой,9,53
Соколов Егор Иванович,рядовой,7,58
Николаев Александр Никитич,сержант,5,26
Павлов Константин Ильич,лейтенант,7,32
Лебедев Юрий Олегович,капитан,3,44
Орлов Иван Кириллович,лейтенант,9,37
Сидоров Константин Романович,полковник,3,23
Яковлев Иван Дмитриевич,сержант,6,59
Яковлев Кирилл Кириллович,прапорщик,2,47
Васильев Сергей Сергеевич,майор,2,48
Морозов Виктор Дмитриевич,майор,5,49
Макаров Кирилл Павлович,лейтенант,6,26
Семёнов Михаил Андреевич,рядовой,11,36
Алексеев Алексей Павлович,полковник,4,31
Соколов Иван Дмитриевич,майор,6,37
Николаев Сергей Павлович,прапорщик,1,52
Морозов Егор Алексеевич,капитан,3,22
Степанов Константин Кириллович,сержант,6,36
Егоров Степан Максимович,полковник,5,48
Смирнов Кирилл Кириллович,полковник,11,42
Смирнов Андрей Андреевич,полковник,6,40
Петров Сергей Сергеевич,полковник,4,53
Иванов Павел Михайлович,полковник,8,51
Николаев Иван Дмитриевич,капитан,10,37
Павлов Юрий Романович,прапорщик,8,34
Петров Никита Романович,рядовой,11,59
Яковлев Константин Андреевич,прапорщик,12,34
Петров Денис Максимович,майор,12,60
Морозов Михаил Павлович,лейтенант,11,48
Захаров Илья Викторович,полковник,8,36
Орлов Матвей Викторович,прапорщик,5,25
Михайлов Константин Андреевич,полковник,11,25
Попов Дмитрий Олегович,лейтенант,11,18
Соловьёв Роман Иванович,рядовой,6,44
Козлов Никита Никитич,майор,6,56
Морозов Кирилл Иванович,рядовой,6,23
Морозов Егор Юрьевич,полковник,6,55
Павлов Павел Андреевич,сержант,4,52
Николаев Степан Михайлович,рядовой,1,42
Зайцев Олег Михайлович,рядовой,1,21
Захаров Юрий Александрович,сержант,12,50
Смирнов Константин Дмитриевич,капитан,6,50
Морозов Евгений Кириллович,лейтенант,11,18
Николаев Илья Никитич,прапорщик,9,44
Кочергин Илья Максимович,сержант,12,48
Соловьёв Иван Ильич,прапорщик,11,53
Алексеев Егор Олегович,майор,4,43
Зайцев Роман Юрьевич,сержант,10,37
Борисов Олег Андреевич,майор,5,56
Захаров Евгений Иванович,рядовой,9,49
Семёнов Степан Юрьевич,лейтенант,2,34
Павлов Виктор Максимович,лейтенант,5,23
Кузнецов Олег Александрович,полковник,10,29
Никитин Андрей Михайлович,рядовой,11,39
Андреев Степан Дмитриевич,лейтенант,6,37
Смирнов Олег Викторович,рядовой,3,37
Павлов Олег Романович,сержант,3,54
Макаров Кирилл Кириллович,лейтенант,6,22
Морозов Денис Никитич,рядовой,6,37
Никитин Сергей Андреевич,капитан,12,24
Егоров Никита Романович,полковник,11,46
Козлов Михаил Андреевич,майор,11,22
Новиков Артём Олегович,прапорщик,12,50
Андреев Дмитрий Александрович,майор,12,32
Кочергин Михаил Алексеевич,сержант,2,54
Степанов Андрей Ильич,рядовой,5,45
Смирнов Денис Дмитриевич,капитан,5,22
Павлов Матвей Юрьевич,майор,4,60
Алексеев Алексей Ильич,сержант,5,50
Иванов Олег Сергеевич,полковник,6,51
Егоров Роман Кириллович,сержант,1,42
Петров Александр Сергеевич,майор,10,57
Морозов Илья Алексеевич,капитан,4,44
Новиков Константин Сергеевич,капитан,4,22
Алексеев Александр Алексеевич,майор,5,57
Макаров Степан Юрьевич,полковник,8,52
Фёдоров Павел Алексеевич,рядовой,3,55
Соколов Юрий Дмитриевич,рядовой,4,45
Семёнов Михаил Дмитриевич,лейтенант,11,58
Сидоров Егор Павлович,майор,12,38
Иванов Матвей Михайлович,сержант,5,50
Козлов Никита Юрьевич,полковник,5,21
Козлов Алексей Романович,лейтенант,7,37
Павлов Олег Алексеевич,прапорщик,9,45
Кузнецов Матвей Никитич,прапорщик,12,57
Кочергин Артём Дмитриевич,полковник,6,18
Степанов Александр Сергеевич,капитан,11,49
Яковлев Матвей Кириллович,капитан,1,54
Павлов Кирилл Кириллович,майор,3,22
Соколов Матвей Никитич,сержант,1,28
Макаров Максим Олегович,капитан,7,47
Смирнов Степан Сергеевич,майор,6,28
Алексеев Степан Романович,сержант,3,38
Павлов Виктор Юрьевич,полковник,12,57
Лебедев Артём Максимович,рядовой,5,47
Смирнов Андрей Павлович,рядовой,2,43
Фёдоров Кирилл Ильич,рядовой,2,21
Соколов Степан Романович,сержант,5,23
Кочергин Матвей Михайлович,майор,11,22
Егоров Иван Дмитриевич,майор,10,52
Смирнов Илья Ильич,капитан,8,49
Борисов Сергей Дмитриевич,майор,5,46
Яковлев Андрей Олегович,майор,12,48
Семёнов Кирилл Михайлович,сержант,9,53
Морозов Павел Юрьевич,прапорщик,12,55
Алексеев Дмитрий Олегович,майор,2,23
Соколов Евгений Ильич,прапорщик,9,54
Семёнов Олег Олегович,лейтенант,11,36
Козлов Константин Викторович,сержант,4,31
Петров Михаил Никитич,прапорщик,5,19
Петров Матвей Иванович,майор,3,19
Яковлев Роман Дмитриевич,сержант,10,60
Павлов Степан Викторович,рядовой,7,33
Семёнов Егор Андреевич,прапорщик,12,60
Николаев Никита Никитич,полковник,1,42
Соловьёв Матвей Алексеевич,полковник,4,33
Павлов Юрий Сергеевич,сержант,11,39
Козлов Павел Дмитриевич,рядовой,2,54
Степанов Максим Иванович,сержант,9,45
Макаров Иван Юрьевич,сержант,10,57
Петров Роман Ильич,полковник,9,41
Васильев Кирилл Сергеевич,капитан,11,22
Павлов Михаил Юрьевич,рядовой,2,36
Иванов Дмитрий Иванович,майор,3,44
Фёдоров Никита Ильич,майор,10,18
Лебедев Виктор Никитич,полковник,12,35
Андреев Роман Кириллович,прапорщик,4,36
Егоров Кирилл Романович,полковник,4,53
Смирнов Степан Ильич,прапорщик,3,58
Соколов Денис Михайлович,сержант,5,55
Макаров Павел Александрович,полковник,10,38
Макаров Максим Сергеевич,полковник,2,46
Семёнов Виктор Андреевич,полковник,6,50
Макаров Денис Романович,майор,3,34
Яковлев Виктор Никитич,прапорщик,1,39
Николаев Артём Алексеевич,сержант,3,46
Захаров Константин Олегович,рядовой,2,35
Николаев Алексей Александрович,рядовой,5,50
Орлов Александр Викторович,капитан,9,25
Борисов Павел Сергеевич,лейтенант,4,20
Соколов Сергей Викторович,прапорщик,4,23
Попов Алексей Никитич,сержант,10,41
Яковлев Илья Юрьевич,майор,4,54
Соколов Роман Михайлович,капитан,8,45
Лебедев Кирилл Павлович,рядовой,7,31
Никитин Иван Максимович,полковник,3,50
Смирнов Михаил Олегович,лейтенант,2,29
Павлов Артём Ильич,рядовой,9,23
Иванов Дмитрий Олегович,полковник,8,37
Макаров Максим Александрович,прапорщик,11,57
Макаров Илья Кириллович,рядовой,4,24
Петров Павел Иванович,полковник,12,32
Зайцев Виктор Юрьевич,сержант,12,38
Павлов Александр Алексеевич,майор,11,20
Соколов Денис Михайлович,прапорщик,2,46
Иванов Степан Павлович,капитан,2,24
Никитин Андрей Дмитриевич,прапорщик,6,35
Сидоров Никита Викторович,сержант,9,53
Борисов Андрей Олегович,сержант,2,56
Макаров Степан Михайлович,сержант,6,26
Попов Матвей Павлович,капитан,4,41
Смирнов Иван Алексеевич,капитан,3,58
Кузнецов Олег Никитич,сержант,10,44
Степанов Павел Сергеевич,сержант,7,30
Иванов Максим Викторович,лейтенант,1,51
Павлов Виктор Викторович,полковник,11,45
Яковлев Евгений Андреевич,сержант,5,19
Захаров Алексей Юрьевич,капитан,6,33
Васильев Сергей Сергеевич,полковник,6,48
Кузнецов Кирилл Дмитриевич,майор,1,50
Попов Роман Романович,капитан,1,41
Макаров Алексей Павлович,прапорщик,6,30
Новиков Александр Юрьевич,капитан,2,46
Егоров Артём Викторович,прапорщик,11,41
Никитин Сергей Дмитриевич,лейтенант,10,21
Борисов Илья Романович,полковник,8,19
Семёнов Алексей Максимович,лейтенант,11,49
Яковлев Максим Михайлович,майор,2,18
Захаров Иван Александрович,капитан,4,20
Кочергин Кирилл Олегович,лейтенант,10,25
Егоров Артём Павлович,лейтенант,6,32
Никитин Максим Сергеевич,капитан,7,42
Кочергин Михаил Александрович,сержант,10,28
Борисов Дмитрий Никитич,прапорщик,4,41
Новиков Константин Андреевич,сержант,4,48
Петров Михаил Михайлович,капитан,8,48
Соловьёв Степан Андреевич,капитан,3,27
Кочергин Кирилл Александрович,прапорщик,12,39
Кочергин Артём Юрьевич,сержант,6,22
Новиков Кирилл Александрович,майор,10,46
Морозов Денис Олегович,майор,8,28
Алексеев Никита Михайлович,рядовой,2,37
Захаров Кирилл Юрьевич,полковник,9,25
Новиков Артём Алексеевич,сержант,2,45
Орлов Сергей Викторович,майор,8,32
Кузнецов Евгений Павлович,лейтенант,12,55
Новиков Матвей Андреевич,рядовой,9,25
Фёдоров Олег Павлович,майор,11,25
Васильев Матвей Александрович,прапорщик,4,22
Егоров Артём Ильич,сержант,5,56
Орлов Александр Максимович,рядовой,6,30
Сидоров Михаил Сергеевич,прапорщик,3,46
Борисов Никита Максимович,полковник,10,59
Соловьёв Михаил Михайлович,сержант,12,18
Соловьёв Артём Юрьевич,капитан,11,44
Иванов Юрий Иванович,майор,7,41
Захаров Алексей Иванович,майор,2,53
Павлов Максим Михайлович,майор,5,34
Кочергин Виктор Кириллович,рядовой,9,19
Алексеев Сергей Ильич,рядовой,6,34
Соловьёв Илья Иванович,сержант,7,56
Кочергин Михаил Дмитриевич,рядовой,10,24
Семёнов Константин Кириллович,сержант,9,29
Зайцев Илья Кириллович,лейтенант,11,23
Алексеев Иван Дмитриевич,капитан,7,60
Никитин Сергей Сергеевич,рядовой,12,52
Морозов Виктор Алексеевич,прапорщик,4,30
Козлов Кирилл Павлович,лейтенант,7,48
Андреев Евгений Андреевич,майор,8,54
Яковлев Степан Викторович,сержант,4,34
Петров Алексей Максимович,прапорщик,10,34
Новиков Кирилл Кириллович,лейтенант,7,49
Павлов Денис Ильич,капитан,1,46
Орлов Олег Михайлович,майор,3,41
Егоров Виктор Сергеевич,рядовой,6,45
Павлов Кирилл Алексеевич,капитан,1,47
Андреев Павел Алексеевич,капитан,7,51
Фёдоров Виктор Никитич,майор,6,60
Соловьёв Артём Ильич,прапорщик,11,20
Яковлев Виктор Юрьевич,прапорщик,2,30
Егоров Юрий Андреевич,рядовой,8,54
Алексеев Роман Ильич,капитан,8,29
Павлов Роман Александрович,прапорщик,11,29
Морозов Кирилл Павлович,лейтенант,1,54
Орлов Павел Андреевич,рядовой,3,56
Степанов Дмитрий Сергеевич,майор,8,44
Михайлов Евгений Иванович,рядовой,10,60
Степанов Иван Павлович,майор,4,41
Михайлов Степан Никитич,лейтенант,3,50
Новиков Роман Дмитриевич,рядовой,9,37
Алексеев Матвей Никитич,полковник,1,49
Иванов Степан Романович,рядовой,8,27
Макаров Александр Максимович,рядовой,10,25
Макаров Дмитрий Викторович,прапорщик,1,30
Яковлев Евгений Кириллович,майор,6,22
Новиков Сергей Алексеевич,полковник,10,50
Зайцев Илья Алексеевич,рядовой,10,52
Николаев Кирилл Андреевич,рядовой,4,34
Сидоров Андрей Романович,майор,3,23
Козлов Михаил Сергеевич,капитан,9,54
Попов Олег Максимович,капитан,2,46
Васильев Матвей Андреевич,прапорщик,3,47
Захаров Кирилл Дмитриевич,полковник,8,49
Яковлев Илья Ильич,капитан,11,42
Михайлов Денис Павлович,сержант,6,29
Зайцев Константин Кириллович,прапорщик,9,34
Орлов Егор Кириллович,майор,7,21
Никитин Матвей Андреевич,прапорщик,5,43
Андреев Степан Ильич,сержант,5,55
Павлов Виктор Иванович,капитан,8,33
Петров Сергей Михайлович,полковник,9,20
Петров Алексей Андреевич,полковник,8,42
Новиков Матвей Алексеевич,прапорщик,3,30
Алексеев Максим Андреевич,полковник,10,58
Борисов Юрий Алексеевич,сержант,11,45
Лебедев Егор Иванович,лейтенант,8,60
Яковлев Павел Максимович,капитан,11,41
Фёдоров Илья Викторович,лейтенант,6,33
Степанов Евгений Алексеевич,прапорщик,6,39
Степанов Никита Максимович,рядовой,8,55
Яковлев Олег Дмитриевич,сержант,3,38
Яковлев Александр Кириллович,майор,4,47
Алексеев Михаил Викторович,майор,4,59
Макаров Артём Ильич,майор,11,35
Борисов Алексей Алексеевич,прапорщик,1,20
Макаров Егор Сергеевич,сержант,8,27
Николаев Кирилл Максимович,прапорщик,6,36
Яковлев Юрий Алексеевич,полковник,5,53
Борисов Павел Сергеевич,сержант,8,38
Сидоров Алексей Михайлович,прапорщик,8,56
Соколов Степан Сергеевич,капитан,12,20
Алексеев Артём Кириллович,полковник,2,32
Фёдоров Роман Павлович,прапорщик,1,50
Лебедев Кирилл Викторович,капитан,2,52
Кочергин Никита Александрович,полковник,8,43
Михайлов Денис Олегович,полковник,1,52
Козлов Алексей Павлович,рядовой,5,35
Захаров Кирилл Андреевич,капитан,5,47
Егоров Дмитрий Викторович,сержант,8,55
Семёнов Илья Викторович,капитан,8,44
Степанов Константин Романович,капитан,8,33
Иванов Роман Романович,сержант,4,20
Алексеев Сергей Алексеевич,сержант,7,56
Орлов Михаил Кириллович,лейтенант,10,18
Фёдоров Виктор Иванович,лейтенант,8,29
Никитин Юрий Максимович,прапорщик,7,49
Новиков Алексей Никитич,майор,10,49
Зайцев Юрий Дмитриевич,прапорщик,8,58
Захаров Константин Максимович,прапорщик,5,29
Петров Юрий Викторович,капитан,8,24
Захаров Илья Романович,полковник,10,38
Сидоров Никита Павлович,рядовой,12,20
Захаров Илья Викторович,сержант,7,54
Фёдоров Матвей Юрьевич,капитан,5,40
Семёнов Роман Ильич,лейтенант,12,50
Яковлев Максим Дмитриевич,рядовой,8,27
Андреев Виктор Романович,лейтенант,1,44
Никитин Кирилл Павлович,рядовой,7,54
Васильев Денис Андреевич,сержант,5,60
Орлов Матвей Максимович,лейтенант,10,23
Смирнов Артём Ильич,рядовой,1,25
Андреев Кирилл Иванович,рядовой,4,24
Иванов Матвей Павлович,майор,4,47
Егоров Александр Максимович,майор,11,41
Зайцев Денис Максимович,рядовой,5,25
Попов Евгений Никитич,сержант,9,49
Иванов Алексей Олегович,лейтенант,5,54
Степанов Денис Юрьевич,рядовой,12,36
Семёнов Михаил Михайлович,сержант,4,58
Соловьёв Роман Иванович,майор,9,31
Михайлов Денис Павлович,прапорщик,10,48
Никитин Олег Никитич,капитан,4,35
Борисов Алексей Александрович,майор,9,31
Соколов Денис Ильич,майор,10,37
Михайлов Алексей Максимович,сержант,2,51
Орлов Илья Михайлович,сержант,5,24
Павлов Иван Максимович,полковник,7,40
Новиков Сергей Ильич,прапорщик,8,33
Иванов Денис Романович,рядовой,8,55
Орлов Юрий Алексеевич,рядовой,12,40
Андреев Александр Андреевич,капитан,9,59
Орлов Павел Максимович,рядовой,12,57
Сидоров Роман Максимович,сержант,1,58
Макаров Евгений Олегович,прапорщик,6,46
Никитин Виктор Иванович,сержант,1,60
Яковлев Алексей Михайлович,прапорщик,11,56
Фёдоров Степан Михайлович,сержант,8,55
Зайцев Егор Максимович,рядовой,7,35
Степанов Юрий Павлович,лейтенант,1,37
Николаев Артём Романович,лейтенант,10,31
Кочергин Никита Ильич,сержант,7,40
Семёнов Степан Михайлович,рядовой,6,42
Сидоров Константин Александрович,рядовой,9,39
Фёдоров Максим Сергеевич,капитан,5,55
Яковлев Артём Алексеевич,лейтенант,3,18
Иванов Михаил Александрович,капитан,11,29
Смирнов Александр Максимович,сержант,3,36
Морозов Роман Андреевич,лейтенант,4,53
Павлов Денис Никитич,рядовой,6,59
Попов Павел Андреевич,прапорщик,10,25
Иванов Илья Александрович,рядовой,4,23
Никитин Андрей Кириллович,прапорщик,4,51
Макаров Михаил Дмитриевич,сержант,6,29
Кочергин Кирилл Дмитриевич,капитан,10,25
Захаров Иван Павлович,прапорщик,7,44
Семёнов Никита Александрович,капитан,10,45
Васильев Иван Иванович,капитан,9,48
Кузнецов Константин Юрьевич,лейтенант,3,56
Васильев Максим Андреевич,капитан,2,50
Кузнецов Никита Максимович,лейтенант,4,37
Новиков Артём Юрьевич,лейтенант,9,21
Семёнов Сергей Викторович,прапорщик,6,55
Фёдоров Егор Юрьевич,майор,6,46
Фёдоров Виктор Максимович,майор,7,30
Яковлев Евгений Кириллович,полковник,9,39
Павлов Сергей Максимович,рядовой,2,24
Егоров Олег Ильич,рядовой,4,23
Степанов Алексей Максимович,рядовой,9,21
Васильев Степан Сергеевич,прапорщик,8,27
Кузнецов Алексей Сергеевич,рядовой,11,59
Макаров Кирилл Кириллович,прапорщик,7,55
Фёдоров Павел Максимович,майор,12,51
Андреев Андрей Ильич,прапорщик,2,39
Лебедев Юрий Олегович,прапорщик,11,51
Степанов Илья Сергеевич,полковник,11,36
Андреев Александр Юрьевич,прапорщик,9,41
Борисов Степан Иванович,капитан,9,39
Васильев Сергей Юрьевич,рядовой,3,33
Михайлов Роман Никитич,майор,3,26
Козлов Роман Сергеевич,лейтенант,8,20
Васильев Александр Максимович,рядовой,5,47
Никитин Егор Сергеевич,капитан,12,49
Борисов Денис Максимович,полковник,2,24
Егоров Егор Юрьевич,майор,3,51
Новиков Александр Иванович,рядовой,5,34
Козлов Максим Викторович,лейтенант,3,39
Кузнецов Дмитрий Дмитриевич,рядовой,7,58
Степанов Олег Михайлович,капитан,10,32
Новиков Денис Викторович,майор,10,42
Никитин Максим Павлович,капитан,3,19
Павлов Денис Павлович,прапорщик,8,26
Попов Матвей Михайлович,прапорщик,12,54
Кочергин Иван Александрович,майор,8,27
Павлов Павел Павлович,лейтенант,6,24
Соловьёв Сергей Олегович,прапорщик,8,29
Соловьёв Илья Дмитриевич,прапорщик,12,24
Зайцев Иван Никитич,сержант,11,53
Попов Алексей Сергеевич,капитан,8,58
Зайцев Денис Сергеевич,капитан,11,58
Павлов Юрий Юрьевич,капитан,2,49
Соловьёв Константин Олегович,лейтенант,12,53
Борисов Степан Алексеевич,майор,1,39
Семёнов Андрей Юрьевич,рядовой,5,21
Петров Александр Викторович,рядовой,4,33
Михайлов Дмитрий Дмитриевич,полковник,3,23
Егоров Дмитрий Андреевич,прапорщик,4,41
Иванов Александр Дмитриевич,прапорщик,9,51
Николаев Сергей Иванович,лейтенант,9,58
Степанов Андрей Кириллович,полковник,2,59
Андреев Иван Павлович,полковник,2,52
Новиков Дмитрий Иванович,сержант,3,25
Алексеев Александр Романович,лейтенант,1,20
Зайцев Михаил Олегович,сержант,12,30
Смирнов Денис Никитич,прапорщик,12,40
Степанов Константин Никитич,прапорщик,1,25
Лебедев Сергей Викторович,рядовой,7,43
Фёдоров Михаил Андреевич,майор,3,56
Васильев Максим Юрьевич,полковник,9,28
Семёнов Артём Романович,капитан,7,56
Макаров Илья Никитич,капитан,6,57
Кочергин Андрей Никитич,прапорщик,4,50
Алексеев Илья Кириллович,майор,3,37
Макаров Алексей Иванович,рядовой,11,49
Иванов Александр Павлович,полковник,7,32
Никитин Павел Никитич,полковник,9,26
Попов Юрий Михайлович,сержант,2,51
Зайцев Алексей Никитич,прапорщик,6,44
Андреев Олег Ильич,сержант,1,53
Зайцев Егор Ильич,полковник,5,41
Семёнов Дмитрий Никитич,капитан,5,20
Захаров Константин Максимович,прапорщик,9,36
Макаров Павел Максимович,капитан,1,19
Попов Иван Максимович,полковник,4,49
Борисов Алексей Александрович,полковник,9,59
Андреев Максим Алексеевич,капитан,11,41
Егоров Александр Сергеевич,лейтенант,11,29
Новиков Михаил Максимович,рядовой,12,39
Попов Илья Кириллович,сержант,12,49
Никитин Константин Алексеевич,рядовой,11,52
Орлов Матвей Максимович,лейтенант,3,19
Степанов Кирилл Максимович,рядовой,9,27
Кузнецов Артём Алексеевич,сержант,10,50
Васильев Константин Кириллович,полковник,8,20
Лебедев Кирилл Алексеевич,капитан,7,60
Алексеев Егор Кириллович,майор,10,21
Макаров Иван Иванович,рядовой,9,24
Никитин Никита Иванович,лейтенант,10,51
Соколов Виктор Никитич,прапорщик,8,57
Козлов Евгений Кириллович,полковник,4,57
Степанов Егор Юрьевич,полковник,11,52
Яковлев Павел Юрьевич,прапорщик,2,26
Алексеев Андрей Ильич,капитан,6,48
Степанов Михаил Кириллович,полковник,12,37
Степанов Александр Максимович,сержант,5,60
Захаров Павел Максимович,сержант,5,60
Макаров Максим Дмитриевич,прапорщик,4,45
Егоров Алексей Михайлович,полковник,4,40
Иванов Константин Михайлович,майор,12,46
Михайлов Егор Александрович,лейтенант,4,19
Соколов Артём Никитич,прапорщик,12,41
Андреев Никита Михайлович,прапорщик,7,46
Захаров Егор Дмитриевич,сержант,2,43
Степанов Андрей Андреевич,сержант,9,44
Попов Егор Андреевич,лейтенант,7,36
Михайлов Кирилл Александрович,полковник,7,55
Николаев Матвей Викторович,лейтенант,4,38
Алексеев Виктор Иванович,полковник,5,19
Алексеев Илья Кириллович,лейтенант,2,18
Захаров Олег Иванович,майор,12,51
Козлов Денис Юрьевич,майор,5,25
Кочергин Никита Юрьевич,полковник,12,43
Козлов Павел Иванович,рядовой,8,36
Михайлов Алексей Викторович,сержант,3,57
Яковлев Денис Юрьевич,лейтенант,4,23
Петров Виктор Дмитриевич,рядовой,5,24
Фёдоров Алексей Павлович,майор,1,38
Соколов Александр Максимович,полковник,2,39
Егоров Алексей Алексеевич,капитан,11,45
Макаров Сергей Ильич,полковник,5,29
Алексеев Степан Алексеевич,сержант,6,29
Никитин Егор Дмитриевич,прапорщик,2,29
Новиков Дмитрий Александрович,полковник,6,45
Морозов Роман Юрьевич,майор,7,45
Никитин Сергей Дмитриевич,майор,10,30
Павлов Роман Олегович,полковник,8,42
Николаев Павел Ильич,полковник,8,32
Алексеев Кирилл Михайлович,майор,7,32
Козлов Сергей Юрьевич,майор,10,40
Семёнов Олег Павлович,капитан,10,36
Степанов Константин Дмитриевич,прапорщик,11,35
Андреев Алексей Викторович,сержант,4,47
Васильев Артём Иванович,прапорщик,3,27
Павлов Матвей Викторович,сержант,10,45
Захаров Павел Александрович,прапорщик,1,46
Кочергин Павел Кириллович,прапорщик,11,51
Петров Кирилл Викторович,майор,11,26
Попов Илья Алексеевич,капитан,10,55
Попов Кирилл Юрьевич,полковник,4,29
Яковлев Михаил Никитич,майор,7,35
Попов Максим Олегович,капитан,11,51
Петров Олег Иванович,капитан,5,53
Кочергин Максим Алексеевич,полковник,12,27
Морозов Михаил Никитич,майор,4,51
Макаров Никита Сергеевич,рядовой,10,37
Попов Олег Дмитриевич,капитан,3,36
Соловьёв Виктор Максимович,прапорщик,3,35
Попов Кирилл Иванович,капитан,4,49
Соколов Артём Дмитриевич,майор,1,59
Морозов Роман Кириллович,лейтенант,2,41
Зайцев Матвей Дмитриевич,лейтенант,6,31
Соловьёв Степан Никитич,рядовой,4,52
Соловьёв Егор Кириллович,майор,4,42
Николаев Дмитрий Александрович,сержант,2,33
Кузнецов Михаил Иванович,лейтенант,8,53
Андреев Виктор Олегович,лейтенант,9,51
Соловьёв Максим Алексеевич,сержант,1,27
Соловьёв Алексей Викторович,рядовой,4,43
Андреев Константин Максимович,капитан,2,21
Никитин Артём Михайлович,сержант,11,43
Соловьёв Иван Алексеевич,полковник,8,45
Семёнов Роман Юрьевич,лейтенант,7,55
Захаров Олег Андреевич,майор,3,51
Борисов Дмитрий Александрович,капитан,6,54
Фёдоров Виктор Сергеевич,полковник,5,48
Кузнецов Алексей Максимович,майор,2,39
Никитин Алексей Ильич,сержант,5,59
Алексеев Алексей Ильич,капитан,12,41
Захаров Павел Юрьевич,полковник,9,33
Сидоров Илья Юрьевич,рядовой,6,37
Егоров Матвей Алексеевич,капитан,1,36
Михайлов Дмитрий Андреевич,капитан,12,43
Егоров Сергей Олегович,прапорщик,6,33
Соколов Кирилл Александрович,прапорщик,9,45
Морозов Михаил Дмитриевич,рядовой,9,52
Зайцев Роман Сергеевич,рядовой,6,36
Макаров Олег Иванович,рядовой,9,23
Лебедев Алексей Олегович,прапорщик,12,28
Соколов Виктор Андреевич,майор,8,31
Смирнов Павел Михайлович,рядовой,4,50
Соловьёв Илья Ильич,лейтенант,6,48
Лебедев Дмитрий Андреевич,капитан,7,52
Новиков Михаил Сергеевич,майор,2,35
Борисов Кирилл Андреевич,прапорщик,7,39
Борисов Илья Олегович,майор,8,34
Соколов Денис Михайлович,лейтенант,8,28
Иванов Павел Романович,рядовой,7,36
Захаров Павел Иванович,полковник,8,36
Козлов Матвей Алексеевич,рядовой,8,49
Петров Артём Иванович,лейтенант,3,19
Кочергин Иван Иванович,лейтенант,2,43
Кочергин Виктор Сергеевич,лейтенант,12,38
Алексеев Илья Романович,рядовой,4,58
Новиков Александр Ильич,полковник,10,42
Зайцев Павел Никитич,прапорщик,8,54
Павлов Максим Олегович,майор,8,24
Соловьёв Максим Михайлович,лейтенант,11,25
Зайцев Денис Алексеевич,рядовой,1,43
Попов Дмитрий Кириллович,рядовой,10,49
Смирнов Степан Юрьевич,рядовой,4,46
Николаев Денис Юрьевич,капитан,11,18
Петров Матвей Иванович,сержант,12,58
Морозов Иван Михайлович,рядовой,7,39
Макаров Павел Андреевич,майор,11,46
Лебедев Егор Дмитриевич,майор,7,24
Кузнецов Михаил Андреевич,прапорщик,4,29
Михайлов Денис Максимович,лейтенант,11,52
Кочергин Максим Сергеевич,сержант,10,45
Кочергин Андрей Олегович,прапорщик,7,45
Фёдоров Александр Юрьевич,лейтенант,10,18
Николаев Юрий Павлович,лейтенант,5,58
Соколов Артём Романович,майор,6,39
Иванов Евгений Ильич,рядовой,9,19
Козлов Евгений Сергеевич,майор,4,46
Попов Евгений Романович,полковник,10,59
Захаров Матвей Алексеевич,рядовой,10,48
Орлов Евгений Никитич,капитан,2,52
Соловьёв Александр Андреевич,полковник,10,33
Сидоров Виктор Юрьевич,капитан,12,42
Лебедев Егор Алексеевич,прапорщик,9,39
Соколов Евгений Никитич,прапорщик,6,53
Козлов Матвей Сергеевич,капитан,3,24
Яковлев Роман Иванович,майор,11,45
Васильев Роман Дмитриевич,полковник,9,36
Кузнецов Юрий Александрович,лейтенант,7,38
Фёдоров Егор Сергеевич,рядовой,2,24
Васильев Константин Сергеевич,майор,10,38
Соловьёв Илья Иванович,полковник,1,58
Степанов Сергей Михайлович,прапорщик,3,27
Кочергин Роман Кириллович,прапорщик,10,36
Андреев Андрей Романович,сержант,3,43
Борисов Алексей Александрович,капитан,9,49
Алексеев Кирилл Викторович,сержант,6,59
Петров Константин Викторович,полковник,1,32
Иванов Михаил Юрьевич,капитан,8,56
Кочергин Кирилл Михайлович,рядовой,9,35
Лебедев Александр Ильич,полковник,7,47
Егоров Артём Павлович,капитан,1,57
Павлов Иван Ильич,майор,11,20
Захаров Матвей Павлович,рядовой,2,22
Попов Матвей Андреевич,майор,11,38
Семёнов Виктор Викторович,сержант,6,44
Яковлев Артём Юрьевич,сержант,7,52
Смирнов Павел Викторович,сержант,5,39
Егоров Алексей Кириллович,лейтенант,5,28
Морозов Сергей Юрьевич,полковник,2,54
Смирнов Денис Михайлович,прапорщик,11,36
Васильев Андрей Никитич,рядовой,12,57
Козлов Юрий Иванович,лейтенант,6,49
Михайлов Никита Дмитриевич,прапорщик,10,28
Васильев Олег Юрьевич,лейтенант,9,33
Новиков Евгений Иванович,прапорщик,9,48
Никитин Александр Олегович,сержант,8,50
Фёдоров Илья Олегович,лейтенант,4,58
Кочергин Артём Павлович,капитан,4,53
Макаров Андрей Кириллович,майор,6,54
Кузнецов Кирилл Викторович,сержант,11,19
Семёнов Никита Александрович,капитан,6,21
Смирнов Роман Никитич,лейтенант,12,36
Лебедев Алексей Юрьевич,прапорщик,11,29
Новиков Никита Кириллович,капитан,4,54
Никитин Евгений Романович,лейтенант,6,47
Петров Андрей Михайлович,рядовой,1,39
Лебедев Илья Алексеевич,рядовой,11,60
Борисов Роман Алексеевич,прапорщик,4,57
Никитин Александр Сергеевич,прапорщик,9,26
Семёнов Никита Никитич,капитан,3,48
Васильев Евгений Ильич,прапорщик,3,36
Егоров Михаил Ильич,рядовой,9,27
Петров Степан Иванович,полковник,7,20
Николаев Павел Алексеевич,лейтенант,9,41
Петров Константин Алексеевич,полковник,3,41
Зайцев Виктор Дмитриевич,рядовой,11,46
Новиков Павел Сергеевич,сержант,10,47
Егоров Кирилл Михайлович,полковник,7,30
Морозов Егор Никитич,капитан,5,52
Семёнов Алексей Ильич,майор,11,51
Кузнецов Максим Павлович,лейтенант,6,18
Андреев Павел Ильич,капитан,4,31
Семёнов Иван Романович,майор,6,56
Яковлев Егор Дмитриевич,майор,3,38
Николаев Илья Никитич,майор,10,26
Сидоров Кирилл Кириллович,капитан,11,27
Борисов Сергей Андреевич,сержант,10,57
Никитин Роман Андреевич,майор,11,51
Петров Матвей Александрович,сержант,11,25
Петров Кирилл Андреевич,прапорщик,5,20
Кочергин Кирилл Ильич,сержант,9,19
Фёдоров Константин Олегович,сержант,11,22
Яковлев Александр Дмитриевич,рядовой,2,60
Павлов Роман Викторович,рядовой,3,55
Николаев Виктор Викторович,полковник,2,34
Михайлов Никита Дмитриевич,полковник,12,38
Макаров Дмитрий Кириллович,майор,2,58
Иванов Павел Юрьевич,лейтенант,1,30
Сидоров Виктор Михайлович,капитан,6,53
Яковлев Сергей Сергеевич,капитан,5,26
Андреев Алексей Андреевич,майор,1,39
Николаев Константин Юрьевич,майор,3,45
Морозов Егор Кириллович,лейтенант,10,31
Фёдоров Илья Олегович,майор,6,42
Морозов Никита Викторович,лейтенант,1,46
Николаев Дмитрий Никитич,капитан,3,36
Яковлев Иван Андреевич,майор,12,37
Яковлев Дмитрий Александрович,капитан,7,31
Семёнов Виктор Максимович,сержант,10,49
Иванов Иван Дмитриевич,капитан,9,28
Захаров Никита Никитич,рядовой,3,54
Кузнецов Роман Никитич,прапорщик,9,51
Петров Олег Алексеевич,рядовой,5,53
Павлов Олег Викторович,полковник,4,53
Кочергин Кирилл Юрьевич,рядовой,11,57
Иванов Матвей Михайлович,полковник,1,48
Сидоров Степан Кириллович,капитан,3,31
Соловьёв Андрей Павлович,полковник,11,43
Яковлев Егор Михайлович,полковник,4,48
Михайлов Андрей Алексеевич,рядовой,5,23
Новиков Виктор Михайлович,полковник,11,33
Макаров Матвей Викторович,лейтенант,5,21
Павлов Кирилл Викторович,рядовой,10,26
Степанов Виктор Павлович,сержант,1,41
Козлов Сергей Романович,прапорщик,2,19
Никитин Степан Максимович,капитан,2,22
Зайцев Степан Дмитриевич,майор,10,53
Семёнов Никита Андреевич,прапорщик,4,56
Новиков Евгений Александрович,полковник,7,44
Борисов Кирилл Павлович,майор,4,34
Михайлов Алексей Дмитриевич,капитан,3,47
Фёдоров Кирилл Андреевич,рядовой,2,56
Фёдоров Михаил Кириллович,рядовой,7,49
Васильев Александр Андреевич,прапорщик,12,33
Зайцев Кирилл Никитич,капитан,3,51
Никитин Иван Кириллович,прапорщик,1,45
Степанов Александр Андреевич,лейтенант,5,56
Смирнов Матвей Олегович,майор,6,54
Петров Константин Дмитриевич,лейтенант,5,29
Фёдоров Роман Юрьевич,майор,4,30
Кузнецов Евгений Ильич,майор,10,41
Фёдоров Андрей Олегович,рядовой,7,29
Соловьёв Матвей Романович,рядовой,5,37
Иванов Егор Александрович,капитан,12,31
Кузнецов Максим Иванович,прапорщик,2,54
Семёнов Евгений Кириллович,капитан,12,40
Степанов Евгений Алексеевич,майор,12,18
Петров Юрий Дмитриевич,прапорщик,8,39
Фёдоров Никита Никитич,майор,9,48
Степанов Виктор Сергеевич,лейтенант,1,29
Борисов Дмитрий Ильич,рядовой,8,37
Николаев Евгений Андреевич,полковник,12,19
Кузнецов Матвей Михайлович,полковник,8,40
Васильев Егор Юрьевич,майор,1,24
Павлов Дмитрий Романович,сержант,4,19
Соколов Дмитрий Сергеевич,рядовой,5,35
Макаров Константин Кириллович,лейтенант,11,18
Никитин Никита Романович,лейтенант,12,25
Попов Денис Максимович,капитан,5,48
Борисов Андрей Павлович,прапорщик,6,52
Кузнецов Егор Максимович,капитан,7,42
Лебедев Дмитрий Сергеевич,полковник,7,42
Новиков Илья Александрович,майор,9,33
Николаев Артём Дмитриевич,майор,7,24
Макаров Павел Викторович,майор,9,53
Морозов Егор Олегович,сержант,1,32
Смирнов Юрий Романович,сержант,10,57
Сидоров Иван Александрович,прапорщик,8,57
Кузнецов Матвей Максимович,рядовой,7,57
Яковлев Константин Олегович,полковник,10,30
Новиков Константин Дмитриевич,майор,12,39
Семёнов Олег Сергеевич,рядовой,10,28
Кузнецов Никита Романович,прапорщик,2,31
Семёнов Илья Дмитриевич,лейтенант,9,32
Лебедев Кирилл Ильич,капитан,2,52
Фёдоров Егор Юрьевич,лейтенант,12,21
Орлов Евгений Сергеевич,полковник,1,33
Михайлов Виктор Иванович,капитан,10,44
Никитин Юрий Алексеевич,прапорщик,9,52
Яковлев Степан Ильич,майор,6,38
Орлов Максим Максимович,майор,11,53
Сидоров Илья Андреевич,рядовой,9,43
Андреев Юрий Сергеевич,майор,9,25
Кочергин Александр Сергеевич,майор,6,24
Николаев Сергей Иванович,сержант,1,29
Яковлев Виктор Алексеевич,капитан,5,60
Орлов Роман Сергеевич,лейтенант,10,60
Семёнов Юрий Александрович,прапорщик,3,29
Попов Юрий Дмитриевич,лейтенант,4,27
Захаров Юрий Никитич,капитан,2,42
Козлов Денис Дмитриевич,майор,1,27
Семёнов Денис Романович,капитан,6,25
Кузнецов Максим Павлович,капитан,10,59
Макаров Сергей Юрьевич,лейтенант,1,20
Новиков Константин Максимович,сержант,2,28
Морозов Михаил Романович,майор,11,29
Соловьёв Павел Сергеевич,сержант,8,26
Зайцев Андрей Павлович,рядовой,4,49
Никитин Андрей Кириллович,майор,2,43
Никитин Константин Никитич,рядовой,6,45
Кочергин Сергей Романович,лейтенант,3,45
Николаев Юрий Михайлович,лейтенант,8,40
Козлов Кирилл Алексеевич,рядовой,4,41
Иванов Денис Кириллович,рядовой,3,19
Петров Иван Ильич,лейтенант,12,60
Морозов Михаил Романович,рядовой,7,52
Фёдоров Егор Ильич,майор,2,21
Попов Юрий Кириллович,лейтенант,9,33
Смирнов Иван Максимович,лейтенант,8,24
Николаев Матвей Ильич,капитан,11,30
Попов Егор Дмитриевич,майор,5,48
Алексеев Илья Романович,капитан,1,55
Соловьёв Виктор Дмитриевич,прапорщик,5,56
Алексеев Алексей Алексеевич,рядовой,3,21
Андреев Илья Алексеевич,полковник,10,58
Новиков Матвей Сергеевич,капитан,7,48
Николаев Илья Олегович,майор,11,52
Васильев Константин Кириллович,рядовой,11,33
Яковлев Илья Иванович,майор,8,48
Новиков Егор Юрьевич,полковник,3,34
Петров Егор Александрович,майор,9,57
Кузнецов Егор Павлович,сержант,12,24
Павлов Кирилл Дмитриевич,майор,3,57
Сидоров Олег Олегович,майор,1,31
Николаев Михаил Александрович,сержант,5,42
Зайцев Алексей Юрьевич,лейтенант,7,35
Степанов Денис Викторович,майор,10,59
Козлов Константин Александрович,майор,2,51
Андреев Илья Олегович,лейтенант,3,37
Кузнецов Денис Кириллович,майор,9,33
Андреев Олег Павлович,сержант,11,34
Иванов Олег Алексеевич,рядовой,7,59
Морозов Иван Юрьевич,капитан,8,54
Новиков Илья Романович,полковник,5,44
Степанов Олег Павлович,капитан,9,40
Макаров Александр Павлович,майор,1,60
Козлов Кирилл Никитич,сержант,5,33
Зайцев Илья Никитич,сержант,2,18
Козлов Константин Никитич,полковник,11,41
Андреев Дмитрий Максимович,сержант,8,42
Смирнов Степан Александрович,прапорщик,3,45
Смирнов Илья Олегович,сержант,5,53
Яковлев Юрий Андреевич,прапорщик,5,46
Орлов Степан Павлович,полковник,8,22
Морозов Роман Александрович,сержант,5,60
Никитин Михаил Ильич,лейтенант,1,44
Сидоров Александр Сергеевич,сержант,9,42
Егоров Александр Дмитриевич,полковник,4,36
Степанов Виктор Сергеевич,капитан,1,52
Захаров Матвей Ильич,лейтенант,9,37
Михайлов Олег Ильич,капитан,1,52
Павлов Илья Александрович,сержант,9,47
Смирнов Павел Сергеевич,капитан,12,18
Степанов Илья Олегович,прапорщик,11,21
Морозов Евгений Кириллович,прапорщик,6,29
Степанов Кирилл Романович,рядовой,4,54
Морозов Артём Андреевич,майор,12,34
Кузнецов Юрий Ильич,рядовой,1,18
Захаров Алексей Викторович,полковник,1,43
Захаров Дмитрий Никитич,рядовой,6,20
Лебедев Александр Дмитриевич,прапорщик,12,18
Егоров Кирилл Ильич,лейтенант,9,32
Смирнов Матвей Михайлович,полковник,5,34
Никитин Александр Юрьевич,сержант,4,41
Сидоров Илья Андреевич,прапорщик,7,60
Степанов Алексей Александрович,лейтенант,7,19
Никитин Денис Никитич,рядовой,12,56
Павлов Андрей Сергеевич,сержант,9,55
Соловьёв Илья Михайлович,майор,2,31
Егоров Илья Алексеевич,сержант,3,36
Степанов Евгений Юрьевич,прапорщик,3,48
Макаров Матвей Кириллович,рядовой,11,33
Михайлов Павел Олегович,майор,7,47
Никитин Кирилл Ильич,майор,7,47
Иванов Иван Кириллович,прапорщик,11,49
Семёнов Денис Алексеевич,лейтенант,12,45
Иванов Евгений Романович,полковник,6,43
Яковлев Артём Кириллович,майор,10,28
Соколов Роман Михайлович,майор,10,60
Петров Кирилл Максимович,полковник,11,35
Степанов Юрий Михайлович,майор,1,52
Новиков Кирилл Олегович,майор,5,35
Новиков Олег Андреевич,полковник,4,33
Макаров Егор Кириллович,сержант,5,34
Смирнов Александр Дмитриевич,прапорщик,3,37
Васильев Михаил Дмитриевич,майор,4,28
Орлов Артём Сергеевич,лейтенант,9,51
Зайцев Никита Дмитриевич,майор,6,43
Васильев Егор Александрович,рядовой,3,19
Зайцев Алексей Викторович,полковник,9,48
Степанов Сергей Юрьевич,прапорщик,1,59
Павлов Максим Михайлович,майор,7,41
Андреев Сергей Юрьевич,сержант,11,41
Кочергин Константин Юрьевич,капитан,10,18
Соколов Степан Александрович,полковник,7,45
Михайлов Денис Викторович,полковник,8,49
Михайлов Алексей Иванович,прапорщик,2,44
Зайцев Александр Александрович,капитан,1,42
Зайцев Илья Викторович,майор,11,40
Макаров Виктор Александрович,полковник,2,46
Соколов Матвей Александрович,полковник,11,26
Кузнецов Роман Викторович,капитан,7,24
Зайцев Егор Александрович,полковник,2,45
Михайлов Никита Кириллович,прапорщик,12,32
Новиков Дмитрий Ильич,майор,4,42
Новиков Иван Михайлович,майор,8,41
Зайцев Никита Алексеевич,рядовой,7,29
Сидоров Роман Ильич,лейтенант,12,49
Егоров Михаил Ильич,полковник,6,23
Сидоров Виктор Иванович,капитан,9,41
Морозов Павел Андреевич,сержант,11,37
Степанов Егор Сергеевич,полковник,9,48
Кочергин Павел Михайлович,сержант,4,33
Попов Артём Александрович,капитан,4,60
Соловьёв Виктор Кириллович,капитан,10,55
Захаров Егор Романович,лейтенант,10,51
Кочергин Михаил Иванович,прапорщик,2,38
Морозов Кирилл Викторович,капитан,1,32
Кочергин Алексей Михайлович,лейтенант,3,31
Орлов Виктор Павлович,рядовой,3,46
Козлов Илья Викторович,рядовой,12,31
Яковлев Егор Михайлович,лейтенант,6,60
Макаров Степан Михайлович,сержант,5,36
Михайлов Илья Максимович,лейтенант,12,38
Петров Матвей Максимович,лейтенант,10,53
Егоров Павел Кириллович,капитан,11,53
Алексеев Илья Алексеевич,полковник,4,42
Зайцев Павел Алексеевич,майор,6,46
Иванов Иван Романович,полковник,9,57
Иванов Денис Ильич,рядовой,8,19
Орлов Сергей Ильич,рядовой,8,51
Кочергин Кирилл Иванович,капитан,9,22
Фёдоров Максим Юрьевич,прапорщик,7,39
Морозов Сергей Кириллович,прапорщик,10,26
Павлов Егор Иванович,сержант,12,35
Семёнов Кирилл Романович,рядовой,5,51
Алексеев Максим Олегович,майор,5,38
Новиков Егор Андреевич,капитан,8,37
Яковлев Дмитрий Сергеевич,полковник,8,47
Кузнецов Дмитрий Максимович,прапорщик,6,45
Егоров Максим Михайлович,рядовой,7,50
Лебедев Артём Андреевич,капитан,6,56
Николаев Евгений Юрьевич,полковник,5,45
Яковлев Степан Иванович,рядовой,12,42
Морозов Матвей Алексеевич,полковник,5,52
Кузнецов Андрей Романович,капитан,1,56
Соловьёв Алексей Романович,полковник,3,24
Попов Александр Юрьевич,рядовой,3,38
Борисов Александр Михайлович,рядовой,11,32
Кузнецов Кирилл Алексеевич,сержант,3,55
Орлов Олег Иванович,капитан,7,49
Семёнов Андрей Дмитриевич,полковник,2,28
Петров Никита Юрьевич,полковник,9,39
Михайлов Егор Ильич,рядовой,11,45
Никитин Андрей Никитич,полковник,9,44
Захаров Илья Романович,рядовой,7,27
Степанов Денис Ильич,сержант,4,21
Кочергин Максим Дмитриевич,полковник,5,48
Михайлов Илья Иванович,сержант,4,37
Петров Никита Кириллович,полковник,7,21
Васильев Максим Иванович,капитан,9,56
Семёнов Павел Викторович,полковник,6,23
Орлов Олег Сергеевич,майор,8,20
Новиков Сергей Максимович,рядовой,6,21
Петров Виктор Сергеевич,лейтенант,10,58
Орлов Виктор Иванович,прапорщик,7,54
Борисов Матвей Павлович,майор,3,28
Соколов Кирилл Дмитриевич,сержант,8,55
Яковлев Степан Сергеевич,капитан,11,45
Попов Степан Никитич,полковник,2,23
Алексеев Роман Олегович,полковник,3,33
Лебедев Михаил Олегович,лейтенант,11,22
Кочергин Илья Сергеевич,рядовой,11,32
Иванов Илья Дмитриевич,сержант,3,59
Захаров Иван Сергеевич,майор,10,39
Степанов Максим Викторович,полковник,12,51
Алексеев Кирилл Кириллович,рядовой,4,39
Егоров Кирилл Максимович,капитан,1,21
Орлов Евгений Юрьевич,майор,10,49
Павлов Олег Алексеевич,сержант,12,26
Кочергин Сергей Юрьевич,рядовой,7,48
Фёдоров Егор Иванович,полковник,5,23
Васильев Кирилл Андреевич,майор,11,29
Орлов Евгений Кириллович,майор,8,29
Зайцев Максим Сергеевич,лейтенант,7,52
Иванов Павел Алексеевич,сержант,9,42
Андреев Алексей Андреевич,рядовой,9,49
Егоров Кирилл Андреевич,майор,12,23
Попов Евгений Кириллович,сержант,12,19
Орлов Сергей Юрьевич,лейтенант,6,18
Сидоров Павел Павлович,сержант,8,35
Иванов Роман Иванович,рядовой,2,41
Павлов Максим Иванович,лейтенант,7,22
Попов Евгений Андреевич,майор,1,25
Степанов Константин Иванович,рядовой,10,60
Васильев Олег Никитич,лейтенант,10,35
Семёнов Степан Сергеевич,полковник,11,45
Зайцев Михаил Алексеевич,рядовой,3,44
Андреев Матвей Михайлович,сержант,5,18
Орлов Алексей Иванович,лейтенант,8,33
Морозов Сергей Олегович,прапорщик,11,42
Соловьёв Роман Павлович,майор,7,49
Зайцев Виктор Никитич,прапорщик,3,33
Никитин Андрей Кириллович,лейтенант,9,24
Васильев Константин Андреевич,капитан,11,35
Петров Никита Юрьевич,рядовой,8,21
Смирнов Никита Александрович,лейтенант,7,53
Захаров Олег Алексеевич,прапорщик,9,21
Петров Степан Романович,рядовой,11,43
Новиков Юрий Михайлович,рядовой,2,57
Макаров Константин Ильич,лейтенант,11,22
Соловьёв Константин Алексеевич,сержант,1,24
Орлов Дмитрий Дмитриевич,лейтенант,12,27
Никитин Дмитрий Максимович,майор,3,38
Соловьёв Виктор Алексеевич,лейтенант,11,50
Соловьёв Илья Сергеевич,прапорщик,5,21
Соловьёв Матвей Михайлович,полковник,9,50
Никитин Евгений Андреевич,рядовой,4,60
Соловьёв Матвей Романович,полковник,12,34
Алексеев Иван Андреевич,сержант,2,23
Петров Илья Алексеевич,сержант,4,50
Лебедев Иван Юрьевич,сержант,2,40
Кочергин Иван Алексеевич,рядовой,11,57
Степанов Олег Олегович,капитан,3,50
Лебедев Дмитрий Александрович,прапорщик,7,60
Петров Илья Иванович,рядовой,11,33
Попов Артём Алексеевич,полковник,9,32
Яковлев Илья Романович,полковник,7,54
Фёдоров Матвей Романович,полковник,11,38
Павлов Алексей Максимович,майор,7,48
Новиков Матвей Кириллович,сержант,2,18
Васильев Павел Дмитриевич,лейтенант,10,42
Фёдоров Кирилл Александрович,лейтенант,10,21
Егоров Денис Михайлович,майор,10,53
Алексеев Андрей Александрович,сержант,5,20
Алексеев Максим Дмитриевич,майор,3,46
Сидоров Степан Михайлович,капитан,12,47
Николаев Михаил Юрьевич,полковник,5,26
Макаров Евгений Максимович,прапорщик,1,33
Зайцев Виктор Андреевич,полковник,1,37
Николаев Михаил Алексеевич,рядовой,10,45
Михайлов Денис Кириллович,сержант,3,36
Степанов Кирилл Кириллович,лейтенант,7,39
Никитин Илья Кириллович,лейтенант,11,42
Егоров Денис Романович,рядовой,5,24
Зайцев Евгений Дмитриевич,капитан,5,33
Михайлов Максим Максимович,майор,2,39
Козлов Артём Андреевич,капитан,11,32
Захаров Олег Иванович,полковник,6,46
Лебедев Павел Кириллович,лейтенант,12,52
Семёнов Андрей Сергеевич,полковник,5,60
Морозов Никита Андреевич,полковник,8,25
Сидоров Евгений Максимович,сержант,2,27
Кочергин Андрей Сергеевич,майор,4,41
Соловьёв Степан Алексеевич,лейтенант,5,29
Михайлов Александр Дмитриевич,рядовой,3,28
Васильев Павел Сергеевич,капитан,8,35
Иванов Евгений Викторович,капитан,11,53
Попов Роман Юрьевич,лейтенант,6,36
Смирнов Александр Михайлович,майор,8,49
Соколов Константин Олегович,прапорщик,11,33
Яковлев Дмитрий Никитич,капитан,3,49
Соколов Дмитрий Никитич,полковник,5,55
Сидоров Степан Александрович,рядовой,6,30
Лебедев Матвей Ильич,прапорщик,3,52
Михайлов Дмитрий Дмитриевич,сержант,8,56
Павлов Дмитрий Иванович,лейтенант,8,59
Сидоров Никита Ильич,майор,9,33
Захаров Дмитрий Романович,полковник,11,41
Сидоров Михаил Романович,рядовой,6,51
Павлов Никита Никитич,рядовой,11,51
Павлов Дмитрий Кириллович,рядовой,3,23
Семёнов Сергей Иванович,майор,4,37
Егоров Илья Максимович,полковник,11,32
Соловьёв Артём Павлович,лейтенант,11,19
Алексеев Денис Юрьевич,прапорщик,11,36
Новиков Олег Алексеевич,полковник,6,35
Яковлев Константин Павлович,майор,8,20
Михайлов Константин Олегович,прапорщик,3,25
Зайцев Михаил Олегович,майор,4,56
Сидоров Александр Андреевич,майор,10,56
Павлов Илья Михайлович,рядовой,5,43
Петров Евгений Михайлович,рядовой,10,51
Сидоров Евгений Алексеевич,лейтенант,2,33
Попов Юрий Романович,полковник,10,22
Семёнов Максим Алексеевич,сержант,9,43
Васильев Александр Никитич,полковник,7,33
Семёнов Евгений Олегович,рядовой,5,31
Кочергин Михаил Ильич,сержант,12,55
Иванов Михаил Романович,лейтенант,2,18
Кузнецов Степан Максимович,полковник,10,24
Фёдоров Максим Олегович,капитан,5,46
Орлов Егор Александрович,сержант,6,38
Соколов Артём Дмитриевич,майор,3,41
Лебедев Илья Романович,полковник,4,52
Морозов Алексей Максимович,прапорщик,9,50
Зайцев Александр Романович,капитан,3,29
Орлов Андрей Павлович,сержант,1,24
Морозов Артём Юрьевич,прапорщик,8,38
Смирнов Константин Дмитриевич,прапорщик,6,19
Соколов Алексей Никитич,рядовой,4,54
Соколов Виктор Кириллович,майор,12,22
Новиков Александр Романович,рядовой,4,45
Захаров Иван Иванович,сержант,7,40
Кузнецов Алексей Андреевич,майор,2,51
Лебедев Илья Павлович,сержант,8,21
Зайцев Артём Михайлович,сержант,6,27
Соколов Евгений Юрьевич,лейтенант,1,23
Зайцев Артём Ильич,лейтенант,7,46
Захаров Денис Викторович,полковник,4,57
Макаров Никита Михайлович,прапорщик,3,53
Петров Никита Андреевич,майор,5,32
Петров Роман Викторович,сержант,2,32
Степанов Егор Сергеевич,лейтенант,10,55
Павлов Павел Иванович,сержант,2,48
Новиков Егор Кириллович,полковник,4,32
Алексеев Александр Юрьевич,майор,2,56
Степанов Илья Михайлович,полковник,8,34
Егоров Юрий Дмитриевич,лейтенант,10,40
Орлов Евгений Викторович,прапорщик,7,52
Козлов Андрей Викторович,полковник,1,45
Орлов Олег Викторович,капитан,6,59
Смирнов Евгений Павлович,рядовой,12,40
Кочергин Степан Алексеевич,полковник,9,29
Попов Сергей Юрьевич,сержант,11,32
Макаров Егор Павлович,сержант,2,34
Иванов Матвей Александрович,майор,12,58
Соколов Матвей Никитич,полковник,3,25
Лебедев Иван Максимович,капитан,5,24
Егоров Артём Иванович,рядовой,7,36
Алексеев Артём Алексеевич,полковник,11,18
Зайцев Максим Михайлович,капитан,10,59
Орлов Илья Дмитриевич,прапорщик,5,30
Новиков Илья Юрьевич,прапорщик,3,37
Семёнов Роман Викторович,лейтенант,1,58
Фёдоров Дмитрий Алексеевич,лейтенант,9,40
Лебедев Олег Андреевич,полковник,7,53
Кочергин Илья Алексеевич,рядовой,12,48
Иванов Евгений Александрович,капитан,5,37
Петров Олег Никитич,лейтенант,12,44
Никитин Максим Кириллович,капитан,10,50
Иванов Александр Андреевич,майор,12,27
Захаров Евгений Павлович,рядовой,12,40
Зайцев Андрей Иванович,прапорщик,5,34
Васильев Виктор Ильич,майор,7,51
Кочергин Максим Романович,рядовой,9,44
Фёдоров Кирилл Юрьевич,полковник,6,42
Иванов Артём Андреевич,сержант,8,34
Попов Александр Александрович,полковник,5,34
Морозов Дмитрий Кириллович,прапорщик,5,60
Михайлов Александр Павлович,капитан,7,28
Соловьёв Кирилл Иванович,лейтенант,4,37
Никитин Андрей Юрьевич,сержант,3,25
Андреев Александр Павлович,майор,10,49
Соколов Максим Максимович,рядовой,9,22
Степанов Виктор Андреевич,сержант,12,41
Николаев Андрей Олегович,прапорщик,12,48
Кузнецов Виктор Иванович,прапорщик,12,36
Козлов Константин Дмитриевич,майор,6,28
Зайцев Сергей Романович,рядовой,4,25
Кочергин Константин Никитич,сержант,11,25
Зайцев Кирилл Олегович,полковник,5,26
Петров Евгений Дмитриевич,рядовой,6,25
Васильев Илья Александрович,прапорщик,11,38
Смирнов Егор Олегович,сержант,12,23
Сидоров Константин Викторович,лейтенант,5,45
Сидоров Артём Ильич,майор,11,20
Николаев Илья Кириллович,капитан,10,50
Кочергин Егор Кириллович,прапорщик,8,31
Фёдоров Павел Александрович,прапорщик,8,23
Андреев Виктор Викторович,сержант,5,41
Смирнов Андрей Дмитриевич,прапорщик,8,24
Кузнецов Михаил Андреевич,сержант,8,51
Михайлов Матвей Андреевич,майор,4,30
Кочергин Дмитрий Юрьевич,сержант,5,41
Михайлов Михаил Юрьевич,сержант,3,25
Михайлов Роман Максимович,капитан,10,60
Петров Илья Александрович,полковник,11,34
Морозов Дмитрий Андреевич,полковник,11,50
Захаров Александр Никитич,сержант,3,51
Борисов Степан Андреевич,капитан,8,35
Фёдоров Иван Иванович,майор,3,51
Фёдоров Денис Александрович,прапорщик,6,22
Морозов Виктор Кириллович,капитан,8,23
Соколов Евгений Андреевич,капитан,1,25
Сидоров Артём Сергеевич,полковник,8,47
Васильев Олег Максимович,прапорщик,6,25
Петров Юрий Дмитриевич,рядовой,12,24
Егоров Егор Иванович,лейтенант,6,43
Кочергин Кирилл Андреевич,капитан,7,21
Степанов Кирилл Олегович,прапорщик,1,19
Егоров Юрий Сергеевич,лейтенант,7,24
Кузнецов Сергей Никитич,капитан,1,26
Новиков Иван Максимович,прапорщик,8,30
Новиков Кирилл Романович,рядовой,10,30
Алексеев Константин Михайлович,лейтенант,9,57
Алексеев Роман Сергеевич,рядовой,5,24
Яковлев Кирилл Максимович,рядовой,5,33
Орлов Михаил Павлович,сержант,11,28
Павлов Сергей Романович,капитан,7,25
Михайлов Алексей Андреевич,сержант,1,47
Егоров Виктор Олегович,прапорщик,3,29
Петров Алексей Сергеевич,сержант,1,44
Макаров Андрей Никитич,лейтенант,6,59
Степанов Дмитрий Алексеевич,лейтенант,7,27
Михайлов Виктор Павлович,капитан,2,29
Алексеев Максим Михайлович,майор,8,49
Андреев Максим Алексеевич,полковник,2,23
Соловьёв Михаил Романович,полковник,6,59
Егоров Алексей Андреевич,капитан,3,60
Фёдоров Дмитрий Сергеевич,лейтенант,4,57
Никитин Денис Викторович,сержант,11,53
Соколов Кирилл Олегович,полковник,9,29
Попов Матвей Кириллович,майор,1,43
Смирнов Кирилл Павлович,рядовой,2,46
Кузнецов Андрей Викторович,майор,7,45
Кочергин Михаил Дмитриевич,майор,11,56
Сидоров Роман Кириллович,полковник,10,47
Петров Дмитрий Кириллович,сержант,8,25
Егоров Илья Ильич,капитан,7,29
Яковлев Иван Дмитриевич,лейтенант,6,54
Кузнецов Степан Романович,рядовой,5,39
Степанов Михаил Максимович,полковник,4,56
Михайлов Юрий Дмитриевич,майор,1,19
Лебедев Матвей Олегович,прапорщик,12,53
Борисов Михаил Никитич,прапорщик,11,36
Сидоров Артём Олегович,лейтенант,5,25
Петров Андрей Никитич,прапорщик,12,57
Васильев Дмитрий Максимович,сержант,6,18
Козлов Сергей Иванович,майор,3,57
Петров Иван Олегович,полковник,7,26
Козлов Андрей Романович,рядовой,6,37
Фёдоров Дмитрий Юрьевич,рядовой,11,57
Смирнов Юрий Никитич,рядовой,5,26
Петров Матвей Сергеевич,рядовой,2,45
Борисов Константин Александрович,рядовой,3,29
Лебедев Александр Андреевич,полковник,7,55
Кочергин Константин Юрьевич,лейтенант,11,31
Соловьёв Максим Михайлович,майор,5,20
Павлов Михаил Олегович,сержант,5,52
Макаров Евгений Михайлович,полковник,10,22
Соловьёв Дмитрий Кириллович,рядовой,4,43
Захаров Сергей Павлович,прапорщик,11,19
Захаров Алексей Дмитриевич,лейтенант,2,35
Николаев Сергей Никитич,лейтенант,8,49
Сидоров Артём Никитич,рядовой,10,40
Сидоров Дмитрий Никитич,сержант,11,25
Борисов Матвей Романович,полковник,3,43
Козлов Денис Ильич,сержант,2,46
Орлов Юрий Павлович,сержант,4,38
Иванов Артём Александрович,полковник,12,43
Николаев Виктор Максимович,сержант,9,51
Сидоров Егор Ильич,полковник,7,38
Иванов Илья Юрьевич,рядовой,12,26
Борисов Роман Юрьевич,прапорщик,7,57
Орлов Сергей Алексеевич,капитан,3,32
Андреев Юрий Михайлович,лейтенант,11,52
Козлов Степан Иванович,полковник,12,59
Павлов Александр Кириллович,лейтенант,3,41
Андреев Евгений Александрович,полковник,1,24
Орлов Юрий Андреевич,лейтенант,11,25
Морозов Степан Юрьевич,лейтенант,4,58
Макаров Денис Алексеевич,рядовой,6,48
Козлов Павел Романович,лейтенант,1,46
Макаров Денис Ильич,полковник,1,50
Новиков Егор Сергеевич,полковник,7,46
Попов Сергей Андреевич,прапорщик,10,51
Макаров Андрей Никитич,прапорщик,7,58
Макаров Юрий Дмитриевич,прапорщик,1,29
Козлов Кирилл Дмитриевич,рядовой,2,58
Кочергин Денис Дмитриевич,прапорщик,12,57
Яковлев Алексей Павлович,майор,11,26
Павлов Никита Викторович,полковник,9,40
Соколов Степан Кириллович,рядовой,10,41
Захаров Павел Сергеевич,майор,8,55
Смирнов Юрий Романович,капитан,9,34
Яковлев Алексей Ильич,полковник,11,54
Лебедев Виктор Иванович,сержант,8,48
Егоров Никита Дмитриевич,полковник,8,48
Соловьёв Андрей Кириллович,капитан,7,40
Кузнецов Михаил Никитич,рядовой,10,26
Яковлев Матвей Максимович,майор,10,55
Макаров Андрей Александрович,сержант,1,22
Михайлов Александр Алексеевич,майор,8,34
Фёдоров Илья Викторович,полковник,11,44
Захаров Евгений Михайлович,капитан,12,56
Кочергин Роман Михайлович,полковник,7,33
Павлов Максим Романович,прапорщик,5,55
Михайлов Сергей Иванович,лейтенант,1,31
Макаров Виктор Ильич,капитан,2,35
Павлов Константин Никитич,майор,1,45
Новиков Евгений Сергеевич,полковник,5,24
Васильев Константин Алексеевич,рядовой,12,34
Козлов Артём Дмитриевич,майор,1,47
Козлов Юрий Сергеевич,сержант,5,36
Васильев Никита Павлович,капитан,3,26
Сидоров Роман Кириллович,лейтенант,12,21
Кузнецов Илья Романович,полковник,10,32
Егоров Михаил Юрьевич,рядовой,7,22
Морозов Павел Дмитриевич,рядовой,2,28
Андреев Олег Максимович,рядовой,1,23
Лебедев Юрий Юрьевич,майор,4,19
Соловьёв Кирилл Александрович,капитан,6,25
Семёнов Сергей Павлович,полковник,9,36
Борисов Кирилл Олегович,прапорщик,6,46
Васильев Виктор Александрович,лейтенант,6,35
Новиков Максим Максимович,лейтенант,5,29
Кузнецов Матвей Дмитриевич,рядовой,4,59
Козлов Павел Андреевич,лейтенант,9,24
Лебедев Михаил Максимович,сержант,4,51
Степанов Олег Андреевич,лейтенант,6,48
Егоров Михаил Ильич,рядовой,9,30
Захаров Алексей Александрович,полковник,8,36
Орлов Степан Ильич,рядовой,10,47
Попов Никита Юрьевич,прапорщик,1,47
Михайлов Евгений Дмитриевич,прапорщик,7,46
Соловьёв Максим Сергеевич,капитан,4,25
Никитин Артём Кириллович,майор,10,26
Павлов Егор Ильич,полковник,1,44
Егоров Степан Олегович,рядовой,11,51
Новиков Александр Иванович,полковник,4,31
Макаров Илья Павлович,сержант,5,36
Михайлов Кирилл Павлович,прапорщик,7,21
Попов Олег Иванович,рядовой,6,59
Степанов Виктор Викторович,рядовой,4,54
Павлов Егор Кириллович,лейтенант,1,22
Николаев Дмитрий Викторович,полковник,8,36
Морозов Олег Кириллович,полковник,6,54
Павлов Матвей Кириллович,майор,6,21
Яковлев Артём Алексеевич,рядовой,4,35
Яковлев Виктор Максимович,сержант,4,32
Новиков Константин Михайлович,капитан,12,26
Кузнецов Дмитрий Романович,лейтенант,1,57
Яковлев Кирилл Андреевич,сержант,12,19
Соколов Степан Никитич,майор,3,50
Петров Павел Кириллович,майор,6,39
Лебедев Иван Викторович,лейтенант,2,38
Васильев Дмитрий Ильич,сержант,9,54
Петров Павел Павлович,майор,2,28
Кочергин Михаил Алексеевич,полковник,11,23
Сидоров Алексей Романович,полковник,12,40
Никитин Евгений Сергеевич,лейтенант,1,53
Павлов Егор Иванович,полковник,11,21
Борисов Юрий Андреевич,прапорщик,1,33
Орлов Олег Кириллович,сержант,11,34
Семёнов Юрий Олегович,прапорщик,12,29
Морозов Денис Дмитриевич,сержант,3,60
Семёнов Юрий Павлович,сержант,8,44
Попов Максим Иванович,рядовой,4,60
Новиков Кирилл Викторович,полковник,10,57
Андреев Максим Дмитриевич,лейтенант,6,31
Захаров Михаил Романович,капитан,5,26
Николаев Матвей Юрьевич,полковник,10,25
Андреев Михаил Викторович,лейтенант,11,30
Новиков Матвей Иванович,сержант,11,36
Попов Виктор Максимович,майор,2,42
Семёнов Александр Викторович,капитан,6,19
Соловьёв Егор Кириллович,капитан,3,44
Орлов Денис Павлович,майор,3,60
Яковлев Максим Андреевич,лейтенант,12,28
Кузнецов Дмитрий Алексеевич,полковник,11,55
Кузнецов Олег Олегович,прапорщик,11,33
Морозов Юрий Андреевич,прапорщик,2,48
Лебедев Егор Никитич,лейтенант,10,28
Степанов Артём Никитич,капитан,10,58
Орлов Иван Александрович,лейтенант,6,32
Егоров Олег Сергеевич,прапорщик,6,18
Павлов Виктор Ильич,лейтенант,6,32
Кочергин Михаил Ильич,капитан,3,43
Орлов Евгений Дмитриевич,капитан,7,18
Попов Максим Павлович,лейтенант,8,46
Кузнецов Никита Максимович,полковник,1,26
Фёдоров Степан Романович,майор,10,57
Попов Иван Максимович,капитан,5,28
Васильев Денис Романович,сержант,1,23
Иванов Павел Павлович,майор,6,37
Алексеев Иван Романович,лейтенант,10,31
Зайцев Артём Никитич,полковник,9,33
Борисов Сергей Иванович,рядовой,12,22
Кочергин Роман Викторович,капитан,8,40
Соловьёв Евгений Романович,рядовой,8,50
Борисов Виктор Андреевич,сержант,7,28
Михайлов Павел Александрович,лейтенант,5,47
Морозов Александр Александрович,сержант,7,41
Никитин Егор Романович,рядовой,1,51
Никитин Максим Андреевич,майор,10,50
Кочергин Олег Максимович,сержант,11,55
Васильев Роман Кириллович,майор,1,45
Сидоров Степан Викторович,сержант,3,47
Зайцев Михаил Романович,сержант,7,18
Соловьёв Сергей Александрович,рядовой,7,35
Козлов Константин Михайлович,прапорщик,8,48
Никитин Денис Максимович,сержант,1,21
Захаров Роман Ильич,сержант,10,39
Соколов Матвей Викторович,полковник,9,20
Никитин Алексей Дмитриевич,капитан,1,23
Морозов Никита Никитич,полковник,4,46
Соловьёв Юрий Алексеевич,лейтенант,2,31
Сидоров Виктор Максимович,полковник,10,44
Васильев Андрей Ильич,сержант,5,49
Лебедев Дмитрий Юрьевич,полковник,4,40
Борисов Дмитрий Павлович,капитан,12,50
Смирнов Максим Александрович,рядовой,2,38
Козлов Андрей Сергеевич,рядовой,9,22
Макаров Илья Юрьевич,майор,1,39
Соловьёв Дмитрий Романович,прапорщик,9,34
Фёдоров Александр Романович,рядовой,12,20
Морозов Константин Алексеевич,капитан,11,29
Никитин Евгений Максимович,сержант,8,18
Соколов Кирилл Олегович,полковник,8,24
Захаров Олег Иванович,прапорщик,8,23
Макаров Максим Ильич,прапорщик,9,53
Новиков Матвей Иванович,полковник,2,41
Смирнов Илья Максимович,майор,1,36
Михайлов Олег Романович,прапорщик,12,20
Новиков Роман Юрьевич,лейтенант,9,36
Лебедев Никита Максимович,майор,11,38
Смирнов Евгений Максимович,сержант,10,31
Новиков Егор Иванович,капитан,5,36
Борисов Егор Сергеевич,полковник,9,23
Новиков Дмитрий Ильич,рядовой,12,24
Никитин Иван Александрович,капитан,5,48
Козлов Дмитрий Ильич,рядовой,8,57
Смирнов Юрий Викторович,лейтенант,4,21
Морозов Максим Максимович,сержант,11,52
Новиков Михаил Максимович,полковник,11,38
Никитин Кирилл Олегович,прапорщик,8,19
Кочергин Илья Кириллович,сержант,6,34
Новиков Егор Никитич,сержант,1,58
Новиков Павел Дмитриевич,майор,3,41
Павлов Артём Сергеевич,прапорщик,4,18
Семёнов Егор Викторович,сержант,1,18
Зайцев Михаил Максимович,лейтенант,3,60
Никитин Артём Александрович,капитан,4,22
Соловьёв Денис Олегович,капитан,4,18
Попов Алексей Алексеевич,лейтенант,8,40
Николаев Иван Андреевич,капитан,10,25
Попов Дмитрий Александрович,сержант,8,35
Степанов Михаил Алексеевич,сержант,4,21
Захаров Максим Иванович,лейтенант,4,58
Петров Виктор Викторович,рядовой,10,58
Орлов Никита Никитич,лейтенант,11,38
Алексеев Кирилл Михайлович,лейтенант,7,36
Васильев Роман Юрьевич,лейтенант,6,23
Новиков Александр Сергеевич,полковник,11,38
Фёдоров Алексей Дмитриевич,полковник,6,43
Орлов Артём Павлович,рядовой,5,31
Соловьёв Иван Кириллович,лейтенант,5,52
Попов Александр Сергеевич,лейтенант,12,47
Николаев Илья Юрьевич,прапорщик,7,53
Попов Олег Михайлович,капитан,2,47
Кочергин Евгений Викторович,сержант,11,31
Попов Артём Сергеевич,майор,3,35
Степанов Виктор Романович,капитан,7,52
Николаев Евгений Андреевич,лейтенант,12,46
Васильев Павел Кириллович,сержант,3,42
Новиков Денис Юрьевич,майор,11,45
Козлов Денис Романович,капитан,10,48
Кузнецов Сергей Викторович,сержант,12,50
Васильев Виктор Михайлович,капитан,4,55
Лебедев Александр Максимович,капитан,7,25
Кузнецов Юрий Алексеевич,капитан,4,43
Соловьёв Илья Юрьевич,майор,10,34
Кузнецов Павел Павлович,лейтенант,5,22
Степанов Андрей Михайлович,полковник,2,18
Борисов Иван Павлович,майор,7,60
Сидоров Денис Алексеевич,лейтенант,1,28
Васильев Иван Максимович,капитан,5,36
Орлов Сергей Ильич,лейтенант,3,59
Степанов Иван Юрьевич,майор,2,57
Зайцев Кирилл Олегович,полковник,12,18
Алексеев Юрий Олегович,полковник,5,26
Козлов Никита Юрьевич,капитан,3,44
Егоров Константин Романович,прапорщик,6,46
Петров Олег Александрович,сержант,5,55
Смирнов Никита Михайлович,полковник,8,28
Петров Константин Кириллович,сержант,11,56
Васильев Никита Викторович,прапорщик,6,57
Захаров Михаил Александрович,сержант,3,36
Морозов Константин Александрович,капитан,12,27
Соловьёв Андрей Павлович,прапорщик,8,58
Лебедев Виктор Максимович,рядовой,1,49
Фёдоров Михаил Максимович,капитан,6,53
Кочергин Илья Максимович,полковник,10,27
Степанов Алексей Никитич,капитан,11,18
Егоров Алексей Андреевич,лейтенант,7,43
Иванов Матвей Олегович,майор,4,40
Морозов Виктор Романович,майор,11,53
Алексеев Иван Викторович,сержант,10,23
Борисов Михаил Иванович,полковник,11,41
Попов Константин Александрович,рядовой,7,41
Захаров Андрей Павлович,прапорщик,1,31
Никитин Алексей Викторович,рядовой,2,25
Яковлев Александр Ильич,лейтенант,3,29
Орлов Алексей Андреевич,майор,3,37
Михайлов Максим Михайлович,капитан,9,60
Фёдоров Андрей Павлович,лейтенант,4,36
Попов Егор Александрович,лейтенант,7,37
Никитин Павел Никитич,майор,3,24
Козлов Артём Александрович,лейтенант,1,42
Соколов Артём Викторович,капитан,12,38
Иванов Егор Ильич,прапорщик,3,35
Степанов Сергей Александрович,лейтенант,4,58
Борисов Илья Ильич,прапорщик,5,21
Петров Олег Викторович,рядовой,2,56
Новиков Максим Олегович,лейтенант,10,43
Орлов Роман Михайлович,рядовой,12,49
Кузнецов Александр Сергеевич,капитан,11,29
Кочергин Дмитрий Олегович,майор,2,56
Николаев Дмитрий Романович,лейтенант,8,44
Михайлов Евгений Павлович,рядовой,10,52
Фёдоров Илья Алексеевич,рядовой,12,52
Лебедев Роман Викторович,рядовой,5,48
Смирнов Илья Кириллович,лейтенант,3,29
Сидоров Денис Викторович,сержант,2,20
Яковлев Сергей Алексеевич,капитан,6,25
Смирнов Егор Дмитриевич,рядовой,7,33
Николаев Илья Андреевич,майор,5,21
Семёнов Егор Максимович,прапорщик,5,22
Соколов Роман Романович,майор,9,39
Степанов Андрей Павлович,майор,6,52
Семёнов Михаил Никитич,лейтенант,5,60
Лебедев Олег Андреевич,капитан,5,19
Попов Илья Михайлович,рядовой,5,22
Иванов Михаил Кириллович,полковник,2,45
Смирнов Матвей Андреевич,капитан,4,21
Егоров Евгений Олегович,лейтенант,5,58
Алексеев Виктор Кириллович,прапорщик,5,20
Фёдоров Дмитрий Михайлович,сержант,1,48
Кочергин Кирилл Викторович,прапорщик,1,48
Павлов Иван Андреевич,лейтенант,12,31
Николаев Виктор Алексеевич,лейтенант,3,54
Петров Денис Никитич,рядовой,1,34
Орлов Олег Ильич,рядовой,6,35
Зайцев Кирилл Павлович,прапорщик,10,24
Зайцев Михаил Викторович,капитан,1,47
Козлов Роман Павлович,сержант,10,23
Васильев Кирилл Иванович,капитан,10,31
Орлов Олег Никитич,лейтенант,6,48
Степанов Степан Михайлович,майор,2,49
Соловьёв Максим Максимович,лейтенант,8,57
Соловьёв Максим Дмитриевич,рядовой,5,35
Новиков Матвей Олегович,лейтенант,3,28
Яковлев Виктор Павлович,сержант,3,49
Новиков Константин Юрьевич,рядовой,2,59
Алексеев Кирилл Александрович,прапорщик,11,46
Лебедев Матвей Павлович,лейтенант,6,41
Новиков Илья Ильич,прапорщик,6,57
Орлов Виктор Алексеевич,полковник,9,53
Зайцев Никита Романович,сержант,9,33
Зайцев Михаил Романович,сержант,7,60
Семёнов Юрий Максимович,прапорщик,12,22
Козлов Никита Романович,майор,8,55
Никитин Константин Иванович,прапорщик,3,18
Попов Никита Викторович,майор,6,36
Морозов Андрей Сергеевич,сержант,10,22
Козлов Сергей Кириллович,лейтенант,11,19
Фёдоров Иван Никитич,сержант,11,28
Сидоров Павел Павлович,прапорщик,2,47
Новиков Денис Иванович,лейтенант,1,49
Новиков Юрий Алексеевич,полковник,2,56
Кузнецов Константин Юрьевич,полковник,8,42
Борисов Иван Алексеевич,капитан,4,54
Макаров Павел Романович,полковник,9,41
Степанов Дмитрий Андреевич,полковник,4,51
Никитин Александр Иванович,прапорщик,11,49
Алексеев Евгений Андреевич,прапорщик,7,59
Соловьёв Павел Павлович,лейтенант,2,27
Новиков Александр Павлович,капитан,11,31
Петров Артём Сергеевич,полковник,3,43
Кузнецов Евгений Никитич,сержант,3,19
Андреев Евгений Павлович,рядовой,10,44
Васильев Алексей Кириллович,полковник,6,22
Макаров Илья Иванович,майор,5,28
Борисов Денис Михайлович,сержант,1,56
Борисов Андрей Романович,сержант,6,33
Орлов Артём Ильич,рядовой,10,24
Фёдоров Олег Михайлович,рядовой,7,50
Михайлов Матвей Олегович,майор,12,40
Фёдоров Иван Алексеевич,рядовой,4,49
Морозов Никита Максимович,капитан,3,49
Козлов Кирилл Алексеевич,рядовой,6,30
Николаев Никита Ильич,полковник,2,27
Смирнов Дмитрий Сергеевич,полковник,12,46
Михайлов Олег Алексеевич,сержант,5,25
Степанов Михаил Максимович,прапорщик,8,19
Фёдоров Евгений Максимович,рядовой,11,50
Алексеев Алексей Михайлович,сержант,11,55
Петров Константин Алексеевич,лейтенант,7,27
Лебедев Илья Кириллович,рядовой,9,23
Соколов Сергей Михайлович,полковник,5,44
Никитин Сергей Романович,лейтенант,9,27
Павлов Денис Алексеевич,майор,4,28
Соловьёв Евгений Алексеевич,полковник,9,23
Борисов Кирилл Михайлович,рядовой,4,52
Попов Роман Романович,прапорщик,11,36
Иванов Степан Олегович,майор,4,40
Андреев Виктор Юрьевич,капитан,10,56
Соловьёв Евгений Иванович,сержант,10,39
Андреев Павел Сергеевич,лейтенант,7,49
Алексеев Евгений Алексеевич,сержант,10,57
Борисов Михаил Иванович,капитан,10,28
Васильев Юрий Алексеевич,полковник,3,34
Лебедев Степан Олегович,прапорщик,4,23
Фёдоров Матвей Максимович,полковник,3,28
Соловьёв Михаил Иванович,лейтенант,11,41
Семёнов Андрей Ильич,прапорщик,5,37
Новиков Михаил Никитич,лейтенант,10,37
Кузнецов Олег Михайлович,лейтенант,8,25
Козлов Егор Андреевич,сержант,1,21
Андреев Алексей Юрьевич,прапорщик,4,37
Яковлев Константин Максимович,рядовой,10,47
Петров Евгений Олегович,капитан,5,57
Макаров Павел Максимович,сержант,5,55
Сидоров Александр Максимович,рядовой,9,22
Фёдоров Никита Михайлович,прапорщик,5,24
Степанов Андрей Юрьевич,прапорщик,2,41
Петров Виктор Романович,майор,2,56
Новиков Дмитрий Александрович,лейтенант,8,21
Орлов Евгений Романович,рядовой,11,59
Петров Павел Максимович,капитан,8,46
Андреев Артём Олегович,рядовой,7,40
Кочергин Егор Андреевич,прапорщик,5,46
Никитин Денис Никитич,рядовой,6,53
Егоров Никита Сергеевич,майор,1,46
Лебедев Александр Кириллович,прапорщик,9,41
Макаров Егор Романович,капитан,2,43
Никитин Роман Никитич,капитан,4,48
Степанов Виктор Дмитриевич,капитан,7,20
Борисов Денис Олегович,капитан,4,37
Андреев Евгений Кириллович,рядовой,7,40
Макаров Алексей Дмитриевич,лейтенант,6,29
Яковлев Денис Михайлович,лейтенант,2,41
Зайцев Денис Олегович,рядовой,8,24
Зайцев Павел Алексеевич,рядовой,9,22
Морозов Дмитрий Дмитриевич,лейтенант,10,54
Смирнов Евгений Ильич,капитан,9,45
Алексеев Никита Дмитриевич,прапорщик,4,44
Кузнецов Кирилл Андреевич,капитан,1,40
Фёдоров Дмитрий Андреевич,сержант,1,37
Алексеев Виктор Павлович,прапорщик,4,41
Петров Евгений Александрович,рядовой,4,40
Павлов Егор Иванович,майор,11,60
Никитин Михаил Викторович,лейтенант,8,45
Михайлов Андрей Никитич,сержант,9,37
Лебедев Виктор Ильич,капитан,8,59
Кочергин Юрий Кириллович,рядовой,7,40
Иванов Иван Сергеевич,полковник,5,30
Макаров Юрий Романович,прапорщик,3,55
Морозов Роман Александрович,прапорщик,1,52
Егоров Юрий Максимович,капитан,6,23
Макаров Иван Викторович,прапорщик,11,39
Кочергин Сергей Максимович,сержант,1,56
Попов Евгений Павлович,капитан,11,26
Смирнов Егор Кириллович,лейтенант,6,33
Новиков Виктор Павлович,сержант,9,57
Смирнов Сергей Андреевич,лейтенант,1,24
Михайлов Олег Дмитриевич,сержант,8,18
Петров Егор Викторович,сержант,1,42
Новиков Виктор Павлович,сержант,9,27
Михайлов Алексей Дмитриевич,полковник,7,36
Кузнецов Илья Михайлович,полковник,3,60
Козлов Кирилл Юрьевич,рядовой,3,27
Макаров Степан Романович,полковник,11,60
Смирнов Егор Кириллович,майор,4,60
Зайцев Дмитрий Викторович,майор,4,39
Новиков Максим Ильич,майор,4,45
Андреев Егор Александрович,лейтенант,11,28
Захаров Павел Павлович,прапорщик,7,50
Захаров Степан Никитич,полковник,1,19
Степанов Юрий Андреевич,лейтенант,12,22
Морозов Егор Олегович,сержант,6,60
Козлов Максим Олегович,сержант,3,54
Кочергин Денис Дмитриевич,полковник,1,18
Попов Илья Олегович,рядовой,11,22
Михайлов Константин Иванович,прапорщик,2,21
Михайлов Денис Андреевич,майор,7,27
Семёнов Никита Александрович,прапорщик,5,47
Кузнецов Илья Павлович,лейтенант,7,54
Попов Егор Ильич,сержант,1,29
Морозов Степан Максимович,капитан,2,19
Макаров Матвей Никитич,лейтенант,12,56
Николаев Михаил Викторович,прапорщик,5,34
Орлов Константин Дмитриевич,лейтенант,9,18
Михайлов Александр Максимович,прапорщик,12,18
Орлов Михаил Ильич,лейтенант,5,54
Алексеев Кирилл Иванович,сержант,8,45
Козлов Кирилл Иванович,полковник,4,30
Петров Денис Юрьевич,сержант,11,59
Иванов Роман Олегович,прапорщик,12,41
Зайцев Александр Максимович,сержант,9,47
Степанов Александр Андреевич,рядовой,10,51
Морозов Евгений Олегович,майор,2,38
Павлов Сергей Никитич,сержант,9,19
Попов Юрий Михайлович,полковник,5,32
Сидоров Павел Алексеевич,капитан,3,31
Петров Юрий Юрьевич,полковник,7,41
Морозов Иван Павлович,полковник,6,57
Смирнов Степан Максимович,майор,8,55
Кузнецов Иван Никитич,полковник,11,23
Фёдоров Александр Сергеевич,лейтенант,12,32
Макаров Роман Романович,майор,3,27
Николаев Алексей Ильич,рядовой,10,24
Борисов Сергей Сергеевич,прапорщик,2,18
Морозов Иван Алексеевич,майор,3,33
Попов Юрий Дмитриевич,полковник,12,58
Соколов Дмитрий Андреевич,капитан,6,28
Васильев Юрий Михайлович,сержант,5,50
Петров Максим Ильич,майор,8,22
Захаров Илья Кириллович,капитан,9,21
Васильев Сергей Сергеевич,лейтенант,1,37
Фёдоров Алексей Олегович,прапорщик,4,44
Кузнецов Дмитрий Юрьевич,майор,2,31
Яковлев Денис Алексеевич,майор,8,58
Борисов Артём Юрьевич,капитан,6,42
Петров Сергей Ильич,сержант,1,35
Кочергин Павел Романович,сержант,7,29
Николаев Константин Викторович,лейтенант,3,18
Макаров Евгений Сергеевич,прапорщик,7,20
Попов Андрей Олегович,полковник,3,24
Орлов Егор Юрьевич,капитан,1,38
Соколов Константин Павлович,прапорщик,5,29
Кочергин Степан Олегович,полковник,7,34
Кузнецов Виктор Романович,капитан,10,38
Фёдоров Артём Олегович,рядовой,6,24
Новиков Максим Иванович,лейтенант,9,44
Андреев Иван Иванович,лейтенант,3,35
Васильев Степан Павлович,капитан,11,40
Николаев Никита Михайлович,рядовой,7,35
Семёнов Алексей Олегович,майор,8,26
Яковлев Степан Максимович,лейтенант,8,42
Алексеев Виктор Дмитриевич,прапорщик,9,47
Попов Сергей Максимович,полковник,7,50
Семёнов Роман Ильич,сержант,12,34
Макаров Денис Викторович,рядовой,10,29
Степанов Константин Павлович,капитан,11,35
Новиков Денис Романович,прапорщик,10,20
Яковлев Артём Андреевич,рядовой,6,57
Фёдоров Степан Михайлович,рядовой,10,50
Попов Андрей Олегович,сержант,7,30
Никитин Юрий Викторович,прапорщик,7,20
Козлов Сергей Иванович,рядовой,6,51
Михайлов Максим Максимович,лейтенант,3,55
Иванов Артём Никитич,прапорщик,6,21
Степанов Юрий Иванович,сержант,2,22
Яковлев Степан Алексеевич,капитан,4,37
Новиков Егор Сергеевич,полковник,7,50
Андреев Максим Никитич,сержант,10,55
Яковлев Евгений Максимович,майор,3,39
Захаров Павел Викторович,сержант,2,58
Михайлов Егор Никитич,рядовой,5,28
Макаров Илья Ильич,лейтенант,6,52
Михайлов Михаил Павлович,рядовой,9,28
Кочергин Максим Юрьевич,капитан,12,19
Попов Константин Сергеевич,капитан,1,32
Петров Илья Кириллович,рядовой,8,40
Морозов Максим Михайлович,капитан,12,34
Егоров Егор Павлович,рядовой,7,40
Захаров Иван Александрович,рядовой,3,50
Павлов Матвей Ильич,капитан,7,23
Яковлев Егор Сергеевич,лейтенант,3,53
Макаров Дмитрий Ильич,сержант,10,46
Михайлов Матвей Олегович,рядовой,4,19
Козлов Михаил Александрович,лейтенант,4,40
Васильев Евгений Олегович,лейтенант,8,24
Морозов Артём Иванович,рядовой,9,41
Кузнецов Сергей Андреевич,капитан,3,34
Иванов Михаил Дмитриевич,лейтенант,12,33
Фёдоров Павел Андреевич,майор,11,45
Михайлов Илья Олегович,лейтенант,1,21
Сидоров Павел Андреевич,рядовой,2,41
Морозов Илья Михайлович,лейтенант,11,49
Зайцев Никита Максимович,сержант,7,24
Егоров Роман Андреевич,рядовой,8,25
Семёнов Роман Алексеевич,майор,7,55
Смирнов Илья Алексеевич,сержант,8,34
Захаров Кирилл Андреевич,рядовой,8,27
Яковлев Евгений Кириллович,прапорщик,3,30
Кузнецов Илья Александрович,капитан,10,51
Семёнов Дмитрий Никитич,майор,5,28
Степанов Олег Александрович,полковник,1,33
Макаров Алексей Олегович,полковник,3,59
Орлов Илья Юрьевич,полковник,11,39
Яковлев Михаил Романович,майор,2,51
Борисов Алексей Никитич,капитан,9,45
Соколов Павел Ильич,полковник,12,59
Николаев Артём Павлович,прапорщик,11,39
Яковлев Виктор Александрович,капитан,10,52
Новиков Степан Никитич,сержант,5,29
Егоров Денис Ильич,рядовой,11,38
Морозов Иван Максимович,полковник,6,40
Борисов Михаил Алексеевич,майор,2,35
Соколов Денис Алексеевич,лейтенант,3,30
Андреев Денис Юрьевич,майор,6,29
Макаров Михаил Юрьевич,прапорщик,10,27
Морозов Максим Алексеевич,сержант,12,29
Орлов Константин Викторович,лейтенант,8,26
Зайцев Евгений Олегович,сержант,2,57
Соловьёв Евгений Иванович,прапорщик,11,43
Никитин Андрей Максимович,сержант,7,20
Морозов Константин Андреевич,сержант,4,60
Андреев Максим Ильич,лейтенант,11,31
Павлов Артём Олегович,прапорщик,1,53
Кузнецов Иван Александрович,капитан,4,36
Борисов Сергей Александрович,капитан,9,23
Борисов Денис Ильич,капитан,11,30
Сидоров Максим Викторович,прапорщик,12,41
Михайлов Иван Андреевич,рядовой,3,50
Никитин Никита Викторович,капитан,3,38
Орлов Денис Михайлович,прапорщик,8,46
Попов Виктор Юрьевич,полковник,2,27
Морозов Сергей Александрович,майор,6,31
Никитин Кирилл Иванович,сержант,10,48
Зайцев Матвей Иванович,полковник,3,52
Новиков Артём Романович,прапорщик,3,42
Алексеев Егор Олегович,лейтенант,5,24
Борисов Юрий Алексеевич,рядовой,5,38
Макаров Евгений Иванович,сержант,2,47
Фёдоров Сергей Андреевич,полковник,4,48
Соловьёв Илья Дмитриевич,капитан,11,49
Соколов Максим Сергеевич,полковник,7,36
Петров Алексей Кириллович,сержант,8,44
Сидоров Александр Викторович,лейтенант,9,55
Соловьёв Александр Иванович,полковник,12,29
Соловьёв Михаил Алексеевич,майор,8,31
Кузнецов Денис Иванович,рядовой,11,46
Соловьёв Артём Алексеевич,сержант,2,36
Алексеев Юрий Андреевич,полковник,11,54
Попов Сергей Александрович,полковник,2,21
Попов Максим Алексеевич,капитан,6,56
Козлов Степан Сергеевич,сержант,8,50
Соловьёв Денис Сергеевич,капитан,10,37
Морозов Виктор Юрьевич,сержант,7,55
Иванов Павел Михайлович,полковник,7,40
Семёнов Константин Иванович,майор,7,29
Яковлев Константин Викторович,рядовой,1,30
Новиков Михаил Сергеевич,сержант,5,25
Васильев Дмитрий Романович,рядовой,1,53
Кочергин Олег Дмитриевич,полковник,9,41
Васильев Михаил Кириллович,лейтенант,6,37
Алексеев Дмитрий Максимович,рядовой,3,37
Смирнов Степан Михайлович,капитан,9,22
Иванов Степан Иванович,прапорщик,2,39
Макаров Павел Алексеевич,прапорщик,8,53
Никитин Роман Александрович,полковник,9,59
Кочергин Михаил Викторович,сержант,6,51
Васильев Кирилл Юрьевич,прапорщик,8,26
Егоров Роман Павлович,лейтенант,7,45
Николаев Александр Ильич,рядовой,11,59
Кочергин Илья Дмитриевич,лейтенант,10,33
Орлов Виктор Андреевич,капитан,9,28
Андреев Максим Иванович,прапорщик,4,46
Егоров Евгений Максимович,прапорщик,10,53
Никитин Максим Никитич,майор,1,30
Кочергин Никита Юрьевич,прапорщик,4,48
Козлов Денис Никитич,рядовой,10,48
Смирнов Артём Олегович,лейтенант,9,47
Михайлов Егор Александрович,сержант,3,30
Андреев Константин Олегович,капитан,9,38
Кузнецов Константин Алексеевич,сержант,1,35
Борисов Андрей Олегович,майор,6,29
Степанов Максим Юрьевич,майор,10,31
Лебедев Михаил Кириллович,полковник,7,34
Козлов Степан Юрьевич,рядовой,11,28
Петров Алексей Дмитриевич,полковник,9,50
Захаров Егор Викторович,капитан,10,38
Кузнецов Виктор Кириллович,полковник,11,55
Лебедев Дмитрий Викторович,сержант,4,57
Сидоров Иван Алексеевич,полковник,3,40
Иванов Сергей Павлович,лейтенант,7,56
Попов Дмитрий Павлович,сержант,4,45
Смирнов Константин Алексеевич,лейтенант,4,48
Яковлев Дмитрий Юрьевич,прапорщик,3,40
Андреев Егор Александрович,рядовой,12,22
Андреев Константин Олегович,майор,5,19
Андреев Иван Викторович,полковник,7,56
Андреев Евгений Михайлович,полковник,9,53
Кочергин Матвей Максимович,прапорщик,5,51
Павлов Павел Михайлович,лейтенант,7,36
Морозов Сергей Ильич,прапорщик,9,25
Алексеев Евгений Юрьевич,полковник,12,35
Захаров Артём Романович,майор,7,33
Сидоров Сергей Александрович,сержант,12,32
Лебедев Евгений Юрьевич,прапорщик,10,36
Егоров Олег Олегович,прапорщик,3,19
Иванов Александр Михайлович,майор,11,31
Алексеев Сергей Ильич,полковник,8,53
Фёдоров Илья Иванович,прапорщик,3,26
Орлов Иван Дмитриевич,полковник,9,24
Николаев Никита Михайлович,майор,4,41
Павлов Никита Сергеевич,рядовой,7,56
Степанов Кирилл Дмитриевич,капитан,3,32
Яковлев Евгений Сергеевич,сержант,11,57
Павлов Илья Олегович,полковник,5,56
Фёдоров Максим Павлович,сержант,9,45
Андреев Евгений Иванович,полковник,8,60
Андреев Андрей Кириллович,прапорщик,8,59
Сидоров Степан Дмитриевич,сержант,7,32
Захаров Степан Павлович,рядовой,7,23
Фёдоров Егор Никитич,прапорщик,2,43
Соколов Олег Ильич,прапорщик,2,38
Егоров Егор Олегович,лейтенант,2,41
Михайлов Никита Дмитриевич,полковник,8,50
Новиков Денис Максимович,рядовой,9,47
Соколов Илья Сергеевич,лейтенант,2,30
Зайцев Павел Михайлович,капитан,8,57
Зайцев Евгений Андреевич,прапорщик,7,26
Орлов Олег Алексеевич,майор,1,50
Михайлов Олег Ильич,лейтенант,7,45
Никитин Сергей Никитич,лейтенант,7,31
Орлов Михаил Михайлович,капитан,12,47
Кочергин Егор Олегович,рядовой,9,41
Яковлев Дмитрий Александрович,прапорщик,4,19
Новиков Роман Андреевич,рядовой,11,51
Иванов Андрей Иванович,лейтенант,10,27
Никитин Илья Дмитриевич,капитан,11,57
Новиков Егор Никитич,прапорщик,9,31
Зайцев Александр Романович,полковник,4,33
Николаев Артём Дмитриевич,майор,12,28
Морозов Матвей Александрович,прапорщик,5,60
Петров Степан Никитич,полковник,5,57
Смирнов Кирилл Иванович,сержант,2,28
Сидоров Юрий Никитич,майор,3,35
Новиков Александр Дмитриевич,полковник,3,42
Сидоров Степан Романович,рядовой,4,48
Новиков Илья Иванович,прапорщик,4,28
Алексеев Егор Алексеевич,лейтенант,9,22
Петров Артём Романович,капитан,7,20
Козлов Павел Ильич,лейтенант,10,40
Макаров Максим Павлович,капитан,1,58
Новиков Михаил Дмитриевич,майор,7,22
Орлов Егор Андреевич,сержант,7,45
Михайлов Константин Романович,лейтенант,12,48
Попов Сергей Павлович,майор,12,57
Михайлов Виктор Михайлович,рядовой,7,58
Николаев Степан Олегович,прапорщик,9,35
Семёнов Виктор Максимович,рядовой,1,30
Макаров Юрий Сергеевич,рядовой,2,41
Павлов Егор Павлович,прапорщик,10,55
Павлов Кирилл Павлович,капитан,6,43
Павлов Евгений Никитич,сержант,6,31
Орлов Андрей Никитич,майор,9,45
Смирнов Андрей Алексеевич,полковник,11,18
Фёдоров Юрий Сергеевич,рядовой,11,24
Соколов Илья Ильич,рядовой,10,48
Иванов Дмитрий Александрович,майор,2,42
Никитин Андрей Викторович,лейтенант,9,36
Морозов Денис Никитич,майор,1,41
Лебедев Дмитрий Алексеевич,полковник,3,39
Кочергин Кирилл Юрьевич,лейтенант,2,44
Лебедев Павел Сергеевич,капитан,12,40
Иванов Михаил Сергеевич,полковник,8,47
Смирнов Матвей Дмитриевич,майор,1,26
Козлов Константин Максимович,лейтенант,1,32
Морозов Денис Алексеевич,прапорщик,9,38
Кочергин Степан Олегович,майор,5,45
Макаров Максим Кириллович,лейтенант,10,36
Семёнов Андрей Романович,рядовой,1,20
Борисов Алексей Иванович,полковник,5,35
Кочергин Олег Ильич,прапорщик,2,60
Алексеев Никита Максимович,полковник,4,44
Фёдоров Евгений Юрьевич,сержант,5,43
Макаров Денис Дмитриевич,прапорщик,6,36
Павлов Сергей Сергеевич,прапорщик,1,34
Михайлов Андрей Сергеевич,полковник,1,29
Иванов Дмитрий Павлович,прапорщик,11,56
Егоров Иван Михайлович,прапорщик,2,46
Иванов Кирилл Никитич,полковник,9,36
Михайлов Кирилл Иванович,прапорщик,11,34
Степанов Андрей Александрович,капитан,4,23
Кочергин Алексей Максимович,капитан,3,43
Фёдоров Виктор Алексеевич,сержант,11,32
Кузнецов Илья Иванович,сержант,9,59
Николаев Сергей Викторович,рядовой,8,43
Орлов Никита Романович,рядовой,6,41
Степанов Виктор Дмитриевич,рядовой,5,21
Павлов Олег Александрович,рядовой,6,48
Павлов Олег Ильич,майор,10,44
Сидоров Евгений Кириллович,сержант,5,36
Яковлев Павел Максимович,капитан,7,51
Никитин Андрей Викторович,сержант,11,42
Морозов Егор Юрьевич,сержант,3,56
Михайлов Матвей Юрьевич,сержант,3,57
Никитин Сергей Иванович,прапорщик,9,58
Зайцев Михаил Сергеевич,лейтенант,9,54
Егоров Павел Александрович,прапорщик,3,28
Петров Дмитрий Александрович,капитан,1,47
Андреев Максим Михайлович,сержант,12,40
Михайлов Иван Юрьевич,майор,8,32
Васильев Михаил Дмитриевич,полковник,7,45
Смирнов Евгений Юрьевич,полковник,3,24
Кузнецов Степан Олегович,рядовой,9,18
Сидоров Артём Дмитриевич,майор,8,39
Андреев Константин Романович,сержант,8,20
Егоров Кирилл Викторович,прапорщик,11,45
Захаров Илья Дмитриевич,лейтенант,12,56
Михайлов Кирилл Кириллович,прапорщик,10,30
Фёдоров Роман Максимович,полковник,5,36
Макаров Иван Юрьевич,рядовой,1,24
Семёнов Алексей Романович,капитан,3,51
Орлов Иван Михайлович,рядовой,7,21
Семёнов Денис Алексеевич,лейтенант,10,56
Семёнов Евгений Максимович,прапорщик,12,54
Борисов Олег Кириллович,майор,12,25
Иванов Максим Никитич,майор,3,32
Никитин Александр Никитич,рядовой,10,19
Морозов Денис Иванович,майор,1,41
Никитин Александр Викторович,капитан,9,21
Соловьёв Павел Никитич,сержант,7,58
Соловьёв Роман Сергеевич,капитан,11,20
Егоров Егор Ильич,полковник,3,52
Никитин Максим Иванович,капитан,11,43
Никитин Александр Андреевич,лейтенант,5,48
Попов Дмитрий Павлович,майор,1,33
Зайцев Артём Сергеевич,полковник,7,60
Степанов Илья Иванович,капитан,9,53
Николаев Андрей Дмитриевич,сержант,4,20
Егоров Андрей Андреевич,прапорщик,5,45
Соловьёв Михаил Андреевич,полковник,12,37
Иванов Павел Иванович,рядовой,2,51
Андреев Матвей Кириллович,капитан,1,23
Михайлов Евгений Романович,полковник,8,59
Орлов Олег Дмитриевич,сержант,12,27
Никитин Иван Александрович,рядовой,6,53
Козлов Павел Максимович,сержант,8,20
Соколов Алексей Кириллович,полковник,8,60
Сидоров Егор Алексеевич,майор,7,57
Сидоров Никита Ильич,лейтенант,2,54
Лебедев Сергей Михайлович,капитан,3,18
Козлов Роман Романович,полковник,8,53
Смирнов Степан Романович,полковник,3,44
Алексеев Александр Павлович,лейтенант,6,53
Никитин Максим Романович,майор,10,30
Соловьёв Иван Олегович,рядовой,11,18
Смирнов Виктор Михайлович,сержант,8,41
Егоров Роман Кириллович,лейтенант,2,28
Соловьёв Матвей Иванович,рядовой,5,36
Борисов Константин Иванович,рядовой,6,53
Сидоров Дмитрий Сергеевич,прапорщик,1,20
Михайлов Олег Михайлович,прапорщик,2,33
Орлов Денис Павлович,лейтенант,11,35
Попов Илья Александрович,прапорщик,9,56
Егоров Дмитрий Максимович,лейтенант,7,57
Андреев Егор Романович,полковник,3,49
Орлов Роман Андреевич,прапорщик,6,20
Сидоров Сергей Максимович,рядовой,6,53
Степанов Павел Викторович,майор,4,21
Борисов Олег Ильич,лейтенант,6,19
Сидоров Павел Павлович,рядовой,9,32
Никитин Виктор Александрович,полковник,12,25
Кузнецов Алексей Павлович,рядовой,8,36
Морозов Максим Романович,капитан,9,44
Семёнов Виктор Андреевич,рядовой,6,44
Новиков Дмитрий Романович,полковник,11,26
Петров Никита Максимович,капитан,3,58
Михайлов Дмитрий Михайлович,лейтенант,2,56
Васильев Александр Дмитриевич,капитан,11,20
Павлов Андрей Александрович,майор,8,32
Сидоров Максим Никитич,рядовой,8,45
Морозов Егор Ильич,сержант,4,56
Михайлов Михаил Олегович,рядовой,4,56
Николаев Никита Андреевич,капитан,8,40
Морозов Никита Кириллович,прапорщик,7,43
Лебедев Сергей Сергеевич,сержант,3,48
Егоров Олег Андреевич,майор,6,53
Иванов Сергей Кириллович,майор,5,35
Соколов Артём Павлович,рядовой,10,58
Морозов Юрий Романович,рядовой,5,23
Сидоров Андрей Иванович,прапорщик,11,59
Алексеев Матвей Андреевич,майор,3,52
Алексеев Андрей Юрьевич,капитан,1,53
Зайцев Александр Кириллович,рядовой,1,50
Смирнов Сергей Максимович,майор,8,44
Сидоров Максим Максимович,полковник,12,56
Соколов Артём Олегович,полковник,2,20
Макаров Матвей Сергеевич,полковник,12,43
Васильев Никита Никитич,рядовой,2,52
Михайлов Илья Романович,прапорщик,12,54
Соколов Степан Иванович,сержант,1,52
Макаров Степан Романович,капитан,11,24
Алексеев Роман Дмитриевич,капитан,10,55
Андреев Степан Алексеевич,сержант,12,56
Степанов Михаил Павлович,рядовой,1,34
Морозов Иван Олегович,полковник,9,53
Николаев Юрий Иванович,лейтенант,9,60
Павлов Константин Кириллович,рядовой,5,59
Николаев Олег Михайлович,рядовой,10,30
Захаров Сергей Андреевич,полковник,7,24
Захаров Сергей Никитич,полковник,2,41
Петров Александр Сергеевич,капитан,8,33
Степанов Андрей Кириллович,прапорщик,5,21
Соколов Иван Ильич,майор,2,47
Орлов Павел Юрьевич,полковник,5,21
Морозов Юрий Дмитриевич,сержант,9,48
Михайлов Юрий Андреевич,полковник,11,19
Павлов Кирилл Дмитриевич,майор,3,38
Борисов Артём Юрьевич,полковник,10,40
Петров Андрей Олегович,капитан,8,28
Петров Денис Алексеевич,полковник,12,38
Петров Юрий Олегович,сержант,11,34
Макаров Матвей Юрьевич,рядовой,11,23
Петров Денис Кириллович,сержант,2,56
Орлов Михаил Иванович,капитан,2,53
Макаров Роман Дмитриевич,капитан,10,35
Петров Алексей Павлович,рядовой,11,37
Кузнецов Виктор Ильич,майор,1,53
Никитин Никита Павлович,полковник,2,25
Зайцев Александр Сергеевич,сержант,9,58
Васильев Виктор Ильич,рядовой,4,19
Козлов Александр Алексеевич,рядовой,12,59
Андреев Кирилл Олегович,прапорщик,2,37
Попов Роман Дмитриевич,майор,4,42
Андреев Андрей Павлович,рядовой,3,49
Степанов Степан Иванович,сержант,10,42
Никитин Константин Андреевич,капитан,12,36
Соколов Александр Никитич,сержант,5,46
Яковлев Виктор Викторович,лейтенант,3,23
Кузнецов Евгений Кириллович,капитан,5,57
Михайлов Алексей Михайлович,лейтенант,10,56
Андреев Иван Никитич,рядовой,5,23
Фёдоров Евгений Иванович,рядовой,7,33
Лебедев Денис Максимович,полковник,6,46
Лебедев Андрей Никитич,сержант,11,49
Лебедев Олег Иванович,прапорщик,1,34
Макаров Евгений Сергеевич,рядовой,9,53
Сидоров Артём Дмитриевич,полковник,7,59
Смирнов Илья Дмитриевич,майор,11,53
Степанов Дмитрий Ильич,майор,5,25
Фёдоров Виктор Павлович,прапорщик,7,31
Борисов Илья Романович,прапорщик,10,56
Смирнов Роман Павлович,сержант,2,45
Соловьёв Константин Викторович,прапорщик,12,36
Борисов Александр Кириллович,рядовой,10,52
Сидоров Роман Викторович,майор,7,42
Павлов Кирилл Алексеевич,майор,5,22
Фёдоров Андрей Иванович,майор,9,35
Борисов Никита Романович,рядовой,6,55
Соловьёв Илья Дмитриевич,сержант,11,53
Соколов Андрей Кириллович,рядовой,1,36
Васильев Иван Олегович,капитан,12,50
Орлов Виктор Иванович,полковник,10,59
Николаев Максим Михайлович,майор,9,43
Николаев Юрий Ильич,прапорщик,1,18
Степанов Кирилл Иванович,капитан,10,27
Яковлев Матвей Олегович,майор,3,55
Кузнецов Артём Сергеевич,майор,10,52
Соколов Виктор Александрович,полковник,9,20
Орлов Виктор Кириллович,полковник,6,44
Соколов Сергей Ильич,капитан,12,46
Соловьёв Матвей Викторович,капитан,11,48
Соловьёв Константин Юрьевич,капитан,9,32
Новиков Юрий Никитич,майор,11,51
Яковлев Виктор Олегович,сержант,6,45
Новиков Максим Романович,прапорщик,9,18
Новиков Артём Сергеевич,рядовой,3,38
Иванов Артём Викторович,рядовой,8,57
Егоров Константин Никитич,майор,6,56
Яковлев Степан Викторович,лейтенант,8,40
Зайцев Андрей Дмитриевич,сержант,2,32
Степанов Иван Романович,капитан,1,47
Козлов Сергей Дмитриевич,полковник,10,42
Кочергин Степан Олегович,рядовой,4,37
Соколов Денис Олегович,полковник,8,36
Новиков Егор Никитич,прапорщик,8,40
Смирнов Егор Алексеевич,сержант,6,52
Николаев Михаил Ильич,сержант,3,52
Смирнов Виктор Сергеевич,лейтенант,1,34
Попов Никита Михайлович,сержант,6,18
Борисов Сергей Дмитриевич,капитан,11,44
Николаев Кирилл Олегович,капитан,2,51
Фёдоров Матвей Павлович,полковник,12,60
Макаров Алексей Олегович,полковник,10,44
Николаев Матвей Иванович,майор,1,28
Орлов Юрий Олегович,майор,11,30
Смирнов Дмитрий Ильич,лейтенант,8,57
Иванов Илья Олегович,лейтенант,6,29
Иванов Иван Романович,полковник,11,59
Иванов Алексей Максимович,прапорщик,1,45
Макаров Андрей Олегович,лейтенант,12,29
Зайцев Егор Павлович,лейтенант,7,36
Никитин Егор Никитич,полковник,9,23
Яковлев Никита Павлович,лейтенант,1,54
Захаров Евгений Романович,рядовой,7,52
Зайцев Роман Никитич,лейтенант,1,55
Егоров Денис Алексеевич,рядовой,1,46
Васильев Евгений Иванович,полковник,12,46
Захаров Егор Алексеевич,сержант,7,19
Сидоров Андрей Викторович,лейтенант,4,57
Кочергин Павел Олегович,майор,6,48
Яковлев Юрий Сергеевич,рядовой,9,37
Борисов Максим Михайлович,прапорщик,5,31
Егоров Михаил Дмитриевич,майор,12,37
Андреев Сергей Андреевич,рядовой,1,19
Семёнов Кирилл Павлович,полковник,1,37
Михайлов Матвей Иванович,лейтенант,8,20
Морозов Кирилл Максимович,прапорщик,12,52
Смирнов Олег Иванович,капитан,8,57
Семёнов Егор Максимович,лейтенант,1,25
Алексеев Артём Михайлович,сержант,7,28
Зайцев Иван Андреевич,полковник,3,40
Смирнов Олег Михайлович,лейтенант,8,56
Смирнов Андрей Алексеевич,капитан,6,20
Лебедев Олег Романович,сержант,8,47
Петров Денис Сергеевич,сержант,8,44
Яковлев Матвей Никитич,капитан,12,58
Сидоров Сергей Михайлович,майор,10,54
Новиков Роман Максимович,капитан,12,50
Смирнов Роман Олегович,сержант,11,45
Смирнов Константин Ильич,сержант,9,49
Иванов Михаил Максимович,полковник,9,18
Васильев Егор Павлович,майор,7,31
Яковлев Матвей Максимович,лейтенант,8,20
Лебедев Никита Викторович,полковник,12,36
Сидоров Матвей Максимович,капитан,2,41
Захаров Павел Михайлович,рядовой,2,49
Васильев Никита Андреевич,рядовой,10,18
Лебедев Артём Александрович,полковник,9,43
Яковлев Олег Александрович,прапорщик,8,26
Попов Иван Дмитриевич,майор,7,52
Захаров Роман Михайлович,лейтенант,1,35
Андреев Евгений Олегович,лейтенант,1,21
Михайлов Кирилл Александрович,лейтенант,1,22
Лебедев Иван Олегович,лейтенант,1,51
Алексеев Виктор Сергеевич,майор,5,28
Семёнов Никита Максимович,сержант,10,41
Макаров Дмитрий Максимович,рядовой,7,54
Андреев Иван Никитич,майор,3,48
Иванов Кирилл Никитич,прапорщик,2,25
Николаев Роман Олегович,майор,12,38
Петров Илья Ильич,прапорщик,3,56
Зайцев Никита Алексеевич,полковник,7,21
Андреев Алексей Иванович,полковник,3,22
Соловьёв Юрий Олегович,майор,5,31
Макаров Александр Алексеевич,прапорщик,11,23
Павлов Максим Романович,майор,10,49
Соловьёв Артём Никитич,капитан,2,35
Петров Роман Ильич,полковник,10,60
Павлов Константин Алексеевич,сержант,8,57
Никитин Виктор Олегович,сержант,5,20
Степанов Виктор Сергеевич,сержант,10,44
Козлов Матвей Дмитриевич,полковник,5,49
Фёдоров Максим Александрович,майор,3,60
Попов Егор Максимович,полковник,5,51
Макаров Денис Сергеевич,майор,5,48
Морозов Иван Иванович,майор,12,54
Яковлев Александр Сергеевич,лейтенант,7,18
Зайцев Олег Викторович,полковник,9,33
Борисов Андрей Юрьевич,рядовой,9,43
Борисов Роман Михайлович,майор,6,36
Смирнов Илья Александрович,лейтенант,4,57
Козлов Матвей Сергеевич,прапорщик,12,34
Борисов Олег Павлович,рядовой,10,51
Соколов Денис Александрович,рядовой,11,59
Зайцев Никита Павлович,рядовой,7,54
Кочергин Юрий Михайлович,майор,8,31
Кузнецов Виктор Павлович,лейтенант,4,33
Лебедев Юрий Дмитриевич,капитан,8,31
Захаров Евгений Дмитриевич,полковник,11,26
Яковлев Егор Андреевич,лейтенант,11,24
Егоров Максим Викторович,капитан,4,40
Новиков Евгений Олегович,капитан,7,57
Егоров Дмитрий Олегович,майор,12,24
Фёдоров Юрий Романович,полковник,3,33
Козлов Дмитрий Александрович,майор,4,41
Козлов Андрей Андреевич,полковник,8,31
Васильев Константин Викторович,прапорщик,12,34
Попов Никита Андреевич,прапорщик,4,23
Смирнов Никита Сергеевич,рядовой,9,45
Алексеев Степан Викторович,лейтенант,9,30
Кузнецов Илья Иванович,капитан,8,43
Кузнецов Виктор Иванович,рядовой,11,53
Николаев Константин Ильич,капитан,6,38
Сидоров Дмитрий Максимович,капитан,12,46
Сидоров Константин Кириллович,майор,6,33
Павлов Евгений Юрьевич,майор,11,34
Николаев Степан Никитич,прапорщик,12,50
Макаров Денис Олегович,лейтенант,6,49
Лебедев Егор Ильич,рядовой,7,25
Лебедев Кирилл Викторович,полковник,7,42
Сидоров Сергей Михайлович,прапорщик,11,24
Павлов Денис Юрьевич,майор,11,48
Соловьёв Степан Кириллович,полковник,8,38
Степанов Артём Олегович,капитан,2,45
Алексеев Евгений Ильич,полковник,4,48
Новиков Александр Кириллович,сержант,9,25
Андреев Константин Сергеевич,лейтенант,7,53
Васильев Алексей Александрович,капитан,6,31
Новиков Никита Павлович,майор,1,26
Степанов Никита Андреевич,полковник,4,51
Попов Илья Алексеевич,майор,5,56
Соловьёв Степан Юрьевич,рядовой,6,21
Николаев Иван Никитич,капитан,6,57
Кузнецов Алексей Юрьевич,капитан,3,20
Лебедев Олег Романович,прапорщик,12,35
Яковлев Алексей Никитич,рядовой,2,35
Смирнов Дмитрий Андреевич,лейтенант,4,27
Петров Сергей Павлович,лейтенант,2,20
Кочергин Никита Иванович,прапорщик,5,32
Сидоров Егор Кириллович,лейтенант,12,36
Семёнов Матвей Ильич,рядовой,6,19
Попов Иван Ильич,майор,4,51
Кочергин Олег Павлович,прапорщик,10,47
Соловьёв Павел Викторович,полковник,7,47
Козлов Юрий Максимович,полковник,9,43
Козлов Сергей Александрович,прапорщик,1,36
Фёдоров Дмитрий Максимович,рядовой,6,21
Смирнов Кирилл Никитич,майор,4,25
Иванов Матвей Романович,рядовой,3,35
Новиков Андрей Александрович,лейтенант,5,38
Смирнов Илья Александрович,капитан,4,52
Яковлев Евгений Олегович,лейтенант,7,26
Сидоров Олег Романович,лейтенант,3,32
Фёдоров Илья Алексеевич,полковник,11,60
Кузнецов Алексей Ильич,рядовой,8,25
Андреев Денис Сергеевич,полковник,6,26
Зайцев Степан Юрьевич,сержант,9,60
Козлов Павел Кириллович,сержант,2,28
Николаев Илья Иванович,лейтенант,6,55
Сидоров Виктор Олегович,капитан,12,22
Яковлев Степан Сергеевич,полковник,6,50
Макаров Константин Андреевич,майор,1,42
Михайлов Константин Олегович,сержант,10,60
Никитин Никита Максимович,майор,10,56
Сидоров Матвей Михайлович,лейтенант,9,33
Борисов Юрий Павлович,лейтенант,2,33
Зайцев Никита Павлович,рядовой,3,54
Орлов Алексей Михайлович,капитан,8,32
Степанов Сергей Романович,сержант,7,20
Зайцев Илья Никитич,сержант,10,33
Павлов Павел Викторович,сержант,5,53
Петров Сергей Алексеевич,лейтенант,2,56
Петров Евгений Андреевич,сержант,11,26
Макаров Роман Максимович,лейтенант,9,35
Смирнов Михаил Никитич,рядовой,1,38
Алексеев Андрей Михайлович,сержант,9,34
Павлов Артём Викторович,рядовой,8,41
Морозов Роман Никитич,капитан,9,30
Михайлов Егор Никитич,лейтенант,6,44
Фёдоров Никита Павлович,лейтенант,4,36
Андреев Роман Максимович,прапорщик,5,47
Кочергин Алексей Юрьевич,лейтенант,4,29
Новиков Юрий Никитич,майор,6,19
Сидоров Максим Сергеевич,капитан,2,59
Кузнецов Илья Дмитриевич,капитан,10,33
Орлов Артём Кириллович,майор,2,40
Смирнов Артём Алексеевич,майор,4,54
Николаев Константин Максимович,сержант,8,36
Кочергин Сергей Никитич,рядовой,9,50
Николаев Алексей Олегович,рядовой,3,46
Новиков Иван Олегович,рядовой,7,32
Семёнов Евгений Дмитриевич,сержант,8,35
Никитин Сергей Никитич,сержант,6,56
Орлов Егор Дмитриевич,капитан,10,39
Николаев Матвей Кириллович,сержант,10,29
Павлов Сергей Алексеевич,рядовой,2,29
Егоров Иван Никитич,прапорщик,4,36
Сидоров Виктор Викторович,лейтенант,3,26
Фёдоров Алексей Сергеевич,рядовой,9,53
Попов Кирилл Алексеевич,капитан,2,27
Яковлев Артём Андреевич,прапорщик,8,36
Егоров Егор Олегович,рядовой,5,36
Попов Виктор Иванович,майор,4,26
Фёдоров Никита Александрович,капитан,1,31
Павлов Кирилл Никитич,полковник,10,37
Козлов Олег Дмитриевич,майор,8,58
Макаров Олег Александрович,рядовой,1,34
Смирнов Андрей Максимович,прапорщик,6,54
Степанов Юрий Олегович,капитан,9,39
Васильев Олег Алексеевич,капитан,5,32
Кочергин Андрей Олегович,сержант,11,25
Борисов Илья Романович,полковник,11,50
Макаров Александр Михайлович,майор,4,59
Орлов Дмитрий Сергеевич,полковник,10,18
Семёнов Сергей Дмитриевич,лейтенант,10,54
Макаров Максим Кириллович,полковник,11,59
Алексеев Кирилл Сергеевич,прапорщик,7,39
Иванов Дмитрий Олегович,прапорщик,12,46
Кочергин Матвей Юрьевич,рядовой,8,29
Егоров Виктор Ильич,майор,11,59
Соловьёв Степан Юрьевич,лейтенант,2,40
Кузнецов Сергей Андреевич,капитан,12,32
Кузнецов Виктор Викторович,рядовой,11,27
Борисов Егор Михайлович,майор,7,59
Иванов Александр Сергеевич,полковник,3,44
Егоров Егор Павлович,рядовой,9,36
Попов Денис Ильич,лейтенант,2,53
Кузнецов Матвей Алексеевич,лейтенант,11,48
Козлов Павел Ильич,рядовой,10,27
Васильев Денис Никитич,прапорщик,1,38
Орлов Юрий Андреевич,рядовой,6,54
Кочергин Олег Андреевич,прапорщик,3,48
Смирнов Павел Иванович,сержант,8,25
Никитин Матвей Дмитриевич,рядовой,8,19
Егоров Роман Кириллович,майор,4,20
Морозов Илья Викторович,рядовой,1,55
Попов Кирилл Юрьевич,прапорщик,8,53
Николаев Максим Юрьевич,майор,5,31
Новиков Михаил Кириллович,майор,9,34
Петров Дмитрий Кириллович,прапорщик,7,29
Иванов Денис Ильич,лейтенант,5,48
Лебедев Павел Ильич,рядовой,1,43
Павлов Никита Романович,прапорщик,1,36
Орлов Иван Александрович,капитан,1,41
Семёнов Александр Кириллович,лейтенант,1,19
Лебедев Виктор Викторович,лейтенант,3,36
Морозов Андрей Дмитриевич,прапорщик,9,21
Иванов Матвей Юрьевич,майор,4,37
Макаров Денис Олегович,прапорщик,5,55
Захаров Виктор Олегович,лейтенант,11,52
Захаров Андрей Иванович,полковник,4,21
Захаров Олег Юрьевич,лейтенант,5,53
Зайцев Юрий Сергеевич,майор,10,29
Новиков Иван Олегович,лейтенант,2,26
Яковлев Виктор Алексеевич,рядовой,3,46
Попов Виктор Максимович,лейтенант,8,44
Иванов Евгений Никитич,рядовой,3,30
Смирнов Дмитрий Михайлович,капитан,10,25
Новиков Андрей Алексеевич,лейтенант,11,49
Кочергин Сергей Кириллович,капитан,6,56
Соловьёв Михаил Дмитриевич,майор,9,19
Соловьёв Иван Андреевич,майор,9,54
Морозов Алексей Кириллович,прапорщик,4,49
Никитин Виктор Александрович,полковник,7,54
Новиков Никита Кириллович,прапорщик,2,21
Николаев Иван Кириллович,рядовой,2,29
Фёдоров Олег Сергеевич,сержант,3,19
Макаров Денис Дмитриевич,рядовой,3,60
Борисов Максим Дмитриевич,лейтенант,3,41
Орлов Константин Михайлович,лейтенант,8,31
Кочергин Константин Андреевич,лейтенант,3,50
Семёнов Иван Никитич,майор,3,46
Морозов Юрий Ильич,лейтенант,1,37
Попов Дмитрий Ильич,майор,8,30
Соловьёв Виктор Павлович,полковник,9,56
Смирнов Кирилл Максимович,полковник,10,20
Никитин Илья Алексеевич,рядовой,10,49
Семёнов Степан Алексеевич,майор,7,51
Степанов Матвей Максимович,полковник,4,38
Козлов Роман Викторович,полковник,8,41
Кузнецов Евгений Юрьевич,прапорщик,10,26
Никитин Александр Олегович,майор,11,59
Зайцев Евгений Кириллович,полковник,2,28
Андреев Никита Павлович,капитан,1,20
Андреев Максим Сергеевич,сержант,10,38
Кузнецов Илья Иванович,прапорщик,6,46
Лебедев Роман Павлович,рядовой,8,60
Соловьёв Евгений Олегович,капитан,7,47
Егоров Матвей Александрович,майор,5,54
Васильев Виктор Иванович,лейтенант,2,47
Петров Дмитрий Дмитриевич,сержант,1,50
Соловьёв Андрей Михайлович,прапорщик,4,52
Павлов Павел Викторович,полковник,8,50
Орлов Максим Михайлович,рядовой,1,40
Иванов Артём Александрович,капитан,5,43
Кузнецов Павел Кириллович,майор,7,41
Зайцев Андрей Михайлович,полковник,11,59
Новиков Андрей Сергеевич,капитан,7,24
Зайцев Иван Павлович,прапорщик,9,57
Кузнецов Кирилл Ильич,лейтенант,4,46
Зайцев Виктор Романович,лейтенант,5,37
Соловьёв Максим Никитич,капитан,2,42
Андреев Матвей Викторович,лейтенант,1,23
Морозов Александр Алексеевич,рядовой,4,37
Смирнов Максим Павлович,майор,3,41
Андреев Виктор Алексеевич,майор,3,55
Новиков Алексей Романович,прапорщик,11,49
Смирнов Илья Ильич,капитан,3,25
Попов Илья Кириллович,рядовой,10,26
Павлов Евгений Дмитриевич,лейтенант,5,58
Зайцев Максим Никитич,полковник,7,38
Зайцев Юрий Михайлович,капитан,4,47
Попов Михаил Викторович,майор,1,29
Макаров Илья Александрович,капитан,2,58
Иванов Алексей Юрьевич,майор,1,27
Лебедев Максим Викторович,капитан,7,47
Борисов Александр Викторович,майор,2,26
Яковлев Матвей Максимович,капитан,11,49
Орлов Матвей Андреевич,майор,6,28
Петров Павел Алексеевич,рядовой,12,31
Соколов Алексей Сергеевич,рядовой,10,55
Макаров Евгений Алексеевич,рядовой,5,58
Яковлев Андрей Андреевич,лейтенант,6,59
Кузнецов Дмитрий Алексеевич,рядовой,12,42
Семёнов Роман Алексеевич,рядовой,11,42
Борисов Олег Ильич,сержант,10,40
Соловьёв Александр Дмитриевич,лейтенант,7,51
Кузнецов Михаил Михайлович,рядовой,9,18
Семёнов Никита Юрьевич,майор,10,39
Кузнецов Артём Михайлович,полковник,7,27
Яковлев Дмитрий Ильич,майор,4,55
Яковлев Роман Викторович,майор,2,40
Васильев Матвей Иванович,лейтенант,2,27
Николаев Андрей Алексеевич,капитан,5,36
Смирнов Павел Алексеевич,майор,12,50
Кузнецов Алексей Сергеевич,капитан,12,18
Андреев Юрий Александрович,капитан,10,59
Захаров Алексей Кириллович,сержант,3,57
Кузнецов Михаил Кириллович,рядовой,8,45
Степанов Юрий Дмитриевич,капитан,10,34
Морозов Никита Дмитриевич,капитан,4,58
Семёнов Павел Никитич,рядовой,7,50
Новиков Евгений Никитич,сержант,6,54
Попов Артём Никитич,сержант,2,32
Фёдоров Алексей Дмитриевич,капитан,7,29
Кочергин Никита Максимович,полковник,2,60
Смирнов Михаил Алексеевич,сержант,1,24
Лебедев Евгений Кириллович,майор,2,44
Соколов Дмитрий Сергеевич,майор,4,37
Кочергин Михаил Кириллович,полковник,6,22
Зайцев Александр Алексеевич,полковник,9,25
Николаев Виктор Максимович,лейтенант,11,35
Соловьёв Юрий Кириллович,рядовой,9,59
Фёдоров Константин Андреевич,майор,3,20
Зайцев Олег Сергеевич,капитан,7,57
Соловьёв Роман Викторович,лейтенант,7,18
Соколов Сергей Павлович,капитан,3,25
Захаров Александр Олегович,капитан,10,30
Козлов Артём Олегович,лейтенант,4,59
Фёдоров Максим Андреевич,майор,11,59
Никитин Дмитрий Юрьевич,майор,10,23
Алексеев Сергей Александрович,сержант,9,37
Михайлов Алексей Иванович,прапорщик,2,34
Алексеев Сергей Олегович,рядовой,12,20
Васильев Виктор Андреевич,сержант,8,59
Макаров Виктор Ильич,рядовой,5,28
Козлов Егор Никитич,сержант,7,54
Новиков Сергей Сергеевич,сержант,11,28
Морозов Юрий Павлович,сержант,5,56
Яковлев Сергей Андреевич,майор,4,53
Новиков Денис Андреевич,полковник,7,44
Андреев Александр Иванович,лейтенант,9,43
Алексеев Михаил Алексеевич,капитан,12,20
Яковлев Матвей Андреевич,рядовой,7,52
Лебедев Матвей Алексеевич,сержант,12,52
Кочергин Роман Дмитриевич,сержант,9,25
Захаров Андрей Максимович,лейтенант,11,45
Андреев Андрей Романович,прапорщик,1,22
Захаров Егор Сергеевич,майор,7,50
Петров Дмитрий Михайлович,капитан,11,31
Фёдоров Степан Ильич,майор,1,29
Соколов Иван Михайлович,лейтенант,9,20
Смирнов Алексей Викторович,полковник,4,37
Орлов Никита Павлович,майор,10,55
Захаров Александр Александрович,лейтенант,11,50
Зайцев Евгений Павлович,сержант,3,47
Соколов Роман Михайлович,майор,4,18
Попов Юрий Максимович,прапорщик,9,52
Соловьёв Павел Юрьевич,рядовой,12,45
Павлов Егор Александрович,капитан,7,37
Козлов Степан Кириллович,майор,11,48
Никитин Матвей Олегович,майор,4,30
Никитин Егор Иванович,рядовой,9,31
Захаров Сергей Юрьевич,лейтенант,10,22
Михайлов Андрей Иванович,лейтенант,2,59
Михайлов Максим Александрович,майор,5,34
Макаров Дмитрий Андреевич,рядовой,3,22
Соколов Павел Юрьевич,лейтенант,11,35
Егоров Александр Иванович,прапорщик,2,47
Михайлов Денис Максимович,прапорщик,1,20
Егоров Артём Павлович,прапорщик,11,40
Смирнов Илья Алексеевич,капитан,4,44
Фёдоров Андрей Андреевич,капитан,6,57
Николаев Евгений Андреевич,капитан,5,43
Козлов Михаил Александрович,прапорщик,2,19
Егоров Юрий Ильич,полковник,11,56
Егоров Михаил Олегович,полковник,12,46
Яковлев Никита Павлович,полковник,9,32
Новиков Сергей Ильич,сержант,7,60
Смирнов Юрий Дмитриевич,сержант,6,18
Михайлов Максим Иванович,полковник,5,39
Иванов Александр Алексеевич,полковник,11,23
Кузнецов Никита Алексеевич,прапорщик,11,45
Васильев Денис Викторович,сержант,4,34
Михайлов Михаил Александрович,полковник,7,36
Михайлов Никита Викторович,майор,12,51
Макаров Степан Александрович,полковник,12,31
Кузнецов Никита Андреевич,рядовой,3,57
Васильев Егор Михайлович,лейтенант,8,21
Кузнецов Алексей Алексеевич,капитан,12,30
Попов Юрий Александрович,майор,11,19
Андреев Роман Михайлович,майор,5,22
Кочергин Иван Никитич,майор,4,60
Новиков Сергей Дмитриевич,рядовой,1,21
Зайцев Степан Максимович,капитан,5,56
Новиков Кирилл Михайлович,майор,1,45
Андреев Сергей Иванович,рядовой,5,53
Соловьёв Евгений Олегович,полковник,4,25
Новиков Максим Викторович,полковник,5,43
Новиков Виктор Алексеевич,прапорщик,1,29
Смирнов Алексей Викторович,лейтенант,6,27
Морозов Егор Кириллович,майор,7,49
Семёнов Михаил Никитич,рядовой,11,29
Семёнов Денис Александрович,рядовой,4,36
Никитин Максим Сергеевич,сержант,3,55
Морозов Илья Александрович,лейтенант,5,41
Яковлев Алексей Романович,прапорщик,1,35
Соловьёв Матвей Юрьевич,рядовой,8,20
Сидоров Степан Романович,сержант,10,28
Макаров Максим Александрович,капитан,11,39
Никитин Иван Никитич,сержант,12,43
Алексеев Илья Никитич,майор,12,49
Сидоров Евгений Дмитриевич,полковник,2,51
Кузнецов Константин Дмитриевич,капитан,12,53
Лебедев Илья Иванович,капитан,11,51
Иванов Роман Александрович,капитан,11,18
Алексеев Роман Кириллович,прапорщик,5,44
Кузнецов Алексей Олегович,лейтенант,6,26
Смирнов Олег Михайлович,капитан,6,56
Иванов Андрей Александрович,прапорщик,11,54
Алексеев Олег Иванович,сержант,3,56
Соловьёв Константин Александрович,лейтенант,2,41
Яковлев Александр Никитич,лейтенант,10,28
Борисов Дмитрий Сергеевич,сержант,10,32
Кочергин Юрий Александрович,полковник,3,39
Козлов Степан Кириллович,рядовой,1,50
Новиков Егор Дмитриевич,прапорщик,3,29
Никитин Илья Дмитриевич,рядовой,7,23
Орлов Денис Алексеевич,полковник,11,42
Егоров Виктор Дмитриевич,сержант,6,49
Попов Евгений Дмитриевич,майор,2,36
Степанов Сергей Павлович,прапорщик,3,30
Васильев Роман Дмитриевич,капитан,10,56
Васильев Павел Романович,сержант,6,34
Кузнецов Никита Алексеевич,капитан,4,33
Андреев Павел Романович,прапорщик,12,36
Николаев Роман Кириллович,майор,3,41
Попов Константин Кириллович,лейтенант,10,35
Морозов Виктор Иванович,полковник,2,43
Лебедев Матвей Павлович,сержант,9,28
Андреев Константин Андреевич,рядовой,10,32
Попов Юрий Алексеевич,лейтенант,8,54
Семёнов Степан Дмитриевич,рядовой,1,40
Макаров Илья Иванович,капитан,1,29
Степанов Сергей Юрьевич,рядовой,9,59
Новиков Виктор Павлович,прапорщик,9,24
Захаров Олег Иванович,сержант,12,56
Зайцев Виктор Иванович,майор,1,21
Сидоров Степан Максимович,полковник,9,26
Лебедев Егор Алексеевич,лейтенант,5,35
Зайцев Сергей Дмитриевич,майор,8,39
Захаров Дмитрий Сергеевич,сержант,7,43
Смирнов Константин Иванович,сержант,3,27
Макаров Артём Романович,капитан,2,38
Попов Степан Ильич,сержант,6,31
Павлов Никита Иванович,капитан,5,39
Морозов Евгений Александрович,полковник,1,26
Иванов Михаил Юрьевич,полковник,2,41
Козлов Максим Ильич,лейтенант,3,48
Никитин Евгений Викторович,прапорщик,1,19
Павлов Денис Викторович,сержант,12,52
Фёдоров Виктор Андреевич,лейтенант,2,37
Алексеев Егор Ильич,лейтенант,10,58
Фёдоров Матвей Дмитриевич,сержант,4,45
Петров Денис Кириллович,майор,6,39
Иванов Андрей Романович,прапорщик,8,24
Васильев Виктор Алексеевич,лейтенант,2,18
Семёнов Матвей Олегович,рядовой,12,35
Павлов Егор Алексеевич,капитан,5,39
Макаров Константин Дмитриевич,майор,4,34
Егоров Степан Никитич,капитан,11,56
Павлов Артём Юрьевич,капитан,12,50
Андреев Олег Павлович,рядовой,6,30
Соколов Илья Кириллович,полковник,1,56
Андреев Алексей Михайлович,капитан,4,43
Никитин Евгений Алексеевич,полковник,1,57
Егоров Михаил Павлович,полковник,11,59
Борисов Илья Александрович,рядовой,6,22
Попов Алексей Андреевич,полковник,3,34
Зайцев Павел Андреевич,прапорщик,2,40
Макаров Сергей Викторович,майор,1,32
Кочергин Максим Александрович,майор,7,28
Новиков Алексей Дмитриевич,полковник,5,40
Соколов Сергей Андреевич,рядовой,11,56
Алексеев Юрий Викторович,сержант,7,28
Кочергин Роман Павлович,лейтенант,10,48
Петров Юрий Викторович,майор,5,25
Андреев Юрий Павлович,прапорщик,2,60
Андреев Алексей Никитич,капитан,5,56
Смирнов Сергей Дмитриевич,прапорщик,4,49
Николаев Роман Иванович,рядовой,5,20
Макаров Михаил Павлович,рядовой,6,45
Егоров Олег Михайлович,майор,8,25
Фёдоров Никита Дмитриевич,капитан,6,57
Кочергин Михаил Кириллович,капитан,12,25
Сидоров Александр Александрович,лейтенант,11,48
Сидоров Александр Андреевич,капитан,9,58
Лебедев Виктор Павлович,полковник,9,48
Соловьёв Иван Максимович,капитан,11,51
Морозов Андрей Никитич,рядовой,6,33
Алексеев Константин Максимович,майор,10,43
Егоров Олег Ильич,майор,10,27
Кочергин Юрий Александрович,рядовой,8,48
Кочергин Дмитрий Александрович,прапорщик,7,19
Иванов Павел Павлович,майор,2,56
Кузнецов Илья Викторович,сержант,7,59
Николаев Степан Сергеевич,рядовой,11,29
Фёдоров Никита Михайлович,прапорщик,9,45
Новиков Матвей Алексеевич,полковник,7,29
Соловьёв Степан Олегович,капитан,10,46
Борисов Илья Юрьевич,рядовой,10,48
Козлов Артём Максимович,рядовой,12,40
Морозов Константин Андреевич,прапорщик,11,58
Семёнов Максим Никитич,лейтенант,6,33
Лебедев Олег Дмитриевич,капитан,4,58
Алексеев Егор Кириллович,полковник,7,45
Андреев Артём Андреевич,майор,3,44
Новиков Дмитрий Алексеевич,лейтенант,9,39
Соколов Артём Павлович,сержант,8,36
Васильев Кирилл Александрович,лейтенант,6,44
Зайцев Кирилл Иванович,лейтенант,11,54
Лебедев Сергей Андреевич,рядовой,11,57
Смирнов Максим Павлович,рядовой,9,34
Орлов Павел Иванович,майор,12,38
Кузнецов Матвей Павлович,сержант,4,37
Яковлев Максим Кириллович,капитан,8,31
Смирнов Денис Алексеевич,прапорщик,2,45
Петров Егор Ильич,полковник,7,32
Новиков Артём Максимович,сержант,7,29
Соколов Андрей Михайлович,прапорщик,4,60
Никитин Александр Андреевич,лейтенант,5,28
Фёдоров Виктор Павлович,полковник,3,52
Васильев Павел Михайлович,сержант,10,41
Степанов Максим Кириллович,лейтенант,11,48
Попов Егор Павлович,рядовой,4,19
Михайлов Степан Викторович,прапорщик,7,41
Орлов Александр Дмитриевич,лейтенант,8,45
Андреев Дмитрий Иванович,лейтенант,1,44
Николаев Олег Кириллович,капитан,2,29
Кузнецов Никита Юрьевич,лейтенант,2,49
Лебедев Егор Кириллович,капитан,10,51
Кузнецов Сергей Олегович,прапорщик,11,18
Кочергин Максим Сергеевич,лейтенант,10,32
Козлов Роман Михайлович,капитан,1,36
Морозов Матвей Дмитриевич,рядовой,3,55
Степанов Илья Иванович,рядовой,3,46
Егоров Евгений Алексеевич,полковник,9,24
Соколов Дмитрий Алексеевич,прапорщик,4,42
Павлов Максим Кириллович,прапорщик,2,56
Михайлов Олег Юрьевич,майор,4,46
Козлов Денис Алексеевич,полковник,7,60
Кузнецов Олег Павлович,майор,10,44
Семёнов Роман Михайлович,сержант,3,31
Макаров Александр Михайлович,сержант,3,28
Михайлов Иван Викторович,лейтенант,6,58
Николаев Павел Кириллович,сержант,6,44
Фёдоров Олег Иванович,полковник,9,22
Сидоров Роман Михайлович,полковник,4,22
Кочергин Юрий Александрович,полковник,8,53
Петров Алексей Юрьевич,полковник,3,51
Фёдоров Александр Алексеевич,прапорщик,3,29
Семёнов Андрей Олегович,лейтенант,12,24
Зайцев Константин Сергеевич,капитан,6,56
Петров Степан Романович,майор,6,55
Борисов Юрий Никитич,прапорщик,5,25
Смирнов Михаил Иванович,лейтенант,2,35
Новиков Андрей Андреевич,капитан,2,22
Кузнецов Никита Максимович,майор,3,41
Васильев Михаил Юрьевич,майор,3,33
Михайлов Егор Никитич,прапорщик,5,28
Семёнов Кирилл Александрович,сержант,1,46
Зайцев Артём Сергеевич,сержант,12,49
Орлов Михаил Ильич,полковник,7,31
Сидоров Александр Андреевич,капитан,9,59
Андреев Илья Павлович,сержант,10,30
Соколов Александр Юрьевич,рядовой,2,19
Захаров Дмитрий Романович,лейтенант,5,25
Смирнов Илья Юрьевич,прапорщик,11,60
Лебедев Илья Дмитриевич,рядовой,8,39
Николаев Максим Викторович,сержант,3,37
Борисов Юрий Алексеевич,прапорщик,10,45
Орлов Андрей Романович,рядовой,10,36
Николаев Михаил Никитич,майор,6,38
Попов Степан Юрьевич,лейтенант,11,41
Алексеев Максим Никитич,лейтенант,7,22
Николаев Евгений Олегович,лейтенант,1,50
Захаров Евгений Никитич,прапорщик,2,48
Семёнов Юрий Алексеевич,рядовой,12,43
Соловьёв Денис Викторович,лейтенант,6,19
Борисов Никита Максимович,майор,3,46
Яковлев Роман Андреевич,прапорщик,12,57
Петров Юрий Олегович,полковник,5,34
Яковлев Константин Андреевич,сержант,4,46
Егоров Илья Павлович,полковник,6,23
Фёдоров Евгений Иванович,капитан,1,35
Попов Степан Викторович,полковник,9,60
Смирнов Кирилл Максимович,прапорщик,12,50
Смирнов Алексей Дмитриевич,полковник,2,25
Михайлов Виктор Кириллович,лейтенант,7,54
Алексеев Сергей Максимович,майор,8,21
Никитин Михаил Максимович,полковник,6,22
Алексеев Степан Александрович,рядовой,1,54
Яковлев Евгений Олегович,майор,8,43
Кочергин Виктор Максимович,майор,5,42
Сидоров Евгений Олегович,полковник,5,38
Алексеев Михаил Алексеевич,лейтенант,12,29
Смирнов Олег Юрьевич,лейтенант,10,49
Соколов Евгений Сергеевич,рядовой,5,35
Новиков Андрей Андреевич,капитан,8,60
Борисов Роман Максимович,полковник,1,52
Орлов Илья Андреевич,сержант,6,52
Макаров Виктор Никитич,прапорщик,4,20
Козлов Матвей Романович,сержант,2,26
Николаев Максим Иванович,прапорщик,8,27
Павлов Виктор Сергеевич,сержант,2,34
Попов Юрий Максимович,рядовой,1,49
Петров Матвей Кириллович,сержант,2,20
Семёнов Кирилл Александрович,рядовой,3,59
Козлов Денис Андреевич,сержант,12,32
Андреев Артём Дмитриевич,лейтенант,3,20
Соколов Никита Юрьевич,полковник,6,51
Степанов Никита Дмитриевич,рядовой,12,21
Кузнецов Константин Павлович,лейтенант,4,30
Смирнов Юрий Кириллович,сержант,1,28
Зайцев Кирилл Михайлович,майор,9,42
Андреев Михаил Максимович,капитан,7,20
Яковлев Никита Сергеевич,сержант,3,60
Лебедев Андрей Олегович,рядовой,5,31
Егоров Егор Иванович,полковник,7,18
Павлов Дмитрий Романович,полковник,7,24
Павлов Павел Иванович,рядовой,5,57
Захаров Андрей Михайлович,сержант,3,27
Сидоров Алексей Михайлович,полковник,6,22
Борисов Юрий Александрович,сержант,12,27
Борисов Егор Андреевич,капитан,7,49
Захаров Матвей Ильич,полковник,9,57
Михайлов Андрей Максимович,лейтенант,10,47
Николаев Павел Кириллович,прапорщик,4,56
Соловьёв Алексей Андреевич,рядовой,1,30
Никитин Сергей Кириллович,сержант,3,50
Кочергин Виктор Викторович,лейтенант,9,38
Иванов Степан Кириллович,прапорщик,2,39
Алексеев Андрей Андреевич,капитан,1,20
Козлов Денис Максимович,лейтенант,5,44
Лебедев Егор Михайлович,майор,2,46
Макаров Кирилл Александрович,лейтенант,8,40
Кузнецов Иван Дмитриевич,рядовой,6,47
Васильев Никита Кириллович,прапорщик,9,46
Кузнецов Александр Дмитриевич,лейтенант,2,54
Новиков Никита Олегович,прапорщик,10,54
Петров Матвей Алексеевич,рядовой,12,37
Фёдоров Андрей Романович,рядовой,6,49
Петров Никита Алексеевич,полковник,3,41
Семёнов Михаил Алексеевич,рядовой,3,52
Козлов Михаил Михайлович,прапорщик,8,28
Сидоров Олег Алексеевич,рядовой,5,32
Иванов Константин Романович,прапорщик,1,27
Андреев Павел Сергеевич,рядовой,12,20
Борисов Константин Викторович,лейтенант,3,26
Лебедев Максим Юрьевич,рядовой,2,29
Орлов Павел Сергеевич,сержант,1,58
Васильев Андрей Олегович,полковник,5,45
Никитин Михаил Ильич,майор,5,38
Новиков Кирилл Кириллович,прапорщик,6,28
Орлов Михаил Иванович,капитан,4,28
Васильев Илья Кириллович,прапорщик,11,46
Яковлев Константин Юрьевич,капитан,12,26
Васильев Александр Олегович,сержант,4,29
Михайлов Павел Сергеевич,лейтенант,6,55
Николаев Егор Кириллович,сержант,2,28
Козлов Михаил Олегович,сержант,9,18
Кузнецов Александр Павлович,рядовой,11,42
Петров Никита Олегович,прапорщик,2,52
Морозов Павел Алексеевич,лейтенант,3,43
Смирнов Илья Никитич,сержант,11,54
Морозов Максим Александрович,полковник,10,44
Сидоров Олег Сергеевич,рядовой,2,54
Лебедев Денис Иванович,майор,3,43
Павлов Матвей Олегович,майор,4,33
Захаров Павел Алексеевич,сержант,8,58
Павлов Сергей Александрович,майор,10,26
Зайцев Степан Никитич,рядовой,3,20
Яковлев Михаил Андреевич,сержант,3,58
Алексеев Матвей Александрович,капитан,7,59
Кочергин Олег Дмитриевич,лейтенант,3,60
Яковлев Александр Андреевич,лейтенант,9,53
Макаров Юрий Павлович,лейтенант,2,33
Козлов Илья Андреевич,прапорщик,7,58
Михайлов Виктор Олегович,сержант,4,51
Андреев Александр Андреевич,прапорщик,5,55
Лебедев Илья Олегович,прапорщик,5,35
Лебедев Павел Ильич,прапорщик,11,44
Смирнов Виктор Алексеевич,рядовой,4,42
Борисов Юрий Романович,рядовой,8,33
Павлов Матвей Викторович,полковник,5,34
Егоров Алексей Алексеевич,майор,10,35
Петров Юрий Ильич,лейтенант,9,25
Павлов Артём Викторович,сержант,12,25
Попов Виктор Максимович,прапорщик,11,60
Соколов Роман Иванович,прапорщик,11,33
Зайцев Андрей Сергеевич,сержант,9,59
Кузнецов Иван Романович,майор,10,41
Степанов Андрей Михайлович,сержант,7,40
Иванов Степан Алексеевич,лейтенант,6,21
Кочергин Алексей Андреевич,сержант,11,30
Морозов Максим Александрович,майор,6,33
Новиков Сергей Павлович,капитан,5,47
Лебедев Илья Викторович,прапорщик,8,45
Иванов Максим Дмитриевич,лейтенант,8,40
Морозов Константин Никитич,майор,1,45
Орлов Михаил Андреевич,капитан,2,18
Смирнов Артём Дмитриевич,сержант,6,50
Лебедев Никита Алексеевич,полковник,12,27
Соколов Виктор Алексеевич,полковник,10,59
Николаев Егор Максимович,полковник,6,29
Петров Кирилл Никитич,капитан,2,52
Семёнов Александр Романович,полковник,10,31
Кузнецов Егор Викторович,капитан,5,51
Макаров Максим Юрьевич,майор,8,23
Фёдоров Матвей Романович,сержант,11,54
Андреев Евгений Александрович,полковник,8,24
Сидоров Артём Кириллович,прапорщик,9,18
Кочергин Денис Павлович,прапорщик,3,20
Морозов Илья Никитич,сержант,11,28
Степанов Александр Дмитриевич,рядовой,4,21
Попов Степан Юрьевич,капитан,7,30
Павлов Матвей Сергеевич,майор,5,60
Фёдоров Олег Дмитриевич,майор,2,47
Никитин Алексей Максимович,сержант,8,31
Никитин Константин Викторович,рядовой,6,39
Соколов Александр Сергеевич,лейтенант,8,21
Петров Максим Романович,рядовой,1,51
Зайцев Денис Михайлович,прапорщик,10,35
Степанов Константин Максимович,капитан,9,55
Сидоров Артём Сергеевич,лейтенант,6,51
Соколов Никита Андреевич,капитан,4,52
Иванов Илья Юрьевич,прапорщик,2,50
Макаров Андрей Михайлович,рядовой,8,18
Кузнецов Виктор Олегович,майор,8,31
Михайлов Никита Максимович,полковник,10,29
Яковлев Евгений Максимович,рядовой,3,49
Кочергин Дмитрий Михайлович,лейтенант,4,28
Никитин Михаил Александрович,сержант,7,35
Алексеев Дмитрий Максимович,полковник,2,52
Андреев Степан Олегович,капитан,4,31
Соколов Юрий Алексеевич,прапорщик,12,50
Петров Андрей Дмитриевич,полковник,9,57
Соловьёв Константин Павлович,майор,8,48
Борисов Константин Александрович,сержант,8,60
Михайлов Максим Олегович,полковник,9,33
Иванов Артём Павлович,лейтенант,6,26
Яковлев Сергей Александрович,рядовой,8,18
Захаров Алексей Иванович,прапорщик,9,32
Орлов Андрей Павлович,капитан,10,22
Новиков Денис Максимович,лейтенант,3,58
Павлов Евгений Романович,лейтенант,12,25
Кочергин Денис Юрьевич,сержант,9,26
Захаров Роман Олегович,лейтенант,7,36
Зайцев Юрий Юрьевич,полковник,9,41
Борисов Степан Кириллович,полковник,12,22
Петров Максим Андреевич,майор,5,42
Сидоров Максим Максимович,полковник,2,52
Семёнов Юрий Павлович,капитан,6,54
Соловьёв Александр Дмитриевич,полковник,10,35
Яковлев Александр Андреевич,капитан,8,57
Новиков Юрий Романович,майор,8,18
Степанов Дмитрий Никитич,майор,8,56
Захаров Михаил Павлович,рядовой,10,36
Степанов Олег Александрович,капитан,7,59
Макаров Никита Павлович,капитан,12,42
Соколов Александр Максимович,капитан,4,55
Семёнов Степан Павлович,майор,8,48
Иванов Егор Дмитриевич,капитан,12,38
Орлов Михаил Алексеевич,прапорщик,1,20
Никитин Иван Максимович,прапорщик,11,42
Кузнецов Андрей Ильич,майор,11,46
Соколов Максим Юрьевич,капитан,7,20
Соколов Михаил Никитич,прапорщик,7,46
Алексеев Алексей Сергеевич,сержант,10,31
Сидоров Степан Кириллович,полковник,2,55
Орлов Степан Кириллович,рядовой,2,22
Борисов Роман Сергеевич,сержант,4,49
Яковлев Никита Сергеевич,полковник,9,56
Лебедев Роман Андреевич,прапорщик,8,30
Кочергин Павел Михайлович,прапорщик,5,49
Фёдоров Евгений Кириллович,рядовой,11,35
Яковлев Алексей Романович,капитан,7,25
Семёнов Матвей Ильич,полковник,12,23
Михайлов Андрей Александрович,капитан,6,28
Павлов Павел Михайлович,сержант,2,55
Борисов Егор Сергеевич,полковник,5,58
Михайлов Кирилл Юрьевич,прапорщик,11,20
Степанов Алексей Викторович,лейтенант,3,40
Кузнецов Александр Михайлович,капитан,3,48
Степанов Константин Александрович,капитан,9,55
Смирнов Денис Викторович,майор,9,46
Смирнов Егор Олегович,лейтенант,11,37
Сидоров Денис Максимович,полковник,4,29
Кузнецов Илья Сергеевич,прапорщик,12,54
Зайцев Михаил Ильич,полковник,1,29
Захаров Константин Александрович,капитан,4,18
Борисов Андрей Михайлович,сержант,1,33
Морозов Иван Юрьевич,рядовой,8,40
Иванов Александр Павлович,лейтенант,3,60
Новиков Кирилл Павлович,лейтенант,9,47
Попов Матвей Иванович,сержант,7,50
Николаев Сергей Павлович,сержант,4,54
Егоров Иван Ильич,майор,4,31
Михайлов Дмитрий Сергеевич,рядовой,6,22
Андреев Андрей Юрьевич,рядовой,4,29
Захаров Денис Юрьевич,лейтенант,6,37
Борисов Егор Викторович,сержант,12,18
Петров Михаил Михайлович,рядовой,8,57
Степанов Константин Сергеевич,полковник,4,54
Кузнецов Иван Сергеевич,рядовой,7,31
Козлов Илья Павлович,сержант,11,28
Зайцев Денис Юрьевич,капитан,11,32
Морозов Матвей Викторович,майор,3,28
Соколов Михаил Александрович,майор,2,35
Петров Евгений Алексеевич,сержант,9,23
Николаев Матвей Юрьевич,майор,8,41
Павлов Михаил Михайлович,майор,3,52
Макаров Максим Андреевич,прапорщик,9,58
Орлов Степан Романович,лейтенант,8,35
Семёнов Денис Максимович,сержант,12,35
Борисов Артём Кириллович,рядовой,2,37
Соловьёв Андрей Никитич,полковник,4,23
Захаров Юрий Олегович,лейтенант,6,50
Никитин Михаил Алексеевич,майор,6,29
Алексеев Денис Павлович,майор,11,46
Степанов Иван Дмитриевич,капитан,5,23
Макаров Олег Никитич,сержант,9,33
Макаров Павел Михайлович,сержант,7,59
Морозов Степан Сергеевич,лейтенант,12,52
Борисов Дмитрий Павлович,майор,5,31
Кузнецов Степан Дмитриевич,прапорщик,2,29
Петров Сергей Кириллович,майор,11,39
Сидоров Никита Викторович,рядовой,12,23
Смирнов Виктор Ильич,полковник,2,58
Михайлов Константин Сергеевич,майор,11,45
Попов Дмитрий Кириллович,полковник,4,28
Соловьёв Никита Павлович,рядовой,10,29
Яковлев Илья Олегович,майор,10,25
Новиков Матвей Александрович,сержант,10,41
Семёнов Михаил Дмитриевич,прапорщик,12,42
Соколов Андрей Михайлович,лейтенант,3,23
Захаров Степан Никитич,рядовой,12,28
Степанов Андрей Алексеевич,капитан,3,58
Семёнов Роман Романович,прапорщик,8,48
Попов Иван Олегович,сержант,9,33
Кочергин Никита Андреевич,полковник,12,38
Павлов Олег Юрьевич,лейтенант,3,59
Павлов Артём Ильич,прапорщик,1,39
Кочергин Олег Сергеевич,майор,2,18
Семёнов Александр Викторович,капитан,4,35
Андреев Сергей Дмитриевич,лейтенант,3,30
Новиков Константин Дмитриевич,майор,9,44
Степанов Иван Максимович,прапорщик,2,59
Орлов Алексей Иванович,рядовой,4,58
Васильев Юрий Сергеевич,капитан,1,27
Смирнов Олег Андреевич,капитан,11,59
Семёнов Евгений Дмитриевич,капитан,3,52
Петров Кирилл Максимович,майор,5,35
Захаров Алексей Юрьевич,полковник,9,34
Козлов Александр Михайлович,прапорщик,1,58
Лебедев Иван Михайлович,майор,4,57
Васильев Кирилл Ильич,лейтенант,11,55
Орлов Андрей Михайлович,сержант,11,53
Иванов Роман Романович,капитан,10,24
Лебедев Матвей Алексеевич,лейтенант,1,23
Васильев Иван Андреевич,капитан,11,34
Лебедев Олег Никитич,лейтенант,1,54
Борисов Евгений Александрович,лейтенант,10,49
Морозов Олег Иванович,майор,1,24
Сидоров Максим Иванович,прапорщик,11,44
Иванов Илья Никитич,лейтенант,1,46
Лебедев Павел Максимович,майор,6,47
Борисов Александр Сергеевич,прапорщик,9,34
Соколов Денис Алексеевич,сержант,3,58
Егоров Иван Никитич,капитан,6,36
Соколов Константин Дмитриевич,сержант,1,37
Никитин Егор Михайлович,полковник,6,46
Михайлов Иван Александрович,прапорщик,5,56
Фёдоров Максим Андреевич,лейтенант,10,50
Степанов Юрий Дмитриевич,майор,12,60
Андреев Евгений Максимович,лейтенант,7,51
Кочергин Юрий Павлович,майор,7,34
Соловьёв Кирилл Михайлович,сержант,9,39
Степанов Сергей Иванович,майор,1,49
Сидоров Евгений Ильич,капитан,11,34
Николаев Степан Михайлович,майор,4,23
Егоров Сергей Викторович,лейтенант,10,59
Кузнецов Матвей Кириллович,майор,8,41
Зайцев Егор Максимович,сержант,1,18
Смирнов Никита Викторович,полковник,6,44
Соловьёв Михаил Павлович,майор,1,20
Егоров Сергей Олегович,майор,7,43
Егоров Матвей Иванович,прапорщик,5,54
Смирнов Матвей Кириллович,прапорщик,12,36
Макаров Константин Викторович,рядовой,7,35
Кузнецов Евгений Павлович,прапорщик,11,27
Орлов Артём Викторович,прапорщик,7,38
Фёдоров Евгений Андреевич,полковник,7,57
Смирнов Денис Павлович,сержант,9,32
Лебедев Андрей Викторович,сержант,3,47
Сидоров Егор Михайлович,майор,3,33
Семёнов Александр Александрович,сержант,3,59
Егоров Матвей Максимович,сержант,9,44
Степанов Максим Михайлович,лейтенант,8,27
Кочергин Константин Викторович,рядовой,12,47
Смирнов Александр Александрович,прапорщик,6,30
Орлов Олег Иванович,лейтенант,7,49
Захаров Михаил Михайлович,майор,12,27
Егоров Сергей Кириллович,капитан,1,60
Соловьёв Михаил Александрович,рядовой,10,46
Никитин Матвей Сергеевич,капитан,2,25
Алексеев Павел Сергеевич,майор,8,32
Зайцев Иван Никитич,капитан,12,29
Орлов Кирилл Олегович,майор,1,22
Алексеев Кирилл Иванович,лейтенант,11,19
Семёнов Михаил Кириллович,лейтенант,11,22
Андреев Олег Романович,лейтенант,5,53
Никитин Олег Александрович,майор,8,56
Макаров Михаил Юрьевич,прапорщик,10,26
Сидоров Денис Юрьевич,капитан,7,51
Кузнецов Александр Иванович,сержант,8,55
Семёнов Роман Михайлович,капитан,6,55
Михайлов Александр Олегович,прапорщик,10,32
Зайцев Денис Иванович,полковник,3,48
Смирнов Степан Олегович,прапорщик,1,20
Андреев Виктор Никитич,лейтенант,9,57
Лебедев Сергей Иванович,рядовой,2,46
Новиков Виктор Кириллович,лейтенант,3,60
Кочергин Михаил Михайлович,полковник,3,39
Сидоров Виктор Александрович,сержант,4,33
Кузнецов Артём Александрович,лейтенант,2,28
Михайлов Андрей Дмитриевич,лейтенант,10,34
Орлов Роман Алексеевич,прапорщик,6,58
Новиков Егор Павлович,прапорщик,4,60
Андреев Илья Кириллович,майор,6,18
Борисов Илья Ильич,лейтенант,11,33
Соколов Никита Максимович,прапорщик,11,34
Борисов Илья Александрович,капитан,9,24
Соловьёв Кирилл Кириллович,лейтенант,8,27
Борисов Александр Кириллович,капитан,11,34
Степанов Сергей Олегович,полковник,5,37
Смирнов Константин Олегович,лейтенант,9,42
Козлов Роман Викторович,прапорщик,10,32
Петров Константин Сергеевич,полковник,10,29
Новиков Константин Дмитриевич,сержант,5,34
Макаров Никита Кириллович,прапорщик,12,42
Яковлев Александр Дмитриевич,рядовой,10,20
Фёдоров Кирилл Ильич,сержант,4,18
Алексеев Роман Олегович,рядовой,9,53
Орлов Александр Юрьевич,майор,12,37
Захаров Максим Олегович,полковник,1,60
Макаров Максим Юрьевич,полковник,7,42
Семёнов Илья Никитич,лейтенант,8,44
Михайлов Илья Андреевич,майор,10,28
Соловьёв Степан Викторович,капитан,1,32
Яковлев Евгений Андреевич,лейтенант,4,57
Соловьёв Денис Викторович,сержант,9,57
Лебедев Юрий Никитич,полковник,7,52
Никитин Юрий Никитич,майор,1,18
Соловьёв Виктор Иванович,прапорщик,5,46
Зайцев Денис Кириллович,полковник,12,30
Степанов Артём Юрьевич,сержант,11,19
Фёдоров Егор Романович,сержант,11,47
Егоров Дмитрий Александрович,сержант,12,43
Михайлов Артём Кириллович,полковник,8,29
Борисов Олег Никитич,рядовой,6,58
Попов Степан Олегович,капитан,12,39
Яковлев Сергей Викторович,майор,1,22
Егоров Кирилл Андреевич,майор,3,47
Орлов Павел Павлович,капитан,12,24
Кузнецов Сергей Иванович,лейтенант,5,50
Степанов Алексей Дмитриевич,рядовой,1,50
Соколов Никита Олегович,лейтенант,5,59
Морозов Дмитрий Алексеевич,сержант,3,32
Сидоров Павел Александрович,майор,9,46
Попов Иван Сергеевич,майор,9,23
Семёнов Сергей Викторович,капитан,2,19
Семёнов Михаил Викторович,прапорщик,7,58
Соколов Кирилл Сергеевич,сержант,6,38
Яковлев Денис Олегович,прапорщик,6,26
Степанов Андрей Михайлович,сержант,10,21
Яковлев Кирилл Михайлович,рядовой,11,44
Степанов Денис Юрьевич,прапорщик,5,39
Кузнецов Виктор Сергеевич,рядовой,8,26
Петров Роман Михайлович,капитан,4,53
Андреев Иван Дмитриевич,прапорщик,12,32
Соколов Степан Олегович,сержант,9,44
Семёнов Виктор Алексеевич,полковник,5,26
Семёнов Матвей Михайлович,майор,1,41
Макаров Алексей Никитич,прапорщик,10,24
Новиков Иван Юрьевич,лейтенант,1,50
Соловьёв Евгений Андреевич,майор,11,56
Соловьёв Сергей Кириллович,капитан,6,45
Лебедев Егор Максимович,рядовой,7,19
Егоров Сергей Михайлович,майор,4,26
Макаров Артём Александрович,сержант,7,23
Сидоров Кирилл Романович,прапорщик,6,21
Козлов Денис Ильич,лейтенант,5,57
Степанов Степан Никитич,сержант,4,48
Васильев Константин Викторович,сержант,3,44
Михайлов Виктор Романович,лейтенант,4,38
Борисов Артём Ильич,прапорщик,1,52
Сидоров Павел Юрьевич,полковник,7,41
Кочергин Павел Павлович,капитан,5,41
Смирнов Егор Романович,сержант,6,54
Борисов Артём Юрьевич,полковник,5,59
Борисов Иван Дмитриевич,полковник,3,35
Борисов Олег Максимович,сержант,12,56
Егоров Юрий Андреевич,капитан,5,56
Соколов Олег Олегович,прапорщик,2,49
Козлов Павел Романович,полковник,8,37
Зайцев Никита Андреевич,лейтенант,6,27
Степанов Юрий Дмитриевич,полковник,7,58
Новиков Константин Александрович,майор,4,28
Алексеев Максим Романович,прапорщик,1,20
Зайцев Евгений Дмитриевич,рядовой,6,54
Соколов Степан Романович,полковник,12,30
Фёдоров Юрий Павлович,капитан,7,31
Иванов Кирилл Павлович,лейтенант,7,53
Николаев Евгений Викторович,рядовой,6,26
Захаров Сергей Александрович,сержант,12,40
Андреев Юрий Ильич,сержант,8,34
Никитин Кирилл Алексеевич,рядовой,4,24
Андреев Константин Максимович,капитан,2,38
Алексеев Илья Олегович,капитан,8,45
Попов Михаил Дмитриевич,сержант,11,35
Михайлов Михаил Ильич,майор,10,45
Морозов Кирилл Михайлович,сержант,7,49
Смирнов Михаил Никитич,прапорщик,12,54
Соколов Михаил Алексеевич,полковник,2,51
Лебедев Юрий Алексеевич,полковник,4,50
Захаров Илья Олегович,полковник,6,21
Лебедев Евгений Сергеевич,майор,9,57
Кочергин Константин Дмитриевич,сержант,5,44
Борисов Степан Никитич,майор,11,22
Макаров Роман Викторович,капитан,1,49
Егоров Виктор Кириллович,сержант,7,37
Фёдоров Сергей Андреевич,лейтенант,8,46
Сидоров Михаил Никитич,майор,1,25
Зайцев Юрий Павлович,капитан,12,41
Иванов Никита Максимович,сержант,4,33
Яковлев Денис Никитич,прапорщик,5,27
Алексеев Артём Максимович,капитан,3,28
Фёдоров Максим Андреевич,майор,10,41
Новиков Павел Дмитриевич,прапорщик,11,41
Морозов Матвей Юрьевич,лейтенант,3,46
Михайлов Илья Кириллович,майор,8,49
Зайцев Павел Алексеевич,сержант,7,51
Степанов Кирилл Сергеевич,полковник,9,28
Фёдоров Александр Андреевич,прапорщик,1,50
Никитин Константин Романович,сержант,3,41
Семёнов Андрей Сергеевич,капитан,7,39
Фёдоров Павел Михайлович,лейтенант,9,55
Петров Кирилл Юрьевич,сержант,8,34
Алексеев Денис Михайлович,прапорщик,4,33
Михайлов Евгений Андреевич,майор,11,59
Иванов Константин Олегович,прапорщик,2,32
Смирнов Александр Иванович,рядовой,9,20
Михайлов Илья Кириллович,майор,3,28
Фёдоров Артём Алексеевич,лейтенант,2,19
Петров Олег Иванович,лейтенант,6,26
Фёдоров Виктор Ильич,сержант,1,34
Макаров Александр Александрович,сержант,11,53
Сидоров Егор Романович,лейтенант,11,21
Соколов Артём Андреевич,лейтенант,8,32
Иванов Роман Иванович,лейтенант,2,55
Андреев Евгений Сергеевич,сержант,6,18
Петров Олег Алексеевич,лейтенант,11,40
Попов Андрей Никитич,полковник,9,26
Борисов Михаил Викторович,майор,1,27
Егоров Кирилл Максимович,полковник,3,59
Козлов Константин Викторович,прапорщик,12,55
Орлов Олег Павлович,рядовой,12,57
Орлов Денис Павлович,лейтенант,7,59
Никитин Виктор Ильич,рядовой,10,56
Захаров Алексей Никитич,рядовой,6,20
Морозов Максим Олегович,капитан,3,37
Павлов Павел Дмитриевич,прапорщик,5,36
Макаров Михаил Ильич,рядовой,8,60
Новиков Кирилл Александрович,прапорщик,9,47
Соколов Олег Михайлович,прапорщик,7,37
Васильев Юрий Юрьевич,рядовой,1,55
Попов Юрий Никитич,прапорщик,7,32
Егоров Степан Юрьевич,полковник,3,26
Морозов Константин Никитич,сержант,1,31
Кузнецов Александр Никитич,рядовой,1,38
Кочергин Денис Павлович,капитан,11,47
Егоров Роман Иванович,капитан,12,31
Макаров Олег Иванович,полковник,8,43
Козлов Кирилл Юрьевич,рядовой,6,26
Васильев Денис Дмитриевич,майор,6,43
Сидоров Никита Сергеевич,сержант,8,33
Зайцев Андрей Дмитриевич,майор,9,49
Борисов Сергей Кириллович,прапорщик,5,30
Смирнов Виктор Сергеевич,сержант,10,56
Степанов Сергей Александрович,капитан,1,19
Новиков Виктор Кириллович,прапорщик,5,24
Петров Юрий Максимович,майор,6,34
Сидоров Никита Кириллович,рядовой,1,23
Яковлев Олег Михайлович,сержант,12,47
Степанов Андрей Романович,рядовой,6,60
Никитин Роман Андреевич,лейтенант,7,47
Павлов Михаил Сергеевич,сержант,10,30
Козлов Константин Юрьевич,прапорщик,5,27
Васильев Артём Викторович,полковник,4,54
Сидоров Евгений Сергеевич,майор,12,59
Борисов Степан Павлович,сержант,5,44
Степанов Юрий Александрович,полковник,6,23
Сидоров Артём Иванович,сержант,9,57
Попов Михаил Олегович,прапорщик,12,52
Козлов Кирилл Романович,прапорщик,5,37
Зайцев Степан Михайлович,сержант,10,34
Зайцев Виктор Викторович,лейтенант,11,32
Кочергин Андрей Алексеевич,полковник,2,30
Иванов Александр Александрович,полковник,2,30
Лебедев Алексей Юрьевич,рядовой,1,34
Семёнов Сергей Максимович,капитан,9,49
Васильев Евгений Викторович,сержант,7,26
Иванов Олег Сергеевич,полковник,7,48
Морозов Роман Павлович,лейтенант,11,39
Николаев Роман Михайлович,лейтенант,11,18
Петров Виктор Алексеевич,сержант,4,52
Андреев Максим Сергеевич,сержант,5,45
Борисов Роман Юрьевич,рядовой,10,27
Макаров Кирилл Юрьевич,полковник,9,18
Попов Артём Кириллович,сержант,3,32
Макаров Иван Олегович,капитан,6,53
Семёнов Кирилл Александрович,майор,7,36
Степанов Константин Сергеевич,прапорщик,5,30
Иванов Иван Ильич,прапорщик,6,39
Морозов Олег Юрьевич,лейтенант,9,59
Орлов Матвей Павлович,капитан,5,26
Алексеев Иван Юрьевич,лейтенант,5,54
Андреев Сергей Ильич,сержант,1,34
Васильев Евгений Иванович,полковник,8,51
Козлов Кирилл Александрович,лейтенант,11,35
Сидоров Степан Дмитриевич,майор,1,25
Михайлов Андрей Алексеевич,майор,6,31
Соловьёв Денис Сергеевич,рядовой,12,20
Семёнов Сергей Михайлович,полковник,10,25
Никитин Роман Кириллович,рядовой,8,57
Козлов Роман Кириллович,полковник,9,56
Алексеев Александр Юрьевич,майор,6,57
Макаров Сергей Олегович,прапорщик,5,42
Павлов Никита Романович,рядовой,7,42
Захаров Степан Кириллович,полковник,11,58
Попов Андрей Никитич,прапорщик,1,32
Сидоров Матвей Романович,сержант,4,46
Борисов Виктор Иванович,прапорщик,5,33
Иванов Матвей Михайлович,сержант,2,22
Кузнецов Денис Алексеевич,капитан,7,25
Васильев Дмитрий Павлович,майор,11,38
Зайцев Михаил Сергеевич,прапорщик,11,20
Петров Максим Романович,прапорщик,7,36
Алексеев Павел Кириллович,сержант,5,31
Михайлов Степан Ильич,рядовой,3,58
Сидоров Олег Никитич,сержант,1,42
Яковлев Никита Романович,майор,11,45
Яковлев Кирилл Павлович,рядовой,11,27
Зайцев Роман Юрьевич,рядовой,9,35
Макаров Дмитрий Никитич,сержант,4,25
Кочергин Егор Андреевич,майор,2,18
Иванов Константин Кириллович,майор,9,44
Николаев Егор Юрьевич,капитан,2,26
Семёнов Максим Юрьевич,лейтенант,9,56
Морозов Илья Андреевич,рядовой,4,30
Степанов Максим Кириллович,сержант,9,22
Иванов Степан Павлович,полковник,4,25
Лебедев Виктор Романович,сержант,12,39
Алексеев Михаил Дмитриевич,сержант,10,43
Сидоров Юрий Ильич,капитан,9,59
Соловьёв Роман Сергеевич,лейтенант,10,31
Сидоров Александр Викторович,полковник,10,30
Захаров Илья Александрович,прапорщик,9,35
Семёнов Дмитрий Сергеевич,капитан,9,24
Морозов Максим Кириллович,прапорщик,4,58
Соколов Сергей Михайлович,полковник,5,24
Кузнецов Олег Дмитриевич,лейтенант,7,57
Сидоров Павел Максимович,рядовой,2,25
Новиков Сергей Никитич,прапорщик,9,26
Лебедев Виктор Сергеевич,капитан,4,24
Козлов Александр Иванович,лейтенант,12,19
Соловьёв Степан Михайлович,лейтенант,11,53
Захаров Виктор Алексеевич,капитан,11,38
Зайцев Сергей Олегович,лейтенант,2,60
Захаров Михаил Алексеевич,прапорщик,6,41
Орлов Виктор Никитич,рядовой,10,30
Иванов Сергей Андреевич,полковник,1,46
Михайлов Юрий Максимович,рядовой,7,47
Соловьёв Илья Романович,полковник,9,29
Васильев Егор Никитич,сержант,12,29
Степанов Роман Олегович,майор,8,25
Никитин Илья Юрьевич,сержант,12,56
Новиков Степан Михайлович,рядовой,1,58
Яковлев Егор Иванович,рядовой,9,25
Орлов Кирилл Юрьевич,лейтенант,10,38
Николаев Алексей Михайлович,майор,6,42
Морозов Андрей Андреевич,майор,3,47
Павлов Михаил Ильич,рядовой,8,29
Андреев Алексей Максимович,рядовой,11,55
Попов Максим Ильич,полковник,4,28
Кочергин Евгений Олегович,полковник,10,27
Фёдоров Виктор Романович,капитан,3,51
Смирнов Денис Дмитриевич,капитан,8,22
Павлов Егор Кириллович,лейтенант,5,49
Павлов Артём Ильич,капитан,5,48
Борисов Иван Викторович,сержант,6,58
Новиков Иван Иванович,капитан,10,26
Егоров Никита Ильич,прапорщик,2,48
Соколов Андрей Дмитриевич,капитан,3,28
Соловьёв Иван Максимович,сержант,4,42
Павлов Артём Олегович,прапорщик,12,48
Михайлов Виктор Александрович,сержант,4,23
Борисов Андрей Юрьевич,сержант,2,39
Иванов Константин Андреевич,сержант,7,38
Андреев Кирилл Александрович,сержант,5,23
Соколов Матвей Ильич,майор,1,59
Смирнов Александр Дмитриевич,лейтенант,5,55
Иванов Сергей Иванович,прапорщик,3,42
Кузнецов Павел Андреевич,капитан,11,29
Николаев Константин Никитич,рядовой,12,35
Борисов Никита Максимович,капитан,6,51
Попов Кирилл Олегович,полковник,6,18
Алексеев Олег Павлович,капитан,5,19
Егоров Михаил Павлович,майор,3,60
Сидоров Павел Максимович,полковник,1,57
Павлов Максим Андреевич,прапорщик,8,35
Борисов Роман Кириллович,прапорщик,12,46
Макаров Дмитрий Ильич,капитан,2,29
Яковлев Юрий Алексеевич,капитан,1,27
Кузнецов Олег Викторович,полковник,11,44
Борисов Роман Сергеевич,майор,2,54
Иванов Степан Ильич,майор,4,40
Андреев Михаил Андреевич,прапорщик,6,42
Семёнов Иван Иванович,сержант,8,20
Соловьёв Иван Александрович,рядовой,4,21
Соколов Михаил Олегович,майор,9,18
Смирнов Денис Викторович,рядовой,6,42
Кочергин Матвей Иванович,лейтенант,4,23
Алексеев Денис Андреевич,полковник,12,34
Морозов Виктор Олегович,полковник,6,30
Захаров Константин Павлович,сержант,4,58
Яковлев Иван Ильич,рядовой,5,58
Попов Артём Викторович,майор,4,57
Смирнов Константин Алексеевич,лейтенант,4,49
Николаев Андрей Ильич,полковник,3,29
Захаров Кирилл Юрьевич,рядовой,8,19
Соколов Андрей Михайлович,полковник,4,26
Николаев Михаил Олегович,сержант,3,52
Морозов Андрей Кириллович,майор,3,46
Фёдоров Егор Викторович,лейтенант,11,21
Смирнов Егор Олегович,рядовой,11,42
Захаров Максим Михайлович,майор,7,23
Никитин Андрей Андреевич,капитан,11,26
Попов Сергей Иванович,сержант,4,32
Яковлев Кирилл Викторович,прапорщик,4,48
Захаров Максим Алексеевич,капитан,4,19
Васильев Илья Павлович,сержант,10,26
Захаров Евгений Кириллович,сержант,11,26
Соколов Сергей Романович,капитан,11,37
Борисов Юрий Дмитриевич,лейтенант,8,24
Зайцев Степан Ильич,прапорщик,7,59
Соловьёв Павел Михайлович,прапорщик,2,25
Фёдоров Кирилл Олегович,сержант,2,19
Соловьёв Виктор Алексеевич,майор,12,38
Зайцев Максим Кириллович,капитан,5,35
Андреев Юрий Викторович,рядовой,10,44
Макаров Максим Сергеевич,рядовой,8,42
Попов Олег Сергеевич,прапорщик,5,33
Новиков Степан Викторович,майор,8,57
Алексеев Михаил Юрьевич,капитан,9,19
Козлов Михаил Андреевич,майор,4,30
Алексеев Александр Ильич,капитан,12,34
Петров Михаил Викторович,лейтенант,6,33
Лебедев Андрей Андреевич,сержант,2,48
Смирнов Константин Романович,лейтенант,6,27
Яковлев Егор Сергеевич,прапорщик,2,50
Борисов Павел Викторович,сержант,12,37
Семёнов Егор Алексеевич,майор,5,29
Попов Андрей Романович,прапорщик,10,27
Морозов Константин Иванович,майор,6,52
Егоров Михаил Кириллович,лейтенант,1,39
Козлов Денис Иванович,капитан,11,35
Орлов Иван Алексеевич,рядовой,11,19
Фёдоров Александр Андреевич,прапорщик,7,54
Степанов Никита Ильич,полковник,4,18
Андреев Виктор Ильич,лейтенант,1,19
Яковлев Олег Дмитриевич,майор,9,35
Попов Дмитрий Дмитриевич,сержант,10,31
Павлов Степан Максимович,капитан,2,30
Иванов Олег Александрович,полковник,6,40
Михайлов Михаил Иванович,майор,5,42
Никитин Егор Олегович,капитан,6,56
Орлов Алексей Андреевич,рядовой,10,47
Павлов Денис Кириллович,полковник,10,32
Захаров Никита Максимович,прапорщик,8,21
Семёнов Артём Сергеевич,прапорщик,6,48
Захаров Иван Александрович,майор,5,36
Козлов Иван Павлович,рядовой,3,31
Васильев Константин Максимович,майор,10,19
Иванов Кирилл Иванович,рядовой,5,18
Михайлов Илья Александрович,полковник,1,43
Петров Евгений Андреевич,сержант,3,29
Захаров Павел Александрович,майор,6,32
Зайцев Олег Алексеевич,сержант,11,49
Попов Артём Михайлович,майор,1,30
Кочергин Сергей Алексеевич,капитан,3,49
Кузнецов Виктор Ильич,полковник,5,28
Новиков Роман Максимович,прапорщик,12,21
Николаев Алексей Иванович,прапорщик,12,34
Попов Роман Михайлович,лейтенант,4,28
Алексеев Александр Олегович,прапорщик,8,22
Орлов Степан Дмитриевич,прапорщик,10,45
Сидоров Евгений Кириллович,сержант,6,48
Павлов Роман Иванович,прапорщик,2,31
Павлов Денис Романович,майор,10,24
Лебедев Юрий Алексеевич,сержант,3,42
Орлов Константин Кириллович,сержант,10,35
Морозов Денис Иванович,капитан,6,59
Андреев Максим Дмитриевич,сержант,2,42
Борисов Матвей Иванович,прапорщик,7,19
Николаев Иван Александрович,рядовой,5,44
Новиков Матвей Андреевич,капитан,8,37
Андреев Виктор Кириллович,прапорщик,12,58
Семёнов Алексей Александрович,рядовой,1,45
Орлов Александр Павлович,сержант,9,25
Кочергин Денис Романович,полковник,8,18
Егоров Максим Александрович,сержант,1,42
Михайлов Никита Максимович,рядовой,9,32
Андреев Илья Юрьевич,полковник,1,50
Смирнов Степан Викторович,майор,12,39
Кузнецов Никита Юрьевич,прапорщик,2,18
Кочергин Евгений Александрович,сержант,11,52
Новиков Максим Павлович,майор,4,54
Макаров Андрей Алексеевич,лейтенант,5,45
Захаров Артём Никитич,полковник,3,49
Андреев Александр Викторович,рядовой,6,33
Захаров Андрей Олегович,полковник,8,45
Козлов Константин Никитич,прапорщик,3,18
Егоров Павел Иванович,майор,5,44
Алексеев Илья Олегович,прапорщик,8,60
Семёнов Матвей Михайлович,прапорщик,7,18
Морозов Илья Андреевич,полковник,2,53
Семёнов Александр Ильич,прапорщик,6,47
Семёнов Максим Александрович,сержант,2,51
Лебедев Юрий Максимович,полковник,11,19
Смирнов Константин Максимович,капитан,9,32
Зайцев Кирилл Сергеевич,сержант,7,45
Фёдоров Андрей Сергеевич,лейтенант,9,48
Алексеев Артём Павлович,сержант,4,55
Николаев Олег Алексеевич,прапорщик,4,26
Петров Степан Максимович,рядовой,11,19
Новиков Сергей Алексеевич,рядовой,1,54
Захаров Александр Романович,майор,6,35
Кочергин Илья Олегович,прапорщик,7,40
Петров Алексей Алексеевич,рядовой,10,50
Макаров Михаил Ильич,полковник,6,37
Васильев Максим Романович,сержант,7,21
Павлов Константин Иванович,капитан,4,53
Макаров Александр Максимович,рядовой,5,27
Павлов Илья Олегович,полковник,10,56
Васильев Олег Иванович,лейтенант,6,47
Новиков Максим Олегович,полковник,5,56
Фёдоров Илья Олегович,лейтенант,3,32
Морозов Максим Никитич,прапорщик,5,44
Павлов Дмитрий Иванович,лейтенант,7,43
Захаров Юрий Павлович,сержант,5,22
Николаев Дмитрий Викторович,прапорщик,7,30
Сидоров Иван Дмитриевич,капитан,7,33
Новиков Артём Максимович,капитан,4,45
Сидоров Сергей Ильич,лейтенант,6,19
Михайлов Юрий Юрьевич,лейтенант,8,57
Козлов Матвей Романович,прапорщик,11,52
Зайцев Олег Сергеевич,лейтенант,10,51
Семёнов Михаил Кириллович,полковник,4,43
Борисов Артём Дмитриевич,майор,4,39
Попов Матвей Дмитриевич,рядовой,1,22
Лебедев Денис Александрович,рядовой,4,22
Фёдоров Андрей Романович,полковник,3,35
Лебедев Михаил Никитич,капитан,5,28
Степанов Матвей Ильич,прапорщик,11,37
Яковлев Егор Михайлович,рядовой,11,51
Кузнецов Никита Кириллович,сержант,12,41
Новиков Иван Дмитриевич,рядовой,10,26
Никитин Виктор Михайлович,капитан,11,31
Андреев Дмитрий Юрьевич,сержант,12,20
Лебедев Никита Кириллович,лейтенант,6,57
Орлов Сергей Дмитриевич,сержант,3,57
Павлов Дмитрий Романович,полковник,11,60
Михайлов Роман Юрьевич,лейтенант,3,29
Андреев Юрий Александрович,лейтенант,1,60
Попов Кирилл Максимович,лейтенант,11,46
Алексеев Кирилл Иванович,сержант,5,45
Кузнецов Олег Максимович,лейтенант,9,23
Козлов Иван Алексеевич,лейтенант,10,29
Морозов Илья Ильич,лейтенант,5,20
Кузнецов Егор Кириллович,полковник,6,31
Козлов Олег Ильич,майор,11,52
Борисов Никита Никитич,капитан,7,29
Борисов Александр Александрович,прапорщик,9,32
Кузнецов Иван Александрович,прапорщик,5,36
Алексеев Олег Романович,прапорщик,6,38
Попов Егор Ильич,рядовой,3,53
Зайцев Алексей Иванович,капитан,10,34
Морозов Андрей Ильич,капитан,6,55
Павлов Кирилл Павлович,майор,11,25
Кузнецов Павел Романович,полковник,5,33
Фёдоров Евгений Александрович,рядовой,12,49
Соколов Алексей Олегович,прапорщик,12,18
Михайлов Кирилл Андреевич,лейтенант,11,60
Фёдоров Максим Никитич,сержант,4,52
Соловьёв Никита Иванович,капитан,12,42
Захаров Степан Олегович,капитан,6,37
Андреев Олег Александрович,капитан,10,35
Козлов Артём Павлович,майор,7,33
Соколов Юрий Михайлович,капитан,3,36
Сидоров Артём Никитич,капитан,7,51
Борисов Олег Романович,сержант,8,54
Семёнов Егор Сергеевич,сержант,4,56
Смирнов Константин Алексеевич,лейтенант,7,20
Новиков Евгений Викторович,рядовой,6,40
Яковлев Юрий Ильич,полковник,4,20
Лебедев Дмитрий Сергеевич,рядовой,6,49
Новиков Денис Романович,прапорщик,4,21
Борисов Константин Максимович,капитан,2,19
Яковлев Артём Кириллович,прапорщик,12,21
Соколов Денис Александрович,полковник,8,39
Степанов Виктор Ильич,лейтенант,1,51
Иванов Егор Никитич,прапорщик,7,49
Сидоров Павел Ильич,капитан,9,22
Семёнов Виктор Викторович,рядовой,11,21
Алексеев Степан Юрьевич,лейтенант,8,50
Захаров Степан Максимович,полковник,3,36
Степанов Павел Дмитриевич,майор,4,43
Николаев Александр Павлович,лейтенант,11,53
Кузнецов Константин Ильич,полковник,3,41
Павлов Егор Юрьевич,полковник,4,44
Васильев Константин Михайлович,полковник,1,57
Алексеев Артём Ильич,лейтенант,3,23
Кочергин Александр Максимович,сержант,12,37
Кочергин Михаил Андреевич,прапорщик,12,48
Сидоров Иван Кириллович,сержант,6,40
Козлов Александр Алексеевич,полковник,12,45
Макаров Степан Дмитриевич,рядовой,1,43
Зайцев Кирилл Романович,капитан,1,42
Макаров Денис Павлович,сержант,11,27
Степанов Юрий Алексеевич,лейтенант,2,32
Смирнов Егор Олегович,капитан,3,20
Соколов Павел Олегович,рядовой,8,46
Соловьёв Евгений Иванович,сержант,11,47
Васильев Кирилл Александрович,сержант,9,56
Смирнов Алексей Романович,майор,3,46
Орлов Юрий Романович,лейтенант,7,25
Сидоров Алексей Олегович,прапорщик,7,34
Васильев Матвей Сергеевич,капитан,5,41
Попов Юрий Кириллович,капитан,7,59
Петров Степан Ильич,лейтенант,8,46
Семёнов Олег Иванович,лейтенант,10,40
Борисов Михаил Максимович,лейтенант,4,25
Морозов Роман Юрьевич,полковник,5,46
Кочергин Андрей Иванович,рядовой,9,43
Алексеев Юрий Андреевич,капитан,12,35
Кочергин Кирилл Максимович,капитан,9,30
Егоров Константин Михайлович,сержант,9,45
Егоров Константин Максимович,сержант,7,31
Яковлев Андрей Сергеевич,полковник,5,40
Новиков Дмитрий Олегович,рядовой,7,35
Орлов Степан Павлович,прапорщик,8,41
Захаров Кирилл Михайлович,рядовой,3,54
Козлов Никита Дмитриевич,майор,6,34
Алексеев Никита Олегович,лейтенант,5,46
Семёнов Илья Кириллович,рядовой,8,60
Зайцев Павел Михайлович,майор,7,41
Морозов Кирилл Кириллович,сержант,8,24
Михайлов Михаил Сергеевич,майор,6,33
Лебедев Кирилл Викторович,лейтенант,1,39
Орлов Егор Ильич,полковник,9,44
Андреев Никита Никитич,капитан,1,35
Никитин Павел Дмитриевич,прапорщик,7,36
Николаев Александр Никитич,майор,8,47
Борисов Михаил Романович,полковник,5,50
Соколов Андрей Михайлович,прапорщик,1,19
Яковлев Константин Кириллович,прапорщик,2,53
Кузнецов Михаил Павлович,майор,12,38
Сидоров Андрей Олегович,рядовой,12,45
Лебедев Дмитрий Викторович,сержант,6,40
Сидоров Степан Ильич,сержант,11,34
Васильев Дмитрий Михайлович,майор,11,37
Козлов Михаил Ильич,полковник,9,22
Никитин Сергей Никитич,прапорщик,6,52
Алексеев Михаил Дмитриевич,рядовой,6,36
Попов Михаил Александрович,майор,10,58
Васильев Евгений Кириллович,рядовой,8,24
Морозов Егор Михайлович,сержант,12,51
Андреев Дмитрий Олегович,лейтенант,8,24
Павлов Илья Иванович,сержант,2,31
Михайлов Павел Иванович,сержант,8,58
Орлов Андрей Никитич,прапорщик,5,31
Зайцев Никита Викторович,полковник,7,53
Кузнецов Константин Дмитриевич,лейтенант,3,46
Кузнецов Егор Михайлович,сержант,10,52
Лебедев Андрей Олегович,рядовой,10,45
Захаров Юрий Александрович,сержант,5,56
Сидоров Илья Андреевич,рядовой,2,58
Семёнов Егор Олегович,сержант,4,50
Андреев Роман Иванович,майор,8,56
Васильев Кирилл Романович,рядовой,10,60
Алексеев Максим Кириллович,сержант,2,33
Фёдоров Дмитрий Алексеевич,полковник,9,33
Лебедев Артём Павлович,сержант,5,46
Сидоров Роман Кириллович,капитан,12,60
Соколов Андрей Иванович,лейтенант,8,51
Морозов Евгений Павлович,майор,3,40
Кузнецов Илья Михайлович,рядовой,7,31
Кочергин Максим Сергеевич,прапорщик,1,27
Кочергин Артём Викторович,полковник,2,26
Лебедев Максим Юрьевич,полковник,7,43
Кочергин Денис Дмитриевич,полковник,2,59
Егоров Матвей Александрович,майор,11,57
Лебедев Максим Иванович,майор,5,46
Козлов Егор Дмитриевич,полковник,4,37
Соколов Роман Александрович,майор,11,37
Сидоров Юрий Андреевич,полковник,4,58
Николаев Роман Олегович,капитан,6,27
Захаров Роман Александрович,рядовой,9,48
Кочергин Алексей Олегович,прапорщик,4,56
Смирнов Егор Юрьевич,майор,8,50
Макаров Денис Никитич,полковник,9,19
Петров Никита Дмитриевич,лейтенант,4,44
Попов Алексей Иванович,прапорщик,8,58
Павлов Кирилл Ильич,сержант,6,21
Егоров Егор Максимович,рядовой,1,29
Фёдоров Никита Романович,лейтенант,6,25
Захаров Алексей Михайлович,прапорщик,2,56
Соколов Евгений Александрович,сержант,8,60
Николаев Роман Дмитриевич,полковник,5,34
Кузнецов Сергей Дмитриевич,прапорщик,1,49
Петров Максим Олегович,сержант,11,39
Николаев Андрей Ильич,капитан,7,43
Кочергин Виктор Алексеевич,прапорщик,3,44
Михайлов Артём Павлович,капитан,6,52
Николаев Александр Иванович,лейтенант,7,32
Егоров Виктор Ильич,сержант,2,21
Алексеев Егор Михайлович,лейтенант,2,53
Яковлев Илья Ильич,рядовой,5,21
Фёдоров Евгений Андреевич,прапорщик,10,34
Захаров Артём Максимович,капитан,1,34
Никитин Михаил Викторович,майор,1,58
Павлов Евгений Максимович,сержант,11,55
Сидоров Артём Михайлович,рядовой,1,50
Егоров Евгений Андреевич,сержант,4,46
Морозов Алексей Алексеевич,майор,11,51
Николаев Иван Александрович,рядовой,10,40
Семёнов Никита Ильич,сержант,10,56
Андреев Алексей Кириллович,прапорщик,9,31
Васильев Виктор Андреевич,прапорщик,11,37
Смирнов Михаил Алексеевич,капитан,6,52
Павлов Матвей Олегович,майор,6,60
Алексеев Роман Дмитриевич,лейтенант,3,25
Новиков Виктор Дмитриевич,рядовой,3,27
Морозов Виктор Романович,прапорщик,1,36
Лебедев Олег Никитич,капитан,10,47
Смирнов Дмитрий Никитич,майор,12,38
Борисов Кирилл Олегович,рядовой,3,18
Андреев Александр Андреевич,капитан,10,26
Морозов Кирилл Никитич,сержант,2,31
Соколов Максим Никитич,капитан,7,52
Соколов Александр Павлович,прапорщик,4,60
Морозов Дмитрий Павлович,рядовой,1,44
Попов Никита Кириллович,капитан,7,44
Соловьёв Дмитрий Никитич,сержант,3,25
Семёнов Степан Никитич,майор,5,53
Смирнов Константин Романович,майор,5,54
Семёнов Егор Олегович,сержант,7,59
Орлов Сергей Юрьевич,лейтенант,7,42
Борисов Кирилл Сергеевич,рядовой,4,34
Смирнов Роман Ильич,лейтенант,6,35
Васильев Юрий Иванович,майор,3,18
Егоров Иван Андреевич,лейтенант,11,26
Егоров Андрей Сергеевич,капитан,4,53
Соловьёв Виктор Андреевич,лейтенант,5,44
Морозов Егор Иванович,рядовой,10,54
Степанов Степан Алексеевич,полковник,1,37
Захаров Александр Сергеевич,сержант,12,49
Егоров Александр Павлович,полковник,3,40
Козлов Александр Максимович,сержант,3,55
Макаров Дмитрий Ильич,полковник,6,53
Смирнов Андрей Никитич,прапорщик,8,48
Лебедев Андрей Михайлович,лейтенант,4,43
Никитин Александр Олегович,прапорщик,9,24
Зайцев Алексей Андреевич,полковник,5,25
Морозов Роман Никитич,майор,11,20
Смирнов Сергей Олегович,лейтенант,7,21
Борисов Матвей Ильич,сержант,11,24
Захаров Павел Юрьевич,лейтенант,6,22
Морозов Андрей Романович,капитан,8,19
Захаров Кирилл Олегович,лейтенант,9,60
Козлов Андрей Дмитриевич,сержант,2,36
Новиков Олег Андреевич,рядовой,8,49
Алексеев Виктор Михайлович,майор,4,51
Зайцев Егор Алексеевич,прапорщик,2,43
Андреев Артём Дмитриевич,капитан,8,60
Кузнецов Павел Максимович,лейтенант,8,21
Морозов Степан Александрович,сержант,8,25
Никитин Евгений Кириллович,рядовой,7,43
Алексеев Иван Андреевич,полковник,4,45
Макаров Никита Максимович,рядовой,9,37
Семёнов Сергей Викторович,лейтенант,4,26
Борисов Максим Ильич,капитан,12,42
Яковлев Михаил Дмитриевич,прапорщик,11,24
Алексеев Степан Иванович,майор,5,59
Кузнецов Сергей Максимович,сержант,7,56
Козлов Константин Павлович,сержант,3,40
Никитин Роман Михайлович,полковник,9,45
Смирнов Илья Никитич,рядовой,6,58
Попов Евгений Ильич,лейтенант,9,23
Зайцев Евгений Дмитриевич,рядовой,4,21
Иванов Илья Юрьевич,лейтенант,8,54
Егоров Алексей Михайлович,сержант,9,41
Новиков Константин Дмитриевич,полковник,5,28
Степанов Евгений Александрович,прапорщик,12,43
Петров Иван Кириллович,полковник,4,60
Алексеев Александр Никитич,прапорщик,4,38
Степанов Матвей Дмитриевич,капитан,5,54
Кузнецов Евгений Андреевич,сержант,3,52
Зайцев Андрей Олегович,прапорщик,1,40
Соколов Константин Ильич,рядовой,3,59
Кузнецов Юрий Никитич,прапорщик,9,41
Орлов Олег Романович,сержант,7,54
Егоров Матвей Викторович,рядовой,12,58
Степанов Роман Романович,капитан,11,42
Степанов Евгений Сергеевич,рядовой,6,30
Кузнецов Павел Романович,сержант,3,60
Макаров Денис Иванович,лейтенант,6,28
Попов Андрей Дмитриевич,майор,6,46
Козлов Денис Викторович,рядовой,7,58
Фёдоров Степан Иванович,капитан,1,26
Кузнецов Егор Юрьевич,рядовой,10,22
Зайцев Денис Ильич,сержант,10,25
Зайцев Денис Дмитриевич,майор,1,25
Павлов Олег Иванович,полковник,6,18
Сидоров Александр Никитич,капитан,6,26
Николаев Михаил Никитич,прапорщик,4,51
Козлов Матвей Викторович,прапорщик,7,34
Новиков Кирилл Олегович,полковник,3,36
Зайцев Степан Никитич,сержант,7,52
Морозов Матвей Павлович,рядовой,2,20
Макаров Максим Павлович,майор,12,39
Захаров Александр Александрович,лейтенант,1,51
Зайцев Матвей Юрьевич,рядовой,10,22
Петров Юрий Никитич,рядовой,6,27
Морозов Александр Сергеевич,майор,4,56
Петров Алексей Андреевич,сержант,5,31
Попов Кирилл Алексеевич,рядовой,9,31
Смирнов Матвей Андреевич,рядовой,6,50
Новиков Кирилл Сергеевич,лейтенант,7,57
Никитин Сергей Юрьевич,сержант,7,27
Михайлов Сергей Никитич,прапорщик,9,56
Николаев Михаил Максимович,лейтенант,4,51
Яковлев Михаил Никитич,лейтенант,1,36
Захаров Сергей Дмитриевич,рядовой,4,52
Соколов Матвей Иванович,сержант,3,39
Егоров Алексей Дмитриевич,капитан,6,33
Михайлов Роман Олегович,рядовой,2,42
Петров Дмитрий Викторович,прапорщик,5,40
Никитин Александр Алексеевич,капитан,10,25
Васильев Денис Кириллович,полковник,2,23
Павлов Иван Романович,полковник,1,24
Фёдоров Никита Юрьевич,лейтенант,7,28
Петров Дмитрий Кириллович,майор,5,43
Зайцев Дмитрий Андреевич,майор,12,35
Иванов Сергей Андреевич,лейтенант,12,29
Фёдоров Кирилл Олегович,рядовой,4,23
Петров Виктор Юрьевич,прапорщик,5,21
Орлов Александр Кириллович,капитан,4,49
Петров Кирилл Максимович,полковник,1,55
Иванов Константин Юрьевич,лейтенант,2,47
Захаров Максим Андреевич,рядовой,11,33
Зайцев Иван Максимович,сержант,11,31
Кузнецов Роман Ильич,полковник,5,25
Иванов Максим Ильич,рядовой,9,19
Кочергин Денис Дмитриевич,лейтенант,5,55
Петров Андрей Романович,капитан,2,26
Борисов Кирилл Сергеевич,майор,3,35
Никитин Роман Кириллович,рядовой,1,59
Козлов Константин Павлович,рядовой,5,57
Васильев Алексей Алексеевич,лейтенант,6,34
Фёдоров Олег Дмитриевич,лейтенант,7,52
Егоров Иван Дмитриевич,майор,8,60
Зайцев Никита Андреевич,капитан,2,46
Егоров Иван Сергеевич,прапорщик,11,44
Сидоров Роман Ильич,прапорщик,5,25
Новиков Евгений Михайлович,рядовой,6,30
Яковлев Илья Сергеевич,капитан,12,56
Новиков Михаил Сергеевич,полковник,9,38
Яковлев Михаил Сергеевич,сержант,2,58
Соловьёв Матвей Алексеевич,рядовой,2,44
Зайцев Матвей Иванович,капитан,11,29
Зайцев Денис Максимович,майор,7,21
Зайцев Юрий Дмитриевич,сержант,11,50
Новиков Денис Олегович,рядовой,3,34
Семёнов Виктор Олегович,сержант,2,39
Павлов Роман Олегович,майор,9,43
Алексеев Дмитрий Алексеевич,рядовой,5,45
Борисов Андрей Павлович,полковник,6,22
Зайцев Денис Романович,сержант,11,57
Смирнов Сергей Максимович,рядовой,3,37
Соловьёв Алексей Олегович,лейтенант,7,19
Андреев Максим Сергеевич,полковник,12,40
Соколов Матвей Михайлович,рядовой,6,56
Яковлев Сергей Сергеевич,полковник,8,18
Иванов Дмитрий Романович,полковник,9,47
Михайлов Сергей Алексеевич,капитан,6,24
Фёдоров Илья Романович,лейтенант,4,25
Орлов Олег Кириллович,сержант,1,45
Фёдоров Евгений Кириллович,прапорщик,9,55
Новиков Виктор Михайлович,лейтенант,8,39
Васильев Константин Иванович,рядовой,6,37
Смирнов Сергей Александрович,капитан,12,28
Лебедев Иван Алексеевич,рядовой,12,24
Егоров Артём Кириллович,сержант,7,54
Андреев Константин Максимович,полковник,7,20
Фёдоров Артём Александрович,сержант,4,54
Андреев Виктор Романович,капитан,4,55
Семёнов Андрей Павлович,полковник,8,24
Андреев Артём Михайлович,полковник,3,41
Петров Дмитрий Михайлович,прапорщик,12,47
Яковлев Кирилл Павлович,сержант,6,42
Попов Степан Павлович,майор,8,18
Захаров Павел Никитич,рядовой,6,38
Алексеев Кирилл Павлович,прапорщик,9,54
Борисов Евгений Юрьевич,прапорщик,8,27
Соколов Павел Павлович,рядовой,5,54
Зайцев Сергей Никитич,капитан,9,27
Михайлов Евгений Александрович,майор,7,19
Васильев Олег Максимович,майор,7,28
Новиков Кирилл Викторович,рядовой,6,32
Иванов Роман Никитич,полковник,10,21
Борисов Артём Андреевич,майор,8,26
Соловьёв Олег Павлович,капитан,3,44
Степанов Максим Максимович,капитан,3,24
Иванов Иван Сергеевич,майор,9,25
Попов Виктор Кириллович,полковник,2,58
Зайцев Илья Романович,полковник,2,43
Егоров Павел Ильич,майор,8,25
Смирнов Илья Михайлович,рядовой,3,19
Кузнецов Артём Максимович,майор,11,43
Андреев Матвей Алексеевич,капитан,4,42
Андреев Дмитрий Юрьевич,лейтенант,12,34
Новиков Алексей Романович,сержант,4,28
Павлов Андрей Иванович,полковник,8,43
Соколов Роман Ильич,сержант,1,20
Захаров Кирилл Сергеевич,прапорщик,12,19
Павлов Иван Андреевич,сержант,5,19
Морозов Артём Викторович,капитан,7,52
Морозов Константин Ильич,лейтенант,8,40
Кузнецов Матвей Ильич,капитан,8,40
Кузнецов Роман Михайлович,сержант,10,51
Михайлов Михаил Максимович,полковник,11,36
Степанов Егор Иванович,капитан,1,29
Захаров Дмитрий Дмитриевич,лейтенант,2,38
Степанов Кирилл Михайлович,лейтенант,3,34
Козлов Павел Олегович,сержант,12,44
Макаров Роман Александрович,капитан,12,41
Фёдоров Степан Алексеевич,капитан,12,56
Козлов Роман Викторович,прапорщик,1,42
Соловьёв Павел Павлович,майор,10,21
Соколов Егор Андреевич,лейтенант,5,56
Новиков Олег Андреевич,рядовой,3,58
Зайцев Егор Ильич,сержант,7,44
Васильев Кирилл Ильич,рядовой,12,57
Николаев Виктор Викторович,сержант,1,32
Кузнецов Андрей Сергеевич,рядовой,7,32
Захаров Егор Павлович,прапорщик,3,31
Макаров Егор Павлович,полковник,8,58
Андреев Матвей Дмитриевич,капитан,2,31
Зайцев Юрий Павлович,капитан,9,55
Попов Максим Алексеевич,лейтенант,11,32
Семёнов Дмитрий Александрович,прапорщик,12,49
Козлов Степан Михайлович,капитан,3,41
Егоров Сергей Иванович,прапорщик,2,25
Зайцев Александр Никитич,полковник,7,33
Захаров Егор Кириллович,рядовой,12,52
Сидоров Степан Андреевич,капитан,12,45
Захаров Артём Алексеевич,рядовой,1,20
Павлов Матвей Алексеевич,лейтенант,5,50
Николаев Сергей Александрович,полковник,8,49
Захаров Александр Павлович,полковник,1,54
Егоров Юрий Сергеевич,капитан,9,21
Новиков Евгений Романович,лейтенант,11,41
Андреев Евгений Юрьевич,прапорщик,6,33
Новиков Юрий Викторович,полковник,9,18
Степанов Дмитрий Павлович,лейтенант,4,35
Степанов Иван Сергеевич,полковник,6,56
Кочергин Егор Романович,капитан,3,48
Никитин Матвей Андреевич,майор,9,57
Андреев Андрей Романович,прапорщик,7,52
Зайцев Иван Олегович,рядовой,7,47
Соколов Евгений Александрович,прапорщик,2,21
Морозов Александр Сергеевич,полковник,11,26
Макаров Евгений Алексеевич,майор,2,29
Егоров Евгений Павлович,рядовой,12,58
Егоров Виктор Романович,майор,12,43
Андреев Павел Михайлович,лейтенант,1,21
Борисов Михаил Иванович,майор,7,32
Борисов Александр Алексеевич,майор,1,22
Яковлев Виктор Максимович,майор,10,42
Соколов Александр Александрович,сержант,1,52
Алексеев Степан Андреевич,майор,3,50
Смирнов Дмитрий Ильич,полковник,7,41
Кузнецов Михаил Кириллович,сержант,10,36
Яковлев Егор Никитич,рядовой,4,29
Павлов Юрий Никитич,полковник,9,34
Сидоров Никита Павлович,прапорщик,7,59
Алексеев Андрей Олегович,прапорщик,12,27
Морозов Сергей Павлович,прапорщик,12,44
Павлов Дмитрий Александрович,сержант,8,45
Васильев Денис Юрьевич,капитан,12,60
Макаров Матвей Дмитриевич,лейтенант,4,35
Егоров Артём Кириллович,лейтенант,1,26
Лебедев Евгений Павлович,майор,11,37
Фёдоров Алексей Викторович,рядовой,7,43
Зайцев Денис Дмитриевич,лейтенант,4,55
Смирнов Олег Андреевич,сержант,12,47
Борисов Сергей Павлович,полковник,6,55
Петров Степан Никитич,рядовой,10,53
Степанов Роман Алексеевич,полковник,10,58
Егоров Артём Сергеевич,капитан,9,37
Лебедев Александр Кириллович,полковник,3,21
Зайцев Иван Иванович,рядовой,2,35
Борисов Андрей Сергеевич,рядовой,8,43
Орлов Степан Сергеевич,майор,6,36
Егоров Дмитрий Кириллович,майор,1,26
Козлов Максим Кириллович,прапорщик,3,19
Егоров Андрей Ильич,лейтенант,11,59
Козлов Дмитрий Романович,капитан,7,53
Новиков Сергей Викторович,прапорщик,11,41
Иванов Никита Ильич,полковник,11,48
Кочергин Илья Никитич,капитан,5,26
Орлов Алексей Дмитриевич,прапорщик,10,46
Козлов Денис Никитич,капитан,5,21
Васильев Егор Максимович,майор,2,47
Кочергин Артём Сергеевич,капитан,12,44
Попов Андрей Алексеевич,рядовой,5,45
Васильев Евгений Иванович,майор,1,34
Фёдоров Юрий Викторович,майор,1,59
Морозов Михаил Алексеевич,сержант,9,45
Никитин Максим Викторович,капитан,11,30
Степанов Денис Кириллович,лейтенант,1,39
Петров Иван Ильич,майор,10,35
Орлов Михаил Михайлович,майор,2,23
Соколов Дмитрий Михайлович,полковник,5,43
Кузнецов Егор Олегович,лейтенант,11,36
Андреев Артём Максимович,лейтенант,9,22
Степанов Александр Юрьевич,капитан,3,26
Никитин Виктор Никитич,капитан,6,42
Новиков Алексей Дмитриевич,рядовой,5,55
Соколов Дмитрий Дмитриевич,полковник,12,47
Кочергин Михаил Викторович,рядовой,1,39
Яковлев Михаил Александрович,капитан,12,33
Козлов Иван Юрьевич,сержант,11,58
Орлов Максим Ильич,рядовой,6,22
Захаров Дмитрий Михайлович,майор,7,30
Фёдоров Сергей Максимович,сержант,1,37
Макаров Александр Викторович,сержант,5,56
Алексеев Артём Олегович,полковник,9,60
Кузнецов Евгений Павлович,прапорщик,11,47
Сидоров Никита Андреевич,сержант,11,24
Сидоров Олег Олегович,прапорщик,6,39
Кузнецов Дмитрий Романович,полковник,2,33
Кузнецов Роман Павлович,рядовой,10,54
Николаев Евгений Михайлович,рядовой,5,36
Павлов Юрий Никитич,лейтенант,4,45
Козлов Евгений Никитич,рядовой,1,29
Кузнецов Денис Юрьевич,сержант,4,46
Фёдоров Константин Максимович,капитан,9,34
Николаев Юрий Алексеевич,полковник,3,54
Кочергин Михаил Дмитриевич,рядовой,2,46
Сидоров Степан Алексеевич,майор,5,44
Зайцев Иван Романович,прапорщик,9,19
Соловьёв Дмитрий Александрович,прапорщик,11,58
Алексеев Артём Максимович,майор,3,39
Семёнов Виктор Александрович,лейтенант,9,35
Лебедев Олег Максимович,рядовой,12,48
Сидоров Олег Никитич,прапорщик,8,43
Морозов Дмитрий Дмитриевич,капитан,4,19
Новиков Евгений Дмитриевич,рядовой,4,48
Яковлев Константин Михайлович,полковник,6,33
Кузнецов Андрей Максимович,лейтенант,7,36
Сидоров Андрей Олегович,полковник,10,48
Алексеев Виктор Александрович,майор,11,36
Михайлов Константин Андреевич,прапорщик,1,34
Андреев Константин Олегович,прапорщик,4,40
Михайлов Павел Андреевич,капитан,7,47
Борисов Дмитрий Олегович,полковник,4,57
Морозов Алексей Александрович,майор,8,46
Егоров Александр Кириллович,майор,9,46
Николаев Евгений Максимович,капитан,6,56
Яковлев Евгений Викторович,капитан,7,47
Кузнецов Алексей Романович,полковник,6,57
Смирнов Александр Романович,прапорщик,12,18
Кузнецов Матвей Александрович,лейтенант,12,47
Никитин Константин Сергеевич,рядовой,11,39
Кузнецов Матвей Романович,майор,4,40
Сидоров Алексей Иванович,сержант,1,56
Яковлев Алексей Михайлович,прапорщик,6,54
Новиков Евгений Викторович,сержант,2,21
Козлов Юрий Максимович,капитан,4,48
Фёдоров Сергей Олегович,сержант,2,22
Зайцев Виктор Ильич,лейтенант,7,42
Кузнецов Егор Дмитриевич,лейтенант,3,55
Кочергин Кирилл Викторович,сержант,1,30
Соловьёв Егор Никитич,лейтенант,2,57
Фёдоров Юрий Романович,сержант,11,40
Попов Олег Сергеевич,лейтенант,4,42
Орлов Матвей Михайлович,капитан,8,35
Зайцев Илья Андреевич,рядовой,7,19
Попов Илья Олегович,прапорщик,12,25
Никитин Евгений Кириллович,майор,7,42
Алексеев Никита Павлович,лейтенант,4,35
Никитин Сергей Михайлович,майор,5,52
Кочергин Илья Ильич,капитан,5,57
Сидоров Александр Дмитриевич,капитан,12,51
Кузнецов Юрий Алексеевич,рядовой,10,57
Андреев Михаил Кириллович,рядовой,2,42
Соловьёв Дмитрий Павлович,сержант,9,21
Никитин Никита Андреевич,рядовой,5,38
Зайцев Евгений Михайлович,капитан,2,50
Никитин Дмитрий Романович,прапорщик,7,18
Борисов Олег Павлович,рядовой,7,44
Морозов Дмитрий Юрьевич,лейтенант,10,31
Кузнецов Егор Никитич,лейтенант,4,43
Новиков Олег Александрович,сержант,10,48
Егоров Иван Михайлович,полковник,11,19
Зайцев Андрей Юрьевич,сержант,10,18
Васильев Евгений Олегович,прапорщик,7,36
Алексеев Иван Павлович,лейтенант,1,18
Михайлов Дмитрий Андреевич,рядовой,7,28
Иванов Михаил Никитич,прапорщик,2,53
Яковлев Егор Ильич,прапорщик,8,50
Николаев Евгений Максимович,лейтенант,6,29
Кузнецов Александр Викторович,капитан,8,50
Морозов Степан Романович,сержант,12,35
Соколов Кирилл Никитич,майор,10,29
Никитин Матвей Ильич,капитан,5,46
Морозов Андрей Никитич,полковник,4,33
Иванов Артём Олегович,лейтенант,9,33
Макаров Денис Сергеевич,капитан,11,25
Алексеев Виктор Романович,полковник,9,27
Смирнов Михаил Никитич,капитан,6,41
Андреев Павел Романович,лейтенант,7,44
Алексеев Матвей Романович,капитан,11,35
Козлов Алексей Олегович,лейтенант,12,34
Иванов Александр Александрович,капитан,1,29
Яковлев Кирилл Юрьевич,полковник,5,41
Степанов Артём Максимович,капитан,9,49
Соколов Алексей Алексеевич,полковник,11,34
Павлов Михаил Олегович,рядовой,7,29
Степанов Артём Кириллович,рядовой,11,26
Андреев Виктор Андреевич,прапорщик,5,52
Попов Евгений Михайлович,майор,5,38
Степанов Дмитрий Михайлович,лейтенант,9,59
Смирнов Евгений Андреевич,рядовой,2,40
Борисов Юрий Романович,сержант,9,27
Соловьёв Дмитрий Павлович,лейтенант,12,29
Петров Александр Александрович,лейтенант,4,29
Козлов Юрий Александрович,рядовой,2,23
Алексеев Максим Андреевич,полковник,7,51
Сидоров Матвей Дмитриевич,рядовой,6,48
Макаров Виктор Сергеевич,майор,12,51
Алексеев Дмитрий Андреевич,майор,9,19
Алексеев Евгений Олегович,рядовой,12,46
Андреев Евгений Максимович,капитан,3,46
Яковлев Егор Александрович,капитан,4,54
Кочергин Евгений Андреевич,капитан,7,52
Соколов Олег Дмитриевич,сержант,1,42
Никитин Матвей Дмитриевич,капитан,5,29
Лебедев Илья Ильич,майор,7,24
Макаров Иван Александрович,майор,7,23
Алексеев Александр Дмитриевич,рядовой,10,25
Козлов Илья Кириллович,майор,8,34
Иванов Иван Юрьевич,полковник,10,53
Кузнецов Олег Иванович,сержант,3,48
Иванов Андрей Андреевич,майор,11,39
Соколов Алексей Павлович,майор,3,37
Орлов Павел Кириллович,сержант,11,29
Зайцев Павел Сергеевич,капитан,6,39
Николаев Артём Ильич,лейтенант,4,22
Соловьёв Андрей Дмитриевич,лейтенант,5,30
Морозов Роман Андреевич,майор,6,34
Лебедев Денис Романович,полковник,2,37
Андреев Матвей Олегович,полковник,5,59
Семёнов Егор Ильич,сержант,4,37
Фёдоров Сергей Олегович,рядовой,7,45
Фёдоров Егор Сергеевич,сержант,1,25
Кузнецов Дмитрий Олегович,майор,7,36
Михайлов Роман Кириллович,лейтенант,1,32
Иванов Илья Никитич,капитан,12,30
Захаров Денис Иванович,майор,3,54
Никитин Сергей Кириллович,рядовой,11,21
Яковлев Роман Павлович,майор,10,28
Козлов Павел Иванович,прапорщик,6,47
Лебедев Александр Андреевич,майор,10,59
Сидоров Никита Викторович,полковник,6,55
Захаров Кирилл Максимович,лейтенант,11,45
Иванов Юрий Ильич,рядовой,5,22
Соколов Александр Ильич,лейтенант,10,47
Иванов Денис Александрович,лейтенант,2,32
Фёдоров Юрий Олегович,майор,7,25
Михайлов Михаил Михайлович,капитан,7,40
Захаров Егор Андреевич,сержант,3,32
Макаров Денис Иванович,прапорщик,2,40
Егоров Виктор Дмитриевич,рядовой,6,27
Орлов Андрей Андреевич,полковник,4,38
Фёдоров Дмитрий Викторович,лейтенант,5,53
Макаров Павел Кириллович,капитан,4,34
Соколов Иван Викторович,рядовой,2,20
Алексеев Алексей Александрович,капитан,5,56
Макаров Михаил Викторович,лейтенант,4,47
Михайлов Алексей Олегович,прапорщик,11,33
Соловьёв Максим Алексеевич,сержант,10,38
Орлов Олег Алексеевич,майор,10,44
Павлов Евгений Алексеевич,сержант,1,21
Попов Михаил Михайлович,рядовой,1,25
Орлов Михаил Романович,капитан,2,24
Лебедев Егор Павлович,капитан,5,49
Смирнов Максим Викторович,лейтенант,2,46
Сидоров Дмитрий Алексеевич,рядовой,2,29
Попов Евгений Сергеевич,рядовой,3,52
Васильев Олег Романович,полковник,6,21
Борисов Павел Иванович,сержант,11,19
Лебедев Юрий Ильич,сержант,1,50
Петров Алексей Никитич,майор,12,43
Фёдоров Артём Олегович,полковник,9,50
Кочергин Матвей Ильич,прапорщик,5,40
Никитин Павел Андреевич,прапорщик,11,29
Семёнов Алексей Дмитриевич,сержант,12,26
Смирнов Михаил Юрьевич,лейтенант,7,43
Борисов Денис Максимович,сержант,10,56
Алексеев Иван Алексеевич,рядовой,3,54
Николаев Павел Юрьевич,капитан,4,41
Семёнов Михаил Олегович,прапорщик,4,38
Борисов Илья Иванович,прапорщик,6,55
Кочергин Алексей Кириллович,полковник,11,27
Макаров Михаил Александрович,капитан,1,41
Макаров Евгений Дмитриевич,рядовой,12,59
Лебедев Дмитрий Олегович,сержант,1,42
Лебедев Максим Кириллович,сержант,6,19
Михайлов Константин Кириллович,рядовой,5,24
Макаров Егор Андреевич,прапорщик,3,31
Васильев Сергей Никитич,майор,6,36
Михайлов Артём Михайлович,полковник,9,29
Алексеев Алексей Александрович,полковник,2,38
Андреев Никита Кириллович,сержант,11,34
Андреев Андрей Максимович,сержант,9,36
Кузнецов Олег Павлович,капитан,6,22
Алексеев Дмитрий Сергеевич,рядовой,4,23
Кузнецов Евгений Алексеевич,прапорщик,10,48
Никитин Степан Кириллович,прапорщик,7,59
Николаев Константин Дмитриевич,капитан,8,22
Борисов Александр Дмитриевич,рядовой,9,28
Соловьёв Денис Михайлович,прапорщик,4,53
Павлов Евгений Олегович,рядовой,2,30
Фёдоров Павел Никитич,лейтенант,2,39
Николаев Сергей Павлович,лейтенант,7,25
Егоров Матвей Викторович,лейтенант,3,24
Степанов Константин Сергеевич,рядовой,2,18
Борисов Илья Дмитриевич,прапорщик,7,45
Попов Олег Иванович,прапорщик,5,21
Кузнецов Максим Юрьевич,капитан,7,27
Егоров Андрей Викторович,полковник,1,24
Михайлов Евгений Александрович,прапорщик,4,40
Кочергин Михаил Никитич,прапорщик,1,35
Макаров Никита Максимович,капитан,5,55
Николаев Олег Александрович,прапорщик,1,44
Семёнов Виктор Иванович,капитан,8,55
Алексеев Кирилл Ильич,рядовой,9,48
Лебедев Егор Кириллович,капитан,7,59
Зайцев Михаил Андреевич,лейтенант,9,34
Петров Евгений Романович,капитан,9,38
Козлов Михаил Павлович,полковник,11,22
Петров Евгений Романович,капитан,12,25
Сидоров Алексей Никитич,капитан,11,38
Егоров Юрий Иванович,майор,5,37
Иванов Алексей Дмитриевич,капитан,5,47
Васильев Егор Сергеевич,лейтенант,2,50
Павлов Степан Максимович,полковник,5,58
Лебедев Кирилл Александрович,майор,12,55
Алексеев Матвей Павлович,полковник,9,48
Петров Юрий Андреевич,сержант,8,39
Васильев Виктор Дмитриевич,полковник,1,56
Морозов Сергей Романович,сержант,3,40
Попов Роман Павлович,майор,4,33
Егоров Олег Павлович,полковник,4,40
Морозов Кирилл Викторович,сержант,3,49
Сидоров Илья Романович,капитан,7,18
Морозов Павел Андреевич,майор,12,24
Яковлев Роман Романович,майор,5,18
Кузнецов Константин Никитич,прапорщик,11,54
Кузнецов Роман Романович,полковник,7,55
Иванов Кирилл Павлович,полковник,8,35
Смирнов Денис Максимович,прапорщик,2,50
Иванов Роман Дмитриевич,полковник,12,39
Яковлев Илья Иванович,полковник,11,29
Яковлев Денис Романович,капитан,4,42
Лебедев Андрей Михайлович,майор,1,25
Сидоров Артём Романович,лейтенант,4,26
Орлов Иван Викторович,лейтенант,12,43
Морозов Иван Романович,рядовой,6,20
Егоров Степан Никитич,прапорщик,11,29
Попов Константин Олегович,сержант,1,18
Яковлев Александр Сергеевич,рядовой,9,44
Михайлов Александр Павлович,полковник,3,28
Фёдоров Егор Никитич,сержант,12,34
Кузнецов Артём Викторович,рядовой,7,27
Захаров Денис Михайлович,сержант,1,26
Никитин Артём Олегович,лейтенант,5,49
Семёнов Кирилл Кириллович,прапорщик,11,38
Морозов Юрий Александрович,майор,9,18
Борисов Дмитрий Андреевич,рядовой,1,37
Егоров Олег Максимович,майор,10,52
Егоров Артём Олегович,рядовой,3,45
Захаров Евгений Олегович,сержант,4,35
Фёдоров Павел Олегович,полковник,6,58
Фёдоров Александр Сергеевич,полковник,12,25
Борисов Виктор Максимович,лейтенант,8,44
Егоров Евгений Викторович,сержант,1,40
Захаров Константин Александрович,майор,12,30
Смирнов Илья Юрьевич,полковник,3,60
Николаев Константин Олегович,майор,8,50
Егоров Степан Викторович,сержант,9,29
Морозов Иван Кириллович,майор,1,50
Лебедев Иван Олегович,лейтенант,4,28
Попов Степан Никитич,рядовой,6,19
Лебедев Олег Юрьевич,капитан,4,27
Яковлев Никита Викторович,майор,12,47
Козлов Андрей Олегович,рядовой,11,26
Кузнецов Степан Дмитриевич,рядовой,4,36
Захаров Виктор Павлович,полковник,11,22
Смирнов Кирилл Викторович,прапорщик,5,46
Новиков Матвей Олегович,прапорщик,4,33
Андреев Денис Юрьевич,прапорщик,4,47
Соколов Павел Михайлович,полковник,4,30
Новиков Юрий Романович,капитан,7,24
Новиков Олег Михайлович,лейтенант,4,31
Кочергин Роман Никитич,капитан,12,24
Кочергин Максим Андреевич,сержант,10,29
Андреев Степан Олегович,полковник,7,30
Кузнецов Сергей Александрович,полковник,12,37
Кочергин Денис Ильич,рядовой,5,57
Сидоров Сергей Алексеевич,капитан,3,39
Михайлов Максим Иванович,лейтенант,3,33
Андреев Максим Максимович,сержант,8,52
Зайцев Сергей Юрьевич,полковник,7,52
Николаев Матвей Иванович,майор,9,56
Макаров Денис Сергеевич,сержант,8,21
Андреев Павел Андреевич,полковник,2,31
Николаев Александр Юрьевич,лейтенант,10,36
Семёнов Олег Максимович,лейтенант,12,45
Фёдоров Константин Андреевич,полковник,11,24
Орлов Никита Никитич,лейтенант,11,56
Егоров Кирилл Михайлович,прапорщик,9,20
Васильев Михаил Иванович,майор,4,50
Андреев Александр Романович,сержант,3,42
Яковлев Олег Дмитриевич,рядовой,2,53
Кочергин Павел Иванович,лейтенант,1,31
Зайцев Степан Юрьевич,майор,4,43
Кочергин Кирилл Сергеевич,майор,7,50
Козлов Юрий Иванович,капитан,10,41
Николаев Сергей Юрьевич,полковник,12,52
Павлов Виктор Михайлович,сержант,9,43
Петров Никита Андреевич,капитан,2,55
Зайцев Дмитрий Александрович,лейтенант,10,43
Соколов Олег Олегович,рядовой,3,23
Фёдоров Илья Кириллович,полковник,10,27
Смирнов Роман Сергеевич,майор,6,20
Кочергин Кирилл Алексеевич,полковник,11,20
Яковлев Егор Михайлович,прапорщик,6,25
Яковлев Олег Максимович,капитан,9,43
Кузнецов Сергей Александрович,лейтенант,12,52
Яковлев Александр Олегович,полковник,10,42
Андреев Александр Алексеевич,прапорщик,4,49
Попов Максим Юрьевич,лейтенант,7,31
Сидоров Матвей Викторович,лейтенант,1,28
Никитин Юрий Олегович,рядовой,11,26
Лебедев Константин Александрович,прапорщик,9,36
Иванов Олег Викторович,лейтенант,11,42
Степанов Иван Викторович,майор,3,33
Петров Константин Викторович,сержант,4,20
Смирнов Илья Никитич,сержант,5,32
Никитин Евгений Андреевич,майор,5,26
Лебедев Матвей Андреевич,прапорщик,6,50
Зайцев Олег Олегович,полковник,5,51
Смирнов Андрей Романович,лейтенант,4,51
Павлов Артём Олегович,полковник,9,39
Козлов Алексей Олегович,рядовой,9,47
Фёдоров Александр Кириллович,лейтенант,2,28
Кузнецов Роман Ильич,полковник,9,29
Сидоров Максим Викторович,капитан,6,43
Михайлов Никита Романович,рядовой,3,50
Соловьёв Максим Андреевич,полковник,2,34
Михайлов Артём Викторович,лейтенант,11,48
Степанов Дмитрий Романович,лейтенант,9,57
Макаров Матвей Никитич,лейтенант,2,27
Андреев Юрий Кириллович,лейтенант,1,38
Михайлов Андрей Романович,лейтенант,5,57
Иванов Андрей Юрьевич,майор,6,34
Степанов Никита Дмитриевич,сержант,5,26
Степанов Алексей Ильич,полковник,5,38
Михайлов Егор Михайлович,сержант,1,22
Васильев Дмитрий Максимович,рядовой,5,55
Новиков Александр Никитич,рядовой,6,52
Макаров Степан Максимович,прапорщик,10,43
Степанов Егор Александрович,майор,6,56
Попов Степан Александрович,полковник,4,27
Борисов Егор Михайлович,капитан,3,24
Кочергин Александр Сергеевич,лейтенант,7,40
Степанов Кирилл Максимович,прапорщик,4,22
Фёдоров Илья Никитич,полковник,1,48
Новиков Олег Юрьевич,майор,11,21
Морозов Иван Ильич,сержант,3,37
Степанов Олег Максимович,майор,7,51
Петров Константин Сергеевич,прапорщик,6,38
Фёдоров Денис Александрович,прапорщик,2,30
Семёнов Илья Дмитриевич,капитан,7,28
Алексеев Матвей Ильич,майор,3,30
Соловьёв Артём Иванович,майор,6,56
Соколов Дмитрий Сергеевич,рядовой,4,55
Семёнов Алексей Михайлович,рядовой,9,27
Орлов Иван Сергеевич,прапорщик,12,33
Сидоров Роман Александрович,капитан,2,50
Васильев Никита Павлович,прапорщик,6,50
Смирнов Иван Максимович,лейтенант,5,35
Морозов Михаил Павлович,сержант,11,26
Смирнов Сергей Дмитриевич,прапорщик,9,45
Соколов Юрий Александрович,сержант,9,39
Васильев Кирилл Дмитриевич,капитан,4,42
Соколов Александр Викторович,прапорщик,5,31
Макаров Никита Романович,прапорщик,7,38
Никитин Виктор Максимович,сержант,5,20
Яковлев Степан Сергеевич,полковник,1,45
Степанов Илья Викторович,лейтенант,5,59
Новиков Михаил Максимович,лейтенант,10,35
Макаров Максим Сергеевич,полковник,9,30
Зайцев Павел Андреевич,полковник,7,52
Лебедев Максим Алексеевич,сержант,2,32
Кочергин Михаил Иванович,сержант,5,42
Андреев Егор Олегович,сержант,6,33
Степанов Кирилл Дмитриевич,майор,6,38
Соколов Андрей Андреевич,сержант,4,42
Николаев Виктор Романович,полковник,11,39
Михайлов Иван Юрьевич,рядовой,2,55
Кузнецов Константин Дмитриевич,сержант,3,27
Семёнов Кирилл Александрович,капитан,3,42
Орлов Егор Ильич,сержант,9,38
Семёнов Андрей Ильич,капитан,10,35
Захаров Матвей Дмитриевич,сержант,8,35
Кочергин Михаил Дмитриевич,рядовой,3,39
Смирнов Михаил Павлович,майор,4,20
Сидоров Олег Александрович,прапорщик,5,42
Козлов Иван Максимович,капитан,4,33
Никитин Андрей Викторович,сержант,9,19
Семёнов Иван Ильич,майор,11,49
Козлов Иван Юрьевич,капитан,12,38
Андреев Никита Александрович,капитан,11,32
Семёнов Евгений Алексеевич,майор,1,40
Фёдоров Юрий Сергеевич,прапорщик,3,32
Сидоров Иван Олегович,полковник,1,26
Зайцев Александр Иванович,рядовой,4,28
Лебедев Олег Ильич,капитан,5,23
Лебедев Андрей Никитич,капитан,8,46
Морозов Денис Сергеевич,лейтенант,3,49
Макаров Дмитрий Сергеевич,прапорщик,2,32
Васильев Степан Романович,лейтенант,5,46
Лебедев Максим Дмитриевич,лейтенант,8,44
Захаров Евгений Максимович,сержант,6,49
Иванов Андрей Ильич,сержант,4,25
Борисов Артём Юрьевич,капитан,5,37
Петров Юрий Романович,рядовой,9,49
Соловьёв Евгений Иванович,полковник,4,42
Степанов Алексей Олегович,рядовой,2,54
Лебедев Алексей Андреевич,лейтенант,10,31
Захаров Андрей Александрович,майор,3,35
Яковлев Илья Алексеевич,лейтенант,12,19
Морозов Егор Павлович,капитан,1,36
Захаров Сергей Алексеевич,сержант,5,26
Иванов Илья Романович,сержант,10,38
Иванов Юрий Ильич,сержант,3,37
Соколов Степан Олегович,майор,7,31
Борисов Александр Максимович,сержант,11,43
Степанов Михаил Юрьевич,лейтенант,9,51
Михайлов Илья Павлович,рядовой,3,24
Зайцев Юрий Ильич,сержант,9,20
Васильев Роман Олегович,майор,11,33
Соловьёв Евгений Дмитриевич,капитан,8,51
Кочергин Константин Ильич,полковник,9,48
Никитин Юрий Романович,капитан,3,28
Захаров Евгений Олегович,капитан,5,25
Николаев Юрий Павлович,капитан,9,22
Соколов Андрей Дмитриевич,сержант,1,37
Козлов Роман Романович,рядовой,8,18
Андреев Иван Юрьевич,майор,2,36
Орлов Илья Андреевич,рядовой,7,42
Сидоров Павел Александрович,лейтенант,1,29
Попов Матвей Кириллович,капитан,11,21
Морозов Дмитрий Александрович,полковник,5,38
Павлов Евгений Павлович,прапорщик,10,22
Егоров Александр Андреевич,лейтенант,8,30
Николаев Кирилл Андреевич,прапорщик,11,28
Морозов Дмитрий Сергеевич,лейтенант,7,33
Соколов Никита Александрович,прапорщик,6,41
Сидоров Олег Юрьевич,рядовой,10,19
Васильев Виктор Александрович,рядовой,2,35
Захаров Денис Алексеевич,сержант,9,45
Борисов Алексей Кириллович,капитан,3,53
Яковлев Никита Максимович,майор,7,43
Михайлов Михаил Никитич,сержант,3,20
Васильев Олег Олегович,капитан,5,41
Козлов Максим Иванович,сержант,10,58
Иванов Степан Алексеевич,лейтенант,4,36
Кочергин Денис Викторович,рядовой,5,56
Петров Максим Кириллович,капитан,7,18
Васильев Юрий Олегович,майор,9,42
Кочергин Виктор Андреевич,полковник,10,58
Николаев Юрий Викторович,лейтенант,1,50
Лебедев Роман Алексеевич,сержант,10,59
Васильев Денис Павлович,майор,6,22
Соколов Сергей Дмитриевич,прапорщик,3,21
Макаров Егор Андреевич,прапорщик,8,53
Лебедев Евгений Романович,майор,5,23
Захаров Виктор Олегович,майор,2,58
Попов Алексей Максимович,рядовой,8,53
Борисов Иван Олегович,прапорщик,5,18
Петров Илья Михайлович,сержант,6,35
Петров Виктор Романович,сержант,8,52
Кочергин Михаил Викторович,капитан,9,35
Сидоров Никита Юрьевич,рядовой,1,21
Николаев Иван Кириллович,прапорщик,4,40
Кузнецов Иван Михайлович,майор,2,30
Егоров Юрий Алексеевич,рядовой,4,49
Фёдоров Иван Михайлович,майор,12,59
Зайцев Артём Никитич,лейтенант,1,27
Николаев Дмитрий Павлович,полковник,3,21
Никитин Никита Олегович,сержант,7,31
Фёдоров Павел Александрович,полковник,7,49
Кочергин Юрий Павлович,полковник,7,51
Петров Алексей Сергеевич,сержант,6,25
Степанов Никита Сергеевич,капитан,5,30
Михайлов Артём Викторович,полковник,2,60
Семёнов Роман Олегович,прапорщик,3,58
Иванов Андрей Кириллович,прапорщик,2,36
Яковлев Михаил Сергеевич,рядовой,10,49
Соколов Максим Дмитриевич,полковник,1,58
Лебедев Олег Олегович,полковник,2,57
Борисов Дмитрий Романович,рядовой,4,27
Кочергин Степан Олегович,майор,1,29
Морозов Максим Андреевич,лейтенант,1,20
Лебедев Константин Иванович,майор,3,32
Семёнов Сергей Романович,полковник,12,35
Никитин Павел Романович,сержант,9,25
Михайлов Юрий Дмитриевич,сержант,6,38
Кузнецов Иван Романович,рядовой,6,35
Борисов Сергей Максимович,капитан,9,29
Захаров Роман Александрович,майор,6,43
Егоров Виктор Викторович,полковник,8,25
Семёнов Михаил Никитич,лейтенант,1,48
Зайцев Денис Сергеевич,рядовой,2,40
Павлов Юрий Юрьевич,сержант,8,48
Никитин Егор Юрьевич,рядовой,6,34
Алексеев Степан Сергеевич,капитан,12,53
Иванов Артём Павлович,капитан,7,20
Николаев Никита Юрьевич,полковник,8,29
Никитин Роман Викторович,сержант,7,31
Захаров Андрей Ильич,майор,3,37
Макаров Дмитрий Кириллович,прапорщик,11,23
Попов Константин Дмитриевич,сержант,10,42
Кочергин Олег Ильич,капитан,3,49
Яковлев Артём Алексеевич,сержант,12,45
Попов Михаил Михайлович,прапорщик,11,41
Алексеев Максим Андреевич,сержант,9,27
Козлов Максим Олегович,лейтенант,2,56
Иванов Егор Ильич,прапорщик,12,58
Соловьёв Матвей Александрович,рядовой,6,28
Сидоров Кирилл Никитич,рядовой,12,58
Макаров Кирилл Максимович,лейтенант,6,21
Фёдоров Иван Олегович,сержант,2,34
Новиков Денис Андреевич,прапорщик,2,25
Орлов Юрий Иванович,капитан,2,27
Яковлев Виктор Сергеевич,лейтенант,9,29
Никитин Андрей Олегович,сержант,4,45
Петров Виктор Сергеевич,лейтенант,4,21
Андреев Кирилл Иванович,капитан,6,19
Семёнов Максим Романович,рядовой,12,51
Сидоров Олег Ильич,рядовой,10,28
Петров Максим Андреевич,сержант,1,50
Соловьёв Дмитрий Никитич,прапорщик,1,48
Соколов Михаил Андреевич,прапорщик,8,32
Захаров Виктор Юрьевич,лейтенант,8,54
Захаров Никита Александрович,прапорщик,8,21
Орлов Денис Максимович,рядовой,3,44
Никитин Роман Павлович,сержант,11,32
Семёнов Павел Дмитриевич,сержант,6,42
Егоров Матвей Максимович,майор,11,51
Яковлев Константин Иванович,капитан,5,26
Васильев Дмитрий Ильич,рядовой,11,33
Соловьёв Михаил Романович,майор,12,55
Захаров Степан Ильич,капитан,3,44
Петров Олег Андреевич,сержант,9,30
Васильев Максим Сергеевич,сержант,10,57
Николаев Илья Сергеевич,майор,10,53
Соколов Иван Иванович,майор,2,22
Никитин Константин Михайлович,сержант,5,30
Павлов Олег Павлович,прапорщик,11,31
Соловьёв Роман Андреевич,капитан,6,40
Михайлов Денис Никитич,полковник,11,50
Попов Александр Михайлович,лейтенант,8,41
Орлов Александр Михайлович,лейтенант,4,30
Кузнецов Дмитрий Павлович,рядовой,10,27
Новиков Андрей Иванович,прапорщик,2,52
Макаров Роман Олегович,полковник,6,32
Егоров Роман Дмитриевич,капитан,10,20
Лебедев Евгений Ильич,лейтенант,1,58
Иванов Егор Александрович,сержант,2,18
Фёдоров Константин Максимович,рядовой,3,22
Борисов Дмитрий Михайлович,лейтенант,12,47
Никитин Павел Максимович,майор,7,38
Макаров Дмитрий Максимович,сержант,7,22
Смирнов Михаил Юрьевич,капитан,12,57
Соловьёв Егор Павлович,прапорщик,7,37
Козлов Александр Сергеевич,майор,1,55
Степанов Юрий Кириллович,майор,12,32
Соловьёв Сергей Алексеевич,рядовой,8,50
Андреев Кирилл Кириллович,рядовой,6,34
Васильев Степан Александрович,рядовой,2,40
Павлов Андрей Викторович,рядовой,3,54
Макаров Роман Юрьевич,прапорщик,2,60
Михайлов Андрей Андреевич,прапорщик,8,33
Семёнов Константин Александрович,сержант,6,34
Яковлев Александр Алексеевич,сержант,3,57
Кочергин Никита Викторович,прапорщик,11,42
Семёнов Иван Кириллович,сержант,9,26
Соколов Константин Никитич,сержант,12,54
Павлов Денис Александрович,полковник,7,51
Новиков Илья Михайлович,майор,12,28
Соловьёв Константин Никитич,рядовой,7,43
Кочергин Юрий Юрьевич,прапорщик,7,55
Борисов Евгений Алексеевич,рядовой,11,57
Зайцев Дмитрий Олегович,лейтенант,11,41
Михайлов Виктор Викторович,прапорщик,11,36
Павлов Максим Ильич,рядовой,2,60
Иванов Виктор Ильич,рядовой,11,48
Васильев Алексей Юрьевич,прапорщик,3,58
Фёдоров Денис Олегович,майор,3,29
Зайцев Евгений Алексеевич,майор,9,28
Петров Дмитрий Кириллович,рядовой,2,22
Кочергин Роман Максимович,рядовой,5,52
Захаров Иван Александрович,лейтенант,5,28
Соловьёв Егор Никитич,рядовой,6,60
Кочергин Евгений Иванович,полковник,5,38
Зайцев Алексей Юрьевич,майор,4,19
Иванов Егор Викторович,прапорщик,7,33
Алексеев Роман Иванович,капитан,7,52
Яковлев Степан Никитич,полковник,6,34
Новиков Александр Андреевич,полковник,2,35
Лебедев Артём Александрович,лейтенант,6,37
Васильев Степан Михайлович,лейтенант,3,46
Андреев Егор Викторович,рядовой,2,38
Иванов Алексей Андреевич,сержант,1,25
Васильев Павел Ильич,сержант,2,20
Яковлев Виктор Юрьевич,прапорщик,9,39
Андреев Юрий Ильич,лейтенант,1,18
Андреев Михаил Олегович,полковник,1,57
Кузнецов Александр Андреевич,майор,5,46
Борисов Максим Ильич,рядовой,9,23
Захаров Артём Иванович,полковник,12,42
Соколов Александр Иванович,майор,1,41
Николаев Илья Ильич,майор,8,31
Зайцев Денис Олегович,сержант,9,51
Лебедев Степан Ильич,прапорщик,6,51
Соловьёв Юрий Михайлович,полковник,7,33
Егоров Степан Кириллович,капитан,8,30
Захаров Егор Сергеевич,сержант,10,19
Соловьёв Максим Никитич,полковник,1,57
Яковлев Виктор Андреевич,лейтенант,6,40
Степанов Кирилл Юрьевич,рядовой,5,48
Соколов Артём Дмитриевич,капитан,11,48
Васильев Артём Иванович,сержант,10,28
Соловьёв Максим Никитич,рядовой,11,35
Фёдоров Михаил Романович,лейтенант,7,42
Семёнов Константин Сергеевич,прапорщик,10,22
Егоров Алексей Андреевич,рядовой,2,26
Лебедев Михаил Александрович,полковник,3,29
Степанов Иван Иванович,капитан,9,52
Новиков Андрей Кириллович,лейтенант,2,22
Козлов Андрей Александрович,прапорщик,1,33
Степанов Юрий Дмитриевич,капитан,3,54
Морозов Кирилл Кириллович,майор,3,44
Борисов Максим Дмитриевич,капитан,11,26
Фёдоров Евгений Павлович,рядовой,9,20
Фёдоров Павел Никитич,майор,5,21
Михайлов Матвей Никитич,рядовой,3,43
Попов Сергей Кириллович,прапорщик,5,44
Попов Андрей Дмитриевич,рядовой,12,42
Борисов Константин Иванович,рядовой,7,18
Сидоров Константин Викторович,прапорщик,10,57
Соловьёв Алексей Максимович,полковник,8,18
Петров Константин Никитич,прапорщик,10,22
Никитин Алексей Юрьевич,лейтенант,4,18
Павлов Евгений Романович,полковник,1,26
Макаров Константин Иванович,майор,8,33
Егоров Алексей Кириллович,сержант,9,42
Лебедев Матвей Иванович,рядовой,3,39
Алексеев Дмитрий Викторович,сержант,8,60
Новиков Евгений Юрьевич,майор,10,49
Васильев Степан Викторович,лейтенант,9,30
Петров Степан Сергеевич,лейтенант,9,40
Попов Олег Юрьевич,лейтенант,4,28
Петров Денис Никитич,капитан,1,31
Макаров Илья Михайлович,майор,8,39
Козлов Денис Максимович,прапорщик,8,33
Егоров Евгений Иванович,рядовой,8,22
Борисов Дмитрий Андреевич,сержант,6,23
Фёдоров Олег Олегович,лейтенант,9,57
Андреев Юрий Романович,майор,8,55
Лебедев Илья Михайлович,сержант,12,28
Петров Олег Алексеевич,капитан,9,23
Морозов Максим Никитич,майор,9,25
Семёнов Александр Викторович,полковник,8,25
Морозов Александр Иванович,полковник,5,35
Павлов Егор Юрьевич,майор,10,33
Орлов Андрей Андреевич,рядовой,12,48
Захаров Егор Михайлович,лейтенант,7,19
Павлов Егор Олегович,прапорщик,11,56
Смирнов Никита Никитич,сержант,4,23
Иванов Роман Юрьевич,сержант,9,42
Егоров Илья Дмитриевич,лейтенант,5,18
Захаров Виктор Павлович,лейтенант,2,20
Егоров Роман Александрович,прапорщик,9,27
Макаров Кирилл Олегович,лейтенант,1,18
Сидоров Михаил Романович,полковник,6,22
Сидоров Матвей Александрович,полковник,5,59
Петров Иван Олегович,сержант,11,24
Морозов Роман Романович,капитан,9,60
Иванов Иван Ильич,капитан,7,30
Михайлов Илья Александрович,полковник,6,59
Кочергин Степан Ильич,рядовой,6,44
Попов Матвей Павлович,капитан,5,28
Андреев Виктор Кириллович,майор,8,20
Павлов Алексей Романович,сержант,10,50
Кочергин Егор Михайлович,сержант,1,49
Макаров Максим Олегович,капитан,11,32
Кузнецов Степан Юрьевич,капитан,2,41
Кочергин Степан Юрьевич,рядовой,10,54
Алексеев Дмитрий Романович,прапорщик,3,42
Андреев Евгений Максимович,полковник,3,28
Попов Денис Никитич,рядовой,12,37
Соловьёв Артём Романович,капитан,8,31
Соловьёв Роман Ильич,лейтенант,9,26
Петров Максим Алексеевич,рядовой,2,33
Семёнов Артём Михайлович,рядовой,6,34
Михайлов Юрий Викторович,рядовой,6,19
Сидоров Евгений Иванович,майор,2,38
Иванов Константин Иванович,сержант,2,22
Николаев Никита Дмитриевич,рядовой,11,52
Степанов Максим Олегович,рядовой,3,44
Борисов Дмитрий Кириллович,прапорщик,7,38
Иванов Денис Иванович,майор,5,32
Попов Евгений Дмитриевич,прапорщик,3,38
Борисов Александр Сергеевич,лейтенант,10,26
Попов Степан Иванович,капитан,7,35
Семёнов Илья Сергеевич,лейтенант,5,55
Козлов Константин Юрьевич,сержант,11,21
Зайцев Иван Никитич,рядовой,4,23
Яковлев Никита Олегович,сержант,12,18
Кочергин Александр Романович,рядовой,11,39
Кузнецов Максим Максимович,рядовой,9,59
Макаров Олег Павлович,сержант,5,23
Степанов Виктор Максимович,сержант,11,26
Степанов Олег Сергеевич,полковник,1,53
Алексеев Роман Ильич,рядовой,3,36
Соколов Матвей Кириллович,капитан,8,58
Никитин Степан Ильич,рядовой,1,54
Соловьёв Андрей Юрьевич,майор,10,43
Лебедев Роман Максимович,майор,6,35
Николаев Роман Алексеевич,лейтенант,12,30
Иванов Евгений Андреевич,капитан,7,59
Соловьёв Юрий Алексеевич,прапорщик,1,35
Лебедев Денис Иванович,капитан,11,50
Орлов Александр Ильич,прапорщик,6,44
Андреев Евгений Александрович,полковник,12,31
Козлов Виктор Ильич,полковник,11,39
Захаров Илья Иванович,сержант,7,30
Макаров Сергей Андреевич,сержант,10,20
Лебедев Максим Александрович,рядовой,4,35
Орлов Алексей Никитич,полковник,4,34
Макаров Никита Иванович,лейтенант,8,31
Морозов Александр Андреевич,полковник,1,51
Морозов Александр Алексеевич,рядовой,10,32
Попов Алексей Юрьевич,сержант,2,40
Яковлев Степан Сергеевич,прапорщик,1,48
Павлов Алексей Павлович,прапорщик,2,25
Кочергин Евгений Павлович,рядовой,4,59
Андреев Юрий Павлович,капитан,7,60
Алексеев Сергей Александрович,майор,7,48
Новиков Константин Алексеевич,полковник,1,45
Яковлев Степан Романович,рядовой,6,28
Орлов Константин Максимович,майор,2,18
Козлов Роман Андреевич,прапорщик,7,33
Николаев Егор Ильич,майор,10,40
Кузнецов Иван Викторович,капитан,12,44
Степанов Александр Викторович,сержант,3,56
Иванов Артём Ильич,майор,3,59
Новиков Илья Викторович,капитан,9,26
Захаров Евгений Алексеевич,капитан,9,46
Кочергин Сергей Кириллович,майор,12,49
Николаев Андрей Олегович,полковник,8,23
Соколов Юрий Андреевич,рядовой,3,45
Алексеев Виктор Максимович,полковник,8,59
Михайлов Матвей Юрьевич,прапорщик,5,32
Павлов Артём Андреевич,капитан,11,44
Захаров Михаил Алексеевич,майор,2,25
Яковлев Михаил Романович,капитан,12,55
Никитин Кирилл Дмитриевич,лейтенант,9,42
Соколов Кирилл Никитич,прапорщик,2,19
Петров Константин Викторович,майор,10,44
Фёдоров Матвей Максимович,лейтенант,10,39
Семёнов Илья Алексеевич,майор,4,59
Павлов Евгений Александрович,капитан,12,42
Михайлов Артём Дмитриевич,лейтенант,12,38
Козлов Александр Юрьевич,полковник,11,27
Захаров Дмитрий Максимович,майор,11,50
Павлов Олег Юрьевич,прапорщик,7,37
Фёдоров Максим Максимович,полковник,9,34
Яковлев Алексей Андреевич,сержант,9,34
Степанов Константин Павлович,сержант,8,60
Степанов Андрей Андреевич,лейтенант,8,27
Новиков Никита Александрович,прапорщик,9,21
Лебедев Константин Михайлович,рядовой,9,25
Борисов Матвей Романович,капитан,7,31
Макаров Никита Андреевич,сержант,5,26
Козлов Александр Александрович,сержант,5,28
Николаев Евгений Ильич,рядовой,5,42
Соловьёв Кирилл Иванович,капитан,8,29
Кочергин Дмитрий Сергеевич,сержант,3,53
Макаров Юрий Юрьевич,майор,10,49
Михайлов Степан Никитич,лейтенант,2,46
Алексеев Алексей Никитич,полковник,11,50
Васильев Павел Дмитриевич,капитан,11,48
Фёдоров Виктор Алексеевич,прапорщик,11,54
Иванов Дмитрий Андреевич,рядовой,7,47
Борисов Алексей Викторович,рядовой,7,22
Егоров Сергей Дмитриевич,сержант,7,36
Соколов Артём Андреевич,рядовой,10,40
Орлов Егор Кириллович,капитан,3,30
Смирнов Матвей Михайлович,сержант,1,41
Зайцев Алексей Павлович,сержант,7,58
Семёнов Степан Михайлович,полковник,12,25
Михайлов Роман Юрьевич,майор,1,45
Андреев Павел Александрович,лейтенант,6,59
Михайлов Степан Никитич,лейтенант,2,57
Орлов Юрий Юрьевич,капитан,10,50
Кузнецов Алексей Никитич,прапорщик,7,31
Морозов Степан Александрович,сержант,1,51
Алексеев Андрей Никитич,прапорщик,3,34
Макаров Сергей Ильич,полковник,3,44
Кузнецов Павел Иванович,лейтенант,9,26
Николаев Юрий Алексеевич,полковник,10,57
Кузнецов Роман Кириллович,майор,9,49
Зайцев Павел Романович,полковник,1,56
Иванов Виктор Алексеевич,сержант,12,54
Никитин Алексей Павлович,лейтенант,10,58
Соколов Евгений Олегович,полковник,5,28
Кочергин Олег Александрович,лейтенант,11,51
Петров Андрей Иванович,майор,8,60
Андреев Илья Кириллович,лейтенант,6,44
Новиков Евгений Сергеевич,сержант,4,60
Макаров Степан Александрович,сержант,2,28
Борисов Константин Иванович,майор,3,48
Орлов Александр Александрович,лейтенант,12,20
Соловьёв Виктор Михайлович,капитан,1,43
Павлов Михаил Максимович,майор,12,39
Захаров Артём Олегович,прапорщик,12,24
Соколов Виктор Дмитриевич,сержант,10,26
Орлов Михаил Сергеевич,сержант,2,19
Егоров Константин Андреевич,лейтенант,10,45
Петров Степан Олегович,полковник,2,48
Степанов Максим Юрьевич,майор,11,58
Соколов Степан Дмитриевич,прапорщик,5,39
Иванов Константин Александрович,рядовой,3,49
Николаев Константин Юрьевич,прапорщик,5,38
Николаев Сергей Никитич,лейтенант,3,31
Петров Олег Максимович,сержант,8,50
Новиков Иван Никитич,рядовой,2,44
Козлов Илья Дмитриевич,капитан,5,32
Михайлов Денис Никитич,прапорщик,7,23
Степанов Олег Викторович,капитан,3,39
Фёдоров Никита Михайлович,лейтенант,5,52
Захаров Денис Дмитриевич,сержант,5,37
Лебедев Сергей Юрьевич,полковник,12,47
Сидоров Юрий Ильич,прапорщик,5,25
Зайцев Андрей Никитич,капитан,6,34
Михайлов Виктор Михайлович,прапорщик,9,60
Егоров Илья Сергеевич,прапорщик,11,54
Егоров Иван Максимович,прапорщик,5,34
Петров Дмитрий Алексеевич,майор,2,59
Кузнецов Сергей Михайлович,капитан,5,18
Фёдоров Михаил Дмитриевич,полковник,4,55
Фёдоров Степан Ильич,капитан,6,32
Лебедев Евгений Ильич,сержант,4,32
Васильев Максим Максимович,прапорщик,8,41
Морозов Иван Михайлович,рядовой,6,42
Васильев Матвей Романович,полковник,11,22
Морозов Матвей Михайлович,сержант,11,18
Петров Кирилл Юрьевич,сержант,5,27
Орлов Матвей Алексеевич,полковник,6,35
Петров Андрей Кириллович,лейтенант,11,31
Семёнов Матвей Кириллович,сержант,4,52
Борисов Иван Максимович,сержант,6,36
Степанов Дмитрий Иванович,сержант,12,42
Борисов Дмитрий Михайлович,лейтенант,4,44
Семёнов Евгений Алексеевич,полковник,10,29
Семёнов Артём Сергеевич,сержант,12,34
Семёнов Роман Михайлович,капитан,11,39
Сидоров Юрий Олегович,сержант,5,52
Степанов Никита Дмитриевич,прапорщик,4,31
Сидоров Никита Викторович,сержант,8,37
Андреев Илья Ильич,рядовой,10,20
Петров Михаил Дмитриевич,полковник,12,29
Попов Артём Максимович,рядовой,10,19
Егоров Роман Павлович,полковник,5,51
Орлов Роман Никитич,прапорщик,11,40
Михайлов Павел Иванович,полковник,12,24
Попов Павел Александрович,прапорщик,7,38
Андреев Алексей Александрович,прапорщик,8,52
Андреев Максим Андреевич,лейтенант,2,34
Сидоров Дмитрий Никитич,прапорщик,10,48
Макаров Евгений Сергеевич,сержант,12,41
Степанов Артём Кириллович,полковник,2,57
Орлов Матвей Ильич,лейтенант,9,31
Васильев Евгений Александрович,полковник,12,31
Новиков Виктор Никитич,полковник,11,32
Попов Степан Ильич,полковник,7,56
Попов Артём Никитич,рядовой,3,27
Яковлев Егор Романович,капитан,5,38
Соколов Степан Никитич,майор,4,29
Смирнов Дмитрий Андреевич,майор,9,33
Лебедев Павел Викторович,полковник,12,39
Борисов Максим Сергеевич,лейтенант,12,53
Петров Матвей Сергеевич,рядовой,10,49
Зайцев Павел Никитич,прапорщик,7,56
Егоров Михаил Никитич,рядовой,4,41
Алексеев Илья Михайлович,капитан,4,19
Васильев Иван Максимович,лейтенант,8,52
Морозов Дмитрий Дмитриевич,рядовой,12,24
Соколов Матвей Андреевич,полковник,5,34
Кочергин Максим Сергеевич,майор,8,29
Соколов Никита Андреевич,лейтенант,9,35
Борисов Сергей Юрьевич,прапорщик,7,51
Михайлов Илья Дмитриевич,сержант,1,49
Егоров Егор Романович,рядовой,11,54
Николаев Сергей Олегович,рядовой,12,35
Николаев Никита Андреевич,лейтенант,7,31
Орлов Дмитрий Иванович,лейтенант,11,59
Козлов Егор Михайлович,майор,8,24
Алексеев Дмитрий Юрьевич,рядовой,10,54
Николаев Олег Александрович,сержант,10,50
Кузнецов Максим Дмитриевич,капитан,2,42
Зайцев Сергей Дмитриевич,прапорщик,7,56
Соколов Максим Ильич,рядовой,1,18
Новиков Евгений Олегович,полковник,2,24
Орлов Артём Олегович,полковник,8,50
Алексеев Кирилл Иванович,сержант,10,24
Орлов Матвей Романович,капитан,9,27
Зайцев Илья Романович,майор,10,35
Зайцев Михаил Дмитриевич,прапорщик,8,34
Морозов Андрей Максимович,сержант,2,28
Лебедев Никита Александрович,лейтенант,9,32
Орлов Артём Иванович,капитан,12,31
Павлов Алексей Олегович,капитан,2,31
Андреев Максим Михайлович,прапорщик,1,36
Захаров Егор Андреевич,майор,9,55
Андреев Матвей Сергеевич,майор,12,36
Степанов Илья Максимович,лейтенант,4,60
Орлов Павел Юрьевич,полковник,3,50
Николаев Егор Сергеевич,майор,7,50
Соловьёв Павел Никитич,майор,7,36
Орлов Илья Ильич,лейтенант,1,26
Кочергин Евгений Сергеевич,лейтенант,2,20
Макаров Сергей Андреевич,майор,8,37
Соколов Егор Ильич,капитан,5,52
Васильев Степан Сергеевич,капитан,1,43
Макаров Кирилл Иванович,капитан,12,40
Захаров Алексей Максимович,прапорщик,7,34
Новиков Алексей Андреевич,капитан,4,19
Зайцев Кирилл Ильич,рядовой,8,41
Лебедев Константин Романович,капитан,9,51
Соколов Роман Ильич,рядовой,6,44
Семёнов Роман Юрьевич,прапорщик,12,29
Васильев Артём Викторович,рядовой,6,53
Кочергин Иван Михайлович,сержант,3,44
Петров Егор Сергеевич,рядовой,8,59
Николаев Никита Максимович,рядовой,4,36
Егоров Дмитрий Павлович,прапорщик,2,52
Козлов Степан Романович,лейтенант,9,29
Павлов Евгений Никитич,майор,12,31
Павлов Максим Михайлович,полковник,9,33
Морозов Иван Викторович,рядовой,3,57
Иванов Олег Сергеевич,майор,8,56
Лебедев Павел Максимович,прапорщик,4,45
Фёдоров Илья Максимович,капитан,2,55
Смирнов Алексей Дмитриевич,рядовой,2,23
Сидоров Степан Юрьевич,рядовой,8,58
Андреев Евгений Олегович,сержант,10,36
Орлов Матвей Викторович,капитан,1,19
Соколов Илья Дмитриевич,капитан,12,19
Борисов Юрий Павлович,полковник,4,58
Николаев Михаил Ильич,лейтенант,12,31
Петров Алексей Максимович,лейтенант,5,23
Морозов Никита Михайлович,рядовой,12,51
Кочергин Андрей Олегович,полковник,12,55
Лебедев Максим Иванович,лейтенант,10,27
Егоров Алексей Романович,прапорщик,2,44
Орлов Максим Кириллович,лейтенант,9,52
Смирнов Александр Юрьевич,прапорщик,12,18
Васильев Максим Сергеевич,капитан,1,32
Андреев Алексей Александрович,рядовой,1,35
Макаров Егор Юрьевич,капитан,11,54
Соловьёв Артём Викторович,капитан,8,49
Кузнецов Алексей Дмитриевич,лейтенант,10,42
Алексеев Евгений Андреевич,полковник,4,45
Козлов Олег Александрович,рядовой,12,18
Попов Кирилл Юрьевич,рядовой,2,55
Лебедев Матвей Романович,лейтенант,10,57
Захаров Виктор Никитич,полковник,10,29
Иванов Алексей Павлович,полковник,8,19
Петров Юрий Юрьевич,рядовой,11,24
Павлов Андрей Олегович,рядовой,1,24
Новиков Максим Олегович,капитан,8,25
Михайлов Роман Сергеевич,рядовой,12,47
Кузнецов Кирилл Михайлович,рядовой,3,29
Захаров Роман Никитич,капитан,7,49
Иванов Алексей Павлович,майор,1,28
Сидоров Алексей Дмитриевич,прапорщик,4,39
Лебедев Юрий Кириллович,полковник,8,32
Алексеев Евгений Дмитриевич,капитан,7,55
Козлов Денис Юрьевич,сержант,2,35
Зайцев Алексей Павлович,полковник,9,28
Степанов Егор Михайлович,полковник,8,58
Соловьёв Павел Викторович,капитан,2,46
Новиков Виктор Павлович,капитан,6,44
Васильев Александр Викторович,полковник,2,48
Васильев Павел Александрович,рядовой,2,37
Морозов Денис Максимович,майор,4,57
Сидоров Сергей Иванович,капитан,12,58
Морозов Максим Романович,лейтенант,7,24
Степанов Артём Викторович,сержант,9,35
Макаров Дмитрий Алексеевич,прапорщик,4,26
Степанов Никита Александрович,лейтенант,5,51
Николаев Максим Александрович,полковник,6,26
Семёнов Дмитрий Никитич,рядовой,8,44
Яковлев Степан Павлович,майор,10,34
Макаров Егор Никитич,рядовой,11,54
Иванов Роман Олегович,сержант,8,26
Захаров Роман Александрович,сержант,1,33
Новиков Матвей Викторович,рядовой,9,20
Алексеев Константин Никитич,прапорщик,12,31
Кузнецов Максим Михайлович,майор,3,47
Павлов Михаил Романович,капитан,12,40
Смирнов Роман Михайлович,сержант,5,36
Петров Павел Сергеевич,капитан,4,46
Захаров Павел Максимович,майор,6,22
Сидоров Михаил Романович,полковник,9,39
Морозов Никита Михайлович,капитан,2,24
Андреев Матвей Никитич,прапорщик,12,54
Яковлев Павел Кириллович,сержант,4,27
Новиков Дмитрий Никитич,рядовой,3,51
Новиков Евгений Андреевич,лейтенант,8,60
Макаров Олег Викторович,майор,1,20
Павлов Андрей Максимович,капитан,8,55
Борисов Павел Юрьевич,капитан,4,22
Андреев Юрий Максимович,прапорщик,2,19
Соловьёв Юрий Ильич,сержант,7,21
Борисов Кирилл Михайлович,рядовой,10,53
Лебедев Олег Юрьевич,полковник,2,29
Морозов Константин Максимович,прапорщик,7,25
Орлов Павел Юрьевич,капитан,4,24
Иванов Денис Олегович,прапорщик,9,21
Яковлев Олег Дмитриевич,сержант,10,22
Макаров Юрий Александрович,сержант,2,49
Никитин Артём Михайлович,лейтенант,9,58
Алексеев Максим Викторович,капитан,8,56
Семёнов Александр Кириллович,полковник,7,39
Зайцев Никита Максимович,майор,8,45
Яковлев Роман Ильич,сержант,1,29
Попов Илья Алексеевич,прапорщик,10,21
Козлов Денис Юрьевич,капитан,2,57
Макаров Алексей Юрьевич,прапорщик,3,30
Кочергин Илья Михайлович,сержант,1,40
Алексеев Степан Алексеевич,майор,7,44
Орлов Александр Никитич,капитан,9,25
Андреев Матвей Никитич,прапорщик,9,29
Попов Олег Максимович,майор,6,32
Васильев Михаил Михайлович,лейтенант,11,26
Лебедев Дмитрий Иванович,лейтенант,9,37
Борисов Роман Олегович,лейтенант,9,18
Морозов Константин Олегович,рядовой,12,32
Борисов Евгений Андреевич,майор,10,19
Семёнов Иван Кириллович,рядовой,4,49
Соколов Виктор Ильич,полковник,7,29
Орлов Максим Олегович,сержант,4,50
Кочергин Алексей Юрьевич,майор,9,39
Васильев Павел Викторович,прапорщик,11,47
Никитин Михаил Александрович,капитан,4,27
Сидоров Виктор Павлович,полковник,6,57
Степанов Александр Кириллович,лейтенант,12,21
Сидоров Алексей Никитич,рядовой,1,21
Попов Олег Юрьевич,сержант,4,47
Козлов Дмитрий Сергеевич,рядовой,2,30
Степанов Никита Дмитриевич,прапорщик,1,21
Соловьёв Павел Олегович,майор,8,31
Макаров Илья Кириллович,полковник,1,56
Захаров Юрий Павлович,сержант,12,57
Иванов Матвей Викторович,лейтенант,3,23
Лебедев Олег Дмитриевич,полковник,4,48
Николаев Евгений Романович,сержант,9,41
Фёдоров Кирилл Никитич,лейтенант,11,45
Семёнов Илья Олегович,лейтенант,1,23
Егоров Александр Александрович,рядовой,8,24
Михайлов Роман Михайлович,капитан,1,49
Степанов Иван Олегович,капитан,10,27
Орлов Максим Никитич,капитан,12,52
Андреев Максим Максимович,рядовой,1,30
Зайцев Андрей Алексеевич,рядовой,10,49
Андреев Виктор Никитич,капитан,7,24
Попов Максим Романович,лейтенант,11,55
Степанов Константин Павлович,прапорщик,2,39
Петров Кирилл Викторович,сержант,8,56
Фёдоров Павел Михайлович,сержант,11,42
Соколов Павел Михайлович,прапорщик,10,22
Михайлов Алексей Ильич,рядовой,1,25
Степанов Матвей Александрович,капитан,8,24
Иванов Андрей Александрович,рядовой,2,51
Борисов Егор Викторович,полковник,1,43
Орлов Егор Андреевич,лейтенант,8,18
Морозов Евгений Алексеевич,сержант,8,18
Петров Иван Кириллович,лейтенант,11,53
Соловьёв Павел Андреевич,капитан,12,19
Егоров Александр Александрович,рядовой,3,26
Орлов Роман Олегович,полковник,1,53
Николаев Евгений Никитич,рядовой,2,41
Орлов Дмитрий Михайлович,сержант,11,33
Соколов Илья Олегович,прапорщик,3,36
Петров Юрий Павлович,капитан,2,50
Николаев Максим Юрьевич,капитан,8,58
Сидоров Сергей Дмитриевич,лейтенант,11,42
Борисов Евгений Романович,лейтенант,10,52
Алексеев Никита Юрьевич,полковник,6,32
Попов Степан Иванович,рядовой,5,56
Новиков Сергей Кириллович,капитан,10,25
Яковлев Иван Алексеевич,рядовой,9,26
Николаев Матвей Сергеевич,рядовой,2,28
Алексеев Егор Михайлович,полковник,5,50
Кузнецов Максим Никитич,полковник,5,58
Степанов Сергей Никитич,лейтенант,9,53
Павлов Виктор Сергеевич,капитан,1,54
Морозов Константин Дмитриевич,майор,5,58
Козлов Степан Кириллович,лейтенант,4,60
Кочергин Иван Олегович,сержант,4,22
Попов Степан Александрович,лейтенант,3,27
Фёдоров Александр Дмитриевич,майор,12,60
Иванов Константин Иванович,рядовой,4,18
Макаров Олег Сергеевич,полковник,5,30
Морозов Денис Дмитриевич,прапорщик,4,48
Морозов Евгений Максимович,майор,3,33
Никитин Иван Юрьевич,сержант,6,30
Алексеев Михаил Романович,майор,5,35
Семёнов Олег Андреевич,рядовой,6,38
Никитин Павел Максимович,лейтенант,4,55
Кочергин Виктор Романович,майор,12,27
Борисов Дмитрий Иванович,сержант,10,59
Лебедев Илья Александрович,лейтенант,2,46
Павлов Денис Андреевич,лейтенант,1,42
Васильев Артём Романович,прапорщик,5,60
Семёнов Денис Викторович,капитан,5,50
Николаев Виктор Александрович,прапорщик,2,59
Никитин Александр Сергеевич,полковник,9,27
Яковлев Андрей Кириллович,прапорщик,2,42
Орлов Никита Дмитриевич,майор,11,45
Захаров Матвей Романович,прапорщик,9,32
Орлов Матвей Алексеевич,рядовой,7,39
Семёнов Михаил Сергеевич,капитан,6,55
Попов Матвей Сергеевич,майор,9,43
Андреев Михаил Иванович,майор,1,59
Кузнецов Виктор Олегович,лейтенант,11,59
Васильев Денис Романович,сержант,11,26
Николаев Максим Юрьевич,капитан,5,24
Степанов Роман Никитич,полковник,12,32
Степанов Дмитрий Павлович,майор,3,39
Сидоров Андрей Юрьевич,сержант,3,59
Степанов Кирилл Олегович,капитан,11,32
Соколов Дмитрий Павлович,лейтенант,11,32
Зайцев Евгений Юрьевич,капитан,11,38
Павлов Кирилл Павлович,капитан,4,56
Семёнов Никита Никитич,рядовой,11,43
Борисов Степан Романович,сержант,10,47
Захаров Максим Павлович,сержант,4,47
Алексеев Евгений Михайлович,лейтенант,3,43
Новиков Юрий Юрьевич,рядовой,2,53
Зайцев Олег Павлович,майор,2,55
Сидоров Евгений Андреевич,лейтенант,11,34
Попов Дмитрий Алексеевич,капитан,12,56
Зайцев Артём Михайлович,рядовой,2,22
Захаров Максим Кириллович,полковник,12,24
Кочергин Матвей Максимович,полковник,11,23
Васильев Олег Романович,прапорщик,6,23
Соколов Кирилл Андреевич,капитан,2,31
Сидоров Денис Павлович,лейтенант,4,24
Алексеев Никита Александрович,сержант,4,30
Соловьёв Алексей Андреевич,майор,11,35
Лебедев Константин Никитич,прапорщик,1,56
Кузнецов Константин Дмитриевич,сержант,5,39
Орлов Роман Юрьевич,рядовой,5,20
Захаров Степан Алексеевич,рядовой,8,40
Николаев Матвей Кириллович,прапорщик,10,50
Орлов Илья Александрович,рядовой,12,38
Козлов Артём Олегович,прапорщик,5,52
Павлов Кирилл Андреевич,лейтенант,3,27
Кочергин Степан Дмитриевич,капитан,7,33
Николаев Павел Александрович,полковник,11,37
Иванов Степан Андреевич,полковник,1,56
Николаев Иван Андреевич,полковник,5,20
Михайлов Андрей Сергеевич,сержант,4,19
Сидоров Степан Юрьевич,капитан,9,38
Борисов Константин Алексеевич,полковник,3,49
Сидоров Роман Викторович,лейтенант,1,59
Егоров Юрий Романович,полковник,8,51
Лебедев Виктор Павлович,сержант,7,60
Петров Павел Сергеевич,лейтенант,8,26
Смирнов Кирилл Михайлович,полковник,3,53
Соловьёв Егор Павлович,рядовой,10,31
Новиков Александр Ильич,сержант,7,26
Алексеев Денис Романович,прапорщик,10,28
Алексеев Илья Андреевич,прапорщик,2,29
Попов Матвей Ильич,сержант,5,48
Морозов Степан Никитич,прапорщик,11,53
Орлов Роман Александрович,прапорщик,8,53
Новиков Степан Кириллович,сержант,6,26
Павлов Алексей Дмитриевич,полковник,2,32
Андреев Сергей Павлович,прапорщик,9,48
Семёнов Павел Ильич,капитан,6,50
Михайлов Евгений Викторович,прапорщик,7,35
Сидоров Иван Иванович,прапорщик,11,25
Сидоров Илья Викторович,прапорщик,8,57
Козлов Андрей Дмитриевич,сержант,10,43
Фёдоров Константин Викторович,прапорщик,8,39
Михайлов Константин Александрович,майор,7,45
Васильев Роман Дмитриевич,прапорщик,7,34
Лебедев Виктор Дмитриевич,сержант,12,49
Соловьёв Кирилл Максимович,рядовой,9,53
Соколов Сергей Олегович,полковник,12,38
Петров Максим Андреевич,капитан,6,48
Орлов Кирилл Андреевич,майор,8,38
Степанов Алексей Алексеевич,капитан,7,48
Смирнов Матвей Кириллович,полковник,12,44
Кочергин Илья Сергеевич,рядовой,1,44
Лебедев Илья Сергеевич,рядовой,3,43
Захаров Юрий Иванович,полковник,1,48
Орлов Степан Михайлович,прапорщик,7,41
Сидоров Никита Павлович,майор,5,32
Соловьёв Евгений Дмитриевич,майор,9,48
Макаров Никита Иванович,майор,8,54
Кочергин Андрей Кириллович,капитан,10,33
Степанов Константин Ильич,полковник,8,39
Павлов Дмитрий Ильич,полковник,7,55
Никитин Михаил Иванович,полковник,3,46
Павлов Егор Олегович,сержант,9,46
Орлов Максим Ильич,рядовой,8,49
Николаев Виктор Романович,полковник,9,50
Никитин Егор Кириллович,капитан,7,30
Петров Роман Кириллович,прапорщик,9,60
Сидоров Максим Ильич,полковник,6,25
Соколов Сергей Кириллович,лейтенант,10,60
Фёдоров Александр Максимович,лейтенант,3,18
Козлов Евгений Сергеевич,капитан,8,50
Егоров Олег Павлович,капитан,5,33
Кузнецов Дмитрий Ильич,прапорщик,1,41
Соловьёв Юрий Максимович,майор,5,29
Семёнов Константин Романович,капитан,11,22
Яковлев Никита Юрьевич,майор,1,27
Егоров Сергей Михайлович,полковник,4,22
Яковлев Илья Кириллович,прапорщик,6,53
Сидоров Денис Алексеевич,лейтенант,8,18
Егоров Роман Андреевич,рядовой,10,55
Кочергин Юрий Юрьевич,майор,5,31
Яковлев Денис Павлович,рядовой,12,30
Лебедев Андрей Никитич,капитан,12,21
Никитин Матвей Юрьевич,рядовой,2,60
Егоров Иван Дмитриевич,рядовой,12,31
Захаров Олег Алексеевич,капитан,8,28
Захаров Матвей Романович,сержант,6,58
Павлов Юрий Максимович,капитан,5,45
Кузнецов Матвей Сергеевич,сержант,5,57
Орлов Никита Павлович,майор,9,40
Козлов Алексей Сергеевич,прапорщик,11,34
Соловьёв Денис Романович,капитан,4,45
Морозов Дмитрий Алексеевич,капитан,7,43
Иванов Артём Юрьевич,рядовой,11,46
Смирнов Егор Ильич,сержант,2,19
Иванов Никита Павлович,прапорщик,1,42
Зайцев Илья Юрьевич,прапорщик,4,25
Егоров Денис Юрьевич,лейтенант,10,43
Кочергин Константин Сергеевич,капитан,3,39
Соловьёв Никита Олегович,сержант,12,18
Сидоров Константин Павлович,рядовой,1,22
Андреев Алексей Олегович,прапорщик,2,51
Сидоров Павел Максимович,капитан,2,40
Васильев Роман Викторович,полковник,8,27
Семёнов Кирилл Никитич,капитан,3,43
Павлов Матвей Кириллович,рядовой,4,27
Макаров Олег Андреевич,майор,9,57
Яковлев Кирилл Павлович,капитан,7,21
Фёдоров Сергей Юрьевич,прапорщик,9,56
Соколов Иван Ильич,рядовой,11,44
Макаров Виктор Романович,лейтенант,5,24
Степанов Никита Романович,лейтенант,2,36
Смирнов Степан Сергеевич,сержант,10,46
Яковлев Максим Викторович,рядовой,10,23
Козлов Денис Иванович,капитан,9,32
Морозов Иван Ильич,лейтенант,12,60
Степанов Степан Юрьевич,майор,8,27
Семёнов Артём Романович,лейтенант,7,21
Никитин Никита Александрович,полковник,9,58
Новиков Никита Иванович,рядовой,6,50
Попов Алексей Алексеевич,лейтенант,5,50
Семёнов Роман Никитич,полковник,7,44
Иванов Иван Алексеевич,лейтенант,4,48
Лебедев Дмитрий Иванович,лейтенант,7,26
Васильев Константин Сергеевич,полковник,7,60
Степанов Артём Юрьевич,лейтенант,1,34
Степанов Михаил Никитич,майор,5,60
Степанов Андрей Максимович,лейтенант,10,43
Кузнецов Михаил Павлович,майор,10,48
Зайцев Роман Алексеевич,капитан,4,52
Николаев Егор Викторович,майор,7,20
Орлов Алексей Андреевич,капитан,9,23
Соколов Павел Кириллович,прапорщик,4,53
Егоров Максим Никитич,сержант,12,45
Николаев Сергей Сергеевич,рядовой,6,46
Павлов Алексей Ильич,полковник,10,52
Новиков Олег Романович,лейтенант,10,35
Лебедев Дмитрий Андреевич,капитан,1,21
Макаров Виктор Павлович,майор,5,51
Николаев Олег Алексеевич,майор,3,60
Соколов Дмитрий Юрьевич,сержант,7,45
Андреев Андрей Никитич,прапорщик,11,42
Николаев Михаил Сергеевич,полковник,3,35
Зайцев Андрей Максимович,прапорщик,2,35
Смирнов Дмитрий Романович,сержант,5,37
Соловьёв Михаил Сергеевич,прапорщик,11,40
Васильев Константин Юрьевич,прапорщик,7,35
Лебедев Артём Андреевич,майор,6,42
Егоров Иван Юрьевич,лейтенант,10,29
Егоров Александр Викторович,полковник,1,20
Лебедев Сергей Андреевич,рядовой,2,29
Макаров Иван Михайлович,лейтенант,8,53
Козлов Роман Алексеевич,сержант,4,28
Борисов Роман Максимович,капитан,5,41
Лебедев Александр Романович,капитан,4,53
Козлов Олег Сергеевич,полковник,5,52
Морозов Илья Никитич,прапорщик,5,38
Михайлов Иван Иванович,прапорщик,10,32
Соколов Артём Сергеевич,капитан,11,28
Лебедев Павел Романович,майор,3,54
Соловьёв Максим Максимович,лейтенант,12,33
Алексеев Сергей Александрович,полковник,3,53
Петров Денис Сергеевич,прапорщик,5,42
Смирнов Денис Дмитриевич,полковник,9,60
Петров Денис Сергеевич,рядовой,12,24
Егоров Иван Никитич,сержант,11,53
Николаев Артём Сергеевич,сержант,10,30
Васильев Егор Никитич,сержант,8,59
Сидоров Егор Дмитриевич,лейтенант,1,54
Морозов Степан Олегович,майор,6,27
Орлов Илья Андреевич,рядовой,11,49
Алексеев Юрий Михайлович,капитан,6,23
Алексеев Алексей Сергеевич,сержант,8,42
Егоров Илья Алексеевич,полковник,10,26
Козлов Артём Сергеевич,капитан,12,52
Новиков Иван Юрьевич,прапорщик,6,20
Иванов Матвей Романович,полковник,1,42
Соловьёв Алексей Максимович,капитан,11,32
Кузнецов Александр Романович,прапорщик,11,39
Яковлев Павел Викторович,рядовой,6,51
Павлов Сергей Максимович,майор,10,31
Егоров Михаил Сергеевич,майор,6,55
Попов Никита Дмитриевич,прапорщик,1,23
Морозов Матвей Никитич,лейтенант,11,45
Иванов Матвей Михайлович,сержант,11,20
Морозов Павел Павлович,капитан,2,38
Кузнецов Константин Олегович,лейтенант,12,51
Соловьёв Андрей Александрович,майор,9,48
Соловьёв Егор Андреевич,сержант,10,21
Никитин Никита Романович,полковник,2,22
Павлов Михаил Александрович,рядовой,2,26
Фёдоров Юрий Романович,рядовой,7,35
Васильев Артём Ильич,майор,2,36
Макаров Степан Сергеевич,рядовой,9,34
Зайцев Егор Александрович,рядовой,6,38
Зайцев Михаил Сергеевич,капитан,12,24
Зайцев Роман Сергеевич,сержант,6,18
Алексеев Евгений Никитич,капитан,12,43
Морозов Виктор Иванович,лейтенант,3,43
Николаев Матвей Александрович,прапорщик,1,51
Борисов Кирилл Андреевич,майор,4,20
Смирнов Олег Романович,сержант,7,46
Алексеев Сергей Викторович,прапорщик,5,52
Кочергин Матвей Дмитриевич,лейтенант,9,50
Соловьёв Иван Ильич,сержант,12,52
Иванов Степан Иванович,полковник,9,39
Семёнов Матвей Кириллович,капитан,1,47
Попов Кирилл Максимович,рядовой,1,48
Михайлов Кирилл Никитич,лейтенант,12,54
Морозов Константин Александрович,рядовой,10,40
Новиков Максим Викторович,капитан,11,56
Макаров Дмитрий Павлович,сержант,6,19
Кочергин Михаил Александрович,рядовой,5,36
Егоров Виктор Романович,сержант,11,50
Степанов Роман Александрович,рядовой,10,39
Алексеев Михаил Максимович,капитан,10,50
Николаев Никита Романович,сержант,6,28
Павлов Андрей Михайлович,рядовой,2,41
Васильев Константин Никитич,лейтенант,8,45
Николаев Павел Викторович,капитан,4,23
Макаров Константин Александрович,рядовой,4,54
Борисов Илья Олегович,капитан,4,22
Васильев Максим Викторович,капитан,4,26
Орлов Матвей Александрович,прапорщик,5,25
Попов Кирилл Андреевич,майор,10,37
Попов Андрей Викторович,капитан,6,20
Никитин Денис Михайлович,лейтенант,2,29
Попов Кирилл Михайлович,майор,11,35
Яковлев Алексей Кириллович,рядовой,11,46
Михайлов Роман Алексеевич,капитан,3,35
Смирнов Павел Ильич,сержант,7,38
Петров Михаил Дмитриевич,рядовой,5,26
Смирнов Виктор Александрович,лейтенант,4,22
Кузнецов Дмитрий Кириллович,лейтенант,2,30
Андреев Михаил Олегович,прапорщик,4,36
Борисов Юрий Никитич,майор,3,28
Макаров Иван Никитич,капитан,12,55
Павлов Матвей Алексеевич,сержант,7,52
Лебедев Егор Дмитриевич,лейтенант,11,40
Сидоров Артём Сергеевич,полковник,6,56
Никитин Иван Никитич,прапорщик,12,21
Захаров Михаил Юрьевич,майор,11,22
Семёнов Степан Викторович,майор,2,48
Новиков Константин Олегович,сержант,11,28
Николаев Виктор Юрьевич,сержант,6,21
Павлов Егор Кириллович,капитан,6,57
Семёнов Артём Михайлович,прапорщик,7,35
Егоров Илья Юрьевич,капитан,7,24
Козлов Евгений Никитич,полковник,8,58
Зайцев Павел Ильич,сержант,3,18
Иванов Павел Викторович,полковник,1,55
Иванов Кирилл Иванович,майор,4,46
Фёдоров Алексей Михайлович,лейтенант,6,47
Иванов Никита Ильич,лейтенант,5,39
Лебедев Кирилл Романович,майор,1,25
Васильев Кирилл Кириллович,лейтенант,8,27
Иванов Александр Викторович,рядовой,11,36
Орлов Илья Михайлович,рядовой,10,31
Никитин Михаил Юрьевич,майор,6,30
Николаев Матвей Андреевич,майор,5,34
Сидоров Денис Олегович,лейтенант,8,55
Козлов Андрей Павлович,сержант,10,18
Фёдоров Михаил Кириллович,прапорщик,1,20
Егоров Александр Михайлович,прапорщик,12,22
Егоров Кирилл Викторович,рядовой,9,43
Никитин Виктор Викторович,майор,12,51
Кузнецов Иван Викторович,капитан,10,46
Смирнов Матвей Павлович,лейтенант,8,25
Яковлев Кирилл Александрович,рядовой,7,26
Орлов Константин Никитич,прапорщик,1,57
Михайлов Константин Кириллович,прапорщик,10,59
Макаров Максим Павлович,лейтенант,10,26
Иванов Кирилл Романович,лейтенант,9,38
Егоров Павел Алексеевич,лейтенант,3,21
Морозов Сергей Олегович,рядовой,4,34
Михайлов Денис Александрович,прапорщик,5,41
Семёнов Алексей Максимович,капитан,3,35
