fullName,rank,companyNumber,age
Козлов Матвей Юрьевич,лейтенант,1,37
Егоров Виктор Кириллович,сержант,2,41
Николаев Егор Ильич,сержант,12,33
Лебедев Илья Максимович,сержант,12,43
Борисов Егор Андреевич,лейтенант,11,56
Петров Денис Алексеевич,лейтенант,4,25
Петров Олег Олегович,капитан,2,60
Фёдоров Михаил Михайлович,майор,5,60
Никитин Кирилл Михайлович,майор,6,60
Кузнецов Олег Ильич,лейтенант,11,45
Борисов Михаил Павлович,капитан,4,24
Павлов Павел Юрьевич,рядовой,3,40
Захаров Сергей Павлович,полковник,6,45
Морозов Илья Никитич,полковник,12,34
Михайлов Дмитрий Андреевич,полковник,4,18
Борисов Сергей Кириллович,сержант,12,60
Андреев Денис Александрович,капитан,12,55
Макаров Олег Ильич,рядовой,12,20
Лебедев Максим Никитич,сержант,5,37
Никитин Виктор Викторович,лейтенант,2,47
Соловьёв Иван Александрович,майор,5,38
Павлов Егор Иванович,капитан,11,29
Михайлов Олег Михайлович,полковник,7,21
Кузнецов Роман Александрович,капитан,4,18
Михайлов Евгений Алексеевич,рядовой,4,31
Михайлов Денис Александрович,капитан,5,48
Михайлов Степан Кириллович,прапорщик,10,25
Егоров Степан Юрьевич,прапорщик,12,46
Михайлов Иван Михайлович,полковник,10,29
Алексеев Юрий Викторович,рядовой,11,33
Попов Константин Дмитриевич,капитан,10,52
Макаров Кирилл Сергеевич,полковник,6,48
Сидоров Евгений Кириллович,прапорщик,3,37
Сидоров Максим Дмитриевич,полковник,6,53
Егоров Степан Алексеевич,полковник,9,53
Захаров Денис Андреевич,прапорщик,9,19
Зайцев Егор Иванович,полковник,7,60
Алексеев Денис Олегович,капитан,5,19
Козлов Илья Александрович,рядовой,11,29
Алексеев Егор Александрович,майор,2,50
Васильев Кирилл Никитич,рядовой,10,30
Попов Матвей Максимович,прапорщик,6,59
Андреев Александр Андреевич,рядовой,10,19
Орлов Матвей Никитич,сержант,5,33
Смирнов Александр Викторович,рядовой,2,34
Макаров Сергей Андреевич,майор,8,50
Иванов Павел Юрьевич,сержант,9,24
Петров Константин Дмитриевич,полковник,7,29
Иванов Илья Алексеевич,лейтенант,4,21
Алексеев Илья Михайлович,полковник,5,33
Алексеев Андрей Дмитриевич,сержант,12,55
Новиков Степан Сергеевич,рядовой,11,23
Попов Павел Юрьевич,полковник,7,34
Иванов Иван Андреевич,полковник,1,59
Фёдоров Сергей Романович,капитан,6,32
Васильев Максим Романович,прапорщик,2,54
Михайлов Михаил Олегович,капитан,9,23
Васильев Дмитрий Сергеевич,рядовой,1,51
Соколов Дмитрий Олегович,капитан,10,60
Козлов Дмитрий Кириллович,лейтенант,4,58
Лебедев Александр Ильич,полковник,11,44
Захаров Максим Олегович,сержант,3,32
Фёдоров Павел Кириллович,лейтенант,7,27
Козлов Артём Юрьевич,прапорщик,1,58
Яковлев Степан Александрович,сержант,12,20
Егоров Никита Алексеевич,прапорщик,5,38
Соловьёв Егор Никитич,лейтенант,10,56
Соловьёв Сергей Юрьевич,сержант,8,51
Андреев Александр Алексеевич,полковник,11,47
Захаров Алексей Михайлович,рядовой,10,51
Соловьёв Юрий Викторович,прапорщик,7,27
Никитин Андрей Романович,лейтенант,8,33
Новиков Андрей Максимович,прапорщик,3,42
Семёнов Денис Никитич,майор,9,60
Лебедев Сергей Максимович,майор,1,38
Семёнов Иван Кириллович,рядовой,12,50
Николаев Матвей Алексеевич,прапорщик,4,20
Фёдоров Матвей Максимович,капитан,7,30
Егоров Андрей Иванович,прапорщик,4,43
Соловьёв Матвей Юрьевич,прапорщик,2,18
Семёнов Матвей Павлович,сержант,7,57
Попов Андрей Павлович,капитан,5,27
Иванов Константин Андреевич,сержант,11,23
Соколов Егор Дмитриевич,прапорщик,8,60
Степанов Иван Алексеевич,лейтенант,1,26
Соколов Денис Андреевич,капитан,6,30
Михайлов Артём Алексеевич,сержант,12,19
Михайлов Иван Олегович,сержант,10,35
Михайлов Матвей Викторович,сержант,9,28
Кочергин Сергей Олегович,лейтенант,10,43
Семёнов Константин Алексеевич,лейтенант,3,40
Козлов Павел Никитич,капитан,9,42
Иванов Максим Юрьевич,лейтенант,6,59
Никитин Юрий Иванович,лейтенант,3,28
Макаров Сергей Викторович,рядовой,5,45
Семёнов Кирилл Сергеевич,капитан,9,19
Фёдоров Александр Романович,капитан,4,52
Степанов Сергей Михайлович,лейтенант,3,24
Николаев Евгений Никитич,рядовой,8,54
Морозов Денис Иванович,капитан,2,58
Смирнов Степан Павлович,сержант,7,56
Орлов Александр Викторович,лейтенант,7,59
Козлов Константин Ильич,майор,7,25
Никитин Иван Ильич,сержант,12,58
Семёнов Сергей Никитич,прапорщик,9,31
Козлов Максим Викторович,сержант,3,38
Сидоров Кирилл Романович,прапорщик,7,19
Алексеев Виктор Дмитриевич,лейтенант,7,34
Яковлев Олег Александрович,сержант,12,48
Козлов Максим Никитич,прапорщик,10,57
Семёнов Дмитрий Викторович,рядовой,5,39
Яковлев Юрий Михайлович,капитан,3,25
Соколов Никита Никитич,майор,10,48
Никитин Юрий Иванович,капитан,12,55
Зайцев Артём Иванович,сержант,9,37
Козлов Егор Максимович,сержант,11,39
Фёдоров Никита Алексеевич,сержант,2,37
Кочергин Артём Андреевич,полковник,9,48
Зайцев Степан Сергеевич,рядовой,7,26
Фёдоров Олег Кириллович,майор,10,24
Васильев Матвей Дмитриевич,капитан,4,28
Яковлев Олег Ильич,полковник,3,32
Орлов Никита Максимович,майор,7,58
Кочергин Виктор Сергеевич,рядовой,8,36
Кочергин Михаил Михайлович,сержант,10,57
Никитин Андрей Александрович,полковник,7,25
Захаров Максим Дмитриевич,прапорщик,11,53
Кочергин Никита Юрьевич,капитан,3,57
Яковлев Виктор Романович,лейтенант,9,49
Семёнов Никита Романович,рядовой,8,24
Егоров Максим Александрович,сержант,6,39
Николаев Юрий Дмитриевич,капитан,5,32
Попов Артём Никитич,прапорщик,10,47
Захаров Алексей Юрьевич,полковник,6,59
Яковлев Матвей Романович,лейтенант,8,21
Семёнов Дмитрий Максимович,майор,11,44
Сидоров Денис Дмитриевич,полковник,9,35
Зайцев Егор Александрович,капитан,5,40
Кочергин Денис Иванович,капитан,1,59
Козлов Михаил Ильич,майор,1,22
Васильев Артём Романович,капитан,1,47
Орлов Никита Никитич,полковник,12,23
Сидоров Степан Ильич,сержант,5,25
Иванов Юрий Андреевич,полковник,5,45
Новиков Александр Павлович,сержант,5,57
Егоров Олег Дмитриевич,майор,5,22
Степанов Дмитрий Андреевич,прапорщик,2,24
Козлов Александр Андреевич,прапорщик,5,23
Васильев Роман Максимович,лейтенант,8,26
Соловьёв Егор Юрьевич,лейтенант,3,18
Никитин Виктор Юрьевич,майор,12,53
Захаров Илья Андреевич,прапорщик,9,31
Морозов Егор Сергеевич,рядовой,7,58
Смирнов Иван Кириллович,сержант,11,50
Лебедев Юрий Максимович,капитан,2,51
Никитин Илья Викторович,капитан,4,30
Попов Егор Юрьевич,майор,7,31
Лебедев Иван Кириллович,рядовой,7,20
Макаров Артём Павлович,майор,2,48
Борисов Павел Андреевич,капитан,7,18
Соловьёв Виктор Никитич,лейтенант,8,33
Яковлев Андрей Юрьевич,майор,6,29
Егоров Олег Андреевич,полковник,1,55
Морозов Дмитрий Викторович,прапорщик,10,57
Андреев Александр Романович,капитан,1,54
Павлов Олег Юрьевич,рядовой,11,47
Никитин Константин Максимович,капитан,2,58
Морозов Евгений Ильич,полковник,5,40
Попов Кирилл Романович,прапорщик,7,47
Андреев Денис Романович,полковник,3,23
Иванов Евгений Алексеевич,полковник,2,55
Смирнов Михаил Ильич,полковник,11,52
Николаев Александр Алексеевич,рядовой,9,57
Никитин Егор Юрьевич,полковник,2,57
Смирнов Павел Сергеевич,лейтенант,1,55
Смирнов Андрей Павлович,капитан,10,46
Захаров Никита Кириллович,капитан,12,38
Васильев Андрей Алексеевич,лейтенант,1,53
Алексеев Матвей Алексеевич,лейтенант,2,31
Андреев Илья Олегович,лейтенант,7,55
Морозов Сергей Никитич,капитан,2,54
Зайцев Павел Олегович,майор,5,58
Егоров Сергей Сергеевич,майор,6,56
Борисов Денис Юрьевич,капитан,2,34
Кочергин Матвей Викторович,полковник,4,47
Морозов Дмитрий Викторович,рядовой,1,48
Андреев Евгений Алексеевич,капитан,2,55
Макаров Денис Романович,капитан,10,26
Николаев Артём Александрович,прапорщик,7,39
Борисов Степан Олегович,сержант,10,33
Сидоров Алексей Никитич,капитан,8,60
Захаров Александр Юрьевич,майор,3,20
Никитин Роман Максимович,майор,5,47
Степанов Евгений Никитич,полковник,4,24
Николаев Алексей Павлович,прапорщик,8,33
Павлов Виктор Олегович,капитан,9,18
Павлов Сергей Андреевич,лейтенант,12,23
Егоров Виктор Александрович,лейтенант,10,20
Соловьёв Дмитрий Викторович,лейтенант,5,51
Морозов Сергей Дмитриевич,рядовой,8,38
Смирнов Егор Викторович,лейтенант,11,53
Соколов Михаил Андреевич,полковник,7,57
Макаров Юрий Александрович,сержант,6,54
Сидоров Максим Дмитриевич,рядовой,5,23
Фёдоров Алексей Александрович,полковник,4,50
Егоров Андрей Алексеевич,лейтенант,6,46
Соловьёв Сергей Павлович,сержант,2,31
Иванов Кирилл Никитич,рядовой,5,50
Павлов Олег Викторович,прапорщик,7,56
Алексеев Сергей Александрович,майор,6,55
Степанов Максим Алексеевич,сержант,8,44
Семёнов Денис Андреевич,лейтенант,12,20
Фёдоров Иван Олегович,прапорщик,6,27
Иванов Никита Михайлович,капитан,4,47
Захаров Михаил Павлович,капитан,12,20
Алексеев Михаил Юрьевич,полковник,7,34
Петров Матвей Александрович,полковник,11,36
Михайлов Александр Кириллович,сержант,12,42
Козлов Андрей Максимович,прапорщик,11,26
Алексеев Дмитрий Павлович,полковник,5,37
Орлов Сергей Олегович,сержант,3,18
Васильев Кирилл Павлович,капитан,11,36
Соколов Евгений Романович,прапорщик,8,46
Макаров Максим Павлович,полковник,1,34
Егоров Александр Иванович,лейтенант,4,38
Павлов Евгений Михайлович,прапорщик,6,34
Павлов Сергей Андреевич,прапорщик,7,24
Орлов Никита Викторович,рядовой,10,52
Кузнецов Денис Андреевич,капитан,1,51
Козлов Алексей Александрович,сержант,2,53
Павлов Сергей Ильич,прапорщик,6,52
Николаев Сергей Александрович,майор,11,32
Никитин Павел Дмитриевич,полковник,10,52
Егоров Александр Кириллович,сержант,11,40
Борисов Михаил Алексеевич,капитан,7,37
Николаев Виктор Михайлович,прапорщик,10,36
Борисов Денис Павлович,майор,11,59
Алексеев Олег Максимович,прапорщик,3,39
Егоров Никита Юрьевич,капитан,4,37
Лебедев Дмитрий Викторович,прапорщик,2,27
Михайлов Максим Викторович,полковник,10,37
Попов Михаил Романович,рядовой,10,26
Петров Илья Дмитриевич,рядовой,10,40
Попов Андрей Романович,рядовой,12,27
Захаров Михаил Викторович,рядовой,6,28
Семёнов Роман Кириллович,майор,7,42
Соловьёв Евгений Юрьевич,рядовой,10,53
Козлов Александр Никитич,прапорщик,1,52
Васильев Константин Михайлович,полковник,8,29
Зайцев Дмитрий Викторович,лейтенант,10,41
Борисов Артём Павлович,капитан,10,27
Попов Алексей Викторович,капитан,4,29
Зайцев Роман Юрьевич,рядовой,4,43
Лебедев Матвей Максимович,сержант,6,29
Зайцев Степан Иванович,капитан,1,48
Алексеев Матвей Иванович,прапорщик,10,21
Петров Павел Иванович,сержант,10,50
Новиков Олег Юрьевич,рядовой,5,48
Яковлев Дмитрий Кириллович,майор,5,18
Фёдоров Андрей Михайлович,рядовой,10,25
Захаров Михаил Романович,капитан,10,29
Степанов Иван Александрович,майор,9,28
Николаев Юрий Дмитриевич,полковник,7,53
Петров Евгений Павлович,полковник,4,43
Яковлев Егор Алексеевич,майор,11,25
Соколов Юрий Сергеевич,сержант,1,47
Сидоров Егор Иванович,сержант,2,40
Кочергин Виктор Александрович,прапорщик,7,55
Павлов Денис Кириллович,прапорщик,11,26
Алексеев Павел Дмитриевич,капитан,1,22
Новиков Евгений Юрьевич,полковник,6,36
Егоров Кирилл Максимович,рядовой,10,54
Новиков Денис Романович,полковник,7,32
Андреев Илья Викторович,капитан,4,31
Попов Илья Иванович,лейтенант,10,55
Соловьёв Сергей Дмитриевич,лейтенант,2,20
Семёнов Андрей Олегович,прапорщик,6,42
Попов Константин Алексеевич,полковник,2,26
Кузнецов Максим Дмитриевич,лейтенант,10,36
Васильев Иван Павлович,сержант,8,21
Михайлов Егор Михайлович,капитан,8,51
Захаров Андрей Викторович,майор,9,46
Соколов Никита Олегович,прапорщик,12,53
Яковлев Алексей Ильич,майор,7,30
Зайцев Дмитрий Олегович,сержант,8,47
Лебедев Олег Алексеевич,капитан,4,53
Павлов Сергей Андреевич,капитан,9,38
Кочергин Андрей Кириллович,рядовой,12,23
Кочергин Матвей Олегович,полковник,10,41
Петров Андрей Андреевич,полковник,7,49
Козлов Роман Максимович,лейтенант,10,22
Никитин Роман Михайлович,полковник,7,56
Новиков Степан Юрьевич,полковник,2,23
Попов Никита Павлович,полковник,8,33
Николаев Степан Павлович,сержант,8,49
Новиков Артём Иванович,полковник,8,45
Фёдоров Константин Кириллович,капитан,11,58
Алексеев Андрей Максимович,полковник,9,32
Фёдоров Константин Андреевич,майор,5,55
Сидоров Роман Сергеевич,лейтенант,2,29
Зайцев Роман Олегович,капитан,2,51
Кузнецов Илья Алексеевич,прапорщик,6,47
Кочергин Михаил Алексеевич,майор,11,58
Яковлев Алексей Алексеевич,рядовой,7,46
Степанов Илья Иванович,лейтенант,4,41
Никитин Константин Никитич,рядовой,6,32
Козлов Степан Олегович,полковник,6,40
Фёдоров Сергей Александрович,лейтенант,2,22
Алексеев Илья Никитич,полковник,11,35
Козлов Михаил Сергеевич,сержант,11,18
Соловьёв Алексей Никитич,полковник,10,31
Лебедев Юрий Андреевич,полковник,7,24
Попов Олег Андреевич,сержант,8,38
Васильев Алексей Олегович,майор,3,43
Соловьёв Максим Алексеевич,рядовой,6,45
Козлов Дмитрий Викторович,лейтенант,5,47
Кочергин Виктор Викторович,сержант,11,28
Новиков Матвей Никитич,капитан,5,43
Алексеев Артём Александрович,капитан,5,50
Соколов Дмитрий Максимович,сержант,3,23
Михайлов Андрей Ильич,сержант,5,39
Орлов Илья Юрьевич,полковник,6,18
Кузнецов Юрий Сергеевич,полковник,10,18
Соколов Андрей Михайлович,прапорщик,2,33
Соколов Андрей Алексеевич,прапорщик,12,38
Семёнов Денис Ильич,сержант,8,55
Соколов Денис Александрович,капитан,7,30
Егоров Андрей Иванович,сержант,5,59
Козлов Роман Викторович,майор,3,23
Сидоров Сергей Ильич,сержант,1,53
Смирнов Никита Михайлович,сержант,7,55
Никитин Матвей Александрович,рядовой,2,57
Андреев Егор Никитич,полковник,7,52
Семёнов Илья Викторович,полковник,6,45
Зайцев Максим Олегович,полковник,9,25
Новиков Юрий Ильич,майор,11,47
Николаев Матвей Михайлович,полковник,8,35
Иванов Сергей Никитич,рядовой,6,59
Орлов Андрей Романович,прапорщик,4,27
Кочергин Илья Иванович,полковник,1,57
Попов Егор Ильич,лейтенант,10,21
Зайцев Илья Павлович,капитан,1,47
Семёнов Роман Кириллович,рядовой,12,32
Попов Денис Сергеевич,капитан,12,34
Васильев Степан Кириллович,сержант,8,40
Андреев Александр Викторович,майор,1,53
Захаров Егор Александрович,прапорщик,5,28
Степанов Иван Павлович,рядовой,4,34
Алексеев Сергей Максимович,лейтенант,4,52
Кочергин Артём Иванович,прапорщик,11,44
Борисов Артём Сергеевич,прапорщик,6,58
Степанов Артём Александрович,прапорщик,2,51
Кочергин Максим Александрович,полковник,8,59
Николаев Роман Викторович,сержант,9,21
Степанов Олег Романович,рядовой,5,53
Никитин Илья Викторович,рядовой,2,27
Козлов Дмитрий Павлович,сержант,2,35
Николаев Иван Максимович,прапорщик,4,55
Михайлов Андрей Романович,майор,8,49
Николаев Матвей Максимович,сержант,9,58
Андреев Алексей Никитич,прапорщик,5,28
Степанов Илья Михайлович,полковник,6,34
Захаров Егор Алексеевич,полковник,7,44
Морозов Денис Романович,прапорщик,1,23
Лебедев Алексей Дмитриевич,капитан,5,36
Иванов Илья Дмитриевич,сержант,1,38
Морозов Константин Никитич,сержант,2,37
Смирнов Александр Олегович,лейтенант,11,55
Михайлов Илья Ильич,сержант,1,32
Смирнов Олег Александрович,полковник,1,43
Николаев Никита Андреевич,полковник,4,27
Сидоров Сергей Кириллович,сержант,4,18
Новиков Алексей Никитич,прапорщик,12,22
Михайлов Павел Сергеевич,лейтенант,2,49
Козлов Алексей Ильич,сержант,11,56
Андреев Илья Андреевич,майор,6,30
Морозов Степан Сергеевич,лейтенант,2,55
Никитин Алексей Александрович,полковник,4,44
Морозов Степан Михайлович,рядовой,12,21
Яковлев Иван Иванович,сержант,9,57
Сидоров Виктор Максимович,майор,7,27
Кочергин Сергей Сергеевич,лейтенант,2,60
Соколов Андрей Алексеевич,майор,4,30
Андреев Максим Олегович,капитан,9,51
Морозов Сергей Сергеевич,лейтенант,4,27
Лебедев Сергей Иванович,прапорщик,11,57
Кузнецов Денис Олегович,майор,6,25
Кочергин Дмитрий Ильич,прапорщик,1,21
Егоров Юрий Павлович,капитан,8,37
Новиков Егор Андреевич,прапорщик,7,38
Васильев Андрей Дмитриевич,сержант,9,35
Васильев Виктор Романович,прапорщик,1,54
Лебедев Кирилл Кириллович,прапорщик,5,23
Лебедев Степан Александрович,рядовой,8,22
Борисов Константин Алексеевич,рядовой,1,46
Смирнов Кирилл Максимович,полковник,12,52
Кузнецов Артём Олегович,майор,1,34
Кузнецов Виктор Дмитриевич,рядовой,12,54
Петров Александр Олегович,полковник,10,38
Макаров Михаил Юрьевич,полковник,4,56
Новиков Дмитрий Павлович,рядовой,7,37
Егоров Сергей Викторович,прапорщик,4,24
Фёдоров Денис Викторович,майор,11,28
Васильев Степан Иванович,сержант,2,30
Попов Константин Максимович,рядовой,7,43
Степанов Константин Никитич,лейтенант,6,57
Соколов Иван Юрьевич,майор,8,40
Лебедев Артём Дмитриевич,прапорщик,10,42
Никитин Андрей Максимович,майор,1,34
Семёнов Денис Сергеевич,лейтенант,11,49
Борисов Алексей Олегович,майор,4,33
Борисов Андрей Никитич,капитан,3,49
Кузнецов Сергей Дмитриевич,прапорщик,9,43
Павлов Артём Дмитриевич,капитан,3,43
Андреев Дмитрий Сергеевич,прапорщик,6,41
Яковлев Дмитрий Максимович,прапорщик,12,38
Яковлев Артём Романович,сержант,2,58
Степанов Артём Никитич,капитан,7,60
Соловьёв Михаил Юрьевич,майор,7,57
Кочергин Виктор Кириллович,полковник,5,25
Лебедев Алексей Сергеевич,капитан,2,39
Никитин Степан Викторович,майор,10,29
Борисов Александр Александрович,капитан,7,50
Лебедев Алексей Павлович,прапорщик,2,56
Макаров Кирилл Сергеевич,капитан,8,37
Васильев Егор Алексеевич,лейтенант,2,27
Сидоров Илья Юрьевич,рядовой,5,41
Степанов Юрий Максимович,полковник,10,30
Кузнецов Алексей Викторович,капитан,9,38
Козлов Михаил Максимович,лейтенант,7,59
Сидоров Алексей Максимович,майор,6,60
Алексеев Павел Сергеевич,рядовой,11,53
Фёдоров Сергей Максимович,капитан,8,45
Николаев Егор Михайлович,капитан,7,48
Смирнов Максим Олегович,рядовой,5,20
Андреев Дмитрий Никитич,прапорщик,7,50
Захаров Максим Романович,лейтенант,11,37
Никитин Илья Павлович,лейтенант,12,60
Смирнов Никита Андреевич,капитан,12,31
Николаев Андрей Олегович,прапорщик,12,28
Алексеев Константин Андреевич,сержант,7,44
Новиков Александр Дмитриевич,капитан,2,34
Яковлев Сергей Юрьевич,лейтенант,3,40
Алексеев Юрий Ильич,сержант,1,23
Козлов Александр Максимович,капитан,1,56
Николаев Кирилл Романович,капитан,7,49
Кочергин Матвей Андреевич,капитан,7,43
Семёнов Сергей Михайлович,майор,10,43
Васильев Константин Викторович,лейтенант,9,37
Фёдоров Денис Никитич,полковник,10,34
Смирнов Андрей Иванович,рядовой,11,47
Соколов Александр Юрьевич,майор,2,49
Павлов Юрий Иванович,сержант,6,58
Кочергин Илья Ильич,рядовой,10,50
Андреев Олег Дмитриевич,рядовой,3,42
Макаров Матвей Дмитриевич,рядовой,9,20
Степанов Олег Дмитриевич,прапорщик,11,38
Павлов Виктор Романович,капитан,11,44
Соколов Олег Иванович,полковник,6,30
Егоров Иван Алексеевич,рядовой,5,47
Лебедев Александр Александрович,полковник,12,50
Кузнецов Евгений Олегович,сержант,10,18
Иванов Александр Ильич,лейтенант,11,45
Михайлов Иван Михайлович,лейтенант,9,28
Сидоров Андрей Андреевич,лейтенант,11,55
Андреев Иван Олегович,полковник,6,31
Петров Сергей Юрьевич,лейтенант,1,21
Яковлев Виктор Кириллович,прапорщик,6,48
Михайлов Егор Романович,сержант,12,33
Никитин Алексей Дмитриевич,капитан,1,29
Орлов Матвей Олегович,рядовой,4,32
Васильев Илья Павлович,прапорщик,8,45
Сидоров Дмитрий Михайлович,полковник,1,60
Макаров Никита Юрьевич,рядовой,6,59
Смирнов Илья Андреевич,сержант,5,22
Егоров Егор Олегович,майор,8,35
Соловьёв Алексей Михайлович,прапорщик,10,21
Фёдоров Роман Никитич,рядовой,7,60
Фёдоров Дмитрий Иванович,полковник,8,22
Николаев Михаил Кириллович,полковник,8,34
Егоров Артём Алексеевич,сержант,11,39
Михайлов Никита Кириллович,капитан,11,18
Иванов Роман Никитич,лейтенант,7,43
Семёнов Виктор Александрович,прапорщик,1,39
Захаров Юрий Викторович,рядовой,9,51
Алексеев Роман Андреевич,майор,7,40
Яковлев Евгений Романович,рядовой,8,28
Захаров Никита Андреевич,майор,1,29
Васильев Роман Олегович,рядовой,10,24
Орлов Алексей Андреевич,полковник,9,59
Алексеев Егор Алексеевич,полковник,7,34
Васильев Виктор Дмитриевич,майор,3,31
Семёнов Андрей Максимович,лейтенант,11,23
Попов Иван Кириллович,сержант,7,34
Лебедев Алексей Андреевич,сержант,6,30
Соловьёв Илья Алексеевич,майор,11,52
Захаров Андрей Ильич,прапорщик,10,38
Андреев Артём Юрьевич,лейтенант,1,33
Кузнецов Константин Сергеевич,полковник,5,50
Степанов Дмитрий Андреевич,полковник,12,35
Борисов Андрей Ильич,майор,10,38
Попов Евгений Павлович,лейтенант,10,54
Степанов Никита Иванович,капитан,12,24
Васильев Андрей Михайлович,полковник,4,32
Никитин Юрий Павлович,полковник,6,49
Сидоров Роман Юрьевич,сержант,1,58
Соколов Алексей Юрьевич,сержант,4,23
Лебедев Степан Никитич,майор,11,23
Никитин Степан Алексеевич,лейтенант,1,37
Николаев Евгений Романович,полковник,10,24
Орлов Илья Сергеевич,сержант,1,31
Егоров Степан Олегович,прапорщик,6,56
Козлов Иван Олегович,полковник,8,56
Смирнов Дмитрий Павлович,сержант,1,33
Соловьёв Егор Никитич,лейтенант,1,20
Яковлев Павел Викторович,лейтенант,8,33
Орлов Матвей Олегович,полковник,5,34
Павлов Кирилл Викторович,майор,11,52
Степанов Павел Иванович,капитан,11,51
Алексеев Дмитрий Кириллович,капитан,12,58
Лебедев Константин Дмитриевич,лейтенант,12,35
Борисов Виктор Иванович,майор,12,34
Борисов Роман Павлович,рядовой,10,45
Яковлев Кирилл Михайлович,полковник,8,35
Никитин Никита Сергеевич,прапорщик,7,44
Макаров Дмитрий Дмитриевич,капитан,8,49
Фёдоров Олег Ильич,лейтенант,11,33
Павлов Павел Ильич,прапорщик,11,21
Андреев Юрий Романович,полковник,8,53
Кочергин Виктор Михайлович,капитан,2,19
Семёнов Артём Юрьевич,майор,9,44
Соколов Степан Павлович,капитан,2,19
Петров Никита Викторович,капитан,7,36
Павлов Илья Михайлович,майор,5,22
Смирнов Кирилл Кириллович,сержант,8,45
Алексеев Егор Максимович,лейтенант,8,26
Соловьёв Андрей Михайлович,сержант,10,48
Алексеев Алексей Кириллович,капитан,8,53
Соколов Максим Максимович,полковник,2,38
Иванов Андрей Кириллович,капитан,2,50
Новиков Михаил Павлович,лейтенант,6,33
Васильев Кирилл Дмитриевич,прапорщик,5,21
Захаров Сергей Сергеевич,сержант,11,53
Фёдоров Дмитрий Юрьевич,полковник,10,58
Кочергин Павел Максимович,прапорщик,8,44
Иванов Олег Никитич,полковник,11,54
Попов Виктор Никитич,лейтенант,2,49
Павлов Юрий Александрович,прапорщик,2,33
Яковлев Артём Юрьевич,полковник,12,53
Петров Сергей Михайлович,сержант,12,41
Фёдоров Никита Дмитриевич,капитан,11,39
Михайлов Михаил Романович,прапорщик,10,55
Фёдоров Андрей Романович,капитан,9,42
Новиков Павел Андреевич,прапорщик,5,56
Павлов Артём Андреевич,майор,3,55
Васильев Денис Михайлович,лейтенант,7,34
Павлов Юрий Викторович,прапорщик,12,20
Васильев Юрий Алексеевич,прапорщик,10,37
Смирнов Кирилл Дмитриевич,полковник,6,48
Морозов Константин Иванович,майор,6,56
Кочергин Матвей Сергеевич,сержант,2,29
Зайцев Евгений Дмитриевич,рядовой,12,40
Макаров Сергей Сергеевич,прапорщик,4,51
Морозов Артём Павлович,рядовой,4,52
Новиков Егор Юрьевич,прапорщик,11,46
Михайлов Олег Сергеевич,капитан,3,34
Кочергин Матвей Михайлович,рядовой,6,22
Егоров Максим Андреевич,сержант,12,28
Кузнецов Юрий Дмитриевич,капитан,6,49
Морозов Дмитрий Алексеевич,сержант,8,22
Степанов Денис Романович,полковник,7,59
Зайцев Александр Ильич,сержант,8,46
Соколов Алексей Олегович,прапорщик,8,51
Николаев Роман Алексеевич,полковник,10,59
Лебедев Максим Алексеевич,капитан,5,19
Фёдоров Матвей Романович,прапорщик,3,33
Кузнецов Денис Алексеевич,капитан,8,18
Попов Денис Павлович,прапорщик,10,25
Соколов Виктор Кириллович,рядовой,12,43
Захаров Максим Никитич,прапорщик,4,52
Яковлев Олег Викторович,прапорщик,8,25
Фёдоров Никита Алексеевич,полковник,6,35
Борисов Дмитрий Алексеевич,лейтенант,5,27
Лебедев Виктор Максимович,полковник,9,45
Михайлов Сергей Никитич,прапорщик,4,49
Борисов Артём Кириллович,лейтенант,9,42
Петров Алексей Дмитриевич,майор,5,18
Макаров Андрей Иванович,рядовой,4,35
Морозов Иван Павлович,прапорщик,9,50
Егоров Иван Сергеевич,капитан,10,24
Степанов Кирилл Сергеевич,рядовой,1,23
Никитин Кирилл Романович,рядовой,7,23
Кочергин Юрий Максимович,прапорщик,1,49
Попов Юрий Сергеевич,капитан,7,21
Николаев Егор Сергеевич,прапорщик,5,56
Новиков Юрий Андреевич,сержант,1,27
Семёнов Иван Иванович,прапорщик,5,24
Зайцев Дмитрий Кириллович,прапорщик,9,41
Кузнецов Андрей Викторович,прапорщик,2,43
Михайлов Денис Максимович,капитан,12,56
Попов Максим Андреевич,майор,9,22
Николаев Виктор Романович,лейтенант,2,42
Яковлев Илья Максимович,рядовой,4,19
Смирнов Дмитрий Ильич,сержант,11,54
Соловьёв Олег Юрьевич,рядовой,4,39
Никитин Сергей Иванович,прапорщик,8,57
Захаров Никита Кириллович,майор,7,34
Макаров Андрей Максимович,майор,4,49
Степанов Максим Сергеевич,майор,6,42
Козлов Константин Викторович,рядовой,6,20
Соловьёв Степан Михайлович,рядовой,8,44
Алексеев Константин Викторович,капитан,12,24
Яковлев Денис Кириллович,лейтенант,5,43
Орлов Михаил Кириллович,капитан,12,60
Захаров Александр Ильич,лейтенант,11,47
Николаев Андрей Ильич,рядовой,1,47
Степанов Сергей Романович,прапорщик,7,60
Захаров Александр Олегович,майор,1,24
Фёдоров Михаил Алексеевич,лейтенант,3,29
Иванов Александр Олегович,майор,10,47
Андреев Евгений Юрьевич,полковник,9,36
Павлов Павел Дмитриевич,полковник,1,60
Орлов Степан Павлович,полковник,5,45
Семёнов Матвей Алексеевич,капитан,1,47
Фёдоров Михаил Алексеевич,полковник,1,24
Андреев Михаил Алексеевич,полковник,10,44
Козлов Павел Романович,лейтенант,11,55
Андреев Артём Кириллович,прапорщик,2,32
Павлов Сергей Кириллович,капитан,2,36
Иванов Матвей Михайлович,прапорщик,7,52
Смирнов Алексей Романович,капитан,11,34
Петров Сергей Александрович,прапорщик,4,50
Орлов Евгений Андреевич,полковник,10,49
Кузнецов Артём Олегович,рядовой,2,53
Фёдоров Иван Юрьевич,полковник,8,55
Борисов Никита Сергеевич,сержант,11,36
Сидоров Денис Михайлович,сержант,4,60
Соловьёв Павел Алексеевич,рядовой,11,20
Новиков Юрий Сергеевич,капитан,3,28
Михайлов Матвей Александрович,майор,11,43
Михайлов Кирилл Алексеевич,сержант,11,37
Смирнов Егор Викторович,рядовой,3,50
Смирнов Максим Павлович,полковник,8,39
Николаев Виктор Дмитриевич,полковник,3,27
Иванов Константин Алексеевич,прапорщик,7,21
Лебедев Егор Алексеевич,полковник,7,31
Зайцев Андрей Викторович,прапорщик,10,26
Макаров Матвей Павлович,рядовой,3,52
Фёдоров Илья Кириллович,сержант,2,24
Соколов Алексей Дмитриевич,рядовой,9,26
Петров Юрий Иванович,капитан,2,19
Орлов Виктор Викторович,лейтенант,10,32
Павлов Максим Кириллович,лейтенант,1,59
Кузнецов Константин Сергеевич,полковник,10,45
Смирнов Егор Сергеевич,капитан,6,47
Кочергин Андрей Никитич,лейтенант,3,48
Андреев Никита Максимович,капитан,1,51
Андреев Максим Романович,полковник,5,51
Фёдоров Дмитрий Александрович,сержант,2,21
Павлов Алексей Викторович,майор,8,33
Смирнов Роман Никитич,рядовой,10,49
Фёдоров Матвей Павлович,сержант,5,19
Иванов Александр Ильич,прапорщик,1,56
Михайлов Евгений Никитич,прапорщик,12,52
Козлов Олег Михайлович,майор,8,32
Сидоров Павел Юрьевич,капитан,9,47
Павлов Никита Ильич,сержант,10,40
Алексеев Евгений Алексеевич,сержант,8,22
Сидоров Виктор Юрьевич,прапорщик,12,48
Кочергин Илья Иванович,сержант,11,27
Макаров Максим Сергеевич,прапорщик,12,58
Макаров Максим Ильич,рядовой,3,48
Новиков Егор Павлович,прапорщик,10,54
Павлов Павел Романович,капитан,11,38
Алексеев Андрей Викторович,прапорщик,2,34
Соколов Кирилл Андреевич,капитан,12,45
Макаров Егор Максимович,капитан,3,25
Иванов Алексей Романович,лейтенант,3,27
Степанов Артём Романович,прапорщик,4,30
Андреев Егор Александрович,майор,11,39
Соколов Роман Иванович,лейтенант,1,36
Соколов Александр Андреевич,майор,4,53
Морозов Михаил Романович,рядовой,5,51
Сидоров Степан Сергеевич,прапорщик,8,54
Кузнецов Виктор Андреевич,рядовой,7,18
Яковлев Олег Дмитриевич,капитан,1,21
Петров Артём Викторович,лейтенант,4,19
Павлов Иван Максимович,рядовой,5,22
Борисов Алексей Иванович,майор,4,52
Васильев Павел Юрьевич,прапорщик,7,54
Морозов Константин Олегович,сержант,4,49
Фёдоров Матвей Андреевич,сержант,1,35
Васильев Михаил Кириллович,лейтенант,5,53
Соколов Александр Андреевич,прапорщик,4,56
Петров Павел Ильич,рядовой,6,59
Яковлев Андрей Викторович,сержант,5,46
Степанов Сергей Александрович,сержант,3,36
Макаров Степан Никитич,капитан,4,49
Иванов Иван Юрьевич,прапорщик,5,26
Орлов Александр Михайлович,прапорщик,5,35
Петров Виктор Ильич,лейтенант,2,21
Соловьёв Юрий Кириллович,полковник,8,54
Яковлев Олег Романович,майор,8,23
Орлов Алексей Андреевич,рядовой,8,31
Никитин Матвей Ильич,полковник,5,41
Зайцев Евгений Максимович,рядовой,7,44
Никитин Никита Викторович,капитан,3,49
Петров Степан Сергеевич,рядовой,7,37
Соколов Павел Романович,капитан,6,24
Кузнецов Юрий Кириллович,лейтенант,7,28
Соколов Денис Михайлович,рядовой,5,20
Макаров Роман Никитич,прапорщик,8,39
Николаев Иван Максимович,полковник,6,59
Павлов Олег Викторович,полковник,8,19
Захаров Олег Дмитриевич,полковник,7,55
Васильев Матвей Сергеевич,лейтенант,5,24
Попов Роман Кириллович,рядовой,9,58
Попов Андрей Кириллович,майор,10,54
Фёдоров Сергей Алексеевич,майор,9,31
Никитин Матвей Ильич,рядовой,9,38
Фёдоров Денис Викторович,прапорщик,2,39
Новиков Иван Ильич,капитан,11,60
Кузнецов Кирилл Михайлович,сержант,6,51
Орлов Дмитрий Юрьевич,сержант,4,23
Николаев Денис Иванович,рядовой,5,20
Захаров Виктор Сергеевич,полковник,11,59
Кузнецов Евгений Дмитриевич,капитан,5,48
Козлов Илья Михайлович,полковник,3,18
Морозов Максим Юрьевич,лейтенант,9,38
Соловьёв Алексей Павлович,сержант,8,33
Петров Андрей Кириллович,прапорщик,6,30
Васильев Денис Андреевич,сержант,2,38
Семёнов Дмитрий Алексеевич,капитан,9,34
Сидоров Никита Александрович,капитан,2,26
Алексеев Сергей Сергеевич,полковник,4,31
Семёнов Илья Андреевич,рядовой,2,45
Иванов Сергей Михайлович,полковник,1,37
Яковлев Илья Дмитриевич,прапорщик,5,40
Соловьёв Виктор Викторович,лейтенант,11,26
Васильев Юрий Андреевич,сержант,3,42
Андреев Александр Максимович,лейтенант,4,25
Захаров Дмитрий Дмитриевич,капитан,5,41
Петров Андрей Иванович,прапорщик,9,28
Захаров Павел Юрьевич,майор,5,45
Николаев Максим Иванович,прапорщик,11,32
Лебедев Михаил Сергеевич,рядовой,4,18
Смирнов Олег Сергеевич,майор,4,38
Макаров Павел Андреевич,полковник,3,47
Николаев Максим Иванович,капитан,6,49
Андреев Роман Олегович,полковник,4,39
Новиков Виктор Александрович,сержант,7,29
Новиков Дмитрий Олегович,майор,3,32
Иванов Алексей Викторович,полковник,2,35
Соколов Сергей Дмитриевич,рядовой,9,26
Захаров Андрей Михайлович,прапорщик,1,29
Андреев Никита Максимович,сержант,10,51
Семёнов Юрий Ильич,капитан,5,36
Фёдоров Максим Михайлович,капитан,4,24
Павлов Евгений Романович,лейтенант,2,42
Макаров Константин Юрьевич,полковник,2,58
Попов Михаил Михайлович,прапорщик,4,32
Павлов Андрей Романович,прапорщик,6,53
Попов Виктор Павлович,сержант,8,22
Фёдоров Степан Андреевич,полковник,11,56
Орлов Егор Сергеевич,полковник,2,51
Морозов Александр Алексеевич,рядовой,8,49
Петров Юрий Кириллович,рядовой,6,35
Михайлов Матвей Никитич,рядовой,7,36
Яковлев Матвей Сергеевич,сержант,6,53
Смирнов Олег Никитич,прапорщик,6,34
Кузнецов Алексей Дмитриевич,сержант,5,19
Зайцев Михаил Александрович,рядовой,2,58
Васильев Михаил Юрьевич,лейтенант,3,26
Михайлов Матвей Павлович,капитан,12,49
Егоров Юрий Сергеевич,майор,12,19
Фёдоров Михаил Александрович,прапорщик,8,50
Козлов Михаил Ильич,капитан,3,50
Васильев Константин Андреевич,капитан,6,59
Яковлев Илья Юрьевич,полковник,1,31
Семёнов Никита Александрович,майор,8,48
Николаев Алексей Юрьевич,капитан,10,18
Зайцев Степан Сергеевич,рядовой,10,24
Смирнов Иван Павлович,сержант,11,42
Николаев Илья Юрьевич,капитан,10,29
Николаев Александр Дмитриевич,рядовой,11,18
Зайцев Константин Максимович,капитан,5,19
Козлов Артём Олегович,полковник,9,38
Смирнов Илья Михайлович,капитан,9,28
Семёнов Артём Михайлович,капитан,3,58
Козлов Виктор Никитич,прапорщик,7,60
Михайлов Виктор Ильич,майор,10,56
Михайлов Михаил Юрьевич,капитан,1,36
Павлов Максим Александрович,капитан,1,40
Зайцев Егор Иванович,прапорщик,7,32
Алексеев Кирилл Максимович,полковник,10,57
Макаров Егор Олегович,майор,5,41
Морозов Олег Михайлович,майор,4,44
Николаев Денис Сергеевич,рядовой,8,48
Иванов Сергей Юрьевич,лейтенант,1,23
Егоров Сергей Алексеевич,сержант,5,37
Орлов Егор Павлович,прапорщик,9,54
Сидоров Алексей Ильич,майор,9,48
Сидоров Павел Викторович,сержант,8,43
Захаров Константин Викторович,лейтенант,8,51
Никитин Кирилл Сергеевич,майор,3,33
Смирнов Никита Павлович,рядовой,2,57
Андреев Илья Кириллович,прапорщик,9,37
Кочергин Илья Викторович,рядовой,11,20
Михайлов Юрий Михайлович,майор,7,35
Никитин Сергей Александрович,капитан,2,41
Кочергин Михаил Кириллович,полковник,10,28
Смирнов Сергей Алексеевич,рядовой,4,32
Петров Константин Сергеевич,полковник,10,21
Кочергин Денис Викторович,прапорщик,7,50
Андреев Дмитрий Ильич,полковник,10,18
Семёнов Олег Иванович,лейтенант,2,23
Соколов Евгений Дмитриевич,майор,11,37
Макаров Дмитрий Олегович,сержант,7,49
Яковлев Михаил Максимович,лейтенант,5,41
Фёдоров Михаил Олегович,капитан,2,39
Степанов Никита Викторович,лейтенант,10,44
Борисов Алексей Иванович,капитан,7,44
Орлов Роман Ильич,майор,1,34
Макаров Павел Олегович,полковник,11,42
Макаров Сергей Дмитриевич,сержант,3,19
Зайцев Матвей Ильич,майор,1,42
Яковлев Михаил Дмитриевич,капитан,6,50
Андреев Иван Михайлович,рядовой,5,50
Петров Александр Ильич,рядовой,3,58
Михайлов Степан Викторович,лейтенант,5,42
Сидоров Максим Кириллович,сержант,10,51
Павлов Артём Ильич,сержант,7,25
Алексеев Иван Дмитриевич,рядовой,8,58
Макаров Максим Максимович,майор,8,46
Андреев Никита Александрович,полковник,3,24
Павлов Евгений Ильич,прапорщик,3,60
Козлов Дмитрий Ильич,капитан,1,44
Козлов Матвей Максимович,сержант,2,56
Андреев Сергей Максимович,лейтенант,7,56
Яковлев Илья Сергеевич,полковник,2,20
Соколов Сергей Александрович,рядовой,3,42
Семёнов Константин Ильич,прапорщик,12,47
Петров Сергей Викторович,лейтенант,12,31
Сидоров Виктор Юрьевич,лейтенант,2,30
Егоров Роман Дмитриевич,полковник,12,42
Иванов Сергей Юрьевич,полковник,5,28
Степанов Дмитрий Павлович,сержант,10,52
Сидоров Кирилл Романович,рядовой,1,38
Козлов Роман Андреевич,прапорщик,5,60
Новиков Павел Александрович,капитан,11,48
Павлов Дмитрий Максимович,прапорщик,9,50
Михайлов Степан Александрович,полковник,2,34
Петров Евгений Александрович,капитан,10,22
Кузнецов Виктор Романович,рядовой,4,47
Фёдоров Михаил Романович,рядовой,6,53
Петров Виктор Дмитриевич,рядовой,6,41
Орлов Никита Романович,майор,2,34
Степанов Дмитрий Ильич,прапорщик,8,54
Зайцев Михаил Юрьевич,лейтенант,7,35
Кочергин Илья Юрьевич,лейтенант,3,26
Семёнов Михаил Романович,полковник,2,59
Захаров Иван Викторович,лейтенант,4,20
Новиков Константин Кириллович,рядовой,6,30
Смирнов Максим Михайлович,рядовой,3,59
Соколов Илья Сергеевич,лейтенант,11,31
Павлов Олег Ильич,лейтенант,11,36
Соловьёв Андрей Романович,прапорщик,2,38
Соколов Олег Дмитриевич,полковник,7,30
Васильев Денис Юрьевич,сержант,2,53
Иванов Павел Ильич,майор,4,27
Павлов Максим Кириллович,капитан,11,37
Иванов Артём Ильич,полковник,7,37
Попов Матвей Максимович,рядовой,8,58
Зайцев Константин Александрович,полковник,12,51
Захаров Виктор Викторович,прапорщик,8,47
Зайцев Денис Викторович,прапорщик,5,42
Попов Олег Александрович,лейтенант,1,59
Козлов Дмитрий Максимович,рядовой,1,57
Козлов Матвей Иванович,рядовой,10,23
Андреев Сергей Романович,полковник,11,30
Кузнецов Юрий Андреевич,лейтенант,7,59
Орлов Олег Дмитриевич,сержант,5,53
Михайлов Иван Дмитриевич,полковник,1,34
Лебедев Алексей Михайлович,полковник,6,48
Сидоров Алексей Павлович,лейтенант,8,28
Егоров Александр Викторович,майор,3,21
Петров Константин Дмитриевич,рядовой,6,35
Алексеев Роман Дмитриевич,лейтенант,10,47
Борисов Степан Михайлович,сержант,11,41
Фёдоров Артём Павлович,рядовой,2,43
Никитин Степан Никитич,полковник,8,50
Петров Михаил Александрович,прапорщик,8,29
Борисов Михаил Романович,капитан,10,49
Новиков Сергей Павлович,майор,5,39
Васильев Денис Романович,лейтенант,4,56
Зайцев Кирилл Андреевич,лейтенант,7,22
Петров Константин Иванович,капитан,4,33
Иванов Матвей Кириллович,капитан,9,23
Орлов Юрий Ильич,лейтенант,2,48
Морозов Константин Андреевич,полковник,11,49
Яковлев Максим Максимович,прапорщик,8,55
Васильев Михаил Никитич,сержант,12,31
Кочергин Егор Иванович,майор,12,60
Козлов Михаил Алексеевич,сержант,3,33
Кочергин Максим Викторович,полковник,12,50
Степанов Роман Максимович,прапорщик,2,55
Яковлев Кирилл Никитич,лейтенант,7,36
Новиков Никита Ильич,майор,8,19
Николаев Денис Иванович,сержант,3,25
Павлов Матвей Дмитриевич,капитан,4,29
Иванов Роман Романович,лейтенант,8,19
Николаев Алексей Юрьевич,сержант,8,43
Соловьёв Максим Михайлович,капитан,10,51
Николаев Максим Алексеевич,капитан,2,48
Степанов Павел Дмитриевич,полковник,11,50
Егоров Илья Дмитриевич,лейтенант,12,49
Андреев Олег Олегович,полковник,8,29
Семёнов Дмитрий Олегович,сержант,2,55
Павлов Иван Максимович,лейтенант,2,20
Кузнецов Дмитрий Максимович,прапорщик,12,38
Николаев Виктор Александрович,прапорщик,2,35
Соловьёв Константин Алексеевич,сержант,12,52
Козлов Виктор Андреевич,рядовой,5,23
Морозов Матвей Никитич,майор,2,40
Васильев Сергей Викторович,прапорщик,8,18
Орлов Матвей Александрович,капитан,12,40
Соловьёв Егор Никитич,рядовой,8,40
Яковлев Александр Никитич,полковник,7,41
Соловьёв Степан Михайлович,лейтенант,6,23
Новиков Андрей Андреевич,рядовой,3,24
Яковлев Алексей Дмитриевич,полковник,8,38
Никитин Егор Сергеевич,лейтенант,3,44
Морозов Юрий Викторович,лейтенант,2,27
Соловьёв Алексей Дмитриевич,полковник,12,48
Яковлев Олег Александрович,рядовой,3,51
Борисов Матвей Романович,майор,9,26
Зайцев Илья Алексеевич,сержант,9,39
Яковлев Сергей Павлович,рядовой,2,54
Яковлев Александр Кириллович,сержант,3,48
Сидоров Иван Павлович,полковник,7,42
Михайлов Максим Олегович,сержант,5,26
Соловьёв Артём Дмитриевич,майор,10,46
Егоров Сергей Сергеевич,капитан,12,34
Морозов Кирилл Михайлович,капитан,9,20
Павлов Виктор Юрьевич,сержант,12,42
Сидоров Алексей Олегович,полковник,2,29
Макаров Роман Ильич,капитан,9,30
Васильев Матвей Дмитриевич,прапорщик,12,56
Соколов Роман Юрьевич,лейтенант,8,45
Васильев Константин Романович,лейтенант,3,45
Кузнецов Егор Дмитриевич,прапорщик,7,22
Михайлов Сергей Андреевич,сержант,5,22
Николаев Максим Максимович,капитан,11,44
Андреев Алексей Алексеевич,капитан,11,37
Соловьёв Андрей Романович,рядовой,9,48
Алексеев Илья Викторович,полковник,11,24
Степанов Юрий Сергеевич,рядовой,4,32
Егоров Павел Алексеевич,капитан,1,49
Степанов Евгений Михайлович,рядовой,10,47
Сидоров Александр Андреевич,полковник,11,36
Соловьёв Юрий Романович,полковник,2,55
Козлов Сергей Юрьевич,сержант,10,33
Сидоров Егор Викторович,майор,12,34
Орлов Егор Алексеевич,лейтенант,12,54
Павлов Степан Викторович,лейтенант,11,57
Петров Павел Максимович,майор,9,28
Яковлев Михаил Дмитриевич,лейтенант,8,42
Андреев Никита Ильич,сержант,7,32
Макаров Илья Александрович,рядовой,10,59
Степанов Егор Иванович,лейтенант,3,37
Соловьёв Егор Викторович,прапорщик,11,42
Егоров Евгений Иванович,рядовой,12,24
Борисов Егор Алексеевич,майор,7,22
Орлов Кирилл Сергеевич,прапорщик,3,25
Соколов Евгений Дмитриевич,сержант,3,39
Соловьёв Олег Максимович,лейтенант,6,21
Степанов Кирилл Алексеевич,сержант,2,39
Соловьёв Александр Романович,майор,8,34
Захаров Кирилл Романович,прапорщик,1,21
Степанов Степан Павлович,рядовой,10,22
Павлов Степан Дмитриевич,полковник,12,26
Фёдоров Кирилл Александрович,прапорщик,8,47
Захаров Денис Александрович,полковник,6,38
Новиков Константин Павлович,рядовой,2,38
Фёдоров Павел Алексеевич,лейтенант,1,40
Зайцев Степан Юрьевич,прапорщик,4,32
Борисов Артём Иванович,майор,7,38
Орлов Матвей Никитич,майор,9,52
Михайлов Денис Иванович,прапорщик,6,34
Смирнов Илья Алексеевич,полковник,7,19
Зайцев Михаил Никитич,сержант,6,27
Степанов Андрей Кириллович,рядовой,11,38
Кочергин Максим Сергеевич,прапорщик,3,49
Кузнецов Денис Викторович,сержант,9,29
Борисов Александр Андреевич,майор,7,34
Иванов Иван Олегович,полковник,6,40
Соловьёв Степан Дмитриевич,сержант,10,51
Фёдоров Юрий Викторович,сержант,11,18
Борисов Дмитрий Александрович,рядовой,3,31
Никитин Михаил Максимович,прапорщик,4,27
Васильев Матвей Ильич,полковник,6,40
Николаев Иван Иванович,прапорщик,2,36
Макаров Андрей Александрович,полковник,4,33
Павлов Илья Кириллович,лейтенант,10,18
Егоров Кирилл Павлович,рядовой,10,33
Макаров Егор Викторович,прапорщик,12,50
Орлов Михаил Романович,полковник,12,49
Соловьёв Егор Никитич,рядовой,6,53
Алексеев Иван Олегович,полковник,6,24
Смирнов Олег Максимович,майор,8,22
Смирнов Степан Максимович,сержант,10,50
Семёнов Максим Павлович,капитан,5,41
Зайцев Никита Иванович,полковник,11,35
Павлов Сергей Андреевич,майор,5,36
Соколов Андрей Алексеевич,сержант,12,60
Борисов Юрий Александрович,майор,11,59
Егоров Денис Викторович,майор,6,36
Кочергин Виктор Андреевич,капитан,7,56
Захаров Артём Никитич,лейтенант,3,23
Зайцев Никита Александрович,капитан,5,27
Смирнов Кирилл Иванович,рядовой,1,20
Степанов Денис Ильич,прапорщик,3,18
Петров Дмитрий Павлович,сержант,4,33
Павлов Виктор Юрьевич,полковник,1,21
Зайцев Дмитрий Юрьевич,полковник,10,21
Сидоров Артём Сергеевич,капитан,9,41
Зайцев Дмитрий Михайлович,прапорщик,3,19
Захаров Матвей Олегович,рядовой,9,47
Николаев Виктор Никитич,полковник,2,52
Морозов Сергей Иванович,прапорщик,8,37
Кочергин Евгений Михайлович,лейтенант,4,33
Семёнов Матвей Александрович,капитан,9,48
Захаров Виктор Максимович,рядовой,5,26
Егоров Виктор Ильич,сержант,3,29
Макаров Иван Никитич,лейтенант,11,47
Яковлев Юрий Андреевич,рядовой,12,32
Соколов Михаил Алексеевич,капитан,10,57
Сидоров Сергей Алексеевич,лейтенант,7,57
Лебедев Алексей Алексеевич,полковник,5,44
Борисов Александр Сергеевич,майор,10,33
Зайцев Александр Михайлович,прапорщик,11,47
Андреев Александр Никитич,прапорщик,3,27
Зайцев Никита Кириллович,полковник,7,25
Орлов Юрий Михайлович,лейтенант,7,52
Новиков Алексей Ильич,майор,9,53
Павлов Артём Александрович,полковник,2,41
Новиков Илья Кириллович,прапорщик,8,18
Фёдоров Андрей Никитич,сержант,5,39
Яковлев Виктор Алексеевич,майор,10,28
Семёнов Степан Павлович,полковник,4,27
Сидоров Максим Романович,рядовой,11,33
Николаев Илья Ильич,капитан,9,30
Михайлов Артём Юрьевич,капитан,12,35
Зайцев Никита Кириллович,лейтенант,5,51
Васильев Михаил Никитич,капитан,4,36
Захаров Никита Олегович,рядовой,10,37
Макаров Александр Кириллович,капитан,8,33
Петров Иван Андреевич,рядовой,1,28
Алексеев Константин Михайлович,полковник,6,18
Соловьёв Роман Юрьевич,прапорщик,6,19
Фёдоров Иван Олегович,капитан,6,33
Никитин Кирилл Никитич,сержант,5,42
Семёнов Кирилл Дмитриевич,сержант,3,27
Морозов Константин Павлович,майор,3,39
Кочергин Максим Никитич,лейтенант,7,50
Кочергин Виктор Андреевич,прапорщик,10,52
Попов Егор Юрьевич,лейтенант,6,31
Козлов Артём Ильич,рядовой,12,18
Васильев Виктор Никитич,прапорщик,7,35
Семёнов Константин Сергеевич,майор,2,58
Новиков Андрей Михайлович,майор,7,34
Лебедев Олег Михайлович,рядовой,1,19
Морозов Егор Сергеевич,лейтенант,2,51
Новиков Роман Никитич,полковник,9,46
Иванов Виктор Викторович,майор,1,47
Павлов Евгений Олегович,полковник,1,51
Морозов Алексей Андреевич,сержант,3,57
Яковлев Егор Алексеевич,майор,4,34
Николаев Дмитрий Сергеевич,рядовой,5,43
Попов Артём Иванович,майор,1,42
Морозов Дмитрий Никитич,сержант,2,19
Кочергин Дмитрий Михайлович,капитан,7,54
Васильев Матвей Юрьевич,сержант,4,37
Лебедев Павел Павлович,прапорщик,7,55
Зайцев Александр Александрович,полковник,10,34
Семёнов Степан Романович,капитан,10,25
Смирнов Артём Павлович,капитан,7,43
Кузнецов Егор Александрович,капитан,4,59
Васильев Артём Сергеевич,лейтенант,4,43
Смирнов Алексей Ильич,лейтенант,8,50
Семёнов Кирилл Олегович,майор,2,58
Захаров Евгений Юрьевич,сержант,3,58
Михайлов Павел Викторович,капитан,6,53
Борисов Михаил Алексеевич,майор,11,33
Егоров Алексей Ильич,лейтенант,6,43
Семёнов Виктор Романович,полковник,5,33
Иванов Александр Романович,майор,4,42
Егоров Матвей Михайлович,прапорщик,2,29
Борисов Виктор Юрьевич,лейтенант,3,36
Егоров Илья Дмитриевич,сержант,8,39
Зайцев Павел Юрьевич,прапорщик,6,31
Николаев Кирилл Максимович,сержант,2,30
Попов Юрий Максимович,прапорщик,1,31
Лебедев Алексей Алексеевич,капитан,2,35
Кочергин Иван Максимович,прапорщик,7,39
Егоров Роман Иванович,майор,4,35
Кочергин Константин Кириллович,майор,3,51
Зайцев Константин Алексеевич,капитан,2,32
Кочергин Евгений Кириллович,сержант,11,42
Зайцев Никита Андреевич,капитан,1,51
Михайлов Денис Иванович,прапорщик,11,19
Сидоров Денис Алексеевич,лейтенант,4,46
Иванов Юрий Алексеевич,полковник,8,33
Соловьёв Максим Сергеевич,сержант,8,37
Козлов Никита Павлович,лейтенант,11,27
Захаров Михаил Кириллович,сержант,12,35
Новиков Юрий Иванович,капитан,7,48
Лебедев Олег Олегович,рядовой,11,45
Зайцев Максим Иванович,рядовой,4,25
Орлов Матвей Алексеевич,майор,2,55
Семёнов Андрей Михайлович,полковник,6,42
Лебедев Олег Сергеевич,полковник,1,42
Орлов Степан Сергеевич,прапорщик,1,50
Степанов Андрей Сергеевич,лейтенант,9,57
Иванов Иван Дмитриевич,майор,10,24
Кочергин Дмитрий Михайлович,майор,11,35
Борисов Михаил Юрьевич,прапорщик,7,23
Захаров Александр Андреевич,капитан,11,18
Егоров Виктор Максимович,рядовой,3,45
Степанов Алексей Павлович,майор,7,57
Козлов Андрей Иванович,рядовой,12,33
Козлов Виктор Андреевич,рядовой,1,29
Егоров Михаил Никитич,сержант,2,33
Макаров Андрей Дмитриевич,прапорщик,8,59
Смирнов Артём Алексеевич,прапорщик,4,56
Соколов Роман Кириллович,лейтенант,5,48
Алексеев Павел Андреевич,лейтенант,1,43
Петров Кирилл Андреевич,майор,6,42
Сидоров Алексей Александрович,прапорщик,8,23
Лебедев Егор Викторович,полковник,1,30
Соколов Константин Никитич,прапорщик,6,37
Петров Алексей Ильич,лейтенант,3,60
Васильев Павел Викторович,сержант,12,52
Кузнецов Максим Александрович,рядовой,10,34
Кузнецов Степан Викторович,полковник,9,29
Алексеев Илья Сергеевич,майор,6,27
Кузнецов Юрий Алексеевич,полковник,1,35
Николаев Константин Юрьевич,лейтенант,7,31
Егоров Дмитрий Сергеевич,сержант,7,51
Михайлов Егор Иванович,майор,11,50
Захаров Юрий Михайлович,рядовой,1,43
Степанов Андрей Алексеевич,лейтенант,7,34
Сидоров Павел Максимович,рядовой,10,21
Павлов Иван Сергеевич,майор,4,46
Борисов Виктор Сергеевич,лейтенант,1,54
Семёнов Илья Дмитриевич,прапорщик,2,22
Новиков Павел Павлович,рядовой,8,50
Васильев Егор Максимович,полковник,9,38
Козлов Никита Викторович,майор,9,29
Смирнов Кирилл Сергеевич,сержант,8,37
Степанов Андрей Иванович,майор,8,25
Михайлов Степан Кириллович,рядовой,6,20
Соловьёв Юрий Михайлович,полковник,5,40
Никитин Юрий Олегович,лейтенант,8,33
Степанов Михаил Максимович,полковник,12,57
Семёнов Денис Александрович,сержант,2,26
Семёнов Андрей Юрьевич,рядовой,1,44
Семёнов Константин Иванович,рядовой,8,53
Семёнов Сергей Андреевич,прапорщик,9,18
Сидоров Дмитрий Дмитриевич,лейтенант,10,24
Соловьёв Михаил Иванович,лейтенант,7,46
Зайцев Роман Михайлович,полковник,6,33
Павлов Сергей Сергеевич,прапорщик,10,40
Орлов Иван Олегович,лейтенант,3,24
Петров Сергей Сергеевич,капитан,7,27
Иванов Виктор Олегович,прапорщик,1,56
Павлов Денис Сергеевич,полковник,3,60
Зайцев Евгений Михайлович,капитан,7,34
Петров Никита Михайлович,сержант,2,40
Зайцев Александр Павлович,капитан,10,36
Макаров Егор Никитич,майор,10,23
Семёнов Денис Ильич,рядовой,11,45
Соколов Дмитрий Олегович,сержант,8,37
Орлов Илья Андреевич,полковник,10,27
Макаров Андрей Александрович,рядовой,12,35
Морозов Олег Ильич,лейтенант,5,39
Соловьёв Олег Максимович,сержант,12,38
Новиков Артём Павлович,майор,5,34
Николаев Кирилл Сергеевич,сержант,5,46
Павлов Матвей Кириллович,рядовой,3,18
Козлов Виктор Андреевич,лейтенант,5,34
Степанов Иван Павлович,рядовой,2,24
Иванов Михаил Олегович,полковник,5,49
Захаров Андрей Александрович,сержант,1,48
Степанов Никита Романович,капитан,2,34
Захаров Павел Викторович,сержант,3,29
Соловьёв Константин Сергеевич,майор,7,38
Кузнецов Дмитрий Александрович,майор,10,20
Михайлов Константин Дмитриевич,лейтенант,11,45
Макаров Егор Юрьевич,рядовой,5,27
Кочергин Кирилл Юрьевич,полковник,1,41
Алексеев Евгений Александрович,лейтенант,7,35
Николаев Александр Дмитриевич,сержант,11,24
Яковлев Виктор Павлович,полковник,5,29
Васильев Егор Никитич,майор,6,41
Кочергин Андрей Иванович,полковник,5,26
Попов Роман Иванович,майор,1,44
Соколов Дмитрий Никитич,прапорщик,2,43
Зайцев Иван Алексеевич,капитан,5,55
Яковлев Михаил Романович,сержант,6,59
Кузнецов Олег Романович,лейтенант,11,60
Смирнов Дмитрий Кириллович,лейтенант,10,24
Андреев Роман Андреевич,капитан,9,46
Морозов Дмитрий Олегович,полковник,6,20
Алексеев Алексей Романович,майор,10,26
Васильев Олег Андреевич,полковник,12,57
Семёнов Матвей Александрович,полковник,3,55
Николаев Сергей Александрович,лейтенант,10,49
Михайлов Илья Олегович,прапорщик,10,42
Лебедев Денис Ильич,рядовой,6,57
Алексеев Степан Ильич,сержант,5,20
Соловьёв Степан Андреевич,рядовой,9,23
Васильев Сергей Романович,рядовой,6,25
Никитин Павел Михайлович,лейтенант,5,26
Захаров Евгений Сергеевич,рядовой,12,20
Борисов Егор Кириллович,капитан,4,56
Макаров Константин Алексеевич,рядовой,2,28
Николаев Денис Юрьевич,полковник,7,21
Кузнецов Артём Михайлович,полковник,4,23
Морозов Иван Романович,полковник,10,35
Морозов Максим Максимович,сержант,5,31
Кочергин Дмитрий Павлович,рядовой,8,48
Андреев Олег Сергеевич,сержант,2,32
Сидоров Кирилл Ильич,лейтенант,7,31
Яковлев Андрей Романович,полковник,7,32
Никитин Илья Викторович,майор,3,59
Макаров Никита Алексеевич,полковник,11,43
Алексеев Иван Иванович,рядовой,4,23
Фёдоров Максим Александрович,сержант,1,18
Макаров Денис Олегович,лейтенант,3,21
Захаров Дмитрий Александрович,полковник,8,30
Кузнецов Денис Алексеевич,сержант,12,35
Кузнецов Юрий Александрович,сержант,1,57
Фёдоров Олег Максимович,сержант,5,47
Захаров Кирилл Максимович,майор,3,48
Фёдоров Юрий Михайлович,сержант,7,41
Николаев Кирилл Алексеевич,полковник,7,55
Зайцев Константин Михайлович,прапорщик,1,53
Яковлев Артём Викторович,сержант,11,58
Орлов Иван Олегович,капитан,9,54
Захаров Матвей Олегович,рядовой,10,29
Новиков Денис Михайлович,полковник,1,24
Иванов Дмитрий Михайлович,сержант,3,18
Кузнецов Сергей Романович,капитан,6,33
Алексеев Никита Михайлович,прапорщик,4,39
Соловьёв Павел Алексеевич,полковник,10,42
Морозов Илья Викторович,майор,7,36
Кузнецов Андрей Кириллович,полковник,5,24
Орлов Денис Михайлович,полковник,4,54
Лебедев Сергей Сергеевич,полковник,7,22
Смирнов Михаил Ильич,сержант,12,56
Соколов Олег Максимович,полковник,5,60
Соловьёв Артём Никитич,сержант,10,50
Васильев Олег Романович,сержант,5,27
Алексеев Артём Дмитриевич,рядовой,6,46
Зайцев Иван Михайлович,рядовой,10,18
Фёдоров Олег Олегович,капитан,1,32
Захаров Олег Викторович,рядовой,4,55
Захаров Александр Юрьевич,лейтенант,9,33
Павлов Михаил Сергеевич,сержант,12,30
Кочергин Сергей Максимович,рядовой,4,45
Степанов Олег Юрьевич,капитан,4,53
Яковлев Александр Павлович,майор,2,57
Никитин Дмитрий Сергеевич,майор,6,40
Борисов Андрей Романович,лейтенант,5,56
Павлов Денис Олегович,лейтенант,5,50
Егоров Матвей Михайлович,прапорщик,3,22
Васильев Максим Викторович,рядовой,6,51
Козлов Матвей Кириллович,лейтенант,7,37
Морозов Денис Викторович,лейтенант,12,27
Соколов Дмитрий Иванович,рядовой,4,21
Фёдоров Сергей Дмитриевич,рядовой,12,20
Сидоров Александр Алексеевич,прапорщик,4,29
Морозов Степан Сергеевич,сержант,10,44
Зайцев Артём Кириллович,рядовой,8,49
Никитин Егор Кириллович,сержант,2,21
Николаев Иван Сергеевич,майор,5,43
Егоров Артём Максимович,капитан,1,26
Соловьёв Матвей Никитич,прапорщик,12,53
Васильев Дмитрий Павлович,сержант,12,22
Лебедев Илья Алексеевич,майор,3,32
Петров Егор Иванович,рядовой,8,47
Козлов Алексей Никитич,полковник,2,23
Семёнов Дмитрий Кириллович,капитан,12,37
Павлов Егор Максимович,лейтенант,5,49
Никитин Павел Максимович,прапорщик,6,29
Фёдоров Андрей Дмитриевич,майор,4,24
Козлов Илья Михайлович,майор,2,33
Морозов Евгений Сергеевич,капитан,9,59
Николаев Дмитрий Сергеевич,лейтенант,7,34
Семёнов Сергей Викторович,капитан,12,58
Борисов Михаил Михайлович,рядовой,6,54
Николаев Максим Никитич,майор,10,50
Николаев Денис Ильич,прапорщик,11,38
Борисов Матвей Алексеевич,сержант,11,32
Попов Иван Никитич,сержант,6,30
Борисов Алексей Никитич,сержант,11,29
Яковлев Илья Андреевич,рядовой,7,55
Петров Роман Олегович,полковник,1,21
Егоров Юрий Романович,рядовой,10,19
Захаров Артём Александрович,рядовой,9,43
Яковлев Олег Андреевич,рядовой,3,51
Новиков Максим Иванович,полковник,5,26
Никитин Евгений Сергеевич,рядовой,9,52
Лебедев Андрей Олегович,капитан,10,28
Семёнов Роман Викторович,сержант,7,35
Козлов Михаил Дмитриевич,полковник,9,52
Васильев Роман Романович,лейтенант,4,32
Семёнов Олег Сергеевич,полковник,5,37
Смирнов Максим Романович,лейтенант,6,57
Соколов Александр Александрович,прапорщик,3,31
Соколов Евгений Никитич,майор,5,33
Егоров Константин Павлович,сержант,12,31
Михайлов Степан Сергеевич,прапорщик,2,43
Никитин Денис Олегович,прапорщик,6,20
Захаров Иван Олегович,прапорщик,1,56
Лебедев Денис Викторович,лейтенант,8,35
Семёнов Сергей Никитич,полковник,3,26
Семёнов Виктор Алексеевич,прапорщик,5,55
Смирнов Максим Алексеевич,лейтенант,3,31
Иванов Евгений Сергеевич,полковник,4,43
Зайцев Матвей Никитич,лейтенант,12,47
Андреев Никита Юрьевич,сержант,10,41
Орлов Михаил Дмитриевич,полковник,10,59
Зайцев Андрей Юрьевич,полковник,1,39
Смирнов Кирилл Сергеевич,майор,8,22
Алексеев Сергей Кириллович,сержант,5,56
Соловьёв Виктор Дмитриевич,лейтенант,10,21
Семёнов Дмитрий Александрович,сержант,5,28
Орлов Кирилл Романович,капитан,9,55
Новиков Иван Романович,рядовой,12,43
Никитин Артём Сергеевич,майор,6,53
Кочергин Андрей Иванович,майор,4,28
Андреев Илья Ильич,рядовой,10,23
Кочергин Михаил Михайлович,лейтенант,8,49
Кочергин Павел Алексеевич,капитан,3,34
Петров Роман Романович,полковник,11,36
Попов Сергей Андреевич,рядовой,3,51
Фёдоров Илья Ильич,сержант,9,19
Васильев Виктор Алексеевич,прапорщик,11,37
Макаров Алексей Романович,прапорщик,11,44
Кочергин Андрей Юрьевич,капитан,9,31
Смирнов Роман Олегович,полковник,11,28
Макаров Алексей Михайлович,прапорщик,9,44
Яковлев Юрий Александрович,прапорщик,9,51
Фёдоров Денис Викторович,капитан,5,19
Орлов Олег Никитич,сержант,6,25
Соловьёв Максим Дмитриевич,капитан,11,56
Яковлев Алексей Романович,капитан,9,57
Зайцев Матвей Павлович,полковник,8,55
Зайцев Андрей Андреевич,полковник,8,20
Козлов Олег Александрович,майор,9,44
Соловьёв Егор Александрович,майор,1,40
Андреев Кирилл Александрович,лейтенант,6,46
Алексеев Алексей Юрьевич,капитан,7,59
Смирнов Сергей Алексеевич,капитан,7,55
Попов Андрей Алексеевич,сержант,1,49
Новиков Андрей Андреевич,полковник,6,49
Семёнов Степан Алексеевич,майор,11,48
Алексеев Олег Викторович,лейтенант,1,46
Новиков Дмитрий Олегович,капитан,2,49
Михайлов Александр Павлович,сержант,9,38
Макаров Олег Романович,сержант,5,38
Соловьёв Алексей Никитич,рядовой,5,24
Никитин Олег Максимович,лейтенант,8,59
Орлов Дмитрий Романович,капитан,2,33
Зайцев Егор Сергеевич,полковник,9,38
Кочергин Юрий Алексеевич,полковник,1,23
Павлов Егор Сергеевич,рядовой,5,58
Фёдоров Сергей Павлович,полковник,8,26
Соловьёв Роман Андреевич,лейтенант,6,57
Кочергин Сергей Олегович,сержант,6,21
Попов Илья Андреевич,сержант,2,34
Попов Андрей Ильич,прапорщик,5,52
Петров Олег Максимович,прапорщик,10,43
Петров Павел Сергеевич,майор,5,34
Лебедев Евгений Иванович,сержант,9,18
Никитин Никита Викторович,капитан,5,22
Макаров Максим Кириллович,сержант,3,53
Соколов Кирилл Никитич,рядовой,1,55
Яковлев Артём Олегович,полковник,2,52
Зайцев Михаил Алексеевич,рядовой,2,52
Борисов Матвей Олегович,прапорщик,5,40
Васильев Михаил Алексеевич,лейтенант,3,59
Морозов Денис Александрович,майор,4,58
Новиков Роман Андреевич,майор,9,27
Борисов Кирилл Никитич,лейтенант,7,52
Васильев Максим Андреевич,майор,2,23
Орлов Артём Павлович,капитан,12,32
Смирнов Кирилл Андреевич,полковник,8,48
Борисов Артём Никитич,капитан,2,18
Соловьёв Никита Кириллович,прапорщик,3,23
Васильев Алексей Викторович,полковник,3,45
Борисов Виктор Викторович,капитан,4,36
Соловьёв Егор Максимович,прапорщик,11,39
Степанов Илья Сергеевич,рядовой,1,27
Попов Константин Кириллович,полковник,11,55
Кочергин Александр Павлович,прапорщик,12,25
Павлов Максим Кириллович,сержант,9,29
Зайцев Алексей Михайлович,прапорщик,10,26
Андреев Кирилл Никитич,майор,3,36
Николаев Павел Максимович,капитан,9,34
Яковлев Роман Кириллович,полковник,7,33
Семёнов Олег Романович,лейтенант,3,44
Николаев Максим Алексеевич,рядовой,4,44
Кузнецов Олег Максимович,рядовой,8,52
Яковлев Егор Никитич,полковник,11,31
Новиков Кирилл Юрьевич,майор,8,27
Павлов Олег Викторович,майор,12,54
Борисов Юрий Романович,майор,3,27
Павлов Иван Кириллович,полковник,7,30
Андреев Иван Андреевич,полковник,11,32
Яковлев Александр Сергеевич,сержант,8,45
Павлов Степан Иванович,капитан,3,27
Зайцев Алексей Иванович,сержант,5,27
Васильев Роман Никитич,полковник,5,44
Никитин Александр Максимович,рядовой,4,58
Кузнецов Илья Романович,полковник,1,29
Сидоров Артём Иванович,рядовой,3,37
Егоров Виктор Иванович,полковник,10,56
Макаров Дмитрий Алексеевич,лейтенант,11,32
Орлов Егор Викторович,лейтенант,8,19
Борисов Степан Олегович,капитан,11,37
Попов Дмитрий Павлович,капитан,12,21
Кузнецов Олег Андреевич,капитан,8,23
Иванов Никита Кириллович,рядовой,4,23
Кочергин Никита Кириллович,капитан,4,60
Соколов Максим Алексеевич,рядовой,7,55
Сидоров Артём Иванович,сержант,3,19
Егоров Евгений Михайлович,прапорщик,8,57
Соловьёв Михаил Юрьевич,рядовой,7,46
Иванов Матвей Александрович,рядовой,7,53
Захаров Роман Алексеевич,лейтенант,4,49
Фёдоров Виктор Андреевич,рядовой,12,55
Петров Егор Михайлович,рядовой,4,59
Кочергин Денис Юрьевич,прапорщик,5,21
Соловьёв Матвей Ильич,рядовой,10,35
Петров Константин Павлович,лейтенант,10,35
Степанов Виктор Иванович,капитан,4,43
Егоров Андрей Михайлович,майор,4,36
Соловьёв Артём Сергеевич,капитан,1,29
Сидоров Юрий Ильич,рядовой,11,55
Кузнецов Никита Олегович,лейтенант,11,42
Андреев Илья Сергеевич,лейтенант,11,35
Михайлов Илья Олегович,рядовой,8,31
Петров Артём Сергеевич,полковник,7,32
Борисов Павел Иванович,капитан,2,24
Борисов Евгений Павлович,рядовой,9,37
Павлов Артём Ильич,сержант,8,55
Васильев Дмитрий Юрьевич,капитан,4,20
Петров Егор Павлович,прапорщик,4,32
Морозов Роман Юрьевич,сержант,3,36
Васильев Степан Ильич,капитан,9,53
Козлов Алексей Михайлович,рядовой,10,25
Смирнов Сергей Павлович,рядовой,10,24
Борисов Михаил Иванович,полковник,4,18
Яковлев Константин Павлович,прапорщик,5,30
Смирнов Иван Романович,сержант,12,20
Фёдоров Олег Юрьевич,лейтенант,7,56
Павлов Матвей Дмитриевич,полковник,12,59
Петров Юрий Александрович,лейтенант,4,40
Макаров Константин Александрович,рядовой,8,37
Петров Сергей Алексеевич,сержант,7,42
Борисов Роман Никитич,полковник,10,27
Лебедев Никита Алексеевич,рядовой,7,33
Кочергин Егор Максимович,лейтенант,2,50
Лебедев Евгений Михайлович,лейтенант,6,28
Козлов Павел Александрович,прапорщик,4,45
Андреев Иван Андреевич,рядовой,7,23
Лебедев Никита Павлович,майор,10,51
Лебедев Евгений Олегович,полковник,12,30
Кочергин Иван Дмитриевич,лейтенант,3,37
Смирнов Артём Ильич,прапорщик,11,34
Николаев Никита Ильич,полковник,8,44
Петров Денис Юрьевич,прапорщик,6,45
Борисов Андрей Алексеевич,полковник,10,29
Васильев Денис Иванович,майор,3,46
Семёнов Константин Викторович,полковник,6,51
Егоров Денис Александрович,лейтенант,5,37
Степанов Максим Кириллович,сержант,1,60
Зайцев Андрей Кириллович,лейтенант,12,38
Николаев Матвей Викторович,лейтенант,12,47
Кочергин Александр Сергеевич,лейтенант,3,58
Андреев Максим Андреевич,рядовой,10,50
Васильев Константин Олегович,полковник,3,23
Алексеев Никита Юрьевич,полковник,7,50
Макаров Евгений Ильич,майор,11,32
Соловьёв Иван Иванович,лейтенант,12,43
Николаев Максим Сергеевич,капитан,3,58
Сидоров Виктор Александрович,майор,6,57
Семёнов Евгений Максимович,прапорщик,4,50
Макаров Алексей Иванович,полковник,6,32
Михайлов Егор Максимович,майор,7,55
Фёдоров Дмитрий Дмитриевич,прапорщик,5,18
Попов Никита Андреевич,рядовой,5,40
Лебедев Павел Михайлович,лейтенант,11,36
Николаев Евгений Максимович,лейтенант,4,43
Смирнов Иван Андреевич,капитан,7,49
Сидоров Иван Михайлович,прапорщик,11,35
Степанов Артём Никитич,прапорщик,5,47
Семёнов Андрей Михайлович,сержант,4,39
Михайлов Кирилл Никитич,прапорщик,3,32
Борисов Павел Александрович,полковник,12,26
Захаров Степан Юрьевич,капитан,9,40
Кузнецов Егор Юрьевич,сержант,7,54
Павлов Андрей Никитич,сержант,10,50
Степанов Денис Максимович,сержант,5,20
Соколов Артём Иванович,капитан,8,60
Павлов Андрей Михайлович,сержант,8,41
Морозов Иван Сергеевич,капитан,5,57
Кочергин Андрей Дмитриевич,сержант,10,56
Кузнецов Никита Кириллович,прапорщик,7,55
Зайцев Роман Никитич,капитан,9,41
Сидоров Артём Кириллович,рядовой,11,58
Соловьёв Виктор Алексеевич,лейтенант,12,29
Павлов Роман Александрович,сержант,8,49
Васильев Дмитрий Романович,прапорщик,7,30
Степанов Павел Сергеевич,лейтенант,2,55
Орлов Дмитрий Иванович,капитан,2,25
Васильев Илья Юрьевич,майор,10,49
Михайлов Илья Александрович,рядовой,1,34
Соколов Сергей Максимович,сержант,1,18
Никитин Павел Александрович,майор,9,58
Павлов Илья Юрьевич,майор,6,54
Яковлев Иван Александрович,сержант,12,43
Васильев Матвей Ильич,лейтенант,2,47
Лебедев Никита Дмитриевич,рядовой,4,55
Алексеев Артём Юрьевич,майор,8,26
Захаров Кирилл Олегович,прапорщик,1,60
Лебедев Илья Олегович,сержант,7,25
Николаев Кирилл Александрович,лейтенант,3,38
Кузнецов Кирилл Александрович,майор,9,28
Борисов Кирилл Максимович,лейтенант,10,56
Фёдоров Сергей Романович,сержант,6,32
Соколов Юрий Никитич,полковник,5,48
Новиков Сергей Кириллович,майор,9,58
Макаров Кирилл Максимович,лейтенант,11,48
Михайлов Сергей Максимович,капитан,5,29
Орлов Евгений Викторович,полковник,8,33
Павлов Алексей Никитич,капитан,8,46
Соловьёв Никита Ильич,сержант,1,57
Захаров Дмитрий Александрович,лейтенант,2,57
Лебедев Степан Максимович,майор,5,48
Смирнов Виктор Иванович,рядовой,8,46
Васильев Михаил Дмитриевич,сержант,11,38
Петров Егор Алексеевич,лейтенант,12,30
Лебедев Дмитрий Павлович,капитан,6,36
Иванов Никита Михайлович,прапорщик,12,34
Морозов Матвей Ильич,лейтенант,4,23
Васильев Артём Андреевич,сержант,9,57
Михайлов Максим Алексеевич,капитан,9,49
Макаров Егор Иванович,майор,11,33
Фёдоров Михаил Юрьевич,прапорщик,9,52
Новиков Юрий Викторович,майор,1,60
Павлов Андрей Максимович,майор,11,49
Семёнов Егор Андреевич,майор,3,60
Семёнов Олег Максимович,прапорщик,9,22
Орлов Максим Сергеевич,полковник,3,48
Семёнов Максим Александрович,лейтенант,1,55
Захаров Матвей Викторович,майор,2,36
Кочергин Алексей Сергеевич,майор,11,22
Борисов Максим Викторович,майор,11,54
Никитин Роман Сергеевич,капитан,12,26
Иванов Степан Романович,рядовой,2,20
Попов Олег Олегович,майор,5,31
Степанов Сергей Романович,лейтенант,12,40
Никитин Дмитрий Юрьевич,майор,1,47
Козлов Денис Юрьевич,прапорщик,11,50
Зайцев Никита Никитич,прапорщик,1,24
Лебедев Дмитрий Викторович,майор,11,39
Борисов Павел Ильич,прапорщик,11,57
Новиков Олег Павлович,майор,9,27
Лебедев Иван Павлович,прапорщик,5,40
Андреев Сергей Кириллович,рядовой,8,56
Соколов Роман Иванович,рядовой,3,48
Орлов Павел Михайлович,капитан,6,37
Новиков Егор Андреевич,майор,11,41
Морозов Егор Ильич,прапорщик,7,38
Морозов Степан Андреевич,прапорщик,4,19
Морозов Алексей Александрович,капитан,12,43
Николаев Денис Кириллович,сержант,8,32
Васильев Евгений Павлович,полковник,3,23
Смирнов Максим Романович,прапорщик,7,56
Сидоров Никита Ильич,прапорщик,5,34
Никитин Кирилл Викторович,рядовой,12,33
Зайцев Артём Юрьевич,сержант,1,38
Кузнецов Алексей Андреевич,прапорщик,3,33
Новиков Степан Максимович,сержант,6,19
Орлов Никита Олегович,майор,12,53
Никитин Алексей Олегович,майор,4,27
Павлов Андрей Дмитриевич,лейтенант,1,43
Лебедев Алексей Дмитриевич,майор,1,19
Лебедев Степан Сергеевич,лейтенант,11,25
Сидоров Виктор Александрович,майор,10,59
Новиков Степан Ильич,лейтенант,1,27
Козлов Никита Алексеевич,рядовой,3,29
Николаев Сергей Иванович,капитан,3,23
Михайлов Роман Романович,полковник,6,51
Попов Егор Олегович,сержант,10,56
Михайлов Иван Александрович,сержант,2,32
Кузнецов Степан Андреевич,майор,4,56
Кузнецов Кирилл Александрович,капитан,9,39
Макаров Сергей Михайлович,сержант,2,42
Борисов Кирилл Максимович,сержант,12,36
Михайлов Александр Никитич,капитан,7,30
Михайлов Сергей Павлович,капитан,12,53
Алексеев Егор Юрьевич,лейтенант,4,36
Михайлов Матвей Алексеевич,капитан,1,53
Фёдоров Иван Михайлович,рядовой,12,28
Новиков Иван Павлович,капитан,8,22
Николаев Артём Сергеевич,прапорщик,10,20
Андреев Олег Юрьевич,лейтенант,12,26
Захаров Константин Михайлович,лейтенант,4,45
Лебедев Денис Андреевич,лейтенант,3,26
Степанов Алексей Олегович,майор,5,57
Яковлев Евгений Павлович,капитан,4,18
Борисов Олег Иванович,майор,1,42
Лебедев Андрей Дмитриевич,капитан,1,22
Сидоров Константин Сергеевич,сержант,12,30
Лебедев Михаил Ильич,капитан,10,28
Макаров Кирилл Кириллович,рядовой,3,59
Смирнов Александр Викторович,капитан,8,18
Новиков Кирилл Иванович,прапорщик,10,45
Орлов Роман Ильич,сержант,12,30
Павлов Денис Михайлович,лейтенант,10,57
Смирнов Олег Ильич,рядовой,4,23
Морозов Евгений Никитич,полковник,3,39
Алексеев Максим Михайлович,сержант,10,32
Павлов Илья Сергеевич,полковник,2,38
Степанов Алексей Михайлович,лейтенант,1,23
Фёдоров Павел Дмитриевич,майор,11,46
Попов Евгений Романович,майор,11,37
Никитин Иван Никитич,рядовой,1,56
Семёнов Денис Андреевич,полковник,10,48
Сидоров Илья Александрович,майор,12,43
Николаев Роман Олегович,лейтенант,12,54
Никитин Степан Сергеевич,сержант,7,48
Морозов Константин Андреевич,майор,3,57
Семёнов Олег Максимович,лейтенант,11,21
Егоров Иван Викторович,лейтенант,9,45
Зайцев Никита Никитич,капитан,7,44
Кузнецов Константин Максимович,капитан,2,39
Андреев Степан Алексеевич,лейтенант,10,27
Новиков Артём Кириллович,прапорщик,10,37
Сидоров Дмитрий Дмитриевич,капитан,4,60
Николаев Денис Юрьевич,лейтенант,6,38
Зайцев Иван Кириллович,майор,10,42
Егоров Илья Кириллович,рядовой,11,55
Васильев Илья Иванович,сержант,3,54
Николаев Роман Сергеевич,полковник,1,54
Сидоров Олег Юрьевич,майор,6,60
Васильев Артём Юрьевич,сержант,12,50
Андреев Павел Кириллович,рядовой,11,51
Попов Денис Олегович,полковник,5,22
Соловьёв Алексей Юрьевич,лейтенант,9,58
Сидоров Юрий Романович,майор,8,40
Козлов Алексей Дмитриевич,капитан,9,39
Николаев Алексей Дмитриевич,сержант,8,57
Иванов Алексей Ильич,сержант,10,42
Смирнов Андрей Романович,рядовой,1,33
Сидоров Егор Викторович,полковник,1,52
Алексеев Сергей Дмитриевич,лейтенант,11,53
Лебедев Иван Сергеевич,капитан,11,52
Фёдоров Степан Олегович,майор,7,22
Морозов Кирилл Иванович,прапорщик,1,38
Степанов Никита Романович,полковник,1,23
Лебедев Егор Романович,лейтенант,9,36
Николаев Константин Павлович,полковник,11,55
Козлов Иван Кириллович,майор,7,50
Семёнов Алексей Викторович,полковник,9,58
Егоров Иван Михайлович,лейтенант,5,33
Орлов Александр Юрьевич,рядовой,12,52
Козлов Кирилл Александрович,прапорщик,7,48
Алексеев Кирилл Юрьевич,лейтенант,2,54
Алексеев Максим Романович,рядовой,4,31
Морозов Константин Михайлович,полковник,7,49
Морозов Роман Алексеевич,прапорщик,6,27
Зайцев Евгений Юрьевич,полковник,6,29
Орлов Евгений Юрьевич,капитан,8,35
Соловьёв Денис Ильич,сержант,7,34
Васильев Матвей Кириллович,прапорщик,8,23
Захаров Илья Юрьевич,майор,10,23
Николаев Никита Сергеевич,майор,2,29
Новиков Роман Кириллович,прапорщик,12,32
Смирнов Кирилл Юрьевич,рядовой,11,36
Попов Олег Никитич,капитан,10,30
Сидоров Денис Дмитриевич,рядовой,2,32
Васильев Евгений Максимович,прапорщик,10,22
Захаров Александр Олегович,лейтенант,9,37
Новиков Юрий Максимович,рядовой,8,57
Сидоров Иван Андреевич,рядовой,3,55
Кузнецов Денис Иванович,капитан,7,20
Кузнецов Михаил Иванович,рядовой,4,58
Егоров Константин Иванович,сержант,1,46
Макаров Евгений Максимович,сержант,7,35
Соколов Артём Иванович,лейтенант,1,38
Смирнов Степан Максимович,прапорщик,12,47
Никитин Павел Алексеевич,сержант,2,55
Соколов Денис Алексеевич,капитан,1,47
Петров Матвей Максимович,рядовой,11,19
Алексеев Олег Никитич,рядовой,12,53
Борисов Матвей Александрович,майор,12,32
Зайцев Юрий Ильич,сержант,1,29
Васильев Денис Олегович,сержант,1,25
Новиков Алексей Максимович,майор,2,48
Семёнов Юрий Ильич,прапорщик,12,52
Николаев Евгений Михайлович,майор,10,39
Михайлов Александр Александрович,лейтенант,2,39
Попов Кирилл Максимович,рядовой,6,21
Михайлов Иван Михайлович,прапорщик,11,25
Иванов Иван Романович,рядовой,10,60
Соловьёв Андрей Александрович,лейтенант,9,42
Борисов Дмитрий Викторович,прапорщик,3,46
Лебедев Олег Павлович,сержант,1,21
Козлов Дмитрий Дмитриевич,сержант,7,45
Павлов Виктор Дмитриевич,сержант,8,34
Николаев Роман Михайлович,прапорщик,10,22
Зайцев Евгений Юрьевич,лейтенант,3,47
Яковлев Матвей Олегович,рядовой,12,58
Павлов Артём Михайлович,прапорщик,12,42
Соколов Денис Олегович,лейтенант,9,52
Никитин Роман Ильич,капитан,2,23
Попов Сергей Михайлович,полковник,11,59
Новиков Иван Викторович,прапорщик,3,60
Петров Михаил Викторович,майор,5,47
Петров Илья Алексеевич,прапорщик,3,45
Новиков Юрий Михайлович,майор,9,49
Николаев Егор Павлович,прапорщик,8,44
Зайцев Степан Ильич,лейтенант,3,44
Захаров Михаил Максимович,полковник,5,22
Попов Кирилл Олегович,лейтенант,7,39
Соколов Матвей Ильич,капитан,10,57
Иванов Юрий Андреевич,прапорщик,12,35
Яковлев Дмитрий Михайлович,сержант,8,53
Андреев Павел Никитич,сержант,1,46
Кочергин Дмитрий Михайлович,капитан,8,51
Орлов Артём Павлович,сержант,7,48
Михайлов Олег Иванович,майор,6,30
Кочергин Илья Сергеевич,капитан,3,34
Борисов Андрей Иванович,полковник,9,60
Петров Матвей Романович,сержант,7,22
Сидоров Кирилл Ильич,майор,4,56
Семёнов Алексей Романович,прапорщик,3,60
Степанов Дмитрий Павлович,рядовой,7,57
Борисов Денис Андреевич,прапорщик,9,27
Соловьёв Иван Кириллович,полковник,5,19
Петров Константин Иванович,прапорщик,2,41
Петров Константин Сергеевич,сержант,2,52
Кузнецов Александр Максимович,полковник,4,52
Николаев Александр Романович,полковник,5,42
Борисов Никита Михайлович,сержант,3,45
Степанов Матвей Викторович,прапорщик,7,38
Семёнов Никита Павлович,прапорщик,10,38
Андреев Дмитрий Максимович,капитан,6,33
Макаров Евгений Юрьевич,сержант,8,42
Васильев Иван Юрьевич,прапорщик,9,47
Васильев Юрий Иванович,сержант,8,56
Новиков Дмитрий Юрьевич,полковник,11,19
Степанов Александр Ильич,лейтенант,3,49
Морозов Михаил Ильич,полковник,5,41
Соколов Константин Викторович,сержант,8,49
Степанов Павел Иванович,капитан,9,33
Соколов Виктор Викторович,сержант,7,23
Соловьёв Павел Михайлович,лейтенант,10,48
Яковлев Степан Сергеевич,полковник,5,42
Соловьёв Илья Викторович,рядовой,8,60
Соколов Максим Иванович,рядовой,7,24
Егоров Андрей Александрович,полковник,10,21
Павлов Павел Андреевич,прапорщик,3,47
Зайцев Денис Викторович,капитан,11,23
Смирнов Иван Ильич,полковник,12,49
Сидоров Юрий Алексеевич,сержант,9,60
Соколов Павел Сергеевич,полковник,9,18
Егоров Дмитрий Михайлович,лейтенант,2,57
Николаев Павел Дмитриевич,прапорщик,12,58
Петров Матвей Ильич,полковник,12,45
Кочергин Михаил Алексеевич,лейтенант,12,49
Михайлов Виктор Алексеевич,рядовой,6,58
Кузнецов Андрей Романович,лейтенант,3,22
Никитин Роман Дмитриевич,рядовой,9,21
Попов Сергей Сергеевич,капитан,11,25
Соколов Никита Никитич,майор,9,27
Николаев Артём Олегович,майор,4,21
Орлов Сергей Павлович,прапорщик,3,40
Степанов Евгений Кириллович,полковник,10,37
Попов Денис Юрьевич,полковник,6,42
Васильев Юрий Юрьевич,прапорщик,5,20
Алексеев Евгений Андреевич,прапорщик,7,33
Михайлов Матвей Никитич,прапорщик,7,38
Зайцев Максим Никитич,лейтенант,9,27
Степанов Евгений Павлович,прапорщик,9,40
Андреев Илья Ильич,майор,5,37
Макаров Олег Сергеевич,сержант,6,49
Лебедев Константин Сергеевич,рядовой,10,55
Захаров Артём Викторович,майор,1,52
Орлов Роман Михайлович,майор,1,29
Макаров Никита Викторович,полковник,8,21
Алексеев Никита Александрович,капитан,6,54
Орлов Степан Романович,майор,10,37
Сидоров Степан Максимович,прапорщик,12,38
Кузнецов Денис Кириллович,майор,2,53
Попов Юрий Никитич,сержант,9,32
Николаев Кирилл Иванович,полковник,5,26
Смирнов Максим Олегович,прапорщик,5,44
Павлов Сергей Олегович,полковник,3,42
Соколов Илья Максимович,майор,3,43
Фёдоров Иван Романович,сержант,6,30
Николаев Сергей Алексеевич,полковник,5,18
Смирнов Максим Сергеевич,лейтенант,2,36
Зайцев Евгений Юрьевич,сержант,10,27
Зайцев Иван Олегович,рядовой,9,56
Соколов Иван Юрьевич,прапорщик,10,50
Егоров Роман Никитич,сержант,3,33
Смирнов Андрей Ильич,полковник,7,46
Морозов Егор Викторович,сержант,2,42
Яковлев Артём Викторович,капитан,2,34
Петров Сергей Алексеевич,полковник,8,50
Михайлов Сергей Дмитриевич,майор,5,43
Лебедев Олег Романович,полковник,6,44
Никитин Артём Максимович,полковник,4,40
Сидоров Константин Максимович,сержант,3,32
Кочергин Кирилл Алексеевич,полковник,1,58
Лебедев Олег Андреевич,прапорщик,1,58
Кочергин Кирилл Викторович,лейтенант,5,48
Семёнов Илья Сергеевич,полковник,2,46
Захаров Максим Алексеевич,прапорщик,2,59
Егоров Сергей Сергеевич,капитан,10,53
Егоров Константин Викторович,майор,7,52
Степанов Олег Сергеевич,капитан,7,26
Макаров Михаил Кириллович,рядовой,4,50
Николаев Иван Алексеевич,рядовой,7,48
Лебедев Сергей Романович,майор,1,18
Захаров Константин Андреевич,майор,2,22
Иванов Максим Ильич,майор,9,31
Степанов Кирилл Михайлович,сержант,4,51
Захаров Константин Олегович,полковник,8,24
Зайцев Кирилл Андреевич,полковник,6,37
Яковлев Денис Дмитриевич,майор,10,42
Яковлев Иван Павлович,рядовой,9,51
Кочергин Степан Александрович,рядовой,11,22
Зайцев Александр Викторович,сержант,8,55
Степанов Роман Михайлович,капитан,2,28
Михайлов Никита Павлович,майор,9,57
Зайцев Степан Алексеевич,полковник,9,44
Попов Степан Викторович,полковник,10,41
Кочергин Илья Андреевич,капитан,4,54
Козлов Александр Романович,капитан,9,22
Кузнецов Максим Сергеевич,прапорщик,10,26
Макаров Алексей Михайлович,сержант,10,57
Егоров Максим Максимович,капитан,11,35
Новиков Максим Алексеевич,майор,9,36
Лебедев Алексей Александрович,лейтенант,3,19
Новиков Виктор Алексеевич,прапорщик,2,48
Новиков Кирилл Михайлович,майор,7,33
Алексеев Евгений Алексеевич,прапорщик,12,37
Фёдоров Алексей Олегович,лейтенант,9,53
Козлов Матвей Романович,сержант,12,51
Соколов Илья Никитич,сержант,3,39
Соколов Алексей Дмитриевич,полковник,5,22
Семёнов Степан Максимович,рядовой,6,29
Новиков Павел Александрович,прапорщик,4,60
Козлов Михаил Юрьевич,капитан,10,52
Попов Степан Павлович,капитан,11,37
Морозов Денис Юрьевич,полковник,5,29
Никитин Олег Александрович,рядовой,11,34
Соловьёв Степан Сергеевич,сержант,8,27
Степанов Артём Андреевич,капитан,1,20
Борисов Олег Юрьевич,сержант,2,31
Лебедев Евгений Юрьевич,рядовой,11,30
Смирнов Артём Сергеевич,лейтенант,8,32
Борисов Кирилл Кириллович,полковник,6,58
Никитин Максим Дмитриевич,майор,5,35
Егоров Денис Михайлович,рядовой,9,45
Орлов Никита Алексеевич,рядовой,9,60
Васильев Никита Максимович,майор,10,29
Кузнецов Алексей Павлович,майор,9,51
Иванов Евгений Михайлович,капитан,5,18
Зайцев Никита Павлович,рядовой,7,51
Кочергин Кирилл Алексеевич,сержант,5,58
Егоров Константин Андреевич,полковник,4,30
Захаров Никита Павлович,лейтенант,11,44
Новиков Кирилл Ильич,рядовой,5,22
Егоров Сергей Романович,полковник,12,53
Степанов Егор Павлович,полковник,8,42
Кочергин Виктор Олегович,прапорщик,2,32
Алексеев Денис Юрьевич,полковник,3,44
Андреев Степан Алексеевич,полковник,10,32
Николаев Илья Юрьевич,полковник,3,35
Петров Олег Павлович,прапорщик,12,40
Степанов Роман Юрьевич,сержант,8,43
Яковлев Павел Максимович,капитан,3,26
Козлов Константин Иванович,прапорщик,3,53
Соловьёв Дмитрий Кириллович,лейтенант,10,49
Егоров Никита Михайлович,прапорщик,11,41
Иванов Константин Алексеевич,сержант,4,20
Захаров Олег Павлович,сержант,7,20
Новиков Сергей Никитич,полковник,5,55
Николаев Алексей Дмитриевич,рядовой,5,32
Макаров Матвей Юрьевич,сержант,10,28
Николаев Никита Кириллович,майор,7,59
Николаев Артём Алексеевич,сержант,9,45
Попов Степан Романович,капитан,6,32
Михайлов Константин Никитич,полковник,9,35
Сидоров Артём Романович,сержант,10,45
Алексеев Кирилл Максимович,прапорщик,7,47
Новиков Сергей Сергеевич,капитан,2,40
Кочергин Степан Павлович,полковник,2,38
Орлов Артём Никитич,майор,5,59
Андреев Сергей Никитич,сержант,10,57
Лебедев Андрей Ильич,прапорщик,7,46
Алексеев Степан Михайлович,рядовой,4,60
Никитин Денис Максимович,прапорщик,2,59
Соловьёв Денис Александрович,лейтенант,4,34
Егоров Роман Андреевич,сержант,4,52
Егоров Степан Юрьевич,полковник,1,37
Петров Егор Максимович,рядовой,12,28
Соловьёв Константин Алексеевич,полковник,2,49
Лебедев Денис Олегович,капитан,6,45
Яковлев Кирилл Михайлович,майор,8,60
Степанов Артём Викторович,рядовой,7,32
Морозов Роман Олегович,рядовой,7,59
Михайлов Дмитрий Михайлович,рядовой,6,31
Алексеев Матвей Александрович,прапорщик,10,19
Семёнов Константин Сергеевич,прапорщик,5,28
Фёдоров Максим Викторович,рядовой,5,56
Лебедев Иван Юрьевич,капитан,3,55
Степанов Роман Максимович,сержант,2,33
Семёнов Максим Дмитриевич,полковник,10,25
Яковлев Дмитрий Юрьевич,прапорщик,7,58
Кузнецов Кирилл Алексеевич,лейтенант,6,20
Попов Михаил Юрьевич,рядовой,3,18
Егоров Никита Андреевич,лейтенант,10,31
Михайлов Егор Романович,майор,11,45
Новиков Максим Андреевич,сержант,2,43
Морозов Артём Кириллович,лейтенант,4,21
Степанов Никита Юрьевич,капитан,6,34
Никитин Сергей Кириллович,капитан,9,48
Петров Артём Дмитриевич,полковник,6,32
Николаев Артём Кириллович,капитан,12,54
Смирнов Андрей Максимович,полковник,1,36
Козлов Михаил Александрович,сержант,3,59
Захаров Кирилл Александрович,рядовой,6,43
Макаров Алексей Иванович,майор,7,23
Попов Александр Юрьевич,сержант,4,29
Захаров Юрий Максимович,полковник,8,35
Иванов Егор Романович,лейтенант,6,44
Смирнов Роман Юрьевич,сержант,3,29
Яковлев Иван Сергеевич,майор,6,37
Егоров Михаил Сергеевич,рядовой,4,58
Иванов Андрей Кириллович,сержант,3,56
Морозов Павел Андреевич,майор,8,53
Орлов Евгений Сергеевич,капитан,2,25
Фёдоров Никита Сергеевич,капитан,3,40
Петров Павел Сергеевич,лейтенант,2,41
Алексеев Иван Романович,рядовой,8,33
Морозов Константин Алексеевич,лейтенант,3,41
Семёнов Юрий Ильич,полковник,2,19
Петров Константин Романович,прапорщик,12,20
Васильев Юрий Никитич,капитан,1,28
Егоров Александр Романович,лейтенант,8,30
Алексеев Андрей Олегович,рядовой,8,23
Николаев Павел Ильич,рядовой,12,39
Соловьёв Сергей Олегович,майор,7,37
Иванов Роман Михайлович,рядовой,11,30
Васильев Егор Юрьевич,капитан,11,47
Попов Виктор Юрьевич,майор,5,31
Морозов Максим Максимович,сержант,11,60
Смирнов Павел Александрович,майор,7,27
Михайлов Михаил Александрович,полковник,5,33
Николаев Иван Кириллович,капитан,2,49
Николаев Евгений Кириллович,лейтенант,3,46
Николаев Дмитрий Никитич,прапорщик,8,27
Николаев Сергей Александрович,майор,2,35
Степанов Артём Александрович,рядовой,9,55
Захаров Александр Павлович,полковник,7,18
Яковлев Егор Иванович,полковник,8,18
Егоров Евгений Михайлович,рядовой,12,30
Николаев Роман Сергеевич,рядовой,6,57
Борисов Олег Александрович,сержант,9,19
Кузнецов Кирилл Дмитриевич,рядовой,10,39
Смирнов Никита Сергеевич,капитан,5,44
Семёнов Павел Павлович,полковник,6,21
Алексеев Артём Юрьевич,майор,9,55
Морозов Алексей Романович,сержант,8,42
Степанов Денис Алексеевич,полковник,2,19
Кочергин Виктор Иванович,прапорщик,4,45
Попов Михаил Юрьевич,сержант,5,39
Иванов Кирилл Сергеевич,рядовой,4,29
Козлов Артём Михайлович,полковник,3,32
Зайцев Артём Иванович,прапорщик,11,23
Козлов Иван Олегович,капитан,8,32
Борисов Виктор Иванович,майор,1,33
Фёдоров Евгений Максимович,прапорщик,6,30
Яковлев Никита Никитич,майор,6,50
Лебедев Иван Максимович,полковник,1,35
Новиков Константин Викторович,капитан,9,39
Яковлев Павел Андреевич,сержант,6,41
Морозов Артём Андреевич,капитан,1,52
Орлов Павел Павлович,лейтенант,10,19
Никитин Сергей Алексеевич,прапорщик,9,22
Алексеев Александр Романович,полковник,6,58
Зайцев Кирилл Иванович,лейтенант,5,43
Фёдоров Никита Павлович,лейтенант,10,47
Егоров Иван Иванович,капитан,4,35
Козлов Виктор Алексеевич,рядовой,10,47
Зайцев Евгений Андреевич,прапорщик,10,21
Новиков Юрий Ильич,прапорщик,10,31
Фёдоров Дмитрий Алексеевич,сержант,9,18
Козлов Егор Михайлович,рядовой,9,44
Соколов Роман Викторович,полковник,4,46
Борисов Иван Ильич,прапорщик,5,52
Козлов Илья Александрович,лейтенант,1,57
Соловьёв Александр Александрович,полковник,5,56
Смирнов Алексей Михайлович,рядовой,3,58
Егоров Дмитрий Михайлович,полковник,9,59
Макаров Павел Романович,лейтенант,9,33
Смирнов Роман Викторович,капитан,11,26
Попов Илья Александрович,полковник,8,39
Кузнецов Егор Романович,капитан,3,26
Николаев Евгений Дмитриевич,лейтенант,12,36
Соловьёв Виктор Алексеевич,рядовой,5,30
Соколов Егор Андреевич,сержант,2,35
Степанов Михаил Дмитриевич,лейтенант,10,53
Зайцев Евгений Кириллович,прапорщик,3,18
Иванов Виктор Викторович,капитан,7,51
Семёнов Алексей Дмитриевич,сержант,3,24
Михайлов Илья Иванович,майор,6,39
Сидоров Константин Андреевич,сержант,2,58
Алексеев Денис Алексеевич,лейтенант,4,60
Кузнецов Никита Дмитриевич,сержант,3,38
Иванов Денис Алексеевич,лейтенант,2,51
Петров Павел Михайлович,полковник,7,59
Захаров Константин Юрьевич,капитан,4,57
Павлов Андрей Дмитриевич,сержант,6,44
Кузнецов Роман Андреевич,сержант,12,46
Кочергин Алексей Павлович,полковник,6,38
Егоров Максим Юрьевич,прапорщик,12,27
Яковлев Кирилл Михайлович,рядовой,7,41
Егоров Роман Кириллович,майор,5,35
Макаров Денис Кириллович,сержант,7,60
Попов Кирилл Максимович,прапорщик,5,30
Петров Максим Никитич,полковник,4,53
Семёнов Егор Кириллович,полковник,7,37
Лебедев Егор Никитич,сержант,10,18
Фёдоров Денис Никитич,майор,11,35
Морозов Павел Алексеевич,сержант,11,31
Соколов Егор Михайлович,майор,11,23
Козлов Дмитрий Ильич,лейтенант,1,33
Иванов Матвей Александрович,рядовой,11,20
Кочергин Максим Сергеевич,сержант,9,57
Фёдоров Сергей Павлович,капитан,8,51
Макаров Сергей Олегович,капитан,7,36
Лебедев Андрей Дмитриевич,капитан,2,47
Кузнецов Андрей Алексеевич,сержант,2,41
Макаров Роман Юрьевич,прапорщик,3,30
Захаров Андрей Сергеевич,сержант,9,30
Захаров Сергей Михайлович,прапорщик,6,42
Захаров Павел Никитич,сержант,6,50
Попов Андрей Павлович,прапорщик,10,47
Соловьёв Юрий Максимович,полковник,1,46
Сидоров Михаил Алексеевич,рядовой,8,58
Смирнов Евгений Сергеевич,полковник,6,27
Петров Юрий Никитич,рядовой,12,53
Сидоров Евгений Михайлович,лейтенант,9,45
Кузнецов Сергей Александрович,сержант,6,30
Петров Егор Алексеевич,прапорщик,8,39
Соколов Артём Олегович,прапорщик,12,52
Павлов Павел Павлович,майор,7,27
Смирнов Константин Александрович,рядовой,2,34
Попов Денис Никитич,лейтенант,10,57
Степанов Егор Кириллович,майор,8,43
Андреев Александр Алексеевич,прапорщик,10,31
Андреев Виктор Андреевич,капитан,3,51
Степанов Константин Дмитриевич,полковник,9,39
Семёнов Кирилл Михайлович,сержант,1,36
Козлов Максим Иванович,майор,7,21
Егоров Иван Алексеевич,прапорщик,8,41
Морозов Александр Михайлович,прапорщик,2,59
Петров Кирилл Романович,сержант,5,27
Лебедев Евгений Никитич,капитан,2,54
Попов Евгений Иванович,майор,6,36
Зайцев Никита Кириллович,майор,5,57
Козлов Иван Алексеевич,полковник,10,26
Семёнов Иван Иванович,полковник,5,26
Петров Андрей Иванович,полковник,10,34
Степанов Матвей Иванович,лейтенант,3,33
Попов Никита Иванович,рядовой,11,54
Захаров Иван Романович,сержант,3,37
Макаров Алексей Никитич,полковник,12,58
Зайцев Павел Никитич,майор,3,18
Николаев Константин Олегович,сержант,6,47
Зайцев Денис Кириллович,прапорщик,3,34
Соловьёв Максим Ильич,майор,11,23
Макаров Матвей Павлович,лейтенант,7,46
Михайлов Егор Максимович,капитан,7,43
Васильев Виктор Юрьевич,полковник,4,26
Егоров Евгений Павлович,сержант,6,50
Новиков Андрей Александрович,полковник,3,30
Михайлов Андрей Никитич,полковник,5,26
Попов Юрий Сергеевич,полковник,8,26
Новиков Михаил Александрович,рядовой,5,49
Кузнецов Олег Андреевич,полковник,3,29
Макаров Михаил Кириллович,майор,1,37
Яковлев Никита Сергеевич,капитан,2,41
Петров Михаил Юрьевич,майор,9,24
Соколов Кирилл Павлович,майор,2,52
Фёдоров Денис Андреевич,полковник,5,51
Яковлев Иван Алексеевич,сержант,10,53
Фёдоров Иван Михайлович,сержант,1,23
Алексеев Илья Сергеевич,прапорщик,10,54
Никитин Сергей Дмитриевич,рядовой,7,40
Соколов Виктор Максимович,лейтенант,8,60
Борисов Матвей Алексеевич,капитан,10,49
Семёнов Денис Никитич,прапорщик,2,18
Петров Иван Никитич,лейтенант,2,42
Никитин Кирилл Викторович,майор,1,30
Новиков Максим Никитич,сержант,12,37
Лебедев Павел Ильич,майор,10,40
Яковлев Егор Сергеевич,капитан,7,48
Борисов Денис Романович,полковник,6,57
Андреев Кирилл Романович,капитан,4,32
Андреев Павел Александрович,капитан,2,35
Соколов Илья Сергеевич,капитан,8,39
Васильев Никита Юрьевич,рядовой,3,28
Алексеев Иван Алексеевич,прапорщик,12,34
Васильев Михаил Викторович,рядовой,11,45
Лебедев Кирилл Юрьевич,рядовой,7,57
Фёдоров Егор Олегович,рядовой,2,49
Лебедев Степан Романович,рядовой,8,49
Михайлов Андрей Сергеевич,прапорщик,7,46
Соколов Константин Иванович,сержант,7,18
Павлов Алексей Ильич,рядовой,12,21
Семёнов Михаил Павлович,майор,3,56
Попов Роман Михайлович,рядовой,12,43
Смирнов Михаил Андреевич,полковник,5,27
Смирнов Кирилл Павлович,лейтенант,6,24
Захаров Степан Андреевич,майор,3,28
Никитин Алексей Олегович,рядовой,6,58
Андреев Иван Олегович,капитан,7,19
Новиков Юрий Иванович,сержант,3,39
Михайлов Сергей Викторович,майор,1,55
Никитин Виктор Никитич,полковник,1,53
Михайлов Артём Андреевич,сержант,12,48
Фёдоров Алексей Кириллович,рядовой,10,39
Васильев Сергей Алексеевич,полковник,2,20
Алексеев Степан Никитич,сержант,11,45
Фёдоров Евгений Максимович,майор,8,25
Захаров Олег Юрьевич,лейтенант,10,52
Петров Матвей Ильич,рядовой,5,32
Яковлев Александр Александрович,прапорщик,2,24
Козлов Олег Романович,лейтенант,10,39
Егоров Александр Павлович,прапорщик,3,44
Лебедев Кирилл Юрьевич,лейтенант,1,31
Яковлев Виктор Никитич,рядовой,12,42
Алексеев Юрий Викторович,сержант,1,22
Семёнов Александр Юрьевич,полковник,7,20
Андреев Сергей Викторович,сержант,5,23
Петров Алексей Иванович,лейтенант,4,21
Лебедев Сергей Кириллович,прапорщик,7,52
Попов Никита Дмитриевич,майор,2,56
Николаев Михаил Максимович,лейтенант,12,60
Яковлев Роман Викторович,лейтенант,3,20
Морозов Олег Ильич,полковник,9,19
Кузнецов Дмитрий Юрьевич,лейтенант,2,38
Борисов Роман Сергеевич,рядовой,8,42
Морозов Кирилл Олегович,сержант,1,35
Новиков Евгений Ильич,капитан,5,49
Борисов Александр Максимович,рядовой,11,39
Михайлов Евгений Александрович,майор,11,52
Никитин Олег Сергеевич,полковник,6,39
Лебедев Степан Дмитриевич,рядовой,4,30
Новиков Андрей Александрович,полковник,5,45
Морозов Юрий Павлович,прапорщик,12,19
Степанов Кирилл Дмитриевич,прапорщик,3,29
Захаров Виктор Андреевич,прапорщик,7,29
Павлов Евгений Олегович,майор,3,38
Попов Роман Юрьевич,прапорщик,4,37
Никитин Олег Дмитриевич,полковник,12,50
Никитин Роман Дмитриевич,рядовой,4,49
Новиков Алексей Викторович,рядовой,2,23
Егоров Константин Викторович,рядовой,10,19
Лебедев Сергей Олегович,капитан,11,24
Михайлов Дмитрий Михайлович,полковник,4,42
Новиков Никита Романович,рядовой,8,31
Макаров Алексей Сергеевич,капитан,8,36
Соловьёв Максим Викторович,сержант,2,26
Лебедев Михаил Кириллович,капитан,11,50
Смирнов Дмитрий Дмитриевич,майор,5,21
Михайлов Дмитрий Юрьевич,сержант,2,21
Сидоров Сергей Михайлович,капитан,9,37
Никитин Алексей Михайлович,лейтенант,10,20
Сидоров Артём Дмитриевич,сержант,10,30
Васильев Никита Ильич,прапорщик,2,29
Петров Виктор Юрьевич,прапорщик,2,24
Васильев Олег Андреевич,капитан,5,28
Орлов Юрий Олегович,прапорщик,3,21
Зайцев Александр Иванович,сержант,10,42
Степанов Андрей Александрович,лейтенант,10,26
Соловьёв Денис Романович,сержант,5,53
Смирнов Артём Никитич,майор,1,36
Егоров Никита Михайлович,майор,6,40
Зайцев Александр Алексеевич,прапорщик,12,47
Сидоров Денис Павлович,майор,12,19
Смирнов Кирилл Павлович,сержант,2,37
Новиков Матвей Павлович,майор,10,44
Козлов Максим Романович,майор,11,54
Макаров Максим Никитич,майор,1,37
Козлов Алексей Павлович,майор,8,54
Фёдоров Дмитрий Дмитриевич,лейтенант,3,40
Михайлов Матвей Андреевич,прапорщик,4,22
Попов Максим Кириллович,полковник,2,55
Степанов Олег Павлович,прапорщик,4,28
Семёнов Степан Максимович,сержант,9,24
Кочергин Павел Дмитриевич,прапорщик,6,36
Борисов Матвей Алексеевич,полковник,1,51
Егоров Сергей Михайлович,лейтенант,12,60
Лебедев Михаил Никитич,капитан,9,38
Степанов Степан Михайлович,рядовой,1,48
Кочергин Степан Олегович,полковник,1,51
Степанов Егор Дмитриевич,полковник,7,42
Орлов Егор Олегович,майор,4,28
Петров Роман Павлович,прапорщик,10,40
Никитин Роман Александрович,лейтенант,6,60
Попов Денис Романович,сержант,9,31
Кочергин Илья Романович,прапорщик,10,57
Павлов Александр Павлович,майор,7,60
Николаев Павел Олегович,майор,10,30
Кочергин Юрий Максимович,майор,1,19
Борисов Максим Викторович,рядовой,3,39
Иванов Роман Павлович,майор,1,49
Кузнецов Евгений Юрьевич,прапорщик,12,49
Морозов Михаил Кириллович,майор,11,19
Новиков Кирилл Ильич,капитан,7,36
Никитин Юрий Максимович,майор,6,22
Макаров Кирилл Андреевич,прапорщик,7,26
Смирнов Павел Дмитриевич,капитан,4,36
Новиков Андрей Павлович,майор,2,49
Никитин Кирилл Михайлович,сержант,9,50
Попов Денис Павлович,майор,11,22
Соколов Максим Викторович,майор,6,20
Николаев Павел Александрович,капитан,12,18
Иванов Олег Павлович,рядовой,1,39
Петров Дмитрий Алексеевич,майор,7,57
Михайлов Артём Кириллович,рядовой,4,29
Попов Никита Романович,лейтенант,1,42
Зайцев Матвей Дмитриевич,капитан,12,36
Соловьёв Виктор Александрович,капитан,5,59
Егоров Константин Романович,прапорщик,8,56
Попов Олег Павлович,прапорщик,5,59
Егоров Виктор Кириллович,капитан,4,21
Васильев Илья Павлович,рядовой,11,56
Попов Матвей Максимович,капитан,2,49
Фёдоров Роман Михайлович,майор,4,58
Смирнов Егор Андреевич,капитан,5,51
Попов Артём Андреевич,прапорщик,4,19
Зайцев Степан Кириллович,лейтенант,4,57
Кузнецов Михаил Павлович,полковник,5,54
Васильев Илья Кириллович,прапорщик,10,28
Захаров Никита Викторович,майор,11,19
Смирнов Кирилл Александрович,лейтенант,4,53
Андреев Иван Александрович,капитан,12,46
Захаров Максим Кириллович,майор,2,46
Зайцев Кирилл Юрьевич,майор,10,22
Новиков Евгений Павлович,капитан,10,45
Петров Александр Юрьевич,рядовой,10,37
Алексеев Сергей Викторович,полковник,4,27
Зайцев Роман Викторович,капитан,7,44
Орлов Виктор Михайлович,капитан,2,29
Кочергин Олег Дмитриевич,майор,5,34
Соколов Алексей Иванович,лейтенант,10,34
Новиков Денис Александрович,полковник,3,50
Павлов Иван Иванович,майор,9,18
Петров Сергей Михайлович,прапорщик,12,59
Лебедев Егор Алексеевич,майор,3,33
Павлов Сергей Кириллович,лейтенант,10,42
Морозов Александр Никитич,майор,9,21
Никитин Максим Иванович,капитан,10,37
Новиков Константин Дмитриевич,капитан,11,32
Николаев Матвей Павлович,сержант,3,53
Фёдоров Михаил Александрович,лейтенант,8,52
Яковлев Андрей Павлович,майор,4,46
Васильев Олег Романович,полковник,3,46
Соколов Олег Никитич,сержант,4,35
Семёнов Олег Андреевич,прапорщик,6,43
Соловьёв Олег Дмитриевич,полковник,12,33
Никитин Александр Андреевич,рядовой,9,18
Морозов Роман Дмитриевич,сержант,9,41
Васильев Кирилл Юрьевич,рядовой,8,35
Новиков Михаил Никитич,капитан,2,28
Орлов Евгений Иванович,рядовой,5,21
Соловьёв Егор Максимович,капитан,9,21
Новиков Иван Сергеевич,лейтенант,11,51
Соловьёв Роман Сергеевич,прапорщик,7,32
Андреев Олег Михайлович,прапорщик,3,38
Андреев Кирилл Александрович,полковник,7,21
Михайлов Илья Юрьевич,капитан,3,28
Борисов Сергей Викторович,полковник,11,23
Семёнов Алексей Сергеевич,капитан,4,21
Морозов Павел Александрович,лейтенант,8,40
Козлов Виктор Андреевич,прапорщик,11,43
Борисов Егор Викторович,сержант,5,55
Андреев Александр Дмитриевич,рядовой,5,46
Семёнов Павел Никитич,майор,11,22
Кочергин Виктор Павлович,полковник,8,44
Лебедев Степан Сергеевич,лейтенант,7,47
Михайлов Константин Викторович,лейтенант,8,57
Семёнов Егор Сергеевич,майор,5,30
Кочергин Иван Кириллович,лейтенант,4,30
Соколов Илья Никитич,рядовой,9,54
Попов Александр Максимович,прапорщик,12,36
Борисов Степан Павлович,прапорщик,10,51
Андреев Денис Сергеевич,рядовой,9,37
Петров Александр Александрович,сержант,8,38
Новиков Сергей Юрьевич,сержант,1,52
Фёдоров Матвей Михайлович,полковник,11,45
Николаев Матвей Алексеевич,капитан,7,41
Смирнов Никита Никитич,полковник,2,54
Фёдоров Никита Максимович,полковник,11,41
Андреев Сергей Викторович,сержант,1,23
Захаров Артём Романович,сержант,1,53
Петров Юрий Викторович,рядовой,4,24
Соколов Александр Михайлович,лейтенант,10,28
Кочергин Константин Олегович,сержант,1,25
Захаров Андрей Александрович,сержант,9,27
Морозов Александр Сергеевич,прапорщик,11,58
Иванов Никита Романович,капитан,10,42
Козлов Иван Ильич,полковник,8,36
Никитин Андрей Александрович,лейтенант,8,32
Никитин Матвей Максимович,сержант,11,47
Алексеев Юрий Максимович,сержант,9,44
Соколов Никита Максимович,лейтенант,11,25
Николаев Михаил Дмитриевич,прапорщик,6,44
Егоров Михаил Алексеевич,капитан,7,29
Егоров Илья Романович,полковник,6,41
Морозов Никита Кириллович,прапорщик,6,30
Козлов Роман Викторович,лейтенант,3,33
Попов Юрий Павлович,прапорщик,2,52
Орлов Максим Ильич,полковник,5,59
Лебедев Юрий Дмитриевич,рядовой,3,38
Васильев Павел Михайлович,полковник,11,45
Павлов Виктор Иванович,майор,10,44
Соловьёв Дмитрий Романович,сержант,9,46
Захаров Иван Алексеевич,сержант,5,29
Павлов Евгений Никитич,рядовой,8,21
Борисов Евгений Александрович,рядовой,7,34
Егоров Денис Павлович,рядовой,6,20
Лебедев Андрей Иванович,капитан,10,49
Семёнов Михаил Александрович,прапорщик,12,31
Козлов Егор Михайлович,майор,8,21
Васильев Максим Максимович,капитан,2,32
Иванов Константин Сергеевич,капитан,5,40
Сидоров Кирилл Ильич,рядовой,11,55
Соловьёв Максим Алексеевич,майор,9,43
Степанов Алексей Юрьевич,полковник,7,60
Никитин Сергей Михайлович,прапорщик,4,39
Степанов Дмитрий Иванович,полковник,11,60
Фёдоров Виктор Дмитриевич,прапорщик,3,35
Борисов Юрий Павлович,рядовой,8,53
Орлов Евгений Алексеевич,лейтенант,11,57
Кочергин Дмитрий Алексеевич,лейтенант,10,47
Кочергин Илья Олегович,майор,12,43
Лебедев Андрей Ильич,лейтенант,5,47
Макаров Евгений Михайлович,майор,4,26
Семёнов Андрей Павлович,лейтенант,1,25
Морозов Константин Александрович,сержант,1,25
Васильев Олег Олегович,полковник,6,36
Никитин Степан Ильич,майор,11,41
Козлов Максим Романович,капитан,11,59
Алексеев Илья Дмитриевич,капитан,10,38
Лебедев Юрий Викторович,рядовой,4,41
Орлов Олег Дмитриевич,прапорщик,6,28
Иванов Денис Дмитриевич,сержант,1,19
Орлов Олег Иванович,прапорщик,9,31
Андреев Дмитрий Кириллович,полковник,12,21
Соловьёв Юрий Романович,сержант,11,30
Кузнецов Роман Ильич,прапорщик,7,36
Зайцев Михаил Кириллович,сержант,7,49
Смирнов Дмитрий Сергеевич,капитан,6,23
Новиков Максим Михайлович,капитан,2,27
Михайлов Илья Максимович,сержант,8,38
Макаров Матвей Викторович,прапорщик,7,46
Андреев Юрий Кириллович,полковник,8,48
Яковлев Дмитрий Павлович,майор,7,45
Смирнов Алексей Викторович,капитан,11,53
Лебедев Павел Михайлович,сержант,4,52
Морозов Кирилл Иванович,капитан,12,58
Зайцев Виктор Романович,прапорщик,12,47
Степанов Егор Романович,майор,2,36
Козлов Михаил Олегович,полковник,9,20
Зайцев Максим Александрович,прапорщик,7,46
Новиков Матвей Викторович,лейтенант,2,56
Захаров Сергей Кириллович,сержант,9,30
Сидоров Виктор Кириллович,прапорщик,9,52
Новиков Степан Павлович,лейтенант,4,58
Захаров Юрий Максимович,прапорщик,1,31
Лебедев Степан Романович,майор,9,38
Семёнов Илья Михайлович,прапорщик,5,31
Смирнов Дмитрий Иванович,полковник,7,45
Алексеев Алексей Никитич,полковник,3,27
Лебедев Кирилл Максимович,полковник,11,49
Кочергин Юрий Алексеевич,рядовой,9,22
Козлов Юрий Алексеевич,рядовой,11,38
Семёнов Евгений Иванович,прапорщик,3,28
Кузнецов Михаил Алексеевич,прапорщик,1,23
Захаров Олег Кириллович,прапорщик,10,52
Семёнов Егор Ильич,сержант,3,52
Кочергин Никита Андреевич,рядовой,5,25
Соколов Олег Юрьевич,полковник,8,55
Захаров Никита Дмитриевич,сержант,11,18
Борисов Никита Сергеевич,рядовой,6,20
Козлов Михаил Юрьевич,лейтенант,3,41
Новиков Юрий Дмитриевич,сержант,12,55
Борисов Константин Алексеевич,капитан,4,51
Орлов Алексей Кириллович,сержант,1,36
Смирнов Михаил Романович,капитан,2,19
Кузнецов Иван Михайлович,капитан,11,57
Семёнов Матвей Андреевич,полковник,5,31
Алексеев Сергей Павлович,капитан,7,45
Кузнецов Степан Александрович,лейтенант,10,45
Егоров Илья Максимович,сержант,1,60
Козлов Павел Викторович,капитан,7,26
Андреев Иван Андреевич,сержант,2,30
Иванов Максим Юрьевич,сержант,4,48
Николаев Илья Михайлович,сержант,5,58
Попов Сергей Алексеевич,рядовой,7,28
Борисов Олег Романович,полковник,6,29
Егоров Александр Сергеевич,полковник,9,29
Кузнецов Иван Максимович,майор,1,55
Андреев Александр Романович,майор,6,35
Новиков Виктор Сергеевич,прапорщик,2,30
Андреев Денис Кириллович,лейтенант,5,26
Лебедев Константин Сергеевич,прапорщик,4,32
Захаров Никита Кириллович,рядовой,4,31
Михайлов Константин Олегович,полковник,7,19
Андреев Степан Юрьевич,прапорщик,7,42
Орлов Алексей Романович,прапорщик,7,22
Егоров Александр Андреевич,рядовой,6,53
Захаров Виктор Кириллович,капитан,1,35
Яковлев Никита Андреевич,майор,8,50
Степанов Илья Ильич,рядовой,7,18
Попов Олег Никитич,полковник,12,34
Егоров Денис Михайлович,рядовой,2,22
Алексеев Юрий Юрьевич,капитан,12,43
Морозов Алексей Никитич,сержант,12,29
Кочергин Никита Михайлович,майор,12,31
Новиков Егор Викторович,прапорщик,1,23
Васильев Кирилл Алексеевич,капитан,8,29
Макаров Алексей Сергеевич,сержант,3,44
Сидоров Сергей Андреевич,сержант,9,35
Орлов Иван Олегович,капитан,10,55
Иванов Максим Кириллович,майор,8,34
Лебедев Павел Кириллович,сержант,5,31
Соловьёв Никита Алексеевич,майор,12,32
Орлов Кирилл Павлович,сержант,11,57
Никитин Иван Юрьевич,сержант,12,35
Лебедев Михаил Алексеевич,капитан,6,18
Алексеев Артём Олегович,рядовой,7,51
Соловьёв Илья Алексеевич,полковник,1,39
Соловьёв Артём Алексеевич,сержант,7,40
Борисов Виктор Викторович,лейтенант,7,18
Семёнов Павел Олегович,прапорщик,9,46
Васильев Артём Никитич,капитан,3,56
Смирнов Юрий Кириллович,капитан,10,37
Сидоров Павел Михайлович,сержант,9,51
Семёнов Александр Алексеевич,майор,7,50
Кочергин Олег Романович,прапорщик,8,20
Степанов Сергей Юрьевич,прапорщик,12,22
Николаев Константин Павлович,рядовой,5,58
Петров Кирилл Иванович,рядовой,4,51
Лебедев Алексей Никитич,лейтенант,6,36
Егоров Евгений Алексеевич,майор,1,42
Смирнов Андрей Иванович,полковник,4,27
Новиков Дмитрий Викторович,прапорщик,4,43
Сидоров Никита Никитич,прапорщик,7,37
Алексеев Артём Юрьевич,полковник,2,49
Кузнецов Роман Викторович,полковник,9,51
Семёнов Дмитрий Олегович,полковник,8,21
Никитин Денис Александрович,сержант,12,57
Соколов Дмитрий Олегович,майор,7,27
Макаров Юрий Викторович,прапорщик,11,49
Алексеев Евгений Иванович,полковник,8,36
Захаров Максим Сергеевич,полковник,12,19
Макаров Алексей Александрович,капитан,7,23
Васильев Евгений Кириллович,сержант,4,54
Фёдоров Иван Алексеевич,прапорщик,1,31
Петров Артём Кириллович,лейтенант,3,41
Семёнов Степан Никитич,рядовой,10,19
Кузнецов Роман Кириллович,капитан,11,18
Иванов Сергей Максимович,сержант,8,21
Павлов Дмитрий Юрьевич,полковник,10,58
Захаров Евгений Максимович,капитан,11,19
Никитин Олег Дмитриевич,рядовой,5,27
Михайлов Илья Максимович,лейтенант,4,34
Петров Степан Сергеевич,капитан,8,34
Фёдоров Константин Сергеевич,капитан,6,47
Николаев Кирилл Никитич,полковник,9,26
Яковлев Максим Михайлович,лейтенант,5,50
Михайлов Максим Андреевич,сержант,9,19
Михайлов Алексей Викторович,сержант,1,38
Иванов Виктор Максимович,майор,5,26
Кузнецов Илья Олегович,рядовой,7,31
Алексеев Кирилл Кириллович,прапорщик,2,41
Соколов Егор Алексеевич,сержант,2,24
Никитин Никита Алексеевич,полковник,11,20
Андреев Евгений Алексеевич,лейтенант,5,50
Сидоров Дмитрий Михайлович,прапорщик,4,18
Степанов Михаил Юрьевич,капитан,5,60
Морозов Максим Михайлович,прапорщик,3,39
Борисов Евгений Михайлович,майор,3,48
Фёдоров Евгений Сергеевич,майор,5,56
Смирнов Сергей Юрьевич,майор,2,38
Козлов Олег Кириллович,капитан,9,50
Кочергин Кирилл Олегович,полковник,7,33
Алексеев Виктор Павлович,сержант,4,53
Морозов Илья Никитич,рядовой,3,23
Павлов Денис Кириллович,лейтенант,7,31
Яковлев Никита Александрович,майор,3,33
Лебедев Максим Юрьевич,полковник,11,53
Попов Максим Викторович,прапорщик,6,31
Васильев Сергей Михайлович,прапорщик,4,29
Макаров Максим Иванович,капитан,1,52
Сидоров Михаил Ильич,сержант,1,27
Козлов Роман Юрьевич,капитан,5,29
Алексеев Александр Дмитриевич,лейтенант,3,18
Сидоров Илья Ильич,майор,6,46
Лебедев Никита Дмитриевич,майор,11,23
Кочергин Михаил Кириллович,полковник,7,55
Соколов Павел Алексеевич,полковник,7,52
Никитин Никита Алексеевич,сержант,5,33
Орлов Дмитрий Александрович,капитан,8,33
Сидоров Олег Андреевич,капитан,1,47
Кузнецов Денис Максимович,полковник,7,52
Захаров Илья Иванович,рядовой,3,57
Соловьёв Павел Викторович,рядовой,7,49
Сидоров Михаил Михайлович,прапорщик,11,58
Фёдоров Олег Иванович,рядовой,11,41
Кочергин Сергей Юрьевич,рядовой,6,58
Орлов Егор Михайлович,рядовой,7,50
Николаев Алексей Павлович,лейтенант,1,21
Зайцев Роман Андреевич,лейтенант,12,30
Борисов Матвей Павлович,рядовой,2,33
Иванов Павел Олегович,прапорщик,7,46
Павлов Виктор Юрьевич,прапорщик,3,27
Новиков Алексей Михайлович,полковник,3,40
Соколов Кирилл Павлович,лейтенант,12,55
Николаев Иван Максимович,рядовой,9,48
Морозов Дмитрий Сергеевич,майор,7,48
Лебедев Константин Иванович,рядовой,4,30
Попов Кирилл Романович,сержант,10,38
Васильев Артём Алексеевич,рядовой,3,57
Макаров Сергей Максимович,полковник,4,52
Фёдоров Андрей Иванович,прапорщик,2,22
Захаров Егор Дмитриевич,лейтенант,12,44
Михайлов Денис Максимович,лейтенант,4,33
Кузнецов Илья Павлович,капитан,6,25
Макаров Никита Максимович,лейтенант,5,56
Орлов Андрей Александрович,рядовой,1,35
Степанов Виктор Сергеевич,майор,3,22
Петров Кирилл Михайлович,лейтенант,7,52
Яковлев Артём Романович,майор,9,21
Борисов Никита Дмитриевич,капитан,12,32
Соколов Михаил Андреевич,лейтенант,2,19
Морозов Дмитрий Дмитриевич,полковник,9,56
Лебедев Сергей Викторович,рядовой,4,60
Фёдоров Егор Андреевич,лейтенант,6,36
Попов Кирилл Ильич,рядовой,7,33
Кузнецов Никита Михайлович,майор,1,36
Васильев Олег Павлович,прапорщик,2,24
Николаев Алексей Кириллович,капитан,8,20
Сидоров Матвей Александрович,сержант,5,32
Новиков Дмитрий Олегович,лейтенант,8,57
Соловьёв Виктор Максимович,капитан,6,34
Соколов Степан Максимович,майор,2,60
Морозов Александр Юрьевич,прапорщик,12,29
Петров Павел Максимович,прапорщик,2,53
Козлов Егор Иванович,сержант,4,45
Андреев Константин Павлович,сержант,1,59
Новиков Иван Павлович,сержант,11,33
Степанов Степан Романович,капитан,4,34
Иванов Денис Романович,лейтенант,7,25
Соловьёв Илья Сергеевич,полковник,4,48
Егоров Михаил Кириллович,сержант,7,21
Петров Артём Михайлович,сержант,10,29
Павлов Роман Максимович,прапорщик,10,28
Козлов Максим Викторович,прапорщик,3,57
Павлов Павел Олегович,капитан,7,23
Макаров Олег Иванович,майор,12,21
Попов Евгений Викторович,рядовой,4,30
Соловьёв Денис Ильич,лейтенант,4,44
Фёдоров Андрей Иванович,капитан,5,45
Степанов Егор Дмитриевич,сержант,4,24
Захаров Кирилл Дмитриевич,капитан,12,58
Орлов Кирилл Никитич,рядовой,4,42
Николаев Виктор Михайлович,рядовой,10,29
Соколов Михаил Ильич,капитан,6,45
Орлов Олег Кириллович,полковник,11,54
Зайцев Дмитрий Викторович,прапорщик,11,27
Фёдоров Александр Кириллович,лейтенант,8,49
Алексеев Никита Романович,рядовой,11,32
Соколов Роман Олегович,лейтенант,6,31
Захаров Степан Михайлович,прапорщик,3,59
Борисов Егор Андреевич,майор,2,39
Михайлов Илья Романович,сержант,1,37
Смирнов Евгений Юрьевич,рядовой,2,60
Лебедев Юрий Дмитриевич,сержант,4,58
Васильев Павел Алексеевич,рядовой,9,40
Васильев Денис Дмитриевич,сержант,1,49
Новиков Алексей Викторович,полковник,3,60
Никитин Алексей Александрович,капитан,11,43
Захаров Олег Дмитриевич,лейтенант,6,54
Васильев Евгений Кириллович,капитан,3,43
Васильев Алексей Романович,рядовой,11,33
Павлов Роман Андреевич,лейтенант,7,19
Степанов Илья Александрович,сержант,5,55
Егоров Никита Андреевич,рядовой,6,47
Васильев Егор Михайлович,лейтенант,8,23
Морозов Александр Андреевич,полковник,8,32
Попов Андрей Алексеевич,прапорщик,4,21
Андреев Константин Никитич,прапорщик,9,25
Иванов Степан Иванович,полковник,9,40
Егоров Алексей Романович,сержант,10,35
Семёнов Евгений Сергеевич,капитан,5,47
Павлов Михаил Кириллович,майор,7,53
Макаров Евгений Ильич,полковник,8,45
Попов Егор Иванович,майор,1,49
Алексеев Кирилл Ильич,капитан,8,27
Никитин Артём Дмитриевич,сержант,8,18
Никитин Павел Михайлович,капитан,12,41
Зайцев Михаил Иванович,майор,5,24
Михайлов Константин Сергеевич,рядовой,7,50
Козлов Денис Олегович,капитан,12,31
Петров Кирилл Александрович,прапорщик,11,57
Морозов Матвей Ильич,полковник,2,54
Борисов Андрей Андреевич,лейтенант,4,19
Кузнецов Константин Михайлович,прапорщик,8,52
Новиков Константин Кириллович,рядовой,12,57
Михайлов Алексей Максимович,майор,7,40
Козлов Артём Сергеевич,прапорщик,11,33
Степанов Константин Александрович,рядовой,1,58
Орлов Степан Максимович,рядовой,11,55
Макаров Денис Викторович,полковник,7,40
Петров Иван Сергеевич,майор,10,47
Михайлов Егор Алексеевич,полковник,10,35
Кузнецов Павел Андреевич,рядовой,8,38
Захаров Константин Дмитриевич,сержант,12,57
Соловьёв Дмитрий Сергеевич,сержант,9,35
Захаров Олег Максимович,сержант,9,36
Макаров Никита Ильич,майор,11,47
Соколов Олег Андреевич,лейтенант,4,48
Соловьёв Денис Кириллович,прапорщик,4,20
Никитин Артём Романович,прапорщик,5,34
Васильев Денис Юрьевич,полковник,6,41
Новиков Виктор Ильич,лейтенант,1,43
Козлов Матвей Никитич,прапорщик,10,39
Степанов Егор Максимович,рядовой,5,37
Степанов Олег Иванович,рядовой,1,43
Иванов Дмитрий Дмитриевич,сержант,3,41
Павлов Никита Павлович,полковник,7,35
Соловьёв Егор Александрович,полковник,4,27
Павлов Иван Юрьевич,рядовой,6,44
Николаев Михаил Иванович,сержант,10,42
Орлов Иван Андреевич,прапорщик,10,52
Михайлов Виктор Кириллович,прапорщик,9,52
Сидоров Роман Романович,сержант,9,21
Лебедев Иван Кириллович,полковник,5,38
Макаров Сергей Кириллович,рядовой,3,38
Алексеев Андрей Павлович,полковник,1,51
Соколов Матвей Ильич,майор,10,56
Михайлов Кирилл Дмитриевич,капитан,8,27
Семёнов Павел Михайлович,лейтенант,9,36
Степанов Никита Кириллович,майор,4,21
Яковлев Дмитрий Романович,рядовой,7,53
Зайцев Андрей Павлович,полковник,2,43
Соколов Матвей Кириллович,сержант,3,49
Семёнов Денис Викторович,прапорщик,8,43
Макаров Илья Павлович,майор,1,22
Егоров Денис Андреевич,майор,9,23
Кузнецов Павел Олегович,рядовой,4,39
Лебедев Виктор Павлович,прапорщик,1,59
Макаров Александр Павлович,сержант,4,41
Морозов Иван Иванович,рядовой,4,53
Козлов Михаил Никитич,майор,10,54
Смирнов Алексей Олегович,рядовой,1,27
Морозов Кирилл Иванович,лейтенант,6,27
Никитин Андрей Викторович,рядовой,9,40
Захаров Сергей Павлович,майор,2,55
Морозов Олег Юрьевич,рядовой,12,34
Смирнов Михаил Викторович,капитан,5,38
Соколов Михаил Кириллович,рядовой,3,30
Иванов Андрей Андреевич,рядовой,6,25
Борисов Иван Иванович,рядовой,4,41
Козлов Андрей Никитич,лейтенант,9,24
Яковлев Андрей Дмитриевич,капитан,6,26
Иванов Никита Максимович,майор,8,50
Новиков Алексей Михайлович,капитан,8,55
Алексеев Никита Романович,прапорщик,9,36
Семёнов Сергей Кириллович,сержант,7,25
Соколов Константин Максимович,рядовой,6,41
Семёнов Роман Ильич,рядовой,7,39
Захаров Иван Александрович,сержант,3,60
Орлов Егор Максимович,капитан,9,56
Петров Роман Викторович,сержант,9,58
Яковлев Юрий Павлович,лейтенант,10,32
Попов Егор Андреевич,полковник,9,19
Семёнов Андрей Алексеевич,сержант,10,53
Николаев Сергей Алексеевич,майор,5,58
Егоров Константин Никитич,прапорщик,1,41
Соколов Никита Кириллович,майор,7,21
Михайлов Олег Романович,полковник,6,44
Семёнов Илья Иванович,сержант,9,46
Михайлов Виктор Павлович,прапорщик,5,22
Никитин Максим Ильич,полковник,4,57
Макаров Иван Ильич,лейтенант,10,22
Смирнов Виктор Викторович,майор,6,41
Лебедев Виктор Михайлович,сержант,2,47
Соколов Олег Дмитриевич,полковник,9,18
Алексеев Евгений Олегович,прапорщик,1,33
Фёдоров Егор Ильич,рядовой,11,48
Семёнов Артём Андреевич,полковник,5,46
Яковлев Роман Иванович,сержант,12,38
Васильев Евгений Олегович,майор,12,30
Зайцев Александр Олегович,сержант,2,41
Соколов Олег Андреевич,майор,2,19
Захаров Сергей Викторович,сержант,12,47
Козлов Сергей Иванович,майор,8,36
Захаров Евгений Андреевич,прапорщик,11,57
Яковлев Илья Павлович,майор,4,29
Зайцев Степан Александрович,прапорщик,11,27
Морозов Олег Викторович,сержант,3,30
Егоров Никита Сергеевич,полковник,4,27
Павлов Константин Никитич,полковник,12,33
Захаров Илья Викторович,капитан,7,26
Егоров Денис Викторович,майор,2,28
Николаев Юрий Юрьевич,майор,8,27
Васильев Андрей Ильич,сержант,2,42
Макаров Денис Юрьевич,полковник,8,43
Степанов Павел Дмитриевич,сержант,2,60
Иванов Денис Михайлович,полковник,6,36
Смирнов Михаил Кириллович,капитан,6,25
Андреев Иван Никитич,лейтенант,4,48
Кузнецов Константин Александрович,капитан,11,55
Зайцев Алексей Дмитриевич,майор,2,43
Морозов Евгений Алексеевич,полковник,7,22
Макаров Александр Романович,майор,11,43
Кочергин Андрей Кириллович,рядовой,8,31
Соколов Евгений Михайлович,лейтенант,12,41
Егоров Кирилл Дмитриевич,лейтенант,2,52
Кузнецов Матвей Андреевич,капитан,3,26
Фёдоров Алексей Андреевич,майор,2,38
Смирнов Степан Ильич,майор,2,20
Зайцев Кирилл Никитич,полковник,3,33
Павлов Матвей Кириллович,рядовой,5,50
Михайлов Дмитрий Юрьевич,прапорщик,11,56
Петров Артём Михайлович,прапорщик,7,46
Яковлев Алексей Максимович,майор,3,37
Павлов Олег Викторович,капитан,1,24
Семёнов Сергей Никитич,сержант,9,40
Степанов Денис Максимович,прапорщик,9,60
Кочергин Павел Никитич,майор,11,36
Орлов Степан Сергеевич,сержант,1,37
Васильев Максим Александрович,полковник,10,55
Соколов Денис Иванович,полковник,11,52
Егоров Никита Иванович,сержант,4,60
Никитин Иван Ильич,полковник,7,25
Николаев Степан Дмитриевич,сержант,11,35
Макаров Андрей Александрович,сержант,8,29
Соколов Алексей Сергеевич,рядовой,4,60
Захаров Максим Сергеевич,майор,4,55
Соловьёв Павел Иванович,прапорщик,3,59
Никитин Егор Иванович,полковник,3,40
Фёдоров Дмитрий Викторович,майор,3,49
Соколов Константин Никитич,рядовой,7,50
Зайцев Иван Ильич,рядовой,3,23
Попов Андрей Андреевич,сержант,12,58
Морозов Денис Иванович,полковник,6,41
Яковлев Олег Андреевич,рядовой,6,55
Лебедев Евгений Кириллович,капитан,6,38
Морозов Александр Павлович,сержант,8,43
Лебедев Константин Павлович,капитан,12,36
Сидоров Максим Ильич,капитан,4,54
Васильев Евгений Сергеевич,майор,4,51
Иванов Алексей Алексеевич,рядовой,8,35
Захаров Павел Ильич,сержант,1,19
Морозов Илья Романович,рядовой,5,56
Павлов Кирилл Алексеевич,сержант,9,55
Сидоров Сергей Сергеевич,сержант,12,26
Иванов Денис Дмитриевич,лейтенант,9,31
Михайлов Денис Кириллович,лейтенант,5,44
Кузнецов Матвей Юрьевич,лейтенант,10,33
Орлов Алексей Андреевич,сержант,9,18
Лебедев Кирилл Дмитриевич,полковник,3,59
Попов Кирилл Олегович,прапорщик,12,27
Алексеев Степан Сергеевич,сержант,3,34
Кочергин Павел Юрьевич,майор,5,52
Кочергин Евгений Михайлович,полковник,6,34
Козлов Евгений Кириллович,капитан,5,54
Лебедев Дмитрий Александрович,сержант,6,55
Кузнецов Егор Викторович,прапорщик,12,47
Соколов Максим Ильич,майор,4,39
Новиков Константин Андреевич,лейтенант,2,40
Кузнецов Илья Ильич,лейтенант,2,56
Васильев Егор Максимович,прапорщик,6,35
Николаев Павел Сергеевич,сержант,4,35
Соколов Илья Иванович,майор,8,54
Кочергин Максим Алексеевич,сержант,8,41
Сидоров Илья Михайлович,прапорщик,4,36
Захаров Олег Александрович,прапорщик,9,27
Кузнецов Роман Максимович,майор,6,41
Иванов Павел Юрьевич,лейтенант,11,24
Борисов Алексей Михайлович,сержант,8,32
Кузнецов Сергей Романович,лейтенант,2,44
Кузнецов Сергей Олегович,капитан,10,51
Соколов Илья Олегович,полковник,1,50
Яковлев Кирилл Кириллович,рядовой,8,21
Соколов Михаил Павлович,лейтенант,6,26
Яковлев Александр Алексеевич,капитан,7,23
Семёнов Павел Алексеевич,майор,8,30
Соловьёв Иван Сергеевич,майор,11,27
Андреев Илья Сергеевич,майор,4,20
Новиков Илья Максимович,майор,2,26
Попов Олег Сергеевич,майор,9,38
Новиков Егор Кириллович,лейтенант,6,25
Фёдоров Виктор Кириллович,лейтенант,8,47
Сидоров Степан Ильич,майор,2,43
Макаров Кирилл Дмитриевич,майор,8,35
Новиков Виктор Олегович,майор,3,48
Иванов Максим Андреевич,лейтенант,12,53
Николаев Дмитрий Павлович,рядовой,4,32
Кочергин Олег Иванович,майор,6,20
Семёнов Матвей Максимович,майор,7,21
Зайцев Михаил Кириллович,лейтенант,3,38
Васильев Алексей Ильич,сержант,6,47
Соловьёв Дмитрий Андреевич,сержант,11,45
Козлов Юрий Алексеевич,сержант,9,38
Козлов Павел Максимович,лейтенант,8,27
Козлов Константин Романович,полковник,8,40
Зайцев Роман Андреевич,капитан,3,48
Кузнецов Сергей Максимович,рядовой,4,22
Михайлов Михаил Дмитриевич,прапорщик,12,28
Кочергин Илья Михайлович,полковник,9,22
Новиков Андрей Сергеевич,рядовой,4,35
Егоров Илья Кириллович,капитан,5,42
Яковлев Сергей Максимович,полковник,3,52
Макаров Константин Максимович,майор,11,54
Захаров Роман Никитич,майор,11,60
Егоров Максим Алексеевич,рядовой,1,18
Захаров Артём Ильич,капитан,10,32
Орлов Андрей Дмитриевич,лейтенант,1,51
Соловьёв Денис Романович,полковник,3,32
Соколов Сергей Никитич,рядовой,9,26
Козлов Дмитрий Максимович,капитан,9,60
Зайцев Сергей Никитич,полковник,7,60
Зайцев Роман Романович,прапорщик,9,23
Макаров Павел Юрьевич,майор,6,54
Яковлев Константин Ильич,капитан,6,24
Алексеев Алексей Павлович,рядовой,6,24
Сидоров Андрей Алексеевич,прапорщик,2,20
Никитин Никита Иванович,капитан,12,39
Егоров Денис Кириллович,сержант,6,28
Егоров Александр Михайлович,лейтенант,6,60
Лебедев Матвей Андреевич,рядовой,12,57
Орлов Юрий Юрьевич,сержант,9,35
Смирнов Илья Сергеевич,капитан,8,41
Попов Константин Дмитриевич,лейтенант,8,53
Семёнов Александр Сергеевич,капитан,2,49
Никитин Евгений Иванович,полковник,4,20
Макаров Александр Максимович,прапорщик,11,43
Васильев Роман Иванович,прапорщик,9,56
Морозов Дмитрий Викторович,сержант,5,42
Алексеев Артём Кириллович,капитан,12,55
Яковлев Артём Олегович,сержант,4,33
Новиков Кирилл Ильич,капитан,6,37
Орлов Юрий Ильич,капитан,10,33
Никитин Степан Михайлович,полковник,5,53
Кузнецов Юрий Ильич,прапорщик,7,41
Алексеев Алексей Романович,прапорщик,12,31
Михайлов Дмитрий Дмитриевич,майор,1,42
Егоров Андрей Никитич,майор,11,20
Фёдоров Константин Максимович,сержант,6,58
Егоров Максим Дмитриевич,лейтенант,12,21
Кочергин Андрей Викторович,майор,12,38
Макаров Юрий Алексеевич,прапорщик,5,19
Захаров Александр Юрьевич,майор,10,49
Борисов Юрий Сергеевич,сержант,2,41
Васильев Михаил Алексеевич,полковник,2,39
Сидоров Павел Олегович,сержант,11,36
Новиков Роман Андреевич,лейтенант,3,49
Семёнов Олег Михайлович,капитан,5,33
Борисов Матвей Александрович,полковник,12,56
Смирнов Алексей Олегович,рядовой,11,22
Орлов Максим Александрович,капитан,7,51
Иванов Виктор Олегович,лейтенант,10,31
Никитин Алексей Максимович,майор,4,42
Павлов Юрий Ильич,полковник,11,20
Борисов Роман Александрович,сержант,7,36
Павлов Илья Олегович,майор,7,52
Морозов Виктор Павлович,сержант,3,60
Петров Евгений Алексеевич,рядовой,10,53
Морозов Матвей Викторович,капитан,5,45
Егоров Павел Олегович,рядовой,5,40
Алексеев Иван Алексеевич,полковник,12,29
Степанов Андрей Никитич,полковник,12,56
Семёнов Евгений Иванович,полковник,3,36
Егоров Александр Дмитриевич,рядовой,11,22
Яковлев Никита Сергеевич,полковник,9,18
Попов Виктор Ильич,лейтенант,7,24
Фёдоров Кирилл Дмитриевич,рядовой,8,43
Соловьёв Дмитрий Сергеевич,полковник,4,25
Кузнецов Михаил Юрьевич,майор,10,47
Морозов Артём Ильич,лейтенант,6,52
Кузнецов Павел Юрьевич,майор,12,44
Иванов Андрей Алексеевич,майор,10,36
Иванов Матвей Кириллович,сержант,2,38
Попов Евгений Никитич,полковник,11,59
Соловьёв Никита Никитич,прапорщик,7,57
Кочергин Матвей Максимович,полковник,12,26
Иванов Максим Олегович,сержант,12,31
Орлов Константин Кириллович,прапорщик,10,51
Кочергин Артём Михайлович,прапорщик,9,58
Соловьёв Юрий Максимович,полковник,3,44
Орлов Павел Сергеевич,лейтенант,11,37
Сидоров Александр Юрьевич,прапорщик,6,19
Петров Никита Максимович,майор,12,58
Сидоров Константин Дмитриевич,майор,5,50
Захаров Андрей Романович,майор,8,19
Михайлов Виктор Михайлович,сержант,2,47
Иванов Степан Романович,рядовой,9,34
Морозов Дмитрий Павлович,рядовой,6,32
Иванов Дмитрий Дмитриевич,майор,12,30
Никитин Дмитрий Сергеевич,прапорщик,11,38
Яковлев Алексей Андреевич,полковник,11,36
Новиков Максим Никитич,сержант,6,41
Яковлев Максим Иванович,сержант,9,42
Морозов Денис Максимович,сержант,7,40
Алексеев Юрий Викторович,лейтенант,7,44
Алексеев Александр Дмитриевич,прапорщик,10,37
Кочергин Евгений Кириллович,рядовой,9,37
Кочергин Евгений Дмитриевич,прапорщик,7,35
Алексеев Михаил Максимович,капитан,7,23
Семёнов Денис Алексеевич,лейтенант,3,20
Семёнов Юрий Никитич,полковник,2,29
Соловьёв Илья Александрович,прапорщик,11,58
Кузнецов Кирилл Викторович,майор,8,54
Сидоров Михаил Сергеевич,полковник,11,23
Степанов Юрий Викторович,рядовой,8,58
Павлов Алексей Максимович,рядовой,3,24
Петров Степан Максимович,прапорщик,9,41
Орлов Евгений Алексеевич,рядовой,8,25
Макаров Илья Юрьевич,майор,8,36
Борисов Кирилл Ильич,майор,1,18
Морозов Андрей Дмитриевич,сержант,10,26
Кузнецов Егор Иванович,полковник,6,52
Смирнов Сергей Павлович,лейтенант,10,27
Сидоров Евгений Юрьевич,сержант,3,23
Васильев Степан Андреевич,лейтенант,8,25
Морозов Илья Иванович,майор,6,26
Николаев Сергей Ильич,полковник,11,56
Алексеев Алексей Романович,прапорщик,11,52
Макаров Максим Никитич,майор,12,34
Сидоров Степан Романович,сержант,5,26
Павлов Евгений Алексеевич,лейтенант,10,27
Егоров Артём Дмитриевич,прапорщик,4,49
Смирнов Алексей Ильич,майор,5,23
Михайлов Матвей Иванович,полковник,11,37
Петров Никита Максимович,сержант,10,29
Николаев Илья Сергеевич,капитан,1,53
Сидоров Олег Викторович,полковник,10,40
Соловьёв Дмитрий Ильич,рядовой,7,20
Андреев Кирилл Олегович,майор,11,37
Макаров Иван Павлович,капитан,6,47
Кузнецов Павел Романович,майор,3,48
Павлов Алексей Максимович,рядовой,2,51
Павлов Роман Максимович,лейтенант,3,43
Павлов Кирилл Алексеевич,прапорщик,1,48
Попов Олег Иванович,рядовой,9,34
Зайцев Константин Романович,лейтенант,2,60
Захаров Денис Максимович,полковник,8,47
Борисов Александр Юрьевич,прапорщик,12,51
Сидоров Иван Андреевич,рядовой,8,20
Соловьёв Павел Сергеевич,сержант,11,21
Захаров Дмитрий Максимович,сержант,1,27
Павлов Никита Юрьевич,прапорщик,8,21
Соколов Артём Иванович,рядовой,1,28
Борисов Константин Юрьевич,полковник,9,56
Орлов Роман Андреевич,майор,9,34
Степанов Константин Викторович,сержант,5,43
Соколов Евгений Сергеевич,капитан,4,56
Лебедев Артём Ильич,полковник,7,30
Алексеев Виктор Ильич,рядовой,6,36
Михайлов Максим Кириллович,рядовой,7,56
Макаров Роман Павлович,лейтенант,6,28
Михайлов Егор Иванович,рядовой,1,59
Зайцев Павел Андреевич,полковник,11,18
Захаров Алексей Андреевич,рядовой,11,29
Яковлев Виктор Романович,полковник,6,51
Семёнов Евгений Павлович,майор,6,19
Соколов Виктор Алексеевич,майор,5,36
Андреев Павел Олегович,полковник,8,28
Алексеев Евгений Викторович,лейтенант,3,21
Кочергин Юрий Юрьевич,лейтенант,3,49
Фёдоров Матвей Михайлович,прапорщик,9,41
Степанов Алексей Михайлович,лейтенант,7,51
Новиков Андрей Александрович,сержант,11,58
Павлов Павел Иванович,лейтенант,3,23
Соколов Роман Андреевич,сержант,10,35
Степанов Матвей Максимович,прапорщик,2,37
Соколов Егор Кириллович,сержант,8,47
Павлов Матвей Ильич,полковник,4,30
Михайлов Артём Викторович,рядовой,5,20
Васильев Степан Дмитриевич,рядовой,1,35
Борисов Артём Павлович,капитан,6,26
Сидоров Сергей Иванович,капитан,12,52
Степанов Денис Дмитриевич,капитан,10,59
Иванов Константин Олегович,лейтенант,12,58
Семёнов Роман Кириллович,лейтенант,4,43
Орлов Андрей Романович,майор,2,60
Кочергин Егор Александрович,майор,12,18
Алексеев Кирилл Алексеевич,майор,10,28
Лебедев Артём Алексеевич,сержант,1,42
Попов Виктор Викторович,капитан,12,34
Попов Александр Викторович,лейтенант,10,40
Зайцев Алексей Александрович,рядовой,10,21
Яковлев Сергей Кириллович,прапорщик,4,34
Николаев Иван Павлович,лейтенант,7,49
Попов Виктор Викторович,сержант,11,54
Михайлов Юрий Михайлович,полковник,8,20
Зайцев Михаил Михайлович,капитан,4,53
Иванов Олег Юрьевич,сержант,7,28
Захаров Андрей Дмитриевич,полковник,2,36
Фёдоров Михаил Юрьевич,прапорщик,12,31
Попов Павел Олегович,сержант,2,28
Николаев Александр Кириллович,рядовой,4,47
Иванов Дмитрий Романович,лейтенант,12,34
Васильев Илья Андреевич,капитан,5,26
Соловьёв Алексей Алексеевич,рядовой,7,28
Степанов Сергей Александрович,прапорщик,2,18
Соловьёв Андрей Ильич,полковник,11,23
Соколов Олег Иванович,лейтенант,12,52
Андреев Дмитрий Викторович,майор,4,58
Макаров Олег Дмитриевич,прапорщик,4,53
Яковлев Андрей Дмитриевич,сержант,3,46
Степанов Павел Михайлович,майор,11,45
Попов Олег Олегович,полковник,8,31
Яковлев Артём Кириллович,лейтенант,6,54
Кузнецов Илья Сергеевич,капитан,3,25
Орлов Степан Александрович,майор,8,37
Смирнов Дмитрий Александрович,майор,3,21
Козлов Кирилл Алексеевич,прапорщик,9,35
Захаров Евгений Викторович,сержант,1,39
Семёнов Алексей Никитич,лейтенант,1,53
Кузнецов Денис Павлович,майор,9,45
Кузнецов Максим Никитич,рядовой,4,53
Николаев Дмитрий Максимович,майор,8,45
Васильев Никита Иванович,прапорщик,9,55
Михайлов Денис Олегович,лейтенант,5,25
Новиков Никита Юрьевич,рядовой,2,27
Захаров Егор Дмитриевич,майор,9,49
Лебедев Дмитрий Алексеевич,капитан,9,59
Николаев Павел Сергеевич,капитан,6,18
Соколов Артём Павлович,прапорщик,8,54
Иванов Денис Максимович,полковник,8,25
Морозов Дмитрий Александрович,майор,3,51
Борисов Дмитрий Романович,лейтенант,4,22
Орлов Андрей Романович,рядовой,2,52
Николаев Алексей Михайлович,полковник,8,23
Никитин Андрей Сергеевич,капитан,8,36
Кузнецов Михаил Михайлович,майор,3,19
Андреев Матвей Викторович,рядовой,3,32
Семёнов Никита Олегович,сержант,1,23
Соловьёв Александр Кириллович,полковник,9,41
Сидоров Евгений Кириллович,полковник,8,50
Степанов Максим Олегович,полковник,6,41
Николаев Максим Олегович,прапорщик,5,32
Андреев Кирилл Викторович,прапорщик,10,34
Андреев Максим Иванович,лейтенант,8,33
Яковлев Степан Никитич,прапорщик,3,47
Семёнов Илья Кириллович,сержант,6,32
Яковлев Андрей Александрович,сержант,8,29
Орлов Кирилл Никитич,рядовой,5,45
Степанов Кирилл Павлович,капитан,3,42
Андреев Кирилл Андреевич,лейтенант,11,26
Зайцев Степан Михайлович,сержант,9,26
Петров Илья Андреевич,майор,9,26
Яковлев Кирилл Ильич,прапорщик,4,39
Егоров Сергей Олегович,прапорщик,3,26
Егоров Константин Никитич,капитан,3,46
Попов Илья Павлович,лейтенант,3,34
Зайцев Кирилл Павлович,рядовой,1,36
Петров Михаил Иванович,капитан,10,56
Козлов Егор Никитич,лейтенант,1,56
Павлов Максим Юрьевич,рядовой,4,46
Михайлов Константин Александрович,рядовой,12,38
Зайцев Дмитрий Олегович,полковник,12,26
Сидоров Роман Сергеевич,рядовой,8,41
Захаров Максим Павлович,майор,4,32
Никитин Александр Юрьевич,сержант,5,27
Кузнецов Матвей Кириллович,лейтенант,5,26
Макаров Александр Викторович,сержант,7,33
Егоров Никита Олегович,лейтенант,10,48
Орлов Евгений Михайлович,майор,9,31
Алексеев Илья Александрович,рядовой,1,39
Козлов Максим Павлович,капитан,11,19
Фёдоров Константин Олегович,капитан,7,54
Алексеев Андрей Максимович,рядовой,8,27
Орлов Юрий Романович,полковник,2,38
Семёнов Егор Никитич,сержант,6,40
Новиков Иван Павлович,майор,5,19
Николаев Максим Максимович,лейтенант,4,20
Павлов Андрей Ильич,прапорщик,6,22
Орлов Илья Никитич,полковник,4,25
Сидоров Матвей Александрович,майор,1,24
Егоров Сергей Александрович,полковник,11,58
Соловьёв Матвей Сергеевич,рядовой,8,18
Кузнецов Илья Юрьевич,капитан,6,34
Яковлев Михаил Ильич,капитан,8,59
Фёдоров Алексей Олегович,рядовой,2,60
Орлов Павел Максимович,рядовой,4,53
Егоров Константин Александрович,рядовой,11,27
Никитин Сергей Юрьевич,полковник,8,38
Никитин Константин Алексеевич,майор,4,59
Петров Илья Дмитриевич,майор,2,51
Яковлев Андрей Романович,сержант,10,42
Михайлов Михаил Олегович,прапорщик,2,50
Морозов Иван Юрьевич,капитан,4,56
Попов Александр Никитич,майор,10,32
Смирнов Кирилл Юрьевич,рядовой,5,27
Кузнецов Никита Викторович,капитан,9,22
Никитин Матвей Дмитриевич,сержант,2,28
Николаев Сергей Олегович,майор,3,18
Зайцев Виктор Максимович,лейтенант,10,42
Соловьёв Олег Викторович,полковник,6,32
Андреев Кирилл Михайлович,лейтенант,6,43
Смирнов Константин Романович,сержант,12,23
Семёнов Алексей Кириллович,лейтенант,12,23
Михайлов Егор Романович,майор,4,51
Козлов Андрей Александрович,майор,4,56
Соловьёв Алексей Ильич,лейтенант,9,25
Михайлов Дмитрий Михайлович,майор,9,22
Степанов Егор Ильич,полковник,9,50
Соколов Александр Дмитриевич,сержант,9,38
Николаев Иван Иванович,капитан,8,41
Кузнецов Иван Олегович,сержант,12,36
Павлов Егор Викторович,майор,9,19
Соколов Андрей Юрьевич,лейтенант,8,34
Новиков Михаил Юрьевич,прапорщик,12,27
Семёнов Сергей Максимович,майор,11,31
Иванов Артём Юрьевич,капитан,2,58
Фёдоров Михаил Кириллович,капитан,2,25
Фёдоров Евгений Дмитриевич,капитан,8,36
Смирнов Максим Олегович,рядовой,11,30
Новиков Матвей Павлович,полковник,11,20
Васильев Максим Викторович,рядовой,4,46
Кочергин Александр Алексеевич,сержант,2,29
Борисов Юрий Михайлович,рядовой,6,42
Новиков Олег Олегович,полковник,5,60
Васильев Артём Кириллович,майор,9,36
Яковлев Павел Иванович,майор,6,30
Лебедев Степан Ильич,рядовой,1,59
Кузнецов Максим Никитич,майор,6,24
Макаров Степан Павлович,прапорщик,7,58
Яковлев Артём Иванович,майор,3,21
Зайцев Михаил Олегович,полковник,3,32
Васильев Дмитрий Олегович,прапорщик,3,27
Иванов Денис Иванович,полковник,5,50
Новиков Артём Юрьевич,прапорщик,11,58
Лебедев Константин Андреевич,майор,9,51
Егоров Егор Андреевич,майор,4,37
Фёдоров Матвей Викторович,прапорщик,10,37
Смирнов Евгений Юрьевич,майор,10,40
Алексеев Виктор Сергеевич,сержант,10,20
Андреев Дмитрий Александрович,лейтенант,12,47
Зайцев Михаил Александрович,сержант,9,25
Николаев Олег Кириллович,полковник,6,40
Смирнов Александр Ильич,сержант,3,49
Морозов Андрей Алексеевич,полковник,3,36
Петров Олег Михайлович,лейтенант,4,22
Михайлов Денис Романович,прапорщик,4,43
Семёнов Максим Максимович,рядовой,8,45
Петров Алексей Сергеевич,полковник,8,21
Кочергин Дмитрий Александрович,капитан,9,57
Егоров Денис Никитич,сержант,10,39
Андреев Степан Никитич,рядовой,9,40
Михайлов Степан Юрьевич,капитан,2,43
Новиков Денис Сергеевич,рядовой,7,24
Кузнецов Матвей Алексеевич,прапорщик,11,22
Лебедев Степан Никитич,прапорщик,1,36
Соколов Константин Михайлович,майор,10,22
Михайлов Алексей Сергеевич,полковник,7,48
Захаров Виктор Кириллович,сержант,5,37
Захаров Михаил Алексеевич,капитан,12,39
Соловьёв Александр Романович,капитан,7,44
Сидоров Егор Александрович,капитан,5,45
Лебедев Максим Алексеевич,капитан,5,35
Андреев Роман Максимович,рядовой,7,20
Фёдоров Андрей Павлович,сержант,1,43
Степанов Евгений Иванович,рядовой,3,37
Алексеев Степан Никитич,лейтенант,4,46
Зайцев Александр Иванович,полковник,11,52
Яковлев Сергей Юрьевич,сержант,2,32
Попов Илья Олегович,майор,1,50
Попов Сергей Сергеевич,полковник,10,19
Зайцев Максим Андреевич,полковник,1,53
Семёнов Михаил Максимович,лейтенант,8,51
Павлов Роман Ильич,майор,9,25
Попов Максим Андреевич,рядовой,2,59
Алексеев Павел Кириллович,полковник,10,60
Николаев Егор Викторович,капитан,1,28
Петров Илья Романович,полковник,11,42
Соколов Юрий Юрьевич,капитан,12,20
Морозов Андрей Павлович,капитан,12,46
Захаров Денис Дмитриевич,рядовой,8,59
Козлов Олег Ильич,рядовой,12,34
Яковлев Егор Андреевич,рядовой,8,25
Семёнов Михаил Романович,лейтенант,4,46
Егоров Юрий Ильич,капитан,7,35
Кочергин Илья Иванович,майор,5,59
Орлов Денис Александрович,капитан,4,32
Степанов Артём Максимович,майор,10,18
Петров Михаил Кириллович,лейтенант,10,43
Фёдоров Никита Михайлович,рядовой,1,58
Борисов Егор Викторович,рядовой,2,54
Алексеев Павел Павлович,лейтенант,12,35
Павлов Матвей Алексеевич,полковник,6,45
Семёнов Артём Кириллович,капитан,2,24
Степанов Иван Олегович,полковник,11,54
Козлов Михаил Романович,майор,10,54
Макаров Денис Павлович,сержант,12,41
Кузнецов Павел Андреевич,рядовой,2,53
Соколов Егор Алексеевич,лейтенант,3,18
Лебедев Алексей Максимович,лейтенант,10,59
Морозов Иван Никитич,сержант,6,39
Козлов Олег Александрович,сержант,5,51
Васильев Александр Алексеевич,сержант,4,31
Фёдоров Илья Павлович,полковник,9,26
Захаров Евгений Романович,майор,4,35
Захаров Андрей Михайлович,майор,11,36
Фёдоров Матвей Сергеевич,сержант,8,35
Егоров Олег Павлович,рядовой,12,57
Смирнов Егор Максимович,полковник,4,45
Кочергин Кирилл Максимович,рядовой,4,43
Орлов Виктор Александрович,рядовой,4,25
Зайцев Матвей Михайлович,капитан,12,58
Новиков Сергей Никитич,прапорщик,5,53
Сидоров Степан Никитич,полковник,8,35
Морозов Сергей Викторович,лейтенант,10,52
Соловьёв Кирилл Иванович,лейтенант,1,52
Яковлев Денис Дмитриевич,лейтенант,6,48
Соловьёв Константин Андреевич,лейтенант,1,30
Иванов Степан Михайлович,прапорщик,10,19
Козлов Денис Павлович,рядовой,9,58
Фёдоров Дмитрий Алексеевич,майор,7,32
Макаров Егор Павлович,полковник,11,31
Борисов Артём Никитич,лейтенант,9,50
Макаров Виктор Ильич,майор,10,32
Борисов Матвей Никитич,майор,6,27
Васильев Матвей Павлович,прапорщик,5,49
Морозов Виктор Викторович,майор,9,35
Егоров Евгений Никитич,сержант,11,42
Степанов Денис Ильич,капитан,3,44
Павлов Денис Юрьевич,лейтенант,9,55
Кузнецов Никита Михайлович,сержант,10,26
Морозов Иван Викторович,сержант,5,23
Иванов Константин Михайлович,лейтенант,6,35
Борисов Андрей Никитич,лейтенант,4,58
Петров Михаил Сергеевич,майор,8,35
Козлов Денис Юрьевич,сержант,12,40
Алексеев Роман Максимович,лейтенант,9,18
Васильев Павел Юрьевич,капитан,8,41
Фёдоров Роман Ильич,майор,9,18
Новиков Сергей Павлович,прапорщик,12,22
Иванов Олег Сергеевич,майор,5,52
Новиков Михаил Михайлович,майор,10,55
Соколов Сергей Олегович,капитан,4,21
Макаров Андрей Сергеевич,капитан,2,35
Алексеев Юрий Романович,лейтенант,7,46
Новиков Иван Сергеевич,полковник,8,55
Кочергин Дмитрий Викторович,рядовой,6,20
Сидоров Степан Дмитриевич,сержант,4,26
Фёдоров Павел Викторович,сержант,7,45
Егоров Денис Иванович,прапорщик,12,40
Кочергин Денис Сергеевич,рядовой,12,56
Яковлев Алексей Викторович,сержант,3,34
Егоров Олег Дмитриевич,прапорщик,3,34
Смирнов Роман Ильич,майор,11,59
Новиков Олег Кириллович,прапорщик,6,46
Захаров Виктор Викторович,полковник,5,43
Соколов Евгений Сергеевич,капитан,11,24
Васильев Олег Александрович,сержант,6,38
Михайлов Иван Михайлович,майор,7,39
Петров Артём Алексеевич,майор,5,52
Смирнов Степан Алексеевич,рядовой,11,31
Козлов Иван Кириллович,полковник,6,34
Иванов Дмитрий Романович,прапорщик,4,40
Борисов Алексей Юрьевич,майор,10,27
Степанов Павел Павлович,прапорщик,1,32
Попов Кирилл Никитич,майор,8,40
Яковлев Юрий Сергеевич,лейтенант,4,19
Козлов Юрий Александрович,полковник,9,31
Павлов Денис Никитич,сержант,3,26
Васильев Никита Михайлович,сержант,3,24
Иванов Евгений Дмитриевич,майор,9,27
Николаев Павел Кириллович,полковник,9,46
Макаров Дмитрий Алексеевич,прапорщик,2,54
Алексеев Андрей Максимович,сержант,1,42
Николаев Артём Максимович,полковник,5,29
Зайцев Дмитрий Иванович,прапорщик,2,20
Морозов Константин Андреевич,капитан,5,52
Лебедев Константин Александрович,полковник,1,44
Павлов Андрей Андреевич,капитан,1,36
Кочергин Константин Романович,сержант,10,54
Алексеев Константин Александрович,капитан,1,50
Никитин Кирилл Иванович,лейтенант,3,22
Сидоров Илья Никитич,полковник,7,25
Попов Максим Иванович,прапорщик,3,18
Орлов Константин Никитич,прапорщик,5,18
Михайлов Юрий Максимович,сержант,2,41
Кочергин Дмитрий Сергеевич,полковник,12,31
Никитин Максим Алексеевич,прапорщик,12,39
Сидоров Максим Дмитриевич,сержант,5,57
Степанов Евгений Иванович,полковник,2,55
Смирнов Юрий Андреевич,рядовой,11,50
Попов Максим Павлович,рядовой,9,49
Степанов Павел Павлович,полковник,9,18
Соколов Алексей Никитич,прапорщик,3,42
Степанов Евгений Андреевич,майор,2,41
Степанов Михаил Алексеевич,сержант,8,47
Васильев Алексей Олегович,прапорщик,2,32
Морозов Роман Иванович,сержант,1,35
Васильев Никита Андреевич,лейтенант,4,24
Морозов Степан Олегович,майор,11,59
Сидоров Павел Дмитриевич,прапорщик,6,26
Соколов Олег Павлович,полковник,6,43
Семёнов Иван Максимович,капитан,5,48
Новиков Кирилл Юрьевич,сержант,4,44
Кочергин Илья Романович,майор,8,26
Иванов Павел Никитич,прапорщик,10,34
Иванов Павел Никитич,капитан,11,26
Орлов Андрей Павлович,майор,12,23
Кочергин Олег Сергеевич,полковник,2,22
Соколов Иван Павлович,капитан,12,29
Соколов Константин Александрович,сержант,12,34
Козлов Виктор Дмитриевич,полковник,6,35
Смирнов Александр Алексеевич,капитан,4,26
Кочергин Илья Андреевич,капитан,1,51
Зайцев Матвей Романович,прапорщик,6,24
Степанов Денис Сергеевич,лейтенант,8,58
Васильев Константин Романович,прапорщик,2,46
Алексеев Роман Кириллович,майор,3,55
Михайлов Юрий Викторович,майор,8,28
Кочергин Павел Романович,прапорщик,11,30
Кузнецов Степан Никитич,прапорщик,8,27
Никитин Константин Кириллович,полковник,10,42
Павлов Виктор Александрович,капитан,4,41
Михайлов Павел Дмитриевич,капитан,7,57
Степанов Виктор Кириллович,полковник,12,30
Алексеев Степан Романович,прапорщик,7,24
Новиков Алексей Дмитриевич,полковник,6,32
Соколов Михаил Дмитриевич,капитан,7,50
Васильев Павел Кириллович,майор,9,31
Захаров Константин Ильич,прапорщик,1,40
Орлов Никита Иванович,рядовой,11,19
Васильев Виктор Ильич,сержант,1,58
Кузнецов Денис Кириллович,майор,10,34
Козлов Егор Иванович,прапорщик,12,46
Сидоров Андрей Павлович,майор,5,32
Петров Юрий Сергеевич,майор,6,19
Соколов Олег Кириллович,прапорщик,4,24
Новиков Артём Иванович,лейтенант,2,57
Морозов Константин Юрьевич,сержант,5,38
Кузнецов Егор Андреевич,сержант,11,60
Смирнов Дмитрий Олегович,майор,4,23
Семёнов Максим Михайлович,майор,6,37
Егоров Денис Олегович,полковник,3,43
Зайцев Кирилл Никитич,полковник,11,47
Зайцев Егор Викторович,полковник,5,46
Зайцев Матвей Павлович,лейтенант,3,44
Козлов Егор Дмитриевич,рядовой,5,31
Соколов Виктор Юрьевич,полковник,5,54
Макаров Виктор Викторович,сержант,8,53
Смирнов Михаил Дмитриевич,сержант,12,53
Орлов Дмитрий Ильич,рядовой,12,54
Николаев Юрий Юрьевич,лейтенант,9,34
Новиков Михаил Олегович,прапорщик,12,43
Соловьёв Павел Максимович,сержант,8,27
Семёнов Матвей Павлович,прапорщик,12,45
Смирнов Михаил Дмитриевич,прапорщик,7,58
Алексеев Александр Никитич,прапорщик,6,25
Михайлов Евгений Сергеевич,прапорщик,5,56
Борисов Егор Сергеевич,рядовой,4,44
Яковлев Константин Викторович,лейтенант,12,43
Павлов Андрей Павлович,капитан,10,40
Николаев Юрий Иванович,сержант,3,58
Степанов Андрей Павлович,рядовой,4,49
Борисов Максим Кириллович,прапорщик,4,44
Васильев Евгений Иванович,полковник,7,35
Степанов Артём Сергеевич,лейтенант,4,49
Петров Денис Никитич,капитан,6,52
Васильев Юрий Романович,майор,9,23
Смирнов Никита Иванович,сержант,5,20
Алексеев Павел Ильич,полковник,11,23
Никитин Максим Юрьевич,лейтенант,11,45
Фёдоров Кирилл Романович,рядовой,6,29
Кузнецов Степан Сергеевич,полковник,6,46
Михайлов Кирилл Михайлович,сержант,2,30
Борисов Евгений Дмитриевич,рядовой,6,25
Соколов Михаил Михайлович,полковник,9,31
Егоров Михаил Андреевич,майор,5,48
Соловьёв Андрей Никитич,сержант,8,18
Соловьёв Максим Максимович,лейтенант,2,31
Морозов Константин Михайлович,капитан,11,44
Яковлев Евгений Олегович,рядовой,5,18
Степанов Роман Никитич,капитан,10,41
Соловьёв Олег Дмитриевич,прапорщик,5,30
Андреев Кирилл Никитич,полковник,2,21
Николаев Виктор Ильич,прапорщик,6,52
Захаров Егор Андреевич,прапорщик,6,29
Козлов Алексей Олегович,сержант,7,23
Никитин Роман Михайлович,капитан,8,50
Орлов Никита Олегович,майор,11,30
Андреев Павел Дмитриевич,лейтенант,8,44
Алексеев Андрей Юрьевич,рядовой,3,29
Кочергин Юрий Дмитриевич,лейтенант,8,27
Павлов Илья Ильич,капитан,2,38
Фёдоров Сергей Андреевич,сержант,5,35
Яковлев Андрей Олегович,сержант,1,20
Павлов Алексей Алексеевич,капитан,6,53
Смирнов Виктор Ильич,рядовой,12,48
Фёдоров Александр Никитич,рядовой,12,47
Васильев Виктор Максимович,рядовой,9,42
Васильев Сергей Михайлович,лейтенант,2,41
Павлов Константин Андреевич,майор,7,45
Яковлев Дмитрий Александрович,майор,1,19
Попов Илья Юрьевич,сержант,11,52
Фёдоров Иван Александрович,сержант,11,51
Борисов Дмитрий Максимович,сержант,9,56
Андреев Сергей Алексеевич,прапорщик,7,32
Степанов Степан Романович,капитан,8,31
Лебедев Евгений Алексеевич,сержант,8,51
Петров Виктор Сергеевич,майор,7,25
Павлов Сергей Олегович,сержант,11,23
Сидоров Сергей Романович,майор,7,49
Никитин Михаил Ильич,рядовой,6,39
Егоров Юрий Максимович,майор,2,35
Алексеев Артём Павлович,прапорщик,2,23
Борисов Павел Максимович,лейтенант,7,48
Смирнов Михаил Александрович,сержант,7,37
Петров Роман Алексеевич,прапорщик,8,18
Попов Роман Олегович,полковник,9,25
Иванов Артём Максимович,полковник,12,34
Яковлев Павел Михайлович,капитан,12,42
Егоров Егор Иванович,лейтенант,8,21
Петров Кирилл Андреевич,сержант,6,52
Васильев Роман Кириллович,полковник,2,36
Васильев Павел Алексеевич,рядовой,8,53
Васильев Александр Романович,прапорщик,9,48
Кочергин Степан Андреевич,рядовой,4,30
Егоров Артём Андреевич,лейтенант,4,24
Степанов Егор Романович,майор,8,31
Васильев Андрей Ильич,прапорщик,2,25
Морозов Егор Ильич,прапорщик,5,49
Михайлов Степан Викторович,полковник,10,42
Сидоров Олег Михайлович,рядовой,12,27
Андреев Дмитрий Романович,лейтенант,9,51
Кузнецов Константин Кириллович,майор,11,36
Макаров Михаил Кириллович,лейтенант,6,23
Никитин Степан Романович,лейтенант,7,48
Лебедев Олег Викторович,прапорщик,5,25
Захаров Денис Андреевич,капитан,9,57
Зайцев Никита Юрьевич,полковник,11,60
Петров Кирилл Юрьевич,прапорщик,8,25
Захаров Виктор Андреевич,прапорщик,11,52
Зайцев Артём Михайлович,полковник,5,40
Попов Максим Максимович,капитан,6,31
Фёдоров Денис Александрович,сержант,2,57
Петров Егор Андреевич,сержант,1,46
Морозов Евгений Никитич,прапорщик,5,26
Сидоров Матвей Ильич,майор,5,39
Соколов Кирилл Иванович,сержант,5,54
Степанов Олег Павлович,сержант,1,39
Фёдоров Роман Максимович,рядовой,4,48
Степанов Иван Олегович,сержант,10,59
Новиков Егор Павлович,рядовой,11,39
Захаров Павел Дмитриевич,прапорщик,3,34
Новиков Матвей Олегович,сержант,9,32
Семёнов Илья Александрович,лейтенант,5,54
Фёдоров Сергей Андреевич,сержант,6,37
Макаров Юрий Михайлович,капитан,8,21
Кочергин Илья Никитич,лейтенант,11,30
Степанов Павел Сергеевич,капитан,3,60
Степанов Александр Александрович,прапорщик,9,29
Козлов Максим Юрьевич,полковник,4,22
Соловьёв Кирилл Ильич,лейтенант,6,21
Соколов Матвей Александрович,полковник,5,54
Макаров Роман Алексеевич,капитан,6,26
Егоров Юрий Олегович,лейтенант,6,40
Егоров Александр Викторович,сержант,8,39
Михайлов Иван Олегович,полковник,11,19
Орлов Илья Кириллович,полковник,12,19
Михайлов Никита Павлович,майор,7,58
Морозов Артём Кириллович,рядовой,2,55
Сидоров Андрей Алексеевич,капитан,6,32
Николаев Андрей Дмитриевич,капитан,2,26
Сидоров Илья Максимович,полковник,6,31
Степанов Роман Романович,рядовой,9,52
Козлов Константин Александрович,полковник,5,41
Сидоров Андрей Максимович,полковник,1,25
Андреев Кирилл Максимович,лейтенант,8,56
Иванов Евгений Романович,прапорщик,6,18
Лебедев Константин Александрович,полковник,6,56
Семёнов Артём Юрьевич,капитан,2,28
Соколов Максим Дмитриевич,полковник,11,18
Зайцев Илья Павлович,сержант,7,58
Яковлев Сергей Александрович,прапорщик,11,32
Никитин Кирилл Максимович,лейтенант,7,49
Фёдоров Виктор Иванович,полковник,4,45
Соколов Олег Ильич,майор,3,32
Никитин Юрий Юрьевич,рядовой,9,38
Алексеев Егор Алексеевич,лейтенант,12,60
Семёнов Дмитрий Иванович,рядовой,10,26
Васильев Кирилл Юрьевич,лейтенант,11,31
Попов Артём Иванович,рядовой,10,56
Степанов Егор Никитич,сержант,9,18
Павлов Олег Иванович,полковник,4,25
Кочергин Константин Викторович,сержант,6,55
Андреев Илья Кириллович,сержант,9,23
Зайцев Роман Дмитриевич,капитан,4,39
Яковлев Никита Юрьевич,майор,10,21
Васильев Максим Дмитриевич,лейтенант,4,53
Яковлев Матвей Андреевич,рядовой,4,50
Васильев Кирилл Сергеевич,лейтенант,4,39
Борисов Денис Андреевич,рядовой,3,49
Павлов Александр Олегович,полковник,9,60
Соколов Илья Викторович,майор,9,46
Морозов Иван Юрьевич,полковник,3,33
Морозов Сергей Романович,лейтенант,8,36
Кочергин Егор Михайлович,капитан,10,44
Иванов Максим Юрьевич,полковник,12,19
Кочергин Артём Дмитриевич,майор,10,33
Кочергин Александр Никитич,полковник,7,23
Андреев Сергей Александрович,майор,3,23
Яковлев Олег Викторович,майор,5,51
Новиков Константин Юрьевич,полковник,10,41
Степанов Михаил Александрович,прапорщик,2,29
Николаев Артём Александрович,сержант,4,38
Макаров Алексей Романович,рядовой,2,60
Новиков Виктор Романович,полковник,6,18
Соколов Артём Иванович,майор,9,28
Новиков Михаил Романович,лейтенант,5,18
Иванов Максим Никитич,рядовой,9,39
Макаров Степан Юрьевич,рядовой,6,46
Иванов Олег Максимович,полковник,2,31
Смирнов Константин Кириллович,рядовой,9,26
Лебедев Иван Андреевич,сержант,4,33
Андреев Сергей Кириллович,майор,6,46
Васильев Алексей Никитич,лейтенант,10,43
Зайцев Константин Романович,лейтенант,6,31
Иванов Михаил Дмитриевич,майор,1,35
Смирнов Олег Никитич,лейтенант,12,48
Петров Сергей Александрович,капитан,1,25
Кочергин Дмитрий Кириллович,прапорщик,2,52
Фёдоров Алексей Юрьевич,капитан,8,41
Яковлев Дмитрий Михайлович,сержант,10,25
Новиков Степан Михайлович,лейтенант,8,28
Семёнов Олег Олегович,рядовой,1,28
Кузнецов Дмитрий Павлович,прапорщик,4,54
Соколов Павел Викторович,сержант,5,26
Морозов Олег Олегович,сержант,9,37
Попов Иван Викторович,майор,5,48
Лебедев Матвей Иванович,лейтенант,7,59
Павлов Сергей Никитич,лейтенант,2,46
Иванов Михаил Романович,прапорщик,4,60
Морозов Сергей Максимович,майор,12,41
Егоров Денис Сергеевич,майор,7,26
Семёнов Никита Алексеевич,майор,1,35
Попов Виктор Иванович,капитан,5,41
Кузнецов Сергей Никитич,капитан,8,43
Семёнов Олег Андреевич,полковник,7,30
Орлов Андрей Павлович,полковник,2,57
Козлов Денис Александрович,рядовой,12,32
Фёдоров Кирилл Максимович,полковник,12,45
Борисов Андрей Викторович,полковник,4,25
Смирнов Кирилл Александрович,полковник,4,34
Яковлев Дмитрий Максимович,капитан,6,41
Никитин Алексей Юрьевич,капитан,6,37
Фёдоров Матвей Дмитриевич,полковник,11,47
Андреев Матвей Кириллович,полковник,8,42
Васильев Александр Романович,майор,11,24
Петров Олег Юрьевич,капитан,9,18
Михайлов Артём Сергеевич,прапорщик,6,37
Козлов Михаил Иванович,майор,6,20
Сидоров Иван Максимович,сержант,6,47
Никитин Константин Кириллович,капитан,9,58
Фёдоров Константин Викторович,рядовой,12,28
Петров Артём Викторович,лейтенант,4,43
Лебедев Виктор Дмитриевич,сержант,11,46
Степанов Егор Ильич,прапорщик,8,30
Семёнов Олег Викторович,прапорщик,3,55
Морозов Александр Олегович,лейтенант,9,19
Алексеев Роман Павлович,капитан,9,53
Смирнов Павел Александрович,капитан,9,37
Фёдоров Сергей Иванович,прапорщик,4,46
Орлов Кирилл Александрович,рядовой,11,46
Кочергин Виктор Иванович,капитан,4,36
Смирнов Артём Олегович,майор,11,31
Зайцев Кирилл Сергеевич,сержант,1,54
Павлов Денис Олегович,капитан,11,35
Зайцев Максим Алексеевич,прапорщик,11,36
Смирнов Матвей Максимович,прапорщик,7,51
Сидоров Константин Сергеевич,прапорщик,3,37
Соколов Степан Никитич,прапорщик,9,41
Павлов Евгений Олегович,капитан,7,31
Васильев Дмитрий Кириллович,лейтенант,11,29
Попов Максим Андреевич,рядовой,4,28
Попов Артём Юрьевич,рядовой,5,27
Соловьёв Степан Викторович,полковник,8,36
Никитин Евгений Максимович,лейтенант,4,21
Козлов Александр Андреевич,майор,8,60
Соколов Павел Романович,прапорщик,12,50
Макаров Матвей Михайлович,рядовой,3,60
Сидоров Дмитрий Сергеевич,лейтенант,11,24
Алексеев Евгений Юрьевич,майор,7,34
Яковлев Илья Юрьевич,полковник,4,54
Сидоров Евгений Никитич,капитан,5,38
Алексеев Степан Никитич,лейтенант,11,57
Макаров Олег Романович,майор,5,33
Степанов Андрей Сергеевич,капитан,11,45
Иванов Кирилл Ильич,сержант,5,39
Орлов Степан Алексеевич,майор,7,50
Михайлов Евгений Александрович,прапорщик,5,60
Соколов Матвей Максимович,прапорщик,1,25
Борисов Сергей Ильич,сержант,8,58
Степанов Андрей Алексеевич,прапорщик,2,29
Морозов Максим Юрьевич,сержант,9,30
Макаров Илья Иванович,лейтенант,9,35
Попов Михаил Викторович,полковник,2,40
Захаров Олег Сергеевич,лейтенант,12,25
Семёнов Максим Никитич,полковник,9,32
Козлов Денис Дмитриевич,прапорщик,3,31
Павлов Александр Романович,лейтенант,4,42
Кузнецов Егор Романович,прапорщик,6,54
Кузнецов Илья Сергеевич,сержант,7,39
Степанов Дмитрий Никитич,майор,9,36
Фёдоров Евгений Юрьевич,капитан,10,56
Морозов Никита Андреевич,сержант,12,40
Кочергин Максим Дмитриевич,майор,8,55
Лебедев Андрей Никитич,лейтенант,11,50
Козлов Евгений Никитич,полковник,2,37
Захаров Денис Никитич,лейтенант,3,43
Козлов Дмитрий Андреевич,майор,3,20
Смирнов Артём Викторович,рядовой,3,58
Степанов Денис Викторович,капитан,11,38
Алексеев Сергей Дмитриевич,полковник,3,45
Фёдоров Иван Андреевич,рядовой,5,51
Попов Андрей Юрьевич,капитан,10,19
Андреев Юрий Ильич,майор,2,48
Лебедев Павел Сергеевич,капитан,10,36
Сидоров Илья Романович,лейтенант,1,50
Кочергин Иван Иванович,сержант,7,29
Смирнов Александр Викторович,рядовой,6,44
Сидоров Денис Дмитриевич,майор,8,55
Смирнов Денис Ильич,прапорщик,11,49
Захаров Роман Андреевич,сержант,10,38
Андреев Павел Никитич,капитан,11,30
Соловьёв Виктор Михайлович,рядовой,6,24
Николаев Роман Никитич,сержант,5,49
Николаев Роман Олегович,сержант,9,59
Павлов Денис Максимович,прапорщик,2,53
Орлов Роман Андреевич,майор,12,44
Орлов Роман Максимович,полковник,7,52
Андреев Егор Никитич,полковник,4,20
Иванов Матвей Михайлович,полковник,3,32
Васильев Артём Павлович,лейтенант,6,33
Лебедев Константин Юрьевич,рядовой,6,32
Алексеев Олег Алексеевич,полковник,11,55
Петров Денис Викторович,сержант,1,40
Попов Алексей Максимович,лейтенант,9,60
Захаров Павел Михайлович,майор,3,46
Лебедев Павел Романович,лейтенант,4,38
Михайлов Егор Павлович,прапорщик,1,34
Новиков Артём Андреевич,сержант,12,49
Яковлев Константин Алексеевич,прапорщик,11,41
Лебедев Кирилл Михайлович,капитан,3,18
Кузнецов Виктор Павлович,рядовой,5,34
Орлов Виктор Сергеевич,прапорщик,2,57
Никитин Дмитрий Кириллович,майор,7,40
Михайлов Олег Андреевич,рядовой,8,35
Семёнов Юрий Дмитриевич,рядовой,11,35
Захаров Олег Олегович,майор,3,35
Николаев Илья Алексеевич,майор,10,49
Егоров Денис Юрьевич,майор,10,30
Козлов Сергей Алексеевич,лейтенант,3,59
Козлов Павел Кириллович,майор,4,43
Смирнов Никита Олегович,лейтенант,4,60
Никитин Константин Викторович,капитан,8,53
Алексеев Сергей Романович,полковник,1,19
Никитин Константин Сергеевич,капитан,3,38
Кочергин Максим Алексеевич,капитан,3,56
Морозов Никита Иванович,рядовой,3,24
Андреев Роман Дмитриевич,майор,7,47
Соколов Иван Сергеевич,капитан,8,41
Новиков Матвей Павлович,капитан,8,46
Орлов Денис Александрович,капитан,4,53
Захаров Алексей Дмитриевич,майор,3,20
Макаров Иван Сергеевич,полковник,9,27
Морозов Илья Михайлович,прапорщик,9,56
Козлов Кирилл Юрьевич,майор,10,48
Павлов Юрий Ильич,лейтенант,1,50
Попов Никита Павлович,рядовой,1,59
Борисов Роман Алексеевич,рядовой,2,20
Михайлов Роман Павлович,сержант,8,56
Зайцев Павел Сергеевич,полковник,11,42
Захаров Юрий Иванович,рядовой,6,37
Смирнов Роман Сергеевич,лейтенант,9,37
Сидоров Александр Кириллович,сержант,8,53
Соловьёв Степан Дмитриевич,рядовой,5,21
Борисов Дмитрий Никитич,лейтенант,7,60
Борисов Кирилл Алексеевич,сержант,1,28
Лебедев Никита Андреевич,сержант,8,49
Егоров Дмитрий Сергеевич,рядовой,10,47
Егоров Павел Павлович,прапорщик,9,51
Семёнов Андрей Максимович,сержант,1,41
Николаев Олег Юрьевич,сержант,8,55
Андреев Дмитрий Дмитриевич,прапорщик,10,44
Смирнов Степан Дмитриевич,капитан,11,55
Соколов Иван Александрович,майор,5,44
Фёдоров Олег Кириллович,капитан,8,32
Алексеев Кирилл Юрьевич,прапорщик,9,57
Сидоров Иван Дмитриевич,лейтенант,8,38
Фёдоров Артём Ильич,прапорщик,12,47
Степанов Степан Ильич,капитан,1,58
Иванов Никита Олегович,прапорщик,1,21
Зайцев Алексей Юрьевич,майор,3,46
Лебедев Юрий Дмитриевич,рядовой,12,57
Попов Павел Викторович,полковник,7,23
Кочергин Никита Никитич,полковник,7,33
Михайлов Матвей Дмитриевич,сержант,9,34
Попов Никита Викторович,майор,10,45
Морозов Алексей Павлович,рядовой,8,52
Макаров Сергей Кириллович,сержант,9,48
Борисов Денис Иванович,лейтенант,7,56
Попов Сергей Михайлович,лейтенант,7,20
Михайлов Никита Дмитриевич,капитан,12,44
Орлов Кирилл Павлович,лейтенант,4,45
Андреев Олег Павлович,прапорщик,2,53
Алексеев Юрий Ильич,капитан,2,50
Семёнов Илья Александрович,рядовой,4,50
Кочергин Дмитрий Кириллович,лейтенант,10,59
Никитин Кирилл Михайлович,сержант,8,44
Алексеев Андрей Павлович,капитан,9,56
Алексеев Иван Алексеевич,сержант,10,43
Фёдоров Александр Михайлович,капитан,9,38
Павлов Егор Павлович,лейтенант,3,37
Макаров Максим Алексеевич,рядовой,4,37
Петров Кирилл Иванович,прапорщик,5,40
Михайлов Матвей Юрьевич,рядовой,5,19
Никитин Евгений Кириллович,полковник,7,52
Новиков Олег Ильич,полковник,8,26
Попов Степан Сергеевич,рядовой,7,34
Козлов Илья Романович,полковник,1,29
Михайлов Максим Михайлович,лейтенант,7,31
Андреев Михаил Максимович,капитан,1,60
Павлов Андрей Олегович,майор,9,28
Никитин Степан Дмитриевич,прапорщик,5,56
Макаров Андрей Александрович,майор,7,27
Фёдоров Виктор Андреевич,рядовой,5,52
Соловьёв Виктор Сергеевич,рядовой,1,58
Михайлов Илья Ильич,сержант,9,49
Фёдоров Артём Сергеевич,капитан,12,57
Соловьёв Роман Романович,полковник,8,22
Николаев Юрий Иванович,прапорщик,9,22
Козлов Юрий Ильич,прапорщик,7,28
Павлов Александр Максимович,майор,2,34
Кузнецов Никита Сергеевич,прапорщик,4,27
Михайлов Кирилл Алексеевич,полковник,11,36
Лебедев Виктор Андреевич,прапорщик,7,56
Никитин Андрей Олегович,капитан,11,53
Семёнов Александр Максимович,рядовой,9,37
Иванов Михаил Алексеевич,рядовой,10,58
Зайцев Виктор Кириллович,полковник,11,18
Новиков Артём Романович,майор,3,23
Васильев Матвей Павлович,прапорщик,4,43
Лебедев Никита Андреевич,полковник,11,31
Степанов Иван Кириллович,полковник,6,43
Соловьёв Роман Сергеевич,майор,5,21
Захаров Максим Викторович,капитан,3,39
Соловьёв Максим Алексеевич,лейтенант,10,38
Борисов Виктор Максимович,сержант,6,58
Петров Кирилл Юрьевич,майор,5,20
Егоров Артём Дмитриевич,капитан,11,23
Борисов Максим Максимович,сержант,12,28
Борисов Михаил Сергеевич,майор,2,57
Яковлев Михаил Михайлович,полковник,10,29
Орлов Сергей Викторович,полковник,6,39
Козлов Виктор Никитич,сержант,1,59
Фёдоров Максим Сергеевич,лейтенант,9,36
Сидоров Егор Алексеевич,рядовой,7,31
Борисов Юрий Иванович,лейтенант,2,50
Борисов Егор Максимович,рядовой,11,51
Борисов Павел Максимович,лейтенант,10,36
Кузнецов Сергей Александрович,капитан,2,41
Зайцев Юрий Олегович,прапорщик,5,20
Никитин Алексей Максимович,майор,10,35
Кочергин Денис Павлович,капитан,9,43
Смирнов Сергей Романович,рядовой,5,18
Егоров Александр Михайлович,рядовой,4,46
Морозов Кирилл Михайлович,майор,3,32
Попов Максим Сергеевич,майор,5,30
Попов Михаил Ильич,полковник,1,48
Васильев Никита Андреевич,капитан,5,22
Михайлов Максим Иванович,сержант,1,60
Семёнов Виктор Ильич,рядовой,1,32
Смирнов Матвей Юрьевич,капитан,2,18
Захаров Артём Олегович,рядовой,12,53
Попов Кирилл Кириллович,лейтенант,7,25
Соловьёв Михаил Сергеевич,полковник,4,19
Яковлев Матвей Олегович,рядовой,2,46
Андреев Андрей Кириллович,капитан,2,35
Кочергин Степан Дмитриевич,полковник,2,41
Борисов Виктор Юрьевич,прапорщик,10,34
Смирнов Иван Олегович,капитан,2,23
Алексеев Матвей Никитич,рядовой,8,46
Кочергин Максим Романович,прапорщик,5,56
Васильев Илья Александрович,сержант,10,28
Васильев Андрей Максимович,лейтенант,6,25
Никитин Денис Иванович,сержант,5,20
Лебедев Дмитрий Максимович,майор,9,27
Лебедев Егор Александрович,полковник,10,59
Морозов Кирилл Александрович,рядовой,7,40
Андреев Иван Сергеевич,полковник,3,27
Борисов Матвей Александрович,майор,5,35
Борисов Роман Александрович,прапорщик,5,37
Кузнецов Павел Олегович,полковник,3,41
Егоров Дмитрий Романович,лейтенант,8,50
Попов Егор Юрьевич,сержант,2,28
Козлов Матвей Александрович,сержант,2,32
Степанов Никита Дмитриевич,рядовой,5,51
Захаров Иван Павлович,прапорщик,3,18
Яковлев Артём Никитич,майор,12,46
Макаров Матвей Романович,майор,2,60
Андреев Денис Алексеевич,полковник,4,20
Никитин Илья Александрович,рядовой,12,52
Андреев Дмитрий Ильич,лейтенант,7,24
Борисов Евгений Викторович,капитан,2,57
Соловьёв Константин Никитич,лейтенант,7,35
Кочергин Виктор Олегович,лейтенант,10,25
Никитин Артём Александрович,полковник,2,23
Новиков Евгений Сергеевич,полковник,5,25
Степанов Алексей Павлович,майор,1,32
Семёнов Евгений Андреевич,майор,8,41
Орлов Егор Александрович,полковник,9,32
Соловьёв Павел Максимович,лейтенант,10,33
Попов Денис Юрьевич,полковник,7,26
Егоров Алексей Иванович,прапорщик,10,47
Степанов Сергей Викторович,рядовой,12,20
Андреев Олег Олегович,прапорщик,6,23
Макаров Олег Ильич,полковник,1,37
Семёнов Виктор Юрьевич,рядовой,7,45
Алексеев Алексей Романович,капитан,4,33
Орлов Павел Ильич,рядовой,4,46
Андреев Матвей Ильич,прапорщик,6,26
Фёдоров Никита Викторович,прапорщик,1,56
Соколов Роман Андреевич,лейтенант,12,57
Орлов Кирилл Александрович,капитан,12,53
Смирнов Андрей Иванович,майор,2,37
Соловьёв Юрий Кириллович,сержант,9,33
Сидоров Максим Максимович,рядовой,10,25
Фёдоров Денис Сергеевич,рядовой,4,20
Петров Александр Дмитриевич,рядовой,9,21
Яковлев Денис Павлович,прапорщик,11,27
Фёдоров Дмитрий Александрович,прапорщик,11,60
Смирнов Андрей Дмитриевич,полковник,9,53
Смирнов Павел Александрович,майор,8,46
Кочергин Дмитрий Алексеевич,капитан,6,19
Морозов Матвей Иванович,майор,9,20
Козлов Максим Павлович,сержант,3,32
Кузнецов Павел Никитич,лейтенант,8,43
Кочергин Виктор Викторович,прапорщик,10,43
Никитин Виктор Максимович,прапорщик,5,19
Никитин Матвей Юрьевич,сержант,4,48
Новиков Степан Иванович,сержант,2,29
Иванов Виктор Александрович,майор,4,30
Михайлов Евгений Кириллович,сержант,12,30
Егоров Виктор Ильич,рядовой,8,48
Орлов Максим Кириллович,лейтенант,10,36
Степанов Евгений Сергеевич,рядовой,12,43
Соколов Михаил Алексеевич,сержант,11,31
Егоров Кирилл Олегович,рядовой,9,55
Смирнов Андрей Викторович,рядовой,7,21
Захаров Дмитрий Ильич,рядовой,5,50
Никитин Денис Михайлович,сержант,12,55
Смирнов Евгений Кириллович,лейтенант,1,43
Лебедев Андрей Иванович,прапорщик,5,53
Сидоров Михаил Максимович,рядовой,1,24
Борисов Алексей Сергеевич,прапорщик,11,50
Петров Алексей Александрович,прапорщик,3,56
Андреев Михаил Иванович,лейтенант,3,59
Зайцев Евгений Сергеевич,капитан,11,29
Лебедев Роман Андреевич,прапорщик,4,37
Соловьёв Александр Михайлович,прапорщик,9,33
Новиков Михаил Олегович,майор,2,22
Яковлев Алексей Юрьевич,капитан,10,39
Кочергин Денис Иванович,сержант,9,38
Козлов Сергей Сергеевич,сержант,9,21
Павлов Сергей Олегович,рядовой,1,31
Новиков Иван Михайлович,лейтенант,5,57
Николаев Алексей Александрович,сержант,6,21
Морозов Павел Викторович,сержант,9,34
Павлов Юрий Александрович,сержант,12,60
Попов Максим Олегович,сержант,2,41
Макаров Юрий Юрьевич,полковник,6,54
Иванов Артём Ильич,рядовой,3,34
Попов Артём Максимович,рядовой,10,59
Козлов Константин Алексеевич,лейтенант,5,51
Яковлев Денис Сергеевич,рядовой,11,34
Егоров Матвей Олегович,рядовой,12,43
Борисов Виктор Никитич,лейтенант,7,48
Васильев Максим Сергеевич,капитан,2,27
Алексеев Алексей Андреевич,рядовой,5,40
Кузнецов Кирилл Иванович,сержант,3,37
Михайлов Михаил Сергеевич,капитан,1,50
Захаров Олег Павлович,прапорщик,7,40
Лебедев Кирилл Кириллович,сержант,2,54
Макаров Дмитрий Олегович,капитан,1,24
Кочергин Сергей Никитич,сержант,9,19
Соловьёв Роман Сергеевич,рядовой,11,50
Михайлов Иван Сергеевич,рядовой,8,21
Соловьёв Матвей Никитич,майор,12,29
Яковлев Илья Александрович,сержант,12,46
Орлов Кирилл Кириллович,полковник,3,48
Фёдоров Илья Сергеевич,полковник,8,24
Лебедев Максим Иванович,сержант,8,24
Новиков Евгений Юрьевич,прапорщик,3,48
Иванов Олег Павлович,прапорщик,6,24
Макаров Дмитрий Павлович,майор,6,36
Семёнов Максим Иванович,полковник,4,59
Степанов Павел Романович,полковник,3,44
Михайлов Павел Кириллович,майор,4,23
Кочергин Роман Максимович,лейтенант,11,37
Сидоров Кирилл Андреевич,прапорщик,7,36
Никитин Иван Максимович,сержант,2,27
Васильев Олег Кириллович,лейтенант,7,29
Петров Максим Викторович,капитан,2,51
Петров Константин Сергеевич,капитан,12,31
Николаев Илья Романович,полковник,2,43
Егоров Павел Юрьевич,лейтенант,3,47
Борисов Кирилл Андреевич,рядовой,9,50
Соколов Дмитрий Никитич,сержант,2,47
Егоров Егор Андреевич,рядовой,7,42
Смирнов Виктор Алексеевич,лейтенант,9,24
Захаров Максим Ильич,лейтенант,7,47
Соколов Сергей Викторович,майор,10,30
Андреев Артём Никитич,полковник,12,59
Зайцев Константин Романович,рядовой,4,58
Семёнов Матвей Михайлович,лейтенант,7,53
Фёдоров Олег Александрович,рядовой,5,53
Новиков Матвей Алексеевич,рядовой,7,45
Смирнов Андрей Алексеевич,сержант,3,44
Павлов Денис Павлович,майор,3,27
Петров Егор Сергеевич,прапорщик,2,31
Зайцев Максим Олегович,прапорщик,3,28
Петров Егор Максимович,лейтенант,2,25
Иванов Егор Ильич,рядовой,5,18
Семёнов Константин Олегович,сержант,9,38
Павлов Илья Кириллович,сержант,4,36
Смирнов Виктор Викторович,прапорщик,1,36
Васильев Матвей Юрьевич,рядовой,5,18
Смирнов Денис Кириллович,рядовой,1,46
Васильев Дмитрий Михайлович,полковник,2,37
Алексеев Константин Андреевич,майор,10,56
Кузнецов Кирилл Никитич,майор,11,18
Смирнов Роман Юрьевич,прапорщик,2,29
Кузнецов Кирилл Олегович,прапорщик,1,56
Соколов Павел Михайлович,сержант,6,23
Семёнов Михаил Кириллович,сержант,1,36
Семёнов Егор Ильич,прапорщик,6,38
Лебедев Артём Викторович,прапорщик,3,25
Семёнов Матвей Дмитриевич,рядовой,6,60
Алексеев Степан Олегович,полковник,7,58
Соловьёв Денис Андреевич,майор,11,37
Степанов Степан Александрович,лейтенант,4,57
Соколов Денис Павлович,майор,5,41
Кочергин Олег Никитич,полковник,2,26
Сидоров Алексей Кириллович,капитан,10,55
Борисов Иван Александрович,полковник,10,52
Андреев Евгений Викторович,рядовой,4,36
Никитин Михаил Ильич,лейтенант,2,25
Никитин Константин Павлович,полковник,10,39
Степанов Михаил Максимович,сержант,12,26
Соловьёв Иван Кириллович,рядовой,10,31
Соколов Роман Максимович,полковник,2,59
Макаров Юрий Никитич,лейтенант,10,55
Новиков Виктор Романович,капитан,6,39
Орлов Константин Михайлович,рядовой,9,35
Макаров Сергей Максимович,рядовой,8,18
Яковлев Виктор Александрович,рядовой,4,25
Попов Роман Дмитриевич,лейтенант,4,36
Михайлов Илья Сергеевич,майор,11,58
Кузнецов Максим Максимович,прапорщик,7,51
Алексеев Евгений Кириллович,капитан,6,56
Иванов Константин Максимович,прапорщик,9,23
Алексеев Александр Олегович,сержант,7,18
Борисов Иван Викторович,лейтенант,4,36
Павлов Алексей Алексеевич,рядовой,11,37
Кочергин Юрий Юрьевич,рядовой,5,40
Михайлов Олег Никитич,прапорщик,1,52
Михайлов Степан Иванович,полковник,8,48
Николаев Олег Алексеевич,майор,7,30
Фёдоров Илья Максимович,лейтенант,3,35
Иванов Иван Кириллович,майор,6,43
Захаров Дмитрий Павлович,майор,6,54
Семёнов Алексей Романович,полковник,10,47
Борисов Илья Олегович,капитан,4,34
Морозов Юрий Михайлович,капитан,3,46
Попов Максим Алексеевич,прапорщик,3,49
Лебедев Александр Александрович,сержант,10,53
Петров Дмитрий Максимович,майор,7,60
Кузнецов Андрей Романович,майор,4,39
Васильев Дмитрий Ильич,прапорщик,5,41
Николаев Иван Никитич,капитан,5,27
Зайцев Михаил Андреевич,сержант,6,52
Егоров Иван Андреевич,полковник,3,45
Зайцев Никита Михайлович,рядовой,9,45
Петров Степан Никитич,капитан,3,39
Смирнов Никита Александрович,полковник,7,27
Васильев Степан Никитич,капитан,4,24
Яковлев Артём Алексеевич,рядовой,7,20
Егоров Алексей Викторович,прапорщик,12,44
Никитин Юрий Максимович,полковник,4,41
Смирнов Константин Александрович,лейтенант,10,33
Петров Иван Юрьевич,капитан,10,18
Макаров Матвей Викторович,рядовой,2,26
Орлов Денис Александрович,капитан,9,22
Семёнов Павел Павлович,прапорщик,2,56
Никитин Андрей Дмитриевич,капитан,6,25
Новиков Дмитрий Викторович,полковник,1,23
Морозов Олег Дмитриевич,полковник,3,50
Макаров Илья Иванович,майор,8,23
Иванов Александр Максимович,лейтенант,9,48
Кузнецов Алексей Викторович,сержант,9,56
Яковлев Константин Юрьевич,полковник,4,40
Орлов Сергей Юрьевич,лейтенант,5,47
Васильев Денис Сергеевич,прапорщик,10,26
Иванов Виктор Алексеевич,полковник,8,32
Никитин Алексей Ильич,майор,12,56
Яковлев Андрей Кириллович,капитан,5,43
Николаев Илья Александрович,полковник,12,52
Яковлев Артём Павлович,рядовой,5,28
Степанов Александр Дмитриевич,капитан,12,24
Макаров Роман Никитич,лейтенант,9,42
Иванов Кирилл Иванович,прапорщик,4,38
Соколов Александр Алексеевич,прапорщик,4,28
Михайлов Алексей Романович,капитан,2,47
Фёдоров Константин Юрьевич,полковник,5,41
Морозов Илья Кириллович,полковник,4,56
Иванов Степан Юрьевич,майор,11,48
Николаев Артём Сергеевич,прапорщик,2,29
Захаров Кирилл Дмитриевич,прапорщик,3,37
Степанов Денис Никитич,сержант,12,19
Лебедев Денис Дмитриевич,капитан,12,46
Смирнов Матвей Иванович,капитан,10,37
Зайцев Илья Ильич,капитан,6,59
Козлов Виктор Александрович,рядовой,9,44
Сидоров Максим Романович,рядовой,7,36
Фёдоров Андрей Александрович,капитан,4,39
Козлов Олег Александрович,капитан,8,57
Никитин Олег Иванович,майор,11,21
Попов Максим Сергеевич,рядовой,10,20
Козлов Павел Кириллович,капитан,3,26
Яковлев Михаил Павлович,сержант,5,18
Яковлев Дмитрий Дмитриевич,майор,7,20
Козлов Михаил Ильич,лейтенант,4,26
Фёдоров Андрей Александрович,капитан,5,60
Зайцев Юрий Андреевич,сержант,8,30
Новиков Виктор Алексеевич,лейтенант,8,44
Попов Денис Дмитриевич,майор,8,42
Семёнов Денис Никитич,сержант,7,50
Михайлов Евгений Юрьевич,рядовой,5,53
Лебедев Александр Кириллович,прапорщик,9,52
Соловьёв Кирилл Андреевич,сержант,5,24
Новиков Дмитрий Ильич,майор,2,32
Новиков Матвей Кириллович,майор,9,53
Егоров Константин Александрович,прапорщик,11,46
Зайцев Олег Кириллович,майор,4,47
Лебедев Егор Юрьевич,прапорщик,12,47
Алексеев Иван Алексеевич,лейтенант,4,40
Смирнов Дмитрий Викторович,полковник,2,53
Зайцев Кирилл Дмитриевич,майор,11,56
Фёдоров Алексей Романович,лейтенант,10,19
Николаев Алексей Михайлович,прапорщик,9,43
Андреев Максим Никитич,майор,7,40
Макаров Алексей Сергеевич,сержант,2,50
Смирнов Виктор Олегович,капитан,6,59
Лебедев Артём Андреевич,прапорщик,12,27
Захаров Денис Олегович,капитан,12,25
Орлов Роман Кириллович,сержант,7,38
Морозов Олег Алексеевич,лейтенант,9,32
Соколов Иван Михайлович,лейтенант,3,23
Степанов Илья Сергеевич,лейтенант,6,32
Семёнов Дмитрий Кириллович,майор,1,52
Семёнов Егор Иванович,полковник,11,58
Кузнецов Олег Олегович,прапорщик,6,44
Петров Дмитрий Максимович,прапорщик,12,28
Кочергин Кирилл Олегович,прапорщик,2,36
Степанов Евгений Романович,рядовой,3,31
Новиков Степан Романович,рядовой,6,20
Михайлов Кирилл Алексеевич,капитан,9,45
Яковлев Дмитрий Андреевич,рядовой,8,60
Зайцев Егор Александрович,сержант,2,54
Васильев Сергей Кириллович,майор,5,41
Яковлев Денис Кириллович,рядовой,7,20
Семёнов Михаил Александрович,капитан,1,55
Соколов Егор Иванович,капитан,8,18
Фёдоров Роман Михайлович,прапорщик,7,43
Кузнецов Евгений Олегович,капитан,1,18
Никитин Михаил Александрович,капитан,12,44
Яковлев Михаил Иванович,сержант,9,51
Борисов Максим Максимович,полковник,3,43
Кузнецов Степан Викторович,прапорщик,4,43
Кузнецов Алексей Викторович,лейтенант,7,46
Андреев Евгений Михайлович,полковник,10,25
Орлов Константин Андреевич,майор,7,21
Попов Алексей Павлович,рядовой,4,56
Семёнов Сергей Андреевич,полковник,2,23
Кочергин Виктор Никитич,сержант,9,58
Смирнов Евгений Максимович,рядовой,5,35
Семёнов Илья Никитич,капитан,4,32
Николаев Алексей Олегович,капитан,4,58
Соколов Максим Иванович,рядовой,5,58
Борисов Дмитрий Олегович,прапорщик,10,51
Михайлов Евгений Максимович,лейтенант,2,36
Новиков Кирилл Михайлович,полковник,1,38
Зайцев Виктор Юрьевич,майор,5,46
Яковлев Иван Алексеевич,сержант,3,19
Смирнов Максим Андреевич,лейтенант,1,28
Степанов Михаил Никитич,сержант,8,45
Сидоров Дмитрий Олегович,лейтенант,10,46
Михайлов Юрий Максимович,прапорщик,7,41
Михайлов Юрий Дмитриевич,сержант,8,34
Николаев Артём Алексеевич,прапорщик,10,57
Фёдоров Сергей Викторович,сержант,3,48
Орлов Кирилл Ильич,сержант,7,24
Павлов Матвей Ильич,майор,7,30
Новиков Кирилл Романович,лейтенант,7,24
Егоров Алексей Александрович,лейтенант,1,54
Орлов Александр Юрьевич,прапорщик,9,42
Макаров Константин Юрьевич,полковник,1,26
Николаев Роман Викторович,майор,3,22
Соловьёв Никита Павлович,рядовой,10,19
Лебедев Юрий Максимович,рядовой,9,37
Захаров Матвей Юрьевич,капитан,10,18
Новиков Дмитрий Викторович,прапорщик,12,19
Макаров Егор Юрьевич,майор,6,42
Егоров Денис Ильич,лейтенант,5,20
Захаров Павел Романович,полковник,10,25
Михайлов Евгений Кириллович,майор,9,32
Андреев Степан Ильич,сержант,5,57
Яковлев Денис Ильич,лейтенант,7,53
Попов Виктор Андреевич,майор,8,42
Алексеев Никита Павлович,лейтенант,8,60
Соловьёв Иван Алексеевич,полковник,1,27
Павлов Матвей Ильич,сержант,6,53
Смирнов Артём Никитич,прапорщик,11,19
Смирнов Дмитрий Викторович,рядовой,5,18
Зайцев Никита Максимович,лейтенант,8,20
Степанов Олег Александрович,рядовой,12,51
Никитин Андрей Викторович,капитан,11,39
Яковлев Дмитрий Юрьевич,полковник,10,47
Павлов Алексей Андреевич,полковник,10,48
Яковлев Максим Алексеевич,рядовой,4,21
Попов Юрий Кириллович,сержант,5,52
Иванов Иван Викторович,лейтенант,6,50
Семёнов Михаил Максимович,майор,2,26
Васильев Александр Михайлович,лейтенант,11,46
Яковлев Степан Павлович,лейтенант,8,43
Орлов Константин Ильич,полковник,3,54
Захаров Матвей Михайлович,рядовой,7,52
Кузнецов Евгений Ильич,рядовой,5,23
Морозов Максим Юрьевич,полковник,3,34
Фёдоров Степан Кириллович,капитан,1,28
Яковлев Денис Михайлович,капитан,3,23
Никитин Кирилл Кириллович,рядовой,7,42
Козлов Михаил Ильич,капитан,6,28
Яковлев Максим Романович,прапорщик,2,50
Яковлев Дмитрий Андреевич,капитан,11,41
Алексеев Егор Андреевич,капитан,4,49
Михайлов Дмитрий Дмитриевич,лейтенант,5,23
Лебедев Юрий Александрович,полковник,7,44
Егоров Дмитрий Алексеевич,прапорщик,3,35
Попов Степан Дмитриевич,сержант,9,43
Смирнов Егор Викторович,капитан,8,21
Иванов Сергей Олегович,капитан,1,45
Павлов Никита Никитич,полковник,11,52
Никитин Егор Викторович,рядовой,3,60
Кочергин Денис Алексеевич,лейтенант,11,18
Новиков Илья Юрьевич,полковник,2,43
Попов Илья Никитич,лейтенант,4,22
Петров Сергей Кириллович,майор,11,51
Соколов Олег Иванович,сержант,5,28
Иванов Константин Олегович,майор,3,27
Зайцев Константин Павлович,полковник,8,22
Кочергин Иван Романович,капитан,1,32
Борисов Роман Юрьевич,капитан,6,58
Кочергин Александр Иванович,рядовой,10,49
Васильев Степан Алексеевич,сержант,6,55
Егоров Михаил Ильич,майор,7,30
Кузнецов Степан Павлович,капитан,10,57
Зайцев Павел Ильич,капитан,5,36
Андреев Александр Сергеевич,полковник,12,28
Лебедев Павел Алексеевич,рядовой,6,37
Фёдоров Дмитрий Алексеевич,сержант,7,24
Зайцев Кирилл Юрьевич,лейтенант,4,38
Новиков Никита Викторович,рядовой,6,33
Степанов Павел Романович,полковник,6,50
Кузнецов Виктор Сергеевич,сержант,10,21
Борисов Егор Кириллович,рядовой,8,27
Захаров Андрей Александрович,полковник,11,38
Кочергин Павел Андреевич,сержант,11,33
Смирнов Юрий Дмитриевич,майор,4,41
Яковлев Михаил Иванович,прапорщик,2,26
Васильев Дмитрий Александрович,лейтенант,6,25
Соловьёв Сергей Максимович,рядовой,1,30
Захаров Артём Алексеевич,полковник,9,28
Попов Артём Викторович,прапорщик,11,30
Васильев Михаил Кириллович,рядовой,4,28
Сидоров Егор Андреевич,капитан,4,43
Николаев Алексей Михайлович,прапорщик,10,50
Петров Олег Сергеевич,полковник,1,26
Лебедев Максим Михайлович,майор,2,45
Яковлев Кирилл Викторович,майор,6,23
Кочергин Сергей Алексеевич,лейтенант,11,53
Соловьёв Олег Романович,лейтенант,4,26
Степанов Михаил Иванович,полковник,10,53
Михайлов Никита Ильич,майор,9,25
Кузнецов Юрий Александрович,прапорщик,11,50
Иванов Виктор Александрович,лейтенант,5,21
Петров Андрей Дмитриевич,капитан,7,18
Васильев Максим Дмитриевич,капитан,10,51
Сидоров Александр Александрович,лейтенант,4,36
Фёдоров Евгений Дмитриевич,прапорщик,5,28
Фёдоров Степан Алексеевич,сержант,3,39
Никитин Виктор Иванович,прапорщик,7,60
Андреев Виктор Алексеевич,прапорщик,5,19
Лебедев Никита Никитич,прапорщик,8,51
Попов Сергей Кириллович,лейтенант,1,32
Степанов Андрей Александрович,сержант,12,35
Николаев Степан Алексеевич,рядовой,2,57
Смирнов Егор Дмитриевич,майор,12,19
Новиков Денис Александрович,полковник,5,54
Зайцев Роман Кириллович,лейтенант,9,37
Сидоров Матвей Максимович,полковник,10,23
Орлов Никита Александрович,полковник,5,42
Павлов Юрий Ильич,полковник,12,49
Кочергин Никита Кириллович,прапорщик,5,46
Николаев Артём Павлович,сержант,10,23
Егоров Дмитрий Романович,сержант,8,35
Никитин Константин Викторович,сержант,9,56
Семёнов Евгений Максимович,лейтенант,6,46
Макаров Андрей Викторович,майор,4,59
Сидоров Сергей Никитич,капитан,4,45
Новиков Евгений Викторович,лейтенант,10,35
Макаров Егор Викторович,сержант,11,41
Никитин Роман Сергеевич,майор,3,51
Фёдоров Степан Сергеевич,рядовой,4,49
Андреев Илья Михайлович,майор,2,53
Зайцев Максим Павлович,сержант,6,20
Михайлов Виктор Ильич,рядовой,10,18
Захаров Павел Викторович,прапорщик,9,32
Зайцев Артём Олегович,лейтенант,2,29
Кочергин Матвей Сергеевич,лейтенант,11,40
Андреев Никита Ильич,сержант,1,29
Сидоров Роман Кириллович,прапорщик,6,40
Кочергин Кирилл Олегович,лейтенант,8,26
Соколов Евгений Олегович,майор,11,43
Кузнецов Юрий Иванович,прапорщик,6,59
Кузнецов Алексей Юрьевич,рядовой,2,28
Павлов Юрий Иванович,полковник,6,52
Павлов Артём Павлович,рядовой,11,56
Кузнецов Юрий Викторович,лейтенант,3,30
Соколов Виктор Юрьевич,капитан,10,40
Петров Евгений Андреевич,сержант,6,26
Кочергин Степан Александрович,прапорщик,11,20
Сидоров Константин Ильич,капитан,8,58
Яковлев Павел Никитич,майор,12,42
Алексеев Алексей Романович,капитан,9,32
Новиков Дмитрий Андреевич,сержант,4,45
Андреев Дмитрий Юрьевич,лейтенант,3,42
Соколов Константин Юрьевич,сержант,7,40
Андреев Степан Алексеевич,майор,4,49
Николаев Виктор Романович,полковник,5,49
Соколов Дмитрий Викторович,прапорщик,3,36
Попов Алексей Романович,лейтенант,8,52
Фёдоров Константин Сергеевич,сержант,3,34
Сидоров Артём Михайлович,полковник,3,41
Смирнов Никита Максимович,рядовой,5,19
Новиков Илья Дмитриевич,рядовой,1,40
Смирнов Денис Кириллович,майор,6,27
Иванов Сергей Андреевич,полковник,12,31
Николаев Юрий Викторович,полковник,8,50
Яковлев Никита Никитич,капитан,10,41
Кузнецов Степан Олегович,полковник,11,29
Орлов Алексей Дмитриевич,майор,12,33
Никитин Матвей Александрович,полковник,5,19
Петров Михаил Андреевич,сержант,3,43
Николаев Иван Максимович,лейтенант,8,26
Иванов Константин Максимович,полковник,3,41
Степанов Роман Иванович,полковник,2,51
Егоров Алексей Кириллович,майор,8,55
Васильев Иван Ильич,капитан,8,41
Смирнов Дмитрий Викторович,капитан,4,52
Иванов Егор Андреевич,сержант,10,35
Алексеев Егор Сергеевич,капитан,6,26
Кочергин Максим Кириллович,сержант,6,31
Смирнов Евгений Кириллович,лейтенант,9,57
Иванов Кирилл Павлович,сержант,8,20
Алексеев Сергей Ильич,майор,12,26
Соловьёв Алексей Дмитриевич,майор,5,18
Иванов Иван Максимович,капитан,5,50
Кочергин Максим Романович,капитан,10,48
Васильев Иван Александрович,лейтенант,7,30
Попов Константин Алексеевич,капитан,8,25
Зайцев Александр Иванович,сержант,7,21
Соловьёв Роман Максимович,рядовой,5,48
Макаров Андрей Олегович,капитан,6,32
Михайлов Сергей Ильич,полковник,4,27
Семёнов Денис Дмитриевич,майор,6,59
Кочергин Роман Андреевич,лейтенант,8,25
Михайлов Евгений Юрьевич,майор,6,36
Макаров Артём Максимович,прапорщик,11,43
Алексеев Юрий Кириллович,майор,11,32
Алексеев Олег Олегович,сержант,1,54
Соловьёв Матвей Кириллович,рядовой,8,57
Алексеев Константин Кириллович,майор,3,25
Фёдоров Михаил Максимович,лейтенант,12,35
Степанов Максим Романович,капитан,9,53
Петров Олег Павлович,капитан,10,54
Михайлов Евгений Юрьевич,рядовой,7,18
Новиков Константин Александрович,майор,9,59
Васильев Максим Иванович,сержант,4,21
Макаров Иван Кириллович,полковник,8,43
Николаев Павел Юрьевич,лейтенант,9,41
Фёдоров Дмитрий Сергеевич,лейтенант,2,56
Кочергин Виктор Павлович,капитан,10,57
Павлов Денис Дмитриевич,лейтенант,3,55
Никитин Александр Олегович,полковник,12,33
Павлов Иван Никитич,полковник,8,30
Алексеев Михаил Александрович,прапорщик,8,41
Егоров Дмитрий Олегович,прапорщик,4,25
Егоров Дмитрий Дмитриевич,сержант,3,33
Семёнов Виктор Никитич,майор,4,32
Захаров Олег Викторович,майор,1,22
Фёдоров Олег Юрьевич,сержант,3,44
Никитин Андрей Павлович,прапорщик,12,18
Алексеев Олег Алексеевич,прапорщик,12,56
Новиков Никита Андреевич,полковник,2,43
Борисов Кирилл Иванович,рядовой,2,54
Попов Андрей Юрьевич,майор,1,20
Борисов Кирилл Ильич,лейтенант,12,48
Николаев Виктор Александрович,майор,5,60
Лебедев Михаил Кириллович,майор,11,48
Орлов Егор Андреевич,лейтенант,9,54
Захаров Матвей Юрьевич,майор,2,38
Козлов Алексей Романович,сержант,7,54
Борисов Александр Ильич,рядовой,12,20
Иванов Евгений Михайлович,капитан,11,35
Михайлов Никита Андреевич,сержант,5,25
Новиков Илья Романович,прапорщик,11,20
Фёдоров Никита Олегович,рядовой,8,58
Егоров Евгений Никитич,полковник,6,56
Попов Сергей Андреевич,сержант,11,33
Яковлев Павел Михайлович,рядовой,9,50
Новиков Егор Михайлович,сержант,11,60
Смирнов Максим Александрович,рядовой,10,42
Андреев Евгений Кириллович,капитан,1,58
Андреев Константин Максимович,прапорщик,12,27
Зайцев Артём Юрьевич,майор,5,30
Кузнецов Алексей Ильич,сержант,1,53
Николаев Денис Андреевич,прапорщик,8,28
Борисов Сергей Михайлович,прапорщик,1,44
Зайцев Сергей Юрьевич,майор,5,48
Козлов Роман Романович,сержант,4,53
Никитин Степан Дмитриевич,капитан,9,59
Андреев Алексей Ильич,рядовой,1,33
Алексеев Егор Сергеевич,полковник,4,59
Кочергин Павел Алексеевич,капитан,8,50
Соколов Денис Иванович,капитан,11,60
Васильев Юрий Юрьевич,капитан,1,56
Соколов Сергей Ильич,прапорщик,3,28
Зайцев Дмитрий Иванович,рядовой,10,35
Захаров Егор Дмитриевич,рядовой,11,47
Зайцев Егор Андреевич,лейтенант,8,42
Морозов Юрий Викторович,рядовой,11,29
Михайлов Илья Александрович,рядовой,3,57
Кузнецов Артём Андреевич,полковник,2,37
Фёдоров Артём Ильич,капитан,12,41
Морозов Александр Никитич,капитан,10,33
Фёдоров Иван Андреевич,майор,8,47
Кочергин Артём Михайлович,лейтенант,2,43
Козлов Егор Дмитриевич,майор,4,21
Новиков Алексей Олегович,полковник,1,48
Никитин Артём Иванович,капитан,4,53
Макаров Кирилл Сергеевич,лейтенант,4,55
Захаров Олег Романович,прапорщик,3,40
Андреев Дмитрий Алексеевич,лейтенант,5,58
Соколов Сергей Александрович,лейтенант,11,32
Козлов Денис Дмитриевич,капитан,2,50
Фёдоров Александр Олегович,полковник,11,51
Иванов Андрей Дмитриевич,капитан,2,41
Макаров Сергей Иванович,лейтенант,4,58
Андреев Андрей Романович,полковник,6,34
Никитин Юрий Сергеевич,полковник,9,18
Козлов Артём Викторович,майор,7,56
Николаев Денис Павлович,лейтенант,9,42
Морозов Максим Иванович,майор,2,59
Никитин Юрий Максимович,лейтенант,11,24
Орлов Егор Алексеевич,полковник,12,56
Михайлов Дмитрий Романович,сержант,4,58
Козлов Евгений Павлович,полковник,8,46
Новиков Степан Викторович,прапорщик,7,18
Захаров Сергей Ильич,лейтенант,5,20
Смирнов Роман Сергеевич,лейтенант,3,41
Соловьёв Александр Алексеевич,рядовой,8,37
Борисов Степан Олегович,рядовой,1,55
Васильев Дмитрий Дмитриевич,прапорщик,8,24
Лебедев Никита Романович,капитан,1,43
Сидоров Сергей Иванович,рядовой,4,50
Фёдоров Евгений Никитич,лейтенант,9,34
Макаров Илья Сергеевич,рядовой,1,18
Морозов Артём Иванович,полковник,2,24
Петров Роман Иванович,лейтенант,12,45
Лебедев Матвей Викторович,полковник,8,60
Захаров Павел Иванович,капитан,9,40
Борисов Илья Александрович,капитан,7,27
Макаров Дмитрий Юрьевич,сержант,3,46
Петров Евгений Никитич,сержант,1,38
Зайцев Алексей Павлович,рядовой,5,52
Васильев Евгений Александрович,лейтенант,11,24
Павлов Сергей Михайлович,майор,10,31
Борисов Егор Ильич,рядовой,3,40
Соловьёв Степан Павлович,капитан,4,32
Сидоров Юрий Олегович,лейтенант,4,40
Андреев Юрий Александрович,капитан,12,48
Попов Виктор Иванович,капитан,3,34
Андреев Михаил Михайлович,сержант,8,18
Козлов Егор Олегович,майор,11,50
Николаев Павел Алексеевич,сержант,3,49
Зайцев Артём Максимович,сержант,8,54
Смирнов Матвей Павлович,лейтенант,3,56
Васильев Кирилл Кириллович,рядовой,12,55
Иванов Егор Максимович,сержант,12,51
Соколов Егор Ильич,лейтенант,6,20
Новиков Никита Алексеевич,лейтенант,2,58
Егоров Алексей Андреевич,капитан,7,31
Лебедев Евгений Никитич,сержант,6,37
Яковлев Евгений Викторович,лейтенант,12,27
Соловьёв Роман Ильич,капитан,5,45
Степанов Виктор Максимович,майор,8,57
Борисов Дмитрий Никитич,рядовой,5,49
Кузнецов Денис Александрович,лейтенант,3,24
Сидоров Егор Андреевич,сержант,9,48
Павлов Евгений Ильич,сержант,12,33
Лебедев Михаил Дмитриевич,рядовой,10,33
Лебедев Степан Павлович,лейтенант,1,32
Кузнецов Виктор Алексеевич,лейтенант,6,45
Орлов Максим Сергеевич,полковник,3,46
Новиков Александр Павлович,рядовой,6,57
Михайлов Иван Максимович,капитан,6,52
Орлов Иван Юрьевич,прапорщик,4,35
Никитин Роман Викторович,полковник,8,36
Сидоров Сергей Никитич,сержант,8,34
Павлов Максим Иванович,полковник,4,32
Семёнов Никита Иванович,рядовой,5,59
Кузнецов Илья Викторович,капитан,7,57
Макаров Павел Романович,капитан,9,55
Захаров Михаил Александрович,рядовой,10,33
Иванов Максим Андреевич,майор,2,46
Морозов Александр Андреевич,прапорщик,3,25
Иванов Алексей Андреевич,прапорщик,11,26
Петров Сергей Михайлович,капитан,8,38
Морозов Иван Кириллович,лейтенант,6,21
Зайцев Илья Никитич,капитан,4,50
Яковлев Денис Дмитриевич,сержант,9,37
Лебедев Михаил Максимович,сержант,5,47
Васильев Юрий Романович,рядовой,10,58
Егоров Егор Сергеевич,сержант,1,49
Новиков Иван Ильич,лейтенант,1,29
Борисов Михаил Александрович,прапорщик,4,32
Смирнов Матвей Никитич,майор,7,57
Фёдоров Олег Кириллович,полковник,7,36
Яковлев Сергей Алексеевич,сержант,8,45
Васильев Матвей Андреевич,капитан,12,32
Кочергин Никита Романович,полковник,7,55
Макаров Матвей Михайлович,полковник,3,37
Захаров Егор Андреевич,рядовой,10,49
Соколов Андрей Юрьевич,полковник,6,51
Кузнецов Никита Сергеевич,прапорщик,11,33
Михайлов Виктор Сергеевич,лейтенант,4,32
Яковлев Никита Александрович,рядовой,9,51
Васильев Егор Александрович,майор,6,21
Морозов Олег Кириллович,прапорщик,8,32
Андреев Егор Олегович,капитан,8,28
Семёнов Михаил Викторович,прапорщик,9,37
Егоров Денис Олегович,полковник,2,22
Кузнецов Олег Юрьевич,капитан,5,31
Попов Матвей Романович,капитан,9,37
Новиков Александр Никитич,капитан,3,43
Петров Артём Никитич,прапорщик,9,31
Егоров Денис Максимович,полковник,8,45
Иванов Андрей Юрьевич,капитан,11,54
Андреев Артём Иванович,рядовой,7,35
Сидоров Артём Максимович,полковник,8,22
Соловьёв Максим Максимович,капитан,6,60
Андреев Никита Сергеевич,прапорщик,11,43
Соколов Алексей Сергеевич,прапорщик,7,31
Николаев Роман Андреевич,рядовой,4,18
Фёдоров Матвей Юрьевич,капитан,3,43
Попов Павел Юрьевич,прапорщик,10,52
Лебедев Павел Олегович,рядовой,10,32
Смирнов Никита Олегович,сержант,2,34
Яковлев Павел Юрьевич,прапорщик,8,36
Козлов Константин Андреевич,прапорщик,7,20
Николаев Илья Юрьевич,прапорщик,2,35
Макаров Алексей Дмитриевич,капитан,11,41
Николаев Павел Олегович,полковник,8,31
Степанов Степан Иванович,сержант,7,44
Новиков Артём Максимович,майор,5,45
Козлов Евгений Дмитриевич,сержант,7,41
Павлов Кирилл Никитич,капитан,5,33
Морозов Степан Романович,капитан,9,21
Николаев Денис Сергеевич,сержант,4,44
Иванов Павел Иванович,полковник,9,23
Соколов Илья Кириллович,майор,12,34
Козлов Юрий Ильич,сержант,3,57
Петров Егор Александрович,капитан,1,56
Сидоров Константин Олегович,прапорщик,10,41
Макаров Кирилл Олегович,майор,12,33
Захаров Евгений Алексеевич,сержант,2,59
Захаров Юрий Кириллович,лейтенант,2,22
Козлов Константин Дмитриевич,рядовой,11,36
Яковлев Сергей Никитич,полковник,10,54
Степанов Дмитрий Юрьевич,полковник,8,52
Кочергин Дмитрий Ильич,капитан,10,53
Васильев Артём Юрьевич,лейтенант,2,33
Алексеев Денис Сергеевич,прапорщик,1,51
Соколов Алексей Сергеевич,прапорщик,4,23
Андреев Александр Викторович,прапорщик,4,54
Андреев Никита Юрьевич,майор,11,46
Михайлов Степан Викторович,прапорщик,6,60
Егоров Никита Алексеевич,прапорщик,12,56
Зайцев Евгений Алексеевич,сержант,11,46
Лебедев Андрей Сергеевич,прапорщик,10,19
Кузнецов Дмитрий Ильич,капитан,3,52
Егоров Константин Олегович,майор,2,28
Новиков Андрей Сергеевич,лейтенант,12,39
Соловьёв Матвей Максимович,рядовой,7,28
Никитин Степан Дмитриевич,майор,1,54
Николаев Никита Павлович,лейтенант,5,21
Орлов Михаил Андреевич,прапорщик,5,59
Васильев Сергей Кириллович,прапорщик,8,55
Захаров Матвей Романович,рядовой,4,59
Сидоров Алексей Сергеевич,рядовой,1,19
Соловьёв Евгений Алексеевич,рядовой,8,35
Николаев Олег Никитич,рядовой,8,48
Макаров Роман Андреевич,рядовой,8,43
Морозов Сергей Юрьевич,прапорщик,8,50
Николаев Константин Никитич,лейтенант,6,23
Андреев Павел Викторович,полковник,8,33
Морозов Алексей Андреевич,прапорщик,3,52
Козлов Сергей Кириллович,прапорщик,2,30
Васильев Олег Дмитриевич,рядовой,6,39
Захаров Максим Павлович,прапорщик,2,26
Лебедев Илья Ильич,полковник,4,35
Кочергин Степан Александрович,сержант,11,42
Степанов Константин Алексеевич,капитан,3,55
Иванов Роман Иванович,прапорщик,8,58
Николаев Олег Максимович,рядовой,8,45
Соловьёв Константин Максимович,прапорщик,5,54
Васильев Максим Юрьевич,прапорщик,11,53
Макаров Константин Павлович,капитан,11,36
Петров Олег Романович,сержант,7,34
Петров Дмитрий Романович,полковник,12,40
Борисов Алексей Иванович,полковник,1,31
Яковлев Максим Дмитриевич,капитан,7,38
Борисов Максим Юрьевич,сержант,6,47
Кузнецов Степан Ильич,майор,7,55
Михайлов Павел Юрьевич,майор,7,39
Зайцев Алексей Никитич,майор,12,18
Соколов Кирилл Юрьевич,сержант,8,38
Павлов Илья Павлович,капитан,4,58
Семёнов Андрей Александрович,полковник,6,26
Морозов Сергей Максимович,капитан,3,51
Орлов Юрий Дмитриевич,майор,10,23
Иванов Никита Викторович,сержант,11,37
Яковлев Максим Викторович,лейтенант,11,57
Новиков Егор Михайлович,полковник,12,24
Смирнов Константин Юрьевич,лейтенант,2,32
Новиков Михаил Ильич,прапорщик,2,52
Андреев Илья Михайлович,полковник,8,26
Иванов Константин Александрович,рядовой,11,28
Павлов Алексей Алексеевич,прапорщик,1,41
Смирнов Егор Михайлович,полковник,10,47
Орлов Роман Никитич,сержант,11,21
Соколов Денис Алексеевич,сержант,6,37
Иванов Денис Романович,прапорщик,11,49
Андреев Сергей Викторович,прапорщик,7,52
Лебедев Евгений Викторович,полковник,8,54
Степанов Максим Кириллович,капитан,5,24
Смирнов Никита Андреевич,прапорщик,3,24
Попов Андрей Юрьевич,прапорщик,1,39
Степанов Павел Сергеевич,сержант,2,41
Соколов Константин Викторович,капитан,11,28
Степанов Юрий Никитич,прапорщик,9,30
Васильев Илья Викторович,майор,8,34
Семёнов Андрей Иванович,лейтенант,2,34
Борисов Степан Максимович,полковник,7,32
Яковлев Денис Сергеевич,рядовой,4,35
Никитин Матвей Михайлович,прапорщик,9,19
Семёнов Артём Дмитриевич,рядовой,1,36
Егоров Иван Павлович,полковник,6,48
Петров Никита Кириллович,полковник,6,43
Соколов Юрий Андреевич,прапорщик,3,41
Борисов Сергей Максимович,капитан,8,23
Кочергин Матвей Александрович,рядовой,9,32
Макаров Иван Романович,прапорщик,1,18
Семёнов Кирилл Кириллович,сержант,2,31
Петров Артём Олегович,полковник,10,25
Егоров Константин Сергеевич,прапорщик,10,39
Никитин Степан Сергеевич,сержант,10,49
Егоров Константин Романович,капитан,8,54
Никитин Матвей Юрьевич,рядовой,5,39
Попов Роман Дмитриевич,полковник,8,39
Иванов Никита Дмитриевич,рядовой,12,41
Кузнецов Евгений Ильич,сержант,2,24
Макаров Олег Олегович,полковник,1,57
Петров Павел Максимович,лейтенант,3,60
Никитин Евгений Романович,майор,1,59
Петров Виктор Александрович,рядовой,8,36
Орлов Егор Романович,прапорщик,7,50
Соколов Андрей Юрьевич,полковник,6,18
Макаров Александр Олегович,полковник,6,48
Морозов Александр Павлович,капитан,2,44
Егоров Матвей Павлович,прапорщик,3,35
Васильев Роман Викторович,майор,6,42
Захаров Константин Романович,майор,1,56
Кочергин Александр Максимович,лейтенант,3,22
Лебедев Артём Олегович,сержант,12,31
Лебедев Артём Иванович,капитан,2,54
Иванов Юрий Андреевич,лейтенант,7,20
Павлов Артём Павлович,полковник,11,44
Яковлев Андрей Михайлович,майор,7,46
Петров Виктор Дмитриевич,майор,3,54
Козлов Юрий Олегович,лейтенант,11,44
Кузнецов Андрей Павлович,сержант,6,49
Лебедев Алексей Олегович,прапорщик,11,25
Смирнов Виктор Олегович,прапорщик,12,57
Лебедев Никита Дмитриевич,рядовой,4,37
Новиков Матвей Сергеевич,капитан,2,40
Зайцев Илья Максимович,полковник,9,47
Фёдоров Павел Павлович,рядовой,3,55
Морозов Константин Никитич,лейтенант,6,43
Кочергин Александр Алексеевич,полковник,4,32
Орлов Олег Романович,рядовой,8,38
Фёдоров Иван Олегович,рядовой,6,18
Алексеев Андрей Иванович,прапорщик,7,39
Егоров Евгений Алексеевич,капитан,10,19
Иванов Кирилл Романович,капитан,9,50
Никитин Юрий Алексеевич,капитан,10,22
Семёнов Роман Андреевич,лейтенант,3,34
Иванов Максим Иванович,лейтенант,8,18
Андреев Алексей Михайлович,прапорщик,1,35
Семёнов Юрий Андреевич,капитан,10,44
Лебедев Андрей Кириллович,лейтенант,11,34
Смирнов Дмитрий Павлович,сержант,8,44
Степанов Александр Михайлович,полковник,7,18
Петров Константин Ильич,прапорщик,5,45
Андреев Иван Юрьевич,прапорщик,2,31
Зайцев Павел Сергеевич,рядовой,6,21
Соколов Дмитрий Романович,рядовой,1,54
Кочергин Константин Сергеевич,лейтенант,9,20
Попов Александр Сергеевич,лейтенант,9,52
Яковлев Михаил Юрьевич,прапорщик,1,49
Орлов Константин Кириллович,сержант,11,25
Кочергин Олег Юрьевич,лейтенант,5,24
Морозов Иван Дмитриевич,майор,10,31
Иванов Егор Олегович,майор,7,51
Михайлов Никита Юрьевич,лейтенант,1,54
Попов Павел Сергеевич,лейтенант,3,58
Степанов Никита Павлович,майор,12,54
Зайцев Алексей Викторович,сержант,5,34
Лебедев Алексей Ильич,сержант,7,45
Борисов Дмитрий Никитич,прапорщик,6,40
Макаров Кирилл Ильич,майор,3,19
Макаров Никита Никитич,полковник,11,42
Семёнов Дмитрий Ильич,капитан,8,18
Яковлев Егор Алексеевич,капитан,9,40
Николаев Денис Павлович,полковник,5,36
Иванов Артём Сергеевич,майор,6,44
Васильев Виктор Павлович,полковник,7,21
Захаров Константин Ильич,майор,7,31
Смирнов Юрий Юрьевич,полковник,11,37
Попов Никита Дмитриевич,полковник,8,24
Кузнецов Константин Ильич,майор,7,60
Зайцев Егор Юрьевич,сержант,3,49
Сидоров Михаил Иванович,майор,10,20
Никитин Сергей Максимович,полковник,5,56
Соловьёв Алексей Михайлович,лейтенант,7,54
Соколов Александр Викторович,капитан,1,20
Семёнов Илья Алексеевич,майор,9,56
Зайцев Денис Алексеевич,сержант,8,18
Иванов Степан Юрьевич,прапорщик,2,46
Попов Роман Максимович,капитан,5,18
Алексеев Павел Дмитриевич,майор,12,40
Андреев Андрей Иванович,полковник,10,47
Козлов Кирилл Романович,полковник,12,36
Соколов Денис Никитич,лейтенант,7,47
Андреев Степан Олегович,сержант,12,24
Попов Александр Михайлович,капитан,10,48
Захаров Егор Юрьевич,прапорщик,5,47
Соколов Илья Александрович,сержант,8,53
Михайлов Кирилл Максимович,полковник,2,44
Смирнов Сергей Кириллович,рядовой,7,48
Фёдоров Сергей Андреевич,рядовой,9,57
Никитин Кирилл Ильич,капитан,11,34
Козлов Иван Александрович,сержант,5,42
Соловьёв Дмитрий Сергеевич,сержант,6,32
Новиков Юрий Иванович,майор,3,56
Михайлов Константин Юрьевич,прапорщик,10,32
Петров Александр Кириллович,майор,7,33
Егоров Дмитрий Алексеевич,капитан,3,60
Семёнов Денис Олегович,рядовой,1,21
Кузнецов Егор Александрович,майор,5,56
Семёнов Роман Михайлович,майор,5,42
Яковлев Матвей Павлович,майор,6,33
Соловьёв Иван Сергеевич,рядовой,9,47
Михайлов Виктор Алексеевич,прапорщик,5,33
Фёдоров Юрий Романович,майор,9,41
Лебедев Максим Павлович,капитан,5,38
Кузнецов Евгений Андреевич,полковник,12,22
Петров Степан Романович,сержант,10,33
Макаров Сергей Олегович,лейтенант,2,22
Сидоров Сергей Александрович,сержант,9,26
Попов Матвей Олегович,прапорщик,1,43
Зайцев Евгений Дмитриевич,рядовой,4,55
Сидоров Никита Сергеевич,рядовой,2,21
Андреев Олег Сергеевич,полковник,8,39
Егоров Кирилл Павлович,сержант,7,31
Козлов Иван Александрович,сержант,5,41
Павлов Иван Романович,капитан,9,41
Семёнов Роман Андреевич,лейтенант,2,53
Яковлев Никита Михайлович,прапорщик,1,21
Смирнов Павел Алексеевич,лейтенант,2,23
Алексеев Михаил Михайлович,рядовой,5,23
Лебедев Денис Сергеевич,майор,11,49
Васильев Степан Иванович,сержант,10,29
Кочергин Виктор Александрович,майор,6,44
Яковлев Сергей Александрович,капитан,8,37
Зайцев Виктор Андреевич,капитан,2,55
Соловьёв Алексей Кириллович,лейтенант,5,38
Яковлев Александр Павлович,рядовой,3,39
Борисов Олег Сергеевич,полковник,1,42
Алексеев Виктор Максимович,лейтенант,12,21
Иванов Егор Алексеевич,полковник,9,28
Никитин Сергей Викторович,лейтенант,3,54
Новиков Никита Александрович,капитан,11,57
Васильев Егор Ильич,прапорщик,3,54
Кузнецов Денис Кириллович,рядовой,4,32
Фёдоров Константин Юрьевич,сержант,5,26
Борисов Юрий Иванович,капитан,2,18
Смирнов Павел Сергеевич,прапорщик,12,48
Лебедев Павел Олегович,сержант,12,52
Степанов Артём Дмитриевич,майор,5,31
Петров Евгений Кириллович,сержант,9,42
Новиков Андрей Максимович,прапорщик,12,52
Васильев Егор Кириллович,капитан,6,25
Борисов Иван Романович,майор,7,30
Никитин Олег Александрович,сержант,3,26
Новиков Илья Михайлович,лейтенант,2,59
Семёнов Алексей Олегович,сержант,10,58
Морозов Сергей Никитич,рядовой,11,35
Сидоров Дмитрий Кириллович,лейтенант,3,51
Борисов Константин Максимович,рядовой,7,49
Петров Дмитрий Юрьевич,капитан,7,52
Борисов Михаил Максимович,прапорщик,4,45
Козлов Михаил Никитич,прапорщик,1,47
Петров Максим Михайлович,прапорщик,7,24
Соловьёв Александр Андреевич,полковник,11,38
Морозов Юрий Максимович,прапорщик,7,25
Степанов Степан Кириллович,капитан,10,18
Петров Роман Александрович,капитан,6,40
Соколов Кирилл Александрович,капитан,4,40
Борисов Константин Викторович,лейтенант,6,19
Никитин Иван Кириллович,прапорщик,7,53
Новиков Евгений Максимович,сержант,12,36
Макаров Никита Юрьевич,сержант,7,39
Макаров Андрей Кириллович,полковник,5,31
Степанов Константин Алексеевич,майор,6,37
Михайлов Константин Ильич,рядовой,8,38
Петров Евгений Ильич,рядовой,3,45
Попов Артём Александрович,капитан,8,42
Петров Роман Андреевич,полковник,5,29
Зайцев Иван Максимович,капитан,3,60
Зайцев Никита Сергеевич,прапорщик,12,39
Николаев Степан Алексеевич,капитан,2,38
Морозов Матвей Юрьевич,полковник,3,18
Соловьёв Роман Алексеевич,капитан,12,21
Семёнов Илья Павлович,сержант,2,38
Попов Кирилл Юрьевич,майор,3,51
Морозов Максим Андреевич,капитан,11,56
Орлов Виктор Михайлович,рядовой,2,23
Яковлев Виктор Никитич,лейтенант,8,23
Новиков Михаил Кириллович,прапорщик,3,38
Захаров Егор Дмитриевич,рядовой,11,40
Никитин Андрей Павлович,капитан,10,47
Павлов Максим Кириллович,полковник,4,29
Николаев Олег Юрьевич,сержант,11,23
Орлов Дмитрий Александрович,рядовой,9,49
Степанов Кирилл Дмитриевич,рядовой,9,34
Кочергин Евгений Ильич,полковник,6,32
Алексеев Кирилл Юрьевич,лейтенант,4,28
Иванов Никита Андреевич,лейтенант,9,39
Андреев Павел Алексеевич,лейтенант,8,54
Смирнов Илья Дмитриевич,полковник,10,57
Соловьёв Матвей Олегович,прапорщик,10,49
Фёдоров Егор Викторович,рядовой,2,46
Морозов Сергей Иванович,сержант,9,26
Соловьёв Алексей Александрович,прапорщик,2,38
Егоров Виктор Максимович,лейтенант,11,60
Фёдоров Егор Дмитриевич,капитан,2,51
Степанов Михаил Викторович,лейтенант,7,33
Смирнов Алексей Иванович,рядовой,7,27
Михайлов Артём Андреевич,сержант,10,43
Яковлев Олег Алексеевич,прапорщик,4,28
Николаев Юрий Олегович,лейтенант,6,35
Козлов Дмитрий Михайлович,майор,9,35
Никитин Кирилл Никитич,майор,9,30
Андреев Никита Ильич,прапорщик,12,39
Новиков Александр Викторович,рядовой,12,31
Кузнецов Дмитрий Михайлович,рядовой,2,49
Кочергин Алексей Ильич,сержант,1,56
Захаров Дмитрий Юрьевич,капитан,1,49
Никитин Никита Максимович,прапорщик,8,60
Борисов Константин Юрьевич,лейтенант,12,21
Макаров Никита Андреевич,рядовой,1,36
Кочергин Максим Викторович,майор,8,45
Кочергин Евгений Романович,капитан,5,28
Орлов Матвей Иванович,майор,2,52
Козлов Артём Сергеевич,сержант,2,50
Соловьёв Виктор Михайлович,рядовой,12,47
Павлов Юрий Ильич,сержант,12,46
Иванов Роман Олегович,майор,2,23
Фёдоров Михаил Александрович,сержант,4,25
Павлов Артём Максимович,прапорщик,9,41
Новиков Денис Александрович,капитан,12,23
Попов Степан Михайлович,полковник,9,46
Егоров Денис Викторович,прапорщик,9,23
Попов Степан Сергеевич,рядовой,4,49
Новиков Артём Викторович,лейтенант,2,38
Михайлов Сергей Максимович,майор,1,40
Степанов Андрей Павлович,лейтенант,11,48
Макаров Алексей Максимович,майор,3,45
Захаров Артём Олегович,майор,3,31
Фёдоров Алексей Викторович,лейтенант,8,35
Зайцев Сергей Андреевич,майор,4,54
Андреев Иван Кириллович,сержант,12,56
Егоров Иван Олегович,рядовой,11,21
Захаров Константин Алексеевич,полковник,8,38
Морозов Павел Михайлович,лейтенант,8,29
Соловьёв Егор Викторович,полковник,8,20
Макаров Степан Романович,лейтенант,1,49
Михайлов Иван Александрович,лейтенант,8,28
Козлов Матвей Михайлович,прапорщик,3,35
Сидоров Евгений Александрович,лейтенант,6,50
Андреев Михаил Сергеевич,капитан,2,46
Новиков Артём Михайлович,полковник,3,33
Николаев Павел Никитич,полковник,5,41
Васильев Андрей Михайлович,сержант,9,48
Сидоров Константин Павлович,рядовой,6,28
Павлов Евгений Андреевич,прапорщик,2,55
Борисов Виктор Сергеевич,рядовой,12,20
Борисов Егор Максимович,майор,11,59
Орлов Иван Дмитриевич,майор,4,43
Морозов Артём Никитич,рядовой,12,27
Лебедев Виктор Никитич,полковник,3,22
Семёнов Константин Иванович,майор,6,27
Фёдоров Алексей Алексеевич,рядовой,9,26
Егоров Алексей Александрович,рядовой,4,42
Павлов Юрий Андреевич,капитан,9,49
Никитин Константин Иванович,рядовой,12,33
Николаев Михаил Кириллович,лейтенант,6,21
Васильев Денис Олегович,капитан,2,46
Андреев Виктор Олегович,капитан,11,48
Попов Артём Иванович,лейтенант,2,33
Попов Олег Иванович,рядовой,2,35
Сидоров Дмитрий Сергеевич,лейтенант,12,58
Попов Виктор Максимович,капитан,8,22
Егоров Константин Кириллович,майор,9,33
Егоров Юрий Андреевич,капитан,9,27
Лебедев Кирилл Кириллович,сержант,11,30
Макаров Артём Александрович,лейтенант,1,18
Зайцев Никита Алексеевич,полковник,1,34
Андреев Денис Викторович,лейтенант,3,25
Алексеев Константин Кириллович,майор,2,18
Кузнецов Евгений Иванович,лейтенант,4,51
Кочергин Михаил Кириллович,рядовой,12,34
Козлов Александр Ильич,лейтенант,4,24
Семёнов Евгений Андреевич,сержант,2,31
Попов Юрий Павлович,майор,11,32
Степанов Андрей Викторович,капитан,2,38
Попов Никита Олегович,лейтенант,10,28
Макаров Матвей Юрьевич,капитан,12,48
Никитин Михаил Максимович,прапорщик,10,59
Степанов Илья Александрович,прапорщик,12,27
Иванов Роман Дмитриевич,рядовой,1,44
Николаев Кирилл Ильич,прапорщик,5,42
Козлов Олег Ильич,лейтенант,4,58
Кочергин Олег Максимович,капитан,8,56
Николаев Виктор Дмитриевич,капитан,4,60
Лебедев Илья Максимович,майор,7,18
Егоров Михаил Дмитриевич,сержант,5,40
Степанов Константин Олегович,прапорщик,12,44
Никитин Кирилл Никитич,прапорщик,10,54
Фёдоров Евгений Ильич,прапорщик,1,41
Степанов Иван Викторович,капитан,1,27
Яковлев Дмитрий Андреевич,сержант,4,37
Макаров Егор Михайлович,сержант,8,28
Зайцев Александр Павлович,майор,10,38
Соловьёв Иван Александрович,полковник,2,23
Сидоров Олег Сергеевич,полковник,7,38
Андреев Юрий Михайлович,полковник,12,20
Николаев Иван Михайлович,прапорщик,7,33
Зайцев Юрий Максимович,лейтенант,4,48
Орлов Егор Ильич,сержант,6,42
Кочергин Максим Михайлович,лейтенант,10,52
Сидоров Андрей Александрович,лейтенант,7,43
Фёдоров Степан Никитич,прапорщик,7,28
Зайцев Сергей Викторович,прапорщик,11,51
Смирнов Константин Павлович,капитан,3,49
Иванов Юрий Иванович,майор,7,43
Алексеев Олег Юрьевич,полковник,12,22
Попов Денис Олегович,прапорщик,7,52
Морозов Виктор Сергеевич,капитан,2,46
Макаров Денис Юрьевич,лейтенант,10,44
Соловьёв Александр Викторович,капитан,2,37
Сидоров Артём Иванович,лейтенант,3,59
Васильев Юрий Юрьевич,сержант,6,51
Лебедев Константин Юрьевич,рядовой,11,49
Кузнецов Кирилл Юрьевич,лейтенант,9,46
Козлов Артём Ильич,капитан,2,20
Макаров Иван Викторович,полковник,4,25
Николаев Максим Михайлович,капитан,7,18
Кочергин Егор Дмитриевич,капитан,4,35
Козлов Кирилл Дмитриевич,полковник,1,25
Новиков Иван Андреевич,лейтенант,4,31
Морозов Денис Юрьевич,лейтенант,4,30
Соколов Олег Максимович,лейтенант,2,35
Смирнов Константин Александрович,сержант,7,48
Смирнов Роман Дмитриевич,полковник,3,55
Васильев Константин Иванович,прапорщик,4,31
Никитин Алексей Романович,рядовой,8,30
Сидоров Виктор Кириллович,лейтенант,6,20
Михайлов Никита Дмитриевич,капитан,1,39
Яковлев Дмитрий Олегович,капитан,10,29
Козлов Роман Никитич,лейтенант,12,24
Степанов Сергей Романович,рядовой,12,26
Борисов Сергей Александрович,полковник,1,60
Иванов Евгений Юрьевич,сержант,12,21
Петров Андрей Юрьевич,майор,4,32
Смирнов Роман Павлович,капитан,10,53
Соловьёв Кирилл Павлович,рядовой,11,40
Михайлов Сергей Михайлович,капитан,6,53
Степанов Михаил Кириллович,майор,12,40
Попов Егор Александрович,сержант,4,39
Орлов Никита Иванович,прапорщик,12,39
Смирнов Андрей Павлович,рядовой,4,21
Лебедев Александр Олегович,майор,6,60
Козлов Илья Александрович,капитан,2,50
Новиков Артём Никитич,прапорщик,3,56
Михайлов Олег Андреевич,рядовой,6,32
Яковлев Виктор Кириллович,сержант,9,38
Соловьёв Илья Андреевич,полковник,8,41
Борисов Евгений Олегович,прапорщик,6,54
Сидоров Степан Иванович,капитан,8,46
Михайлов Илья Олегович,рядовой,1,58
Андреев Максим Сергеевич,сержант,9,56
Морозов Михаил Викторович,капитан,12,52
Соколов Роман Иванович,прапорщик,6,59
Алексеев Кирилл Юрьевич,прапорщик,8,48
Алексеев Никита Викторович,сержант,12,34
Макаров Павел Кириллович,капитан,6,44
Семёнов Константин Викторович,рядовой,5,22
Петров Илья Павлович,лейтенант,11,25
