fullName,rank,companyNumber,age
Никитин Юрий Алексеевич,майор,6,46
Захаров Алексей Ильич,прапорщик,9,42
Алексеев Максим Никитич,прапорщик,8,32
Соловьёв Евгений Максимович,прапорщик,8,24
Лебедев Алексей Романович,капитан,5,57
Новиков Илья Андреевич,полковник,4,55
Павлов Павел Дмитриевич,капитан,6,46
Яковлев Андрей Романович,полковник,8,35
Егоров Андрей Андреевич,капитан,3,22
Егоров Олег Павлович,майор,11,51
Андреев Андрей Андреевич,капитан,4,25
Кузнецов Юрий Михайлович,сержант,12,56
Петров Сергей Романович,майор,9,30
Зайцев Степан Сергеевич,прапорщик,4,55
Васильев Михаил Олегович,лейтенант,2,60
Павлов Илья Максимович,капитан,5,48
Фёдоров Денис Юрьевич,полковник,9,60
Борисов Никита Максимович,сержант,2,22
Соколов Павел Никитич,рядовой,5,25
Сидоров Павел Юрьевич,майор,8,24
Кочергин Степан Дмитриевич,рядовой,7,37
Кузнецов Сергей Андреевич,рядовой,2,26
Михайлов Юрий Дмитриевич,прапорщик,6,19
Кочергин Дмитрий Максимович,майор,7,38
Алексеев Олег Максимович,сержант,8,21
Яковлев Матвей Никитич,рядовой,6,39
Новиков Олег Кириллович,полковник,10,55
Орлов Артём Алексеевич,прапорщик,6,43
Козлов Степан Михайлович,рядовой,6,19
Михайлов Егор Никитич,прапорщик,12,32
Фёдоров Виктор Викторович,сержант,11,58
Фёдоров Роман Олегович,майор,12,24
Кочергин Степан Романович,лейтенант,7,49
Иванов Евгений Андреевич,капитан,9,26
Васильев Александр Романович,рядовой,5,45
Васильев Роман Дмитриевич,полковник,6,53
Егоров Егор Романович,лейтенант,3,49
Кочергин Денис Александрович,капитан,2,38
Попов Юрий Максимович,рядовой,6,18
Семёнов Илья Андреевич,прапорщик,12,59
Козлов Иван Никитич,прапорщик,1,36
Морозов Андрей Павлович,прапорщик,9,21
Попов Павел Александрович,сержант,4,26
Никитин Роман Иванович,лейтенант,6,53
Михайлов Константин Викторович,рядовой,5,37
Михайлов Александр Кириллович,полковник,6,29
Степанов Никита Викторович,полковник,8,35
Макаров Никита Юрьевич,рядовой,9,41
Васильев Артём Дмитриевич,рядовой,9,28
Павлов Матвей Романович,капитан,7,50
Козлов Константин Иванович,капитан,9,34
Семёнов Алексей Ильич,рядовой,1,54
Никитин Виктор Павлович,майор,12,48
Макаров Егор Олегович,капитан,2,21
Кузнецов Денис Михайлович,прапорщик,1,42
Морозов Александр Ильич,сержант,4,49
Морозов Максим Никитич,прапорщик,4,59
Зайцев Максим Кириллович,лейтенант,2,37
Новиков Алексей Павлович,капитан,5,18
Кузнецов Иван Олегович,капитан,2,27
Никитин Роман Михайлович,капитан,1,43
Алексеев Александр Кириллович,рядовой,12,49
Фёдоров Андрей Кириллович,майор,12,36
Попов Денис Юрьевич,полковник,8,33
Васильев Денис Андреевич,сержант,4,26
Фёдоров Максим Алексеевич,капитан,6,34
Соловьёв Матвей Иванович,сержант,2,51
Никитин Павел Андреевич,полковник,12,47
Попов Сергей Дмитриевич,лейтенант,3,31
Смирнов Константин Романович,полковник,10,36
Яковлев Павел Олегович,капитан,11,18
Степанов Олег Кириллович,рядовой,1,60
Попов Алексей Дмитриевич,майор,11,55
Никитин Юрий Юрьевич,полковник,10,34
Козлов Константин Дмитриевич,рядовой,1,49
Михайлов Константин Ильич,майор,1,54
Макаров Илья Никитич,прапорщик,4,33
Алексеев Артём Алексеевич,сержант,5,60
Фёдоров Евгений Сергеевич,рядовой,8,20
Павлов Максим Ильич,полковник,12,27
Егоров Сергей Романович,лейтенант,2,52
Кочергин Сергей Дмитриевич,майор,10,43
Макаров Артём Никитич,сержант,11,51
Морозов Максим Олегович,майор,2,29
Захаров Роман Юрьевич,сержант,3,47
Лебедев Егор Павлович,майор,4,30
Зайцев Иван Романович,майор,4,36
Петров Роман Павлович,полковник,9,25
Кочергин Кирилл Никитич,капитан,2,49
Соколов Максим Иванович,капитан,6,26
Фёдоров Алексей Дмитриевич,капитан,8,41
Андреев Константин Ильич,майор,10,24
Петров Андрей Максимович,сержант,2,30
Николаев Денис Иванович,рядовой,11,36
Семёнов Денис Алексеевич,полковник,10,22
Борисов Александр Иванович,капитан,7,40
Соловьёв Егор Юрьевич,рядовой,3,30
Орлов Константин Иванович,полковник,8,40
Новиков Роман Андреевич,рядовой,12,43
Попов Михаил Михайлович,капитан,4,38
Козлов Александр Никитич,майор,1,35
Новиков Михаил Дмитриевич,сержант,4,32
Степанов Роман Михайлович,рядовой,4,21
Иванов Никита Викторович,капитан,8,48
Лебедев Роман Максимович,полковник,12,37
Козлов Виктор Викторович,рядовой,7,38
Сидоров Егор Ильич,рядовой,12,22
Фёдоров Виктор Романович,прапорщик,4,21
Козлов Михаил Павлович,полковник,9,21
Петров Михаил Дмитриевич,майор,1,35
Кузнецов Кирилл Сергеевич,полковник,11,27
Петров Александр Юрьевич,майор,9,43
Морозов Никита Дмитриевич,сержант,5,37
Фёдоров Артём Павлович,полковник,6,40
Макаров Максим Олегович,лейтенант,6,39
Кочергин Андрей Романович,рядовой,6,40
Орлов Иван Викторович,лейтенант,7,28
Кочергин Евгений Иванович,майор,5,19
Фёдоров Евгений Михайлович,полковник,9,55
Яковлев Юрий Максимович,прапорщик,3,58
Петров Михаил Олегович,майор,6,25
Смирнов Степан Дмитриевич,майор,8,47
Зайцев Андрей Иванович,рядовой,11,37
Соловьёв Никита Юрьевич,майор,12,33
Морозов Константин Максимович,рядовой,5,59
Орлов Роман Александрович,рядовой,1,30
Кочергин Алексей Юрьевич,рядовой,4,19
Егоров Юрий Кириллович,майор,12,48
Михайлов Юрий Максимович,полковник,5,21
Орлов Роман Алексеевич,рядовой,2,28
Алексеев Матвей Дмитриевич,капитан,1,39
Лебедев Михаил Павлович,рядовой,8,19
Степанов Максим Юрьевич,сержант,8,49
Смирнов Виктор Юрьевич,сержант,5,29
Никитин Степан Максимович,капитан,3,39
Лебедев Константин Михайлович,майор,1,42
Иванов Степан Сергеевич,сержант,2,52
Соколов Иван Ильич,прапорщик,2,30
Андреев Алексей Викторович,капитан,6,26
Смирнов Олег Викторович,майор,1,21
Яковлев Константин Олегович,майор,12,58
Соколов Евгений Викторович,прапорщик,6,49
Сидоров Дмитрий Викторович,прапорщик,8,37
Борисов Андрей Кириллович,лейтенант,8,54
Кочергин Иван Олегович,лейтенант,8,27
Семёнов Илья Алексеевич,лейтенант,7,31
Кузнецов Александр Алексеевич,полковник,8,49
Соколов Михаил Викторович,прапорщик,9,35
Борисов Сергей Алексеевич,лейтенант,3,27
Семёнов Егор Максимович,лейтенант,11,23
Петров Роман Романович,майор,7,48
Борисов Михаил Михайлович,прапорщик,1,20
Лебедев Максим Кириллович,прапорщик,8,45
Павлов Дмитрий Викторович,прапорщик,12,51
Яковлев Павел Максимович,рядовой,1,26
Соколов Роман Александрович,майор,12,52
Кочергин Степан Олегович,сержант,10,55
Семёнов Роман Максимович,полковник,6,46
Новиков Виктор Кириллович,полковник,6,44
Кузнецов Михаил Максимович,майор,10,60
Петров Александр Иванович,сержант,2,20
Орлов Михаил Романович,рядовой,7,48
Яковлев Юрий Михайлович,прапорщик,9,26
Лебедев Кирилл Алексеевич,капитан,5,41
Семёнов Алексей Алексеевич,лейтенант,6,51
Макаров Виктор Алексеевич,майор,1,27
Новиков Сергей Александрович,рядовой,11,43
Соколов Никита Алексеевич,прапорщик,5,50
Кузнецов Олег Юрьевич,полковник,4,47
Смирнов Александр Иванович,полковник,12,27
Павлов Илья Викторович,прапорщик,8,41
Смирнов Денис Олегович,майор,10,37
Смирнов Иван Александрович,сержант,2,59
Орлов Роман Романович,прапорщик,12,34
Лебедев Артём Михайлович,прапорщик,6,28
Павлов Никита Ильич,полковник,4,43
Козлов Артём Михайлович,майор,2,50
Новиков Денис Александрович,лейтенант,7,31
Новиков Павел Михайлович,капитан,6,23
Соловьёв Егор Ильич,капитан,1,35
Иванов Иван Дмитриевич,лейтенант,12,58
Козлов Илья Олегович,капитан,6,28
Захаров Кирилл Андреевич,прапорщик,2,24
Соколов Сергей Павлович,майор,2,58
Морозов Алексей Кириллович,лейтенант,3,39
Макаров Александр Олегович,лейтенант,7,38
Морозов Дмитрий Ильич,полковник,4,36
Алексеев Виктор Михайлович,капитан,2,53
Васильев Юрий Романович,сержант,7,58
Семёнов Евгений Дмитриевич,майор,1,27
Иванов Егор Александрович,сержант,10,19
Захаров Максим Романович,капитан,11,51
Кузнецов Павел Александрович,сержант,8,37
Степанов Кирилл Дмитриевич,майор,1,53
Захаров Алексей Максимович,полковник,6,24
Попов Денис Андреевич,прапорщик,3,40
Соколов Михаил Олегович,лейтенант,4,33
Павлов Михаил Романович,прапорщик,10,19
Фёдоров Евгений Алексеевич,капитан,3,37
Сидоров Денис Олегович,майор,5,35
Кузнецов Юрий Никитич,полковник,5,39
Захаров Матвей Сергеевич,рядовой,4,38
Павлов Евгений Олегович,сержант,2,41
Петров Роман Андреевич,лейтенант,7,42
Николаев Артём Андреевич,майор,7,25
Смирнов Иван Андреевич,майор,12,26
Сидоров Денис Павлович,майор,4,25
Смирнов Илья Дмитриевич,рядовой,2,26
Алексеев Дмитрий Ильич,сержант,3,20
Кочергин Артём Викторович,майор,12,60
Макаров Олег Ильич,лейтенант,3,21
Морозов Егор Никитич,майор,8,40
Козлов Алексей Ильич,майор,2,57
Алексеев Максим Александрович,майор,8,44
Зайцев Степан Александрович,полковник,12,23
Кузнецов Артём Романович,прапорщик,10,29
Алексеев Дмитрий Романович,рядовой,2,32
Семёнов Илья Максимович,полковник,8,46
Петров Максим Романович,лейтенант,8,26
Николаев Степан Алексеевич,лейтенант,3,24
Иванов Михаил Алексеевич,рядовой,9,57
Егоров Егор Максимович,прапорщик,10,38
Зайцев Максим Викторович,рядовой,11,49
Андреев Иван Сергеевич,майор,9,23
Николаев Егор Никитич,полковник,4,39
Павлов Степан Сергеевич,полковник,2,49
Фёдоров Олег Дмитриевич,сержант,8,37
Соловьёв Кирилл Олегович,капитан,9,27
Петров Юрий Романович,капитан,1,49
Павлов Артём Алексеевич,майор,10,54
Козлов Михаил Кириллович,полковник,5,57
Макаров Егор Романович,рядовой,6,51
Попов Артём Викторович,сержант,8,24
Васильев Алексей Викторович,полковник,2,34
Лебедев Иван Викторович,лейтенант,2,21
Зайцев Илья Викторович,прапорщик,11,22
Борисов Олег Олегович,полковник,10,57
Алексеев Виктор Сергеевич,капитан,4,53
Зайцев Дмитрий Викторович,капитан,4,45
Михайлов Константин Олегович,майор,2,29
Павлов Максим Юрьевич,капитан,6,54
Лебедев Матвей Михайлович,майор,4,34
Егоров Юрий Александрович,капитан,3,55
Сидоров Юрий Олегович,прапорщик,6,44
Морозов Михаил Андреевич,прапорщик,3,59
Алексеев Евгений Алексеевич,полковник,1,27
Смирнов Степан Олегович,сержант,12,19
Козлов Павел Александрович,лейтенант,6,48
Кочергин Юрий Андреевич,майор,3,34
Васильев Максим Никитич,лейтенант,7,45
Семёнов Александр Павлович,прапорщик,11,55
Семёнов Матвей Кириллович,прапорщик,9,45
Семёнов Денис Алексеевич,полковник,10,49
Борисов Илья Александрович,капитан,7,36
Михайлов Константин Сергеевич,лейтенант,2,34
Степанов Роман Максимович,капитан,6,35
Орлов Дмитрий Романович,полковник,5,45
Козлов Сергей Максимович,майор,12,51
Павлов Илья Алексеевич,майор,4,47
Фёдоров Кирилл Никитич,капитан,5,21
Макаров Никита Олегович,прапорщик,6,59
Семёнов Матвей Ильич,полковник,3,49
Кузнецов Никита Юрьевич,полковник,10,41
Семёнов Константин Андреевич,рядовой,5,41
Попов Андрей Алексеевич,лейтенант,11,47
Никитин Константин Михайлович,капитан,8,38
Козлов Евгений Михайлович,прапорщик,3,60
Орлов Егор Павлович,майор,5,28
Фёдоров Андрей Сергеевич,полковник,5,40
Никитин Олег Михайлович,рядовой,4,54
Никитин Юрий Михайлович,капитан,10,42
Никитин Евгений Андреевич,капитан,11,36
Соколов Егор Сергеевич,рядовой,7,33
Лебедев Виктор Романович,майор,9,49
Соколов Степан Павлович,сержант,9,27
Морозов Степан Алексеевич,лейтенант,2,57
Алексеев Степан Юрьевич,полковник,11,35
Яковлев Евгений Юрьевич,прапорщик,11,46
Соловьёв Илья Сергеевич,сержант,4,30
Павлов Кирилл Кириллович,лейтенант,8,36
Козлов Михаил Дмитриевич,лейтенант,9,37
Степанов Алексей Максимович,полковник,1,23
Николаев Матвей Юрьевич,лейтенант,4,57
Соколов Артём Юрьевич,сержант,9,41
Соколов Матвей Юрьевич,лейтенант,9,51
Попов Никита Иванович,капитан,8,54
Степанов Дмитрий Иванович,лейтенант,8,56
Соколов Дмитрий Юрьевич,лейтенант,12,20
Орлов Андрей Романович,капитан,3,58
Лебедев Никита Александрович,полковник,3,19
Макаров Сергей Олегович,полковник,2,20
Зайцев Роман Дмитриевич,майор,8,23
Фёдоров Павел Романович,прапорщик,11,22
Попов Степан Иванович,лейтенант,7,46
Алексеев Денис Андреевич,майор,12,20
Попов Алексей Олегович,прапорщик,10,56
Алексеев Иван Дмитриевич,рядовой,7,26
Андреев Кирилл Ильич,лейтенант,12,44
Яковлев Дмитрий Романович,рядовой,3,36
Новиков Егор Ильич,сержант,7,43
Павлов Денис Михайлович,полковник,6,48
Фёдоров Михаил Кириллович,лейтенант,1,37
Петров Егор Ильич,полковник,8,26
Фёдоров Михаил Сергеевич,майор,2,29
Борисов Никита Иванович,сержант,7,23
Кузнецов Илья Сергеевич,капитан,3,42
Андреев Илья Олегович,лейтенант,9,30
Морозов Алексей Кириллович,майор,12,44
Иванов Денис Никитич,сержант,4,36
Соловьёв Михаил Максимович,прапорщик,7,52
Орлов Денис Александрович,прапорщик,9,42
Фёдоров Кирилл Викторович,майор,11,24
Смирнов Виктор Викторович,майор,7,57
Семёнов Илья Юрьевич,рядовой,4,20
Новиков Константин Иванович,рядовой,1,36
Кузнецов Александр Павлович,сержант,10,28
Павлов Иван Александрович,капитан,12,25
Орлов Евгений Иванович,капитан,12,30
Морозов Сергей Кириллович,капитан,8,36
Смирнов Юрий Иванович,рядовой,8,49
Николаев Юрий Андреевич,лейтенант,11,57
Козлов Юрий Юрьевич,сержант,11,31
Егоров Андрей Сергеевич,капитан,9,58
Макаров Илья Юрьевич,лейтенант,10,37
Соловьёв Роман Кириллович,сержант,6,27
Фёдоров Кирилл Михайлович,сержант,1,54
Попов Егор Михайлович,лейтенант,4,21
Семёнов Михаил Ильич,сержант,5,56
Семёнов Константин Кириллович,полковник,3,49
Борисов Юрий Ильич,майор,9,56
Семёнов Дмитрий Андреевич,сержант,6,42
Фёдоров Павел Кириллович,лейтенант,6,54
Морозов Виктор Максимович,капитан,3,34
Никитин Кирилл Иванович,прапорщик,7,24
Соловьёв Илья Андреевич,полковник,9,40
Макаров Михаил Сергеевич,полковник,4,54
Орлов Юрий Никитич,майор,2,44
Петров Юрий Олегович,сержант,1,59
Смирнов Алексей Викторович,прапорщик,1,38
Новиков Иван Александрович,сержант,9,49
Макаров Михаил Ильич,сержант,10,39
Лебедев Александр Павлович,капитан,1,34
Новиков Александр Михайлович,лейтенант,10,22
Васильев Максим Максимович,майор,2,39
Петров Алексей Романович,сержант,2,57
Сидоров Михаил Юрьевич,полковник,5,29
Никитин Юрий Сергеевич,прапорщик,8,31
Сидоров Константин Олегович,капитан,5,38
Лебедев Дмитрий Романович,майор,5,60
Лебедев Артём Олегович,полковник,6,30
Петров Никита Павлович,майор,12,56
Попов Илья Никитич,полковник,3,42
Николаев Роман Олегович,лейтенант,12,23
Козлов Матвей Андреевич,капитан,1,27
Зайцев Михаил Олегович,рядовой,3,39
Захаров Юрий Романович,лейтенант,12,42
Смирнов Виктор Никитич,майор,7,56
Николаев Павел Никитич,прапорщик,5,28
Андреев Артём Иванович,капитан,11,41
Соколов Роман Викторович,майор,10,43
Фёдоров Кирилл Дмитриевич,майор,9,39
Захаров Максим Романович,прапорщик,6,44
Соловьёв Матвей Алексеевич,майор,1,60
Захаров Дмитрий Михайлович,лейтенант,9,51
Захаров Евгений Олегович,лейтенант,2,60
Соколов Степан Дмитриевич,капитан,11,18
Егоров Алексей Кириллович,капитан,11,33
Андреев Виктор Никитич,рядовой,9,59
Яковлев Евгений Юрьевич,лейтенант,11,23
Попов Михаил Никитич,сержант,12,33
Петров Артём Максимович,капитан,9,30
Лебедев Роман Максимович,лейтенант,5,30
Морозов Степан Сергеевич,прапорщик,8,49
Захаров Степан Михайлович,прапорщик,11,38
Васильев Степан Сергеевич,капитан,10,37
Фёдоров Виктор Юрьевич,майор,12,43
Захаров Павел Сергеевич,полковник,12,24
Зайцев Максим Иванович,лейтенант,10,42
Зайцев Андрей Кириллович,прапорщик,1,23
Соколов Степан Дмитриевич,сержант,10,21
Андреев Егор Олегович,сержант,5,60
Морозов Павел Алексеевич,капитан,5,46
Соловьёв Илья Сергеевич,сержант,5,58
Соловьёв Михаил Павлович,рядовой,5,18
Семёнов Степан Олегович,лейтенант,12,28
Кочергин Денис Александрович,полковник,11,59
Семёнов Матвей Романович,рядовой,11,59
Смирнов Александр Иванович,прапорщик,2,59
Захаров Максим Александрович,прапорщик,10,59
Макаров Дмитрий Ильич,капитан,12,34
Кочергин Олег Дмитриевич,прапорщик,8,29
Орлов Олег Михайлович,полковник,1,18
Смирнов Андрей Романович,прапорщик,4,50
Кочергин Матвей Иванович,рядовой,8,40
Борисов Дмитрий Юрьевич,лейтенант,5,30
Никитин Алексей Олегович,прапорщик,11,47
Яковлев Константин Михайлович,полковник,4,47
Фёдоров Артём Александрович,майор,1,41
Фёдоров Роман Викторович,полковник,3,48
Михайлов Роман Андреевич,прапорщик,2,29
Морозов Артём Александрович,прапорщик,10,45
Алексеев Дмитрий Андреевич,рядовой,3,47
Захаров Олег Романович,лейтенант,11,34
Макаров Артём Сергеевич,рядовой,1,18
Соловьёв Алексей Кириллович,прапорщик,12,36
Иванов Константин Алексеевич,капитан,8,39
Васильев Олег Викторович,майор,7,23
Васильев Артём Андреевич,прапорщик,9,48
Зайцев Роман Олегович,капитан,2,48
Петров Александр Юрьевич,прапорщик,11,20
Семёнов Иван Михайлович,лейтенант,4,34
Лебедев Максим Павлович,майор,7,45
Кузнецов Юрий Романович,рядовой,8,50
Борисов Роман Алексеевич,сержант,9,31
Иванов Денис Олегович,майор,4,47
Морозов Максим Алексеевич,рядовой,8,43
Сидоров Роман Иванович,капитан,9,56
Морозов Кирилл Андреевич,рядовой,2,25
Кочергин Егор Дмитриевич,майор,9,21
Михайлов Артём Романович,полковник,6,48
Смирнов Юрий Алексеевич,рядовой,11,25
Иванов Дмитрий Сергеевич,майор,8,34
Егоров Илья Кириллович,рядовой,10,20
Алексеев Виктор Павлович,полковник,2,51
Козлов Никита Никитич,капитан,4,25
Павлов Максим Максимович,полковник,1,44
Никитин Матвей Павлович,майор,9,42
Кузнецов Максим Иванович,полковник,4,41
Фёдоров Андрей Романович,прапорщик,3,56
Иванов Егор Ильич,лейтенант,2,32
Николаев Юрий Кириллович,лейтенант,2,34
Соколов Константин Максимович,сержант,8,27
Зайцев Олег Иванович,прапорщик,2,42
Захаров Александр Никитич,сержант,1,36
Соловьёв Сергей Дмитриевич,полковник,11,47
Соловьёв Павел Никитич,сержант,6,55
Павлов Роман Романович,прапорщик,2,60
Семёнов Евгений Романович,лейтенант,11,22
Михайлов Степан Романович,прапорщик,9,45
Кочергин Павел Андреевич,капитан,12,22
Васильев Евгений Романович,капитан,12,29
Яковлев Александр Михайлович,майор,4,51
Соловьёв Никита Кириллович,рядовой,10,43
Петров Денис Ильич,сержант,9,40
Зайцев Константин Сергеевич,лейтенант,7,40
Васильев Алексей Ильич,капитан,6,33
Иванов Илья Алексеевич,рядовой,11,18
Алексеев Олег Дмитриевич,рядовой,1,55
Иванов Сергей Юрьевич,майор,2,39
Петров Артём Иванович,капитан,12,47
Лебедев Иван Сергеевич,рядовой,7,19
Николаев Михаил Алексеевич,лейтенант,7,47
Кочергин Максим Викторович,рядовой,10,31
Яковлев Михаил Александрович,рядовой,3,59
Соловьёв Олег Алексеевич,сержант,5,26
Фёдоров Виктор Кириллович,сержант,3,34
Андреев Кирилл Кириллович,полковник,9,47
Алексеев Максим Олегович,полковник,12,37
Морозов Денис Александрович,рядовой,6,50
Егоров Константин Алексеевич,полковник,6,57
Васильев Александр Юрьевич,сержант,8,37
Кочергин Сергей Никитич,сержант,3,35
Семёнов Денис Никитич,лейтенант,12,23
Васильев Сергей Дмитриевич,рядовой,10,48
Лебедев Егор Иванович,рядовой,8,48
Фёдоров Виктор Иванович,рядовой,3,52
Николаев Алексей Максимович,полковник,10,24
Петров Матвей Сергеевич,сержант,3,60
Лебедев Константин Никитич,майор,9,36
Фёдоров Сергей Юрьевич,лейтенант,3,35
Иванов Степан Викторович,лейтенант,12,49
Алексеев Егор Максимович,капитан,11,18
Морозов Роман Кириллович,полковник,6,49
Алексеев Павел Андреевич,рядовой,12,43
Кузнецов Олег Никитич,прапорщик,9,20
Орлов Павел Юрьевич,прапорщик,11,32
Николаев Максим Михайлович,полковник,3,43
Морозов Андрей Викторович,лейтенант,6,27
Сидоров Матвей Максимович,майор,1,56
Кочергин Евгений Кириллович,майор,7,48
Павлов Степан Сергеевич,сержант,8,42
Новиков Олег Михайлович,сержант,2,44
Морозов Илья Андреевич,лейтенант,2,31
Козлов Александр Иванович,майор,7,45
Алексеев Матвей Павлович,рядовой,1,50
Кочергин Сергей Александрович,прапорщик,3,56
Попов Дмитрий Алексеевич,лейтенант,5,32
Егоров Денис Сергеевич,лейтенант,11,54
Орлов Артём Викторович,рядовой,11,38
Сидоров Андрей Иванович,полковник,2,21
Морозов Александр Викторович,рядовой,8,35
Яковлев Константин Максимович,капитан,8,19
Захаров Иван Кириллович,сержант,1,34
Николаев Павел Алексеевич,сержант,9,33
Морозов Павел Никитич,капитан,10,49
Соловьёв Андрей Михайлович,капитан,1,36
Иванов Евгений Ильич,прапорщик,7,57
Зайцев Степан Максимович,лейтенант,12,26
Петров Денис Юрьевич,рядовой,9,53
Яковлев Алексей Дмитриевич,сержант,8,41
Васильев Кирилл Юрьевич,сержант,7,45
Петров Кирилл Олегович,капитан,7,18
Смирнов Егор Максимович,рядовой,4,32
Петров Константин Иванович,полковник,11,54
Степанов Артём Юрьевич,капитан,2,42
Козлов Егор Юрьевич,капитан,9,27
Иванов Юрий Алексеевич,рядовой,1,37
Новиков Егор Михайлович,рядовой,3,43
Соколов Матвей Михайлович,прапорщик,4,42
Сидоров Юрий Никитич,полковник,1,45
Николаев Илья Дмитриевич,майор,12,49
Фёдоров Константин Андреевич,рядовой,8,19
Степанов Степан Олегович,прапорщик,9,43
Васильев Андрей Олегович,полковник,5,45
Захаров Егор Олегович,сержант,9,60
Никитин Андрей Александрович,прапорщик,7,21
Морозов Алексей Павлович,майор,4,57
Яковлев Алексей Андреевич,рядовой,3,40
Васильев Илья Сергеевич,рядовой,11,46
Козлов Виктор Олегович,прапорщик,5,40
Алексеев Юрий Дмитриевич,прапорщик,12,40
Андреев Роман Александрович,сержант,8,33
Смирнов Кирилл Александрович,рядовой,8,31
Михайлов Егор Юрьевич,полковник,7,51
Орлов Алексей Иванович,полковник,10,23
Фёдоров Роман Иванович,капитан,8,30
Смирнов Степан Павлович,полковник,8,45
Соколов Артём Иванович,сержант,3,40
Зайцев Дмитрий Михайлович,лейтенант,10,55
Алексеев Степан Викторович,сержант,11,48
Степанов Денис Ильич,полковник,4,36
Борисов Кирилл Юрьевич,прапорщик,8,27
Степанов Константин Ильич,майор,1,43
Морозов Денис Олегович,капитан,3,22
Семёнов Виктор Андреевич,майор,6,43
Лебедев Матвей Александрович,сержант,11,34
Соколов Юрий Павлович,сержант,11,51
Орлов Никита Юрьевич,рядовой,8,53
Морозов Алексей Михайлович,сержант,4,52
Орлов Александр Иванович,сержант,12,56
Морозов Егор Сергеевич,полковник,2,30
Петров Андрей Романович,капитан,2,41
Соловьёв Никита Никитич,полковник,3,21
Сидоров Алексей Максимович,лейтенант,10,41
Андреев Егор Викторович,сержант,6,20
Семёнов Евгений Викторович,полковник,4,54
Петров Илья Юрьевич,капитан,10,46
Яковлев Алексей Викторович,полковник,9,26
Попов Степан Кириллович,майор,3,22
Степанов Денис Олегович,лейтенант,7,28
Козлов Михаил Максимович,полковник,8,34
Николаев Андрей Алексеевич,капитан,11,30
Иванов Андрей Михайлович,прапорщик,7,31
Попов Иван Ильич,майор,4,44
Попов Роман Сергеевич,прапорщик,9,41
Соловьёв Михаил Михайлович,рядовой,11,54
Лебедев Денис Михайлович,капитан,2,59
Сидоров Егор Алексеевич,рядовой,5,58
Алексеев Олег Ильич,прапорщик,11,56
Семёнов Никита Дмитриевич,рядовой,8,23
Смирнов Алексей Романович,прапорщик,2,27
Петров Кирилл Иванович,лейтенант,5,59
Петров Дмитрий Иванович,полковник,1,48
Никитин Виктор Дмитриевич,сержант,1,28
Кузнецов Никита Андреевич,прапорщик,4,31
Павлов Алексей Юрьевич,сержант,1,48
Попов Кирилл Сергеевич,капитан,7,33
Зайцев Илья Максимович,сержант,4,53
Соловьёв Константин Михайлович,капитан,10,60
Смирнов Матвей Александрович,сержант,2,54
Смирнов Матвей Александрович,прапорщик,10,43
Никитин Александр Максимович,полковник,11,40
Козлов Виктор Кириллович,прапорщик,8,42
Степанов Михаил Кириллович,капитан,6,45
Зайцев Юрий Сергеевич,майор,9,19
Алексеев Сергей Викторович,сержант,4,20
Лебедев Андрей Дмитриевич,лейтенант,8,18
Козлов Иван Иванович,прапорщик,2,27
Андреев Алексей Ильич,рядовой,4,56
Новиков Егор Дмитриевич,лейтенант,7,30
Никитин Кирилл Иванович,капитан,6,38
Павлов Иван Андреевич,рядовой,2,24
Васильев Дмитрий Романович,сержант,11,37
Новиков Дмитрий Викторович,майор,7,36
Алексеев Степан Андреевич,полковник,7,27
Павлов Дмитрий Максимович,майор,6,39
Захаров Роман Михайлович,лейтенант,2,34
Николаев Денис Романович,прапорщик,9,34
Фёдоров Константин Кириллович,майор,10,48
Борисов Евгений Андреевич,полковник,10,58
Николаев Дмитрий Павлович,прапорщик,10,52
Фёдоров Дмитрий Александрович,капитан,4,42
Андреев Иван Сергеевич,майор,4,21
Кочергин Сергей Павлович,майор,2,38
Кузнецов Илья Олегович,лейтенант,5,32
Алексеев Андрей Никитич,капитан,5,21
Николаев Олег Андреевич,полковник,4,34
Иванов Илья Кириллович,майор,4,27
Михайлов Алексей Юрьевич,прапорщик,5,42
Сидоров Олег Андреевич,полковник,6,48
Степанов Виктор Иванович,майор,4,58
Соколов Никита Сергеевич,лейтенант,1,53
Кочергин Матвей Михайлович,прапорщик,6,30
Петров Кирилл Алексеевич,майор,3,22
Соловьёв Никита Павлович,лейтенант,10,46
Степанов Денис Иванович,рядовой,2,27
Смирнов Сергей Ильич,капитан,2,41
Борисов Павел Викторович,сержант,2,40
Николаев Дмитрий Дмитриевич,полковник,12,57
Петров Михаил Михайлович,сержант,6,41
Лебедев Андрей Романович,майор,2,41
Павлов Павел Алексеевич,полковник,8,23
Попов Матвей Юрьевич,сержант,11,59
Никитин Егор Александрович,прапорщик,12,23
Иванов Дмитрий Максимович,лейтенант,6,28
Никитин Сергей Павлович,полковник,1,41
Иванов Юрий Иванович,прапорщик,2,45
Никитин Александр Александрович,полковник,4,40
Попов Олег Андреевич,полковник,9,26
Морозов Степан Олегович,сержант,9,56
Иванов Юрий Дмитриевич,лейтенант,11,48
Кузнецов Максим Иванович,полковник,7,42
Попов Евгений Викторович,рядовой,8,21
Николаев Виктор Алексеевич,полковник,11,54
Степанов Илья Викторович,капитан,2,30
Степанов Михаил Михайлович,капитан,6,48
Егоров Сергей Иванович,лейтенант,8,35
Семёнов Алексей Ильич,полковник,10,55
Кузнецов Виктор Павлович,капитан,7,22
Смирнов Егор Викторович,капитан,1,24
Павлов Павел Алексеевич,майор,10,28
Алексеев Егор Викторович,сержант,10,32
Козлов Алексей Павлович,прапорщик,10,53
Морозов Павел Александрович,сержант,4,43
Лебедев Виктор Михайлович,полковник,12,51
Фёдоров Сергей Михайлович,сержант,4,41
Николаев Матвей Андреевич,сержант,4,19
Петров Максим Кириллович,майор,7,25
Степанов Дмитрий Олегович,полковник,6,49
Соколов Илья Викторович,полковник,1,33
Семёнов Никита Романович,рядовой,3,52
Никитин Илья Кириллович,лейтенант,9,28
Никитин Никита Максимович,капитан,5,59
Смирнов Михаил Александрович,полковник,7,34
Захаров Евгений Кириллович,полковник,9,29
Николаев Егор Сергеевич,лейтенант,1,58
Андреев Егор Павлович,лейтенант,3,39
Степанов Евгений Кириллович,капитан,3,38
Егоров Андрей Михайлович,майор,2,34
Павлов Илья Максимович,рядовой,4,23
Попов Юрий Иванович,полковник,4,23
Яковлев Кирилл Павлович,прапорщик,6,38
Соколов Павел Юрьевич,полковник,4,53
Новиков Роман Александрович,прапорщик,10,48
Сидоров Роман Юрьевич,прапорщик,4,59
Степанов Кирилл Юрьевич,прапорщик,8,56
Новиков Никита Кириллович,прапорщик,3,33
Новиков Юрий Романович,капитан,11,33
Смирнов Кирилл Максимович,полковник,4,59
Козлов Егор Андреевич,капитан,2,42
Захаров Егор Максимович,капитан,2,31
Павлов Константин Юрьевич,сержант,4,25
Козлов Роман Александрович,рядовой,9,50
Сидоров Константин Ильич,полковник,10,46
Новиков Дмитрий Сергеевич,рядовой,5,18
Степанов Артём Дмитриевич,сержант,1,42
Борисов Александр Павлович,полковник,7,59
Макаров Александр Кириллович,сержант,11,48
Семёнов Константин Александрович,прапорщик,9,57
Степанов Степан Романович,рядовой,12,31
Борисов Александр Кириллович,лейтенант,7,48
Семёнов Иван Алексеевич,рядовой,2,46
Фёдоров Александр Ильич,капитан,6,29
Павлов Павел Кириллович,рядовой,12,43
Морозов Александр Олегович,прапорщик,4,46
Морозов Степан Викторович,рядовой,12,51
Михайлов Никита Сергеевич,полковник,10,45
Сидоров Илья Максимович,полковник,4,47
Попов Матвей Дмитриевич,сержант,7,39
Васильев Матвей Максимович,майор,9,40
Николаев Роман Максимович,рядовой,8,58
Егоров Павел Романович,полковник,4,22
Павлов Матвей Иванович,полковник,10,50
Орлов Виктор Михайлович,капитан,3,57
Новиков Егор Ильич,лейтенант,11,40
Яковлев Виктор Михайлович,майор,10,38
Морозов Денис Романович,полковник,11,22
Макаров Иван Романович,майор,8,34
Орлов Максим Иванович,капитан,1,56
Сидоров Максим Андреевич,полковник,2,43
Попов Павел Александрович,лейтенант,2,35
Зайцев Юрий Александрович,майор,2,29
Егоров Виктор Романович,сержант,1,31
Новиков Олег Сергеевич,лейтенант,12,32
Лебедев Александр Сергеевич,сержант,12,33
Захаров Роман Ильич,прапорщик,9,33
Борисов Иван Ильич,прапорщик,11,60
Морозов Олег Иванович,лейтенант,12,37
Кочергин Денис Юрьевич,майор,12,36
Степанов Алексей Алексеевич,сержант,2,32
Степанов Олег Максимович,майор,6,25
Иванов Артём Юрьевич,майор,11,54
Васильев Степан Михайлович,капитан,3,25
Васильев Иван Кириллович,майор,4,28
Павлов Артём Максимович,лейтенант,9,41
Захаров Егор Андреевич,майор,6,52
Семёнов Дмитрий Сергеевич,прапорщик,5,41
Николаев Евгений Михайлович,рядовой,3,47
Соколов Егор Романович,прапорщик,11,47
Новиков Юрий Павлович,прапорщик,8,53
Смирнов Роман Алексеевич,рядовой,11,39
Никитин Кирилл Ильич,лейтенант,3,18
Морозов Евгений Дмитриевич,рядовой,10,18
Орлов Сергей Ильич,капитан,7,32
Иванов Александр Олегович,прапорщик,2,28
Новиков Денис Иванович,сержант,11,49
Яковлев Алексей Михайлович,капитан,3,51
Морозов Максим Сергеевич,рядовой,8,22
Петров Олег Сергеевич,сержант,4,43
Николаев Сергей Олегович,сержант,5,18
Алексеев Роман Сергеевич,лейтенант,7,25
Никитин Степан Алексеевич,полковник,2,34
Андреев Никита Дмитриевич,прапорщик,10,50
Васильев Константин Иванович,прапорщик,6,36
Сидоров Роман Кириллович,полковник,3,31
Никитин Алексей Михайлович,лейтенант,7,36
Павлов Олег Михайлович,прапорщик,6,50
Сидоров Иван Олегович,полковник,4,57
Захаров Денис Павлович,сержант,3,51
Захаров Иван Иванович,сержант,4,53
Зайцев Александр Максимович,капитан,11,45
Фёдоров Егор Сергеевич,полковник,2,40
Соловьёв Матвей Викторович,полковник,1,26
Сидоров Михаил Максимович,лейтенант,12,43
Кузнецов Матвей Романович,сержант,10,52
Андреев Иван Никитич,прапорщик,7,51
Лебедев Виктор Александрович,майор,8,47
Морозов Илья Ильич,сержант,2,24
Фёдоров Иван Максимович,полковник,5,35
Андреев Дмитрий Ильич,полковник,4,20
Павлов Артём Андреевич,рядовой,4,38
Козлов Андрей Юрьевич,рядовой,6,42
Алексеев Илья Максимович,полковник,11,24
Борисов Роман Александрович,капитан,10,49
Николаев Дмитрий Романович,лейтенант,2,57
Попов Константин Романович,лейтенант,5,48
Макаров Дмитрий Александрович,рядовой,12,39
Сидоров Михаил Павлович,прапорщик,3,34
Иванов Роман Александрович,рядовой,6,53
Никитин Дмитрий Максимович,рядовой,1,58
Иванов Максим Романович,сержант,2,37
Макаров Степан Кириллович,прапорщик,2,20
Васильев Павел Андреевич,капитан,3,54
Попов Константин Сергеевич,лейтенант,12,54
Никитин Илья Иванович,майор,8,40
Орлов Денис Павлович,рядовой,12,29
Яковлев Кирилл Алексеевич,капитан,3,32
Петров Артём Андреевич,прапорщик,11,60
Семёнов Роман Никитич,полковник,3,28
Кочергин Артём Кириллович,капитан,4,24
Попов Дмитрий Юрьевич,сержант,4,46
Захаров Иван Дмитриевич,майор,6,23
Захаров Иван Андреевич,прапорщик,11,43
Зайцев Юрий Александрович,прапорщик,2,55
Морозов Иван Павлович,майор,2,23
Кузнецов Константин Ильич,полковник,3,56
Морозов Никита Юрьевич,сержант,10,22
Семёнов Дмитрий Кириллович,майор,6,31
Степанов Евгений Сергеевич,майор,6,23
Андреев Роман Юрьевич,полковник,7,43
Соловьёв Юрий Андреевич,прапорщик,11,55
Егоров Никита Александрович,полковник,4,31
Семёнов Сергей Никитич,прапорщик,8,24
Васильев Сергей Павлович,капитан,8,40
Зайцев Алексей Павлович,полковник,11,60
Алексеев Никита Андреевич,прапорщик,4,35
Николаев Юрий Алексеевич,сержант,3,50
Захаров Степан Максимович,прапорщик,8,29
Кузнецов Алексей Павлович,сержант,5,22
Николаев Иван Юрьевич,капитан,5,51
Орлов Роман Дмитриевич,капитан,6,37
Михайлов Михаил Викторович,прапорщик,6,39
Соловьёв Артём Александрович,полковник,8,38
Козлов Алексей Викторович,полковник,8,60
Захаров Никита Александрович,капитан,2,51
Орлов Максим Сергеевич,прапорщик,9,26
Николаев Сергей Михайлович,прапорщик,12,41
Смирнов Максим Михайлович,майор,1,37
Егоров Илья Иванович,лейтенант,4,53
Андреев Алексей Юрьевич,майор,6,46
Смирнов Роман Андреевич,капитан,5,42
Орлов Степан Сергеевич,прапорщик,11,39
Морозов Евгений Андреевич,сержант,10,28
Морозов Дмитрий Александрович,прапорщик,6,26
Семёнов Егор Викторович,рядовой,2,46
Зайцев Роман Ильич,капитан,12,23
Фёдоров Дмитрий Никитич,майор,9,57
Андреев Степан Романович,капитан,3,32
Степанов Олег Михайлович,капитан,10,42
Орлов Матвей Юрьевич,майор,6,45
Андреев Никита Викторович,рядовой,7,34
Соловьёв Олег Андреевич,майор,12,57
Попов Алексей Дмитриевич,рядовой,3,29
Васильев Илья Юрьевич,сержант,7,44
Кочергин Дмитрий Никитич,капитан,10,35
Макаров Павел Дмитриевич,полковник,7,50
Андреев Дмитрий Михайлович,полковник,9,60
Петров Матвей Максимович,рядовой,7,45
Соколов Илья Дмитриевич,капитан,11,60
Макаров Юрий Дмитриевич,рядовой,10,59
Соколов Артём Кириллович,капитан,2,52
Яковлев Дмитрий Романович,полковник,12,52
Кузнецов Матвей Павлович,майор,9,23
Соколов Сергей Иванович,рядовой,9,32
Алексеев Олег Ильич,сержант,5,48
Степанов Никита Олегович,лейтенант,3,37
Петров Олег Максимович,майор,7,42
Фёдоров Роман Михайлович,сержант,4,49
Алексеев Дмитрий Викторович,прапорщик,8,32
Зайцев Кирилл Михайлович,капитан,1,36
Степанов Степан Викторович,лейтенант,3,59
Степанов Матвей Иванович,сержант,6,36
Павлов Иван Александрович,сержант,2,60
Николаев Егор Никитич,прапорщик,1,21
Соловьёв Иван Дмитриевич,полковник,10,37
Новиков Иван Иванович,рядовой,3,30
Васильев Дмитрий Александрович,капитан,6,48
Кочергин Дмитрий Кириллович,полковник,10,43
Павлов Евгений Михайлович,рядовой,10,46
Соколов Роман Михайлович,лейтенант,7,49
Кузнецов Андрей Юрьевич,лейтенант,4,29
Петров Матвей Сергеевич,прапорщик,8,20
Егоров Матвей Дмитриевич,сержант,8,22
Алексеев Илья Алексеевич,прапорщик,5,56
Кузнецов Виктор Михайлович,прапорщик,12,30
Павлов Андрей Никитич,майор,10,54
Васильев Денис Александрович,прапорщик,3,42
Павлов Юрий Кириллович,сержант,8,52
Яковлев Константин Сергеевич,майор,4,34
Фёдоров Дмитрий Сергеевич,сержант,8,26
Иванов Константин Кириллович,майор,8,20
Смирнов Егор Михайлович,капитан,4,58
Иванов Максим Александрович,полковник,10,27
Семёнов Михаил Сергеевич,лейтенант,10,27
Морозов Максим Кириллович,рядовой,7,57
Фёдоров Иван Иванович,майор,1,57
Михайлов Степан Олегович,лейтенант,12,56
Макаров Александр Александрович,полковник,3,24
Васильев Юрий Максимович,сержант,8,22
Смирнов Юрий Кириллович,полковник,9,51
Морозов Андрей Сергеевич,майор,6,53
Борисов Иван Алексеевич,полковник,5,41
Никитин Денис Кириллович,рядовой,4,39
Сидоров Денис Никитич,майор,5,34
Борисов Дмитрий Сергеевич,лейтенант,12,39
Андреев Кирилл Александрович,майор,10,28
Соколов Константин Максимович,сержант,1,20
Орлов Дмитрий Иванович,сержант,7,43
Михайлов Виктор Викторович,лейтенант,3,55
Семёнов Дмитрий Романович,рядовой,5,40
Орлов Степан Романович,лейтенант,10,60
Попов Дмитрий Кириллович,рядовой,9,52
Николаев Алексей Никитич,капитан,11,19
Михайлов Степан Юрьевич,сержант,6,51
Захаров Денис Алексеевич,лейтенант,7,49
Фёдоров Алексей Кириллович,сержант,11,39
Никитин Юрий Иванович,прапорщик,8,34
Никитин Иван Михайлович,капитан,1,57
Лебедев Павел Михайлович,рядовой,6,54
Никитин Максим Михайлович,лейтенант,9,26
Фёдоров Сергей Максимович,майор,4,50
Никитин Роман Юрьевич,прапорщик,8,59
Яковлев Сергей Олегович,прапорщик,4,52
Иванов Евгений Романович,капитан,1,35
Сидоров Павел Романович,прапорщик,8,31
Алексеев Павел Юрьевич,полковник,2,51
Петров Максим Павлович,рядовой,11,60
Семёнов Сергей Ильич,майор,9,39
Зайцев Юрий Андреевич,рядовой,5,46
Захаров Виктор Викторович,сержант,3,54
Семёнов Матвей Викторович,капитан,7,28
Попов Михаил Романович,майор,11,41
Андреев Степан Кириллович,капитан,10,52
Фёдоров Егор Никитич,рядовой,10,22
Васильев Илья Андреевич,лейтенант,5,28
Кочергин Степан Олегович,рядовой,5,26
Соколов Константин Сергеевич,прапорщик,4,36
Егоров Александр Романович,прапорщик,6,25
Фёдоров Егор Романович,майор,9,37
Соколов Евгений Никитич,рядовой,1,41
Фёдоров Михаил Дмитриевич,капитан,8,45
Никитин Денис Михайлович,майор,6,54
Степанов Павел Александрович,сержант,8,21
Зайцев Андрей Никитич,майор,6,43
Кузнецов Андрей Романович,капитан,11,27
Алексеев Илья Никитич,капитан,8,23
Фёдоров Никита Максимович,сержант,5,38
Сидоров Евгений Александрович,лейтенант,7,23
Захаров Денис Юрьевич,капитан,7,50
Николаев Дмитрий Дмитриевич,рядовой,3,39
Яковлев Андрей Андреевич,сержант,7,44
Михайлов Павел Юрьевич,капитан,9,44
Зайцев Михаил Андреевич,прапорщик,7,38
Яковлев Константин Олегович,прапорщик,6,44
Никитин Дмитрий Александрович,рядовой,6,40
Павлов Сергей Иванович,прапорщик,7,19
Петров Денис Александрович,лейтенант,7,57
Козлов Юрий Павлович,майор,10,40
Лебедев Олег Алексеевич,полковник,10,40
Смирнов Артём Кириллович,прапорщик,10,23
Алексеев Юрий Романович,сержант,9,52
Кузнецов Евгений Дмитриевич,капитан,3,24
Михайлов Сергей Олегович,капитан,9,59
Морозов Степан Кириллович,полковник,8,45
Васильев Егор Викторович,сержант,12,33
Борисов Никита Ильич,рядовой,8,27
Сидоров Олег Кириллович,рядовой,2,18
Лебедев Иван Дмитриевич,рядовой,4,56
Сидоров Дмитрий Максимович,сержант,5,27
Зайцев Кирилл Михайлович,лейтенант,1,29
Андреев Олег Ильич,капитан,3,34
Фёдоров Алексей Андреевич,сержант,7,53
Никитин Егор Александрович,майор,11,60
Петров Никита Иванович,прапорщик,6,30
Николаев Денис Никитич,капитан,11,57
Яковлев Егор Кириллович,рядовой,6,45
Егоров Евгений Андреевич,полковник,2,45
Захаров Евгений Александрович,полковник,9,24
Борисов Виктор Никитич,лейтенант,12,38
Зайцев Степан Максимович,рядовой,2,44
Макаров Иван Алексеевич,майор,3,27
Никитин Павел Юрьевич,сержант,8,31
Алексеев Денис Никитич,полковник,4,59
Никитин Егор Павлович,прапорщик,2,29
Никитин Андрей Иванович,рядовой,7,44
Павлов Юрий Никитич,прапорщик,6,46
Соколов Виктор Михайлович,прапорщик,11,36
Борисов Алексей Сергеевич,полковник,4,43
Семёнов Сергей Юрьевич,рядовой,2,50
Борисов Олег Кириллович,полковник,7,43
Макаров Роман Павлович,майор,1,55
Алексеев Евгений Кириллович,майор,10,21
Захаров Сергей Михайлович,майор,8,18
Алексеев Юрий Кириллович,капитан,1,31
Кузнецов Дмитрий Ильич,лейтенант,5,30
Фёдоров Артём Михайлович,капитан,3,34
Кочергин Роман Викторович,капитан,8,26
Николаев Андрей Викторович,лейтенант,5,25
Павлов Артём Иванович,сержант,6,58
Захаров Кирилл Ильич,полковник,10,38
Егоров Иван Александрович,капитан,12,56
Павлов Сергей Александрович,майор,10,26
Степанов Иван Сергеевич,сержант,9,59
Иванов Константин Михайлович,прапорщик,6,23
Зайцев Денис Алексеевич,сержант,6,32
Орлов Денис Александрович,капитан,5,37
Фёдоров Алексей Иванович,полковник,4,58
Андреев Алексей Никитич,майор,9,49
Борисов Виктор Кириллович,майор,10,52
Орлов Юрий Михайлович,майор,8,35
Васильев Степан Андреевич,полковник,5,40
Попов Матвей Дмитриевич,майор,8,19
Захаров Никита Юрьевич,капитан,3,53
Павлов Сергей Алексеевич,майор,3,24
Морозов Никита Андреевич,майор,8,33
Алексеев Сергей Максимович,капитан,6,44
Степанов Максим Романович,майор,12,54
Фёдоров Павел Сергеевич,полковник,9,35
Орлов Александр Иванович,сержант,11,46
Петров Михаил Иванович,майор,9,34
Козлов Андрей Олегович,полковник,4,42
Иванов Михаил Ильич,рядовой,5,47
Фёдоров Евгений Кириллович,капитан,11,56
Зайцев Павел Дмитриевич,прапорщик,12,58
Павлов Роман Олегович,майор,3,49
Сидоров Иван Юрьевич,майор,9,43
Захаров Дмитрий Кириллович,капитан,2,49
Алексеев Матвей Никитич,сержант,4,59
Семёнов Иван Викторович,капитан,4,46
Алексеев Сергей Михайлович,майор,7,50
Никитин Андрей Ильич,сержант,6,19
Михайлов Андрей Михайлович,майор,3,58
Зайцев Кирилл Кириллович,майор,6,22
Павлов Сергей Романович,капитан,10,37
Михайлов Кирилл Романович,сержант,10,32
Новиков Константин Юрьевич,полковник,7,41
Егоров Никита Дмитриевич,рядовой,5,22
Васильев Кирилл Александрович,рядовой,11,58
Алексеев Сергей Алексеевич,лейтенант,7,40
Яковлев Виктор Олегович,капитан,12,20
Зайцев Иван Иванович,майор,2,21
Алексеев Алексей Романович,лейтенант,5,47
Морозов Константин Романович,майор,1,35
Васильев Андрей Иванович,полковник,3,45
Петров Андрей Ильич,полковник,4,38
Кузнецов Илья Олегович,сержант,4,59
Петров Роман Юрьевич,прапорщик,4,40
Николаев Кирилл Павлович,сержант,1,31
Соловьёв Илья Сергеевич,майор,10,18
Никитин Сергей Павлович,лейтенант,7,55
Никитин Роман Иванович,лейтенант,11,44
Михайлов Павел Юрьевич,полковник,10,23
Николаев Александр Андреевич,прапорщик,2,60
Борисов Александр Иванович,лейтенант,4,26
Морозов Михаил Андреевич,капитан,4,29
Фёдоров Павел Михайлович,прапорщик,6,22
Никитин Артём Максимович,рядовой,12,52
Новиков Матвей Юрьевич,сержант,3,54
Алексеев Андрей Романович,рядовой,11,20
Захаров Виктор Олегович,лейтенант,2,26
Сидоров Андрей Дмитриевич,капитан,7,47
Алексеев Артём Андреевич,сержант,12,19
Макаров Кирилл Никитич,рядовой,11,52
Козлов Иван Юрьевич,лейтенант,5,47
Орлов Денис Александрович,капитан,7,25
Соколов Сергей Олегович,капитан,2,53
Орлов Илья Алексеевич,полковник,7,42
Козлов Константин Иванович,майор,6,42
Николаев Михаил Викторович,рядовой,3,30
Орлов Степан Олегович,майор,6,33
Лебедев Андрей Андреевич,полковник,2,53
Новиков Никита Павлович,сержант,10,36
Соловьёв Никита Никитич,сержант,10,51
Орлов Роман Иванович,капитан,7,45
Лебедев Роман Викторович,капитан,8,36
Козлов Роман Романович,прапорщик,12,47
Алексеев Виктор Иванович,прапорщик,12,51
Смирнов Никита Максимович,полковник,10,45
Смирнов Артём Алексеевич,полковник,5,58
Никитин Илья Иванович,сержант,6,20
Петров Виктор Романович,прапорщик,5,56
Захаров Роман Кириллович,прапорщик,2,49
Новиков Егор Дмитриевич,капитан,12,46
Кочергин Юрий Павлович,сержант,1,29
Морозов Дмитрий Ильич,прапорщик,12,52
Кочергин Олег Олегович,рядовой,10,34
Сидоров Дмитрий Максимович,прапорщик,8,53
Васильев Андрей Алексеевич,капитан,12,51
Смирнов Сергей Андреевич,лейтенант,12,33
Михайлов Артём Олегович,сержант,10,33
Никитин Егор Романович,полковник,9,55
Егоров Дмитрий Михайлович,сержант,8,32
Кочергин Иван Максимович,капитан,12,24
Соловьёв Сергей Дмитриевич,рядовой,2,39
Андреев Олег Михайлович,майор,9,51
Новиков Денис Викторович,полковник,10,44
Попов Константин Павлович,капитан,1,42
Павлов Никита Викторович,майор,9,43
Захаров Максим Максимович,прапорщик,5,42
Соколов Юрий Андреевич,полковник,10,30
Попов Никита Михайлович,лейтенант,7,20
Семёнов Павел Ильич,лейтенант,5,41
Козлов Денис Никитич,лейтенант,9,33
Соколов Илья Павлович,полковник,9,28
Егоров Матвей Александрович,рядовой,1,21
Фёдоров Юрий Алексеевич,прапорщик,8,36
Сидоров Кирилл Сергеевич,капитан,10,22
Сидоров Денис Алексеевич,полковник,4,53
Зайцев Михаил Дмитриевич,лейтенант,3,23
Орлов Константин Ильич,полковник,4,39
Козлов Егор Сергеевич,лейтенант,2,40
Васильев Егор Ильич,майор,11,56
Егоров Кирилл Андреевич,прапорщик,3,27
Смирнов Александр Никитич,майор,1,46
Павлов Олег Михайлович,сержант,3,19
Орлов Роман Викторович,рядовой,12,20
Новиков Дмитрий Александрович,прапорщик,3,60
Зайцев Павел Викторович,рядовой,11,48
Лебедев Евгений Иванович,капитан,8,38
Захаров Артём Кириллович,прапорщик,7,47
Орлов Денис Дмитриевич,прапорщик,12,46
Козлов Евгений Александрович,капитан,11,51
Соколов Виктор Олегович,майор,9,60
Козлов Андрей Александрович,майор,11,56
Соловьёв Иван Кириллович,рядовой,5,48
Кочергин Кирилл Викторович,прапорщик,6,52
Иванов Олег Ильич,сержант,6,40
Андреев Иван Кириллович,лейтенант,4,29
Лебедев Кирилл Викторович,прапорщик,7,25
Попов Дмитрий Дмитриевич,сержант,3,21
Степанов Кирилл Никитич,лейтенант,8,51
Степанов Матвей Дмитриевич,рядовой,3,51
Егоров Дмитрий Ильич,сержант,5,38
Новиков Константин Сергеевич,лейтенант,5,28
Никитин Никита Олегович,майор,8,30
Алексеев Александр Максимович,сержант,6,51
Зайцев Илья Павлович,майор,4,21
Алексеев Виктор Александрович,прапорщик,2,41
Петров Дмитрий Андреевич,полковник,5,22
Соколов Матвей Александрович,прапорщик,7,57
Смирнов Максим Максимович,сержант,7,18
Егоров Максим Андреевич,лейтенант,3,48
Соколов Олег Александрович,рядовой,7,44
Орлов Иван Кириллович,капитан,11,28
Кузнецов Матвей Ильич,рядовой,6,41
Фёдоров Андрей Никитич,рядовой,6,58
Павлов Михаил Дмитриевич,прапорщик,8,30
Семёнов Илья Максимович,лейтенант,11,45
Иванов Илья Олегович,прапорщик,9,25
Смирнов Сергей Александрович,сержант,1,39
Егоров Александр Андреевич,сержант,10,58
Андреев Олег Алексеевич,сержант,6,42
Иванов Артём Романович,полковник,7,50
Яковлев Алексей Иванович,прапорщик,10,25
Андреев Евгений Романович,сержант,10,57
Попов Илья Ильич,майор,8,48
Никитин Сергей Павлович,прапорщик,4,60
Лебедев Никита Максимович,сержант,8,26
Сидоров Дмитрий Сергеевич,сержант,10,38
Соколов Олег Михайлович,полковник,9,42
Новиков Юрий Алексеевич,рядовой,3,57
Иванов Степан Михайлович,сержант,10,22
Никитин Артём Михайлович,майор,9,27
Макаров Матвей Александрович,прапорщик,1,45
Макаров Матвей Михайлович,прапорщик,4,43
Иванов Дмитрий Андреевич,сержант,11,48
Соколов Артём Кириллович,рядовой,1,21
Никитин Алексей Иванович,полковник,8,50
Борисов Максим Юрьевич,майор,12,37
Кузнецов Михаил Олегович,сержант,3,30
Макаров Артём Павлович,сержант,5,55
Фёдоров Андрей Алексеевич,сержант,5,57
Степанов Илья Павлович,лейтенант,11,29
Павлов Олег Иванович,капитан,7,55
Андреев Юрий Иванович,лейтенант,11,28
Морозов Алексей Никитич,майор,3,42
Кочергин Константин Андреевич,прапорщик,9,23
Егоров Андрей Сергеевич,рядовой,1,59
Соловьёв Артём Сергеевич,майор,6,56
Николаев Иван Александрович,капитан,9,29
Петров Илья Юрьевич,капитан,3,19
Павлов Максим Олегович,сержант,2,27
Морозов Павел Александрович,полковник,9,27
Егоров Сергей Дмитриевич,капитан,6,44
Соколов Егор Олегович,сержант,1,18
Андреев Иван Алексеевич,лейтенант,4,36
Степанов Андрей Максимович,рядовой,2,28
Соловьёв Александр Андреевич,лейтенант,2,39
Петров Иван Никитич,сержант,3,51
Смирнов Артём Александрович,полковник,9,50
Иванов Юрий Викторович,сержант,8,26
Макаров Кирилл Викторович,сержант,10,38
Попов Илья Сергеевич,лейтенант,12,46
Алексеев Сергей Алексеевич,полковник,7,55
Соловьёв Максим Викторович,майор,9,43
Орлов Олег Олегович,сержант,4,47
Яковлев Никита Алексеевич,рядовой,3,35
Васильев Андрей Михайлович,капитан,12,25
Степанов Илья Михайлович,капитан,8,51
Новиков Павел Викторович,капитан,1,52
Николаев Роман Алексеевич,сержант,9,60
Семёнов Степан Романович,рядовой,5,46
Егоров Дмитрий Юрьевич,капитан,4,20
Козлов Егор Алексеевич,майор,7,33
Козлов Денис Никитич,рядовой,7,58
Николаев Роман Александрович,полковник,11,54
Орлов Александр Кириллович,капитан,5,22
Сидоров Павел Максимович,полковник,7,27
Фёдоров Дмитрий Кириллович,прапорщик,9,33
Козлов Сергей Михайлович,капитан,2,37
Васильев Иван Александрович,прапорщик,1,60
Зайцев Степан Никитич,сержант,7,49
Андреев Степан Дмитриевич,прапорщик,11,21
Михайлов Олег Сергеевич,рядовой,3,26
Степанов Олег Павлович,рядовой,11,57
Зайцев Артём Викторович,сержант,2,36
Никитин Кирилл Юрьевич,полковник,4,45
Иванов Павел Павлович,прапорщик,3,48
Павлов Алексей Романович,полковник,2,59
Петров Степан Дмитриевич,лейтенант,7,41
Соколов Роман Никитич,прапорщик,9,22
Кочергин Артём Ильич,прапорщик,10,31
Сидоров Виктор Романович,прапорщик,2,28
Андреев Максим Максимович,прапорщик,8,54
Степанов Денис Алексеевич,полковник,11,30
Васильев Иван Иванович,лейтенант,6,34
Яковлев Андрей Алексеевич,капитан,2,40
Попов Евгений Павлович,капитан,4,24
Козлов Степан Ильич,сержант,12,31
Фёдоров Павел Андреевич,капитан,10,48
Степанов Илья Кириллович,лейтенант,5,32
Орлов Артём Викторович,лейтенант,10,60
Иванов Илья Олегович,лейтенант,1,36
Козлов Никита Михайлович,полковник,3,50
Андреев Роман Михайлович,рядовой,5,31
Сидоров Иван Дмитриевич,майор,3,20
Козлов Илья Михайлович,капитан,10,50
Семёнов Павел Никитич,полковник,7,21
Захаров Константин Иванович,лейтенант,12,48
Васильев Иван Алексеевич,майор,8,58
Фёдоров Артём Иванович,майор,2,26
Морозов Кирилл Кириллович,рядовой,11,53
Яковлев Артём Максимович,полковник,7,35
Иванов Константин Никитич,рядовой,9,47
Орлов Виктор Никитич,полковник,9,60
Орлов Сергей Михайлович,капитан,2,33
Фёдоров Павел Ильич,майор,5,40
Кочергин Михаил Сергеевич,майор,6,22
Никитин Максим Никитич,сержант,8,57
Михайлов Матвей Викторович,сержант,11,31
Попов Дмитрий Сергеевич,полковник,2,33
Михайлов Артём Викторович,лейтенант,6,48
Борисов Максим Павлович,прапорщик,8,60
Павлов Иван Андреевич,сержант,4,58
Морозов Юрий Юрьевич,лейтенант,5,31
Иванов Денис Дмитриевич,лейтенант,2,22
Орлов Иван Александрович,сержант,8,31
Яковлев Максим Михайлович,лейтенант,6,46
Морозов Михаил Алексеевич,полковник,2,51
Попов Егор Романович,прапорщик,12,32
Степанов Иван Никитич,лейтенант,2,55
Захаров Юрий Алексеевич,рядовой,4,22
Лебедев Олег Романович,сержант,11,20
Смирнов Егор Сергеевич,сержант,4,41
Смирнов Александр Юрьевич,прапорщик,1,53
Кочергин Дмитрий Михайлович,прапорщик,9,59
Павлов Евгений Павлович,майор,2,28
Егоров Артём Сергеевич,полковник,9,38
Павлов Юрий Максимович,сержант,5,53
Соколов Кирилл Никитич,капитан,1,30
Яковлев Дмитрий Иванович,полковник,12,20
Никитин Илья Романович,капитан,10,44
Андреев Матвей Александрович,майор,9,38
Петров Никита Михайлович,прапорщик,11,56
Соловьёв Никита Иванович,прапорщик,9,56
Кочергин Евгений Максимович,рядовой,8,50
Николаев Александр Юрьевич,прапорщик,8,23
Кочергин Кирилл Олегович,майор,7,44
Андреев Егор Кириллович,майор,1,60
Сидоров Александр Павлович,капитан,4,53
Макаров Алексей Максимович,сержант,6,34
Морозов Роман Ильич,капитан,11,51
Фёдоров Михаил Романович,полковник,8,21
Николаев Сергей Никитич,полковник,3,40
Зайцев Олег Романович,прапорщик,10,26
Захаров Виктор Кириллович,майор,1,23
Соколов Никита Иванович,прапорщик,6,60
Степанов Денис Романович,лейтенант,12,51
Егоров Егор Никитич,прапорщик,8,27
Иванов Денис Никитич,капитан,8,19
Кочергин Роман Андреевич,майор,2,39
Алексеев Павел Андреевич,сержант,2,40
Новиков Олег Иванович,лейтенант,12,50
Никитин Михаил Павлович,рядовой,3,40
Новиков Александр Андреевич,капитан,12,18
Андреев Максим Павлович,капитан,6,26
Козлов Константин Максимович,капитан,5,29
Попов Денис Юрьевич,майор,9,27
Васильев Дмитрий Сергеевич,лейтенант,4,49
Фёдоров Илья Максимович,прапорщик,11,43
Андреев Виктор Сергеевич,майор,12,51
Сидоров Дмитрий Юрьевич,лейтенант,8,47
Егоров Артём Никитич,сержант,7,18
Захаров Олег Ильич,лейтенант,6,37
Алексеев Максим Кириллович,майор,7,33
Лебедев Егор Олегович,полковник,8,30
Морозов Роман Ильич,капитан,6,25
Борисов Егор Олегович,сержант,7,42
Кузнецов Илья Романович,майор,2,40
Иванов Юрий Олегович,полковник,12,36
Соловьёв Олег Павлович,майор,1,30
Орлов Артём Ильич,майор,9,48
Зайцев Максим Романович,прапорщик,6,59
Орлов Сергей Павлович,прапорщик,1,46
Лебедев Денис Сергеевич,лейтенант,11,27
Соколов Артём Юрьевич,прапорщик,8,38
Попов Матвей Олегович,сержант,9,41
Козлов Виктор Павлович,сержант,5,30
Павлов Алексей Дмитриевич,полковник,8,27
Лебедев Никита Павлович,прапорщик,3,58
Кузнецов Иван Андреевич,сержант,6,43
Андреев Константин Андреевич,сержант,9,57
Яковлев Михаил Андреевич,полковник,9,47
Семёнов Евгений Романович,капитан,1,18
Сидоров Андрей Романович,сержант,12,42
Петров Иван Алексеевич,лейтенант,3,18
Кочергин Денис Викторович,рядовой,1,26
Макаров Дмитрий Сергеевич,рядовой,12,56
Васильев Михаил Максимович,лейтенант,12,19
Николаев Егор Андреевич,капитан,9,39
Сидоров Денис Иванович,сержант,7,30
Павлов Денис Павлович,полковник,1,46
Васильев Иван Александрович,майор,7,51
Борисов Никита Андреевич,капитан,7,39
Лебедев Иван Максимович,сержант,9,45
Макаров Максим Андреевич,капитан,10,56
Сидоров Дмитрий Александрович,майор,7,55
Егоров Роман Михайлович,рядовой,3,26
Орлов Артём Романович,рядовой,4,36
Петров Максим Дмитриевич,лейтенант,4,19
Сидоров Павел Олегович,рядовой,12,60
Сидоров Андрей Иванович,лейтенант,11,38
Егоров Егор Иванович,прапорщик,8,24
Никитин Максим Юрьевич,сержант,10,59
Фёдоров Алексей Олегович,лейтенант,9,18
Морозов Дмитрий Павлович,майор,6,46
Петров Денис Максимович,сержант,7,25
Попов Алексей Максимович,прапорщик,12,60
Иванов Никита Иванович,полковник,8,48
Степанов Никита Александрович,полковник,12,25
Макаров Иван Алексеевич,сержант,10,20
Семёнов Александр Андреевич,лейтенант,12,36
Лебедев Кирилл Михайлович,майор,2,59
Павлов Максим Олегович,прапорщик,3,36
Смирнов Егор Алексеевич,полковник,2,57
Соловьёв Андрей Иванович,полковник,10,38
Орлов Сергей Михайлович,лейтенант,10,53
Иванов Илья Дмитриевич,сержант,3,24
Смирнов Артём Кириллович,рядовой,4,28
Кузнецов Михаил Олегович,майор,8,47
Соловьёв Евгений Сергеевич,прапорщик,2,55
Яковлев Максим Сергеевич,лейтенант,9,19
Алексеев Павел Михайлович,прапорщик,6,56
Алексеев Евгений Максимович,сержант,11,37
Борисов Евгений Кириллович,майор,5,45
Яковлев Сергей Александрович,майор,5,32
Михайлов Кирилл Сергеевич,майор,10,58
Андреев Роман Юрьевич,майор,9,33
Соколов Андрей Олегович,майор,2,50
Николаев Роман Олегович,прапорщик,3,40
Смирнов Александр Михайлович,рядовой,4,59
Иванов Егор Алексеевич,капитан,2,28
Алексеев Евгений Андреевич,капитан,10,37
Новиков Олег Сергеевич,лейтенант,2,53
Фёдоров Кирилл Павлович,прапорщик,4,56
Михайлов Илья Иванович,майор,3,27
Макаров Александр Юрьевич,майор,11,31
Борисов Сергей Максимович,капитан,7,37
Павлов Степан Дмитриевич,рядовой,7,40
Козлов Евгений Михайлович,сержант,8,47
Иванов Егор Алексеевич,полковник,3,32
Петров Виктор Ильич,рядовой,4,33
Васильев Дмитрий Сергеевич,майор,11,23
Сидоров Виктор Андреевич,капитан,9,49
Соколов Михаил Викторович,рядовой,1,44
Новиков Матвей Ильич,прапорщик,12,18
Петров Дмитрий Кириллович,лейтенант,1,55
Захаров Роман Романович,сержант,7,33
Соколов Михаил Андреевич,сержант,9,31
Петров Юрий Максимович,полковник,9,58
Михайлов Константин Иванович,рядовой,8,49
Павлов Егор Дмитриевич,сержант,12,37
Борисов Евгений Павлович,капитан,2,36
Захаров Степан Михайлович,полковник,5,40
Новиков Александр Алексеевич,лейтенант,5,19
Лебедев Константин Максимович,рядовой,2,57
Яковлев Алексей Михайлович,капитан,3,22
Петров Илья Юрьевич,рядовой,1,60
Макаров Иван Иванович,полковник,6,58
Алексеев Артём Ильич,сержант,11,53
Яковлев Денис Максимович,капитан,1,24
Морозов Степан Андреевич,рядовой,2,54
Соловьёв Денис Михайлович,капитан,12,29
Борисов Александр Андреевич,полковник,12,19
Яковлев Евгений Кириллович,рядовой,8,59
Захаров Денис Никитич,майор,4,23
Павлов Максим Юрьевич,прапорщик,8,39
Васильев Дмитрий Ильич,капитан,10,23
Соловьёв Иван Иванович,сержант,8,49
Кочергин Артём Максимович,майор,5,28
Павлов Юрий Викторович,прапорщик,9,42
Морозов Степан Кириллович,рядовой,10,28
Попов Егор Максимович,майор,3,25
Соколов Артём Никитич,рядовой,1,27
Михайлов Павел Романович,прапорщик,7,39
Сидоров Роман Дмитриевич,лейтенант,11,32
Попов Роман Максимович,сержант,2,29
Николаев Денис Павлович,лейтенант,8,46
Зайцев Кирилл Андреевич,сержант,10,20
Зайцев Михаил Никитич,рядовой,3,30
Орлов Александр Викторович,капитан,11,39
Васильев Максим Романович,сержант,9,58
Морозов Никита Олегович,майор,1,55
Никитин Константин Павлович,майор,5,45
Андреев Никита Никитич,капитан,7,29
Семёнов Артём Максимович,капитан,8,29
Захаров Сергей Алексеевич,сержант,12,30
Семёнов Александр Викторович,прапорщик,5,45
Соловьёв Егор Алексеевич,лейтенант,12,54
Морозов Сергей Иванович,прапорщик,11,41
Яковлев Степан Максимович,сержант,8,60
Васильев Кирилл Михайлович,капитан,6,45
Васильев Степан Иванович,лейтенант,3,25
Морозов Александр Романович,лейтенант,4,31
Павлов Александр Юрьевич,рядовой,6,59
Морозов Степан Кириллович,лейтенант,8,49
Яковлев Степан Никитич,прапорщик,4,59
Сидоров Матвей Романович,майор,9,56
Яковлев Никита Викторович,прапорщик,12,51
Петров Юрий Сергеевич,рядовой,4,44
Никитин Алексей Сергеевич,рядовой,4,44
Фёдоров Александр Викторович,рядовой,6,50
Соколов Матвей Викторович,лейтенант,11,37
Козлов Артём Максимович,рядовой,1,34
Кузнецов Юрий Сергеевич,прапорщик,6,46
Степанов Алексей Никитич,майор,12,37
Козлов Константин Ильич,майор,12,57
Никитин Иван Сергеевич,сержант,11,45
Зайцев Иван Максимович,лейтенант,6,29
Новиков Иван Ильич,прапорщик,9,30
Орлов Илья Андреевич,лейтенант,12,35
Новиков Евгений Викторович,полковник,8,25
Яковлев Дмитрий Андреевич,сержант,9,23
Егоров Артём Никитич,сержант,11,25
Соколов Артём Кириллович,лейтенант,6,24
Павлов Иван Кириллович,полковник,3,32
Иванов Денис Андреевич,рядовой,3,24
Егоров Максим Александрович,лейтенант,2,50
Макаров Павел Михайлович,сержант,5,60
Степанов Иван Ильич,рядовой,9,27
Николаев Сергей Андреевич,рядовой,5,28
Андреев Денис Максимович,полковник,8,31
Кузнецов Юрий Викторович,сержант,6,52
Алексеев Сергей Максимович,полковник,10,42
Зайцев Виктор Павлович,майор,8,56
Степанов Евгений Александрович,полковник,11,29
Степанов Михаил Кириллович,майор,3,50
Соколов Константин Романович,полковник,1,44
Захаров Илья Иванович,майор,1,29
Кочергин Михаил Романович,лейтенант,10,36
Павлов Евгений Ильич,полковник,12,29
Морозов Дмитрий Романович,сержант,11,20
Егоров Илья Иванович,сержант,6,41
Фёдоров Илья Никитич,полковник,11,36
Козлов Александр Андреевич,капитан,5,21
Никитин Константин Олегович,прапорщик,11,29
Соколов Павел Андреевич,майор,8,46
Павлов Артём Андреевич,майор,1,31
Новиков Алексей Викторович,рядовой,12,38
Алексеев Евгений Романович,сержант,4,60
Иванов Сергей Олегович,полковник,7,52
Иванов Александр Кириллович,лейтенант,6,24
Алексеев Степан Андреевич,прапорщик,7,59
Соколов Сергей Никитич,прапорщик,11,60
Козлов Иван Кириллович,прапорщик,2,60
Макаров Егор Максимович,сержант,9,28
Андреев Денис Викторович,рядовой,12,50
Никитин Иван Кириллович,рядовой,11,19
Егоров Юрий Кириллович,полковник,10,44
Егоров Андрей Олегович,капитан,9,59
Андреев Егор Юрьевич,майор,10,27
Макаров Александр Павлович,майор,8,18
Козлов Иван Михайлович,полковник,10,39
Попов Сергей Дмитриевич,рядовой,1,54
Кочергин Иван Алексеевич,полковник,10,24
Михайлов Алексей Олегович,полковник,4,44
Яковлев Михаил Алексеевич,майор,4,51
Лебедев Максим Викторович,полковник,7,34
Лебедев Андрей Романович,рядовой,3,29
Лебедев Андрей Ильич,рядовой,9,35
Петров Никита Сергеевич,рядовой,9,19
Павлов Юрий Юрьевич,сержант,3,38
Макаров Константин Ильич,майор,6,39
Яковлев Матвей Никитич,полковник,5,60
Кочергин Михаил Павлович,лейтенант,11,35
Никитин Никита Юрьевич,рядовой,1,60
Николаев Александр Иванович,полковник,12,27
Петров Матвей Юрьевич,лейтенант,3,50
Новиков Денис Юрьевич,лейтенант,4,44
Андреев Олег Викторович,капитан,3,52
Яковлев Павел Михайлович,рядовой,7,19
Новиков Сергей Романович,прапорщик,10,23
Петров Илья Романович,майор,10,45
Зайцев Алексей Максимович,майор,6,40
Иванов Артём Иванович,сержант,5,24
Егоров Артём Михайлович,прапорщик,3,49
Петров Евгений Александрович,полковник,3,24
Михайлов Иван Максимович,капитан,6,54
Степанов Александр Романович,сержант,9,37
Сидоров Константин Олегович,лейтенант,2,42
Борисов Матвей Сергеевич,рядовой,9,18
Соколов Роман Алексеевич,рядовой,6,40
Васильев Артём Викторович,лейтенант,8,29
Лебедев Юрий Максимович,лейтенант,10,39
Иванов Александр Александрович,сержант,11,55
Захаров Виктор Кириллович,рядовой,11,31
Кузнецов Илья Андреевич,прапорщик,4,38
Козлов Кирилл Андреевич,капитан,6,46
Попов Алексей Никитич,рядовой,6,48
Новиков Евгений Олегович,лейтенант,4,31
Соколов Артём Олегович,прапорщик,9,39
Егоров Александр Ильич,капитан,10,37
Иванов Евгений Иванович,капитан,4,18
Яковлев Виктор Андреевич,лейтенант,5,28
Фёдоров Роман Дмитриевич,капитан,2,37
Николаев Никита Юрьевич,сержант,5,56
Борисов Матвей Сергеевич,полковник,5,46
Кочергин Юрий Максимович,капитан,12,21
Яковлев Михаил Сергеевич,капитан,8,52
Новиков Юрий Александрович,майор,10,58
Макаров Дмитрий Алексеевич,майор,11,59
Кузнецов Евгений Романович,полковник,2,35
Смирнов Дмитрий Михайлович,рядовой,11,36
Егоров Роман Андреевич,полковник,1,27
Смирнов Александр Олегович,сержант,8,60
Смирнов Денис Павлович,капитан,3,45
Семёнов Юрий Алексеевич,рядовой,11,31
Кочергин Илья Олегович,сержант,7,54
Яковлев Константин Максимович,майор,12,54
Морозов Денис Александрович,рядовой,9,30
Михайлов Иван Павлович,лейтенант,8,34
Петров Иван Викторович,капитан,2,23
Смирнов Александр Викторович,сержант,7,30
Попов Алексей Иванович,прапорщик,10,35
Никитин Юрий Иванович,рядовой,4,41
Попов Павел Андреевич,полковник,3,41
Егоров Денис Кириллович,прапорщик,3,20
Павлов Константин Дмитриевич,сержант,8,60
Яковлев Кирилл Сергеевич,лейтенант,9,39
Михайлов Илья Дмитриевич,капитан,12,40
Лебедев Роман Павлович,прапорщик,11,55
Соколов Константин Сергеевич,майор,8,54
Попов Константин Юрьевич,майор,7,30
Андреев Иван Никитич,прапорщик,4,46
Степанов Артём Андреевич,лейтенант,11,25
Козлов Роман Юрьевич,сержант,7,28
Степанов Денис Викторович,лейтенант,6,18
Никитин Кирилл Павлович,лейтенант,7,57
Козлов Константин Никитич,прапорщик,2,48
Орлов Никита Иванович,рядовой,10,32
Николаев Никита Павлович,рядовой,1,30
Васильев Дмитрий Викторович,сержант,10,20
Николаев Павел Ильич,лейтенант,3,50
Зайцев Денис Олегович,прапорщик,1,58
Зайцев Илья Ильич,рядовой,6,39
Зайцев Андрей Ильич,сержант,9,31
Зайцев Евгений Михайлович,майор,12,55
Васильев Виктор Романович,сержант,6,34
Иванов Кирилл Александрович,сержант,4,43
Семёнов Андрей Сергеевич,полковник,7,42
Лебедев Илья Иванович,рядовой,1,36
Захаров Сергей Андреевич,майор,6,21
Морозов Михаил Ильич,прапорщик,7,48
Яковлев Юрий Юрьевич,майор,3,57
Козлов Евгений Романович,прапорщик,11,46
Попов Артём Михайлович,сержант,1,29
Борисов Олег Сергеевич,майор,5,21
Андреев Илья Андреевич,полковник,1,55
Фёдоров Иван Олегович,майор,7,22
Петров Константин Александрович,лейтенант,10,43
Семёнов Максим Максимович,майор,4,42
Михайлов Максим Иванович,прапорщик,7,27
Павлов Кирилл Максимович,майор,7,46
Попов Олег Максимович,майор,8,44
Кузнецов Иван Михайлович,полковник,8,58
Никитин Евгений Алексеевич,майор,2,56
Новиков Денис Иванович,сержант,1,28
Козлов Максим Александрович,полковник,1,25
Егоров Максим Сергеевич,капитан,7,48
Егоров Андрей Викторович,сержант,4,50
Павлов Алексей Максимович,полковник,2,33
Михайлов Олег Павлович,капитан,4,41
Смирнов Виктор Олегович,капитан,6,28
Петров Александр Романович,лейтенант,5,41
Соколов Роман Алексеевич,полковник,9,25
Попов Виктор Андреевич,лейтенант,4,22
Смирнов Матвей Михайлович,майор,10,48
Яковлев Илья Дмитриевич,сержант,10,41
Андреев Матвей Андреевич,капитан,7,35
Смирнов Виктор Викторович,рядовой,4,37
Сидоров Денис Павлович,майор,1,51
Васильев Андрей Романович,майор,4,23
Васильев Илья Сергеевич,сержант,4,35
Васильев Максим Иванович,сержант,2,32
Степанов Михаил Дмитриевич,капитан,10,25
Орлов Алексей Павлович,сержант,6,22
Орлов Кирилл Дмитриевич,сержант,4,21
Смирнов Сергей Максимович,полковник,8,23
Павлов Алексей Викторович,полковник,1,28
Смирнов Андрей Романович,капитан,5,21
Иванов Юрий Максимович,рядовой,10,28
Фёдоров Евгений Кириллович,капитан,10,41
Захаров Дмитрий Романович,рядовой,1,32
Павлов Алексей Викторович,полковник,9,59
Николаев Денис Никитич,сержант,7,21
Семёнов Денис Иванович,прапорщик,9,34
Павлов Денис Андреевич,капитан,2,34
Борисов Юрий Иванович,майор,4,50
Фёдоров Степан Ильич,рядовой,10,22
Егоров Алексей Сергеевич,капитан,10,58
Макаров Иван Алексеевич,полковник,3,53
Зайцев Иван Кириллович,лейтенант,10,28
Сидоров Андрей Алексеевич,капитан,3,53
Козлов Алексей Никитич,полковник,1,49
Сидоров Александр Максимович,лейтенант,7,33
Козлов Алексей Иванович,прапорщик,9,26
Соколов Алексей Александрович,сержант,3,36
Козлов Евгений Андреевич,лейтенант,11,30
Егоров Никита Иванович,майор,4,50
Смирнов Павел Максимович,рядовой,8,44
Семёнов Матвей Андреевич,прапорщик,5,42
Лебедев Юрий Романович,полковник,5,45
Яковлев Кирилл Алексеевич,прапорщик,5,51
Кочергин Михаил Викторович,лейтенант,6,56
Соловьёв Юрий Романович,рядовой,1,27
Николаев Иван Викторович,лейтенант,10,57
Кузнецов Степан Александрович,лейтенант,10,20
Лебедев Максим Алексеевич,майор,1,27
Сидоров Никита Александрович,капитан,4,20
Новиков Степан Александрович,рядовой,2,29
Алексеев Егор Павлович,рядовой,8,54
Андреев Алексей Юрьевич,капитан,12,46
Алексеев Дмитрий Максимович,лейтенант,2,29
Никитин Максим Сергеевич,прапорщик,10,26
Семёнов Виктор Павлович,лейтенант,5,52
Лебедев Евгений Олегович,прапорщик,7,56
Михайлов Артём Алексеевич,полковник,7,24
Павлов Максим Дмитриевич,сержант,12,27
Степанов Юрий Кириллович,майор,10,52
Новиков Иван Ильич,сержант,12,44
Смирнов Матвей Павлович,капитан,4,52
Сидоров Дмитрий Павлович,полковник,7,59
Лебедев Степан Романович,полковник,5,43
Алексеев Максим Романович,прапорщик,11,48
Смирнов Матвей Никитич,капитан,10,30
Захаров Артём Михайлович,капитан,10,46
Кочергин Кирилл Максимович,прапорщик,6,35
Кочергин Михаил Романович,лейтенант,4,56
Захаров Алексей Романович,полковник,5,26
Сидоров Андрей Юрьевич,полковник,1,53
Орлов Денис Павлович,майор,10,36
Борисов Роман Романович,капитан,7,27
Попов Михаил Максимович,капитан,11,57
Степанов Дмитрий Викторович,полковник,12,38
Зайцев Роман Юрьевич,полковник,5,43
Соколов Павел Сергеевич,майор,6,55
Степанов Дмитрий Сергеевич,полковник,7,42
Андреев Михаил Алексеевич,сержант,5,30
Андреев Андрей Александрович,капитан,11,42
Семёнов Олег Иванович,капитан,9,27
Новиков Евгений Максимович,майор,2,35
Павлов Дмитрий Кириллович,рядовой,2,43
Новиков Никита Никитич,сержант,7,48
Соколов Максим Олегович,рядовой,11,35
Кузнецов Михаил Сергеевич,лейтенант,1,21
Андреев Сергей Кириллович,лейтенант,4,29
Михайлов Алексей Ильич,сержант,9,20
Фёдоров Кирилл Олегович,капитан,4,59
Алексеев Иван Михайлович,майор,9,35
Захаров Роман Иванович,рядовой,9,38
Кузнецов Олег Иванович,прапорщик,9,43
Новиков Артём Алексеевич,лейтенант,5,37
Лебедев Юрий Юрьевич,лейтенант,8,45
Петров Артём Иванович,лейтенант,5,25
Андреев Роман Олегович,полковник,6,47
Сидоров Андрей Олегович,майор,4,52
Зайцев Егор Дмитриевич,прапорщик,6,53
Фёдоров Павел Викторович,лейтенант,1,48
Соколов Виктор Романович,полковник,4,53
Макаров Павел Иванович,лейтенант,6,19
Макаров Виктор Андреевич,прапорщик,7,53
Семёнов Виктор Кириллович,прапорщик,10,54
Соколов Денис Викторович,капитан,8,30
Попов Александр Максимович,сержант,8,48
Михайлов Роман Никитич,прапорщик,1,51
Орлов Михаил Викторович,капитан,2,44
Кузнецов Виктор Максимович,капитан,10,49
Соловьёв Алексей Максимович,полковник,10,44
Попов Константин Иванович,рядовой,1,43
Сидоров Павел Романович,лейтенант,2,35
Орлов Сергей Михайлович,прапорщик,1,30
Николаев Александр Михайлович,сержант,5,31
Соколов Степан Сергеевич,прапорщик,1,52
Кузнецов Алексей Юрьевич,лейтенант,9,49
Попов Александр Романович,рядовой,2,59
Николаев Максим Максимович,майор,5,19
Морозов Илья Ильич,лейтенант,9,55
Борисов Максим Иванович,рядовой,8,34
Михайлов Алексей Дмитриевич,рядовой,8,51
Яковлев Степан Алексеевич,лейтенант,1,33
Орлов Степан Юрьевич,лейтенант,12,39
Соловьёв Алексей Дмитриевич,сержант,2,36
Семёнов Александр Юрьевич,майор,7,56
Никитин Иван Максимович,рядовой,6,56
Зайцев Дмитрий Кириллович,рядовой,4,41
Морозов Илья Алексеевич,полковник,1,50
Павлов Олег Сергеевич,сержант,11,47
Козлов Артём Алексеевич,прапорщик,12,47
Попов Роман Викторович,полковник,1,20
Соловьёв Сергей Романович,майор,11,53
Васильев Егор Алексеевич,майор,1,34
Алексеев Илья Александрович,лейтенант,3,19
Яковлев Алексей Юрьевич,прапорщик,2,24
Иванов Никита Михайлович,капитан,8,59
Соколов Кирилл Сергеевич,лейтенант,6,43
Семёнов Дмитрий Александрович,сержант,9,50
Козлов Артём Олегович,рядовой,4,58
Зайцев Денис Михайлович,капитан,3,32
Васильев Виктор Ильич,рядовой,9,37
Николаев Илья Романович,полковник,11,28
Лебедев Роман Максимович,рядовой,8,43
Кузнецов Артём Михайлович,рядовой,9,27
Кочергин Илья Олегович,полковник,5,38
Попов Сергей Викторович,сержант,2,34
Захаров Юрий Ильич,прапорщик,8,29
Новиков Артём Ильич,прапорщик,10,24
Смирнов Александр Дмитриевич,прапорщик,6,41
Васильев Виктор Сергеевич,майор,1,51
Алексеев Олег Андреевич,сержант,5,29
Семёнов Илья Никитич,капитан,2,19
Лебедев Денис Андреевич,прапорщик,10,42
Морозов Юрий Алексеевич,сержант,10,26
Никитин Кирилл Михайлович,полковник,12,40
Иванов Матвей Максимович,капитан,5,55
Иванов Александр Дмитриевич,сержант,6,32
Алексеев Егор Романович,лейтенант,5,36
Андреев Константин Кириллович,сержант,9,39
Морозов Кирилл Романович,лейтенант,12,55
Семёнов Павел Андреевич,полковник,5,34
Алексеев Степан Сергеевич,рядовой,10,27
Михайлов Илья Викторович,рядовой,7,57
Соколов Никита Юрьевич,рядовой,3,57
Петров Артём Олегович,капитан,6,28
Никитин Алексей Дмитриевич,прапорщик,11,46
Зайцев Роман Юрьевич,сержант,12,29
Макаров Иван Романович,полковник,4,19
Козлов Иван Иванович,лейтенант,10,18
Зайцев Сергей Сергеевич,майор,9,29
Сидоров Артём Михайлович,рядовой,2,59
Попов Дмитрий Юрьевич,лейтенант,12,43
Егоров Артём Никитич,майор,10,53
Яковлев Денис Андреевич,прапорщик,11,30
Борисов Денис Андреевич,сержант,6,54
Алексеев Артём Иванович,капитан,8,30
Петров Сергей Максимович,лейтенант,1,44
Степанов Андрей Андреевич,рядовой,12,38
Семёнов Андрей Олегович,сержант,1,31
Кузнецов Степан Андреевич,сержант,2,22
Смирнов Иван Романович,капитан,11,41
Соколов Алексей Кириллович,сержант,2,48
Орлов Андрей Иванович,прапорщик,12,59
Кочергин Кирилл Михайлович,капитан,2,46
Егоров Андрей Дмитриевич,рядовой,8,58
Сидоров Никита Алексеевич,лейтенант,2,25
Яковлев Матвей Ильич,капитан,8,41
Лебедев Степан Максимович,рядовой,8,24
Кузнецов Матвей Сергеевич,рядовой,3,24
Васильев Константин Романович,капитан,1,48
Михайлов Павел Алексеевич,лейтенант,4,41
Сидоров Матвей Юрьевич,полковник,5,50
Фёдоров Роман Ильич,лейтенант,7,59
Яковлев Иван Олегович,рядовой,10,20
Андреев Никита Алексеевич,рядовой,11,49
Новиков Евгений Юрьевич,полковник,7,59
Смирнов Никита Андреевич,рядовой,10,33
Кузнецов Сергей Юрьевич,рядовой,3,29
Алексеев Михаил Романович,полковник,12,58
Никитин Артём Ильич,прапорщик,1,27
Козлов Сергей Викторович,майор,7,45
Яковлев Андрей Александрович,прапорщик,12,36
Борисов Александр Никитич,майор,1,43
Семёнов Матвей Сергеевич,прапорщик,11,25
Морозов Александр Дмитриевич,капитан,6,48
Алексеев Алексей Кириллович,сержант,2,58
Яковлев Александр Никитич,майор,8,24
Никитин Алексей Алексеевич,сержант,6,43
Лебедев Артём Александрович,майор,9,36
Иванов Константин Олегович,лейтенант,12,27
Сидоров Евгений Максимович,майор,12,19
Кочергин Константин Викторович,рядовой,9,19
Козлов Виктор Дмитриевич,капитан,2,30
Макаров Михаил Викторович,полковник,8,33
Борисов Матвей Алексеевич,капитан,1,25
Орлов Матвей Павлович,майор,3,55
Степанов Артём Александрович,рядовой,10,22
Морозов Александр Иванович,рядовой,8,55
Егоров Павел Сергеевич,сержант,12,33
Никитин Александр Дмитриевич,сержант,1,40
Кочергин Юрий Александрович,капитан,5,50
Михайлов Юрий Михайлович,капитан,12,33
Иванов Степан Юрьевич,прапорщик,12,38
Иванов Егор Алексеевич,рядовой,11,42
Лебедев Илья Иванович,сержант,1,56
Павлов Александр Никитич,майор,5,26
Алексеев Сергей Романович,сержант,2,33
Петров Артём Дмитриевич,капитан,9,59
Новиков Денис Юрьевич,майор,9,31
Павлов Александр Сергеевич,капитан,9,51
Борисов Кирилл Ильич,полковник,2,59
Егоров Роман Юрьевич,рядовой,4,26
Фёдоров Егор Кириллович,майор,8,35
Козлов Константин Никитич,капитан,3,48
Морозов Никита Ильич,прапорщик,3,49
Орлов Алексей Алексеевич,прапорщик,9,57
Петров Дмитрий Алексеевич,сержант,2,53
Кузнецов Константин Дмитриевич,прапорщик,8,42
Павлов Юрий Сергеевич,лейтенант,2,58
Орлов Константин Дмитриевич,рядовой,12,47
Васильев Иван Михайлович,капитан,9,58
Фёдоров Юрий Алексеевич,рядовой,8,53
Сидоров Олег Дмитриевич,прапорщик,2,46
Козлов Михаил Андреевич,полковник,11,28
Борисов Юрий Дмитриевич,прапорщик,7,46
Борисов Дмитрий Никитич,сержант,8,43
Павлов Степан Кириллович,капитан,3,55
Макаров Дмитрий Андреевич,капитан,1,30
Захаров Александр Дмитриевич,рядовой,5,35
Попов Андрей Ильич,капитан,3,52
Зайцев Евгений Романович,сержант,5,23
Андреев Максим Андреевич,полковник,8,31
Михайлов Сергей Романович,лейтенант,11,20
Никитин Юрий Александрович,лейтенант,12,58
Яковлев Сергей Александрович,капитан,6,51
Иванов Андрей Павлович,рядовой,4,29
Михайлов Юрий Михайлович,лейтенант,1,41
Попов Олег Сергеевич,капитан,5,49
Алексеев Павел Кириллович,сержант,3,50
Макаров Андрей Сергеевич,рядовой,8,41
Семёнов Михаил Дмитриевич,сержант,7,21
Михайлов Юрий Андреевич,лейтенант,4,27
Новиков Сергей Ильич,майор,8,49
Новиков Павел Викторович,сержант,12,56
Борисов Роман Викторович,капитан,2,22
Морозов Константин Сергеевич,капитан,12,25
Захаров Павел Сергеевич,прапорщик,6,32
Фёдоров Илья Кириллович,капитан,12,35
Новиков Михаил Михайлович,прапорщик,10,44
Попов Степан Александрович,прапорщик,8,23
Семёнов Дмитрий Кириллович,прапорщик,4,56
Петров Илья Викторович,майор,9,40
Яковлев Илья Алексеевич,капитан,8,60
Егоров Алексей Андреевич,майор,10,25
Никитин Степан Максимович,сержант,12,38
Степанов Михаил Кириллович,полковник,8,35
Кочергин Михаил Кириллович,лейтенант,11,35
Соловьёв Евгений Дмитриевич,полковник,6,47
Степанов Артём Иванович,капитан,10,18
Борисов Матвей Максимович,полковник,2,47
Макаров Сергей Ильич,капитан,2,45
Новиков Степан Михайлович,полковник,3,37
Егоров Илья Олегович,майор,6,54
Лебедев Павел Иванович,сержант,1,30
Васильев Олег Ильич,полковник,8,23
Новиков Иван Максимович,майор,6,37
Степанов Виктор Олегович,сержант,2,30
Егоров Константин Максимович,лейтенант,11,57
Семёнов Кирилл Павлович,рядовой,5,37
Егоров Никита Кириллович,лейтенант,8,54
Кузнецов Евгений Дмитриевич,капитан,10,25
Сидоров Максим Никитич,лейтенант,1,57
Соколов Никита Никитич,прапорщик,5,22
Егоров Евгений Павлович,полковник,4,30
Васильев Константин Романович,майор,8,60
Захаров Михаил Викторович,сержант,2,37
Захаров Денис Викторович,майор,1,46
Андреев Роман Александрович,полковник,9,52
Сидоров Роман Сергеевич,полковник,7,50
Павлов Максим Михайлович,капитан,4,22
Кочергин Виктор Павлович,прапорщик,2,32
Семёнов Илья Александрович,полковник,6,26
Николаев Алексей Ильич,капитан,4,39
Кузнецов Александр Викторович,полковник,3,42
Попов Илья Михайлович,рядовой,2,26
Васильев Павел Никитич,капитан,10,41
Васильев Павел Алексеевич,прапорщик,2,22
Кочергин Артём Александрович,прапорщик,9,38
Захаров Степан Романович,рядовой,10,27
Иванов Юрий Ильич,полковник,12,27
Яковлев Иван Викторович,сержант,12,32
Соколов Степан Никитич,рядовой,8,31
Фёдоров Кирилл Михайлович,прапорщик,2,47
Попов Алексей Дмитриевич,майор,2,23
Морозов Матвей Павлович,рядовой,10,36
Фёдоров Роман Юрьевич,полковник,9,28
Борисов Юрий Юрьевич,майор,6,54
Андреев Евгений Павлович,рядовой,11,43
Егоров Павел Ильич,полковник,1,21
Макаров Денис Ильич,капитан,8,26
Кузнецов Илья Юрьевич,прапорщик,12,21
Попов Степан Александрович,прапорщик,9,26
Новиков Андрей Александрович,рядовой,2,40
Алексеев Денис Иванович,майор,4,57
Фёдоров Иван Романович,рядовой,6,29
Орлов Виктор Максимович,капитан,6,54
Фёдоров Кирилл Романович,прапорщик,8,18
Павлов Максим Олегович,полковник,1,42
Кузнецов Степан Юрьевич,капитан,9,42
Морозов Никита Павлович,майор,8,23
Лебедев Артём Никитич,майор,4,22
Попов Алексей Дмитриевич,рядовой,8,31
Козлов Илья Юрьевич,майор,12,50
Макаров Олег Максимович,прапорщик,1,43
Соловьёв Денис Олегович,лейтенант,9,40
Лебедев Максим Никитич,полковник,5,20
Степанов Алексей Павлович,прапорщик,7,35
Новиков Артём Ильич,рядовой,8,28
Кочергин Константин Павлович,майор,4,19
Лебедев Олег Михайлович,лейтенант,1,41
Попов Сергей Дмитриевич,сержант,2,47
Зайцев Юрий Никитич,полковник,8,57
Петров Дмитрий Юрьевич,лейтенант,8,33
Никитин Константин Сергеевич,полковник,8,48
Николаев Степан Сергеевич,прапорщик,10,42
Алексеев Роман Сергеевич,лейтенант,10,44
Смирнов Степан Юрьевич,прапорщик,10,60
Соловьёв Михаил Никитич,сержант,6,60
Николаев Артём Кириллович,майор,11,22
Васильев Егор Олегович,сержант,9,24
Николаев Александр Юрьевич,полковник,5,33
Михайлов Константин Романович,полковник,9,23
Морозов Виктор Андреевич,рядовой,8,43
Иванов Виктор Александрович,полковник,11,54
Николаев Алексей Павлович,капитан,9,32
Петров Дмитрий Романович,лейтенант,5,21
Кузнецов Юрий Кириллович,капитан,12,29
Яковлев Евгений Максимович,полковник,10,25
Захаров Кирилл Павлович,полковник,8,44
Николаев Кирилл Юрьевич,полковник,7,39
Фёдоров Илья Кириллович,рядовой,3,26
Соловьёв Матвей Михайлович,полковник,9,34
Орлов Олег Павлович,майор,10,41
Соловьёв Алексей Ильич,рядовой,4,44
Андреев Юрий Алексеевич,майор,12,60
Орлов Евгений Сергеевич,прапорщик,11,60
Николаев Виктор Максимович,прапорщик,10,59
Соколов Максим Павлович,полковник,4,53
Павлов Олег Александрович,капитан,9,57
Степанов Максим Юрьевич,лейтенант,2,24
Фёдоров Константин Олегович,сержант,6,50
Васильев Дмитрий Павлович,капитан,6,54
Орлов Егор Ильич,сержант,12,40
Иванов Михаил Максимович,прапорщик,5,43
Захаров Олег Кириллович,полковник,7,24
Захаров Евгений Александрович,сержант,6,52
Попов Никита Юрьевич,сержант,12,22
Макаров Алексей Олегович,сержант,3,55
Лебедев Максим Дмитриевич,капитан,6,21
Новиков Олег Андреевич,сержант,6,53
Соловьёв Егор Иванович,майор,8,44
Орлов Алексей Никитич,майор,10,20
Николаев Егор Ильич,полковник,7,38
Козлов Александр Ильич,рядовой,12,18
Яковлев Алексей Сергеевич,полковник,10,19
Кочергин Андрей Ильич,сержант,9,60
Васильев Юрий Кириллович,полковник,9,44
Соловьёв Константин Олегович,майор,2,48
Борисов Кирилл Никитич,рядовой,7,41
Зайцев Матвей Ильич,сержант,5,48
Морозов Юрий Ильич,капитан,8,33
Макаров Степан Викторович,полковник,12,27
Иванов Константин Дмитриевич,сержант,8,35
Яковлев Дмитрий Сергеевич,полковник,5,36
Соколов Егор Андреевич,майор,4,38
Захаров Егор Михайлович,рядовой,5,42
Морозов Алексей Михайлович,капитан,11,43
Павлов Кирилл Павлович,капитан,2,30
Егоров Олег Дмитриевич,прапорщик,8,40
Николаев Илья Михайлович,лейтенант,8,50
Павлов Роман Викторович,прапорщик,12,37
Захаров Роман Олегович,прапорщик,4,41
Макаров Олег Романович,рядовой,1,56
Семёнов Олег Андреевич,полковник,9,33
Никитин Матвей Никитич,полковник,7,40
Фёдоров Артём Олегович,рядовой,8,30
Соколов Евгений Алексеевич,полковник,12,26
Новиков Павел Михайлович,прапорщик,4,40
Попов Матвей Андреевич,полковник,2,40
Макаров Степан Дмитриевич,прапорщик,5,18
Кузнецов Виктор Максимович,майор,7,47
Николаев Матвей Максимович,сержант,10,47
Захаров Олег Михайлович,лейтенант,5,31
Соловьёв Кирилл Романович,майор,4,25
Соловьёв Матвей Александрович,капитан,1,52
Никитин Степан Иванович,рядовой,11,39
Борисов Кирилл Кириллович,полковник,8,43
Макаров Павел Александрович,сержант,6,24
Павлов Павел Максимович,рядовой,7,57
Лебедев Юрий Ильич,капитан,11,38
Алексеев Павел Андреевич,сержант,6,50
Лебедев Денис Олегович,капитан,6,52
Кочергин Дмитрий Сергеевич,прапорщик,10,24
Андреев Матвей Александрович,сержант,11,51
Кузнецов Константин Дмитриевич,лейтенант,12,24
Борисов Алексей Максимович,рядовой,7,24
Яковлев Дмитрий Юрьевич,сержант,6,28
Васильев Сергей Викторович,лейтенант,10,34
Новиков Олег Максимович,капитан,8,52
Борисов Денис Иванович,майор,6,40
Смирнов Матвей Иванович,рядовой,1,42
Захаров Иван Олегович,рядовой,7,60
Степанов Сергей Андреевич,сержант,10,25
Соловьёв Денис Ильич,лейтенант,7,18
Семёнов Денис Олегович,прапорщик,7,48
Семёнов Иван Никитич,полковник,1,58
Семёнов Алексей Михайлович,прапорщик,9,50
Зайцев Александр Андреевич,лейтенант,1,53
Семёнов Роман Викторович,рядовой,9,32
Козлов Павел Максимович,рядовой,11,35
Зайцев Артём Кириллович,полковник,1,31
Смирнов Юрий Юрьевич,лейтенант,2,20
Попов Алексей Ильич,капитан,5,58
Борисов Павел Ильич,капитан,6,27
Соколов Михаил Кириллович,полковник,9,41
Кочергин Юрий Андреевич,майор,10,56
Кочергин Степан Павлович,сержант,5,45
Сидоров Кирилл Романович,сержант,11,21
Яковлев Андрей Кириллович,полковник,12,37
Морозов Денис Викторович,прапорщик,8,46
Новиков Алексей Михайлович,майор,6,20
Кочергин Павел Викторович,рядовой,8,22
Степанов Сергей Алексеевич,сержант,8,32
Смирнов Евгений Викторович,рядовой,2,19
Зайцев Юрий Иванович,прапорщик,9,31
Сидоров Алексей Андреевич,капитан,8,48
Павлов Евгений Максимович,прапорщик,12,51
Козлов Степан Александрович,капитан,7,31
Никитин Илья Иванович,капитан,12,40
Орлов Илья Кириллович,прапорщик,4,22
Борисов Максим Ильич,прапорщик,1,46
Алексеев Максим Александрович,капитан,9,35
Васильев Константин Ильич,полковник,3,51
Лебедев Артём Александрович,полковник,7,33
Михайлов Юрий Ильич,полковник,6,33
Соколов Виктор Александрович,сержант,1,38
Алексеев Степан Павлович,полковник,2,42
Никитин Михаил Михайлович,полковник,12,41
Петров Евгений Максимович,рядовой,7,28
Лебедев Матвей Юрьевич,сержант,9,18
Егоров Максим Никитич,рядовой,4,32
Новиков Кирилл Максимович,капитан,7,19
Захаров Иван Никитич,полковник,9,44
Соколов Виктор Олегович,майор,8,26
Михайлов Дмитрий Кириллович,прапорщик,4,28
Кузнецов Алексей Иванович,майор,3,31
Орлов Юрий Александрович,сержант,6,22
Попов Дмитрий Ильич,лейтенант,5,41
Попов Кирилл Максимович,сержант,1,19
Соловьёв Илья Никитич,майор,10,18
Никитин Михаил Михайлович,прапорщик,12,47
Морозов Никита Юрьевич,сержант,3,28
Козлов Константин Юрьевич,полковник,8,24
Попов Юрий Иванович,прапорщик,8,21
Зайцев Александр Викторович,сержант,12,30
Фёдоров Илья Максимович,полковник,9,49
Морозов Сергей Павлович,сержант,7,58
Лебедев Александр Ильич,полковник,10,35
Яковлев Роман Никитич,полковник,5,54
Борисов Павел Михайлович,капитан,8,23
Лебедев Иван Максимович,рядовой,5,29
Петров Никита Кириллович,майор,4,31
Новиков Артём Романович,лейтенант,2,32
Морозов Иван Сергеевич,лейтенант,12,58
Зайцев Александр Олегович,сержант,10,19
Андреев Александр Романович,рядовой,10,60
Семёнов Виктор Никитич,полковник,11,42
Васильев Никита Дмитриевич,сержант,7,29
Сидоров Олег Павлович,лейтенант,11,58
Зайцев Дмитрий Викторович,полковник,8,51
Морозов Дмитрий Дмитриевич,прапорщик,1,28
Яковлев Олег Михайлович,прапорщик,3,55
Захаров Павел Викторович,капитан,6,52
Орлов Андрей Романович,полковник,4,18
Кузнецов Виктор Максимович,прапорщик,7,42
Борисов Степан Кириллович,рядовой,4,34
Лебедев Олег Олегович,прапорщик,6,44
Зайцев Михаил Сергеевич,прапорщик,10,44
Захаров Артём Иванович,майор,1,30
Сидоров Виктор Михайлович,майор,2,19
Козлов Евгений Кириллович,сержант,6,24
Новиков Юрий Александрович,рядовой,12,32
Иванов Никита Александрович,майор,11,36
Яковлев Роман Викторович,сержант,8,58
Новиков Алексей Кириллович,рядовой,2,58
Смирнов Александр Сергеевич,лейтенант,9,30
Лебедев Евгений Дмитриевич,полковник,9,18
Петров Илья Максимович,майор,5,42
Павлов Михаил Павлович,сержант,6,20
Яковлев Юрий Ильич,капитан,6,43
Зайцев Олег Юрьевич,прапорщик,10,26
Никитин Олег Михайлович,майор,4,22
Орлов Максим Михайлович,сержант,2,59
Смирнов Павел Романович,лейтенант,4,47
Кочергин Андрей Олегович,прапорщик,12,21
Егоров Егор Сергеевич,лейтенант,2,60
Иванов Андрей Ильич,лейтенант,11,50
Николаев Максим Юрьевич,капитан,9,21
Николаев Александр Иванович,майор,3,59
Кузнецов Егор Иванович,майор,4,56
Лебедев Кирилл Олегович,майор,3,35
Степанов Константин Романович,сержант,4,52
Николаев Дмитрий Кириллович,лейтенант,8,24
Михайлов Олег Павлович,лейтенант,11,38
Захаров Иван Сергеевич,прапорщик,9,57
Васильев Егор Кириллович,полковник,7,24
Лебедев Алексей Алексеевич,полковник,8,47
Яковлев Илья Андреевич,сержант,9,21
Козлов Роман Викторович,полковник,3,36
Макаров Дмитрий Александрович,прапорщик,11,27
Петров Иван Сергеевич,капитан,2,25
Борисов Матвей Ильич,сержант,12,19
Васильев Матвей Олегович,майор,10,30
Макаров Виктор Сергеевич,прапорщик,5,48
Попов Кирилл Андреевич,лейтенант,5,21
Степанов Андрей Юрьевич,лейтенант,11,29
Павлов Виктор Юрьевич,лейтенант,7,31
Козлов Юрий Романович,полковник,4,57
Егоров Алексей Максимович,полковник,10,43
Зайцев Артём Иванович,сержант,6,48
Кузнецов Александр Ильич,полковник,4,49
Макаров Матвей Максимович,прапорщик,2,21
Петров Денис Сергеевич,майор,12,28
Михайлов Олег Андреевич,рядовой,11,18
Сидоров Никита Дмитриевич,полковник,5,37
Андреев Денис Олегович,майор,7,40
Андреев Иван Дмитриевич,сержант,6,53
Никитин Степан Романович,сержант,3,40
Сидоров Андрей Романович,рядовой,5,45
Яковлев Матвей Александрович,сержант,12,59
Кузнецов Дмитрий Викторович,полковник,7,37
Орлов Артём Максимович,полковник,4,18
Андреев Егор Максимович,рядовой,8,39
Соколов Роман Кириллович,полковник,6,32
Соловьёв Максим Дмитриевич,капитан,6,42
Фёдоров Юрий Кириллович,полковник,5,27
Козлов Евгений Юрьевич,полковник,6,45
Михайлов Виктор Андреевич,прапорщик,8,42
Васильев Артём Викторович,капитан,6,41
Яковлев Андрей Андреевич,майор,10,52
Орлов Виктор Викторович,лейтенант,9,34
Попов Андрей Иванович,сержант,4,23
Егоров Михаил Романович,сержант,5,28
Кузнецов Роман Дмитриевич,капитан,1,53
Новиков Роман Романович,рядовой,2,27
Андреев Иван Андреевич,лейтенант,3,38
Макаров Павел Алексеевич,капитан,7,40
Попов Константин Михайлович,полковник,3,33
Борисов Алексей Сергеевич,лейтенант,7,41
Семёнов Алексей Алексеевич,прапорщик,5,54
Семёнов Андрей Павлович,рядовой,8,48
Павлов Никита Олегович,майор,3,38
Фёдоров Роман Никитич,прапорщик,8,46
Алексеев Александр Олегович,прапорщик,5,25
Павлов Алексей Викторович,майор,5,29
Михайлов Александр Кириллович,майор,6,18
Петров Михаил Михайлович,прапорщик,3,39
Борисов Егор Павлович,капитан,5,41
Павлов Иван Дмитриевич,прапорщик,2,56
Новиков Павел Романович,прапорщик,4,22
Андреев Алексей Алексеевич,лейтенант,7,44
Николаев Кирилл Михайлович,лейтенант,8,28
Егоров Павел Никитич,рядовой,6,38
Лебедев Никита Юрьевич,капитан,2,25
Егоров Сергей Иванович,полковник,8,50
Иванов Константин Романович,рядовой,12,28
Яковлев Егор Иванович,капитан,8,60
Захаров Илья Олегович,капитан,8,35
Борисов Денис Иванович,прапорщик,12,57
Орлов Егор Иванович,майор,11,29
Степанов Степан Александрович,капитан,10,51
Михайлов Андрей Юрьевич,сержант,1,19
Андреев Александр Андреевич,прапорщик,12,54
Орлов Виктор Олегович,лейтенант,3,49
Кузнецов Константин Алексеевич,капитан,2,23
Петров Артём Юрьевич,полковник,1,37
Яковлев Олег Александрович,прапорщик,7,37
Иванов Кирилл Иванович,майор,8,56
Козлов Артём Дмитриевич,лейтенант,12,18
Семёнов Сергей Юрьевич,капитан,6,25
Михайлов Сергей Михайлович,рядовой,12,42
Яковлев Сергей Викторович,рядовой,5,26
Никитин Виктор Иванович,майор,5,51
Николаев Иван Андреевич,лейтенант,4,48
Николаев Алексей Иванович,сержант,5,47
Зайцев Артём Александрович,лейтенант,10,46
Васильев Виктор Михайлович,прапорщик,2,40
Андреев Максим Иванович,капитан,4,21
Николаев Роман Ильич,полковник,12,48
Борисов Кирилл Никитич,сержант,6,45
Сидоров Олег Кириллович,лейтенант,9,37
Соловьёв Денис Юрьевич,рядовой,6,38
Васильев Павел Александрович,полковник,5,56
Зайцев Дмитрий Алексеевич,полковник,12,26
Соколов Артём Сергеевич,полковник,7,28
Андреев Сергей Никитич,лейтенант,8,32
Семёнов Кирилл Алексеевич,рядовой,5,49
Захаров Илья Александрович,сержант,5,44
Васильев Сергей Алексеевич,майор,8,58
Смирнов Степан Кириллович,полковник,4,56
Фёдоров Денис Александрович,прапорщик,10,32
Козлов Иван Сергеевич,майор,4,26
Васильев Андрей Юрьевич,прапорщик,7,38
Николаев Роман Дмитриевич,рядовой,11,38
Сидоров Илья Максимович,прапорщик,6,45
Лебедев Иван Иванович,рядовой,11,18
Соколов Андрей Андреевич,полковник,10,46
Орлов Никита Максимович,майор,1,58
Алексеев Андрей Романович,прапорщик,9,59
Петров Андрей Ильич,лейтенант,1,49
Лебедев Алексей Александрович,полковник,6,55
Смирнов Максим Сергеевич,майор,11,37
Макаров Андрей Романович,прапорщик,11,47
Семёнов Олег Олегович,полковник,1,19
Попов Иван Сергеевич,прапорщик,11,27
Яковлев Александр Александрович,майор,7,54
Васильев Павел Романович,прапорщик,2,47
Козлов Александр Кириллович,майор,6,45
Егоров Кирилл Павлович,майор,10,32
Новиков Дмитрий Сергеевич,сержант,8,59
Лебедев Павел Иванович,сержант,8,58
Фёдоров Александр Ильич,рядовой,2,36
Макаров Илья Дмитриевич,рядовой,11,30
Андреев Павел Юрьевич,рядовой,1,49
Захаров Роман Кириллович,прапорщик,8,18
Захаров Андрей Павлович,рядовой,8,58
Степанов Илья Сергеевич,майор,7,56
Борисов Степан Олегович,полковник,11,49
Яковлев Степан Викторович,рядовой,10,18
Никитин Иван Александрович,рядовой,12,22
Фёдоров Иван Викторович,лейтенант,7,42
Петров Егор Дмитриевич,лейтенант,2,36
Морозов Денис Ильич,полковник,9,19
Кочергин Павел Романович,сержант,9,25
Зайцев Иван Романович,рядовой,1,56
Новиков Андрей Олегович,лейтенант,4,50
Захаров Михаил Романович,майор,4,23
Зайцев Егор Иванович,рядовой,9,29
Андреев Артём Дмитриевич,майор,2,54
Андреев Роман Романович,рядовой,11,42
Никитин Андрей Дмитриевич,лейтенант,9,60
Яковлев Андрей Кириллович,капитан,7,48
Соколов Павел Иванович,сержант,9,36
Смирнов Матвей Олегович,капитан,12,42
Борисов Артём Никитич,рядовой,10,24
Павлов Егор Михайлович,сержант,8,38
Соколов Юрий Викторович,лейтенант,2,48
Фёдоров Александр Кириллович,рядовой,5,50
Семёнов Андрей Михайлович,сержант,2,41
Фёдоров Юрий Павлович,лейтенант,8,40
Кузнецов Олег Михайлович,полковник,10,54
Борисов Евгений Максимович,полковник,1,33
Васильев Олег Павлович,сержант,4,27
Борисов Матвей Дмитриевич,капитан,12,48
Кузнецов Матвей Павлович,лейтенант,3,43
Егоров Юрий Андреевич,полковник,7,19
Лебедев Максим Павлович,капитан,3,21
Орлов Иван Никитич,прапорщик,2,29
Никитин Степан Викторович,капитан,7,27
Алексеев Артём Ильич,лейтенант,6,43
Орлов Никита Павлович,лейтенант,7,33
Николаев Виктор Андреевич,сержант,11,54
Николаев Сергей Павлович,прапорщик,9,48
Макаров Егор Сергеевич,рядовой,10,31
Морозов Павел Юрьевич,сержант,5,50
Кузнецов Сергей Михайлович,майор,4,45
Захаров Виктор Сергеевич,прапорщик,4,32
Павлов Сергей Ильич,рядовой,1,55
Фёдоров Роман Олегович,лейтенант,6,49
Смирнов Евгений Кириллович,лейтенант,3,29
Яковлев Александр Дмитриевич,рядовой,12,18
Смирнов Егор Романович,рядовой,1,51
Попов Евгений Михайлович,рядовой,9,23
Захаров Роман Андреевич,капитан,11,42
Иванов Иван Иванович,рядовой,7,35
Соловьёв Алексей Ильич,капитан,5,39
Козлов Кирилл Дмитриевич,полковник,12,45
Петров Павел Максимович,лейтенант,2,54
Кочергин Олег Романович,прапорщик,6,48
Павлов Олег Олегович,лейтенант,10,26
Соловьёв Иван Викторович,полковник,3,59
Фёдоров Егор Алексеевич,лейтенант,8,25
Егоров Иван Алексеевич,рядовой,5,42
Фёдоров Константин Никитич,полковник,10,45
Степанов Александр Ильич,капитан,7,37
Иванов Роман Кириллович,рядовой,2,45
Соловьёв Никита Олегович,майор,4,51
Николаев Матвей Никитич,лейтенант,10,27
Андреев Алексей Дмитриевич,майор,10,44
Зайцев Егор Никитич,рядовой,9,46
Лебедев Сергей Ильич,прапорщик,3,41
Смирнов Илья Ильич,лейтенант,4,27
Иванов Павел Михайлович,полковник,3,29
Кочергин Алексей Павлович,сержант,10,47
Борисов Роман Андреевич,лейтенант,5,37
Никитин Андрей Михайлович,полковник,8,27
Кузнецов Сергей Романович,прапорщик,3,29
Соколов Матвей Сергеевич,лейтенант,5,60
Смирнов Виктор Иванович,полковник,5,30
Степанов Алексей Максимович,лейтенант,8,37
Попов Михаил Михайлович,капитан,11,59
Морозов Денис Михайлович,майор,11,52
Никитин Павел Ильич,рядовой,3,51
Борисов Алексей Михайлович,лейтенант,9,31
Иванов Дмитрий Юрьевич,сержант,4,28
Новиков Степан Кириллович,лейтенант,2,54
Новиков Кирилл Максимович,полковник,8,19
Макаров Евгений Александрович,сержант,4,39
Кочергин Максим Максимович,майор,8,32
Иванов Виктор Олегович,прапорщик,1,40
Кузнецов Илья Сергеевич,рядовой,4,25
Яковлев Денис Кириллович,рядовой,4,33
Кузнецов Евгений Ильич,лейтенант,2,37
Захаров Олег Максимович,лейтенант,10,60
Макаров Алексей Олегович,полковник,12,38
Борисов Павел Дмитриевич,полковник,5,30
Егоров Алексей Никитич,сержант,4,40
Попов Илья Михайлович,капитан,2,21
Яковлев Константин Сергеевич,рядовой,12,34
Зайцев Павел Иванович,лейтенант,3,31
Борисов Егор Кириллович,прапорщик,8,19
Захаров Константин Романович,лейтенант,1,29
Егоров Евгений Викторович,сержант,3,53
Алексеев Андрей Романович,майор,5,28
Кочергин Матвей Олегович,полковник,4,32
Фёдоров Илья Сергеевич,майор,2,29
Егоров Александр Романович,майор,5,48
Петров Иван Романович,сержант,1,23
Алексеев Павел Александрович,капитан,9,41
Макаров Сергей Кириллович,рядовой,6,52
Смирнов Олег Романович,капитан,5,57
Лебедев Сергей Олегович,рядовой,9,31
Алексеев Олег Алексеевич,майор,1,31
Захаров Павел Олегович,лейтенант,12,30
Новиков Олег Романович,сержант,12,25
Никитин Егор Ильич,сержант,2,57
Смирнов Алексей Романович,прапорщик,9,52
Кузнецов Юрий Алексеевич,капитан,10,46
Михайлов Никита Романович,прапорщик,4,38
Петров Егор Андреевич,лейтенант,12,49
Кочергин Юрий Алексеевич,майор,12,41
Борисов Максим Юрьевич,капитан,5,52
Алексеев Алексей Иванович,майор,5,52
Иванов Виктор Кириллович,рядовой,5,55
Семёнов Александр Сергеевич,прапорщик,4,53
Павлов Виктор Алексеевич,полковник,3,32
Павлов Андрей Алексеевич,лейтенант,1,24
Петров Максим Андреевич,прапорщик,6,30
Лебедев Юрий Сергеевич,капитан,6,47
Егоров Степан Сергеевич,лейтенант,1,18
Иванов Алексей Михайлович,рядовой,11,20
Семёнов Сергей Олегович,полковник,10,20
Соколов Андрей Александрович,полковник,3,31
Борисов Максим Викторович,майор,12,21
Макаров Дмитрий Алексеевич,полковник,11,46
Новиков Максим Павлович,майор,12,55
Морозов Евгений Романович,полковник,3,58
Новиков Роман Александрович,прапорщик,5,50
Захаров Дмитрий Иванович,рядовой,11,22
Егоров Александр Юрьевич,капитан,6,50
Захаров Егор Романович,майор,3,24
Орлов Матвей Юрьевич,рядовой,11,51
Макаров Константин Олегович,майор,11,22
Соколов Денис Алексеевич,полковник,11,54
Андреев Виктор Юрьевич,лейтенант,1,35
Иванов Максим Александрович,лейтенант,9,33
Алексеев Матвей Дмитриевич,сержант,6,45
Зайцев Иван Андреевич,майор,5,36
Соколов Максим Алексеевич,лейтенант,1,24
Орлов Александр Михайлович,капитан,1,35
Морозов Степан Олегович,полковник,7,47
Зайцев Виктор Андреевич,майор,10,55
Новиков Алексей Викторович,лейтенант,6,49
Павлов Андрей Иванович,прапорщик,2,36
Соколов Михаил Юрьевич,прапорщик,3,25
Михайлов Иван Алексеевич,полковник,2,50
Зайцев Дмитрий Алексеевич,рядовой,6,31
Михайлов Иван Андреевич,прапорщик,2,55
Попов Сергей Ильич,рядовой,11,33
Егоров Егор Романович,рядовой,4,30
Андреев Михаил Олегович,сержант,7,32
Алексеев Артём Павлович,лейтенант,1,34
Степанов Илья Кириллович,полковник,5,29
Морозов Евгений Романович,капитан,2,22
Степанов Илья Иванович,рядовой,11,54
Павлов Михаил Алексеевич,рядовой,7,23
Степанов Денис Максимович,майор,11,29
Никитин Константин Алексеевич,майор,12,18
Орлов Дмитрий Михайлович,полковник,10,49
Иванов Дмитрий Никитич,рядовой,1,31
Захаров Константин Ильич,лейтенант,6,45
Морозов Михаил Сергеевич,лейтенант,9,25
Михайлов Кирилл Александрович,майор,7,23
Макаров Матвей Иванович,лейтенант,8,40
Соколов Степан Александрович,рядовой,6,49
Сидоров Олег Иванович,сержант,2,55
Егоров Максим Дмитриевич,сержант,10,20
Алексеев Евгений Викторович,полковник,6,29
Новиков Никита Алексеевич,лейтенант,7,40
Кочергин Олег Никитич,полковник,7,38
Васильев Юрий Максимович,майор,5,18
Иванов Денис Михайлович,капитан,7,29
Николаев Александр Романович,майор,2,37
Орлов Юрий Олегович,рядовой,1,39
Васильев Виктор Андреевич,лейтенант,12,45
Фёдоров Михаил Павлович,сержант,3,47
Яковлев Павел Ильич,прапорщик,2,19
Павлов Юрий Александрович,лейтенант,12,32
Соловьёв Алексей Юрьевич,сержант,2,52
Морозов Алексей Ильич,капитан,1,19
Васильев Роман Ильич,лейтенант,2,50
Зайцев Степан Алексеевич,полковник,12,18
Семёнов Виктор Ильич,майор,11,20
Фёдоров Илья Юрьевич,майор,8,45
Макаров Алексей Викторович,майор,12,27
Кочергин Дмитрий Ильич,полковник,12,52
Иванов Иван Кириллович,капитан,5,28
Новиков Артём Андреевич,рядовой,12,47
Захаров Илья Романович,рядовой,12,51
Кочергин Сергей Викторович,полковник,4,37
Кочергин Сергей Кириллович,рядовой,7,31
Козлов Кирилл Алексеевич,капитан,1,59
Иванов Денис Кириллович,капитан,12,21
Егоров Олег Михайлович,майор,12,50
Николаев Иван Кириллович,полковник,9,29
Егоров Степан Викторович,майор,6,50
Семёнов Константин Иванович,майор,6,56
Захаров Максим Максимович,рядовой,8,60
Николаев Алексей Александрович,майор,1,32
Семёнов Максим Юрьевич,прапорщик,11,30
Лебедев Павел Викторович,полковник,6,51
Борисов Константин Олегович,рядовой,7,57
Никитин Максим Александрович,прапорщик,12,32
Соловьёв Евгений Никитич,лейтенант,3,35
Николаев Константин Алексеевич,рядовой,8,46
Соловьёв Константин Сергеевич,сержант,10,52
Фёдоров Андрей Алексеевич,прапорщик,10,48
Орлов Кирилл Иванович,прапорщик,10,56
Васильев Егор Никитич,прапорщик,8,48
Яковлев Егор Юрьевич,капитан,8,35
Никитин Максим Михайлович,полковник,4,21
Семёнов Константин Юрьевич,сержант,9,55
Борисов Виктор Сергеевич,капитан,8,42
Кочергин Денис Максимович,рядовой,2,39
Зайцев Кирилл Михайлович,лейтенант,1,27
Егоров Сергей Иванович,прапорщик,10,28
Макаров Степан Ильич,лейтенант,10,35
Яковлев Юрий Михайлович,капитан,6,27
Степанов Дмитрий Александрович,капитан,12,19
Михайлов Михаил Кириллович,рядовой,7,27
Борисов Алексей Кириллович,полковник,6,43
Семёнов Евгений Дмитриевич,сержант,9,59
Козлов Александр Юрьевич,сержант,4,34
Фёдоров Константин Юрьевич,сержант,11,53
Кочергин Степан Ильич,сержант,1,46
Соловьёв Сергей Никитич,полковник,10,36
Морозов Дмитрий Андреевич,лейтенант,1,32
Сидоров Михаил Андреевич,лейтенант,5,19
Михайлов Дмитрий Дмитриевич,рядовой,6,22
Иванов Михаил Олегович,майор,2,29
Новиков Кирилл Максимович,полковник,8,25
Алексеев Денис Кириллович,майор,3,22
Кочергин Денис Кириллович,сержант,4,59
Николаев Артём Викторович,майор,4,53
Смирнов Александр Дмитриевич,прапорщик,8,47
Лебедев Сергей Иванович,майор,7,35
Петров Иван Кириллович,лейтенант,7,41
Фёдоров Константин Михайлович,сержант,10,57
Николаев Матвей Юрьевич,капитан,2,24
Сидоров Юрий Викторович,прапорщик,11,44
Попов Егор Викторович,рядовой,2,36
Кузнецов Олег Александрович,майор,3,56
Смирнов Виктор Олегович,майор,1,43
Попов Андрей Никитич,рядовой,1,46
Соколов Сергей Ильич,капитан,8,54
Михайлов Евгений Юрьевич,капитан,2,52
Лебедев Роман Андреевич,полковник,11,44
Лебедев Кирилл Павлович,капитан,4,47
Соловьёв Олег Максимович,прапорщик,12,21
Захаров Илья Алексеевич,капитан,7,26
Макаров Андрей Никитич,капитан,11,45
Захаров Сергей Викторович,рядовой,4,58
Степанов Евгений Иванович,полковник,12,46
Лебедев Олег Михайлович,рядовой,3,58
Лебедев Максим Алексеевич,полковник,8,58
Никитин Алексей Ильич,капитан,11,22
Николаев Александр Романович,майор,6,40
Павлов Константин Михайлович,сержант,12,52
Павлов Александр Иванович,полковник,10,24
Андреев Кирилл Алексеевич,сержант,7,47
Николаев Александр Романович,рядовой,2,24
Кузнецов Максим Олегович,капитан,6,22
Зайцев Виктор Александрович,рядовой,6,53
Борисов Кирилл Андреевич,прапорщик,1,38
Смирнов Матвей Алексеевич,полковник,6,45
Андреев Егор Романович,полковник,5,20
Егоров Дмитрий Юрьевич,капитан,8,42
Кочергин Андрей Олегович,сержант,8,57
Захаров Артём Ильич,капитан,3,59
Морозов Константин Иванович,сержант,7,46
Лебедев Роман Юрьевич,рядовой,4,23
Иванов Степан Олегович,рядовой,11,20
Борисов Константин Михайлович,полковник,9,44
Егоров Максим Юрьевич,прапорщик,9,45
Никитин Андрей Павлович,прапорщик,9,26
Борисов Александр Дмитриевич,рядовой,3,28
Яковлев Евгений Дмитриевич,капитан,3,20
Михайлов Никита Викторович,лейтенант,8,33
Никитин Алексей Алексеевич,полковник,2,23
Макаров Роман Викторович,капитан,11,52
Николаев Михаил Сергеевич,прапорщик,8,57
Кузнецов Денис Ильич,прапорщик,5,33
Кузнецов Михаил Кириллович,прапорщик,6,18
Иванов Александр Иванович,лейтенант,12,52
Козлов Максим Ильич,полковник,9,19
Егоров Александр Викторович,капитан,11,55
Кузнецов Павел Иванович,майор,11,45
Орлов Юрий Юрьевич,сержант,1,31
Алексеев Иван Викторович,рядовой,2,30
Фёдоров Никита Дмитриевич,лейтенант,3,52
Зайцев Михаил Дмитриевич,майор,5,39
Никитин Алексей Алексеевич,лейтенант,12,56
Козлов Артём Ильич,майор,5,22
Егоров Олег Сергеевич,полковник,12,56
Иванов Константин Александрович,сержант,11,26
Морозов Михаил Михайлович,лейтенант,12,44
Егоров Роман Олегович,полковник,10,30
Кузнецов Михаил Романович,прапорщик,7,34
Фёдоров Олег Олегович,полковник,9,55
Новиков Андрей Романович,капитан,10,31
Никитин Александр Олегович,капитан,11,20
Павлов Алексей Кириллович,прапорщик,6,30
Попов Виктор Сергеевич,капитан,2,49
Михайлов Степан Алексеевич,полковник,4,57
Новиков Денис Михайлович,сержант,7,49
Лебедев Сергей Викторович,лейтенант,9,43
Макаров Денис Кириллович,сержант,1,47
Семёнов Михаил Андреевич,майор,12,32
Орлов Павел Павлович,майор,5,27
Борисов Илья Викторович,майор,11,60
Никитин Степан Никитич,майор,2,44
Васильев Александр Дмитриевич,прапорщик,12,45
Алексеев Константин Ильич,лейтенант,12,54
Алексеев Никита Кириллович,капитан,10,28
Попов Юрий Никитич,сержант,11,22
Макаров Кирилл Иванович,капитан,6,59
Попов Максим Олегович,прапорщик,7,36
Михайлов Дмитрий Олегович,рядовой,12,27
Егоров Андрей Андреевич,сержант,12,20
Соколов Алексей Никитич,майор,5,30
Кузнецов Дмитрий Михайлович,лейтенант,5,29
Новиков Сергей Романович,лейтенант,6,57
Никитин Кирилл Иванович,полковник,3,20
Лебедев Олег Сергеевич,сержант,9,21
Смирнов Андрей Кириллович,рядовой,8,42
Михайлов Кирилл Викторович,полковник,1,20
Борисов Денис Алексеевич,сержант,11,56
Соловьёв Сергей Сергеевич,полковник,10,37
Никитин Олег Никитич,капитан,3,42
Макаров Денис Кириллович,майор,10,49
Борисов Олег Кириллович,рядовой,1,29
Козлов Виктор Павлович,капитан,2,57
Сидоров Егор Сергеевич,майор,3,60
Фёдоров Илья Алексеевич,капитан,11,45
Фёдоров Сергей Алексеевич,майор,4,51
Алексеев Павел Дмитриевич,рядовой,4,57
Петров Максим Юрьевич,сержант,9,48
Морозов Андрей Михайлович,сержант,5,56
Яковлев Виктор Дмитриевич,майор,9,49
Егоров Кирилл Иванович,лейтенант,2,31
Никитин Никита Романович,капитан,1,25
Андреев Олег Алексеевич,капитан,1,36
Борисов Илья Андреевич,лейтенант,1,42
Андреев Кирилл Олегович,майор,11,55
Михайлов Илья Александрович,сержант,10,23
Козлов Егор Александрович,майор,4,21
Попов Михаил Викторович,майор,3,25
Новиков Матвей Александрович,майор,12,24
Михайлов Александр Павлович,прапорщик,1,19
Сидоров Иван Юрьевич,прапорщик,8,30
Лебедев Артём Андреевич,лейтенант,9,60
Борисов Андрей Кириллович,полковник,3,45
Степанов Денис Павлович,сержант,4,19
Васильев Роман Ильич,полковник,6,24
Соловьёв Александр Иванович,рядовой,6,34
Павлов Сергей Александрович,полковник,6,37
Павлов Андрей Никитич,лейтенант,10,58
Семёнов Кирилл Сергеевич,капитан,2,46
Егоров Максим Дмитриевич,лейтенант,10,52
Павлов Александр Викторович,лейтенант,2,20
Васильев Олег Андреевич,капитан,4,41
Соколов Виктор Никитич,полковник,8,26
Фёдоров Кирилл Алексеевич,лейтенант,2,34
Фёдоров Егор Никитич,лейтенант,11,53
Захаров Юрий Сергеевич,прапорщик,8,26
Михайлов Степан Юрьевич,лейтенант,8,46
Николаев Михаил Ильич,лейтенант,3,31
Козлов Артём Юрьевич,сержант,9,49
Семёнов Константин Романович,лейтенант,5,21
Соловьёв Евгений Павлович,лейтенант,11,24
Николаев Илья Викторович,рядовой,10,25
Захаров Александр Александрович,прапорщик,10,41
Фёдоров Константин Романович,сержант,2,30
Сидоров Андрей Павлович,сержант,10,43
Егоров Александр Павлович,сержант,5,21
Иванов Илья Юрьевич,рядовой,2,28
Лебедев Павел Андреевич,майор,8,40
Михайлов Алексей Михайлович,майор,8,27
Семёнов Егор Кириллович,рядовой,8,33
Никитин Иван Дмитриевич,прапорщик,11,40
Никитин Иван Кириллович,прапорщик,5,20
Морозов Евгений Викторович,капитан,11,19
Соколов Матвей Александрович,прапорщик,6,21
Никитин Роман Иванович,прапорщик,11,23
Иванов Иван Александрович,капитан,2,20
Козлов Илья Романович,полковник,4,29
Сидоров Олег Никитич,рядовой,11,47
Семёнов Егор Михайлович,майор,10,48
Лебедев Евгений Иванович,сержант,7,20
Попов Матвей Павлович,лейтенант,5,53
Кочергин Матвей Романович,капитан,9,41
Михайлов Дмитрий Никитич,полковник,10,43
Никитин Дмитрий Викторович,майор,2,36
Смирнов Дмитрий Алексеевич,рядовой,4,53
Лебедев Юрий Михайлович,майор,6,57
Соколов Дмитрий Романович,полковник,1,31
Борисов Кирилл Олегович,полковник,2,22
Орлов Виктор Павлович,капитан,6,30
Орлов Виктор Иванович,полковник,4,35
Яковлев Виктор Юрьевич,рядовой,9,55
Зайцев Иван Алексеевич,рядовой,1,46
Лебедев Артём Александрович,полковник,9,30
Новиков Юрий Александрович,лейтенант,11,52
Михайлов Никита Дмитриевич,сержант,8,23
Кузнецов Степан Иванович,сержант,10,45
Сидоров Кирилл Михайлович,рядовой,6,53
Попов Дмитрий Иванович,лейтенант,9,48
Андреев Олег Павлович,капитан,3,55
Михайлов Алексей Алексеевич,майор,1,30
Новиков Сергей Андреевич,лейтенант,10,39
Петров Никита Андреевич,прапорщик,4,58
Алексеев Илья Дмитриевич,лейтенант,8,49
Степанов Степан Кириллович,сержант,2,60
Егоров Юрий Юрьевич,прапорщик,11,56
Яковлев Павел Павлович,рядовой,8,24
Кочергин Евгений Кириллович,майор,1,27
Семёнов Иван Ильич,капитан,5,35
Степанов Андрей Михайлович,майор,9,43
Соколов Михаил Иванович,сержант,3,35
Соколов Дмитрий Иванович,капитан,9,47
Новиков Константин Юрьевич,майор,11,35
Никитин Степан Кириллович,капитан,7,35
Макаров Кирилл Алексеевич,прапорщик,9,43
Никитин Иван Дмитриевич,лейтенант,10,44
Петров Юрий Андреевич,полковник,3,27
Орлов Денис Александрович,рядовой,10,51
Андреев Кирилл Кириллович,сержант,9,50
Кочергин Денис Никитич,капитан,2,60
Петров Олег Кириллович,лейтенант,4,37
Фёдоров Роман Дмитриевич,сержант,8,33
Кузнецов Артём Иванович,рядовой,11,38
Кочергин Сергей Алексеевич,прапорщик,1,44
Фёдоров Алексей Иванович,капитан,9,28
Андреев Степан Викторович,капитан,3,35
Сидоров Андрей Андреевич,лейтенант,11,36
Кочергин Степан Кириллович,рядовой,4,29
Егоров Виктор Никитич,рядовой,4,50
Яковлев Максим Романович,прапорщик,10,38
Захаров Денис Алексеевич,майор,7,38
Соловьёв Кирилл Александрович,прапорщик,7,58
Иванов Андрей Сергеевич,прапорщик,6,46
Егоров Иван Никитич,сержант,7,23
Кочергин Дмитрий Никитич,рядовой,4,26
Борисов Матвей Иванович,прапорщик,1,24
Макаров Илья Сергеевич,майор,7,37
Николаев Олег Алексеевич,майор,2,21
Петров Юрий Дмитриевич,рядовой,8,24
Егоров Роман Павлович,лейтенант,10,40
Захаров Кирилл Никитич,рядовой,3,41
Смирнов Евгений Ильич,сержант,9,29
Соловьёв Артём Юрьевич,полковник,2,50
Соловьёв Артём Михайлович,полковник,9,55
Макаров Евгений Сергеевич,лейтенант,5,51
Попов Илья Никитич,майор,3,45
Смирнов Иван Павлович,сержант,9,43
Егоров Юрий Сергеевич,рядовой,3,54
Иванов Сергей Иванович,капитан,11,30
Павлов Егор Дмитриевич,майор,7,42
Кочергин Сергей Андреевич,лейтенант,12,57
Новиков Кирилл Сергеевич,майор,4,57
Зайцев Сергей Андреевич,лейтенант,10,18
Зайцев Евгений Максимович,лейтенант,5,53
Орлов Сергей Андреевич,полковник,11,36
Новиков Павел Андреевич,капитан,6,23
Андреев Юрий Максимович,прапорщик,5,34
Соколов Константин Никитич,прапорщик,9,46
Морозов Олег Ильич,прапорщик,12,18
Алексеев Степан Олегович,прапорщик,10,25
Кочергин Никита Сергеевич,лейтенант,12,41
Алексеев Александр Михайлович,прапорщик,12,38
Захаров Илья Олегович,сержант,12,22
Никитин Олег Никитич,полковник,12,60
Яковлев Артём Кириллович,майор,5,43
Смирнов Дмитрий Викторович,капитан,4,23
Павлов Кирилл Сергеевич,прапорщик,5,28
Андреев Константин Романович,рядовой,6,18
Орлов Сергей Никитич,капитан,5,44
Захаров Никита Алексеевич,прапорщик,3,53
Сидоров Илья Михайлович,прапорщик,4,30
Захаров Иван Алексеевич,лейтенант,3,26
Степанов Виктор Кириллович,майор,8,21
Никитин Кирилл Андреевич,полковник,2,32
Степанов Сергей Викторович,сержант,4,59
Сидоров Павел Ильич,капитан,5,41
Алексеев Алексей Викторович,сержант,2,34
Зайцев Степан Сергеевич,полковник,4,32
Михайлов Юрий Кириллович,полковник,8,20
Макаров Константин Алексеевич,лейтенант,4,57
Борисов Алексей Никитич,майор,10,41
Захаров Алексей Олегович,рядовой,11,22
Сидоров Кирилл Ильич,рядовой,1,27
Яковлев Виктор Кириллович,рядовой,4,20
Попов Константин Юрьевич,сержант,5,55
Лебедев Виктор Максимович,майор,5,38
Борисов Олег Романович,лейтенант,6,22
Семёнов Евгений Юрьевич,капитан,6,21
Андреев Максим Павлович,полковник,1,60
Андреев Виктор Михайлович,рядовой,5,36
Петров Максим Юрьевич,сержант,12,29
Николаев Роман Андреевич,рядовой,3,21
Васильев Константин Кириллович,прапорщик,6,58
Васильев Дмитрий Алексеевич,рядовой,2,51
Смирнов Олег Ильич,лейтенант,11,28
Сидоров Дмитрий Дмитриевич,майор,8,55
Орлов Виктор Михайлович,капитан,1,53
Лебедев Александр Юрьевич,капитан,9,56
Соловьёв Алексей Андреевич,полковник,4,49
Алексеев Степан Дмитриевич,полковник,1,34
Кочергин Виктор Алексеевич,полковник,1,59
Соколов Алексей Олегович,полковник,10,42
Васильев Артём Иванович,рядовой,1,60
Иванов Роман Михайлович,лейтенант,12,53
Морозов Матвей Андреевич,рядовой,8,48
Кузнецов Павел Юрьевич,рядовой,7,50
Егоров Юрий Олегович,сержант,1,48
Николаев Матвей Александрович,лейтенант,5,35
Алексеев Константин Олегович,лейтенант,2,37
Кочергин Иван Михайлович,полковник,1,43
Андреев Дмитрий Александрович,капитан,7,27
Соколов Евгений Александрович,лейтенант,5,45
Николаев Евгений Сергеевич,лейтенант,10,36
Смирнов Михаил Сергеевич,капитан,11,40
Кузнецов Никита Викторович,рядовой,11,39
Яковлев Кирилл Никитич,полковник,1,21
Зайцев Евгений Андреевич,капитан,12,23
Зайцев Матвей Иванович,лейтенант,4,51
Фёдоров Виктор Иванович,прапорщик,2,48
Захаров Илья Викторович,майор,3,53
Егоров Артём Андреевич,сержант,8,47
Кузнецов Максим Викторович,полковник,9,54
Семёнов Роман Викторович,лейтенант,10,44
Николаев Кирилл Никитич,полковник,7,39
Степанов Кирилл Дмитриевич,капитан,8,21
Павлов Дмитрий Максимович,сержант,4,25
Макаров Иван Олегович,сержант,1,21
Михайлов Денис Андреевич,полковник,1,30
Козлов Денис Михайлович,капитан,4,47
Степанов Роман Олегович,лейтенант,6,43
Иванов Максим Романович,сержант,6,24
Соколов Матвей Романович,прапорщик,5,48
Алексеев Юрий Александрович,лейтенант,3,21
Кочергин Кирилл Павлович,полковник,12,25
Яковлев Артём Максимович,майор,12,59
Алексеев Матвей Романович,сержант,1,49
Степанов Никита Кириллович,полковник,6,27
Кочергин Егор Дмитриевич,капитан,8,59
Соколов Матвей Дмитриевич,лейтенант,11,55
Степанов Виктор Кириллович,рядовой,4,29
Кузнецов Максим Кириллович,лейтенант,5,37
Никитин Александр Александрович,прапорщик,4,54
Андреев Евгений Андреевич,майор,5,47
Смирнов Сергей Андреевич,прапорщик,9,41
Борисов Константин Андреевич,сержант,10,36
Петров Алексей Андреевич,лейтенант,10,50
Михайлов Денис Алексеевич,майор,9,23
Смирнов Егор Сергеевич,лейтенант,9,44
Фёдоров Евгений Викторович,сержант,12,47
Павлов Сергей Никитич,майор,11,51
Соколов Алексей Романович,майор,7,39
Лебедев Павел Олегович,сержант,9,35
Морозов Михаил Михайлович,лейтенант,6,56
Морозов Михаил Викторович,лейтенант,11,40
Фёдоров Александр Павлович,сержант,7,24
Новиков Дмитрий Никитич,прапорщик,9,38
Макаров Александр Алексеевич,полковник,12,22
Фёдоров Кирилл Романович,рядовой,4,20
Павлов Павел Андреевич,полковник,12,31
Борисов Илья Сергеевич,майор,10,48
Смирнов Александр Иванович,рядовой,12,18
Павлов Егор Александрович,сержант,4,25
Андреев Никита Юрьевич,прапорщик,9,28
Павлов Александр Сергеевич,майор,1,38
Фёдоров Кирилл Михайлович,майор,5,60
Семёнов Сергей Викторович,рядовой,5,46
Зайцев Кирилл Андреевич,лейтенант,12,41
Орлов Роман Дмитриевич,капитан,1,21
Козлов Максим Кириллович,майор,8,28
Морозов Егор Михайлович,майор,12,53
Андреев Максим Кириллович,лейтенант,10,48
Алексеев Дмитрий Алексеевич,майор,6,37
Борисов Виктор Олегович,рядовой,5,23
Петров Виктор Сергеевич,сержант,8,49
Николаев Олег Викторович,майор,8,29
Макаров Константин Павлович,майор,4,46
Никитин Максим Павлович,сержант,10,59
Козлов Роман Викторович,сержант,5,47
Васильев Олег Романович,майор,2,53
Новиков Александр Викторович,полковник,8,26
Захаров Егор Юрьевич,полковник,2,22
Борисов Евгений Михайлович,полковник,7,21
Морозов Денис Олегович,майор,4,38
Семёнов Кирилл Александрович,рядовой,7,28
Алексеев Евгений Олегович,прапорщик,10,43
Козлов Сергей Алексеевич,сержант,10,35
Соколов Александр Сергеевич,лейтенант,3,22
Михайлов Михаил Олегович,лейтенант,1,51
Николаев Илья Викторович,рядовой,5,33
Петров Михаил Максимович,прапорщик,2,42
Егоров Александр Никитич,капитан,7,29
Зайцев Павел Олегович,майор,11,25
Никитин Сергей Дмитриевич,лейтенант,7,45
Соколов Артём Дмитриевич,рядовой,7,23
Сидоров Константин Никитич,прапорщик,7,25
Новиков Матвей Павлович,полковник,2,49
Кузнецов Алексей Сергеевич,капитан,7,51
Борисов Максим Александрович,майор,2,53
Егоров Виктор Кириллович,майор,11,45
Алексеев Евгений Никитич,полковник,8,47
Соколов Павел Олегович,рядовой,1,23
Захаров Алексей Алексеевич,сержант,9,23
Никитин Алексей Александрович,майор,4,48
Морозов Иван Максимович,полковник,7,19
Зайцев Артём Сергеевич,майор,3,32
Алексеев Илья Сергеевич,сержант,10,52
Михайлов Павел Никитич,капитан,10,34
Козлов Сергей Кириллович,капитан,3,35
Егоров Степан Ильич,сержант,8,23
Попов Константин Романович,капитан,7,45
Смирнов Виктор Никитич,рядовой,1,58
Макаров Роман Викторович,капитан,7,25
Фёдоров Евгений Кириллович,сержант,11,36
Васильев Константин Александрович,капитан,9,38
Сидоров Кирилл Викторович,сержант,8,43
Соколов Дмитрий Алексеевич,капитан,9,38
Павлов Илья Юрьевич,майор,10,56
Андреев Роман Романович,прапорщик,8,56
Никитин Павел Никитич,сержант,7,26
Борисов Кирилл Дмитриевич,рядовой,2,43
Павлов Денис Павлович,полковник,12,47
Никитин Кирилл Романович,майор,11,38
Соловьёв Алексей Романович,полковник,8,60
Смирнов Сергей Романович,сержант,8,28
Васильев Денис Андреевич,прапорщик,3,54
Новиков Андрей Дмитриевич,прапорщик,1,50
Орлов Никита Ильич,капитан,8,59
Кочергин Максим Кириллович,прапорщик,9,46
Егоров Алексей Романович,майор,5,29
Макаров Артём Никитич,сержант,12,46
Алексеев Юрий Алексеевич,майор,9,26
Кочергин Матвей Александрович,капитан,12,40
Васильев Олег Олегович,прапорщик,1,23
Морозов Илья Сергеевич,лейтенант,12,56
Петров Сергей Михайлович,рядовой,5,53
Яковлев Степан Ильич,капитан,11,23
Петров Константин Романович,полковник,7,27
Соколов Максим Сергеевич,рядовой,8,35
Никитин Матвей Алексеевич,майор,2,41
Лебедев Егор Иванович,сержант,1,47
Кочергин Иван Юрьевич,полковник,9,39
Яковлев Никита Ильич,полковник,4,29
Степанов Андрей Павлович,майор,12,27
Семёнов Константин Кириллович,майор,7,38
Зайцев Виктор Иванович,майор,2,33
Соловьёв Иван Викторович,полковник,11,58
Кочергин Денис Иванович,рядовой,11,59
Попов Кирилл Максимович,капитан,6,23
Козлов Андрей Александрович,полковник,3,44
Зайцев Дмитрий Александрович,прапорщик,12,31
Попов Егор Романович,лейтенант,12,37
Орлов Виктор Иванович,капитан,2,43
Соловьёв Константин Никитич,прапорщик,12,35
Степанов Сергей Олегович,сержант,4,34
Зайцев Илья Андреевич,рядовой,8,48
Михайлов Андрей Павлович,прапорщик,11,41
Фёдоров Роман Юрьевич,прапорщик,9,42
Павлов Александр Ильич,прапорщик,12,40
Петров Евгений Михайлович,майор,6,58
Андреев Денис Ильич,полковник,4,42
Лебедев Иван Олегович,капитан,10,43
Орлов Артём Ильич,майор,12,55
Новиков Константин Романович,сержант,12,18
Семёнов Константин Андреевич,майор,7,19
Смирнов Никита Юрьевич,сержант,4,33
Козлов Евгений Александрович,рядовой,4,35
Иванов Максим Максимович,прапорщик,2,28
Петров Виктор Максимович,лейтенант,5,42
Сидоров Артём Михайлович,прапорщик,11,47
Семёнов Олег Сергеевич,прапорщик,1,44
Михайлов Дмитрий Викторович,прапорщик,2,39
Новиков Матвей Никитич,лейтенант,12,54
Морозов Андрей Романович,полковник,11,59
Яковлев Максим Александрович,полковник,2,46
Яковлев Олег Сергеевич,майор,11,19
Захаров Сергей Андреевич,сержант,6,27
Михайлов Олег Максимович,сержант,7,21
Сидоров Виктор Михайлович,майор,6,45
Степанов Алексей Викторович,лейтенант,5,21
Зайцев Дмитрий Олегович,сержант,5,18
Фёдоров Александр Иванович,лейтенант,7,22
Захаров Александр Олегович,прапорщик,4,40
Соловьёв Александр Викторович,капитан,7,20
Степанов Илья Павлович,лейтенант,4,19
Соловьёв Артём Кириллович,сержант,11,44
Андреев Михаил Алексеевич,прапорщик,10,41
Захаров Павел Алексеевич,полковник,12,30
Павлов Илья Иванович,капитан,1,44
Соловьёв Дмитрий Никитич,майор,10,33
Морозов Алексей Ильич,полковник,12,36
Новиков Иван Викторович,капитан,5,21
Васильев Сергей Юрьевич,прапорщик,6,29
Никитин Константин Ильич,майор,7,55
Кузнецов Сергей Никитич,рядовой,6,19
Михайлов Артём Никитич,прапорщик,1,48
Борисов Матвей Романович,капитан,1,28
Михайлов Михаил Михайлович,сержант,5,38
Орлов Олег Викторович,рядовой,7,50
Морозов Александр Никитич,капитан,4,55
Степанов Кирилл Дмитриевич,майор,10,43
Андреев Денис Ильич,прапорщик,5,40
Яковлев Юрий Викторович,сержант,11,40
Егоров Евгений Никитич,капитан,8,40
Иванов Денис Кириллович,полковник,9,45
Новиков Андрей Романович,капитан,11,37
Морозов Виктор Никитич,майор,9,54
Михайлов Роман Романович,майор,1,30
Морозов Роман Олегович,капитан,7,23
Семёнов Максим Юрьевич,сержант,4,60
Алексеев Денис Олегович,лейтенант,5,48
Яковлев Михаил Андреевич,сержант,6,34
Соколов Илья Иванович,лейтенант,8,34
Соловьёв Матвей Кириллович,капитан,12,46
Алексеев Евгений Павлович,прапорщик,9,54
Борисов Андрей Максимович,капитан,1,55
Андреев Максим Михайлович,рядовой,4,38
Борисов Степан Ильич,лейтенант,6,46
Степанов Константин Дмитриевич,майор,10,22
Алексеев Александр Романович,лейтенант,2,57
Новиков Никита Юрьевич,капитан,6,24
Петров Иван Максимович,прапорщик,9,18
Степанов Юрий Кириллович,майор,6,52
Зайцев Никита Ильич,капитан,2,42
Смирнов Алексей Викторович,майор,8,54
Кузнецов Максим Романович,лейтенант,8,39
Соловьёв Павел Сергеевич,полковник,1,53
Новиков Олег Викторович,майор,9,55
Зайцев Евгений Викторович,рядовой,9,40
Захаров Андрей Павлович,сержант,8,37
Кочергин Михаил Сергеевич,полковник,7,56
Сидоров Роман Алексеевич,прапорщик,5,41
Яковлев Кирилл Кириллович,лейтенант,11,18
Кочергин Степан Кириллович,лейтенант,2,57
Егоров Виктор Ильич,полковник,12,46
Морозов Матвей Алексеевич,рядовой,7,53
Михайлов Артём Олегович,прапорщик,2,42
Козлов Сергей Александрович,лейтенант,4,49
Захаров Андрей Иванович,прапорщик,11,54
Кузнецов Алексей Ильич,майор,10,48
Васильев Матвей Сергеевич,капитан,8,25
Сидоров Максим Олегович,лейтенант,6,45
Павлов Денис Дмитриевич,прапорщик,1,33
Иванов Роман Александрович,прапорщик,3,23
Макаров Степан Алексеевич,полковник,1,38
Лебедев Роман Дмитриевич,рядовой,11,48
Степанов Никита Александрович,рядовой,9,35
Попов Роман Олегович,капитан,4,26
Соколов Андрей Павлович,рядовой,1,53
Лебедев Евгений Максимович,рядовой,12,48
Михайлов Егор Кириллович,полковник,7,32
Попов Михаил Михайлович,прапорщик,10,56
Макаров Константин Дмитриевич,капитан,5,33
Васильев Никита Викторович,полковник,7,33
Орлов Андрей Ильич,рядовой,10,37
Никитин Артём Максимович,капитан,12,44
Кочергин Роман Андреевич,рядовой,5,59
Новиков Юрий Михайлович,капитан,2,27
Новиков Кирилл Павлович,сержант,12,42
Михайлов Константин Павлович,сержант,6,57
Козлов Егор Ильич,капитан,8,39
Лебедев Егор Алексеевич,лейтенант,9,43
Фёдоров Илья Викторович,капитан,6,25
Сидоров Павел Иванович,прапорщик,9,51
Захаров Роман Дмитриевич,сержант,4,60
Петров Алексей Андреевич,полковник,11,54
Лебедев Никита Павлович,рядовой,3,54
Захаров Степан Викторович,майор,6,30
Иванов Максим Алексеевич,полковник,7,31
Морозов Илья Иванович,лейтенант,2,20
Новиков Матвей Максимович,сержант,8,50
Макаров Олег Павлович,рядовой,2,36
Яковлев Иван Никитич,сержант,12,30
Павлов Егор Андреевич,майор,5,54
Яковлев Павел Максимович,капитан,2,31
Сидоров Степан Александрович,рядовой,1,28
Иванов Матвей Никитич,лейтенант,6,35
Попов Виктор Иванович,сержант,1,58
Кочергин Илья Дмитриевич,рядовой,11,51
Фёдоров Роман Павлович,прапорщик,6,42
Егоров Михаил Алексеевич,рядовой,8,49
Николаев Степан Максимович,прапорщик,6,18
Никитин Евгений Никитич,рядовой,4,43
Захаров Евгений Сергеевич,капитан,1,33
Павлов Сергей Максимович,прапорщик,2,59
Козлов Михаил Ильич,полковник,12,59
Васильев Артём Александрович,капитан,8,28
Андреев Кирилл Алексеевич,полковник,9,22
Лебедев Константин Павлович,майор,7,48
Соловьёв Иван Александрович,рядовой,5,34
Яковлев Олег Никитич,рядовой,12,45
Зайцев Сергей Иванович,майор,9,40
Зайцев Константин Иванович,сержант,1,20
Кузнецов Алексей Никитич,лейтенант,7,42
Николаев Иван Павлович,капитан,4,44
Фёдоров Артём Михайлович,прапорщик,12,57
Новиков Никита Максимович,прапорщик,4,45
Кузнецов Кирилл Сергеевич,лейтенант,7,37
Фёдоров Павел Олегович,рядовой,7,40
Иванов Кирилл Михайлович,сержант,1,51
Соловьёв Артём Олегович,капитан,2,29
Алексеев Виктор Романович,полковник,11,44
Сидоров Михаил Алексеевич,капитан,3,46
Кочергин Степан Романович,сержант,3,56
Андреев Дмитрий Кириллович,капитан,7,59
Сидоров Сергей Иванович,прапорщик,1,42
Никитин Андрей Романович,лейтенант,6,35
Фёдоров Андрей Павлович,прапорщик,3,57
Сидоров Роман Дмитриевич,капитан,10,60
Семёнов Павел Александрович,сержант,4,36
Лебедев Роман Викторович,полковник,1,56
Андреев Дмитрий Александрович,майор,11,25
Козлов Максим Викторович,капитан,9,37
Сидоров Олег Алексеевич,полковник,10,18
Никитин Роман Максимович,майор,6,59
Лебедев Александр Ильич,полковник,7,49
Петров Степан Алексеевич,прапорщик,11,29
Васильев Егор Кириллович,полковник,9,27
Яковлев Павел Ильич,майор,5,59
Лебедев Павел Викторович,рядовой,9,54
Макаров Степан Олегович,майор,12,22
Иванов Виктор Никитич,сержант,6,38
Николаев Евгений Олегович,капитан,9,33
Макаров Михаил Дмитриевич,майор,5,28
Кочергин Олег Павлович,прапорщик,8,46
Соловьёв Виктор Ильич,сержант,4,49
Иванов Егор Максимович,прапорщик,4,51
Андреев Михаил Алексеевич,майор,4,51
Борисов Роман Алексеевич,майор,7,57
Павлов Олег Романович,майор,2,55
Фёдоров Степан Иванович,полковник,12,59
Борисов Егор Иванович,лейтенант,2,20
Соловьёв Илья Иванович,прапорщик,12,55
Васильев Роман Кириллович,прапорщик,5,54
Фёдоров Иван Юрьевич,сержант,3,60
Алексеев Олег Александрович,полковник,8,53
Яковлев Константин Павлович,сержант,5,36
Фёдоров Никита Дмитриевич,сержант,5,29
Зайцев Кирилл Алексеевич,капитан,5,22
Смирнов Артём Алексеевич,сержант,9,41
Зайцев Матвей Ильич,прапорщик,10,52
Соловьёв Виктор Михайлович,лейтенант,11,22
Яковлев Павел Иванович,лейтенант,10,49
Зайцев Алексей Юрьевич,майор,1,56
Макаров Сергей Андреевич,полковник,5,48
Фёдоров Максим Кириллович,прапорщик,5,21
Павлов Евгений Кириллович,рядовой,8,20
Захаров Илья Викторович,сержант,12,30
Степанов Павел Сергеевич,майор,6,55
Семёнов Илья Сергеевич,капитан,6,33
Михайлов Степан Иванович,лейтенант,2,47
Соловьёв Илья Юрьевич,капитан,10,57
Яковлев Роман Михайлович,сержант,2,45
Орлов Дмитрий Романович,прапорщик,11,50
Егоров Олег Андреевич,майор,4,43
Иванов Алексей Андреевич,майор,10,54
Павлов Артём Алексеевич,лейтенант,7,21
Николаев Сергей Олегович,лейтенант,3,19
Макаров Александр Андреевич,полковник,10,47
Степанов Виктор Ильич,прапорщик,9,56
Никитин Кирилл Павлович,полковник,7,60
Петров Максим Дмитриевич,майор,10,40
Васильев Сергей Юрьевич,сержант,9,39
Соловьёв Артём Дмитриевич,полковник,6,58
Семёнов Павел Ильич,рядовой,4,33
Кочергин Алексей Андреевич,рядовой,9,51
Степанов Евгений Александрович,полковник,3,51
Семёнов Иван Иванович,прапорщик,1,34
Лебедев Александр Павлович,прапорщик,8,24
Васильев Роман Викторович,прапорщик,4,30
Егоров Роман Юрьевич,прапорщик,12,57
Сидоров Алексей Дмитриевич,полковник,7,32
Новиков Константин Александрович,прапорщик,8,59
Попов Роман Ильич,прапорщик,11,48
Сидоров Олег Романович,рядовой,8,44
Соколов Денис Максимович,прапорщик,10,56
Семёнов Роман Романович,капитан,2,28
Сидоров Артём Александрович,майор,8,23
Степанов Денис Кириллович,майор,8,19
Зайцев Матвей Сергеевич,капитан,7,37
Попов Андрей Максимович,рядовой,2,49
Кузнецов Евгений Олегович,рядовой,4,45
Никитин Денис Романович,полковник,10,20
Михайлов Максим Никитич,лейтенант,2,36
Алексеев Роман Андреевич,прапорщик,4,34
Николаев Кирилл Максимович,сержант,1,31
Соловьёв Андрей Олегович,сержант,9,34
Яковлев Виктор Александрович,прапорщик,11,20
Сидоров Андрей Романович,капитан,3,21
Кузнецов Артём Максимович,лейтенант,6,60
Фёдоров Максим Иванович,капитан,2,40
Лебедев Константин Юрьевич,прапорщик,9,18
Лебедев Алексей Павлович,майор,2,25
Семёнов Иван Павлович,майор,7,37
Яковлев Дмитрий Никитич,полковник,10,46
Семёнов Михаил Сергеевич,прапорщик,7,36
Орлов Евгений Романович,майор,2,41
Семёнов Юрий Сергеевич,лейтенант,7,26
Козлов Павел Сергеевич,прапорщик,7,41
Козлов Юрий Иванович,лейтенант,12,41
Соловьёв Роман Сергеевич,прапорщик,7,60
Семёнов Константин Алексеевич,лейтенант,2,37
Егоров Степан Александрович,майор,9,41
Макаров Сергей Алексеевич,майор,8,20
Иванов Дмитрий Ильич,лейтенант,2,27
Смирнов Алексей Иванович,полковник,10,50
Яковлев Сергей Олегович,полковник,9,46
Петров Матвей Максимович,рядовой,2,42
Кузнецов Евгений Юрьевич,майор,3,52
Иванов Константин Романович,рядовой,10,59
Иванов Александр Алексеевич,рядовой,5,54
Макаров Юрий Сергеевич,рядовой,10,41
Андреев Денис Викторович,рядовой,4,44
Степанов Егор Михайлович,полковник,10,31
Попов Артём Максимович,сержант,1,22
Петров Денис Михайлович,майор,8,49
Михайлов Евгений Викторович,капитан,5,26
Сидоров Илья Александрович,капитан,8,60
Смирнов Алексей Максимович,полковник,7,32
Козлов Иван Павлович,капитан,11,51
Козлов Сергей Павлович,сержант,4,31
Новиков Михаил Максимович,капитан,3,38
Захаров Юрий Иванович,сержант,5,44
Васильев Артём Сергеевич,рядовой,4,25
Попов Илья Кириллович,лейтенант,4,41
Егоров Иван Михайлович,лейтенант,8,28
Фёдоров Павел Дмитриевич,капитан,10,18
Кузнецов Дмитрий Максимович,лейтенант,1,51
Андреев Виктор Дмитриевич,капитан,10,33
Макаров Артём Викторович,лейтенант,1,25
Сидоров Никита Александрович,прапорщик,2,44
Козлов Сергей Дмитриевич,полковник,10,53
Попов Егор Алексеевич,рядовой,3,22
Сидоров Михаил Михайлович,майор,12,32
Иванов Кирилл Андреевич,рядовой,9,50
Яковлев Дмитрий Дмитриевич,майор,4,41
Михайлов Михаил Кириллович,лейтенант,4,27
Алексеев Андрей Иванович,сержант,12,52
Кочергин Иван Александрович,полковник,5,51
Андреев Евгений Андреевич,майор,7,44
Яковлев Сергей Кириллович,капитан,12,44
Кочергин Илья Ильич,прапорщик,7,30
Андреев Олег Романович,сержант,12,58
Новиков Кирилл Максимович,сержант,5,33
Морозов Александр Никитич,рядовой,5,42
Николаев Иван Иванович,сержант,8,23
Попов Степан Павлович,капитан,8,27
Морозов Виктор Ильич,прапорщик,6,36
Захаров Максим Ильич,капитан,4,39
Семёнов Артём Александрович,капитан,12,18
Захаров Егор Кириллович,майор,6,50
Орлов Дмитрий Ильич,прапорщик,12,38
Фёдоров Александр Павлович,полковник,11,52
Андреев Степан Олегович,рядовой,2,54
Захаров Виктор Сергеевич,сержант,11,20
Соловьёв Максим Сергеевич,лейтенант,11,20
Козлов Михаил Никитич,капитан,7,30
Яковлев Степан Юрьевич,сержант,8,30
Семёнов Александр Иванович,рядовой,2,31
Кузнецов Егор Кириллович,прапорщик,6,57
Борисов Денис Александрович,полковник,6,23
Михайлов Кирилл Михайлович,майор,10,36
Попов Роман Ильич,полковник,6,57
Зайцев Иван Максимович,капитан,12,34
Козлов Алексей Юрьевич,полковник,11,46
Семёнов Виктор Романович,капитан,6,22
Фёдоров Константин Максимович,полковник,4,29
Иванов Олег Иванович,капитан,10,50
Фёдоров Илья Викторович,сержант,2,58
Морозов Сергей Дмитриевич,полковник,10,50
Зайцев Роман Михайлович,прапорщик,12,56
Иванов Михаил Сергеевич,рядовой,2,34
Соколов Сергей Дмитриевич,капитан,9,34
Соловьёв Егор Викторович,капитан,9,18
Никитин Константин Сергеевич,лейтенант,11,27
Никитин Александр Андреевич,майор,4,24
Васильев Кирилл Александрович,сержант,5,56
Михайлов Дмитрий Александрович,майор,11,58
Козлов Сергей Ильич,майор,12,58
Иванов Константин Алексеевич,прапорщик,5,29
Смирнов Андрей Александрович,сержант,3,46
Степанов Степан Александрович,сержант,8,50
Степанов Сергей Юрьевич,майор,11,36
Егоров Никита Олегович,сержант,4,35
Сидоров Павел Ильич,прапорщик,2,30
Смирнов Андрей Дмитриевич,рядовой,11,18
Егоров Михаил Ильич,прапорщик,4,47
Степанов Олег Викторович,полковник,5,48
Морозов Иван Максимович,прапорщик,7,22
Павлов Юрий Алексеевич,майор,5,25
Егоров Александр Александрович,сержант,9,26
Никитин Кирилл Андреевич,сержант,6,19
Попов Олег Ильич,сержант,11,46
Лебедев Юрий Андреевич,полковник,6,40
Фёдоров Сергей Андреевич,лейтенант,12,30
Лебедев Юрий Олегович,прапорщик,9,29
Яковлев Иван Михайлович,рядовой,11,45
Козлов Михаил Ильич,прапорщик,8,54
Фёдоров Илья Олегович,сержант,5,46
Степанов Кирилл Романович,капитан,1,60
Орлов Евгений Максимович,капитан,5,36
Лебедев Матвей Юрьевич,лейтенант,12,41
Петров Максим Александрович,майор,9,36
Семёнов Артём Викторович,рядовой,12,54
Павлов Кирилл Ильич,полковник,6,53
Михайлов Максим Алексеевич,полковник,9,35
Петров Павел Максимович,капитан,11,35
Новиков Кирилл Никитич,полковник,8,27
Кузнецов Виктор Алексеевич,капитан,7,34
Павлов Евгений Ильич,майор,1,22
Николаев Артём Ильич,прапорщик,11,18
Соколов Андрей Викторович,полковник,6,30
Захаров Никита Дмитриевич,капитан,3,19
Попов Максим Никитич,рядовой,10,44
Николаев Матвей Михайлович,майор,6,45
Новиков Олег Романович,полковник,6,23
Иванов Виктор Кириллович,майор,9,21
Зайцев Иван Ильич,полковник,8,18
Попов Михаил Юрьевич,сержант,8,54
Михайлов Степан Иванович,майор,10,39
Алексеев Иван Павлович,лейтенант,7,50
Лебедев Артём Алексеевич,сержант,5,36
Семёнов Степан Никитич,прапорщик,7,54
Кочергин Денис Кириллович,полковник,1,60
Николаев Степан Алексеевич,рядовой,4,60
Андреев Сергей Ильич,майор,1,44
Яковлев Михаил Кириллович,прапорщик,3,49
Кузнецов Юрий Алексеевич,майор,4,40
Николаев Никита Олегович,майор,12,36
Кочергин Александр Романович,рядовой,1,50
Новиков Никита Кириллович,лейтенант,7,39
Морозов Илья Алексеевич,лейтенант,6,32
Николаев Денис Иванович,майор,12,22
Зайцев Никита Михайлович,лейтенант,4,52
Орлов Александр Ильич,майор,8,30
Орлов Илья Андреевич,майор,9,51
Иванов Александр Кириллович,сержант,3,48
Орлов Кирилл Андреевич,рядовой,9,19
Иванов Константин Дмитриевич,полковник,9,19
Михайлов Артём Романович,полковник,2,43
Яковлев Константин Романович,сержант,11,26
Семёнов Иван Александрович,рядовой,9,40
Орлов Константин Дмитриевич,капитан,10,32
Никитин Алексей Андреевич,сержант,9,59
Соколов Дмитрий Олегович,майор,10,38
Морозов Илья Сергеевич,лейтенант,2,35
Степанов Денис Павлович,лейтенант,10,19
Васильев Александр Михайлович,рядовой,2,26
Кузнецов Егор Кириллович,лейтенант,3,29
Борисов Павел Олегович,лейтенант,12,46
Соловьёв Артём Михайлович,капитан,12,49
Кочергин Виктор Андреевич,рядовой,4,49
Павлов Денис Андреевич,лейтенант,5,18
Козлов Артём Алексеевич,лейтенант,2,24
Сидоров Артём Алексеевич,лейтенант,9,38
Морозов Андрей Сергеевич,сержант,4,45
Степанов Алексей Юрьевич,майор,9,56
Морозов Роман Андреевич,майор,8,33
Михайлов Матвей Павлович,капитан,3,57
Егоров Матвей Кириллович,рядовой,2,22
Павлов Александр Максимович,лейтенант,8,51
Борисов Евгений Романович,майор,5,24
Иванов Матвей Михайлович,прапорщик,2,43
Орлов Сергей Александрович,рядовой,10,32
Сидоров Денис Романович,сержант,8,53
Козлов Андрей Дмитриевич,прапорщик,10,19
Морозов Денис Никитич,майор,5,36
Захаров Евгений Александрович,капитан,9,18
Попов Павел Кириллович,сержант,1,38
Сидоров Денис Олегович,сержант,10,27
Макаров Денис Кириллович,рядовой,11,36
Михайлов Евгений Александрович,полковник,4,42
Морозов Кирилл Романович,полковник,12,50
Егоров Олег Дмитриевич,полковник,3,33
Захаров Роман Александрович,майор,6,29
Андреев Никита Викторович,капитан,9,49
Кочергин Иван Павлович,рядовой,3,47
Макаров Юрий Кириллович,рядовой,10,57
Смирнов Роман Никитич,майор,11,37
Новиков Денис Андреевич,прапорщик,12,35
Зайцев Алексей Дмитриевич,сержант,6,19
Попов Сергей Ильич,рядовой,2,47
Михайлов Алексей Ильич,лейтенант,1,36
Никитин Александр Дмитриевич,полковник,10,31
Иванов Юрий Алексеевич,лейтенант,5,53
Семёнов Александр Ильич,майор,11,37
Петров Роман Андреевич,полковник,2,44
Сидоров Юрий Алексеевич,капитан,2,23
Андреев Кирилл Максимович,капитан,3,26
Петров Степан Павлович,капитан,9,49
Орлов Павел Андреевич,майор,11,27
Васильев Виктор Никитич,капитан,10,21
Соловьёв Денис Сергеевич,майор,9,22
Соловьёв Константин Сергеевич,полковник,7,52
Фёдоров Максим Ильич,сержант,11,33
Орлов Дмитрий Ильич,майор,8,34
Лебедев Алексей Михайлович,лейтенант,9,58
Соколов Евгений Олегович,капитан,8,33
Павлов Юрий Ильич,сержант,7,34
Борисов Иван Юрьевич,лейтенант,8,45
Егоров Кирилл Кириллович,капитан,9,20
Попов Павел Никитич,капитан,3,50
Васильев Дмитрий Кириллович,лейтенант,5,58
Козлов Никита Павлович,лейтенант,1,50
Морозов Егор Александрович,майор,7,49
Петров Александр Сергеевич,рядовой,12,54
Васильев Александр Алексеевич,рядовой,1,49
Павлов Никита Романович,полковник,1,48
Павлов Роман Кириллович,сержант,10,43
Зайцев Кирилл Олегович,полковник,4,52
Андреев Алексей Дмитриевич,сержант,8,60
Кочергин Алексей Сергеевич,прапорщик,12,32
Алексеев Матвей Александрович,сержант,6,31
Захаров Дмитрий Максимович,рядовой,4,23
Егоров Артём Кириллович,капитан,1,55
Захаров Илья Ильич,сержант,5,20
Морозов Дмитрий Юрьевич,лейтенант,4,38
Яковлев Никита Никитич,капитан,9,32
Степанов Денис Дмитриевич,полковник,11,29
Соловьёв Иван Максимович,сержант,1,33
Семёнов Дмитрий Дмитриевич,полковник,4,35
Кузнецов Алексей Ильич,капитан,3,44
Соколов Иван Иванович,прапорщик,9,32
Яковлев Роман Михайлович,рядовой,8,46
Андреев Илья Кириллович,полковник,5,28
Петров Максим Александрович,полковник,2,31
Алексеев Евгений Дмитриевич,прапорщик,8,22
Новиков Кирилл Юрьевич,сержант,8,56
Яковлев Дмитрий Ильич,сержант,11,50
Морозов Артём Никитич,рядовой,6,25
Соловьёв Алексей Сергеевич,майор,2,28
Лебедев Виктор Андреевич,полковник,6,58
Павлов Константин Павлович,капитан,11,52
Петров Егор Олегович,капитан,8,49
Васильев Матвей Юрьевич,прапорщик,6,33
Никитин Максим Иванович,прапорщик,3,41
Алексеев Сергей Алексеевич,прапорщик,11,33
Алексеев Максим Дмитриевич,майор,8,45
Зайцев Илья Ильич,майор,8,32
Смирнов Михаил Александрович,капитан,1,37
Иванов Евгений Никитич,прапорщик,6,36
Николаев Алексей Александрович,сержант,12,60
Макаров Павел Сергеевич,полковник,11,54
Иванов Олег Юрьевич,лейтенант,9,28
Борисов Кирилл Алексеевич,лейтенант,4,42
Яковлев Юрий Ильич,полковник,12,32
Попов Михаил Кириллович,майор,12,30
Смирнов Юрий Павлович,майор,2,25
Орлов Павел Сергеевич,майор,4,57
Захаров Сергей Сергеевич,капитан,11,37
Павлов Матвей Иванович,капитан,5,37
Новиков Олег Дмитриевич,сержант,8,22
Морозов Юрий Никитич,капитан,1,56
Никитин Виктор Дмитриевич,майор,6,59
Орлов Егор Максимович,полковник,6,23
Никитин Павел Алексеевич,сержант,2,34
Новиков Виктор Кириллович,майор,7,49
Борисов Андрей Олегович,сержант,11,22
Лебедев Илья Алексеевич,лейтенант,5,37
Степанов Иван Максимович,капитан,5,40
Алексеев Алексей Викторович,лейтенант,12,32
Алексеев Андрей Олегович,лейтенант,4,22
Морозов Евгений Павлович,прапорщик,5,38
Макаров Павел Иванович,рядовой,8,60
Фёдоров Максим Романович,рядовой,6,59
Васильев Егор Александрович,рядовой,1,37
Соловьёв Сергей Никитич,рядовой,7,43
Козлов Никита Михайлович,прапорщик,6,19
Никитин Никита Максимович,капитан,10,43
Зайцев Матвей Максимович,сержант,3,49
Егоров Кирилл Иванович,полковник,12,26
Зайцев Артём Александрович,майор,4,56
Иванов Роман Александрович,сержант,7,60
Михайлов Константин Александрович,майор,7,20
Макаров Михаил Олегович,прапорщик,12,20
Кочергин Егор Павлович,майор,2,54
Егоров Сергей Александрович,рядовой,7,53
Попов Артём Ильич,прапорщик,8,26
Петров Кирилл Алексеевич,сержант,7,40
Соколов Сергей Олегович,прапорщик,9,25
Морозов Олег Ильич,сержант,3,26
Степанов Максим Иванович,сержант,3,40
Соловьёв Юрий Михайлович,сержант,10,54
Фёдоров Степан Сергеевич,капитан,5,41
Кузнецов Павел Кириллович,сержант,7,22
Михайлов Виктор Алексеевич,сержант,7,32
Николаев Сергей Александрович,капитан,11,18
Захаров Степан Александрович,капитан,8,24
Николаев Максим Павлович,майор,1,37
Сидоров Сергей Михайлович,сержант,6,23
Фёдоров Виктор Дмитриевич,рядовой,10,28
Петров Максим Сергеевич,полковник,9,33
Сидоров Егор Павлович,рядовой,7,56
Иванов Денис Дмитриевич,рядовой,11,30
Козлов Денис Романович,прапорщик,2,23
Кочергин Константин Иванович,рядовой,3,29
Павлов Егор Максимович,полковник,2,25
Орлов Андрей Михайлович,прапорщик,7,39
Павлов Александр Александрович,майор,1,29
Попов Андрей Дмитриевич,майор,1,42
Павлов Евгений Юрьевич,прапорщик,12,54
Борисов Никита Максимович,капитан,3,42
Кузнецов Кирилл Кириллович,лейтенант,8,44
Макаров Илья Дмитриевич,прапорщик,8,53
Морозов Матвей Никитич,полковник,1,36
Яковлев Олег Викторович,полковник,5,49
Никитин Михаил Максимович,капитан,7,25
Борисов Евгений Сергеевич,сержант,5,36
Лебедев Максим Максимович,капитан,11,36
Николаев Роман Иванович,рядовой,4,23
Андреев Евгений Олегович,полковник,2,50
Кузнецов Илья Олегович,лейтенант,7,58
Андреев Михаил Павлович,сержант,3,53
Алексеев Виктор Олегович,прапорщик,6,48
Николаев Виктор Иванович,лейтенант,8,27
Борисов Иван Максимович,капитан,1,27
Зайцев Константин Дмитриевич,полковник,5,20
Андреев Матвей Викторович,рядовой,4,27
Морозов Константин Михайлович,сержант,12,40
Козлов Павел Дмитриевич,капитан,12,22
Васильев Александр Михайлович,рядовой,12,19
Захаров Олег Викторович,лейтенант,12,43
Борисов Артём Павлович,прапорщик,8,33
Андреев Сергей Павлович,майор,9,32
Орлов Константин Павлович,сержант,2,40
Сидоров Кирилл Александрович,прапорщик,6,34
Борисов Константин Алексеевич,майор,9,48
Фёдоров Константин Ильич,сержант,8,27
Иванов Александр Иванович,сержант,10,45
Соловьёв Артём Кириллович,полковник,12,50
Павлов Дмитрий Павлович,сержант,4,39
Орлов Илья Иванович,капитан,8,28
Николаев Никита Дмитриевич,рядовой,7,43
Кузнецов Павел Михайлович,прапорщик,4,27
Никитин Евгений Олегович,майор,5,36
Фёдоров Павел Андреевич,прапорщик,9,28
Попов Артём Юрьевич,сержант,3,59
Семёнов Евгений Михайлович,полковник,6,23
Зайцев Максим Максимович,сержант,6,35
Сидоров Максим Юрьевич,майор,12,55
Михайлов Виктор Дмитриевич,майор,10,48
Орлов Иван Алексеевич,майор,8,19
Лебедев Юрий Кириллович,лейтенант,12,38
Алексеев Сергей Иванович,майор,1,60
Сидоров Артём Алексеевич,прапорщик,3,57
Степанов Иван Никитич,лейтенант,9,24
Кочергин Олег Андреевич,рядовой,3,22
Морозов Сергей Сергеевич,прапорщик,8,36
Андреев Евгений Андреевич,лейтенант,9,34
Семёнов Егор Романович,прапорщик,6,27
Андреев Андрей Александрович,майор,10,43
Егоров Виктор Сергеевич,сержант,11,19
Борисов Илья Кириллович,рядовой,5,42
Макаров Степан Кириллович,рядовой,3,58
Макаров Евгений Алексеевич,рядовой,5,49
Иванов Виктор Максимович,лейтенант,6,60
Сидоров Сергей Алексеевич,прапорщик,5,38
Никитин Олег Павлович,полковник,6,52
Борисов Егор Александрович,прапорщик,6,32
Орлов Илья Олегович,рядовой,12,27
Кузнецов Константин Алексеевич,рядовой,8,26
Соколов Никита Никитич,рядовой,5,32
Сидоров Алексей Сергеевич,сержант,11,44
Попов Виктор Викторович,капитан,2,39
Лебедев Степан Романович,майор,1,26
Орлов Евгений Сергеевич,сержант,5,37
Козлов Егор Ильич,майор,8,55
Лебедев Степан Сергеевич,прапорщик,3,49
Николаев Денис Олегович,лейтенант,12,30
Петров Кирилл Романович,прапорщик,12,45
Смирнов Матвей Иванович,рядовой,12,43
Зайцев Денис Александрович,рядовой,7,49
Соколов Алексей Сергеевич,капитан,3,60
Кочергин Олег Александрович,полковник,4,42
Иванов Илья Олегович,сержант,6,56
Фёдоров Павел Викторович,полковник,2,28
Андреев Кирилл Викторович,прапорщик,9,31
Макаров Виктор Михайлович,майор,12,45
Васильев Роман Сергеевич,капитан,7,29
Иванов Степан Павлович,сержант,12,56
Иванов Алексей Романович,капитан,1,42
Смирнов Степан Викторович,рядовой,12,44
Козлов Денис Никитич,лейтенант,3,47
Андреев Павел Иванович,полковник,3,19
Лебедев Олег Юрьевич,сержант,8,43
Зайцев Степан Иванович,капитан,3,35
Фёдоров Илья Никитич,рядовой,4,33
Яковлев Александр Никитич,прапорщик,3,45
Павлов Денис Иванович,лейтенант,3,45
Николаев Павел Александрович,лейтенант,9,35
Козлов Денис Сергеевич,полковник,5,53
Морозов Михаил Сергеевич,сержант,8,58
Михайлов Матвей Алексеевич,полковник,11,18
Никитин Евгений Иванович,полковник,10,41
Сидоров Сергей Андреевич,сержант,7,59
Новиков Евгений Александрович,рядовой,12,51
Яковлев Алексей Андреевич,лейтенант,3,36
Яковлев Виктор Кириллович,сержант,11,33
Соловьёв Артём Никитич,сержант,9,56
Николаев Алексей Романович,полковник,7,34
Яковлев Евгений Сергеевич,лейтенант,4,28
Михайлов Илья Олегович,капитан,8,24
Никитин Константин Михайлович,капитан,3,31
Новиков Павел Михайлович,капитан,11,26
Алексеев Александр Сергеевич,прапорщик,3,41
Алексеев Михаил Иванович,полковник,5,55
Смирнов Денис Викторович,полковник,8,40
Иванов Константин Андреевич,сержант,5,32
Соловьёв Виктор Кириллович,рядовой,1,29
Кочергин Илья Викторович,майор,10,39
Макаров Егор Иванович,сержант,10,47
Семёнов Степан Иванович,лейтенант,1,39
Захаров Сергей Сергеевич,рядовой,2,57
Новиков Никита Павлович,сержант,2,33
Захаров Артём Михайлович,сержант,8,49
Яковлев Матвей Александрович,капитан,5,27
Яковлев Павел Михайлович,сержант,10,34
Захаров Андрей Иванович,сержант,2,56
Лебедев Дмитрий Романович,сержант,12,21
Михайлов Константин Дмитриевич,майор,12,23
Зайцев Матвей Кириллович,прапорщик,11,58
Макаров Павел Михайлович,майор,5,49
Андреев Андрей Андреевич,прапорщик,2,60
Никитин Денис Сергеевич,сержант,9,45
Морозов Юрий Викторович,сержант,8,35
Захаров Степан Романович,полковник,8,44
Семёнов Матвей Никитич,полковник,9,28
Павлов Никита Олегович,майор,1,26
Яковлев Егор Алексеевич,капитан,7,47
Алексеев Александр Максимович,прапорщик,1,45
Захаров Константин Павлович,капитан,7,26
Орлов Иван Иванович,рядовой,7,28
Сидоров Олег Иванович,рядовой,3,20
Морозов Матвей Сергеевич,рядовой,12,37
Васильев Иван Максимович,капитан,10,27
Козлов Кирилл Алексеевич,прапорщик,3,41
Михайлов Юрий Никитич,капитан,8,36
Яковлев Никита Дмитриевич,капитан,3,34
Козлов Матвей Олегович,рядовой,8,28
Васильев Максим Алексеевич,полковник,5,48
Павлов Денис Ильич,майор,7,49
Николаев Егор Павлович,рядовой,11,27
Кочергин Юрий Дмитриевич,сержант,12,58
Николаев Константин Никитич,капитан,11,28
Захаров Матвей Дмитриевич,рядовой,5,47
Егоров Олег Сергеевич,сержант,10,28
Соколов Илья Алексеевич,майор,1,56
Никитин Илья Юрьевич,майор,1,39
Семёнов Сергей Олегович,сержант,12,38
Кочергин Константин Олегович,капитан,7,43
Степанов Виктор Иванович,сержант,8,19
Михайлов Александр Романович,сержант,12,31
Степанов Илья Алексеевич,майор,7,38
Николаев Артём Павлович,прапорщик,5,48
Михайлов Матвей Романович,лейтенант,12,33
Михайлов Максим Павлович,полковник,12,44
Михайлов Андрей Андреевич,полковник,11,19
Соколов Сергей Андреевич,капитан,1,18
Петров Евгений Иванович,сержант,1,59
Иванов Кирилл Олегович,майор,9,28
Орлов Иван Юрьевич,лейтенант,3,54
Захаров Максим Викторович,капитан,8,36
Васильев Евгений Олегович,полковник,10,44
Зайцев Алексей Никитич,сержант,5,53
Попов Виктор Андреевич,рядовой,2,48
Фёдоров Павел Никитич,полковник,8,41
Сидоров Дмитрий Никитич,лейтенант,3,39
Павлов Илья Сергеевич,рядовой,2,47
Петров Максим Никитич,майор,3,30
Николаев Михаил Кириллович,рядовой,12,51
Васильев Иван Дмитриевич,полковник,4,34
Михайлов Денис Кириллович,лейтенант,8,48
Захаров Егор Алексеевич,прапорщик,3,52
Павлов Сергей Павлович,сержант,2,20
Соколов Иван Викторович,прапорщик,3,37
Николаев Виктор Кириллович,капитан,11,56
Лебедев Александр Михайлович,сержант,9,58
Макаров Матвей Никитич,рядовой,7,33
Степанов Юрий Алексеевич,капитан,5,57
Иванов Егор Андреевич,полковник,6,25
Степанов Виктор Иванович,полковник,9,36
Семёнов Роман Олегович,лейтенант,7,38
Фёдоров Михаил Никитич,майор,2,60
Зайцев Илья Дмитриевич,полковник,1,52
Фёдоров Роман Дмитриевич,прапорщик,11,39
Михайлов Михаил Юрьевич,полковник,8,52
Кузнецов Илья Юрьевич,полковник,12,35
Сидоров Максим Ильич,полковник,6,49
Степанов Егор Юрьевич,сержант,7,33
Семёнов Артём Кириллович,прапорщик,12,40
Орлов Юрий Романович,прапорщик,11,34
Зайцев Виктор Павлович,рядовой,4,26
Петров Михаил Никитич,сержант,1,36
Соколов Артём Дмитриевич,прапорщик,4,44
Козлов Андрей Алексеевич,полковник,1,19
Соловьёв Алексей Романович,капитан,3,28
Сидоров Никита Алексеевич,лейтенант,1,22
Иванов Евгений Максимович,полковник,6,41
Павлов Егор Олегович,рядовой,5,21
Никитин Максим Никитич,лейтенант,5,20
Новиков Алексей Олегович,рядовой,1,31
Михайлов Сергей Алексеевич,капитан,6,18
Орлов Никита Сергеевич,полковник,1,33
Павлов Максим Кириллович,полковник,11,31
Кочергин Степан Романович,рядовой,4,24
Павлов Кирилл Алексеевич,капитан,6,43
Орлов Алексей Сергеевич,майор,2,45
Борисов Виктор Михайлович,сержант,7,18
Захаров Егор Андреевич,прапорщик,2,49
Николаев Олег Юрьевич,лейтенант,10,57
Егоров Павел Юрьевич,рядовой,9,33
Никитин Егор Павлович,рядовой,5,28
Алексеев Кирилл Михайлович,лейтенант,11,21
Николаев Степан Юрьевич,прапорщик,8,43
Соловьёв Алексей Викторович,полковник,8,36
Никитин Виктор Андреевич,прапорщик,5,19
Кочергин Максим Кириллович,капитан,5,30
Иванов Дмитрий Андреевич,полковник,8,33
Смирнов Сергей Юрьевич,капитан,8,57
Андреев Александр Дмитриевич,капитан,2,19
Кочергин Дмитрий Алексеевич,капитан,3,39
Борисов Олег Сергеевич,полковник,5,20
Соколов Роман Никитич,майор,9,59
Степанов Максим Юрьевич,полковник,9,39
Андреев Матвей Романович,сержант,8,49
Иванов Михаил Кириллович,майор,2,38
Соловьёв Алексей Максимович,майор,1,18
Сидоров Алексей Дмитриевич,лейтенант,10,22
Соколов Павел Никитич,прапорщик,1,20
Семёнов Роман Ильич,рядовой,9,53
Кузнецов Евгений Алексеевич,прапорщик,7,25
Никитин Иван Кириллович,прапорщик,10,18
Андреев Павел Михайлович,майор,11,20
Козлов Никита Никитич,рядовой,8,20
Соловьёв Андрей Викторович,полковник,4,43
Козлов Андрей Павлович,лейтенант,11,37
Павлов Константин Ильич,полковник,8,50
Смирнов Сергей Андреевич,майор,3,22
Павлов Никита Александрович,майор,12,31
Соловьёв Матвей Александрович,прапорщик,6,29
Егоров Олег Иванович,сержант,6,53
Кузнецов Дмитрий Викторович,прапорщик,2,51
Кочергин Кирилл Сергеевич,капитан,1,27
Сидоров Александр Ильич,полковник,3,40
Андреев Илья Олегович,прапорщик,7,26
Орлов Никита Сергеевич,сержант,2,28
Захаров Михаил Викторович,полковник,9,48
Алексеев Матвей Юрьевич,прапорщик,2,48
Зайцев Евгений Сергеевич,прапорщик,11,24
Павлов Евгений Иванович,лейтенант,6,46
Алексеев Егор Алексеевич,полковник,11,21
Павлов Константин Юрьевич,прапорщик,10,50
Кочергин Михаил Юрьевич,лейтенант,2,28
Петров Степан Юрьевич,полковник,8,51
Соловьёв Илья Андреевич,майор,1,54
Кочергин Артём Павлович,полковник,1,47
Орлов Михаил Кириллович,капитан,8,43
Павлов Сергей Александрович,капитан,3,41
Егоров Дмитрий Сергеевич,полковник,8,37
Морозов Виктор Максимович,полковник,10,60
Орлов Александр Ильич,майор,3,57
Лебедев Кирилл Александрович,полковник,12,58
Павлов Никита Олегович,лейтенант,3,43
Кузнецов Максим Андреевич,капитан,9,24
Морозов Константин Максимович,рядовой,11,57
Николаев Роман Романович,капитан,10,34
Морозов Роман Андреевич,полковник,4,24
Кузнецов Сергей Максимович,прапорщик,11,39
Яковлев Евгений Павлович,капитан,11,37
Кузнецов Илья Кириллович,майор,3,28
Кузнецов Александр Викторович,прапорщик,11,23
Захаров Илья Александрович,лейтенант,8,58
Петров Максим Кириллович,сержант,11,23
Орлов Никита Сергеевич,полковник,5,42
Васильев Кирилл Олегович,полковник,4,56
Соколов Александр Алексеевич,майор,6,33
Борисов Андрей Максимович,майор,7,48
Сидоров Евгений Павлович,лейтенант,4,27
Козлов Михаил Михайлович,лейтенант,3,52
Андреев Иван Сергеевич,майор,12,31
Николаев Юрий Андреевич,лейтенант,1,57
Новиков Евгений Максимович,майор,1,27
Морозов Павел Максимович,полковник,10,60
Новиков Константин Максимович,майор,6,25
Алексеев Евгений Викторович,капитан,11,26
Андреев Максим Алексеевич,лейтенант,10,58
Лебедев Дмитрий Михайлович,лейтенант,4,49
Орлов Константин Иванович,майор,12,59
Васильев Евгений Андреевич,майор,1,56
Яковлев Роман Никитич,рядовой,3,29
Андреев Сергей Павлович,сержант,8,28
Николаев Максим Дмитриевич,лейтенант,1,47
Никитин Степан Дмитриевич,майор,7,47
Алексеев Денис Дмитриевич,полковник,2,36
Лебедев Олег Дмитриевич,сержант,10,49
Петров Егор Кириллович,рядовой,12,38
Захаров Сергей Кириллович,прапорщик,4,19
Захаров Денис Андреевич,полковник,8,57
Козлов Сергей Кириллович,сержант,11,31
Борисов Кирилл Павлович,сержант,4,21
Кочергин Олег Максимович,сержант,9,60
Борисов Илья Ильич,прапорщик,3,48
Петров Константин Александрович,майор,8,48
Никитин Кирилл Иванович,прапорщик,2,57
Кузнецов Илья Алексеевич,капитан,2,50
Соловьёв Сергей Иванович,рядовой,1,33
Павлов Денис Олегович,капитан,9,51
Сидоров Кирилл Максимович,рядовой,2,38
Борисов Александр Павлович,сержант,2,56
Яковлев Кирилл Алексеевич,майор,7,42
Зайцев Евгений Иванович,прапорщик,8,50
Николаев Юрий Олегович,прапорщик,10,37
Орлов Виктор Иванович,рядовой,2,55
Лебедев Павел Юрьевич,сержант,6,48
Смирнов Александр Викторович,прапорщик,11,47
Егоров Константин Романович,прапорщик,8,23
Алексеев Илья Викторович,рядовой,4,57
Попов Иван Павлович,лейтенант,12,40
Алексеев Кирилл Андреевич,майор,4,56
Егоров Денис Олегович,прапорщик,5,50
Морозов Алексей Андреевич,полковник,5,42
Смирнов Александр Юрьевич,капитан,5,27
Новиков Павел Дмитриевич,капитан,4,28
Семёнов Иван Викторович,капитан,12,47
Макаров Дмитрий Юрьевич,капитан,3,39
Никитин Михаил Романович,капитан,5,30
Соловьёв Андрей Иванович,сержант,11,27
Морозов Дмитрий Кириллович,сержант,9,41
Яковлев Евгений Олегович,рядовой,2,36
Степанов Павел Олегович,сержант,8,38
Андреев Юрий Дмитриевич,капитан,8,22
Егоров Денис Максимович,сержант,11,42
Михайлов Виктор Кириллович,рядовой,10,35
Кузнецов Константин Дмитриевич,капитан,10,51
Сидоров Олег Романович,сержант,8,21
Морозов Андрей Никитич,лейтенант,11,57
Орлов Михаил Ильич,лейтенант,2,43
Фёдоров Матвей Андреевич,прапорщик,5,59
Попов Матвей Александрович,капитан,2,21
Иванов Павел Иванович,майор,10,42
Семёнов Артём Максимович,майор,2,30
Кочергин Михаил Иванович,полковник,11,30
Кочергин Роман Дмитриевич,рядовой,12,22
Михайлов Евгений Алексеевич,полковник,7,60
Орлов Степан Олегович,прапорщик,6,37
Иванов Егор Дмитриевич,лейтенант,11,30
Алексеев Александр Романович,лейтенант,8,50
Смирнов Илья Олегович,капитан,4,54
Козлов Сергей Михайлович,лейтенант,9,54
Орлов Илья Дмитриевич,полковник,2,38
Морозов Юрий Михайлович,прапорщик,3,27
Егоров Сергей Максимович,капитан,1,55
Михайлов Павел Максимович,майор,6,31
Орлов Степан Сергеевич,капитан,1,28
Соловьёв Дмитрий Максимович,майор,7,26
Кузнецов Олег Сергеевич,капитан,10,32
Павлов Павел Сергеевич,сержант,1,18
Васильев Александр Ильич,капитан,9,57
Алексеев Никита Ильич,майор,3,53
Орлов Егор Романович,майор,4,56
Никитин Артём Сергеевич,сержант,5,23
Смирнов Олег Михайлович,капитан,9,51
Козлов Павел Ильич,сержант,2,33
Захаров Степан Олегович,прапорщик,4,34
Степанов Александр Кириллович,майор,4,25
Орлов Кирилл Иванович,прапорщик,8,24
Фёдоров Максим Викторович,рядовой,4,48
Петров Степан Олегович,капитан,10,28
Петров Алексей Юрьевич,прапорщик,1,59
Фёдоров Артём Ильич,майор,7,21
Яковлев Иван Ильич,сержант,12,44
Зайцев Андрей Олегович,полковник,7,56
Степанов Егор Романович,капитан,11,52
Яковлев Александр Романович,прапорщик,11,47
Кузнецов Егор Олегович,сержант,12,36
Захаров Матвей Павлович,лейтенант,9,19
Кузнецов Алексей Максимович,рядовой,7,57
Никитин Виктор Сергеевич,лейтенант,7,55
Михайлов Максим Александрович,лейтенант,11,38
Егоров Евгений Михайлович,сержант,12,59
Васильев Иван Кириллович,капитан,4,29
Андреев Олег Андреевич,полковник,12,20
Кузнецов Александр Александрович,сержант,8,50
Никитин Денис Михайлович,майор,12,25
Николаев Артём Никитич,капитан,3,50
Петров Денис Кириллович,полковник,11,60
Зайцев Егор Михайлович,майор,6,23
Смирнов Михаил Ильич,капитан,9,44
Лебедев Егор Павлович,прапорщик,2,53
Михайлов Кирилл Романович,полковник,11,40
Зайцев Андрей Андреевич,рядовой,7,27
Никитин Александр Никитич,майор,8,46
Андреев Андрей Павлович,лейтенант,2,49
Егоров Егор Никитич,рядовой,9,59
Фёдоров Степан Александрович,прапорщик,8,46
Захаров Максим Иванович,лейтенант,6,58
Семёнов Степан Иванович,прапорщик,2,24
Николаев Степан Викторович,полковник,5,21
Андреев Роман Александрович,рядовой,11,56
Николаев Илья Олегович,полковник,4,39
Захаров Андрей Алексеевич,сержант,6,28
Морозов Никита Сергеевич,полковник,4,53
Лебедев Андрей Олегович,лейтенант,7,36
Морозов Денис Кириллович,прапорщик,9,35
Никитин Матвей Кириллович,полковник,1,23
Козлов Максим Кириллович,лейтенант,4,32
Соловьёв Сергей Олегович,лейтенант,10,34
Соловьёв Иван Юрьевич,майор,12,18
Лебедев Роман Ильич,лейтенант,12,42
Кочергин Евгений Никитич,лейтенант,6,25
Яковлев Павел Алексеевич,полковник,3,29
Сидоров Матвей Викторович,прапорщик,9,26
Павлов Роман Андреевич,капитан,11,56
Степанов Илья Иванович,капитан,3,53
Николаев Сергей Сергеевич,капитан,8,27
Козлов Алексей Ильич,прапорщик,9,39
Сидоров Юрий Викторович,рядовой,2,50
Лебедев Юрий Михайлович,сержант,7,34
Никитин Кирилл Алексеевич,рядовой,9,43
Андреев Матвей Максимович,полковник,12,43
Лебедев Павел Романович,полковник,8,58
Николаев Александр Дмитриевич,рядовой,1,38
Соловьёв Константин Павлович,сержант,6,56
Петров Дмитрий Олегович,майор,5,46
Смирнов Юрий Романович,рядовой,6,37
Захаров Кирилл Максимович,рядовой,11,46
Козлов Дмитрий Ильич,прапорщик,11,36
Орлов Алексей Максимович,лейтенант,8,25
Никитин Роман Иванович,полковник,6,53
Соловьёв Иван Павлович,рядовой,5,51
Андреев Егор Андреевич,лейтенант,5,29
Сидоров Сергей Никитич,сержант,3,38
Андреев Павел Никитич,рядовой,11,28
Николаев Артём Александрович,прапорщик,8,33
Михайлов Роман Александрович,сержант,7,46
Алексеев Никита Никитич,майор,6,33
Новиков Андрей Александрович,полковник,12,19
Соловьёв Алексей Викторович,рядовой,5,43
Алексеев Виктор Романович,лейтенант,6,52
Зайцев Евгений Сергеевич,майор,2,19
Соловьёв Илья Юрьевич,рядовой,12,54
Попов Михаил Михайлович,полковник,3,43
Захаров Илья Александрович,рядовой,8,21
Кочергин Виктор Романович,полковник,7,47
Смирнов Сергей Максимович,лейтенант,9,48
Зайцев Дмитрий Кириллович,полковник,7,18
Алексеев Андрей Сергеевич,капитан,2,49
Кочергин Иван Юрьевич,капитан,11,21
Иванов Никита Кириллович,майор,2,30
Михайлов Михаил Никитич,прапорщик,2,43
Андреев Алексей Алексеевич,капитан,9,23
Алексеев Матвей Олегович,рядовой,6,36
Яковлев Юрий Кириллович,майор,8,49
Петров Виктор Никитич,прапорщик,6,18
Степанов Роман Никитич,майор,12,26
Васильев Андрей Павлович,капитан,11,38
Соколов Михаил Юрьевич,прапорщик,9,41
Андреев Артём Михайлович,рядовой,6,29
Новиков Степан Максимович,лейтенант,1,37
Смирнов Евгений Михайлович,капитан,4,50
Зайцев Андрей Александрович,майор,7,24
Лебедев Егор Дмитриевич,полковник,6,30
Зайцев Юрий Ильич,прапорщик,1,50
Николаев Алексей Алексеевич,майор,11,24
Кузнецов Михаил Иванович,майор,3,57
Кочергин Никита Михайлович,прапорщик,5,27
Иванов Никита Павлович,лейтенант,1,44
Андреев Андрей Никитич,майор,7,38
Смирнов Кирилл Олегович,лейтенант,12,31
Борисов Степан Романович,майор,7,52
Соловьёв Роман Викторович,капитан,12,58
Андреев Максим Михайлович,капитан,7,32
Яковлев Матвей Олегович,майор,3,32
Борисов Дмитрий Александрович,прапорщик,3,32
Фёдоров Сергей Андреевич,полковник,1,43
Николаев Алексей Викторович,прапорщик,10,41
Лебедев Евгений Алексеевич,рядовой,3,47
Никитин Константин Максимович,рядовой,4,34
Попов Егор Кириллович,рядовой,4,44
Кузнецов Дмитрий Алексеевич,капитан,12,44
Иванов Никита Михайлович,майор,11,55
Лебедев Андрей Алексеевич,сержант,8,47
Семёнов Алексей Павлович,сержант,5,52
Попов Денис Юрьевич,полковник,7,37
Макаров Александр Михайлович,майор,10,45
Николаев Павел Иванович,майор,10,41
Лебедев Сергей Никитич,лейтенант,4,50
Михайлов Виктор Ильич,полковник,1,57
Лебедев Матвей Викторович,майор,9,18
Алексеев Артём Максимович,лейтенант,9,56
Семёнов Евгений Кириллович,майор,6,45
Васильев Павел Алексеевич,прапорщик,3,55
Борисов Олег Максимович,майор,4,51
Семёнов Виктор Никитич,рядовой,2,43
Морозов Роман Александрович,капитан,10,20
Захаров Никита Сергеевич,рядовой,5,55
Зайцев Максим Кириллович,рядовой,3,42
Лебедев Егор Максимович,полковник,3,55
Семёнов Матвей Михайлович,сержант,7,26
Борисов Александр Кириллович,лейтенант,12,31
Морозов Егор Романович,полковник,5,27
Кузнецов Кирилл Дмитриевич,прапорщик,1,55
Алексеев Виктор Дмитриевич,полковник,1,27
Кочергин Олег Иванович,рядовой,3,24
Попов Артём Дмитриевич,капитан,1,60
Орлов Максим Олегович,капитан,12,50
Андреев Степан Максимович,сержант,12,58
Алексеев Роман Романович,майор,3,27
Павлов Илья Викторович,полковник,10,43
Козлов Олег Алексеевич,майор,12,58
Орлов Денис Александрович,сержант,12,55
Лебедев Сергей Максимович,лейтенант,9,48
Кузнецов Константин Павлович,полковник,1,31
Соловьёв Илья Андреевич,капитан,8,36
Алексеев Андрей Сергеевич,майор,8,28
Лебедев Максим Никитич,рядовой,2,42
Егоров Дмитрий Сергеевич,майор,4,53
Иванов Виктор Викторович,лейтенант,8,20
Смирнов Егор Юрьевич,рядовой,1,21
Макаров Денис Дмитриевич,майор,10,41
Новиков Артём Алексеевич,капитан,6,55
Соловьёв Михаил Сергеевич,сержант,12,29
Макаров Иван Дмитриевич,полковник,10,40
Соловьёв Юрий Викторович,полковник,9,46
Захаров Артём Михайлович,лейтенант,11,41
Морозов Никита Никитич,полковник,4,35
Зайцев Максим Иванович,рядовой,6,49
Соловьёв Павел Михайлович,сержант,9,55
Соколов Степан Олегович,прапорщик,7,38
Макаров Андрей Никитич,капитан,8,21
Васильев Константин Романович,полковник,5,60
Попов Илья Андреевич,сержант,2,49
Кузнецов Максим Ильич,полковник,10,42
Андреев Александр Викторович,майор,9,31
Кочергин Степан Ильич,сержант,5,51
Орлов Никита Дмитриевич,рядовой,1,35
Егоров Артём Романович,рядовой,6,41
Макаров Павел Кириллович,лейтенант,5,38
Лебедев Дмитрий Андреевич,капитан,2,21
Козлов Никита Алексеевич,рядовой,4,20
Алексеев Олег Андреевич,майор,1,20
Николаев Андрей Романович,полковник,8,32
Попов Павел Сергеевич,сержант,6,45
Кузнецов Павел Павлович,рядовой,6,51
Алексеев Дмитрий Кириллович,сержант,9,22
Лебедев Александр Михайлович,сержант,11,54
Козлов Сергей Павлович,майор,10,34
Борисов Кирилл Иванович,рядовой,7,34
Козлов Павел Дмитриевич,полковник,4,41
Семёнов Виктор Алексеевич,капитан,9,35
Новиков Александр Олегович,полковник,2,56
Сидоров Иван Ильич,лейтенант,5,55
Орлов Денис Иванович,прапорщик,1,42
Михайлов Олег Павлович,прапорщик,12,52
Кочергин Никита Юрьевич,капитан,4,34
Кочергин Матвей Романович,сержант,9,48
Сидоров Дмитрий Никитич,сержант,5,41
Макаров Юрий Дмитриевич,майор,1,27
Петров Михаил Романович,капитан,7,24
Фёдоров Максим Викторович,майор,7,20
Попов Степан Олегович,сержант,5,32
Фёдоров Сергей Юрьевич,сержант,10,36
Алексеев Иван Алексеевич,сержант,2,41
Борисов Олег Павлович,рядовой,7,41
Борисов Никита Романович,полковник,12,40
Васильев Константин Дмитриевич,лейтенант,12,35
Егоров Максим Иванович,капитан,11,44
Алексеев Никита Михайлович,лейтенант,4,50
Орлов Константин Олегович,лейтенант,9,60
Захаров Илья Алексеевич,полковник,4,51
Михайлов Дмитрий Кириллович,прапорщик,4,45
Васильев Никита Андреевич,лейтенант,8,29
Лебедев Павел Павлович,прапорщик,9,56
Захаров Никита Никитич,лейтенант,6,53
Семёнов Артём Дмитриевич,капитан,12,51
Андреев Павел Романович,рядовой,4,49
Борисов Андрей Викторович,полковник,5,58
Зайцев Евгений Олегович,лейтенант,11,25
Фёдоров Егор Андреевич,майор,11,31
Яковлев Виктор Ильич,майор,11,35
Лебедев Кирилл Александрович,капитан,7,23
Соловьёв Алексей Александрович,сержант,5,42
Морозов Иван Алексеевич,майор,7,47
Сидоров Алексей Александрович,лейтенант,2,40
Михайлов Александр Дмитриевич,майор,6,47
Захаров Никита Алексеевич,капитан,4,23
Макаров Павел Викторович,капитан,5,32
Павлов Андрей Ильич,полковник,4,18
Зайцев Сергей Кириллович,полковник,11,39
Козлов Юрий Викторович,полковник,5,36
Козлов Илья Юрьевич,полковник,2,33
Орлов Максим Викторович,полковник,12,46
Макаров Алексей Юрьевич,рядовой,9,37
Морозов Андрей Ильич,рядовой,1,26
Васильев Егор Викторович,капитан,11,25
Степанов Артём Викторович,рядовой,6,51
Петров Константин Никитич,рядовой,6,48
Кузнецов Сергей Алексеевич,лейтенант,1,31
Кузнецов Виктор Юрьевич,сержант,5,52
Захаров Иван Романович,прапорщик,4,35
Козлов Никита Сергеевич,сержант,7,43
Никитин Константин Романович,сержант,2,59
Степанов Александр Дмитриевич,прапорщик,7,48
Егоров Алексей Викторович,сержант,2,25
Захаров Андрей Александрович,рядовой,6,21
Фёдоров Илья Олегович,лейтенант,5,58
Алексеев Александр Александрович,рядовой,10,50
Петров Виктор Сергеевич,лейтенант,6,18
Лебедев Михаил Павлович,майор,9,19
Андреев Денис Михайлович,майор,11,50
Захаров Евгений Алексеевич,капитан,7,47
Макаров Евгений Алексеевич,рядовой,1,57
Степанов Артём Алексеевич,прапорщик,7,48
Кочергин Константин Иванович,майор,10,51
Николаев Александр Иванович,капитан,12,39
Михайлов Олег Олегович,прапорщик,7,37
Козлов Андрей Александрович,майор,10,35
Борисов Юрий Юрьевич,прапорщик,4,57
Попов Кирилл Алексеевич,полковник,4,48
Николаев Виктор Викторович,полковник,8,51
Фёдоров Никита Михайлович,полковник,12,39
Николаев Константин Викторович,лейтенант,10,33
Козлов Степан Олегович,прапорщик,3,39
Кузнецов Максим Сергеевич,майор,1,29
Новиков Андрей Ильич,лейтенант,2,30
Иванов Константин Михайлович,прапорщик,1,37
Алексеев Максим Викторович,сержант,7,30
Семёнов Иван Ильич,майор,10,46
Фёдоров Денис Дмитриевич,прапорщик,1,31
Иванов Никита Дмитриевич,полковник,7,28
Семёнов Олег Олегович,полковник,7,21
Соловьёв Александр Максимович,лейтенант,12,53
Павлов Павел Викторович,полковник,12,42
Кочергин Матвей Максимович,сержант,5,19
Соловьёв Константин Ильич,полковник,5,58
Макаров Андрей Андреевич,рядовой,4,48
Сидоров Кирилл Романович,сержант,9,23
Лебедев Андрей Максимович,сержант,1,41
Зайцев Юрий Александрович,капитан,4,33
Иванов Алексей Романович,майор,5,52
Алексеев Артём Романович,прапорщик,8,31
Яковлев Олег Александрович,лейтенант,5,34
Яковлев Сергей Сергеевич,лейтенант,7,34
Николаев Виктор Дмитриевич,прапорщик,11,51
Козлов Иван Романович,лейтенант,9,51
Сидоров Максим Александрович,капитан,7,29
Кузнецов Денис Ильич,сержант,7,32
Михайлов Иван Кириллович,лейтенант,2,22
Новиков Никита Максимович,майор,11,57
Попов Константин Михайлович,майор,10,43
Попов Максим Кириллович,лейтенант,9,31
Кочергин Павел Дмитриевич,лейтенант,5,38
Андреев Иван Дмитриевич,капитан,3,42
Кочергин Алексей Александрович,лейтенант,4,28
Андреев Михаил Павлович,сержант,5,24
Орлов Никита Юрьевич,майор,6,24
Семёнов Юрий Викторович,лейтенант,10,27
Николаев Илья Ильич,рядовой,7,49
Кузнецов Денис Максимович,прапорщик,1,48
Лебедев Андрей Никитич,лейтенант,9,34
Иванов Степан Михайлович,капитан,5,39
Зайцев Матвей Максимович,лейтенант,11,47
Фёдоров Артём Александрович,майор,11,36
Новиков Илья Андреевич,капитан,11,41
Новиков Алексей Олегович,прапорщик,4,52
Васильев Степан Максимович,майор,9,28
Лебедев Павел Иванович,прапорщик,11,47
Фёдоров Роман Максимович,лейтенант,7,55
Васильев Константин Александрович,майор,6,50
Борисов Денис Максимович,рядовой,11,31
Смирнов Павел Ильич,лейтенант,4,45
Степанов Дмитрий Андреевич,майор,9,20
Новиков Степан Михайлович,прапорщик,9,32
Васильев Павел Иванович,лейтенант,7,54
Яковлев Артём Викторович,прапорщик,10,60
Фёдоров Константин Павлович,рядовой,11,32
Никитин Павел Викторович,прапорщик,11,48
Алексеев Павел Алексеевич,майор,1,54
Борисов Роман Ильич,прапорщик,8,34
Борисов Алексей Юрьевич,полковник,3,20
Захаров Сергей Сергеевич,прапорщик,4,43
Сидоров Александр Максимович,полковник,1,31
Козлов Никита Олегович,полковник,3,51
Алексеев Олег Юрьевич,лейтенант,2,40
Соловьёв Михаил Сергеевич,сержант,9,43
Фёдоров Егор Юрьевич,сержант,9,41
Васильев Артём Максимович,сержант,8,49
Попов Алексей Олегович,сержант,1,30
Степанов Илья Михайлович,полковник,1,47
Васильев Денис Ильич,майор,6,50
Яковлев Илья Иванович,сержант,12,35
Иванов Егор Андреевич,прапорщик,6,25
Новиков Степан Дмитриевич,лейтенант,9,27
Орлов Матвей Иванович,майор,3,36
Макаров Евгений Олегович,сержант,12,33
Борисов Матвей Кириллович,капитан,1,51
Зайцев Матвей Ильич,прапорщик,8,24
Яковлев Михаил Александрович,рядовой,10,42
Новиков Денис Никитич,сержант,12,35
Смирнов Иван Сергеевич,сержант,8,47
Соловьёв Артём Андреевич,полковник,6,24
Соловьёв Илья Романович,прапорщик,9,45
Захаров Кирилл Павлович,майор,6,45
Яковлев Денис Юрьевич,капитан,4,59
Егоров Иван Павлович,сержант,6,20
Семёнов Дмитрий Олегович,рядовой,4,60
Лебедев Степан Никитич,полковник,3,47
Кочергин Алексей Александрович,майор,11,50
Попов Артём Викторович,сержант,4,41
Степанов Павел Олегович,полковник,8,47
Морозов Артём Никитич,сержант,7,30
Козлов Михаил Алексеевич,капитан,2,20
Кочергин Егор Александрович,майор,1,56
Кузнецов Роман Александрович,рядовой,11,39
Никитин Илья Никитич,капитан,1,44
Петров Андрей Александрович,капитан,5,46
Попов Илья Максимович,полковник,2,43
Николаев Егор Андреевич,лейтенант,11,24
Алексеев Александр Максимович,капитан,3,25
Кузнецов Константин Никитич,полковник,7,24
Орлов Олег Олегович,сержант,12,27
Смирнов Иван Никитич,рядовой,6,20
Морозов Александр Алексеевич,капитан,6,53
Лебедев Денис Михайлович,капитан,5,43
Сидоров Никита Юрьевич,сержант,5,19
Попов Степан Андреевич,полковник,4,20
Захаров Илья Алексеевич,майор,3,49
Васильев Алексей Максимович,сержант,11,51
Лебедев Михаил Кириллович,рядовой,7,38
Фёдоров Павел Алексеевич,полковник,2,27
Никитин Никита Сергеевич,сержант,7,48
Зайцев Кирилл Алексеевич,полковник,2,60
Семёнов Евгений Михайлович,сержант,9,32
Семёнов Максим Викторович,лейтенант,5,48
Сидоров Кирилл Дмитриевич,прапорщик,7,46
Смирнов Константин Викторович,сержант,6,34
Николаев Максим Максимович,рядовой,1,38
Кузнецов Юрий Михайлович,сержант,12,42
Лебедев Матвей Михайлович,лейтенант,10,53
Фёдоров Сергей Павлович,сержант,6,52
Соколов Максим Максимович,майор,8,37
Семёнов Олег Александрович,рядовой,3,45
Морозов Никита Андреевич,сержант,1,54
Захаров Виктор Дмитриевич,рядовой,5,46
Лебедев Артём Юрьевич,лейтенант,12,54
Борисов Евгений Максимович,прапорщик,11,40
Семёнов Максим Павлович,рядовой,1,47
Смирнов Кирилл Викторович,капитан,6,42
Новиков Иван Дмитриевич,лейтенант,10,22
Сидоров Иван Александрович,прапорщик,8,40
Степанов Константин Максимович,капитан,11,18
Андреев Егор Павлович,полковник,4,50
Орлов Павел Дмитриевич,сержант,6,18
Степанов Виктор Олегович,майор,4,55
Смирнов Олег Юрьевич,полковник,6,38
Морозов Алексей Алексеевич,лейтенант,3,58
Андреев Никита Павлович,лейтенант,3,32
Козлов Александр Романович,сержант,4,26
Павлов Егор Кириллович,полковник,12,21
Кузнецов Виктор Юрьевич,капитан,7,25
Макаров Никита Сергеевич,рядовой,6,28
Зайцев Дмитрий Юрьевич,прапорщик,9,18
Зайцев Роман Олегович,прапорщик,5,27
Фёдоров Илья Сергеевич,капитан,4,20
Фёдоров Евгений Михайлович,майор,1,59
Егоров Никита Александрович,прапорщик,2,47
Васильев Никита Викторович,лейтенант,12,35
Захаров Матвей Никитич,майор,9,38
Кузнецов Матвей Сергеевич,прапорщик,5,39
Павлов Александр Кириллович,майор,10,49
Никитин Матвей Иванович,полковник,4,58
Иванов Денис Романович,рядовой,4,38
Соловьёв Евгений Романович,прапорщик,2,18
Макаров Олег Андреевич,майор,9,53
Козлов Евгений Кириллович,лейтенант,3,47
Соловьёв Никита Юрьевич,сержант,3,40
Попов Илья Михайлович,сержант,10,58
Макаров Иван Сергеевич,полковник,8,38
Морозов Александр Михайлович,лейтенант,12,24
Попов Артём Сергеевич,рядовой,4,23
Козлов Александр Дмитриевич,рядовой,12,44
Новиков Степан Ильич,майор,11,31
Петров Денис Романович,прапорщик,11,19
Смирнов Александр Никитич,сержант,6,52
Павлов Сергей Никитич,прапорщик,10,30
Соколов Илья Александрович,рядовой,10,38
Захаров Андрей Иванович,полковник,1,50
Васильев Егор Олегович,майор,3,39
Андреев Иван Ильич,сержант,7,35
Фёдоров Юрий Андреевич,полковник,12,25
Егоров Денис Павлович,прапорщик,12,47
Егоров Артём Михайлович,прапорщик,1,55
Андреев Илья Ильич,прапорщик,3,27
Васильев Александр Александрович,майор,8,24
Захаров Андрей Кириллович,капитан,12,54
Орлов Константин Сергеевич,майор,4,54
Новиков Роман Романович,майор,10,41
Алексеев Константин Александрович,прапорщик,12,47
Козлов Юрий Андреевич,капитан,2,60
Попов Никита Алексеевич,рядовой,1,57
Смирнов Дмитрий Михайлович,прапорщик,5,31
Фёдоров Кирилл Сергеевич,полковник,3,53
Степанов Виктор Иванович,полковник,12,19
Макаров Денис Олегович,лейтенант,10,35
Смирнов Юрий Сергеевич,лейтенант,1,39
Иванов Юрий Павлович,майор,2,54
Степанов Максим Михайлович,рядовой,9,34
Макаров Иван Павлович,полковник,2,56
Павлов Роман Максимович,прапорщик,5,30
Захаров Александр Максимович,лейтенант,8,45
Кузнецов Роман Викторович,сержант,3,27
Козлов Юрий Андреевич,капитан,10,30
Соловьёв Дмитрий Максимович,сержант,4,55
Николаев Иван Дмитриевич,прапорщик,3,57
Лебедев Олег Михайлович,прапорщик,4,60
Степанов Роман Максимович,лейтенант,2,24
Яковлев Илья Олегович,прапорщик,2,60
Макаров Дмитрий Дмитриевич,капитан,1,26
Степанов Константин Юрьевич,сержант,5,48
Макаров Константин Александрович,полковник,11,51
Яковлев Павел Сергеевич,рядовой,2,44
Попов Андрей Кириллович,полковник,9,24
Фёдоров Сергей Сергеевич,майор,2,33
Зайцев Виктор Дмитриевич,полковник,4,53
Соколов Дмитрий Кириллович,полковник,11,18
Соловьёв Степан Михайлович,лейтенант,4,27
Смирнов Егор Павлович,прапорщик,11,32
Смирнов Егор Никитич,майор,5,51
Попов Сергей Алексеевич,лейтенант,9,53
Борисов Матвей Никитич,рядовой,5,24
Зайцев Илья Юрьевич,майор,6,36
Фёдоров Юрий Ильич,майор,8,20
Иванов Олег Ильич,полковник,8,28
Орлов Алексей Викторович,прапорщик,6,32
Лебедев Артём Никитич,майор,1,26
Николаев Кирилл Александрович,майор,5,25
Николаев Степан Алексеевич,сержант,12,29
Смирнов Илья Александрович,лейтенант,1,33
Андреев Павел Олегович,сержант,2,19
Зайцев Алексей Сергеевич,полковник,10,60
Борисов Юрий Александрович,рядовой,1,25
Захаров Михаил Максимович,капитан,1,40
Андреев Илья Викторович,сержант,12,20
Морозов Павел Павлович,лейтенант,2,55
Кузнецов Андрей Александрович,майор,6,33
Васильев Александр Максимович,прапорщик,3,52
Козлов Павел Александрович,капитан,7,48
Захаров Степан Никитич,сержант,8,32
Морозов Михаил Павлович,майор,1,28
Васильев Артём Романович,сержант,4,50
Соколов Степан Викторович,прапорщик,3,22
Новиков Артём Павлович,полковник,11,47
Зайцев Кирилл Олегович,прапорщик,9,49
Михайлов Степан Романович,лейтенант,5,44
Попов Юрий Иванович,полковник,8,54
Козлов Константин Юрьевич,лейтенант,2,21
Никитин Константин Дмитриевич,прапорщик,11,53
Козлов Иван Ильич,майор,1,33
Новиков Юрий Викторович,капитан,4,20
Степанов Максим Максимович,сержант,2,53
Никитин Сергей Михайлович,сержант,11,46
Николаев Денис Алексеевич,капитан,2,44
Соколов Юрий Алексеевич,майор,12,32
Иванов Дмитрий Александрович,сержант,2,53
Павлов Константин Александрович,лейтенант,12,52
Смирнов Виктор Андреевич,прапорщик,11,26
Егоров Иван Павлович,рядовой,9,35
Соловьёв Иван Андреевич,майор,3,32
Кузнецов Павел Кириллович,майор,4,33
Егоров Виктор Алексеевич,лейтенант,6,33
Алексеев Артём Алексеевич,полковник,7,32
Николаев Артём Викторович,прапорщик,3,31
Семёнов Егор Павлович,полковник,7,22
Зайцев Михаил Ильич,майор,1,27
Алексеев Денис Дмитриевич,капитан,2,34
Иванов Роман Никитич,рядовой,3,23
Борисов Роман Романович,сержант,6,60
Лебедев Евгений Никитич,майор,1,52
Соловьёв Сергей Александрович,лейтенант,3,21
Соловьёв Константин Павлович,рядовой,6,44
Николаев Егор Викторович,майор,9,27
Никитин Юрий Иванович,сержант,5,22
Егоров Матвей Андреевич,майор,11,33
Кочергин Павел Андреевич,сержант,9,33
Павлов Алексей Дмитриевич,сержант,7,50
Соловьёв Никита Ильич,майор,8,57
Сидоров Константин Александрович,полковник,5,45
Фёдоров Евгений Михайлович,сержант,5,59
Борисов Степан Кириллович,полковник,1,30
Фёдоров Матвей Александрович,капитан,11,38
Лебедев Михаил Романович,полковник,12,38
Яковлев Павел Кириллович,полковник,3,19
Сидоров Юрий Дмитриевич,сержант,2,42
Михайлов Михаил Андреевич,капитан,3,52
Васильев Сергей Дмитриевич,прапорщик,8,45
Орлов Павел Кириллович,лейтенант,4,56
Соколов Юрий Александрович,капитан,3,53
Новиков Виктор Максимович,полковник,2,45
Морозов Роман Иванович,майор,10,51
Павлов Евгений Александрович,прапорщик,5,19
Степанов Степан Максимович,рядовой,4,53
Васильев Дмитрий Алексеевич,рядовой,7,20
Зайцев Никита Максимович,майор,8,54
Захаров Степан Максимович,майор,8,36
Сидоров Артём Романович,лейтенант,6,32
Смирнов Виктор Максимович,прапорщик,5,48
Лебедев Иван Александрович,капитан,1,30
Васильев Юрий Никитич,прапорщик,10,34
Никитин Максим Максимович,сержант,5,45
Соловьёв Олег Максимович,полковник,4,29
Кузнецов Роман Олегович,сержант,9,42
Павлов Матвей Дмитриевич,капитан,6,41
Фёдоров Денис Максимович,прапорщик,2,32
Никитин Александр Ильич,прапорщик,12,21
Зайцев Александр Павлович,прапорщик,9,30
Михайлов Денис Иванович,лейтенант,7,56
Сидоров Дмитрий Никитич,лейтенант,2,23
Лебедев Максим Викторович,полковник,4,44
Петров Юрий Алексеевич,капитан,10,29
Фёдоров Олег Михайлович,майор,12,21
Михайлов Евгений Дмитриевич,майор,3,19
Фёдоров Артём Никитич,рядовой,10,42
Сидоров Дмитрий Михайлович,прапорщик,9,31
Степанов Иван Дмитриевич,майор,2,57
Васильев Андрей Алексеевич,лейтенант,1,60
Степанов Виктор Ильич,сержант,12,36
Зайцев Андрей Александрович,полковник,7,19
Смирнов Алексей Александрович,полковник,10,19
Кузнецов Александр Романович,полковник,11,59
Павлов Виктор Ильич,майор,5,27
Андреев Степан Сергеевич,прапорщик,7,36
Сидоров Алексей Алексеевич,рядовой,1,43
Соколов Сергей Олегович,майор,4,48
Морозов Кирилл Андреевич,прапорщик,10,55
Соколов Сергей Юрьевич,рядовой,9,36
Морозов Сергей Андреевич,прапорщик,2,55
Зайцев Павел Максимович,прапорщик,5,37
Николаев Егор Ильич,капитан,6,31
Яковлев Роман Александрович,полковник,7,59
Кузнецов Егор Олегович,майор,3,28
Фёдоров Степан Александрович,рядовой,2,38
Кузнецов Сергей Сергеевич,майор,3,39
Новиков Матвей Михайлович,капитан,12,54
Кочергин Олег Сергеевич,прапорщик,1,35
Егоров Кирилл Сергеевич,прапорщик,12,58
Борисов Артём Александрович,рядовой,4,33
Семёнов Егор Андреевич,полковник,10,35
Николаев Михаил Иванович,полковник,1,43
Захаров Павел Романович,капитан,9,49
Козлов Павел Юрьевич,сержант,3,36
Кузнецов Илья Ильич,капитан,12,47
Орлов Евгений Дмитриевич,сержант,4,20
Петров Артём Иванович,рядовой,5,19
Семёнов Евгений Павлович,майор,9,24
Макаров Кирилл Сергеевич,рядовой,9,53
Егоров Егор Юрьевич,сержант,4,55
Андреев Александр Никитич,прапорщик,12,29
Лебедев Виктор Юрьевич,сержант,2,50
Васильев Роман Викторович,майор,4,47
Смирнов Илья Иванович,капитан,3,39
Семёнов Егор Сергеевич,рядовой,6,52
Егоров Алексей Максимович,сержант,7,35
Захаров Юрий Михайлович,рядовой,3,54
Андреев Кирилл Никитич,капитан,9,46
Попов Степан Олегович,полковник,2,25
Новиков Сергей Сергеевич,майор,6,21
Кузнецов Денис Сергеевич,рядовой,5,50
Новиков Матвей Максимович,лейтенант,11,23
Борисов Михаил Никитич,рядовой,1,22
Никитин Никита Ильич,капитан,2,23
Лебедев Максим Ильич,сержант,1,18
Смирнов Алексей Андреевич,капитан,3,59
Алексеев Артём Дмитриевич,рядовой,11,47
Захаров Артём Никитич,капитан,4,50
Кузнецов Иван Ильич,капитан,4,48
Захаров Роман Романович,прапорщик,12,27
Яковлев Андрей Михайлович,сержант,10,38
Попов Матвей Дмитриевич,лейтенант,10,32
Зайцев Егор Романович,сержант,7,48
Лебедев Денис Романович,сержант,3,21
Андреев Павел Андреевич,сержант,7,42
Козлов Сергей Михайлович,рядовой,10,57
Макаров Алексей Юрьевич,рядовой,9,21
Фёдоров Евгений Алексеевич,лейтенант,7,51
Васильев Кирилл Никитич,капитан,10,21
Яковлев Олег Михайлович,полковник,11,27
Кузнецов Кирилл Алексеевич,рядовой,3,43
Орлов Павел Никитич,майор,8,38
Фёдоров Алексей Дмитриевич,майор,11,43
Захаров Роман Александрович,капитан,9,39
Фёдоров Евгений Дмитриевич,рядовой,11,27
Павлов Павел Андреевич,рядовой,12,32
Козлов Виктор Иванович,капитан,3,37
Захаров Степан Никитич,прапорщик,10,28
Фёдоров Кирилл Павлович,капитан,12,52
Лебедев Андрей Алексеевич,лейтенант,9,43
Попов Роман Максимович,капитан,7,44
Фёдоров Алексей Сергеевич,рядовой,4,18
Фёдоров Михаил Сергеевич,лейтенант,8,34
Иванов Дмитрий Михайлович,лейтенант,4,29
Степанов Матвей Максимович,сержант,9,50
Орлов Евгений Викторович,прапорщик,7,41
Васильев Олег Сергеевич,рядовой,9,27
Степанов Юрий Кириллович,капитан,8,31
Васильев Степан Дмитриевич,лейтенант,9,31
Петров Сергей Сергеевич,капитан,8,36
Никитин Олег Андреевич,прапорщик,6,32
Семёнов Матвей Алексеевич,капитан,4,56
Макаров Михаил Александрович,лейтенант,2,28
Павлов Артём Олегович,майор,1,19
Павлов Роман Андреевич,капитан,8,39
Козлов Роман Викторович,рядовой,10,43
Захаров Иван Михайлович,майор,10,21
Новиков Константин Никитич,рядовой,7,52
Михайлов Павел Максимович,сержант,9,57
Иванов Матвей Ильич,полковник,9,49
Егоров Александр Юрьевич,капитан,3,25
Васильев Максим Никитич,прапорщик,8,32
Сидоров Кирилл Дмитриевич,полковник,3,35
Борисов Иван Андреевич,майор,8,41
Зайцев Никита Олегович,прапорщик,12,42
Борисов Денис Александрович,прапорщик,6,41
Павлов Евгений Романович,рядовой,7,40
Соловьёв Дмитрий Дмитриевич,рядовой,4,44
Фёдоров Матвей Юрьевич,полковник,12,53
Соколов Денис Иванович,майор,4,25
Борисов Александр Викторович,рядовой,12,39
Захаров Максим Алексеевич,прапорщик,3,20
Захаров Евгений Викторович,прапорщик,11,25
Иванов Олег Алексеевич,лейтенант,3,45
Соловьёв Роман Максимович,полковник,10,29
Кузнецов Алексей Кириллович,рядовой,1,50
Лебедев Андрей Александрович,рядовой,2,51
Васильев Юрий Максимович,прапорщик,5,24
Попов Дмитрий Олегович,полковник,6,31
Попов Степан Михайлович,лейтенант,10,50
Степанов Павел Ильич,прапорщик,3,18
Орлов Степан Никитич,сержант,1,38
Никитин Кирилл Викторович,капитан,6,31
Орлов Денис Олегович,прапорщик,4,57
Сидоров Михаил Никитич,полковник,10,38
Захаров Максим Дмитриевич,полковник,12,46
Зайцев Михаил Алексеевич,прапорщик,11,47
Борисов Максим Иванович,лейтенант,11,46
Смирнов Юрий Сергеевич,прапорщик,7,40
Андреев Олег Сергеевич,сержант,12,20
Соколов Евгений Юрьевич,майор,3,40
Соловьёв Андрей Павлович,прапорщик,4,39
Зайцев Юрий Никитич,рядовой,9,50
Зайцев Егор Сергеевич,майор,11,45
Смирнов Роман Олегович,полковник,3,50
Николаев Андрей Иванович,сержант,1,47
Лебедев Максим Кириллович,полковник,10,44
Морозов Матвей Михайлович,капитан,9,46
Новиков Михаил Максимович,полковник,7,41
Михайлов Артём Андреевич,майор,11,50
Сидоров Олег Олегович,капитан,5,21
Зайцев Алексей Викторович,сержант,11,52
Алексеев Артём Максимович,майор,5,54
Смирнов Максим Андреевич,прапорщик,6,23
Макаров Иван Никитич,капитан,8,58
Михайлов Константин Кириллович,прапорщик,8,58
Фёдоров Егор Дмитриевич,прапорщик,9,28
Петров Алексей Максимович,капитан,10,38
Сидоров Виктор Андреевич,лейтенант,12,54
Кузнецов Артём Викторович,прапорщик,1,41
Егоров Матвей Никитич,рядовой,2,35
Соколов Сергей Ильич,прапорщик,5,27
Лебедев Егор Михайлович,прапорщик,1,47
Никитин Сергей Никитич,рядовой,11,35
Степанов Илья Андреевич,полковник,6,50
Лебедев Алексей Павлович,лейтенант,12,41
Яковлев Матвей Олегович,капитан,5,53
Иванов Олег Михайлович,сержант,5,57
Кузнецов Павел Иванович,сержант,1,20
Захаров Илья Максимович,лейтенант,9,19
Орлов Матвей Александрович,полковник,2,39
Павлов Андрей Викторович,капитан,12,39
Михайлов Павел Андреевич,майор,7,37
Макаров Никита Андреевич,полковник,12,29
Фёдоров Роман Дмитриевич,прапорщик,3,40
Смирнов Александр Павлович,рядовой,1,59
Новиков Сергей Андреевич,прапорщик,1,51
Фёдоров Роман Александрович,сержант,9,58
Васильев Степан Никитич,полковник,8,39
Степанов Михаил Ильич,рядовой,1,20
Васильев Александр Алексеевич,прапорщик,6,21
Кузнецов Алексей Олегович,майор,9,34
Андреев Михаил Викторович,рядовой,6,53
Петров Артём Романович,капитан,8,21
Борисов Денис Алексеевич,капитан,1,21
Зайцев Степан Викторович,капитан,9,41
Егоров Олег Ильич,прапорщик,1,41
Смирнов Константин Максимович,прапорщик,1,34
Степанов Никита Сергеевич,сержант,1,54
Николаев Егор Андреевич,полковник,12,56
Кузнецов Артём Никитич,капитан,8,37
Козлов Максим Кириллович,прапорщик,8,26
Степанов Кирилл Павлович,сержант,11,42
Иванов Дмитрий Максимович,полковник,1,39
Соловьёв Денис Викторович,сержант,3,46
Андреев Роман Никитич,сержант,11,41
Николаев Егор Павлович,сержант,5,26
Сидоров Роман Алексеевич,лейтенант,3,51
Макаров Юрий Дмитриевич,капитан,8,53
Степанов Иван Павлович,полковник,4,53
Сидоров Константин Никитич,майор,9,44
Иванов Роман Романович,рядовой,3,36
Михайлов Иван Романович,прапорщик,11,54
Козлов Степан Иванович,сержант,1,18
Егоров Никита Сергеевич,сержант,11,20
Козлов Артём Иванович,рядовой,6,60
Степанов Андрей Викторович,майор,11,35
Морозов Александр Михайлович,рядовой,7,48
Соколов Олег Максимович,сержант,3,57
Андреев Максим Максимович,сержант,12,38
Козлов Дмитрий Викторович,майор,1,59
Сидоров Евгений Олегович,майор,1,51
Соколов Сергей Кириллович,капитан,7,51
Соловьёв Максим Алексеевич,прапорщик,10,54
Егоров Артём Андреевич,лейтенант,3,27
Зайцев Иван Андреевич,лейтенант,12,51
Смирнов Матвей Иванович,лейтенант,8,20
Кузнецов Виктор Михайлович,капитан,3,60
Борисов Илья Михайлович,лейтенант,2,56
Новиков Александр Максимович,капитан,10,44
Соколов Дмитрий Андреевич,капитан,9,22
Никитин Никита Ильич,полковник,5,45
Фёдоров Денис Павлович,капитан,4,19
Степанов Кирилл Викторович,майор,8,49
Фёдоров Сергей Иванович,рядовой,9,59
Андреев Кирилл Иванович,прапорщик,3,29
Николаев Артём Олегович,рядовой,6,25
Никитин Михаил Дмитриевич,капитан,8,55
Захаров Алексей Кириллович,полковник,10,32
Орлов Юрий Юрьевич,майор,4,32
Новиков Никита Романович,лейтенант,8,50
Андреев Андрей Иванович,сержант,3,31
Васильев Иван Юрьевич,рядовой,11,20
Алексеев Алексей Викторович,капитан,6,39
Яковлев Юрий Александрович,лейтенант,8,30
Попов Александр Викторович,лейтенант,9,52
Васильев Константин Олегович,полковник,8,46
Фёдоров Константин Юрьевич,полковник,9,35
Попов Матвей Дмитриевич,полковник,1,54
Михайлов Михаил Дмитриевич,майор,5,54
Никитин Максим Дмитриевич,прапорщик,10,24
Алексеев Евгений Викторович,капитан,1,40
Соловьёв Степан Кириллович,прапорщик,7,55
Попов Павел Дмитриевич,прапорщик,4,44
Макаров Юрий Александрович,прапорщик,6,39
Смирнов Дмитрий Никитич,прапорщик,10,57
Степанов Павел Юрьевич,сержант,9,18
Кузнецов Матвей Сергеевич,полковник,3,57
Алексеев Дмитрий Сергеевич,сержант,3,37
Алексеев Денис Павлович,капитан,1,43
Николаев Павел Алексеевич,прапорщик,8,54
Степанов Евгений Иванович,капитан,5,18
Кочергин Кирилл Дмитриевич,сержант,2,30
Лебедев Михаил Кириллович,капитан,6,39
Петров Александр Юрьевич,рядовой,6,48
Захаров Павел Олегович,лейтенант,2,27
Егоров Максим Павлович,рядовой,1,34
Алексеев Дмитрий Максимович,майор,10,46
Егоров Сергей Кириллович,прапорщик,10,24
Никитин Никита Максимович,майор,11,43
Кочергин Михаил Никитич,полковник,7,28
Николаев Алексей Викторович,рядовой,12,59
Алексеев Степан Андреевич,сержант,10,30
Борисов Александр Олегович,полковник,9,59
Кузнецов Андрей Александрович,рядовой,5,53
Новиков Виктор Андреевич,прапорщик,2,31
Козлов Матвей Сергеевич,лейтенант,11,41
Захаров Сергей Никитич,лейтенант,12,45
Петров Денис Юрьевич,рядовой,9,25
Соколов Константин Александрович,лейтенант,8,28
Павлов Степан Алексеевич,лейтенант,8,19
Михайлов Дмитрий Викторович,полковник,8,43
Кочергин Евгений Юрьевич,сержант,3,53
Макаров Олег Кириллович,прапорщик,3,28
Фёдоров Павел Сергеевич,рядовой,1,43
Лебедев Павел Никитич,капитан,10,32
Зайцев Михаил Александрович,майор,4,29
Кочергин Егор Андреевич,рядовой,5,19
Никитин Никита Алексеевич,майор,10,51
Попов Егор Сергеевич,лейтенант,8,41
Степанов Александр Кириллович,майор,3,53
Макаров Евгений Павлович,капитан,4,33
Васильев Олег Никитич,лейтенант,7,21
Козлов Егор Романович,лейтенант,4,60
Попов Артём Павлович,лейтенант,11,48
Козлов Степан Сергеевич,лейтенант,12,18
Захаров Сергей Максимович,майор,12,43
Михайлов Кирилл Дмитриевич,капитан,4,50
Соколов Дмитрий Юрьевич,лейтенант,5,18
Никитин Кирилл Ильич,лейтенант,10,42
Борисов Павел Иванович,сержант,2,32
Никитин Виктор Михайлович,лейтенант,10,51
Захаров Евгений Павлович,майор,12,49
Фёдоров Павел Олегович,капитан,1,36
Захаров Артём Дмитриевич,полковник,5,24
Сидоров Кирилл Викторович,капитан,5,38
Степанов Павел Михайлович,прапорщик,1,46
Алексеев Денис Никитич,полковник,5,50
Морозов Сергей Никитич,рядовой,5,38
Петров Сергей Кириллович,полковник,4,52
Степанов Иван Дмитриевич,полковник,5,60
Павлов Кирилл Романович,лейтенант,10,25
Кочергин Егор Юрьевич,рядовой,6,18
Соколов Никита Кириллович,сержант,12,40
Яковлев Юрий Михайлович,сержант,1,50
Захаров Юрий Ильич,лейтенант,5,25
Николаев Виктор Никитич,капитан,3,53
Андреев Артём Романович,прапорщик,9,29
Алексеев Артём Павлович,полковник,1,49
Смирнов Илья Викторович,сержант,3,45
Иванов Олег Ильич,майор,2,57
Семёнов Максим Викторович,майор,3,22
Попов Евгений Кириллович,полковник,2,55
Иванов Егор Кириллович,лейтенант,10,55
Алексеев Юрий Павлович,рядовой,8,29
Смирнов Никита Дмитриевич,рядовой,2,52
Новиков Андрей Сергеевич,полковник,2,46
Зайцев Иван Михайлович,капитан,9,50
Соколов Иван Андреевич,прапорщик,3,37
Соколов Юрий Иванович,лейтенант,3,57
Иванов Артём Дмитриевич,капитан,3,38
Соколов Евгений Алексеевич,рядовой,3,31
Егоров Никита Максимович,полковник,7,18
Зайцев Андрей Ильич,полковник,2,39
Козлов Кирилл Кириллович,рядовой,10,24
Степанов Кирилл Олегович,полковник,9,60
Макаров Илья Иванович,лейтенант,10,22
Яковлев Алексей Алексеевич,сержант,6,52
Захаров Матвей Алексеевич,капитан,4,22
Никитин Андрей Иванович,лейтенант,8,20
Яковлев Иван Алексеевич,рядовой,10,49
Иванов Кирилл Романович,прапорщик,1,34
Смирнов Александр Никитич,прапорщик,3,34
Яковлев Егор Андреевич,сержант,4,43
Яковлев Константин Иванович,капитан,5,50
Сидоров Денис Сергеевич,сержант,4,59
Соловьёв Александр Павлович,полковник,1,35
Иванов Юрий Павлович,полковник,12,56
Алексеев Степан Иванович,майор,12,21
Петров Андрей Павлович,рядовой,7,44
Васильев Денис Кириллович,лейтенант,2,42
Зайцев Павел Юрьевич,лейтенант,5,50
Михайлов Константин Андреевич,сержант,9,43
Новиков Денис Дмитриевич,полковник,11,39
Борисов Егор Андреевич,капитан,1,32
Алексеев Иван Олегович,прапорщик,3,44
Алексеев Алексей Михайлович,лейтенант,11,60
Соколов Михаил Максимович,полковник,5,45
Соколов Михаил Павлович,полковник,5,47
Соколов Михаил Юрьевич,прапорщик,1,25
Макаров Денис Алексеевич,сержант,10,47
Михайлов Кирилл Андреевич,полковник,5,20
Козлов Иван Дмитриевич,полковник,12,38
Павлов Дмитрий Алексеевич,сержант,3,24
Никитин Максим Ильич,сержант,3,53
Яковлев Степан Романович,майор,10,20
Новиков Роман Никитич,сержант,3,19
Орлов Юрий Ильич,сержант,2,51
Павлов Константин Павлович,полковник,7,44
Семёнов Андрей Андреевич,капитан,3,36
Захаров Роман Кириллович,полковник,10,53
Васильев Виктор Михайлович,полковник,11,56
Смирнов Дмитрий Викторович,сержант,2,25
Соколов Павел Романович,рядовой,6,35
Захаров Павел Викторович,рядовой,12,51
Борисов Павел Романович,рядовой,2,25
Никитин Константин Сергеевич,полковник,11,29
Борисов Алексей Павлович,лейтенант,7,45
Смирнов Егор Сергеевич,рядовой,10,31
Новиков Алексей Викторович,полковник,6,43
Николаев Павел Дмитриевич,капитан,9,57
Иванов Артём Алексеевич,прапорщик,12,19
Николаев Матвей Викторович,лейтенант,3,21
Фёдоров Денис Юрьевич,майор,9,21
Соколов Дмитрий Романович,рядовой,12,33
Попов Никита Кириллович,полковник,5,41
Орлов Юрий Павлович,сержант,6,20
Васильев Степан Дмитриевич,майор,11,53
Фёдоров Сергей Максимович,майор,7,47
Борисов Юрий Ильич,сержант,3,22
Никитин Юрий Кириллович,сержант,9,59
Козлов Кирилл Михайлович,сержант,12,42
Андреев Артём Иванович,капитан,5,26
Захаров Олег Никитич,полковник,2,58
Павлов Артём Сергеевич,прапорщик,4,51
Михайлов Денис Михайлович,рядовой,10,44
Петров Сергей Павлович,лейтенант,4,25
Павлов Илья Павлович,прапорщик,8,34
Макаров Егор Алексеевич,рядовой,12,57
Павлов Алексей Викторович,рядовой,10,56
Яковлев Михаил Александрович,майор,10,25
Петров Роман Сергеевич,прапорщик,7,24
Зайцев Илья Михайлович,сержант,3,39
Егоров Степан Дмитриевич,сержант,3,32
Кузнецов Матвей Александрович,лейтенант,6,29
Борисов Алексей Дмитриевич,полковник,2,50
Николаев Павел Алексеевич,майор,9,25
Сидоров Максим Иванович,лейтенант,8,45
Соловьёв Егор Кириллович,полковник,1,55
Захаров Константин Андреевич,полковник,6,49
Степанов Константин Викторович,сержант,8,26
Кочергин Алексей Кириллович,майор,12,26
Смирнов Павел Романович,сержант,9,20
Макаров Степан Алексеевич,рядовой,5,32
Васильев Евгений Андреевич,прапорщик,8,42
Зайцев Павел Викторович,полковник,5,25
Васильев Павел Павлович,прапорщик,4,56
Захаров Иван Юрьевич,рядовой,8,19
Петров Артём Максимович,рядовой,10,37
Иванов Кирилл Максимович,прапорщик,11,21
Соколов Юрий Сергеевич,сержант,11,38
Смирнов Максим Павлович,прапорщик,1,37
Яковлев Евгений Олегович,рядовой,9,60
Никитин Павел Ильич,прапорщик,11,54
Павлов Максим Никитич,прапорщик,4,41
Кузнецов Илья Павлович,майор,12,20
Морозов Денис Кириллович,лейтенант,2,22
Егоров Олег Максимович,капитан,12,25
Иванов Михаил Викторович,лейтенант,11,33
Орлов Матвей Никитич,сержант,11,44
Сидоров Евгений Викторович,майор,8,59
Макаров Матвей Андреевич,майор,5,42
Семёнов Кирилл Олегович,лейтенант,11,35
Николаев Дмитрий Никитич,капитан,7,38
Николаев Евгений Павлович,прапорщик,8,39
Егоров Александр Дмитриевич,майор,3,42
Яковлев Виктор Романович,капитан,12,45
Андреев Степан Никитич,капитан,1,23
Петров Дмитрий Иванович,прапорщик,9,26
Николаев Илья Иванович,полковник,2,45
Васильев Степан Романович,сержант,7,23
Козлов Артём Юрьевич,полковник,12,20
Николаев Никита Олегович,майор,7,22
Козлов Матвей Александрович,рядовой,9,23
Смирнов Матвей Никитич,полковник,3,50
Фёдоров Артём Александрович,майор,7,38
Николаев Роман Романович,капитан,1,38
Кочергин Денис Максимович,майор,12,43
Павлов Никита Александрович,майор,5,23
Макаров Кирилл Алексеевич,капитан,8,43
Сидоров Александр Михайлович,лейтенант,5,24
Кочергин Илья Иванович,сержант,10,36
Петров Никита Романович,прапорщик,5,47
Борисов Алексей Дмитриевич,капитан,9,23
Николаев Александр Алексеевич,сержант,10,48
Яковлев Олег Романович,сержант,7,59
Никитин Матвей Алексеевич,сержант,1,43
Фёдоров Кирилл Ильич,прапорщик,2,22
Сидоров Сергей Павлович,полковник,9,30
Яковлев Степан Юрьевич,лейтенант,12,25
Яковлев Артём Никитич,сержант,8,31
Степанов Роман Павлович,лейтенант,4,41
Захаров Константин Дмитриевич,лейтенант,7,47
Зайцев Павел Кириллович,майор,2,48
Смирнов Илья Романович,прапорщик,5,20
Егоров Максим Павлович,прапорщик,6,41
Захаров Артём Никитич,лейтенант,5,37
Никитин Иван Ильич,полковник,3,32
Егоров Алексей Викторович,сержант,12,28
Соколов Павел Иванович,капитан,12,56
Фёдоров Андрей Сергеевич,капитан,3,42
Соколов Виктор Юрьевич,лейтенант,6,46
Васильев Константин Сергеевич,полковник,2,32
Васильев Константин Никитич,полковник,9,29
Кузнецов Михаил Никитич,капитан,5,31
Петров Сергей Андреевич,прапорщик,7,19
Макаров Дмитрий Дмитриевич,полковник,2,47
Попов Дмитрий Максимович,полковник,7,52
Кочергин Иван Юрьевич,сержант,12,29
Зайцев Денис Олегович,прапорщик,9,38
Попов Максим Дмитриевич,капитан,4,28
Соловьёв Кирилл Олегович,капитан,3,43
Васильев Михаил Никитич,капитан,7,48
Алексеев Максим Ильич,полковник,1,25
Алексеев Илья Павлович,лейтенант,9,42
Морозов Алексей Юрьевич,майор,5,35
Андреев Алексей Юрьевич,капитан,1,44
Борисов Артём Иванович,капитан,9,56
Егоров Илья Олегович,рядовой,3,41
Николаев Роман Викторович,прапорщик,7,58
Николаев Роман Андреевич,капитан,3,59
Андреев Виктор Михайлович,капитан,4,36
Зайцев Михаил Олегович,майор,8,20
Смирнов Матвей Павлович,прапорщик,1,48
Козлов Михаил Дмитриевич,капитан,7,43
Павлов Александр Максимович,майор,2,59
Попов Евгений Александрович,капитан,3,20
Захаров Сергей Александрович,сержант,11,50
Новиков Иван Алексеевич,полковник,9,32
Кузнецов Евгений Никитич,прапорщик,4,35
Никитин Артём Олегович,рядовой,5,44
Кочергин Виктор Юрьевич,прапорщик,1,59
Николаев Юрий Викторович,капитан,10,29
Яковлев Андрей Викторович,майор,7,40
Козлов Павел Кириллович,рядовой,7,22
Павлов Павел Максимович,лейтенант,2,39
Николаев Виктор Иванович,майор,2,60
Степанов Никита Юрьевич,сержант,11,60
Павлов Степан Михайлович,прапорщик,3,54
Орлов Матвей Романович,рядовой,6,39
Попов Евгений Иванович,капитан,1,50
Михайлов Матвей Никитич,полковник,11,47
Семёнов Юрий Романович,капитан,1,23
Андреев Олег Кириллович,майор,9,43
Борисов Егор Олегович,прапорщик,6,55
Захаров Олег Сергеевич,рядовой,9,45
Семёнов Роман Сергеевич,сержант,9,48
Соколов Александр Иванович,майор,11,46
Сидоров Егор Никитич,полковник,1,53
Захаров Олег Дмитриевич,капитан,1,31
Семёнов Дмитрий Сергеевич,майор,2,38
Иванов Михаил Сергеевич,сержант,6,35
Никитин Алексей Иванович,майор,9,27
Попов Дмитрий Кириллович,полковник,5,44
Петров Сергей Кириллович,лейтенант,12,20
Николаев Сергей Романович,прапорщик,6,25
Андреев Матвей Андреевич,лейтенант,7,31
Лебедев Олег Ильич,лейтенант,10,29
Соколов Александр Ильич,капитан,7,36
Захаров Павел Михайлович,прапорщик,12,26
Соколов Александр Михайлович,капитан,7,18
Макаров Сергей Михайлович,майор,12,57
Кочергин Денис Кириллович,майор,8,60
Морозов Александр Максимович,полковник,11,43
Степанов Матвей Кириллович,лейтенант,10,19
Морозов Виктор Александрович,полковник,8,21
Семёнов Матвей Дмитриевич,лейтенант,6,49
Павлов Сергей Михайлович,полковник,4,29
Иванов Александр Кириллович,рядовой,4,44
Соловьёв Виктор Сергеевич,прапорщик,6,51
Попов Юрий Андреевич,капитан,3,56
Кузнецов Евгений Андреевич,сержант,5,46
Орлов Степан Юрьевич,рядовой,1,28
Смирнов Артём Дмитриевич,сержант,12,37
Никитин Юрий Максимович,прапорщик,6,42
Новиков Сергей Максимович,капитан,5,45
Морозов Роман Романович,лейтенант,6,57
Егоров Александр Михайлович,лейтенант,1,52
Николаев Никита Сергеевич,полковник,4,54
Яковлев Михаил Дмитриевич,прапорщик,1,58
Лебедев Сергей Максимович,рядовой,9,42
Михайлов Максим Александрович,лейтенант,5,60
Фёдоров Павел Дмитриевич,майор,10,50
Алексеев Илья Ильич,прапорщик,1,27
Козлов Кирилл Юрьевич,прапорщик,12,51
Васильев Дмитрий Юрьевич,прапорщик,7,47
Макаров Иван Романович,майор,1,46
Кочергин Иван Павлович,лейтенант,4,42
Степанов Роман Дмитриевич,майор,3,27
Михайлов Матвей Максимович,рядовой,1,26
Морозов Степан Павлович,майор,11,22
Фёдоров Александр Сергеевич,прапорщик,4,39
Соколов Михаил Алексеевич,полковник,10,40
Иванов Максим Олегович,рядовой,2,22
Зайцев Егор Александрович,майор,7,21
Соловьёв Сергей Максимович,прапорщик,12,43
Лебедев Роман Олегович,рядовой,6,53
Борисов Юрий Михайлович,майор,3,28
Орлов Максим Кириллович,сержант,3,24
Макаров Андрей Павлович,рядовой,1,50
Васильев Алексей Романович,прапорщик,6,46
Семёнов Виктор Ильич,полковник,5,45
Яковлев Егор Ильич,рядовой,4,38
Зайцев Матвей Александрович,капитан,8,55
Семёнов Сергей Максимович,сержант,5,18
Андреев Сергей Олегович,майор,3,50
Егоров Михаил Романович,майор,8,49
Степанов Александр Олегович,полковник,8,50
Смирнов Павел Кириллович,сержант,8,19
Андреев Илья Олегович,майор,11,56
Яковлев Андрей Андреевич,сержант,2,52
Васильев Александр Юрьевич,рядовой,7,51
Фёдоров Иван Сергеевич,рядовой,12,21
Козлов Дмитрий Алексеевич,полковник,6,53
Кузнецов Олег Александрович,рядовой,11,34
Егоров Артём Сергеевич,лейтенант,2,49
Соловьёв Егор Дмитриевич,сержант,12,35
Яковлев Степан Викторович,лейтенант,4,27
Фёдоров Олег Никитич,рядовой,6,49
Кузнецов Александр Кириллович,сержант,3,43
Кузнецов Никита Никитич,сержант,10,49
Иванов Степан Викторович,прапорщик,8,26
Яковлев Илья Александрович,прапорщик,2,21
Зайцев Евгений Павлович,прапорщик,4,59
Соловьёв Иван Никитич,прапорщик,8,39
Макаров Артём Ильич,капитан,9,25
Семёнов Сергей Кириллович,полковник,11,24
Петров Максим Юрьевич,прапорщик,6,51
Лебедев Артём Павлович,рядовой,6,35
Морозов Евгений Алексеевич,капитан,5,34
Кузнецов Виктор Олегович,полковник,7,33
Новиков Артём Юрьевич,капитан,2,44
Егоров Максим Михайлович,сержант,11,32
Фёдоров Олег Сергеевич,полковник,11,44
Андреев Максим Ильич,полковник,6,36
Кузнецов Евгений Ильич,рядовой,1,49
Николаев Алексей Сергеевич,лейтенант,10,53
Николаев Роман Ильич,лейтенант,7,48
Зайцев Алексей Александрович,майор,11,51
Андреев Илья Дмитриевич,сержант,5,34
Соколов Матвей Максимович,лейтенант,9,60
Орлов Денис Иванович,капитан,7,53
Соловьёв Сергей Викторович,сержант,11,40
Павлов Александр Иванович,прапорщик,11,41
Борисов Илья Романович,прапорщик,5,35
Смирнов Алексей Алексеевич,майор,11,58
Макаров Константин Александрович,лейтенант,1,34
Николаев Артём Романович,сержант,1,53
Зайцев Степан Сергеевич,капитан,3,37
Захаров Егор Ильич,рядовой,7,50
Андреев Константин Павлович,рядовой,8,60
Петров Егор Сергеевич,майор,5,44
Новиков Алексей Михайлович,майор,9,37
Смирнов Юрий Кириллович,лейтенант,7,49
Яковлев Егор Никитич,капитан,8,56
Петров Кирилл Никитич,полковник,12,36
Семёнов Егор Дмитриевич,рядовой,7,43
Алексеев Юрий Иванович,капитан,9,35
Сидоров Константин Максимович,рядовой,5,52
Андреев Илья Викторович,прапорщик,1,45
Андреев Степан Романович,прапорщик,12,51
Зайцев Юрий Юрьевич,капитан,11,22
Соловьёв Олег Павлович,рядовой,11,18
Орлов Денис Максимович,лейтенант,4,58
Петров Сергей Андреевич,сержант,11,50
Соколов Олег Юрьевич,сержант,1,43
Егоров Дмитрий Никитич,полковник,9,60
Иванов Артём Дмитриевич,майор,11,33
Лебедев Юрий Максимович,лейтенант,5,38
Фёдоров Сергей Алексеевич,полковник,11,37
Степанов Роман Кириллович,прапорщик,6,49
Макаров Максим Ильич,капитан,6,54
Борисов Андрей Сергеевич,майор,11,58
Сидоров Артём Алексеевич,прапорщик,1,60
Егоров Павел Олегович,полковник,9,20
Орлов Юрий Дмитриевич,майор,2,54
Козлов Никита Иванович,сержант,7,26
Павлов Михаил Кириллович,лейтенант,2,30
Яковлев Андрей Иванович,прапорщик,5,33
Сидоров Сергей Алексеевич,майор,12,24
Соколов Алексей Андреевич,сержант,8,35
Сидоров Константин Михайлович,майор,3,46
Егоров Илья Максимович,майор,9,43
Никитин Павел Никитич,рядовой,6,52
Макаров Евгений Кириллович,капитан,9,18
Захаров Артём Павлович,лейтенант,3,35
Никитин Егор Андреевич,лейтенант,4,55
Михайлов Александр Александрович,сержант,6,34
Кочергин Виктор Ильич,майор,9,35
Яковлев Андрей Ильич,майор,5,36
Захаров Олег Ильич,сержант,1,30
Соколов Иван Михайлович,сержант,1,52
Николаев Роман Олегович,лейтенант,12,57
Николаев Олег Романович,рядовой,1,47
Лебедев Михаил Иванович,прапорщик,6,22
Зайцев Максим Михайлович,полковник,11,25
Макаров Михаил Алексеевич,сержант,12,33
Кочергин Александр Алексеевич,рядовой,3,50
Сидоров Юрий Никитич,майор,12,54
Захаров Илья Ильич,майор,12,50
Иванов Павел Олегович,сержант,5,28
Борисов Александр Михайлович,полковник,12,20
Никитин Иван Иванович,капитан,12,22
Кочергин Константин Алексеевич,капитан,2,46
Петров Максим Михайлович,полковник,8,33
Макаров Виктор Сергеевич,капитан,8,53
Соколов Дмитрий Павлович,майор,12,40
Никитин Юрий Александрович,полковник,11,41
Борисов Егор Никитич,прапорщик,5,56
Соловьёв Андрей Сергеевич,прапорщик,6,25
Фёдоров Евгений Ильич,рядовой,7,25
Козлов Матвей Романович,рядовой,5,27
Орлов Иван Михайлович,полковник,7,21
Козлов Алексей Кириллович,сержант,12,59
Макаров Илья Викторович,сержант,8,33
Николаев Юрий Андреевич,капитан,9,23
Соловьёв Андрей Олегович,майор,2,40
Сидоров Алексей Сергеевич,сержант,4,54
Николаев Иван Никитич,капитан,9,29
