fullName,rank,companyNumber,age
Николаев Максим Кириллович,лейтенант,8,39
Алексеев Павел Ильич,майор,6,20
Сидоров Егор Викторович,лейтенант,2,20
Лебедев Роман Александрович,рядовой,12,47
Захаров Павел Юрьевич,прапорщик,8,48
Михайлов Денис Романович,капитан,11,26
Соколов Дмитрий Иванович,майор,2,41
Петров Никита Юрьевич,рядовой,12,58
Макаров Егор Сергеевич,капитан,5,32
Николаев Никита Никитич,рядовой,3,25
Николаев Артём Александрович,рядовой,3,26
Иванов Никита Александрович,сержант,2,24
Кочергин Александр Александрович,рядовой,1,46
Орлов Алексей Юрьевич,майор,5,38
Соловьёв Евгений Александрович,полковник,3,55
Андреев Виктор Юрьевич,майор,2,24
Новиков Дмитрий Юрьевич,рядовой,1,18
Борисов Матвей Павлович,лейтенант,7,25
Васильев Роман Андреевич,сержант,8,20
Алексеев Роман Викторович,майор,11,28
Павлов Илья Сергеевич,прапорщик,10,18
Павлов Александр Максимович,рядовой,3,21
Сидоров Егор Юрьевич,майор,2,25
Соколов Матвей Александрович,капитан,8,36
Орлов Алексей Михайлович,капитан,7,44
Степанов Павел Юрьевич,капитан,3,22
Соколов Матвей Кириллович,сержант,2,41
Кузнецов Егор Александрович,полковник,1,58
Павлов Алексей Андреевич,капитан,2,57
Морозов Константин Михайлович,полковник,2,26
Семёнов Никита Никитич,прапорщик,10,32
Захаров Олег Викторович,лейтенант,12,49
Морозов Юрий Никитич,рядовой,8,54
Козлов Денис Михайлович,полковник,11,22
Орлов Сергей Сергеевич,сержант,7,49
Николаев Виктор Олегович,полковник,2,34
Павлов Константин Олегович,капитан,1,52
Николаев Сергей Романович,сержант,4,58
Соколов Алексей Романович,полковник,7,36
Никитин Михаил Михайлович,полковник,8,43
Макаров Матвей Павлович,сержант,3,44
Соловьёв Михаил Максимович,майор,6,57
Яковлев Денис Дмитриевич,рядовой,7,57
Васильев Евгений Викторович,капитан,6,46
Сидоров Артём Александрович,прапорщик,11,23
Алексеев Виктор Кириллович,майор,4,40
Степанов Степан Сергеевич,сержант,9,29
Алексеев Павел Юрьевич,полковник,11,48
Смирнов Александр Дмитриевич,рядовой,8,20
Попов Алексей Андреевич,полковник,4,40
Соловьёв Степан Ильич,прапорщик,7,26
Иванов Кирилл Андреевич,рядовой,1,30
Степанов Евгений Максимович,лейтенант,6,34
Соловьёв Константин Дмитриевич,полковник,8,49
Егоров Роман Романович,майор,4,56
Никитин Илья Романович,прапорщик,11,26
Васильев Михаил Сергеевич,сержант,8,48
Васильев Евгений Юрьевич,капитан,6,28
Морозов Олег Олегович,полковник,6,43
Иванов Павел Сергеевич,полковник,10,39
Павлов Артём Викторович,сержант,2,36
Семёнов Юрий Сергеевич,капитан,2,22
Попов Степан Сергеевич,лейтенант,7,26
Борисов Роман Олегович,майор,10,48
Кузнецов Олег Кириллович,сержант,4,45
Соколов Константин Алексеевич,рядовой,4,52
Николаев Кирилл Юрьевич,лейтенант,4,55
Лебедев Александр Павлович,майор,11,26
Фёдоров Кирилл Андреевич,капитан,2,40
Петров Павел Юрьевич,прапорщик,12,24
Борисов Денис Юрьевич,полковник,1,21
Соколов Павел Иванович,сержант,3,40
Кузнецов Денис Никитич,полковник,1,52
Михайлов Юрий Андреевич,лейтенант,2,52
Орлов Виктор Павлович,сержант,4,30
Макаров Егор Павлович,полковник,11,44
Егоров Матвей Иванович,лейтенант,2,58
Смирнов Виктор Иванович,лейтенант,8,52
Кочергин Алексей Романович,полковник,6,33
Орлов Виктор Кириллович,полковник,7,49
Иванов Константин Алексеевич,майор,9,58
Смирнов Алексей Олегович,капитан,6,49
Фёдоров Олег Олегович,майор,8,40
Борисов Матвей Юрьевич,рядовой,2,47
Петров Артём Павлович,майор,8,30
Сидоров Дмитрий Александрович,полковник,10,57
Андреев Михаил Юрьевич,капитан,8,30
Попов Андрей Кириллович,прапорщик,5,45
Смирнов Артём Никитич,майор,3,24
Попов Виктор Максимович,рядовой,5,18
Новиков Алексей Павлович,полковник,9,31
Андреев Юрий Юрьевич,лейтенант,3,40
Алексеев Виктор Викторович,сержант,5,57
Кузнецов Константин Андреевич,капитан,11,41
Макаров Олег Иванович,майор,2,60
Орлов Юрий Иванович,рядовой,8,41
Никитин Роман Максимович,майор,3,18
Новиков Иван Павлович,капитан,7,42
Никитин Михаил Романович,полковник,12,50
Козлов Дмитрий Сергеевич,сержант,8,47
Кочергин Павел Павлович,прапорщик,1,36
Козлов Павел Ильич,сержант,9,57
Макаров Алексей Олегович,сержант,5,45
Иванов Максим Андреевич,сержант,5,21
Иванов Константин Максимович,прапорщик,1,29
Павлов Андрей Павлович,полковник,12,44
Попов Сергей Максимович,прапорщик,11,35
Захаров Илья Никитич,майор,9,27
Морозов Роман Михайлович,полковник,10,54
Семёнов Сергей Александрович,сержант,11,35
Соколов Александр Павлович,рядовой,11,52
Фёдоров Алексей Андреевич,сержант,10,55
Павлов Матвей Андреевич,майор,10,24
Соловьёв Максим Павлович,лейтенант,8,55
Кузнецов Иван Сергеевич,капитан,6,55
Смирнов Михаил Сергеевич,сержант,10,43
Павлов Александр Ильич,прапорщик,3,35
Никитин Михаил Максимович,рядовой,2,58
Смирнов Никита Михайлович,прапорщик,9,33
Соколов Алексей Александрович,сержант,11,18
Новиков Денис Юрьевич,майор,1,48
Захаров Максим Александрович,лейтенант,8,57
Петров Илья Романович,майор,4,46
Соловьёв Юрий Викторович,капитан,11,50
Николаев Илья Андреевич,рядовой,4,47
Иванов Егор Александрович,сержант,7,29
Орлов Максим Никитич,лейтенант,10,51
Захаров Александр Романович,полковник,3,57
Яковлев Андрей Андреевич,капитан,6,36
Козлов Матвей Юрьевич,сержант,11,58
Васильев Юрий Романович,лейтенант,12,28
Николаев Артём Ильич,майор,3,35
Фёдоров Артём Павлович,лейтенант,4,52
Зайцев Денис Алексеевич,сержант,2,25
Семёнов Кирилл Дмитриевич,капитан,9,31
Петров Виктор Юрьевич,прапорщик,9,33
Соколов Юрий Сергеевич,капитан,5,36
Зайцев Матвей Олегович,прапорщик,7,20
Борисов Никита Александрович,капитан,6,26
Макаров Юрий Андреевич,прапорщик,4,50
Николаев Денис Дмитриевич,лейтенант,4,58
Петров Константин Ильич,полковник,9,19
Егоров Константин Романович,лейтенант,6,42
Соловьёв Денис Дмитриевич,сержант,3,60
Семёнов Дмитрий Ильич,полковник,10,37
Зайцев Матвей Олегович,прапорщик,4,43
Николаев Кирилл Павлович,рядовой,8,53
Козлов Юрий Кириллович,прапорщик,5,29
Фёдоров Степан Сергеевич,майор,3,20
Егоров Андрей Сергеевич,сержант,3,56
Смирнов Артём Викторович,лейтенант,1,50
Семёнов Дмитрий Романович,рядовой,2,57
Алексеев Евгений Олегович,прапорщик,4,36
Андреев Степан Дмитриевич,капитан,12,57
Орлов Виктор Александрович,капитан,4,60
Никитин Максим Александрович,прапорщик,2,20
Сидоров Никита Максимович,полковник,11,24
Петров Роман Максимович,полковник,1,18
Егоров Сергей Юрьевич,лейтенант,7,21
Новиков Павел Сергеевич,полковник,12,55
Смирнов Артём Андреевич,майор,2,38
Макаров Олег Никитич,майор,12,41
Новиков Илья Кириллович,прапорщик,6,47
Васильев Максим Алексеевич,полковник,12,26
Яковлев Максим Михайлович,майор,3,29
Зайцев Андрей Иванович,майор,2,58
Новиков Александр Сергеевич,капитан,11,19
Зайцев Андрей Юрьевич,полковник,9,40
Лебедев Михаил Алексеевич,полковник,2,41
Захаров Константин Андреевич,полковник,1,24
Лебедев Никита Олегович,прапорщик,11,49
Кочергин Михаил Андреевич,прапорщик,6,20
Захаров Денис Максимович,майор,7,39
Петров Сергей Александрович,прапорщик,9,43
Семёнов Дмитрий Иванович,капитан,1,60
Козлов Юрий Михайлович,рядовой,11,53
Фёдоров Егор Максимович,лейтенант,1,23
Павлов Роман Павлович,прапорщик,1,43
Семёнов Олег Ильич,лейтенант,10,19
Смирнов Кирилл Романович,майор,4,40
Борисов Павел Сергеевич,лейтенант,5,33
Орлов Алексей Сергеевич,майор,2,54
Павлов Олег Павлович,сержант,1,53
Никитин Никита Павлович,сержант,10,29
Новиков Алексей Кириллович,лейтенант,9,52
Кузнецов Роман Сергеевич,прапорщик,3,32
Андреев Илья Никитич,полковник,4,21
Смирнов Алексей Александрович,рядовой,3,53
Соловьёв Олег Михайлович,полковник,6,18
Егоров Сергей Викторович,лейтенант,3,53
Орлов Матвей Андреевич,рядовой,11,56
Кузнецов Никита Андреевич,полковник,11,48
Макаров Кирилл Андреевич,прапорщик,6,32
Васильев Егор Андреевич,капитан,12,18
Макаров Максим Сергеевич,прапорщик,5,42
Семёнов Денис Никитич,полковник,4,32
Соловьёв Иван Викторович,прапорщик,7,25
Новиков Павел Алексеевич,сержант,12,21
Макаров Максим Андреевич,майор,10,19
Зайцев Дмитрий Никитич,лейтенант,9,58
Кузнецов Константин Дмитриевич,капитан,12,23
Зайцев Юрий Олегович,рядовой,8,30
Борисов Константин Викторович,прапорщик,9,20
Лебедев Роман Андреевич,рядовой,10,27
Павлов Евгений Алексеевич,майор,5,19
Васильев Дмитрий Викторович,сержант,4,50
Егоров Денис Кириллович,рядовой,7,48
Семёнов Егор Алексеевич,рядовой,1,41
Егоров Сергей Павлович,майор,9,46
Петров Денис Дмитриевич,лейтенант,3,59
Смирнов Егор Кириллович,прапорщик,3,18
Никитин Роман Никитич,капитан,8,47
Макаров Евгений Олегович,майор,4,37
Иванов Виктор Максимович,капитан,12,53
Орлов Виктор Михайлович,капитан,3,22
Кузнецов Денис Романович,полковник,4,28
Васильев Артём Романович,прапорщик,12,30
Лебедев Егор Александрович,полковник,2,24
Новиков Александр Юрьевич,рядовой,3,49
Смирнов Дмитрий Ильич,полковник,1,29
Соловьёв Роман Иванович,прапорщик,9,29
Новиков Сергей Никитич,майор,1,52
Захаров Евгений Александрович,капитан,7,26
Лебедев Денис Дмитриевич,капитан,5,58
Козлов Артём Кириллович,рядовой,7,24
Фёдоров Артём Максимович,рядовой,3,36
Лебедев Михаил Никитич,сержант,5,33
Борисов Александр Алексеевич,лейтенант,2,60
Михайлов Алексей Сергеевич,капитан,6,58
Соловьёв Сергей Никитич,прапорщик,5,23
Никитин Павел Максимович,прапорщик,8,53
Лебедев Артём Иванович,сержант,1,34
Попов Алексей Андреевич,майор,11,34
Михайлов Евгений Юрьевич,сержант,6,18
Кузнецов Виктор Михайлович,лейтенант,3,34
Алексеев Роман Сергеевич,рядовой,9,18
Лебедев Егор Максимович,прапорщик,7,20
Соколов Юрий Ильич,прапорщик,2,35
Фёдоров Дмитрий Никитич,сержант,7,19
Васильев Дмитрий Кириллович,рядовой,8,34
Фёдоров Константин Викторович,майор,9,21
Иванов Илья Викторович,майор,8,45
Новиков Илья Максимович,лейтенант,2,41
Петров Матвей Андреевич,капитан,3,50
Морозов Дмитрий Романович,майор,5,46
Попов Роман Дмитриевич,капитан,12,46
Смирнов Олег Александрович,капитан,8,53
Новиков Максим Никитич,лейтенант,8,21
Алексеев Юрий Алексеевич,лейтенант,2,39
Яковлев Евгений Сергеевич,майор,2,27
Васильев Алексей Андреевич,сержант,7,35
Михайлов Никита Михайлович,полковник,10,58
Макаров Иван Викторович,капитан,3,31
Зайцев Александр Сергеевич,сержант,4,39
Васильев Константин Иванович,сержант,5,56
Зайцев Андрей Максимович,прапорщик,10,39
Сидоров Кирилл Андреевич,майор,8,40
Захаров Олег Александрович,лейтенант,5,22
Соловьёв Дмитрий Павлович,прапорщик,4,18
Михайлов Павел Олегович,майор,12,47
Кузнецов Виктор Михайлович,сержант,3,18
Петров Андрей Андреевич,полковник,6,41
Степанов Сергей Никитич,лейтенант,3,46
Соловьёв Олег Михайлович,прапорщик,5,36
Никитин Роман Иванович,рядовой,11,48
Фёдоров Кирилл Иванович,полковник,10,43
Алексеев Егор Юрьевич,прапорщик,4,32
Михайлов Илья Кириллович,капитан,10,46
Кочергин Александр Максимович,полковник,3,57
Лебедев Денис Романович,майор,3,23
Лебедев Матвей Андреевич,лейтенант,7,59
Алексеев Степан Иванович,полковник,9,40
Козлов Андрей Олегович,прапорщик,9,46
Орлов Алексей Максимович,капитан,2,47
Яковлев Андрей Максимович,лейтенант,1,27
Макаров Иван Павлович,лейтенант,5,23
Яковлев Дмитрий Александрович,прапорщик,9,41
Кузнецов Егор Ильич,капитан,10,38
Петров Юрий Викторович,полковник,2,24
Иванов Константин Кириллович,лейтенант,10,40
Васильев Артём Викторович,капитан,8,39
Никитин Роман Алексеевич,прапорщик,8,55
Михайлов Юрий Романович,майор,9,51
Васильев Дмитрий Никитич,сержант,5,22
Соловьёв Иван Михайлович,майор,2,54
Николаев Дмитрий Ильич,полковник,11,42
Васильев Денис Олегович,рядовой,4,30
Захаров Илья Сергеевич,капитан,11,50
Борисов Александр Александрович,майор,8,48
Зайцев Евгений Иванович,рядовой,6,45
Петров Александр Викторович,лейтенант,8,20
Макаров Константин Андреевич,рядовой,5,54
Андреев Роман Александрович,капитан,3,36
Михайлов Виктор Александрович,полковник,2,22
Кузнецов Евгений Андреевич,капитан,3,50
Морозов Олег Михайлович,полковник,3,38
Васильев Олег Андреевич,полковник,9,33
Захаров Никита Олегович,майор,8,39
Кочергин Константин Михайлович,прапорщик,3,24
Иванов Юрий Дмитриевич,прапорщик,11,35
Кузнецов Юрий Юрьевич,лейтенант,1,34
Борисов Матвей Олегович,лейтенант,6,25
Андреев Роман Дмитриевич,рядовой,5,60
Фёдоров Павел Романович,полковник,3,47
Смирнов Дмитрий Иванович,рядовой,11,21
Кузнецов Егор Романович,полковник,10,35
Соловьёв Павел Алексеевич,лейтенант,8,49
Николаев Егор Алексеевич,майор,7,55
Яковлев Егор Алексеевич,лейтенант,10,56
Яковлев Денис Павлович,полковник,7,51
Соколов Михаил Иванович,прапорщик,12,58
Морозов Виктор Викторович,капитан,4,39
Егоров Олег Иванович,сержант,1,32
Морозов Матвей Алексеевич,прапорщик,12,53
Соловьёв Константин Александрович,сержант,5,19
Петров Денис Михайлович,прапорщик,1,19
Орлов Дмитрий Олегович,лейтенант,3,53
Кочергин Никита Михайлович,лейтенант,10,18
Козлов Матвей Павлович,прапорщик,10,33
Андреев Юрий Сергеевич,майор,10,19
Новиков Михаил Никитич,майор,1,39
Морозов Дмитрий Дмитриевич,рядовой,1,30
Никитин Олег Никитич,майор,4,56
Николаев Илья Максимович,прапорщик,2,38
Захаров Павел Сергеевич,рядовой,12,60
Новиков Сергей Ильич,прапорщик,5,47
Михайлов Роман Ильич,сержант,3,57
Захаров Евгений Викторович,лейтенант,7,39
Михайлов Андрей Юрьевич,капитан,6,41
Яковлев Юрий Сергеевич,майор,4,60
Соколов Михаил Алексеевич,сержант,9,59
Борисов Никита Ильич,майор,2,23
Яковлев Кирилл Максимович,рядовой,1,43
Васильев Степан Алексеевич,капитан,12,23
Павлов Максим Кириллович,лейтенант,4,40
Павлов Роман Сергеевич,сержант,11,58
Кочергин Егор Максимович,полковник,7,48
Егоров Александр Михайлович,прапорщик,7,31
Соловьёв Михаил Дмитриевич,лейтенант,2,35
Сидоров Александр Максимович,прапорщик,10,48
Новиков Степан Максимович,лейтенант,10,47
Кочергин Дмитрий Иванович,сержант,11,40
Соколов Константин Александрович,майор,10,19
Николаев Юрий Павлович,майор,2,45
Алексеев Павел Ильич,сержант,5,55
Егоров Евгений Михайлович,полковник,4,43
Егоров Степан Юрьевич,прапорщик,7,59
Соколов Роман Викторович,майор,7,35
Козлов Илья Павлович,капитан,8,53
Зайцев Евгений Андреевич,рядовой,12,35
Соколов Константин Сергеевич,полковник,1,31
Яковлев Евгений Дмитриевич,рядовой,6,35
Новиков Денис Андреевич,рядовой,11,33
Яковлев Денис Михайлович,капитан,11,49
Михайлов Андрей Алексеевич,майор,3,29
Павлов Павел Алексеевич,капитан,10,19
Фёдоров Евгений Алексеевич,капитан,5,29
Захаров Олег Кириллович,капитан,1,31
Соколов Михаил Олегович,лейтенант,3,32
Егоров Иван Андреевич,полковник,10,23
Иванов Матвей Дмитриевич,рядовой,12,31
Павлов Андрей Викторович,лейтенант,12,43
Соколов Сергей Ильич,сержант,8,36
Яковлев Константин Романович,лейтенант,10,53
Кочергин Константин Викторович,сержант,1,20
Алексеев Дмитрий Иванович,рядовой,11,47
Зайцев Андрей Викторович,капитан,11,60
Иванов Кирилл Алексеевич,капитан,3,32
Морозов Максим Никитич,полковник,5,32
Новиков Илья Андреевич,полковник,8,18
Семёнов Егор Дмитриевич,полковник,5,51
Васильев Егор Алексеевич,сержант,1,54
Семёнов Артём Викторович,капитан,6,36
Васильев Алексей Олегович,капитан,11,19
Андреев Андрей Михайлович,прапорщик,10,23
Сидоров Никита Александрович,сержант,11,33
Морозов Никита Михайлович,лейтенант,9,25
Павлов Степан Алексеевич,майор,6,45
Кузнецов Матвей Никитич,рядовой,3,39
Зайцев Кирилл Кириллович,прапорщик,9,43
Никитин Степан Сергеевич,сержант,11,49
Павлов Александр Викторович,прапорщик,6,57
Козлов Константин Викторович,рядовой,7,30
Иванов Евгений Андреевич,полковник,2,38
Иванов Артём Сергеевич,прапорщик,1,57
Степанов Никита Андреевич,полковник,11,36
Николаев Степан Никитич,прапорщик,3,28
Кочергин Егор Юрьевич,майор,7,57
Алексеев Егор Александрович,полковник,10,39
Павлов Константин Иванович,прапорщик,1,27
Николаев Егор Викторович,рядовой,8,42
Кузнецов Александр Сергеевич,сержант,6,54
Морозов Евгений Максимович,майор,1,47
Смирнов Андрей Алексеевич,лейтенант,2,23
Соколов Виктор Олегович,майор,5,26
Сидоров Андрей Максимович,капитан,8,44
Петров Константин Сергеевич,прапорщик,10,41
Васильев Максим Алексеевич,лейтенант,8,41
Семёнов Денис Михайлович,майор,6,31
Сидоров Степан Александрович,сержант,12,25
Степанов Павел Алексеевич,майор,2,29
Борисов Александр Андреевич,капитан,6,58
Васильев Павел Иванович,сержант,12,52
Захаров Александр Олегович,прапорщик,4,51
Павлов Матвей Павлович,прапорщик,6,55
Никитин Кирилл Павлович,лейтенант,4,20
Никитин Максим Дмитриевич,прапорщик,7,24
Смирнов Юрий Викторович,майор,9,41
Кузнецов Константин Павлович,лейтенант,5,31
Николаев Егор Сергеевич,рядовой,9,51
Егоров Егор Ильич,лейтенант,1,29
Соловьёв Олег Дмитриевич,лейтенант,3,57
Кочергин Денис Алексеевич,рядовой,2,54
Кузнецов Евгений Романович,сержант,8,46
Михайлов Денис Михайлович,капитан,11,36
Степанов Роман Михайлович,полковник,4,24
Орлов Сергей Кириллович,прапорщик,1,24
Смирнов Виктор Викторович,майор,5,47
Соколов Илья Юрьевич,сержант,10,22
Макаров Андрей Викторович,полковник,5,47
Павлов Константин Романович,лейтенант,10,30
Захаров Сергей Кириллович,сержант,1,33
Кочергин Андрей Романович,полковник,3,30
Семёнов Евгений Андреевич,полковник,2,21
Кузнецов Артём Юрьевич,сержант,10,56
Козлов Максим Дмитриевич,лейтенант,10,39
Павлов Павел Сергеевич,сержант,2,46
Лебедев Матвей Дмитриевич,сержант,9,31
Попов Роман Никитич,лейтенант,8,58
Петров Михаил Сергеевич,полковник,9,33
Николаев Михаил Дмитриевич,рядовой,7,45
Борисов Виктор Павлович,капитан,7,43
Николаев Алексей Олегович,лейтенант,3,19
Кочергин Кирилл Андреевич,лейтенант,1,26
Макаров Андрей Ильич,капитан,5,22
Зайцев Олег Михайлович,полковник,8,55
Сидоров Сергей Ильич,сержант,7,48
Яковлев Артём Дмитриевич,полковник,1,53
Лебедев Евгений Андреевич,майор,8,34
Михайлов Иван Ильич,капитан,4,24
Яковлев Илья Александрович,майор,2,44
Петров Сергей Александрович,майор,6,53
Сидоров Виктор Викторович,сержант,1,45
Николаев Андрей Юрьевич,сержант,11,24
Соколов Александр Михайлович,прапорщик,3,28
Сидоров Кирилл Иванович,полковник,2,19
Макаров Юрий Кириллович,рядовой,11,59
Сидоров Андрей Юрьевич,капитан,12,54
Степанов Роман Романович,рядовой,6,32
Попов Никита Никитич,лейтенант,1,21
Сидоров Матвей Максимович,лейтенант,3,57
Лебедев Максим Михайлович,лейтенант,8,55
Павлов Андрей Андреевич,рядовой,10,35
Михайлов Павел Юрьевич,майор,11,45
Соколов Алексей Алексеевич,майор,9,19
Сидоров Дмитрий Андреевич,рядовой,6,58
Николаев Константин Андреевич,прапорщик,11,32
Соловьёв Роман Дмитриевич,лейтенант,3,20
Кочергин Денис Ильич,лейтенант,2,48
Захаров Денис Кириллович,майор,12,41
Смирнов Юрий Александрович,капитан,9,57
Морозов Степан Кириллович,лейтенант,2,24
Никитин Алексей Никитич,лейтенант,8,38
Смирнов Степан Иванович,сержант,6,44
Макаров Иван Максимович,сержант,10,42
Орлов Матвей Алексеевич,полковник,5,40
Петров Матвей Александрович,лейтенант,8,55
Орлов Матвей Юрьевич,прапорщик,4,39
Смирнов Сергей Алексеевич,лейтенант,6,39
Алексеев Олег Александрович,сержант,1,32
Макаров Матвей Викторович,лейтенант,10,27
Андреев Михаил Романович,полковник,8,37
Попов Матвей Викторович,капитан,3,22
Иванов Максим Олегович,полковник,9,32
Новиков Сергей Максимович,майор,12,30
Яковлев Константин Викторович,капитан,7,34
Михайлов Олег Дмитриевич,рядовой,8,51
Фёдоров Денис Максимович,рядовой,3,55
Зайцев Денис Андреевич,рядовой,8,43
Борисов Андрей Дмитриевич,капитан,10,29
Соловьёв Никита Павлович,майор,7,36
Андреев Павел Олегович,сержант,3,52
Козлов Никита Алексеевич,лейтенант,9,19
Соловьёв Павел Иванович,прапорщик,9,50
Кочергин Сергей Михайлович,прапорщик,10,26
Степанов Роман Иванович,сержант,2,40
Морозов Кирилл Павлович,полковник,2,59
Яковлев Константин Кириллович,лейтенант,10,32
Смирнов Сергей Александрович,лейтенант,1,20
Козлов Михаил Олегович,майор,2,35
Новиков Андрей Ильич,лейтенант,6,55
Николаев Константин Александрович,капитан,8,47
Лебедев Андрей Никитич,сержант,6,43
Михайлов Алексей Викторович,прапорщик,6,20
Семёнов Никита Максимович,майор,7,52
Николаев Никита Ильич,капитан,7,52
Попов Денис Михайлович,майор,10,39
Иванов Никита Иванович,майор,2,29
Фёдоров Дмитрий Алексеевич,лейтенант,8,44
Павлов Егор Сергеевич,полковник,1,21
Петров Юрий Алексеевич,полковник,10,44
Яковлев Алексей Никитич,рядовой,9,47
Соколов Роман Никитич,капитан,8,60
Андреев Максим Максимович,капитан,7,30
Смирнов Кирилл Андреевич,рядовой,5,29
Морозов Константин Никитич,капитан,12,47
Петров Дмитрий Сергеевич,полковник,12,20
Смирнов Степан Ильич,рядовой,10,55
Борисов Андрей Романович,рядовой,8,50
Васильев Роман Павлович,майор,8,54
Андреев Егор Павлович,сержант,3,59
Кузнецов Олег Алексеевич,капитан,8,24
Макаров Никита Александрович,сержант,10,60
Васильев Андрей Павлович,прапорщик,11,46
Соколов Денис Никитич,полковник,7,56
Смирнов Алексей Александрович,полковник,7,42
Орлов Виктор Никитич,прапорщик,1,25
Семёнов Михаил Романович,капитан,11,50
Андреев Алексей Никитич,полковник,12,18
Смирнов Андрей Михайлович,сержант,9,55
Макаров Егор Александрович,полковник,3,25
Соловьёв Алексей Александрович,капитан,4,35
Семёнов Никита Кириллович,капитан,5,43
Смирнов Матвей Романович,полковник,12,43
Новиков Алексей Алексеевич,сержант,9,40
Алексеев Илья Александрович,капитан,9,25
Яковлев Евгений Павлович,майор,6,22
Орлов Степан Юрьевич,полковник,8,40
Макаров Дмитрий Андреевич,капитан,3,26
Алексеев Михаил Михайлович,майор,12,34
Андреев Андрей Викторович,майор,8,19
Борисов Алексей Андреевич,полковник,3,51
Николаев Дмитрий Никитич,прапорщик,10,45
Борисов Олег Сергеевич,полковник,1,20
Козлов Алексей Кириллович,лейтенант,8,26
Яковлев Денис Андреевич,капитан,11,60
Смирнов Олег Андреевич,рядовой,1,51
Алексеев Кирилл Никитич,полковник,5,29
Николаев Матвей Михайлович,майор,6,39
Зайцев Михаил Кириллович,лейтенант,11,59
Борисов Артём Максимович,полковник,11,31
Никитин Павел Иванович,капитан,1,20
Яковлев Сергей Андреевич,майор,4,40
Иванов Максим Олегович,сержант,7,39
Соловьёв Максим Алексеевич,полковник,12,52
Семёнов Олег Ильич,лейтенант,7,34
Соколов Юрий Михайлович,капитан,9,24
Соловьёв Константин Романович,капитан,7,42
Морозов Олег Сергеевич,рядовой,1,55
Васильев Сергей Ильич,капитан,1,55
Фёдоров Сергей Алексеевич,прапорщик,3,50
Андреев Роман Андреевич,рядовой,3,23
Кузнецов Алексей Дмитриевич,лейтенант,1,51
Фёдоров Роман Сергеевич,сержант,11,40
Соловьёв Илья Сергеевич,лейтенант,3,32
Козлов Никита Юрьевич,рядовой,2,45
Новиков Кирилл Дмитриевич,лейтенант,3,39
Кузнецов Евгений Андреевич,капитан,11,45
Иванов Андрей Романович,майор,4,39
Семёнов Денис Максимович,прапорщик,7,18
Васильев Александр Ильич,майор,10,35
Семёнов Евгений Алексеевич,лейтенант,4,49
Семёнов Кирилл Максимович,рядовой,8,45
Орлов Илья Сергеевич,рядовой,1,52
Морозов Юрий Михайлович,рядовой,8,44
Никитин Степан Олегович,майор,10,25
Степанов Виктор Никитич,майор,11,41
Борисов Константин Михайлович,полковник,6,55
Семёнов Никита Алексеевич,полковник,10,49
Семёнов Максим Романович,полковник,1,25
Семёнов Алексей Юрьевич,рядовой,12,46
Соколов Александр Дмитриевич,лейтенант,4,51
Степанов Илья Иванович,майор,2,36
Козлов Илья Викторович,прапорщик,4,47
Кузнецов Илья Сергеевич,полковник,7,30
Алексеев Денис Александрович,прапорщик,7,18
Андреев Дмитрий Михайлович,прапорщик,5,28
Лебедев Денис Юрьевич,полковник,2,55
Петров Евгений Максимович,рядовой,11,46
Кузнецов Андрей Никитич,прапорщик,5,59
Соколов Степан Юрьевич,полковник,12,49
Васильев Дмитрий Романович,прапорщик,9,28
Соловьёв Юрий Александрович,полковник,12,43
Николаев Роман Михайлович,прапорщик,12,44
Андреев Денис Кириллович,капитан,11,48
Смирнов Максим Павлович,рядовой,3,21
Васильев Роман Никитич,капитан,8,42
Николаев Андрей Никитич,полковник,8,48
Никитин Егор Алексеевич,лейтенант,1,34
Андреев Никита Сергеевич,лейтенант,11,60
Васильев Михаил Алексеевич,майор,9,19
Фёдоров Артём Михайлович,прапорщик,5,37
Попов Егор Дмитриевич,сержант,2,21
Семёнов Сергей Алексеевич,сержант,1,22
Михайлов Никита Никитич,рядовой,12,42
Семёнов Михаил Романович,майор,3,46
Петров Роман Максимович,майор,6,46
Орлов Максим Алексеевич,майор,8,37
Михайлов Максим Викторович,полковник,2,43
Алексеев Михаил Ильич,лейтенант,10,39
Морозов Никита Дмитриевич,капитан,6,29
Фёдоров Сергей Алексеевич,полковник,2,31
Иванов Максим Викторович,майор,5,32
Новиков Сергей Максимович,сержант,3,58
Зайцев Никита Александрович,рядовой,10,42
Степанов Артём Сергеевич,прапорщик,10,48
Попов Дмитрий Викторович,капитан,5,58
Васильев Максим Кириллович,майор,3,58
Семёнов Андрей Александрович,полковник,8,44
Яковлев Михаил Алексеевич,майор,6,59
Попов Алексей Александрович,капитан,5,54
Лебедев Матвей Кириллович,сержант,11,30
Лебедев Никита Дмитриевич,полковник,6,45
Орлов Михаил Юрьевич,прапорщик,12,47
Семёнов Илья Викторович,рядовой,7,52
Зайцев Максим Сергеевич,прапорщик,8,32
Васильев Андрей Сергеевич,полковник,12,24
Алексеев Павел Иванович,полковник,9,31
Сидоров Андрей Павлович,капитан,8,36
Смирнов Кирилл Викторович,капитан,6,46
Кузнецов Матвей Иванович,лейтенант,2,41
Степанов Андрей Александрович,полковник,10,33
Васильев Илья Алексеевич,прапорщик,2,43
Соловьёв Юрий Алексеевич,рядовой,4,49
Алексеев Артём Максимович,рядовой,2,25
Соколов Матвей Андреевич,лейтенант,2,31
Никитин Роман Сергеевич,прапорщик,8,22
Орлов Константин Павлович,сержант,2,60
Захаров Артём Юрьевич,лейтенант,1,50
Фёдоров Андрей Олегович,лейтенант,12,37
Козлов Матвей Ильич,капитан,9,45
Яковлев Виктор Кириллович,лейтенант,2,25
Петров Олег Никитич,рядовой,6,25
Никитин Кирилл Кириллович,лейтенант,8,50
Кочергин Иван Александрович,рядовой,2,49
Алексеев Егор Сергеевич,полковник,10,22
Соколов Юрий Алексеевич,прапорщик,2,41
Николаев Дмитрий Михайлович,капитан,1,44
Яковлев Сергей Ильич,капитан,6,46
Никитин Виктор Сергеевич,полковник,7,29
Яковлев Александр Сергеевич,полковник,10,47
Иванов Александр Максимович,капитан,3,19
Морозов Олег Олегович,капитан,11,40
Соловьёв Денис Ильич,лейтенант,11,54
Андреев Артём Кириллович,капитан,8,26
Новиков Андрей Максимович,рядовой,3,59
Николаев Виктор Александрович,рядовой,9,27
Соколов Юрий Никитич,лейтенант,8,48
Алексеев Олег Олегович,майор,10,41
Семёнов Иван Иванович,полковник,9,29
Зайцев Максим Романович,рядовой,3,30
Алексеев Олег Никитич,прапорщик,11,53
Степанов Олег Михайлович,капитан,6,54
Николаев Никита Дмитриевич,лейтенант,7,29
Петров Степан Александрович,рядовой,12,19
Петров Юрий Ильич,лейтенант,4,56
Козлов Юрий Максимович,майор,2,42
Фёдоров Роман Максимович,сержант,9,54
Зайцев Олег Сергеевич,капитан,2,39
Иванов Евгений Дмитриевич,сержант,4,20
Попов Никита Викторович,майор,8,49
Семёнов Михаил Кириллович,сержант,11,42
Борисов Александр Викторович,рядовой,2,46
Яковлев Сергей Романович,сержант,12,39
Егоров Евгений Александрович,полковник,5,33
Борисов Юрий Михайлович,лейтенант,6,50
Сидоров Алексей Сергеевич,рядовой,4,32
Кочергин Никита Сергеевич,капитан,10,22
Борисов Роман Сергеевич,сержант,10,50
Никитин Денис Викторович,майор,1,25
Яковлев Павел Иванович,сержант,2,49
Сидоров Кирилл Андреевич,прапорщик,12,53
Соколов Дмитрий Юрьевич,капитан,2,39
Захаров Александр Романович,лейтенант,6,54
Соколов Дмитрий Дмитриевич,капитан,11,40
Макаров Матвей Алексеевич,майор,8,34
Козлов Андрей Олегович,капитан,5,28
Лебедев Евгений Викторович,прапорщик,7,45
Зайцев Егор Олегович,лейтенант,8,48
Никитин Дмитрий Максимович,прапорщик,5,20
Макаров Денис Романович,сержант,11,24
Лебедев Евгений Андреевич,капитан,1,20
Попов Юрий Павлович,прапорщик,12,38
Андреев Кирилл Дмитриевич,полковник,8,37
Никитин Дмитрий Иванович,сержант,8,29
Орлов Олег Кириллович,прапорщик,4,26
Борисов Константин Кириллович,полковник,12,57
Орлов Сергей Иванович,сержант,5,25
Захаров Андрей Сергеевич,полковник,2,31
Козлов Евгений Олегович,майор,2,42
Михайлов Максим Кириллович,капитан,3,54
Морозов Илья Александрович,лейтенант,2,38
Лебедев Виктор Олегович,полковник,1,25
Борисов Кирилл Олегович,прапорщик,1,52
Егоров Михаил Иванович,прапорщик,10,18
Зайцев Иван Александрович,сержант,7,50
Борисов Кирилл Алексеевич,прапорщик,12,41
Петров Артём Михайлович,прапорщик,3,52
Яковлев Матвей Александрович,капитан,1,26
Семёнов Павел Кириллович,рядовой,11,23
Егоров Константин Юрьевич,капитан,11,53
Петров Павел Викторович,лейтенант,5,57
Николаев Евгений Никитич,лейтенант,4,57
Лебедев Никита Михайлович,капитан,9,29
Никитин Максим Михайлович,рядовой,9,50
Павлов Константин Дмитриевич,полковник,4,29
Зайцев Кирилл Павлович,лейтенант,10,32
Егоров Илья Иванович,майор,8,42
Никитин Роман Александрович,полковник,1,49
Андреев Виктор Иванович,полковник,8,35
Яковлев Иван Никитич,прапорщик,1,45
Козлов Евгений Сергеевич,рядовой,6,34
Морозов Никита Андреевич,капитан,9,41
Козлов Андрей Александрович,прапорщик,6,49
Макаров Дмитрий Иванович,капитан,2,27
Соловьёв Сергей Сергеевич,сержант,8,34
Лебедев Константин Никитич,рядовой,4,46
Васильев Максим Михайлович,прапорщик,1,24
Яковлев Максим Олегович,сержант,12,28
Сидоров Алексей Павлович,полковник,12,20
Николаев Максим Михайлович,лейтенант,2,52
Михайлов Кирилл Олегович,майор,11,22
Смирнов Евгений Олегович,рядовой,10,41
Морозов Олег Никитич,рядовой,10,56
Зайцев Матвей Викторович,лейтенант,1,49
Васильев Степан Алексеевич,майор,12,44
Васильев Кирилл Александрович,рядовой,7,57
Егоров Кирилл Павлович,прапорщик,8,51
Борисов Илья Олегович,лейтенант,9,51
Макаров Олег Андреевич,рядовой,12,45
Андреев Артём Дмитриевич,майор,10,55
Кузнецов Михаил Алексеевич,рядовой,6,41
Никитин Матвей Михайлович,капитан,12,50
Кочергин Иван Максимович,рядовой,7,41
Соловьёв Виктор Алексеевич,майор,8,40
Новиков Илья Андреевич,полковник,8,33
Лебедев Илья Алексеевич,капитан,8,24
Иванов Андрей Юрьевич,сержант,3,55
Смирнов Артём Сергеевич,прапорщик,4,18
Козлов Павел Никитич,майор,4,56
Алексеев Константин Алексеевич,рядовой,11,27
Яковлев Илья Кириллович,рядовой,11,32
Морозов Сергей Михайлович,сержант,10,25
Борисов Роман Ильич,капитан,1,53
Никитин Алексей Ильич,полковник,2,60
Смирнов Алексей Кириллович,сержант,4,21
Иванов Константин Максимович,полковник,5,23
Макаров Егор Викторович,капитан,11,24
Егоров Михаил Иванович,прапорщик,7,46
Кузнецов Степан Олегович,майор,8,60
Васильев Александр Юрьевич,полковник,7,54
Попов Алексей Викторович,капитан,12,50
Николаев Дмитрий Павлович,полковник,8,43
Кузнецов Степан Олегович,майор,11,23
Захаров Сергей Андреевич,сержант,10,26
Смирнов Павел Алексеевич,лейтенант,10,60
Михайлов Матвей Иванович,рядовой,6,45
Борисов Евгений Дмитриевич,рядовой,2,48
Фёдоров Иван Олегович,капитан,1,56
Алексеев Виктор Алексеевич,полковник,8,38
Лебедев Юрий Романович,сержант,8,57
Петров Илья Андреевич,майор,10,25
Яковлев Олег Максимович,лейтенант,10,50
Андреев Дмитрий Викторович,рядовой,2,30
Орлов Евгений Романович,лейтенант,1,25
Фёдоров Степан Олегович,капитан,8,44
Новиков Алексей Дмитриевич,капитан,6,54
Иванов Алексей Ильич,рядовой,6,49
Соколов Олег Максимович,лейтенант,6,49
Николаев Матвей Никитич,полковник,4,30
Морозов Кирилл Викторович,рядовой,6,33
Михайлов Иван Иванович,полковник,1,51
Павлов Илья Олегович,полковник,3,37
Степанов Олег Олегович,прапорщик,11,29
Смирнов Илья Дмитриевич,лейтенант,10,41
Попов Степан Максимович,капитан,6,25
Соколов Иван Иванович,полковник,9,43
Орлов Евгений Юрьевич,лейтенант,1,38
Алексеев Никита Кириллович,полковник,9,21
Никитин Константин Романович,полковник,5,46
Захаров Дмитрий Михайлович,полковник,4,54
Никитин Егор Андреевич,сержант,12,56
Козлов Никита Андреевич,лейтенант,10,33
Захаров Андрей Андреевич,майор,9,18
Васильев Александр Иванович,рядовой,4,31
Макаров Олег Максимович,полковник,6,33
Сидоров Иван Иванович,прапорщик,5,22
Кочергин Матвей Михайлович,лейтенант,2,25
Фёдоров Михаил Дмитриевич,сержант,12,31
Смирнов Матвей Павлович,полковник,6,35
Никитин Кирилл Юрьевич,лейтенант,3,49
Смирнов Степан Александрович,полковник,6,39
Никитин Алексей Андреевич,капитан,1,44
Петров Юрий Ильич,лейтенант,5,55
Кузнецов Степан Андреевич,капитан,7,57
Захаров Артём Александрович,полковник,4,47
Яковлев Роман Кириллович,лейтенант,12,18
Новиков Степан Ильич,лейтенант,9,29
Смирнов Кирилл Дмитриевич,рядовой,12,30
Алексеев Михаил Дмитриевич,майор,12,25
Никитин Егор Дмитриевич,рядовой,8,37
Попов Сергей Ильич,сержант,3,29
Смирнов Сергей Михайлович,рядовой,8,40
Новиков Роман Алексеевич,сержант,5,24
Макаров Степан Юрьевич,лейтенант,11,40
Сидоров Егор Андреевич,лейтенант,7,46
Орлов Виктор Ильич,прапорщик,5,41
Новиков Михаил Дмитриевич,капитан,8,27
Егоров Александр Михайлович,майор,5,24
Фёдоров Виктор Кириллович,лейтенант,2,58
Зайцев Дмитрий Дмитриевич,лейтенант,7,37
Лебедев Никита Ильич,прапорщик,4,41
Соловьёв Максим Викторович,майор,6,36
Новиков Сергей Олегович,полковник,2,57
Иванов Михаил Дмитриевич,лейтенант,5,28
Иванов Константин Дмитриевич,майор,12,18
Петров Александр Максимович,сержант,3,34
Николаев Иван Павлович,майор,5,31
Васильев Иван Сергеевич,капитан,4,22
Козлов Александр Павлович,капитан,12,58
Иванов Степан Юрьевич,майор,6,41
Лебедев Артём Максимович,сержант,8,52
Морозов Егор Алексеевич,прапорщик,11,32
Алексеев Артём Александрович,прапорщик,8,59
Макаров Степан Максимович,прапорщик,3,32
Новиков Матвей Максимович,сержант,1,46
Морозов Роман Алексеевич,капитан,1,54
Соколов Егор Сергеевич,капитан,3,56
Сидоров Никита Михайлович,лейтенант,11,55
Лебедев Константин Юрьевич,прапорщик,9,26
Борисов Роман Никитич,прапорщик,11,32
Новиков Андрей Викторович,майор,4,45
Козлов Юрий Ильич,полковник,6,39
Фёдоров Андрей Сергеевич,сержант,11,41
Макаров Дмитрий Дмитриевич,капитан,9,38
Козлов Илья Юрьевич,сержант,3,41
Козлов Егор Михайлович,прапорщик,4,31
Сидоров Константин Александрович,прапорщик,9,55
Степанов Максим Викторович,майор,5,23
Козлов Степан Алексеевич,капитан,1,29
Алексеев Максим Павлович,майор,11,29
Николаев Егор Никитич,капитан,9,35
Павлов Дмитрий Романович,прапорщик,10,57
Андреев Юрий Романович,капитан,8,41
Макаров Артём Максимович,полковник,5,21
Степанов Денис Павлович,майор,7,43
Соловьёв Артём Дмитриевич,майор,10,43
Егоров Алексей Романович,лейтенант,2,22
Захаров Виктор Дмитриевич,майор,1,58
Новиков Андрей Олегович,сержант,5,44
Николаев Александр Сергеевич,капитан,10,47
Алексеев Павел Андреевич,полковник,9,34
Попов Константин Иванович,прапорщик,10,39
Кочергин Юрий Ильич,прапорщик,12,20
Яковлев Александр Кириллович,лейтенант,4,35
Павлов Виктор Романович,сержант,2,39
Яковлев Никита Олегович,полковник,1,52
Захаров Виктор Ильич,сержант,3,55
Макаров Евгений Никитич,капитан,5,44
Алексеев Сергей Никитич,полковник,11,35
Семёнов Дмитрий Юрьевич,майор,1,40
Васильев Александр Никитич,капитан,7,40
Попов Михаил Юрьевич,майор,10,21
Никитин Кирилл Иванович,прапорщик,3,39
Семёнов Денис Никитич,полковник,1,48
Соловьёв Константин Никитич,капитан,6,39
Николаев Кирилл Александрович,рядовой,3,41
Кочергин Денис Сергеевич,рядовой,11,30
Степанов Степан Юрьевич,лейтенант,12,50
Лебедев Константин Дмитриевич,сержант,12,18
Степанов Павел Александрович,рядовой,1,58
Лебедев Константин Ильич,рядовой,6,22
Андреев Степан Олегович,майор,3,47
Лебедев Артём Михайлович,рядовой,7,54
Егоров Виктор Романович,сержант,11,30
Сидоров Александр Максимович,прапорщик,12,34
Борисов Роман Викторович,полковник,2,33
Соколов Максим Дмитриевич,капитан,1,31
Семёнов Денис Алексеевич,полковник,3,46
Васильев Юрий Александрович,капитан,2,33
Алексеев Роман Никитич,сержант,7,53
Петров Андрей Иванович,капитан,4,59
Попов Илья Никитич,капитан,10,27
Никитин Дмитрий Сергеевич,капитан,10,40
Яковлев Дмитрий Ильич,рядовой,11,54
Борисов Илья Дмитриевич,сержант,1,47
Андреев Матвей Алексеевич,капитан,5,43
Сидоров Евгений Сергеевич,полковник,5,31
Семёнов Максим Никитич,лейтенант,12,51
Лебедев Роман Кириллович,прапорщик,3,27
Никитин Кирилл Михайлович,полковник,2,23
Степанов Андрей Иванович,полковник,12,22
Захаров Александр Ильич,майор,8,47
Орлов Андрей Викторович,лейтенант,4,29
Новиков Евгений Романович,лейтенант,12,53
Новиков Кирилл Кириллович,сержант,4,47
Степанов Павел Никитич,прапорщик,1,26
Макаров Юрий Максимович,капитан,2,36
Захаров Виктор Михайлович,капитан,12,24
Лебедев Евгений Максимович,сержант,2,25
Васильев Константин Андреевич,рядовой,2,21
Смирнов Евгений Михайлович,лейтенант,11,55
Алексеев Максим Павлович,майор,10,31
Борисов Матвей Сергеевич,прапорщик,10,23
Степанов Артём Иванович,майор,6,30
Макаров Олег Максимович,капитан,10,45
Макаров Сергей Максимович,сержант,1,37
Орлов Степан Александрович,лейтенант,10,56
Никитин Виктор Дмитриевич,лейтенант,1,54
Семёнов Александр Олегович,сержант,3,30
Кузнецов Егор Олегович,лейтенант,5,56
Соловьёв Александр Дмитриевич,лейтенант,12,32
Егоров Виктор Михайлович,сержант,8,20
Никитин Артём Кириллович,сержант,10,23
Лебедев Павел Павлович,прапорщик,4,29
Николаев Константин Иванович,полковник,9,45
Михайлов Кирилл Андреевич,сержант,12,56
Морозов Сергей Юрьевич,лейтенант,11,19
Яковлев Евгений Сергеевич,прапорщик,11,32
Лебедев Роман Дмитриевич,прапорщик,9,26
Яковлев Константин Олегович,прапорщик,3,50
Михайлов Иван Максимович,сержант,4,30
Орлов Олег Сергеевич,майор,7,31
Орлов Андрей Иванович,рядовой,5,20
Степанов Константин Ильич,рядовой,12,43
Семёнов Артём Александрович,капитан,8,36
Морозов Артём Андреевич,сержант,2,37
Морозов Роман Кириллович,капитан,11,58
Лебедев Олег Александрович,капитан,9,25
Захаров Степан Ильич,сержант,2,59
Кочергин Константин Кириллович,лейтенант,12,26
Козлов Евгений Сергеевич,капитан,5,35
Зайцев Сергей Дмитриевич,майор,12,40
Козлов Павел Иванович,рядовой,5,32
Андреев Матвей Ильич,сержант,1,53
Семёнов Егор Алексеевич,майор,1,44
Соколов Максим Викторович,капитан,12,26
Кузнецов Роман Максимович,полковник,11,26
Новиков Иван Александрович,майор,8,47
Андреев Алексей Кириллович,прапорщик,8,19
Морозов Никита Михайлович,лейтенант,2,36
Васильев Илья Иванович,полковник,10,59
Семёнов Евгений Дмитриевич,майор,5,33
Попов Кирилл Михайлович,лейтенант,9,49
Петров Олег Юрьевич,капитан,5,50
Николаев Константин Павлович,рядовой,6,43
Семёнов Михаил Павлович,сержант,10,55
Иванов Степан Ильич,майор,12,30
Орлов Олег Кириллович,майор,5,34
Павлов Дмитрий Олегович,майор,11,58
Новиков Кирилл Павлович,полковник,9,50
Андреев Артём Павлович,полковник,7,28
Степанов Максим Павлович,прапорщик,10,52
Семёнов Иван Алексеевич,сержант,3,50
Соколов Роман Михайлович,полковник,11,39
Соловьёв Алексей Александрович,сержант,3,30
Смирнов Степан Кириллович,сержант,12,28
Кочергин Матвей Никитич,рядовой,11,36
Макаров Матвей Павлович,капитан,2,58
Лебедев Михаил Андреевич,полковник,3,18
Фёдоров Матвей Олегович,рядовой,2,33
Семёнов Олег Сергеевич,полковник,4,46
Орлов Константин Кириллович,рядовой,8,28
Алексеев Андрей Кириллович,капитан,3,26
Макаров Павел Сергеевич,майор,5,49
Орлов Виктор Иванович,лейтенант,9,45
Васильев Михаил Андреевич,рядовой,11,47
Андреев Андрей Кириллович,сержант,8,30
Новиков Иван Романович,прапорщик,6,40
Макаров Виктор Ильич,капитан,8,21
Андреев Денис Максимович,прапорщик,8,40
Борисов Артём Кириллович,майор,11,20
Смирнов Сергей Иванович,майор,6,54
Кочергин Денис Никитич,прапорщик,3,52
Васильев Юрий Алексеевич,рядовой,11,28
Зайцев Кирилл Юрьевич,прапорщик,12,29
Сидоров Максим Иванович,майор,4,50
Морозов Артём Максимович,рядовой,8,35
Иванов Иван Никитич,прапорщик,4,37
Смирнов Илья Романович,прапорщик,11,49
Николаев Алексей Максимович,капитан,4,51
Борисов Юрий Юрьевич,сержант,10,40
Егоров Юрий Андреевич,майор,4,35
Орлов Павел Романович,прапорщик,11,57
Захаров Артём Романович,майор,7,50
Смирнов Степан Сергеевич,рядовой,10,26
Попов Андрей Никитич,сержант,2,27
Алексеев Михаил Ильич,прапорщик,8,29
Егоров Михаил Дмитриевич,полковник,6,26
Кочергин Дмитрий Олегович,капитан,11,57
Фёдоров Денис Юрьевич,лейтенант,8,44
Борисов Юрий Ильич,майор,5,24
Козлов Дмитрий Олегович,прапорщик,6,29
Зайцев Иван Олегович,полковник,2,50
Макаров Матвей Андреевич,капитан,1,47
Иванов Дмитрий Дмитриевич,полковник,2,36
Кочергин Максим Сергеевич,капитан,6,22
Козлов Матвей Алексеевич,лейтенант,5,46
Захаров Олег Михайлович,сержант,6,29
Попов Иван Олегович,сержант,4,48
Сидоров Дмитрий Дмитриевич,сержант,6,54
Андреев Артём Михайлович,майор,1,44
Алексеев Максим Максимович,майор,5,19
Соловьёв Павел Кириллович,сержант,12,57
Макаров Максим Викторович,рядовой,3,42
Иванов Константин Иванович,капитан,8,34
Лебедев Степан Алексеевич,полковник,3,28
Андреев Виктор Романович,рядовой,12,33
Фёдоров Александр Александрович,лейтенант,9,47
Соколов Артём Романович,прапорщик,9,29
Зайцев Никита Максимович,майор,8,49
Соколов Константин Юрьевич,полковник,4,32
Алексеев Илья Олегович,полковник,12,58
Борисов Роман Романович,прапорщик,12,48
Михайлов Евгений Юрьевич,рядовой,3,59
Борисов Олег Павлович,полковник,8,34
Кочергин Сергей Ильич,капитан,8,45
Сидоров Александр Максимович,прапорщик,5,51
Орлов Роман Иванович,майор,7,54
Николаев Андрей Михайлович,майор,2,56
Павлов Юрий Ильич,капитан,4,41
Степанов Никита Максимович,капитан,5,21
Соколов Павел Алексеевич,сержант,1,31
Кочергин Алексей Максимович,полковник,5,57
Сидоров Павел Викторович,лейтенант,8,28
Захаров Юрий Викторович,полковник,12,26
Павлов Никита Дмитриевич,рядовой,1,42
Кузнецов Егор Алексеевич,лейтенант,1,25
Попов Кирилл Иванович,капитан,6,49
Андреев Алексей Иванович,прапорщик,12,37
Яковлев Иван Кириллович,капитан,11,27
Иванов Илья Сергеевич,майор,7,37
Борисов Артём Михайлович,прапорщик,12,29
Иванов Алексей Александрович,прапорщик,9,49
Яковлев Алексей Михайлович,полковник,5,44
Семёнов Денис Юрьевич,рядовой,12,39
Козлов Евгений Павлович,полковник,9,57
Николаев Евгений Дмитриевич,капитан,5,48
Соколов Юрий Викторович,майор,7,24
Яковлев Андрей Викторович,лейтенант,1,38
Попов Олег Юрьевич,сержант,7,27
Васильев Павел Михайлович,рядовой,4,44
Егоров Артём Павлович,прапорщик,3,30
Петров Сергей Иванович,капитан,4,56
Кузнецов Матвей Алексеевич,рядовой,8,38
Павлов Никита Сергеевич,рядовой,3,20
Николаев Иван Александрович,майор,4,29
Алексеев Иван Кириллович,лейтенант,6,39
Макаров Евгений Юрьевич,капитан,11,53
Козлов Кирилл Юрьевич,лейтенант,8,54
Егоров Евгений Михайлович,капитан,8,52
Иванов Олег Александрович,лейтенант,6,34
Соколов Александр Дмитриевич,лейтенант,10,38
Лебедев Андрей Максимович,рядовой,7,30
Петров Юрий Максимович,лейтенант,4,29
Новиков Андрей Александрович,рядовой,5,58
Захаров Артём Кириллович,майор,6,44
Михайлов Иван Дмитриевич,майор,8,23
Васильев Юрий Романович,прапорщик,7,32
Орлов Максим Алексеевич,полковник,11,27
Зайцев Виктор Сергеевич,лейтенант,10,51
Андреев Степан Ильич,лейтенант,3,48
Попов Михаил Кириллович,рядовой,6,33
Егоров Максим Романович,рядовой,11,36
Морозов Матвей Михайлович,капитан,5,35
Семёнов Роман Ильич,прапорщик,1,54
Зайцев Матвей Алексеевич,лейтенант,6,40
Смирнов Дмитрий Ильич,капитан,9,21
Захаров Илья Михайлович,лейтенант,5,42
Морозов Константин Кириллович,майор,2,47
Кузнецов Евгений Андреевич,полковник,9,52
Яковлев Иван Романович,капитан,6,52
Козлов Матвей Михайлович,полковник,2,28
Соловьёв Илья Никитич,сержант,7,52
Кузнецов Егор Александрович,прапорщик,9,33
Николаев Роман Алексеевич,прапорщик,8,20
Никитин Иван Алексеевич,капитан,7,44
Алексеев Александр Никитич,рядовой,12,36
Попов Иван Романович,полковник,3,29
Семёнов Иван Сергеевич,рядовой,12,30
Степанов Алексей Никитич,полковник,10,49
Козлов Денис Юрьевич,прапорщик,5,44
Макаров Максим Андреевич,лейтенант,9,57
Андреев Юрий Максимович,полковник,6,40
Павлов Олег Кириллович,сержант,1,40
Петров Павел Дмитриевич,сержант,7,54
Николаев Виктор Алексеевич,полковник,1,40
Павлов Константин Максимович,майор,4,59
Кочергин Олег Дмитриевич,сержант,9,52
Смирнов Роман Сергеевич,лейтенант,7,46
Козлов Михаил Андреевич,полковник,3,21
Яковлев Юрий Александрович,полковник,5,41
Семёнов Кирилл Дмитриевич,прапорщик,5,28
Петров Андрей Никитич,лейтенант,1,49
Зайцев Олег Никитич,полковник,7,24
Васильев Александр Кириллович,полковник,8,38
Кузнецов Матвей Алексеевич,капитан,2,34
Захаров Дмитрий Никитич,майор,5,31
Макаров Иван Юрьевич,прапорщик,10,22
Захаров Егор Никитич,лейтенант,4,34
Захаров Степан Ильич,рядовой,12,52
Макаров Евгений Дмитриевич,капитан,5,34
Иванов Степан Ильич,прапорщик,12,22
Борисов Дмитрий Михайлович,капитан,3,56
Захаров Егор Алексеевич,майор,7,53
Зайцев Константин Сергеевич,майор,12,22
Сидоров Павел Максимович,капитан,6,43
Семёнов Иван Романович,полковник,11,23
Зайцев Юрий Никитич,майор,1,43
Кузнецов Илья Алексеевич,прапорщик,12,45
Лебедев Константин Павлович,полковник,2,52
Михайлов Олег Максимович,капитан,6,28
Морозов Евгений Максимович,полковник,12,25
Захаров Андрей Юрьевич,майор,3,40
Лебедев Егор Викторович,капитан,6,56
Козлов Иван Олегович,сержант,12,50
Степанов Кирилл Никитич,рядовой,3,33
Никитин Никита Дмитриевич,майор,7,46
Захаров Виктор Юрьевич,прапорщик,7,33
Егоров Евгений Андреевич,сержант,10,29
Смирнов Кирилл Олегович,прапорщик,7,53
Андреев Кирилл Алексеевич,полковник,10,48
Соловьёв Роман Александрович,полковник,1,44
Захаров Никита Дмитриевич,прапорщик,8,59
Никитин Евгений Андреевич,капитан,2,32
Смирнов Павел Кириллович,рядовой,1,55
Сидоров Илья Алексеевич,капитан,12,48
Смирнов Денис Кириллович,полковник,7,31
Смирнов Егор Романович,полковник,5,19
Степанов Евгений Викторович,сержант,4,24
Захаров Степан Алексеевич,сержант,6,49
Андреев Максим Романович,рядовой,1,45
Соловьёв Константин Викторович,прапорщик,3,31
Михайлов Павел Алексеевич,сержант,6,26
Алексеев Роман Олегович,лейтенант,3,40
Кочергин Александр Иванович,сержант,7,49
Орлов Евгений Олегович,капитан,8,32
Кочергин Сергей Михайлович,прапорщик,9,47
Фёдоров Максим Никитич,сержант,8,36
Козлов Максим Максимович,прапорщик,12,60
Семёнов Юрий Дмитриевич,сержант,11,59
Степанов Максим Иванович,капитан,9,28
Николаев Иван Максимович,рядовой,5,31
Сидоров Матвей Сергеевич,сержант,2,18
Смирнов Кирилл Дмитриевич,прапорщик,8,35
Лебедев Роман Андреевич,капитан,3,37
Макаров Александр Романович,майор,6,22
Степанов Сергей Дмитриевич,сержант,12,49
Кузнецов Александр Ильич,сержант,4,20
Егоров Константин Андреевич,сержант,7,50
Сидоров Роман Ильич,капитан,12,53
Алексеев Олег Андреевич,прапорщик,10,30
Попов Артём Дмитриевич,рядовой,10,50
Орлов Олег Юрьевич,рядовой,3,38
Кочергин Виктор Михайлович,рядовой,9,56
Макаров Дмитрий Александрович,сержант,2,35
Макаров Олег Андреевич,полковник,8,47
Козлов Денис Иванович,лейтенант,4,54
Кочергин Артём Юрьевич,капитан,12,22
Никитин Матвей Иванович,майор,11,54
Михайлов Олег Андреевич,сержант,12,44
Сидоров Константин Алексеевич,прапорщик,8,41
Яковлев Александр Сергеевич,полковник,5,20
Орлов Андрей Сергеевич,прапорщик,1,24
Кочергин Денис Романович,лейтенант,8,34
Лебедев Александр Сергеевич,полковник,10,51
Смирнов Павел Ильич,полковник,3,42
Кочергин Кирилл Юрьевич,сержант,11,51
Никитин Максим Ильич,лейтенант,7,40
Михайлов Павел Сергеевич,рядовой,5,52
Лебедев Евгений Кириллович,полковник,3,56
Попов Илья Кириллович,полковник,8,60
Лебедев Александр Алексеевич,прапорщик,5,22
Соловьёв Константин Михайлович,капитан,7,18
Павлов Максим Сергеевич,полковник,12,34
Новиков Степан Юрьевич,капитан,10,19
Андреев Алексей Дмитриевич,рядовой,8,43
Степанов Степан Ильич,рядовой,8,57
Смирнов Виктор Андреевич,полковник,8,21
Яковлев Михаил Максимович,рядовой,4,23
Зайцев Олег Сергеевич,майор,2,50
Соловьёв Олег Максимович,лейтенант,2,32
Соколов Павел Александрович,лейтенант,6,48
Петров Михаил Сергеевич,прапорщик,6,56
Никитин Олег Михайлович,капитан,7,44
Павлов Максим Викторович,сержант,8,45
Николаев Денис Михайлович,рядовой,7,30
Семёнов Александр Сергеевич,полковник,5,19
Егоров Егор Александрович,майор,8,46
Борисов Максим Андреевич,капитан,6,54
Сидоров Максим Иванович,полковник,11,50
Новиков Егор Иванович,майор,10,47
Степанов Павел Никитич,рядовой,12,24
Новиков Алексей Ильич,лейтенант,4,32
Иванов Иван Сергеевич,прапорщик,7,25
Егоров Дмитрий Максимович,сержант,6,58
Алексеев Михаил Романович,прапорщик,7,28
Яковлев Константин Павлович,рядовой,5,37
Соловьёв Алексей Сергеевич,капитан,5,57
Зайцев Павел Максимович,рядовой,1,51
Васильев Сергей Романович,майор,11,31
Степанов Сергей Романович,полковник,9,41
Макаров Денис Ильич,рядовой,2,30
Борисов Олег Алексеевич,прапорщик,8,44
Борисов Максим Максимович,лейтенант,1,43
Егоров Максим Михайлович,лейтенант,11,35
Никитин Андрей Михайлович,полковник,10,44
Николаев Степан Романович,капитан,4,43
Егоров Евгений Кириллович,полковник,3,38
Попов Юрий Сергеевич,полковник,8,57
Фёдоров Константин Павлович,капитан,4,58
Никитин Егор Викторович,рядовой,7,45
Морозов Степан Сергеевич,полковник,2,27
Кузнецов Константин Ильич,сержант,3,41
Иванов Максим Максимович,лейтенант,8,58
Петров Никита Романович,полковник,7,24
Никитин Алексей Андреевич,сержант,3,18
Зайцев Алексей Олегович,сержант,7,43
Никитин Максим Викторович,капитан,12,39
Макаров Артём Иванович,полковник,10,31
Иванов Матвей Павлович,рядовой,3,33
Кочергин Иван Юрьевич,прапорщик,10,55
Семёнов Степан Андреевич,майор,4,33
Николаев Илья Алексеевич,полковник,8,35
Борисов Константин Никитич,рядовой,3,55
Кочергин Егор Никитич,лейтенант,8,22
Зайцев Павел Романович,капитан,3,56
Степанов Юрий Кириллович,полковник,8,55
Кочергин Андрей Павлович,прапорщик,5,40
Никитин Никита Павлович,рядовой,5,37
Новиков Иван Ильич,прапорщик,3,18
Морозов Юрий Олегович,лейтенант,10,39
Орлов Никита Алексеевич,майор,9,23
Иванов Максим Максимович,майор,5,34
Васильев Андрей Алексеевич,капитан,12,29
Петров Кирилл Кириллович,полковник,8,28
Новиков Роман Михайлович,капитан,9,49
Новиков Иван Алексеевич,рядовой,4,49
Кузнецов Михаил Юрьевич,лейтенант,3,45
Павлов Олег Александрович,лейтенант,12,49
Козлов Юрий Никитич,полковник,5,26
Соколов Максим Максимович,полковник,4,26
Яковлев Михаил Александрович,полковник,10,36
Попов Сергей Романович,рядовой,6,22
Егоров Александр Викторович,прапорщик,7,31
Смирнов Павел Сергеевич,лейтенант,7,42
Захаров Сергей Алексеевич,капитан,8,47
Алексеев Степан Андреевич,рядовой,2,57
Орлов Дмитрий Александрович,полковник,7,44
Лебедев Дмитрий Иванович,капитан,9,40
Кочергин Кирилл Ильич,майор,1,56
Николаев Михаил Андреевич,капитан,9,58
Степанов Артём Ильич,рядовой,6,51
Зайцев Денис Иванович,лейтенант,4,50
Павлов Роман Павлович,рядовой,12,44
Смирнов Олег Павлович,прапорщик,11,34
Зайцев Александр Алексеевич,капитан,10,53
Петров Никита Юрьевич,полковник,3,41
Попов Алексей Максимович,прапорщик,10,48
Никитин Юрий Павлович,прапорщик,4,36
Кочергин Кирилл Иванович,капитан,12,22
Морозов Денис Дмитриевич,прапорщик,9,19
Кузнецов Роман Андреевич,лейтенант,6,50
Яковлев Виктор Никитич,майор,10,34
Соловьёв Евгений Юрьевич,лейтенант,10,31
Сидоров Иван Дмитриевич,майор,10,50
Никитин Степан Никитич,прапорщик,11,38
Васильев Андрей Ильич,прапорщик,9,47
Соколов Илья Романович,рядовой,5,42
Кочергин Юрий Михайлович,майор,1,37
Павлов Павел Павлович,капитан,10,21
Соколов Евгений Иванович,майор,3,45
Макаров Иван Александрович,майор,8,20
Борисов Олег Максимович,майор,11,52
Фёдоров Олег Викторович,лейтенант,2,37
Сидоров Юрий Максимович,рядовой,3,38
Захаров Кирилл Максимович,капитан,11,31
Семёнов Иван Никитич,сержант,9,43
Степанов Денис Романович,рядовой,9,30
Павлов Александр Кириллович,майор,6,21
Орлов Денис Юрьевич,прапорщик,5,38
Павлов Сергей Кириллович,прапорщик,11,56
Борисов Евгений Романович,сержант,6,21
Иванов Никита Иванович,майор,8,33
Соловьёв Михаил Павлович,рядовой,9,33
Смирнов Денис Юрьевич,прапорщик,11,21
Морозов Кирилл Павлович,капитан,7,50
Иванов Юрий Александрович,сержант,1,31
Макаров Артём Викторович,лейтенант,12,33
Васильев Александр Кириллович,прапорщик,7,45
Борисов Артём Юрьевич,прапорщик,2,19
Никитин Алексей Кириллович,полковник,11,40
Петров Михаил Кириллович,прапорщик,4,28
Орлов Максим Павлович,майор,11,40
Николаев Олег Романович,сержант,10,47
Никитин Артём Иванович,прапорщик,4,30
Николаев Андрей Кириллович,майор,5,48
Лебедев Олег Павлович,майор,6,39
Соколов Никита Алексеевич,лейтенант,5,45
Петров Матвей Кириллович,полковник,1,36
Новиков Артём Кириллович,майор,8,42
Сидоров Павел Юрьевич,прапорщик,6,37
Петров Евгений Андреевич,лейтенант,8,52
Морозов Иван Ильич,прапорщик,1,29
Орлов Константин Александрович,прапорщик,12,40
Фёдоров Евгений Викторович,сержант,12,42
Сидоров Степан Павлович,сержант,1,36
Иванов Денис Олегович,капитан,5,47
Кузнецов Виктор Кириллович,сержант,11,24
Орлов Александр Андреевич,прапорщик,3,54
Петров Виктор Юрьевич,рядовой,7,58
Орлов Виктор Алексеевич,лейтенант,12,40
Андреев Егор Андреевич,лейтенант,5,25
Алексеев Максим Сергеевич,рядовой,8,38
Никитин Илья Максимович,сержант,4,19
Попов Дмитрий Викторович,рядовой,7,18
Смирнов Иван Алексеевич,полковник,5,39
Никитин Матвей Павлович,сержант,11,48
Павлов Кирилл Олегович,майор,10,47
Борисов Иван Ильич,майор,9,36
Соловьёв Денис Юрьевич,полковник,9,56
Петров Максим Романович,майор,2,33
Зайцев Максим Викторович,лейтенант,6,27
Соколов Павел Максимович,прапорщик,9,28
Яковлев Егор Викторович,сержант,4,36
Кочергин Матвей Дмитриевич,полковник,1,36
Иванов Артём Александрович,сержант,3,48
Захаров Олег Олегович,прапорщик,2,44
Фёдоров Александр Никитич,прапорщик,10,32
Попов Михаил Ильич,прапорщик,1,43
Соловьёв Сергей Максимович,сержант,6,51
Алексеев Олег Романович,сержант,7,46
Новиков Максим Павлович,майор,7,40
Козлов Олег Дмитриевич,майор,12,25
Алексеев Сергей Максимович,сержант,4,37
Алексеев Евгений Иванович,полковник,11,42
Борисов Павел Михайлович,полковник,6,55
Никитин Степан Дмитриевич,лейтенант,2,47
Кочергин Илья Андреевич,лейтенант,5,53
Николаев Евгений Кириллович,сержант,11,59
Иванов Михаил Алексеевич,прапорщик,2,39
Петров Кирилл Юрьевич,рядовой,9,39
Степанов Виктор Александрович,рядовой,11,26
Степанов Степан Максимович,майор,11,46
Соколов Кирилл Сергеевич,рядовой,1,40
Борисов Роман Иванович,капитан,7,51
Кузнецов Денис Алексеевич,полковник,12,37
Лебедев Илья Сергеевич,прапорщик,11,29
Орлов Михаил Иванович,капитан,9,31
Захаров Александр Александрович,капитан,11,27
Лебедев Роман Викторович,капитан,2,35
Кочергин Олег Иванович,лейтенант,12,26
Кузнецов Олег Юрьевич,прапорщик,10,24
Кузнецов Кирилл Никитич,полковник,4,31
Попов Илья Максимович,прапорщик,5,34
Орлов Степан Никитич,прапорщик,9,59
Орлов Андрей Павлович,полковник,11,53
Козлов Михаил Дмитриевич,прапорщик,9,49
Егоров Максим Андреевич,лейтенант,7,29
Фёдоров Олег Алексеевич,лейтенант,2,23
Сидоров Роман Иванович,рядовой,10,51
Павлов Михаил Алексеевич,майор,5,19
Яковлев Денис Сергеевич,капитан,11,18
Новиков Сергей Максимович,майор,3,18
Егоров Илья Никитич,рядовой,3,28
Егоров Олег Иванович,полковник,3,38
Алексеев Роман Викторович,полковник,9,32
Смирнов Илья Сергеевич,лейтенант,5,36
Макаров Евгений Александрович,полковник,9,31
Козлов Матвей Юрьевич,лейтенант,4,41
Фёдоров Дмитрий Ильич,майор,7,20
Новиков Юрий Михайлович,прапорщик,9,18
Зайцев Кирилл Викторович,прапорщик,2,47
Козлов Виктор Максимович,прапорщик,5,60
Иванов Александр Алексеевич,майор,10,28
Сидоров Матвей Никитич,майор,11,38
Семёнов Денис Олегович,полковник,9,36
Захаров Егор Викторович,прапорщик,3,20
Фёдоров Матвей Дмитриевич,капитан,9,52
Кузнецов Алексей Дмитриевич,майор,2,52
Алексеев Александр Олегович,капитан,8,32
Сидоров Никита Никитич,майор,10,38
Орлов Константин Ильич,майор,3,50
Андреев Юрий Михайлович,рядовой,9,55
Козлов Олег Ильич,капитан,5,59
Петров Павел Максимович,полковник,11,24
Зайцев Иван Олегович,полковник,6,26
Орлов Михаил Иванович,рядовой,12,45
Николаев Юрий Александрович,полковник,10,43
Степанов Артём Кириллович,рядовой,2,42
Николаев Алексей Максимович,сержант,6,31
Никитин Павел Кириллович,майор,1,48
Васильев Кирилл Романович,сержант,6,33
Кочергин Егор Андреевич,прапорщик,12,50
Петров Никита Александрович,сержант,6,55
Соловьёв Матвей Павлович,рядовой,6,42
Соколов Матвей Кириллович,рядовой,7,60
Иванов Виктор Александрович,прапорщик,2,21
Борисов Виктор Павлович,лейтенант,5,57
Захаров Никита Александрович,майор,9,34
Козлов Максим Дмитриевич,сержант,2,48
Андреев Роман Иванович,полковник,2,52
Соловьёв Александр Павлович,прапорщик,10,34
Степанов Матвей Никитич,рядовой,3,58
Козлов Сергей Романович,лейтенант,6,32
Михайлов Иван Александрович,майор,3,58
Иванов Никита Михайлович,капитан,8,36
Степанов Никита Никитич,лейтенант,11,42
Лебедев Роман Романович,полковник,9,19
Морозов Артём Сергеевич,капитан,6,40
Лебедев Михаил Ильич,капитан,9,27
Орлов Юрий Викторович,майор,11,33
Новиков Кирилл Алексеевич,прапорщик,12,30
Сидоров Илья Викторович,рядовой,10,53
Егоров Роман Александрович,лейтенант,5,22
Зайцев Роман Викторович,прапорщик,3,27
Соловьёв Роман Павлович,сержант,7,48
Морозов Павел Павлович,прапорщик,4,37
Козлов Константин Кириллович,сержант,6,37
Иванов Виктор Алексеевич,полковник,1,50
Зайцев Матвей Михайлович,майор,7,36
Алексеев Денис Иванович,полковник,2,32
Егоров Матвей Кириллович,майор,5,31
Зайцев Константин Олегович,рядовой,5,54
Петров Александр Юрьевич,полковник,10,24
Семёнов Егор Викторович,сержант,11,37
Никитин Артём Романович,сержант,10,18
Козлов Степан Максимович,майор,5,40
Егоров Александр Юрьевич,майор,9,43
Степанов Дмитрий Сергеевич,полковник,12,44
Соколов Матвей Ильич,прапорщик,5,54
Соколов Денис Михайлович,прапорщик,10,45
Лебедев Роман Юрьевич,прапорщик,3,59
Морозов Никита Никитич,полковник,10,22
Кочергин Сергей Иванович,прапорщик,9,39
Егоров Алексей Викторович,сержант,2,50
Смирнов Виктор Дмитриевич,майор,2,49
Фёдоров Роман Дмитриевич,капитан,10,26
Морозов Алексей Романович,рядовой,2,60
Петров Константин Александрович,прапорщик,2,38
Никитин Дмитрий Юрьевич,сержант,12,47
Попов Александр Дмитриевич,лейтенант,11,35
Морозов Александр Павлович,полковник,5,39
Новиков Андрей Иванович,капитан,5,45
Макаров Матвей Никитич,майор,10,51
Орлов Виктор Олегович,лейтенант,4,50
Новиков Михаил Павлович,капитан,12,22
Новиков Виктор Дмитриевич,майор,2,29
Семёнов Александр Алексеевич,майор,12,29
Егоров Андрей Павлович,полковник,8,43
Кузнецов Роман Александрович,рядовой,3,27
Николаев Павел Александрович,прапорщик,1,29
Кузнецов Алексей Никитич,рядовой,10,60
Фёдоров Степан Олегович,лейтенант,5,32
Кузнецов Роман Романович,прапорщик,4,53
Егоров Роман Дмитриевич,сержант,3,56
Захаров Никита Дмитриевич,лейтенант,9,60
Соколов Роман Олегович,лейтенант,4,21
Лебедев Андрей Иванович,капитан,11,46
Кочергин Виктор Ильич,майор,1,56
Борисов Иван Никитич,сержант,8,30
Морозов Виктор Александрович,рядовой,4,37
Кузнецов Матвей Дмитриевич,капитан,10,24
Егоров Иван Викторович,прапорщик,2,29
Кузнецов Дмитрий Александрович,рядовой,4,30
Захаров Константин Андреевич,прапорщик,1,25
Захаров Иван Никитич,прапорщик,4,52
Морозов Илья Романович,сержант,10,28
Зайцев Юрий Павлович,капитан,3,52
Макаров Никита Алексеевич,рядовой,7,41
Захаров Виктор Сергеевич,сержант,2,59
Михайлов Дмитрий Александрович,рядовой,10,48
Борисов Артём Александрович,лейтенант,6,59
Сидоров Дмитрий Андреевич,сержант,11,49
Кочергин Максим Александрович,майор,9,55
Борисов Максим Юрьевич,лейтенант,6,50
Алексеев Степан Олегович,капитан,4,29
Васильев Виктор Максимович,сержант,3,25
Петров Сергей Иванович,прапорщик,3,48
Лебедев Олег Олегович,полковник,10,49
Зайцев Максим Олегович,майор,5,28
Смирнов Юрий Максимович,полковник,7,56
Зайцев Евгений Ильич,сержант,5,19
Петров Алексей Павлович,капитан,2,19
Алексеев Илья Никитич,прапорщик,11,23
Петров Максим Андреевич,майор,2,25
Попов Никита Викторович,капитан,8,52
Борисов Денис Андреевич,майор,6,18
Попов Олег Олегович,рядовой,3,50
Николаев Павел Ильич,майор,5,56
Кузнецов Роман Максимович,рядовой,2,31
Яковлев Евгений Сергеевич,прапорщик,5,51
Сидоров Илья Иванович,рядовой,8,47
Соловьёв Алексей Иванович,рядовой,10,51
Попов Кирилл Дмитриевич,рядовой,9,23
Алексеев Евгений Александрович,майор,3,24
Семёнов Андрей Дмитриевич,сержант,8,46
Смирнов Роман Дмитриевич,полковник,8,51
Лебедев Константин Сергеевич,лейтенант,10,43
Макаров Кирилл Викторович,прапорщик,4,57
Фёдоров Степан Андреевич,капитан,6,38
Смирнов Денис Алексеевич,капитан,8,19
Иванов Евгений Максимович,полковник,7,31
Михайлов Иван Викторович,сержант,1,38
Семёнов Степан Иванович,лейтенант,12,19
Зайцев Денис Иванович,майор,2,58
Фёдоров Денис Ильич,лейтенант,3,29
Егоров Илья Михайлович,прапорщик,11,33
Новиков Степан Михайлович,майор,11,41
Сидоров Алексей Михайлович,лейтенант,7,56
Егоров Денис Максимович,сержант,6,57
Михайлов Артём Юрьевич,рядовой,4,45
Смирнов Матвей Алексеевич,прапорщик,11,48
Павлов Андрей Олегович,капитан,11,59
Иванов Дмитрий Дмитриевич,капитан,9,53
Иванов Александр Павлович,лейтенант,12,39
Никитин Сергей Юрьевич,лейтенант,6,41
Алексеев Матвей Кириллович,рядовой,8,18
Борисов Дмитрий Ильич,сержант,6,33
Смирнов Илья Александрович,майор,10,20
Кузнецов Андрей Дмитриевич,сержант,10,40
Васильев Артём Никитич,капитан,1,48
Захаров Степан Романович,майор,2,25
Степанов Матвей Никитич,прапорщик,2,28
Михайлов Михаил Викторович,капитан,11,48
Кузнецов Виктор Викторович,полковник,10,59
Степанов Кирилл Кириллович,прапорщик,7,43
Кузнецов Алексей Юрьевич,рядовой,1,51
Соловьёв Алексей Викторович,сержант,9,48
Семёнов Алексей Михайлович,прапорщик,10,40
Васильев Иван Александрович,полковник,9,45
Смирнов Дмитрий Иванович,рядовой,4,33
Борисов Константин Андреевич,прапорщик,4,25
Зайцев Юрий Олегович,рядовой,2,29
Макаров Сергей Дмитриевич,прапорщик,10,53
Соловьёв Егор Александрович,капитан,2,29
Кузнецов Михаил Юрьевич,капитан,8,53
Петров Константин Александрович,сержант,8,37
Сидоров Артём Иванович,лейтенант,8,45
Соколов Павел Дмитриевич,лейтенант,4,40
Никитин Олег Павлович,полковник,9,38
Иванов Матвей Юрьевич,полковник,7,33
Борисов Дмитрий Алексеевич,сержант,6,33
Новиков Павел Андреевич,майор,4,26
Петров Александр Иванович,капитан,7,47
Кочергин Павел Алексеевич,капитан,11,23
Фёдоров Степан Михайлович,полковник,5,38
Михайлов Олег Викторович,капитан,2,31
Иванов Егор Иванович,сержант,1,43
Андреев Кирилл Ильич,рядовой,1,39
Павлов Константин Александрович,лейтенант,6,42
Павлов Юрий Романович,лейтенант,2,37
Яковлев Олег Александрович,сержант,9,56
Соловьёв Олег Сергеевич,сержант,9,45
Петров Денис Викторович,прапорщик,10,31
Семёнов Степан Александрович,лейтенант,3,18
Николаев Роман Викторович,сержант,7,23
Алексеев Евгений Сергеевич,полковник,11,44
Павлов Михаил Дмитриевич,сержант,6,32
Кузнецов Иван Павлович,сержант,10,49
Петров Илья Максимович,полковник,11,37
Николаев Кирилл Андреевич,рядовой,11,30
Петров Олег Кириллович,полковник,10,28
Егоров Павел Никитич,рядовой,2,28
Смирнов Роман Сергеевич,сержант,4,59
Яковлев Виктор Максимович,капитан,5,30
Васильев Павел Александрович,прапорщик,9,46
Павлов Александр Дмитриевич,капитан,6,40
Лебедев Егор Романович,сержант,6,59
Николаев Матвей Михайлович,прапорщик,7,29
Орлов Роман Кириллович,прапорщик,3,60
Кузнецов Кирилл Дмитриевич,сержант,8,55
Кузнецов Олег Юрьевич,прапорщик,11,59
Яковлев Илья Михайлович,сержант,5,41
Захаров Сергей Ильич,капитан,4,27
Егоров Дмитрий Павлович,лейтенант,3,43
Морозов Андрей Иванович,майор,4,28
Орлов Илья Иванович,полковник,9,50
Попов Дмитрий Александрович,лейтенант,1,47
Семёнов Андрей Андреевич,сержант,4,20
Захаров Павел Юрьевич,полковник,9,50
Алексеев Алексей Викторович,капитан,11,22
Павлов Кирилл Кириллович,сержант,2,43
Степанов Максим Сергеевич,сержант,12,51
Соколов Максим Дмитриевич,лейтенант,12,40
Захаров Виктор Иванович,прапорщик,3,54
Фёдоров Матвей Иванович,лейтенант,11,29
Орлов Артём Андреевич,рядовой,5,37
Иванов Андрей Дмитриевич,рядовой,8,56
Фёдоров Алексей Олегович,полковник,2,36
Смирнов Никита Андреевич,лейтенант,11,60
Орлов Кирилл Никитич,сержант,7,20
Фёдоров Максим Сергеевич,майор,5,37
Морозов Юрий Александрович,полковник,10,35
Зайцев Андрей Юрьевич,прапорщик,9,21
Козлов Михаил Никитич,рядовой,12,29
Морозов Константин Ильич,полковник,5,45
Петров Иван Максимович,прапорщик,12,45
Кочергин Денис Дмитриевич,полковник,3,25
Семёнов Михаил Андреевич,прапорщик,12,19
Новиков Степан Максимович,полковник,4,30
Яковлев Константин Михайлович,лейтенант,4,41
Васильев Олег Александрович,прапорщик,1,40
Алексеев Павел Олегович,прапорщик,3,39
Смирнов Кирилл Сергеевич,рядовой,8,41
Сидоров Артём Алексеевич,майор,6,40
Борисов Никита Сергеевич,капитан,12,20
Лебедев Илья Максимович,лейтенант,2,39
Новиков Олег Кириллович,рядовой,11,55
Петров Михаил Павлович,рядовой,2,50
Морозов Матвей Викторович,сержант,9,51
Иванов Иван Викторович,прапорщик,5,23
Егоров Денис Александрович,рядовой,2,52
Петров Роман Иванович,сержант,7,43
Сидоров Евгений Александрович,рядовой,7,44
Семёнов Виктор Максимович,прапорщик,6,43
Сидоров Кирилл Максимович,полковник,12,42
Михайлов Никита Юрьевич,прапорщик,3,38
Захаров Денис Максимович,лейтенант,3,60
Кочергин Максим Ильич,прапорщик,9,57
Алексеев Кирилл Михайлович,лейтенант,2,32
Андреев Павел Александрович,лейтенант,12,44
Андреев Михаил Кириллович,сержант,1,48
Смирнов Артём Максимович,прапорщик,7,47
Попов Артём Романович,майор,7,24
Макаров Павел Алексеевич,прапорщик,11,25
Кузнецов Константин Викторович,рядовой,11,44
Семёнов Андрей Сергеевич,лейтенант,1,47
Кочергин Виктор Кириллович,лейтенант,4,22
Никитин Иван Павлович,лейтенант,11,45
Фёдоров Матвей Алексеевич,рядовой,9,52
Васильев Алексей Ильич,полковник,4,42
Смирнов Егор Михайлович,прапорщик,9,19
Морозов Павел Алексеевич,полковник,7,38
Васильев Александр Иванович,сержант,7,26
Васильев Андрей Максимович,капитан,10,21
Соколов Михаил Александрович,прапорщик,5,60
Николаев Павел Сергеевич,прапорщик,8,38
Михайлов Максим Михайлович,рядовой,7,35
Петров Алексей Павлович,сержант,7,39
Кочергин Роман Александрович,сержант,1,46
Морозов Александр Никитич,капитан,9,18
Зайцев Дмитрий Никитич,сержант,2,21
Морозов Андрей Павлович,капитан,11,47
Андреев Александр Олегович,капитан,2,58
Андреев Михаил Сергеевич,капитан,2,22
Никитин Алексей Максимович,капитан,11,18
Никитин Степан Максимович,сержант,6,30
Новиков Егор Никитич,капитан,6,52
Иванов Иван Максимович,сержант,7,56
Смирнов Матвей Кириллович,капитан,7,51
Лебедев Андрей Викторович,сержант,2,24
Морозов Егор Юрьевич,полковник,4,54
Фёдоров Иван Юрьевич,капитан,2,28
Кузнецов Илья Сергеевич,сержант,6,51
Орлов Андрей Романович,полковник,6,42
Егоров Павел Иванович,полковник,4,37
Павлов Сергей Михайлович,полковник,2,46
Кузнецов Алексей Дмитриевич,сержант,6,58
Захаров Егор Михайлович,прапорщик,3,35
Орлов Павел Юрьевич,сержант,9,42
Орлов Илья Сергеевич,полковник,6,24
Андреев Александр Максимович,прапорщик,11,55
Соколов Никита Дмитриевич,рядовой,9,52
Никитин Константин Алексеевич,прапорщик,8,53
Фёдоров Дмитрий Павлович,сержант,2,39
Соколов Олег Олегович,рядовой,4,20
Егоров Иван Кириллович,сержант,7,32
Соколов Никита Александрович,капитан,2,36
Алексеев Константин Павлович,прапорщик,6,34
Иванов Евгений Сергеевич,прапорщик,7,45
Орлов Артём Кириллович,сержант,2,48
Петров Сергей Ильич,майор,2,55
Орлов Андрей Викторович,капитан,12,20
Орлов Матвей Дмитриевич,капитан,9,38
Павлов Константин Кириллович,лейтенант,7,40
Кочергин Денис Сергеевич,майор,1,48
Сидоров Сергей Кириллович,капитан,11,32
Новиков Матвей Сергеевич,майор,11,49
Новиков Иван Кириллович,майор,10,53
Козлов Сергей Викторович,лейтенант,8,19
Захаров Максим Дмитриевич,майор,7,29
Лебедев Андрей Юрьевич,полковник,12,44
Новиков Илья Михайлович,капитан,11,54
Васильев Егор Кириллович,сержант,4,22
Михайлов Матвей Иванович,сержант,3,52
Алексеев Александр Кириллович,капитан,6,56
Зайцев Иван Михайлович,майор,10,45
Борисов Виктор Алексеевич,прапорщик,11,29
Павлов Матвей Никитич,полковник,1,19
Кочергин Евгений Павлович,полковник,7,23
Егоров Михаил Павлович,сержант,11,34
Козлов Артём Романович,капитан,12,38
Попов Кирилл Юрьевич,капитан,4,57
Сидоров Юрий Максимович,сержант,10,28
Соловьёв Денис Сергеевич,капитан,12,48
Петров Юрий Юрьевич,прапорщик,7,31
Кузнецов Кирилл Олегович,майор,9,48
Николаев Юрий Викторович,майор,4,22
Егоров Иван Олегович,капитан,11,28
Морозов Максим Максимович,майор,10,50
Николаев Сергей Викторович,лейтенант,4,21
Новиков Евгений Михайлович,полковник,5,34
Иванов Егор Михайлович,прапорщик,7,40
Никитин Иван Ильич,рядовой,6,49
Павлов Матвей Викторович,прапорщик,3,48
Соловьёв Матвей Иванович,рядовой,8,27
Семёнов Андрей Павлович,прапорщик,6,37
Егоров Кирилл Ильич,полковник,8,44
Захаров Степан Дмитриевич,сержант,8,26
Захаров Михаил Андреевич,прапорщик,8,57
Борисов Иван Сергеевич,прапорщик,6,55
Яковлев Юрий Кириллович,полковник,7,35
Петров Егор Юрьевич,полковник,5,36
Сидоров Степан Юрьевич,майор,7,48
Новиков Александр Юрьевич,лейтенант,1,26
Павлов Андрей Олегович,капитан,10,53
Егоров Матвей Андреевич,капитан,11,22
Иванов Кирилл Юрьевич,прапорщик,7,54
Морозов Виктор Викторович,капитан,12,29
Орлов Константин Ильич,полковник,9,22
Никитин Константин Алексеевич,прапорщик,3,53
Петров Александр Ильич,полковник,12,30
Яковлев Никита Иванович,майор,7,31
Попов Виктор Алексеевич,прапорщик,11,18
Андреев Артём Иванович,майор,2,42
Зайцев Юрий Ильич,сержант,5,45
Васильев Александр Михайлович,капитан,10,24
Андреев Илья Михайлович,рядовой,8,26
Михайлов Кирилл Андреевич,капитан,9,56
Михайлов Роман Юрьевич,майор,8,40
Соловьёв Александр Никитич,рядовой,10,56
Кузнецов Денис Михайлович,прапорщик,4,23
Яковлев Евгений Викторович,полковник,4,26
Андреев Егор Андреевич,прапорщик,12,32
Козлов Андрей Сергеевич,сержант,5,29
Степанов Евгений Дмитриевич,сержант,9,49
Яковлев Кирилл Александрович,капитан,7,24
Павлов Алексей Иванович,капитан,5,60
Степанов Кирилл Кириллович,капитан,11,20
Петров Виктор Иванович,майор,3,43
Кочергин Юрий Дмитриевич,сержант,1,54
Фёдоров Юрий Дмитриевич,полковник,2,53
Никитин Иван Михайлович,майор,5,45
Макаров Дмитрий Викторович,лейтенант,9,50
Степанов Константин Максимович,лейтенант,2,50
Орлов Юрий Михайлович,лейтенант,10,43
Захаров Олег Никитич,майор,6,55
Попов Павел Сергеевич,лейтенант,12,28
Егоров Максим Максимович,рядовой,7,51
Васильев Михаил Михайлович,лейтенант,5,44
Васильев Юрий Дмитриевич,рядовой,4,22
Андреев Никита Романович,прапорщик,7,59
Фёдоров Артём Сергеевич,рядовой,2,37
Зайцев Кирилл Ильич,сержант,6,20
Новиков Кирилл Ильич,капитан,11,44
Орлов Илья Никитич,лейтенант,7,35
Степанов Андрей Андреевич,капитан,11,36
Никитин Роман Алексеевич,прапорщик,2,18
Макаров Степан Иванович,сержант,1,18
Степанов Константин Ильич,сержант,10,39
Соколов Юрий Олегович,майор,12,50
Попов Константин Максимович,полковник,11,32
Кочергин Юрий Дмитриевич,майор,10,51
Николаев Иван Никитич,майор,10,26
Кочергин Виктор Олегович,лейтенант,5,31
Морозов Денис Павлович,рядовой,8,38
Фёдоров Александр Никитич,прапорщик,2,55
Павлов Матвей Максимович,сержант,12,51
Борисов Алексей Юрьевич,лейтенант,6,58
Яковлев Михаил Андреевич,прапорщик,3,52
Иванов Артём Максимович,капитан,10,53
Орлов Виктор Иванович,капитан,3,53
Семёнов Иван Максимович,рядовой,1,56
Фёдоров Матвей Максимович,майор,1,25
Захаров Кирилл Романович,сержант,4,38
Макаров Евгений Александрович,капитан,10,35
Кузнецов Юрий Павлович,рядовой,1,41
Попов Кирилл Ильич,майор,5,26
Морозов Олег Алексеевич,рядовой,4,51
Смирнов Андрей Иванович,капитан,2,53
Новиков Александр Максимович,сержант,9,18
Борисов Евгений Викторович,лейтенант,12,22
Смирнов Егор Юрьевич,лейтенант,7,45
Захаров Михаил Максимович,сержант,7,43
Попов Олег Максимович,прапорщик,6,50
Макаров Сергей Михайлович,капитан,6,30
Попов Никита Романович,сержант,4,32
Павлов Константин Андреевич,рядовой,9,25
Алексеев Матвей Никитич,майор,7,21
Макаров Андрей Кириллович,рядовой,5,37
Орлов Алексей Михайлович,капитан,12,39
Лебедев Иван Михайлович,рядовой,6,57
Яковлев Матвей Андреевич,майор,1,31
Борисов Матвей Сергеевич,сержант,5,46
Попов Виктор Александрович,капитан,11,33
Егоров Илья Сергеевич,лейтенант,1,30
Кочергин Дмитрий Александрович,полковник,11,59
Кузнецов Артём Ильич,сержант,4,56
Орлов Дмитрий Андреевич,лейтенант,3,57
Захаров Евгений Сергеевич,сержант,11,20
Семёнов Илья Андреевич,рядовой,11,36
Зайцев Кирилл Олегович,лейтенант,1,35
Семёнов Роман Романович,сержант,4,39
Степанов Алексей Кириллович,капитан,12,34
Егоров Константин Андреевич,рядовой,4,20
Андреев Олег Павлович,лейтенант,8,35
Козлов Роман Михайлович,прапорщик,11,29
Андреев Степан Иванович,полковник,10,43
Кочергин Алексей Олегович,рядовой,1,23
Захаров Артём Викторович,прапорщик,5,51
Васильев Александр Сергеевич,лейтенант,4,58
Орлов Евгений Кириллович,капитан,7,29
Сидоров Павел Андреевич,сержант,12,39
Фёдоров Егор Юрьевич,прапорщик,3,29
Новиков Егор Викторович,полковник,6,56
Соколов Константин Павлович,прапорщик,6,56
Павлов Максим Иванович,сержант,4,23
Яковлев Степан Александрович,полковник,11,51
Орлов Юрий Дмитриевич,лейтенант,4,19
Яковлев Денис Никитич,капитан,4,37
Яковлев Дмитрий Максимович,майор,2,58
Борисов Михаил Дмитриевич,лейтенант,6,43
Васильев Виктор Никитич,полковник,8,39
Кочергин Евгений Ильич,полковник,9,57
Михайлов Матвей Викторович,сержант,9,36
Сидоров Кирилл Александрович,рядовой,6,42
Соколов Матвей Олегович,рядовой,10,44
Зайцев Олег Иванович,майор,3,42
Соколов Артём Дмитриевич,капитан,11,24
Смирнов Александр Андреевич,лейтенант,9,45
Николаев Матвей Юрьевич,капитан,9,49
Соловьёв Илья Михайлович,рядовой,10,45
Иванов Олег Дмитриевич,майор,9,38
Борисов Егор Александрович,сержант,5,31
Лебедев Роман Юрьевич,сержант,7,52
Сидоров Роман Викторович,рядовой,8,54
Новиков Артём Сергеевич,лейтенант,2,39
Сидоров Юрий Михайлович,рядовой,5,33
Иванов Артём Викторович,лейтенант,5,32
Павлов Матвей Кириллович,лейтенант,4,44
Семёнов Роман Андреевич,рядовой,9,49
Захаров Алексей Павлович,капитан,5,34
Иванов Сергей Алексеевич,прапорщик,12,34
Яковлев Евгений Алексеевич,полковник,5,53
Андреев Константин Павлович,рядовой,12,49
Петров Артём Иванович,лейтенант,7,59
Фёдоров Иван Александрович,сержант,1,47
Павлов Егор Романович,прапорщик,6,20
Сидоров Артём Олегович,лейтенант,6,22
Николаев Александр Александрович,капитан,6,44
Козлов Егор Дмитриевич,капитан,1,44
Алексеев Сергей Ильич,капитан,8,46
Захаров Матвей Иванович,полковник,1,34
Захаров Роман Павлович,майор,9,48
Алексеев Денис Ильич,лейтенант,6,52
Макаров Артём Иванович,капитан,8,43
Козлов Михаил Сергеевич,рядовой,1,50
Сидоров Александр Кириллович,прапорщик,7,57
Захаров Сергей Юрьевич,лейтенант,4,30
Степанов Андрей Ильич,рядовой,8,27
Петров Михаил Михайлович,рядовой,4,33
Степанов Артём Юрьевич,прапорщик,7,52
Кузнецов Артём Кириллович,рядовой,10,52
Соколов Кирилл Александрович,майор,5,49
Яковлев Артём Алексеевич,лейтенант,9,48
Фёдоров Михаил Александрович,капитан,6,53
Николаев Константин Павлович,лейтенант,2,46
Соловьёв Павел Андреевич,полковник,4,30
Морозов Илья Юрьевич,лейтенант,1,54
Яковлев Александр Олегович,сержант,8,38
Васильев Александр Алексеевич,майор,9,52
Никитин Артём Романович,рядовой,5,31
Борисов Артём Андреевич,полковник,3,43
Захаров Дмитрий Александрович,полковник,11,46
Семёнов Павел Павлович,полковник,7,42
Яковлев Егор Викторович,полковник,10,39
Степанов Денис Романович,майор,1,29
Яковлев Никита Михайлович,полковник,10,24
Морозов Иван Юрьевич,сержант,4,42
Иванов Константин Романович,рядовой,7,29
Орлов Олег Романович,рядовой,2,28
Степанов Артём Никитич,рядовой,11,45
Иванов Кирилл Алексеевич,лейтенант,4,36
Соловьёв Артём Дмитриевич,лейтенант,3,59
Васильев Иван Михайлович,сержант,8,37
Кузнецов Михаил Юрьевич,майор,11,34
Семёнов Егор Олегович,капитан,4,38
Лебедев Максим Иванович,сержант,2,37
Яковлев Алексей Никитич,прапорщик,11,38
Яковлев Максим Ильич,полковник,11,22
Захаров Андрей Викторович,майор,6,23
Степанов Илья Михайлович,прапорщик,9,59
Михайлов Артём Иванович,полковник,4,53
Смирнов Олег Иванович,прапорщик,5,52
Лебедев Сергей Кириллович,прапорщик,1,37
Кочергин Виктор Кириллович,полковник,4,24
Орлов Юрий Викторович,лейтенант,12,32
Фёдоров Матвей Максимович,прапорщик,11,27
Павлов Кирилл Сергеевич,прапорщик,8,47
Морозов Денис Андреевич,сержант,3,32
Семёнов Евгений Дмитриевич,полковник,12,21
Алексеев Виктор Никитич,прапорщик,1,20
Егоров Денис Алексеевич,полковник,11,52
Попов Иван Андреевич,лейтенант,11,59
Петров Юрий Алексеевич,капитан,5,32
Козлов Евгений Александрович,капитан,2,57
Васильев Олег Никитич,полковник,5,25
Зайцев Сергей Дмитриевич,полковник,5,26
Соловьёв Никита Павлович,рядовой,3,37
Никитин Сергей Андреевич,лейтенант,12,22
Фёдоров Матвей Олегович,майор,12,36
Козлов Андрей Кириллович,капитан,1,60
Морозов Артём Никитич,полковник,5,30
Морозов Алексей Юрьевич,рядовой,3,20
Яковлев Юрий Сергеевич,сержант,6,52
Андреев Евгений Сергеевич,полковник,4,52
Соколов Дмитрий Юрьевич,капитан,6,26
Степанов Юрий Дмитриевич,прапорщик,7,40
Фёдоров Виктор Дмитриевич,прапорщик,1,42
Зайцев Никита Иванович,рядовой,9,21
Макаров Юрий Ильич,сержант,7,32
Захаров Сергей Кириллович,рядовой,7,39
Андреев Максим Никитич,капитан,4,33
Алексеев Никита Алексеевич,рядовой,4,43
Сидоров Степан Иванович,прапорщик,10,47
Егоров Егор Никитич,майор,6,40
Петров Матвей Павлович,полковник,8,53
Михайлов Кирилл Сергеевич,сержант,7,27
Никитин Никита Юрьевич,полковник,8,32
Борисов Артём Юрьевич,прапорщик,3,25
Егоров Артём Сергеевич,капитан,12,27
Алексеев Алексей Сергеевич,капитан,4,33
Зайцев Виктор Романович,лейтенант,8,37
Андреев Максим Викторович,рядовой,3,56
Никитин Александр Сергеевич,лейтенант,12,38
Борисов Артём Александрович,капитан,4,55
Никитин Матвей Максимович,сержант,11,21
Морозов Андрей Викторович,рядовой,9,20
Петров Иван Дмитриевич,рядовой,7,30
Михайлов Иван Андреевич,майор,11,55
Петров Матвей Ильич,рядовой,6,39
Яковлев Сергей Андреевич,сержант,6,28
Козлов Егор Никитич,сержант,6,34
Кузнецов Денис Ильич,прапорщик,6,43
Борисов Иван Олегович,майор,6,49
Соколов Сергей Андреевич,лейтенант,3,19
Кочергин Иван Алексеевич,прапорщик,2,48
Попов Егор Михайлович,рядовой,9,52
Фёдоров Виктор Павлович,полковник,3,38
Андреев Виктор Викторович,лейтенант,2,26
Фёдоров Юрий Дмитриевич,прапорщик,10,38
Орлов Дмитрий Павлович,лейтенант,8,23
Орлов Виктор Ильич,сержант,4,39
Фёдоров Артём Иванович,прапорщик,4,25
Семёнов Виктор Сергеевич,полковник,10,38
Соколов Кирилл Юрьевич,полковник,3,36
Алексеев Виктор Ильич,рядовой,9,36
Сидоров Евгений Александрович,прапорщик,5,51
Семёнов Сергей Ильич,сержант,6,19
Захаров Денис Иванович,лейтенант,4,22
Васильев Дмитрий Дмитриевич,прапорщик,2,18
Васильев Константин Юрьевич,сержант,5,18
Андреев Константин Александрович,сержант,5,39
Зайцев Константин Кириллович,лейтенант,5,57
Соловьёв Юрий Дмитриевич,сержант,12,58
Семёнов Дмитрий Викторович,капитан,6,28
Кузнецов Сергей Дмитриевич,полковник,12,29
Соколов Юрий Михайлович,полковник,3,53
Яковлев Матвей Иванович,майор,2,56
Иванов Матвей Ильич,майор,12,18
Соловьёв Евгений Павлович,капитан,7,43
Петров Михаил Викторович,майор,7,53
Козлов Илья Павлович,лейтенант,3,55
Лебедев Кирилл Андреевич,рядовой,7,56
Андреев Михаил Павлович,рядовой,11,52
Павлов Дмитрий Дмитриевич,полковник,5,45
Васильев Денис Романович,майор,4,58
Козлов Илья Ильич,капитан,11,35
Алексеев Матвей Иванович,майор,1,36
Кузнецов Александр Михайлович,рядовой,7,60
Соколов Роман Олегович,рядовой,8,25
Николаев Алексей Викторович,майор,9,25
Васильев Денис Александрович,сержант,7,20
Морозов Кирилл Михайлович,лейтенант,4,39
Кочергин Егор Кириллович,сержант,11,52
Фёдоров Егор Дмитриевич,лейтенант,11,41
Васильев Егор Алексеевич,майор,4,24
Козлов Максим Кириллович,рядовой,1,52
Борисов Александр Андреевич,рядовой,6,51
Смирнов Виктор Никитич,прапорщик,11,45
Новиков Матвей Павлович,майор,2,41
Кочергин Денис Дмитриевич,майор,12,46
Орлов Михаил Иванович,майор,1,46
Егоров Егор Андреевич,сержант,9,47
Иванов Максим Сергеевич,полковник,6,40
Фёдоров Виктор Алексеевич,майор,8,19
Степанов Илья Викторович,лейтенант,9,60
Николаев Константин Андреевич,майор,7,29
Орлов Артём Ильич,прапорщик,11,37
Степанов Денис Дмитриевич,лейтенант,1,19
Попов Дмитрий Михайлович,прапорщик,3,43
Лебедев Евгений Максимович,полковник,9,30
Михайлов Артём Павлович,капитан,10,48
Макаров Степан Дмитриевич,рядовой,1,53
Соколов Кирилл Михайлович,лейтенант,3,45
Зайцев Денис Олегович,прапорщик,12,33
Алексеев Павел Романович,майор,5,47
Зайцев Денис Никитич,капитан,1,45
Никитин Максим Павлович,майор,6,30
Яковлев Кирилл Олегович,сержант,11,36
Козлов Денис Максимович,рядовой,7,53
Егоров Роман Иванович,капитан,8,54
Соловьёв Михаил Алексеевич,сержант,8,19
Соловьёв Олег Сергеевич,прапорщик,8,42
Алексеев Виктор Романович,лейтенант,7,24
Иванов Виктор Кириллович,сержант,6,31
Захаров Матвей Михайлович,лейтенант,4,18
Новиков Степан Дмитриевич,сержант,2,43
Макаров Виктор Викторович,сержант,9,38
Семёнов Сергей Максимович,рядовой,5,37
Соловьёв Илья Сергеевич,рядовой,2,26
Михайлов Степан Дмитриевич,прапорщик,8,24
Сидоров Евгений Романович,прапорщик,4,44
Зайцев Егор Павлович,прапорщик,7,35
Соколов Степан Максимович,сержант,4,51
Яковлев Алексей Дмитриевич,сержант,7,37
Михайлов Артём Александрович,капитан,1,36
Соловьёв Иван Юрьевич,полковник,4,58
Зайцев Андрей Дмитриевич,майор,6,42
Сидоров Михаил Михайлович,лейтенант,6,36
Зайцев Дмитрий Викторович,сержант,2,36
Семёнов Михаил Юрьевич,полковник,11,44
Андреев Андрей Максимович,сержант,11,28
Николаев Иван Сергеевич,полковник,9,33
Иванов Сергей Сергеевич,лейтенант,10,20
Сидоров Егор Дмитриевич,майор,6,41
Борисов Михаил Иванович,лейтенант,6,47
Сидоров Дмитрий Дмитриевич,полковник,4,51
Петров Илья Олегович,майор,5,44
Семёнов Александр Павлович,прапорщик,2,29
Зайцев Артём Максимович,капитан,7,39
Яковлев Андрей Михайлович,сержант,11,47
Борисов Виктор Никитич,майор,7,22
Иванов Александр Михайлович,прапорщик,1,56
Иванов Олег Никитич,прапорщик,2,19
Смирнов Егор Кириллович,полковник,1,41
Егоров Никита Романович,капитан,10,57
Яковлев Михаил Сергеевич,прапорщик,2,60
Морозов Юрий Михайлович,лейтенант,3,52
Соколов Павел Дмитриевич,полковник,5,30
Лебедев Алексей Олегович,сержант,1,40
Смирнов Никита Алексеевич,полковник,5,34
Кузнецов Егор Михайлович,полковник,4,57
Орлов Павел Романович,сержант,9,25
Макаров Сергей Михайлович,прапорщик,5,31
Иванов Виктор Александрович,лейтенант,2,26
Соловьёв Константин Романович,лейтенант,6,54
Кочергин Никита Сергеевич,лейтенант,6,18
Николаев Сергей Никитич,прапорщик,1,25
Андреев Павел Олегович,сержант,4,26
Зайцев Сергей Олегович,капитан,8,55
Новиков Павел Кириллович,майор,7,46
Андреев Егор Олегович,рядовой,4,60
Сидоров Андрей Иванович,полковник,1,50
Никитин Егор Никитич,сержант,9,29
Иванов Степан Иванович,сержант,11,43
Никитин Кирилл Кириллович,майор,6,45
Кузнецов Александр Сергеевич,лейтенант,10,45
Попов Михаил Михайлович,рядовой,5,49
Алексеев Иван Романович,майор,5,38
Соловьёв Виктор Ильич,рядовой,10,44
Павлов Денис Андреевич,капитан,10,50
Сидоров Евгений Алексеевич,капитан,12,45
Новиков Илья Александрович,рядовой,7,31
Кузнецов Константин Кириллович,прапорщик,3,40
Захаров Степан Максимович,полковник,4,44
Семёнов Матвей Алексеевич,рядовой,3,36
Сидоров Александр Максимович,рядовой,1,29
Иванов Андрей Павлович,прапорщик,4,58
Яковлев Дмитрий Юрьевич,полковник,9,50
Иванов Денис Ильич,рядовой,7,24
Яковлев Дмитрий Андреевич,лейтенант,1,30
Андреев Иван Кириллович,майор,6,30
Лебедев Олег Максимович,полковник,3,51
Иванов Александр Андреевич,рядовой,8,48
Козлов Андрей Романович,сержант,12,41
Алексеев Никита Александрович,майор,10,25
Иванов Артём Павлович,полковник,9,52
Иванов Степан Алексеевич,полковник,6,57
Морозов Сергей Павлович,рядовой,9,31
Попов Артём Дмитриевич,рядовой,5,20
Иванов Виктор Ильич,сержант,3,18
Соловьёв Егор Андреевич,сержант,12,49
Кузнецов Кирилл Александрович,капитан,7,53
Андреев Павел Дмитриевич,лейтенант,7,43
Новиков Иван Романович,майор,5,27
Егоров Илья Андреевич,сержант,2,18
Кузнецов Андрей Михайлович,майор,3,39
Соловьёв Степан Кириллович,капитан,11,28
Лебедев Юрий Романович,лейтенант,5,54
Козлов Сергей Александрович,капитан,8,24
Макаров Степан Михайлович,лейтенант,11,25
Захаров Дмитрий Никитич,рядовой,3,32
Новиков Андрей Андреевич,прапорщик,6,35
Соловьёв Евгений Ильич,майор,3,39
Смирнов Михаил Алексеевич,сержант,10,46
Михайлов Иван Михайлович,прапорщик,3,45
Яковлев Сергей Михайлович,лейтенант,6,45
Егоров Алексей Андреевич,сержант,10,44
Егоров Александр Романович,рядовой,7,22
Павлов Кирилл Кириллович,капитан,7,40
Макаров Дмитрий Сергеевич,лейтенант,11,31
Сидоров Юрий Дмитриевич,полковник,6,54
Яковлев Матвей Павлович,прапорщик,8,25
Егоров Никита Викторович,сержант,5,37
Николаев Дмитрий Никитич,рядовой,2,60
Петров Павел Викторович,рядовой,9,18
Яковлев Александр Алексеевич,прапорщик,9,18
Степанов Роман Олегович,капитан,5,36
Захаров Олег Викторович,капитан,11,51
Соловьёв Олег Викторович,капитан,10,39
Борисов Евгений Максимович,майор,5,18
Соловьёв Михаил Романович,капитан,10,30
Сидоров Иван Алексеевич,лейтенант,10,32
Яковлев Матвей Алексеевич,рядовой,2,22
Борисов Константин Иванович,прапорщик,4,18
Орлов Никита Олегович,рядовой,8,37
Морозов Константин Никитич,полковник,4,35
Попов Олег Викторович,лейтенант,10,34
Егоров Максим Павлович,рядовой,10,59
Морозов Константин Дмитриевич,капитан,12,33
Степанов Артём Андреевич,полковник,8,50
Козлов Сергей Максимович,рядовой,11,58
Козлов Роман Юрьевич,прапорщик,4,21
Борисов Михаил Кириллович,рядовой,4,54
Попов Евгений Иванович,полковник,8,29
Сидоров Никита Викторович,лейтенант,10,32
Орлов Евгений Романович,майор,4,23
Кузнецов Сергей Юрьевич,рядовой,4,40
Фёдоров Виктор Викторович,капитан,3,21
Сидоров Денис Никитич,рядовой,6,39
Козлов Михаил Кириллович,рядовой,7,37
Новиков Павел Романович,прапорщик,1,48
Козлов Виктор Юрьевич,сержант,12,24
Козлов Артём Ильич,полковник,7,39
Михайлов Максим Андреевич,полковник,9,52
Орлов Матвей Александрович,лейтенант,1,53
Кузнецов Роман Юрьевич,рядовой,8,19
Андреев Егор Сергеевич,майор,10,51
Яковлев Виктор Юрьевич,сержант,5,28
Алексеев Максим Олегович,полковник,2,40
Фёдоров Денис Андреевич,капитан,11,25
Смирнов Иван Алексеевич,прапорщик,9,20
Лебедев Евгений Викторович,полковник,10,30
Павлов Дмитрий Алексеевич,прапорщик,7,36
Макаров Максим Ильич,майор,2,51
Яковлев Никита Сергеевич,полковник,4,28
Смирнов Иван Олегович,лейтенант,4,36
Кузнецов Александр Викторович,полковник,9,38
Михайлов Евгений Сергеевич,сержант,3,47
Васильев Юрий Михайлович,рядовой,9,21
Орлов Егор Алексеевич,капитан,10,42
Андреев Константин Романович,сержант,9,28
Иванов Денис Дмитриевич,прапорщик,9,26
Яковлев Евгений Дмитриевич,прапорщик,2,23
Васильев Илья Павлович,сержант,6,32
Николаев Матвей Дмитриевич,рядовой,1,48
Михайлов Евгений Дмитриевич,сержант,5,57
Иванов Юрий Ильич,сержант,11,22
Никитин Денис Викторович,рядовой,6,26
Захаров Юрий Александрович,сержант,9,45
Павлов Иван Алексеевич,прапорщик,9,38
Михайлов Кирилл Андреевич,капитан,6,29
Морозов Дмитрий Алексеевич,сержант,8,44
Михайлов Алексей Михайлович,капитан,12,51
Макаров Матвей Ильич,полковник,12,37
Смирнов Артём Михайлович,майор,2,53
Никитин Степан Дмитриевич,майор,10,23
Лебедев Сергей Михайлович,майор,3,51
Соколов Илья Юрьевич,майор,6,28
Алексеев Кирилл Юрьевич,рядовой,10,25
Лебедев Денис Юрьевич,капитан,1,44
Семёнов Константин Викторович,прапорщик,4,23
Сидоров Александр Сергеевич,сержант,7,25
Соколов Андрей Кириллович,рядовой,1,53
Попов Михаил Дмитриевич,полковник,12,27
Степанов Александр Юрьевич,майор,4,50
Петров Роман Олегович,рядовой,2,19
Васильев Андрей Дмитриевич,рядовой,8,31
Новиков Роман Дмитриевич,прапорщик,5,38
Петров Степан Романович,майор,11,29
Семёнов Артём Сергеевич,майор,8,41
Сидоров Егор Александрович,лейтенант,12,43
Алексеев Олег Михайлович,капитан,11,59
Алексеев Павел Павлович,рядовой,5,33
Зайцев Константин Алексеевич,сержант,11,26
Васильев Олег Викторович,полковник,4,22
Лебедев Виктор Викторович,майор,12,43
Новиков Юрий Ильич,полковник,8,45
Захаров Роман Сергеевич,полковник,1,33
Новиков Роман Кириллович,прапорщик,7,45
Сидоров Илья Иванович,капитан,1,30
Орлов Денис Юрьевич,полковник,6,32
Соколов Константин Максимович,лейтенант,11,19
Борисов Артём Олегович,рядовой,7,49
Егоров Максим Викторович,лейтенант,12,44
Михайлов Иван Сергеевич,прапорщик,8,22
Михайлов Константин Кириллович,рядовой,3,56
Зайцев Никита Сергеевич,сержант,10,59
Кузнецов Юрий Алексеевич,майор,11,32
Сидоров Максим Дмитриевич,капитан,12,27
Алексеев Матвей Михайлович,лейтенант,10,20
Кузнецов Юрий Юрьевич,майор,7,58
Лебедев Евгений Андреевич,сержант,5,47
Алексеев Илья Александрович,прапорщик,2,26
Васильев Илья Романович,лейтенант,1,53
Орлов Алексей Ильич,сержант,12,26
Кочергин Илья Романович,лейтенант,5,53
Степанов Иван Олегович,прапорщик,9,29
Егоров Евгений Иванович,капитан,7,30
Петров Михаил Павлович,сержант,3,48
Лебедев Егор Никитич,рядовой,4,27
Кочергин Александр Андреевич,прапорщик,6,27
Никитин Егор Олегович,рядовой,2,21
Андреев Евгений Иванович,прапорщик,12,33
Иванов Егор Кириллович,лейтенант,1,32
Яковлев Алексей Иванович,капитан,7,60
Соловьёв Егор Павлович,майор,1,45
Никитин Михаил Павлович,сержант,1,33
Морозов Никита Максимович,рядовой,4,42
Егоров Павел Сергеевич,лейтенант,3,21
Смирнов Алексей Алексеевич,майор,6,31
Петров Матвей Юрьевич,сержант,7,23
Петров Константин Александрович,майор,2,56
Иванов Александр Ильич,полковник,2,59
Егоров Роман Иванович,прапорщик,10,39
Яковлев Юрий Павлович,рядовой,5,20
Васильев Евгений Иванович,майор,2,41
Смирнов Александр Никитич,капитан,1,33
Орлов Михаил Павлович,сержант,9,41
Никитин Артём Михайлович,майор,12,56
Семёнов Михаил Никитич,полковник,10,29
Михайлов Илья Олегович,полковник,5,33
Яковлев Александр Александрович,капитан,3,30
Яковлев Иван Максимович,лейтенант,7,38
Фёдоров Андрей Юрьевич,майор,5,24
Соколов Олег Олегович,прапорщик,1,31
Лебедев Сергей Иванович,сержант,11,52
Степанов Михаил Андреевич,сержант,1,35
Павлов Александр Никитич,лейтенант,1,45
Иванов Матвей Юрьевич,сержант,5,52
Захаров Денис Иванович,прапорщик,2,32
Андреев Артём Александрович,капитан,6,19
Зайцев Иван Дмитриевич,капитан,8,54
Кузнецов Степан Дмитриевич,капитан,11,21
Зайцев Иван Дмитриевич,прапорщик,3,58
Кузнецов Денис Максимович,лейтенант,5,18
Семёнов Матвей Максимович,лейтенант,1,18
Захаров Никита Сергеевич,лейтенант,12,55
Попов Виктор Олегович,лейтенант,7,52
Алексеев Андрей Алексеевич,рядовой,9,50
Михайлов Егор Романович,сержант,11,21
Николаев Никита Юрьевич,капитан,7,34
Смирнов Павел Юрьевич,полковник,1,22
Андреев Максим Кириллович,полковник,5,59
Макаров Максим Алексеевич,лейтенант,7,28
Смирнов Роман Викторович,лейтенант,5,38
Козлов Сергей Максимович,рядовой,10,46
Смирнов Артём Ильич,полковник,4,24
Борисов Олег Никитич,майор,4,58
Петров Иван Павлович,лейтенант,10,39
Михайлов Степан Максимович,полковник,1,26
Михайлов Артём Максимович,сержант,2,44
Орлов Матвей Павлович,сержант,10,46
Степанов Константин Никитич,сержант,6,42
Морозов Олег Алексеевич,майор,11,55
Борисов Степан Олегович,рядовой,1,39
Михайлов Сергей Юрьевич,лейтенант,9,18
Новиков Артём Александрович,сержант,3,38
Андреев Андрей Кириллович,майор,11,40
Зайцев Степан Ильич,майор,10,18
Кузнецов Кирилл Александрович,капитан,9,53
Смирнов Виктор Романович,сержант,4,56
Соколов Виктор Дмитриевич,капитан,1,26
Васильев Виктор Кириллович,капитан,1,49
Фёдоров Никита Павлович,сержант,6,20
Козлов Константин Алексеевич,прапорщик,4,54
Васильев Артём Иванович,полковник,3,24
Сидоров Сергей Максимович,лейтенант,2,41
Кочергин Алексей Павлович,полковник,4,29
Попов Юрий Алексеевич,полковник,10,53
Васильев Олег Ильич,капитан,7,51
Соколов Максим Максимович,полковник,6,55
Егоров Денис Алексеевич,прапорщик,7,29
Борисов Михаил Андреевич,прапорщик,1,43
Семёнов Степан Ильич,прапорщик,9,34
Семёнов Максим Алексеевич,сержант,12,49
Попов Роман Кириллович,рядовой,5,22
Андреев Кирилл Никитич,капитан,4,52
Козлов Денис Романович,капитан,8,34
Новиков Егор Андреевич,лейтенант,3,18
Смирнов Андрей Иванович,полковник,12,37
Кузнецов Сергей Олегович,капитан,11,27
Зайцев Михаил Михайлович,капитан,11,52
Смирнов Константин Алексеевич,капитан,2,47
Лебедев Матвей Михайлович,прапорщик,6,48
Козлов Кирилл Никитич,полковник,10,36
Иванов Сергей Павлович,лейтенант,3,26
Соколов Павел Алексеевич,сержант,9,19
Сидоров Егор Андреевич,лейтенант,10,38
Яковлев Константин Андреевич,прапорщик,1,51
Никитин Павел Викторович,прапорщик,8,33
Павлов Степан Романович,рядовой,4,24
Яковлев Сергей Михайлович,лейтенант,7,30
Михайлов Кирилл Иванович,прапорщик,1,50
Морозов Константин Никитич,прапорщик,3,28
Павлов Степан Иванович,рядовой,8,39
Орлов Илья Сергеевич,сержант,4,60
Новиков Андрей Андреевич,лейтенант,1,37
Фёдоров Александр Александрович,полковник,8,23
Павлов Никита Алексеевич,рядовой,10,19
Кочергин Андрей Максимович,майор,2,42
Орлов Константин Юрьевич,прапорщик,4,22
Орлов Олег Алексеевич,рядовой,6,23
Яковлев Никита Ильич,рядовой,9,53
Николаев Роман Сергеевич,майор,6,36
Попов Александр Павлович,полковник,1,44
Алексеев Олег Юрьевич,капитан,9,20
Семёнов Алексей Алексеевич,сержант,3,30
Никитин Иван Никитич,полковник,9,19
Смирнов Сергей Алексеевич,прапорщик,9,46
Сидоров Матвей Романович,лейтенант,4,51
Орлов Виктор Александрович,рядовой,6,22
Макаров Егор Павлович,лейтенант,4,60
Смирнов Егор Алексеевич,рядовой,2,57
Захаров Михаил Максимович,капитан,3,50
Сидоров Виктор Ильич,капитан,10,58
Кочергин Александр Александрович,прапорщик,5,57
Зайцев Юрий Викторович,майор,3,24
Смирнов Александр Юрьевич,сержант,6,47
Иванов Егор Алексеевич,рядовой,1,36
Фёдоров Артём Павлович,полковник,4,56
Николаев Никита Андреевич,прапорщик,7,52
Семёнов Роман Романович,прапорщик,6,33
Иванов Денис Александрович,лейтенант,5,37
Степанов Павел Ильич,сержант,6,25
Алексеев Сергей Олегович,прапорщик,3,44
Кочергин Александр Ильич,рядовой,5,22
Николаев Кирилл Романович,рядовой,12,21
Андреев Константин Кириллович,рядовой,8,43
Егоров Кирилл Павлович,лейтенант,10,46
Кузнецов Иван Никитич,майор,5,20
Борисов Олег Ильич,капитан,3,41
Соколов Олег Кириллович,полковник,7,53
Соловьёв Виктор Юрьевич,полковник,6,50
Петров Матвей Михайлович,прапорщик,9,59
Петров Алексей Олегович,прапорщик,11,58
Васильев Олег Никитич,капитан,3,40
Зайцев Илья Сергеевич,рядовой,11,37
Никитин Максим Дмитриевич,лейтенант,11,54
Попов Роман Иванович,полковник,5,57
Семёнов Степан Юрьевич,капитан,11,24
Попов Алексей Ильич,рядовой,12,53
Новиков Матвей Ильич,рядовой,10,36
Захаров Роман Ильич,полковник,4,18
Андреев Дмитрий Павлович,прапорщик,2,36
Яковлев Михаил Викторович,рядовой,9,49
Степанов Олег Михайлович,рядовой,1,44
Яковлев Иван Михайлович,лейтенант,3,25
Иванов Степан Дмитриевич,сержант,7,47
Николаев Кирилл Романович,капитан,8,51
Сидоров Матвей Иванович,лейтенант,10,39
Семёнов Иван Ильич,рядовой,12,22
Кочергин Александр Никитич,рядовой,9,46
Морозов Никита Алексеевич,лейтенант,10,26
Захаров Никита Дмитриевич,капитан,10,42
Борисов Денис Дмитриевич,рядовой,5,46
Егоров Степан Алексеевич,рядовой,2,36
Михайлов Илья Никитич,лейтенант,10,37
Кочергин Илья Сергеевич,полковник,10,18
Орлов Степан Ильич,майор,6,24
Лебедев Кирилл Павлович,прапорщик,7,28
Алексеев Иван Ильич,сержант,5,58
Борисов Евгений Романович,сержант,6,32
Васильев Андрей Олегович,рядовой,12,43
Семёнов Александр Алексеевич,рядовой,11,24
Соколов Дмитрий Сергеевич,майор,1,41
Сидоров Артём Александрович,сержант,2,46
Васильев Алексей Иванович,прапорщик,2,37
Козлов Андрей Кириллович,полковник,11,54
Соколов Егор Викторович,майор,5,56
Алексеев Степан Максимович,рядовой,11,25
Петров Егор Олегович,рядовой,6,20
Алексеев Сергей Андреевич,сержант,6,38
Андреев Степан Михайлович,прапорщик,6,25
Козлов Денис Алексеевич,прапорщик,10,41
Зайцев Константин Дмитриевич,сержант,9,37
Соколов Юрий Романович,сержант,8,50
Андреев Олег Иванович,полковник,6,55
Смирнов Денис Алексеевич,капитан,8,36
Петров Юрий Юрьевич,рядовой,7,52
Макаров Егор Иванович,полковник,1,19
Петров Сергей Юрьевич,рядовой,8,38
Новиков Павел Юрьевич,полковник,10,30
Козлов Виктор Александрович,лейтенант,6,60
Соловьёв Михаил Иванович,сержант,7,21
Семёнов Степан Алексеевич,прапорщик,1,24
Смирнов Константин Никитич,сержант,10,39
Алексеев Дмитрий Максимович,лейтенант,4,23
Козлов Виктор Алексеевич,капитан,4,35
Иванов Егор Андреевич,полковник,2,33
Кузнецов Сергей Дмитриевич,полковник,5,28
Сидоров Роман Кириллович,прапорщик,1,36
Степанов Андрей Олегович,сержант,1,58
Лебедев Кирилл Викторович,лейтенант,11,37
Зайцев Роман Никитич,рядовой,7,58
Борисов Роман Алексеевич,сержант,9,54
Павлов Михаил Ильич,лейтенант,11,31
Козлов Егор Алексеевич,прапорщик,12,39
Козлов Илья Романович,лейтенант,7,51
Борисов Кирилл Павлович,сержант,6,35
Морозов Андрей Кириллович,капитан,6,48
Козлов Олег Максимович,капитан,7,52
Васильев Роман Алексеевич,майор,12,52
Кузнецов Дмитрий Олегович,майор,2,59
Никитин Виктор Викторович,полковник,3,21
Яковлев Иван Андреевич,рядовой,4,40
Семёнов Юрий Дмитриевич,прапорщик,11,42
Соколов Кирилл Михайлович,майор,2,31
Николаев Артём Юрьевич,прапорщик,2,31
Никитин Александр Павлович,прапорщик,6,42
Фёдоров Кирилл Ильич,прапорщик,12,36
Сидоров Денис Ильич,рядовой,6,44
Смирнов Сергей Андреевич,сержант,4,39
Кузнецов Максим Андреевич,сержант,12,19
Новиков Евгений Олегович,рядовой,11,36
Кузнецов Кирилл Андреевич,сержант,5,40
Новиков Денис Викторович,капитан,2,46
Новиков Степан Михайлович,рядовой,3,49
Яковлев Михаил Ильич,полковник,4,53
Попов Илья Михайлович,капитан,9,50
Андреев Юрий Павлович,рядовой,8,57
Орлов Олег Никитич,полковник,10,27
Николаев Юрий Андреевич,лейтенант,9,34
Соловьёв Матвей Юрьевич,сержант,10,55
Лебедев Денис Сергеевич,рядовой,6,35
Иванов Александр Михайлович,прапорщик,7,60
Орлов Виктор Андреевич,майор,9,25
Соловьёв Егор Викторович,капитан,9,35
Кочергин Илья Олегович,полковник,7,40
Орлов Олег Андреевич,сержант,6,39
Соловьёв Сергей Ильич,майор,2,30
Яковлев Илья Андреевич,сержант,7,20
Новиков Артём Андреевич,прапорщик,12,50
Степанов Кирилл Ильич,майор,7,30
Васильев Никита Викторович,майор,1,55
Семёнов Сергей Павлович,капитан,9,27
Фёдоров Александр Викторович,сержант,4,46
Кочергин Максим Кириллович,капитан,8,36
Кочергин Олег Иванович,майор,10,36
Новиков Матвей Олегович,капитан,2,44
Новиков Алексей Александрович,лейтенант,5,39
Попов Алексей Юрьевич,рядовой,3,38
Михайлов Алексей Кириллович,капитан,12,60
Семёнов Павел Павлович,сержант,9,34
Макаров Иван Романович,лейтенант,9,35
Козлов Максим Романович,полковник,1,38
Яковлев Иван Ильич,майор,10,32
Козлов Иван Олегович,рядовой,4,60
Борисов Дмитрий Юрьевич,рядовой,7,38
Фёдоров Павел Алексеевич,прапорщик,12,27
Макаров Олег Павлович,лейтенант,1,35
Степанов Михаил Кириллович,капитан,9,20
Новиков Роман Сергеевич,лейтенант,5,22
Макаров Денис Алексеевич,лейтенант,3,20
Андреев Артём Александрович,майор,8,57
Васильев Дмитрий Михайлович,сержант,11,19
Кузнецов Павел Юрьевич,рядовой,7,54
Степанов Артём Дмитриевич,прапорщик,3,21
Козлов Константин Ильич,сержант,10,48
Макаров Виктор Михайлович,прапорщик,6,39
Андреев Степан Юрьевич,рядовой,11,22
Орлов Кирилл Сергеевич,лейтенант,5,22
Морозов Егор Михайлович,полковник,8,21
Алексеев Роман Кириллович,полковник,3,60
Морозов Сергей Павлович,полковник,7,47
Андреев Роман Андреевич,полковник,9,58
Иванов Андрей Павлович,майор,11,55
Зайцев Матвей Андреевич,сержант,7,53
Орлов Матвей Кириллович,капитан,3,52
Смирнов Иван Иванович,сержант,3,25
Кузнецов Алексей Андреевич,майор,1,53
Борисов Егор Михайлович,рядовой,5,42
Кузнецов Степан Иванович,полковник,2,21
Смирнов Андрей Сергеевич,полковник,6,26
Попов Алексей Александрович,сержант,5,19
Орлов Роман Сергеевич,сержант,10,59
Яковлев Матвей Алексеевич,прапорщик,8,24
Попов Степан Олегович,сержант,1,36
Петров Никита Максимович,майор,10,56
Новиков Денис Викторович,лейтенант,5,28
Михайлов Павел Романович,полковник,10,20
Степанов Евгений Олегович,капитан,10,32
Васильев Артём Викторович,капитан,12,19
Захаров Никита Павлович,лейтенант,9,36
Николаев Константин Ильич,майор,8,29
Иванов Павел Андреевич,прапорщик,9,22
Андреев Матвей Павлович,сержант,12,59
Морозов Степан Алексеевич,рядовой,5,50
Фёдоров Дмитрий Сергеевич,полковник,8,35
Лебедев Александр Иванович,сержант,2,44
Васильев Егор Андреевич,рядовой,9,52
Захаров Сергей Александрович,полковник,3,31
Семёнов Михаил Юрьевич,капитан,9,43
Иванов Алексей Михайлович,рядовой,7,43
Степанов Евгений Александрович,майор,6,29
Лебедев Денис Андреевич,капитан,1,39
Попов Александр Никитич,капитан,12,50
Морозов Алексей Кириллович,сержант,10,51
Орлов Иван Михайлович,капитан,1,44
Кочергин Константин Андреевич,капитан,9,57
Морозов Михаил Кириллович,рядовой,6,38
Морозов Артём Никитич,рядовой,7,47
Морозов Кирилл Олегович,капитан,9,59
Алексеев Евгений Андреевич,полковник,4,22
Егоров Олег Александрович,рядовой,5,29
Соловьёв Сергей Олегович,рядовой,1,27
Кочергин Денис Дмитриевич,капитан,7,36
Новиков Дмитрий Максимович,лейтенант,3,53
Степанов Юрий Никитич,полковник,3,28
Морозов Михаил Никитич,сержант,12,29
Морозов Александр Дмитриевич,капитан,7,34
Соколов Никита Андреевич,капитан,3,32
Лебедев Максим Андреевич,рядовой,7,36
Никитин Алексей Иванович,лейтенант,6,44
Никитин Роман Кириллович,капитан,12,59
Попов Иван Андреевич,полковник,2,29
Николаев Илья Дмитриевич,сержант,9,44
Новиков Павел Сергеевич,майор,5,43
Никитин Юрий Иванович,рядовой,10,33
Соловьёв Виктор Иванович,сержант,1,18
Соколов Андрей Никитич,майор,11,36
Алексеев Степан Дмитриевич,сержант,6,45
Макаров Сергей Никитич,прапорщик,10,34
Сидоров Степан Александрович,майор,3,55
Макаров Виктор Павлович,сержант,3,21
Никитин Олег Михайлович,рядовой,6,43
Васильев Матвей Олегович,сержант,2,52
Соколов Денис Михайлович,лейтенант,1,55
Иванов Юрий Дмитриевич,прапорщик,4,52
Кочергин Алексей Андреевич,рядовой,1,42
Андреев Матвей Сергеевич,капитан,8,58
Борисов Алексей Романович,капитан,7,58
Петров Денис Андреевич,капитан,3,29
Алексеев Константин Александрович,полковник,12,57
Борисов Егор Павлович,капитан,6,28
Смирнов Юрий Максимович,майор,1,35
Егоров Юрий Юрьевич,сержант,9,55
Зайцев Юрий Кириллович,майор,12,47
Лебедев Олег Кириллович,капитан,6,48
Козлов Кирилл Ильич,полковник,11,39
Яковлев Матвей Павлович,сержант,10,41
Алексеев Илья Иванович,полковник,2,48
Петров Роман Дмитриевич,рядовой,12,44
Морозов Андрей Романович,полковник,12,56
Яковлев Андрей Никитич,рядовой,9,59
Смирнов Юрий Иванович,лейтенант,9,18
Фёдоров Максим Михайлович,рядовой,8,34
Захаров Павел Олегович,рядовой,9,22
Смирнов Сергей Михайлович,рядовой,6,56
Николаев Андрей Михайлович,капитан,7,57
Сидоров Иван Александрович,капитан,3,20
Борисов Сергей Юрьевич,полковник,8,45
Зайцев Илья Алексеевич,майор,11,32
Соколов Юрий Иванович,рядовой,8,37
Иванов Юрий Викторович,прапорщик,10,27
Соколов Михаил Ильич,рядовой,1,45
Лебедев Кирилл Викторович,капитан,7,51
Козлов Дмитрий Кириллович,сержант,7,29
Макаров Евгений Павлович,полковник,1,34
Кузнецов Артём Олегович,полковник,3,39
Зайцев Максим Алексеевич,лейтенант,10,49
Борисов Евгений Кириллович,прапорщик,7,53
Борисов Никита Дмитриевич,рядовой,8,50
Андреев Сергей Максимович,рядовой,3,43
Алексеев Никита Никитич,капитан,2,33
Козлов Денис Юрьевич,лейтенант,4,52
Орлов Алексей Никитич,лейтенант,1,52
Макаров Сергей Михайлович,прапорщик,12,55
Кочергин Степан Максимович,капитан,10,25
Кочергин Олег Романович,рядовой,3,55
Новиков Олег Андреевич,рядовой,2,19
Кузнецов Юрий Иванович,полковник,5,41
Попов Андрей Сергеевич,полковник,11,22
Зайцев Максим Алексеевич,прапорщик,12,39
Михайлов Илья Андреевич,капитан,8,46
Степанов Павел Сергеевич,полковник,11,22
Фёдоров Павел Олегович,полковник,8,25
Кузнецов Максим Андреевич,сержант,3,38
Орлов Роман Андреевич,рядовой,10,50
Яковлев Егор Юрьевич,полковник,11,21
Зайцев Дмитрий Викторович,сержант,1,37
Борисов Виктор Павлович,сержант,1,58
Алексеев Олег Андреевич,лейтенант,3,47
Васильев Андрей Ильич,прапорщик,2,23
Васильев Илья Андреевич,сержант,8,49
Соловьёв Илья Андреевич,капитан,10,23
Фёдоров Никита Юрьевич,рядовой,9,48
Борисов Андрей Никитич,полковник,12,33
Васильев Евгений Юрьевич,майор,11,56
Петров Павел Павлович,рядовой,6,29
Павлов Павел Сергеевич,капитан,9,49
Борисов Виктор Александрович,рядовой,4,42
Сидоров Константин Сергеевич,майор,12,58
Васильев Матвей Кириллович,рядовой,12,39
Зайцев Виктор Викторович,капитан,5,18
Алексеев Олег Алексеевич,рядовой,2,20
Сидоров Матвей Андреевич,полковник,5,39
Морозов Илья Кириллович,прапорщик,3,36
Семёнов Михаил Иванович,майор,7,48
Михайлов Виктор Михайлович,рядовой,7,31
Степанов Дмитрий Андреевич,полковник,6,19
Иванов Андрей Никитич,лейтенант,2,37
Яковлев Алексей Алексеевич,сержант,12,38
Борисов Денис Олегович,полковник,10,55
Андреев Кирилл Александрович,лейтенант,9,18
Никитин Егор Сергеевич,капитан,3,51
Лебедев Илья Юрьевич,полковник,4,36
Смирнов Роман Михайлович,прапорщик,4,29
Макаров Сергей Андреевич,лейтенант,6,33
Егоров Дмитрий Олегович,майор,10,29
Никитин Павел Сергеевич,прапорщик,2,50
Соловьёв Матвей Павлович,сержант,5,41
Морозов Кирилл Олегович,лейтенант,1,34
Орлов Сергей Михайлович,лейтенант,3,56
Николаев Максим Михайлович,рядовой,9,47
Петров Иван Олегович,прапорщик,11,29
Соловьёв Александр Олегович,полковник,2,47
Морозов Матвей Александрович,прапорщик,11,48
Соловьёв Роман Ильич,капитан,7,33
Сидоров Евгений Павлович,сержант,3,34
Морозов Константин Олегович,сержант,8,60
Павлов Алексей Александрович,лейтенант,12,42
Захаров Егор Юрьевич,сержант,6,39
Борисов Юрий Максимович,капитан,3,25
Сидоров Павел Андреевич,полковник,2,21
Петров Дмитрий Михайлович,рядовой,4,21
Фёдоров Сергей Никитич,лейтенант,7,25
Орлов Юрий Дмитриевич,капитан,5,39
Морозов Никита Ильич,рядовой,8,50
Яковлев Олег Сергеевич,лейтенант,5,39
Соловьёв Никита Кириллович,сержант,5,22
Андреев Юрий Юрьевич,рядовой,5,46
Захаров Константин Романович,рядовой,5,42
Соколов Максим Кириллович,рядовой,6,21
Новиков Павел Кириллович,полковник,5,40
Иванов Егор Романович,рядовой,3,34
Зайцев Евгений Андреевич,капитан,5,32
Егоров Роман Олегович,прапорщик,1,28
Борисов Степан Павлович,прапорщик,6,49
Иванов Виктор Ильич,майор,7,43
Фёдоров Артём Сергеевич,лейтенант,12,19
Орлов Иван Кириллович,рядовой,10,56
Андреев Иван Кириллович,прапорщик,1,38
Соловьёв Юрий Викторович,рядовой,1,43
Козлов Виктор Ильич,прапорщик,4,32
Яковлев Алексей Дмитриевич,сержант,9,31
Зайцев Роман Дмитриевич,полковник,7,18
Яковлев Степан Андреевич,сержант,6,21
Попов Павел Иванович,рядовой,7,41
Орлов Степан Павлович,лейтенант,8,50
Васильев Виктор Иванович,рядовой,9,34
Кузнецов Матвей Михайлович,лейтенант,4,36
Сидоров Степан Ильич,капитан,12,55
Макаров Андрей Дмитриевич,полковник,1,49
Егоров Дмитрий Павлович,прапорщик,4,49
Петров Артём Михайлович,сержант,3,50
Кочергин Матвей Сергеевич,прапорщик,3,37
Борисов Андрей Алексеевич,сержант,3,20
Зайцев Илья Романович,рядовой,3,36
Иванов Максим Иванович,прапорщик,2,36
Новиков Егор Павлович,сержант,8,33
Михайлов Дмитрий Михайлович,рядовой,3,27
Кузнецов Юрий Романович,полковник,1,41
Васильев Павел Романович,полковник,6,42
Макаров Артём Александрович,капитан,5,36
Соловьёв Никита Максимович,рядовой,5,23
Иванов Евгений Павлович,майор,2,51
Козлов Виктор Александрович,сержант,4,42
Павлов Егор Олегович,майор,5,37
Алексеев Александр Олегович,капитан,2,56
Егоров Константин Ильич,майор,7,39
Сидоров Алексей Олегович,капитан,7,21
Семёнов Артём Юрьевич,полковник,4,48
Фёдоров Дмитрий Дмитриевич,рядовой,3,39
Соколов Дмитрий Кириллович,прапорщик,12,53
Орлов Андрей Кириллович,рядовой,1,48
Яковлев Роман Сергеевич,прапорщик,6,49
Алексеев Илья Андреевич,рядовой,5,18
Лебедев Кирилл Александрович,сержант,10,36
Попов Андрей Юрьевич,капитан,6,39
Новиков Олег Кириллович,капитан,7,34
Семёнов Константин Романович,прапорщик,7,27
Попов Матвей Викторович,сержант,10,42
Соловьёв Андрей Олегович,сержант,7,47
Морозов Олег Олегович,прапорщик,6,56
Иванов Денис Александрович,лейтенант,7,49
Михайлов Олег Викторович,рядовой,4,31
Семёнов Матвей Иванович,прапорщик,9,36
Никитин Павел Михайлович,полковник,6,36
Козлов Степан Викторович,полковник,11,22
Сидоров Илья Павлович,лейтенант,6,28
Фёдоров Никита Сергеевич,капитан,2,51
Сидоров Никита Никитич,сержант,8,56
Новиков Роман Ильич,рядовой,9,36
Алексеев Андрей Викторович,сержант,8,57
Козлов Никита Дмитриевич,майор,4,46
Лебедев Максим Алексеевич,рядовой,11,27
Попов Евгений Кириллович,полковник,10,23
Кочергин Никита Сергеевич,рядовой,4,31
Сидоров Олег Никитич,полковник,11,20
Фёдоров Павел Иванович,сержант,2,40
Николаев Денис Максимович,прапорщик,6,56
Захаров Максим Иванович,майор,2,24
Морозов Александр Максимович,полковник,10,53
Никитин Дмитрий Викторович,капитан,8,44
Фёдоров Константин Романович,прапорщик,9,52
Кочергин Константин Максимович,полковник,3,32
Семёнов Александр Андреевич,рядовой,9,56
Кузнецов Олег Юрьевич,майор,12,58
Сидоров Сергей Михайлович,рядовой,9,56
Николаев Максим Романович,прапорщик,3,58
Алексеев Алексей Кириллович,сержант,4,45
Николаев Денис Андреевич,прапорщик,4,19
Алексеев Максим Сергеевич,полковник,1,21
Борисов Андрей Михайлович,лейтенант,2,19
Лебедев Павел Юрьевич,рядовой,2,24
Орлов Артём Павлович,лейтенант,4,50
Николаев Степан Кириллович,полковник,7,19
Соколов Иван Сергеевич,лейтенант,5,40
Зайцев Андрей Иванович,капитан,11,38
Андреев Сергей Максимович,рядовой,7,38
Козлов Олег Александрович,полковник,7,23
Сидоров Андрей Никитич,лейтенант,8,18
Михайлов Артём Иванович,майор,10,55
Семёнов Павел Юрьевич,сержант,4,18
Фёдоров Олег Александрович,майор,10,53
Яковлев Денис Андреевич,сержант,2,28
Сидоров Никита Романович,прапорщик,2,35
Николаев Евгений Павлович,майор,11,35
Новиков Илья Викторович,лейтенант,1,60
Яковлев Кирилл Никитич,лейтенант,6,36
Смирнов Кирилл Дмитриевич,лейтенант,4,51
Лебедев Денис Кириллович,лейтенант,9,49
Егоров Матвей Иванович,майор,2,39
Андреев Павел Олегович,капитан,2,22
Соколов Александр Юрьевич,полковник,12,54
Кузнецов Виктор Иванович,капитан,4,59
Михайлов Алексей Никитич,прапорщик,8,36
Алексеев Артём Дмитриевич,капитан,11,43
Лебедев Максим Сергеевич,сержант,1,52
Кочергин Юрий Павлович,прапорщик,10,29
Никитин Матвей Михайлович,рядовой,12,47
Сидоров Иван Михайлович,сержант,9,37
Кузнецов Евгений Сергеевич,майор,11,38
Михайлов Кирилл Кириллович,полковник,2,45
Яковлев Евгений Дмитриевич,сержант,3,51
Соловьёв Денис Юрьевич,сержант,2,34
Борисов Дмитрий Кириллович,рядовой,3,43
Николаев Егор Олегович,полковник,8,35
Зайцев Илья Иванович,рядовой,1,40
Алексеев Виктор Александрович,рядовой,10,42
Кочергин Роман Сергеевич,сержант,12,35
Яковлев Илья Михайлович,прапорщик,12,46
Егоров Павел Михайлович,прапорщик,12,33
Лебедев Евгений Максимович,капитан,8,23
Зайцев Егор Никитич,майор,7,18
Алексеев Иван Юрьевич,полковник,12,59
Павлов Константин Алексеевич,полковник,10,18
Фёдоров Павел Викторович,капитан,12,37
Кочергин Юрий Максимович,сержант,3,19
Сидоров Сергей Павлович,сержант,4,22
Орлов Роман Сергеевич,рядовой,1,52
Михайлов Денис Викторович,капитан,7,24
Попов Роман Кириллович,рядовой,5,18
Николаев Роман Юрьевич,капитан,8,37
Никитин Андрей Иванович,полковник,1,21
Смирнов Константин Ильич,рядовой,5,55
Петров Илья Алексеевич,прапорщик,6,53
Михайлов Максим Сергеевич,лейтенант,10,29
Яковлев Александр Павлович,капитан,5,40
Андреев Юрий Максимович,полковник,10,41
Соловьёв Матвей Павлович,лейтенант,5,38
Семёнов Никита Михайлович,майор,9,60
Соловьёв Виктор Никитич,лейтенант,1,39
Иванов Денис Кириллович,капитан,4,55
Козлов Павел Павлович,сержант,8,37
Павлов Юрий Михайлович,прапорщик,9,54
Кузнецов Сергей Ильич,рядовой,7,41
Соловьёв Олег Олегович,рядовой,5,47
Новиков Виктор Алексеевич,капитан,2,36
Петров Максим Ильич,рядовой,12,30
Соловьёв Александр Кириллович,рядовой,6,26
Кузнецов Юрий Олегович,рядовой,3,50
Захаров Олег Андреевич,лейтенант,8,26
Павлов Роман Павлович,лейтенант,4,35
Васильев Денис Иванович,сержант,11,28
Яковлев Юрий Ильич,капитан,12,56
Смирнов Роман Олегович,полковник,10,57
Степанов Андрей Сергеевич,рядовой,5,30
Павлов Виктор Алексеевич,майор,11,32
Егоров Олег Олегович,лейтенант,4,54
Егоров Сергей Михайлович,рядовой,1,48
Андреев Александр Михайлович,полковник,6,50
Новиков Кирилл Алексеевич,полковник,2,50
Морозов Артём Никитич,майор,6,59
Новиков Евгений Александрович,рядовой,6,35
Егоров Юрий Никитич,рядовой,7,42
Михайлов Олег Максимович,полковник,3,41
Алексеев Дмитрий Максимович,лейтенант,10,51
Кочергин Александр Александрович,полковник,11,26
Егоров Олег Иванович,рядовой,5,55
Попов Олег Алексеевич,сержант,4,32
Павлов Олег Иванович,прапорщик,3,34
Сидоров Олег Сергеевич,полковник,1,20
Соловьёв Никита Никитич,полковник,10,45
Михайлов Максим Алексеевич,полковник,12,53
Андреев Иван Романович,рядовой,3,38
Егоров Дмитрий Юрьевич,прапорщик,5,39
Кочергин Алексей Иванович,рядовой,12,28
Яковлев Михаил Андреевич,полковник,11,19
Захаров Константин Андреевич,майор,7,41
Яковлев Артём Максимович,капитан,6,18
Михайлов Михаил Алексеевич,прапорщик,4,18
Семёнов Роман Павлович,сержант,2,22
Попов Константин Романович,сержант,9,49
Петров Степан Павлович,капитан,9,46
Попов Артём Павлович,сержант,6,43
Степанов Андрей Дмитриевич,майор,12,35
Николаев Максим Андреевич,рядовой,5,28
Семёнов Матвей Кириллович,рядовой,6,23
Николаев Михаил Павлович,рядовой,11,28
Макаров Сергей Андреевич,лейтенант,8,18
Петров Виктор Олегович,капитан,5,48
Семёнов Максим Дмитриевич,лейтенант,12,19
Кочергин Кирилл Михайлович,рядовой,3,42
Никитин Юрий Юрьевич,прапорщик,2,21
Яковлев Максим Ильич,сержант,4,51
Лебедев Константин Александрович,сержант,5,34
Зайцев Артём Олегович,майор,5,40
Лебедев Евгений Дмитриевич,рядовой,2,25
Михайлов Юрий Алексеевич,майор,6,54
Васильев Роман Дмитриевич,майор,8,27
Степанов Денис Олегович,сержант,1,42
Зайцев Роман Павлович,лейтенант,3,19
Новиков Кирилл Алексеевич,рядовой,7,21
Васильев Сергей Иванович,майор,7,36
Николаев Кирилл Андреевич,сержант,7,53
Михайлов Евгений Сергеевич,лейтенант,2,51
Попов Матвей Дмитриевич,полковник,12,22
Егоров Сергей Андреевич,сержант,11,60
Степанов Евгений Ильич,капитан,2,25
Смирнов Егор Андреевич,прапорщик,12,54
Лебедев Константин Иванович,майор,3,36
Никитин Юрий Ильич,полковник,1,35
Борисов Артём Александрович,сержант,9,21
Павлов Александр Иванович,полковник,12,22
Яковлев Алексей Сергеевич,лейтенант,4,39
Соколов Илья Михайлович,сержант,8,58
Смирнов Роман Юрьевич,рядовой,4,22
Козлов Олег Олегович,рядовой,10,41
Петров Андрей Кириллович,полковник,6,36
Николаев Максим Сергеевич,майор,5,31
Николаев Роман Александрович,лейтенант,4,31
Андреев Дмитрий Александрович,майор,6,44
Петров Егор Павлович,полковник,3,48
Сидоров Роман Александрович,капитан,6,19
Козлов Андрей Андреевич,рядовой,9,52
Никитин Андрей Викторович,капитан,4,58
Новиков Дмитрий Александрович,лейтенант,11,20
Соколов Денис Максимович,сержант,11,44
Никитин Павел Олегович,лейтенант,1,25
Егоров Илья Сергеевич,лейтенант,12,43
Михайлов Роман Дмитриевич,прапорщик,3,31
Алексеев Олег Максимович,рядовой,10,26
Никитин Денис Никитич,рядовой,2,60
Степанов Виктор Павлович,майор,12,43
Михайлов Константин Михайлович,капитан,10,37
Васильев Кирилл Дмитриевич,капитан,5,25
Егоров Артём Никитич,капитан,10,19
Захаров Иван Михайлович,капитан,11,21
Попов Егор Ильич,майор,5,21
Степанов Роман Кириллович,сержант,9,32
Васильев Никита Максимович,полковник,5,55
Зайцев Павел Юрьевич,полковник,12,36
Кочергин Михаил Алексеевич,рядовой,9,29
Козлов Кирилл Викторович,майор,3,28
Попов Илья Никитич,майор,10,33
Семёнов Олег Романович,полковник,12,38
Соколов Кирилл Ильич,майор,11,31
Андреев Егор Александрович,рядовой,4,26
Орлов Илья Алексеевич,сержант,4,35
Николаев Илья Иванович,сержант,5,20
Козлов Егор Никитич,лейтенант,12,37
Кочергин Денис Максимович,полковник,5,43
Козлов Никита Никитич,сержант,6,47
Никитин Олег Максимович,полковник,11,46
Морозов Денис Андреевич,лейтенант,1,21
Фёдоров Егор Кириллович,майор,1,49
Иванов Роман Дмитриевич,сержант,3,36
Иванов Константин Иванович,полковник,2,28
Иванов Юрий Романович,капитан,8,42
Иванов Андрей Максимович,капитан,3,51
Захаров Илья Иванович,рядовой,10,58
Павлов Евгений Ильич,капитан,4,37
Орлов Илья Викторович,полковник,5,56
Яковлев Иван Дмитриевич,лейтенант,10,26
Никитин Михаил Андреевич,сержант,11,30
Андреев Александр Максимович,полковник,6,30
Павлов Роман Михайлович,капитан,1,20
Михайлов Евгений Михайлович,рядовой,3,58
Николаев Евгений Максимович,сержант,5,20
Зайцев Сергей Андреевич,полковник,11,36
Захаров Константин Павлович,полковник,10,39
Козлов Денис Михайлович,лейтенант,12,24
Сидоров Александр Андреевич,прапорщик,12,56
Морозов Роман Алексеевич,лейтенант,5,36
Макаров Олег Александрович,рядовой,4,32
Смирнов Олег Сергеевич,рядовой,6,51
Кузнецов Евгений Никитич,прапорщик,5,42
Павлов Иван Сергеевич,прапорщик,4,55
Егоров Михаил Максимович,лейтенант,11,37
Андреев Роман Ильич,лейтенант,3,49
Смирнов Матвей Михайлович,полковник,9,31
Семёнов Матвей Кириллович,майор,9,32
Фёдоров Роман Сергеевич,капитан,7,30
Семёнов Кирилл Кириллович,прапорщик,2,35
Андреев Алексей Михайлович,майор,12,55
Павлов Олег Никитич,сержант,3,51
Яковлев Матвей Олегович,сержант,11,35
Степанов Денис Андреевич,лейтенант,11,52
Борисов Матвей Андреевич,лейтенант,10,24
Кочергин Иван Ильич,капитан,1,59
Никитин Егор Павлович,прапорщик,1,21
Егоров Кирилл Павлович,лейтенант,7,21
Петров Кирилл Михайлович,капитан,6,30
Кочергин Олег Алексеевич,сержант,9,47
Орлов Александр Юрьевич,прапорщик,11,52
Иванов Сергей Олегович,лейтенант,10,54
Зайцев Матвей Иванович,прапорщик,4,18
Никитин Степан Ильич,сержант,9,19
Михайлов Александр Юрьевич,лейтенант,3,51
Иванов Никита Олегович,сержант,2,56
Андреев Илья Викторович,сержант,10,38
Фёдоров Никита Павлович,майор,10,45
Михайлов Степан Ильич,капитан,10,59
Морозов Евгений Никитич,капитан,4,20
Иванов Кирилл Александрович,сержант,8,21
Козлов Виктор Павлович,капитан,11,53
Смирнов Степан Иванович,рядовой,9,48
Смирнов Матвей Кириллович,прапорщик,7,49
Михайлов Андрей Юрьевич,сержант,7,28
Соловьёв Евгений Андреевич,сержант,8,51
Петров Дмитрий Юрьевич,лейтенант,4,24
Егоров Роман Сергеевич,полковник,6,38
Кузнецов Павел Викторович,рядовой,4,39
Попов Никита Михайлович,лейтенант,2,26
Захаров Максим Сергеевич,сержант,11,46
Макаров Олег Алексеевич,лейтенант,12,60
Макаров Юрий Максимович,сержант,10,19
Борисов Роман Алексеевич,рядовой,3,50
Андреев Дмитрий Александрович,полковник,3,35
Степанов Роман Викторович,полковник,9,25
Борисов Евгений Олегович,сержант,1,30
Егоров Андрей Юрьевич,лейтенант,10,21
Алексеев Денис Михайлович,капитан,11,52
Николаев Артём Алексеевич,лейтенант,2,36
Яковлев Никита Андреевич,майор,2,52
Козлов Сергей Викторович,сержант,9,43
Зайцев Дмитрий Кириллович,сержант,7,31
Семёнов Егор Романович,лейтенант,11,27
Соколов Илья Дмитриевич,прапорщик,10,34
Егоров Александр Дмитриевич,прапорщик,5,57
Михайлов Кирилл Михайлович,сержант,12,24
Кузнецов Максим Романович,прапорщик,3,54
Никитин Илья Олегович,капитан,7,51
Сидоров Роман Юрьевич,прапорщик,5,54
Николаев Андрей Викторович,рядовой,8,53
Сидоров Илья Кириллович,прапорщик,7,40
Фёдоров Иван Романович,сержант,5,28
Соловьёв Юрий Юрьевич,прапорщик,12,53
Алексеев Артём Никитич,сержант,6,20
Орлов Павел Юрьевич,полковник,6,43
Никитин Евгений Олегович,полковник,7,58
Попов Артём Кириллович,сержант,12,38
Попов Никита Романович,майор,10,48
Морозов Олег Сергеевич,полковник,9,29
Никитин Сергей Юрьевич,сержант,5,56
Николаев Дмитрий Романович,капитан,7,19
Попов Евгений Дмитриевич,капитан,7,48
Соловьёв Кирилл Александрович,рядовой,2,41
Борисов Денис Романович,рядовой,5,27
Соловьёв Алексей Михайлович,полковник,11,35
Семёнов Никита Никитич,майор,9,57
Фёдоров Алексей Викторович,прапорщик,7,47
Новиков Александр Александрович,прапорщик,3,36
Сидоров Михаил Алексеевич,капитан,8,47
Захаров Дмитрий Алексеевич,майор,5,24
Соловьёв Сергей Романович,полковник,11,44
Соколов Андрей Михайлович,рядовой,9,40
Сидоров Александр Дмитриевич,прапорщик,8,22
Морозов Егор Юрьевич,сержант,3,50
Захаров Юрий Андреевич,капитан,7,52
Новиков Артём Михайлович,лейтенант,11,21
Николаев Степан Алексеевич,полковник,10,22
Степанов Михаил Кириллович,капитан,5,51
Борисов Роман Александрович,капитан,8,41
Захаров Степан Юрьевич,полковник,3,38
Иванов Артём Дмитриевич,капитан,6,20
Васильев Никита Ильич,капитан,5,22
Новиков Сергей Дмитриевич,прапорщик,8,54
Зайцев Егор Сергеевич,майор,1,26
Морозов Артём Викторович,прапорщик,2,38
Новиков Михаил Романович,сержант,1,58
Кочергин Степан Романович,полковник,1,19
Попов Сергей Дмитриевич,полковник,9,57
Борисов Андрей Михайлович,капитан,6,18
Лебедев Виктор Павлович,сержант,3,33
Фёдоров Степан Юрьевич,прапорщик,10,30
Алексеев Сергей Романович,майор,6,24
Новиков Алексей Алексеевич,прапорщик,11,23
Васильев Матвей Андреевич,капитан,5,57
Кочергин Александр Иванович,прапорщик,8,51
Зайцев Андрей Сергеевич,полковник,7,22
Сидоров Денис Юрьевич,лейтенант,10,28
Алексеев Андрей Павлович,капитан,11,47
Михайлов Максим Олегович,лейтенант,2,53
Новиков Юрий Олегович,полковник,3,41
Козлов Юрий Алексеевич,капитан,3,34
Лебедев Виктор Алексеевич,прапорщик,11,28
Иванов Александр Олегович,капитан,10,23
Захаров Александр Кириллович,прапорщик,6,56
Лебедев Евгений Юрьевич,капитан,7,27
Кузнецов Никита Павлович,прапорщик,7,19
Егоров Егор Дмитриевич,капитан,5,20
Васильев Роман Сергеевич,полковник,1,39
Смирнов Алексей Павлович,лейтенант,3,32
Семёнов Степан Сергеевич,майор,1,30
Павлов Дмитрий Олегович,прапорщик,8,31
Васильев Иван Сергеевич,сержант,11,38
Иванов Виктор Романович,сержант,10,35
Лебедев Роман Михайлович,капитан,4,23
Соколов Александр Олегович,лейтенант,11,18
Лебедев Никита Александрович,прапорщик,5,46
Иванов Павел Павлович,рядовой,10,39
Павлов Алексей Михайлович,капитан,8,39
Кузнецов Константин Юрьевич,рядовой,1,21
Козлов Павел Александрович,прапорщик,3,30
Захаров Алексей Юрьевич,лейтенант,9,30
Смирнов Михаил Олегович,прапорщик,10,26
Макаров Роман Иванович,майор,2,36
Попов Алексей Александрович,капитан,1,47
Соколов Константин Викторович,лейтенант,7,51
Новиков Денис Юрьевич,лейтенант,2,21
Николаев Олег Дмитриевич,рядовой,4,19
Макаров Денис Сергеевич,сержант,11,40
Алексеев Евгений Михайлович,майор,1,31
Попов Сергей Алексеевич,рядовой,4,40
Козлов Алексей Сергеевич,капитан,11,41
Соколов Михаил Павлович,прапорщик,7,45
Васильев Дмитрий Сергеевич,прапорщик,2,31
Новиков Александр Михайлович,лейтенант,10,58
Соловьёв Михаил Дмитриевич,прапорщик,6,37
Кочергин Никита Александрович,лейтенант,7,25
Орлов Евгений Максимович,капитан,10,40
Макаров Иван Сергеевич,лейтенант,3,32
Соколов Роман Павлович,рядовой,5,31
Степанов Степан Максимович,лейтенант,9,39
Лебедев Олег Иванович,рядовой,2,38
Сидоров Михаил Александрович,сержант,10,45
Петров Андрей Юрьевич,прапорщик,6,35
Борисов Степан Викторович,сержант,6,48
Николаев Роман Сергеевич,капитан,4,52
Попов Юрий Максимович,полковник,6,56
Петров Олег Михайлович,лейтенант,4,46
Новиков Максим Кириллович,капитан,3,18
Павлов Степан Юрьевич,полковник,12,42
Кузнецов Егор Павлович,рядовой,11,51
Павлов Степан Иванович,прапорщик,7,35
Алексеев Константин Кириллович,прапорщик,4,23
Степанов Денис Никитич,майор,8,34
Кочергин Роман Никитич,капитан,5,28
Макаров Максим Дмитриевич,майор,6,51
Егоров Матвей Иванович,прапорщик,7,22
Орлов Денис Александрович,рядовой,12,51
Зайцев Матвей Дмитриевич,полковник,10,35
Петров Кирилл Кириллович,полковник,2,18
Петров Дмитрий Павлович,сержант,3,56
Морозов Константин Михайлович,капитан,9,55
Новиков Михаил Олегович,полковник,2,21
Соловьёв Артём Дмитриевич,сержант,8,19
Кочергин Артём Андреевич,полковник,8,45
Сидоров Матвей Александрович,полковник,8,30
Козлов Алексей Павлович,капитан,6,34
Никитин Дмитрий Кириллович,прапорщик,12,47
Яковлев Артём Романович,майор,9,48
Степанов Андрей Андреевич,полковник,9,23
Кочергин Никита Александрович,капитан,7,31
Смирнов Илья Дмитриевич,рядовой,8,44
Андреев Илья Кириллович,майор,4,44
Зайцев Сергей Сергеевич,капитан,8,41
Лебедев Олег Викторович,капитан,4,28
Андреев Сергей Олегович,капитан,2,45
Новиков Егор Андреевич,лейтенант,11,39
Николаев Кирилл Олегович,полковник,6,57
Егоров Константин Юрьевич,полковник,3,57
Лебедев Дмитрий Алексеевич,лейтенант,10,33
Никитин Илья Ильич,сержант,3,56
Борисов Степан Олегович,лейтенант,10,21
Морозов Егор Павлович,капитан,3,47
Яковлев Никита Александрович,полковник,6,31
Сидоров Кирилл Максимович,полковник,8,34
Михайлов Олег Алексеевич,лейтенант,10,44
Степанов Юрий Романович,полковник,4,45
Николаев Юрий Юрьевич,сержант,7,41
Никитин Максим Дмитриевич,капитан,8,59
Андреев Константин Дмитриевич,сержант,9,48
Захаров Матвей Александрович,полковник,12,22
Васильев Олег Андреевич,полковник,8,60
Макаров Михаил Михайлович,лейтенант,6,31
Павлов Кирилл Ильич,сержант,4,34
Сидоров Роман Александрович,сержант,6,25
Яковлев Олег Иванович,рядовой,1,40
Козлов Алексей Юрьевич,капитан,2,28
Зайцев Алексей Олегович,капитан,7,25
Орлов Евгений Олегович,прапорщик,12,47
Яковлев Максим Андреевич,полковник,4,52
Козлов Алексей Михайлович,капитан,12,60
Лебедев Алексей Иванович,прапорщик,2,41
Морозов Матвей Олегович,полковник,3,28
Никитин Илья Романович,полковник,3,46
Попов Олег Максимович,лейтенант,12,46
Лебедев Андрей Олегович,полковник,1,39
Егоров Максим Михайлович,прапорщик,7,19
Зайцев Алексей Андреевич,рядовой,1,60
Зайцев Алексей Ильич,рядовой,5,20
Новиков Евгений Алексеевич,рядовой,1,32
Новиков Кирилл Максимович,сержант,3,35
Алексеев Виктор Михайлович,сержант,1,51
Андреев Виктор Олегович,майор,2,42
Семёнов Илья Кириллович,сержант,6,55
Васильев Иван Романович,сержант,7,59
Петров Никита Викторович,полковник,12,49
Козлов Артём Юрьевич,лейтенант,4,28
Петров Сергей Романович,майор,6,57
Степанов Денис Олегович,рядовой,6,58
Козлов Сергей Викторович,сержант,3,39
Новиков Илья Алексеевич,рядовой,6,55
Михайлов Матвей Олегович,лейтенант,1,18
Николаев Денис Павлович,сержант,2,23
Кочергин Андрей Алексеевич,полковник,11,24
Смирнов Юрий Сергеевич,прапорщик,2,38
Макаров Максим Викторович,сержант,3,37
Соколов Евгений Алексеевич,полковник,2,60
Кузнецов Виктор Романович,рядовой,1,22
Егоров Павел Кириллович,полковник,12,58
Смирнов Денис Сергеевич,лейтенант,2,24
Сидоров Алексей Дмитриевич,капитан,12,38
Захаров Степан Иванович,майор,6,43
Соколов Денис Павлович,прапорщик,2,44
Кузнецов Артём Алексеевич,прапорщик,1,41
Кочергин Максим Дмитриевич,прапорщик,4,32
Смирнов Иван Никитич,сержант,12,35
Васильев Сергей Андреевич,полковник,9,48
Иванов Александр Андреевич,сержант,7,55
Егоров Юрий Андреевич,лейтенант,10,27
Иванов Артём Олегович,сержант,2,33
Кузнецов Юрий Олегович,лейтенант,1,50
Алексеев Денис Ильич,лейтенант,12,23
Николаев Павел Александрович,полковник,1,56
Петров Егор Никитич,сержант,9,49
Соловьёв Кирилл Александрович,капитан,11,34
Сидоров Матвей Ильич,майор,8,52
Новиков Сергей Павлович,лейтенант,12,30
Морозов Степан Юрьевич,лейтенант,4,30
Семёнов Денис Андреевич,прапорщик,5,29
Лебедев Олег Ильич,рядовой,9,27
Соловьёв Дмитрий Андреевич,рядовой,4,22
Лебедев Матвей Иванович,сержант,2,43
Михайлов Артём Михайлович,полковник,12,57
Петров Матвей Викторович,прапорщик,4,28
Павлов Никита Павлович,рядовой,11,37
Попов Сергей Юрьевич,капитан,8,54
Соловьёв Михаил Никитич,майор,12,42
Степанов Роман Олегович,рядовой,10,40
Лебедев Дмитрий Алексеевич,майор,6,47
Козлов Артём Павлович,капитан,7,41
Попов Олег Викторович,прапорщик,9,48
Новиков Олег Михайлович,капитан,11,37
Захаров Олег Сергеевич,прапорщик,12,27
Смирнов Михаил Сергеевич,прапорщик,10,20
Михайлов Иван Дмитриевич,рядовой,7,34
Попов Александр Олегович,сержант,6,54
Васильев Евгений Павлович,лейтенант,7,49
Петров Павел Олегович,майор,9,43
Кузнецов Юрий Юрьевич,лейтенант,8,45
Попов Матвей Александрович,майор,6,53
Яковлев Матвей Дмитриевич,сержант,10,27
Кузнецов Константин Юрьевич,сержант,10,29
Макаров Кирилл Романович,лейтенант,3,20
Егоров Олег Олегович,лейтенант,2,58
Новиков Сергей Алексеевич,полковник,10,35
Орлов Виктор Павлович,майор,6,38
Андреев Евгений Максимович,рядовой,6,58
Кузнецов Александр Андреевич,лейтенант,5,20
Кочергин Роман Юрьевич,капитан,8,38
Кузнецов Юрий Алексеевич,майор,8,32
Васильев Никита Андреевич,капитан,5,52
Морозов Дмитрий Михайлович,рядовой,3,31
Степанов Павел Викторович,полковник,3,21
Кузнецов Никита Максимович,сержант,3,35
Орлов Алексей Дмитриевич,капитан,10,31
Попов Дмитрий Андреевич,майор,2,48
Васильев Иван Сергеевич,майор,9,53
Алексеев Виктор Алексеевич,полковник,10,42
Кочергин Дмитрий Дмитриевич,прапорщик,12,23
Михайлов Роман Юрьевич,лейтенант,7,56
Никитин Денис Никитич,лейтенант,10,29
Орлов Артём Максимович,майор,11,58
Сидоров Алексей Сергеевич,капитан,12,19
Морозов Сергей Сергеевич,полковник,8,60
Новиков Матвей Максимович,сержант,8,42
Попов Денис Юрьевич,сержант,4,55
Козлов Роман Ильич,майор,2,39
Семёнов Иван Андреевич,капитан,2,31
Макаров Виктор Кириллович,майор,6,35
Михайлов Евгений Сергеевич,полковник,10,34
Соловьёв Михаил Андреевич,майор,10,38
Смирнов Алексей Дмитриевич,майор,11,29
Орлов Павел Ильич,майор,12,37
Сидоров Андрей Алексеевич,лейтенант,5,44
Макаров Илья Кириллович,прапорщик,7,18
Соловьёв Юрий Андреевич,лейтенант,3,31
Егоров Кирилл Максимович,рядовой,11,25
Борисов Андрей Андреевич,прапорщик,4,19
Кузнецов Юрий Сергеевич,сержант,6,39
Захаров Евгений Алексеевич,полковник,6,37
Николаев Евгений Александрович,полковник,5,48
Козлов Олег Сергеевич,майор,8,30
Новиков Максим Алексеевич,сержант,12,60
Смирнов Константин Михайлович,капитан,6,56
Макаров Андрей Никитич,полковник,11,46
Макаров Кирилл Андреевич,майор,1,26
Захаров Олег Михайлович,рядовой,5,46
Яковлев Дмитрий Андреевич,майор,6,53
Яковлев Егор Дмитриевич,рядовой,12,23
Андреев Роман Ильич,майор,10,39
Кочергин Виктор Андреевич,полковник,10,20
Кузнецов Константин Юрьевич,лейтенант,11,47
Орлов Никита Викторович,майор,7,25
Яковлев Сергей Викторович,прапорщик,1,40
Степанов Максим Никитич,сержант,3,35
Андреев Олег Сергеевич,рядовой,2,29
Лебедев Евгений Максимович,лейтенант,12,39
Никитин Андрей Максимович,прапорщик,11,57
Кузнецов Андрей Максимович,майор,2,33
Сидоров Денис Викторович,капитан,2,51
Сидоров Кирилл Кириллович,майор,7,20
Кочергин Юрий Кириллович,прапорщик,1,24
Степанов Юрий Сергеевич,лейтенант,2,49
Сидоров Артём Максимович,капитан,8,58
Макаров Егор Юрьевич,сержант,6,35
Фёдоров Михаил Юрьевич,майор,8,30
Васильев Артём Дмитриевич,майор,5,57
Андреев Иван Алексеевич,рядовой,4,31
Павлов Александр Павлович,майор,8,18
Павлов Илья Алексеевич,лейтенант,1,36
Петров Денис Кириллович,рядовой,9,24
Семёнов Сергей Викторович,майор,9,33
Зайцев Андрей Александрович,рядовой,6,46
Козлов Александр Андреевич,прапорщик,12,50
Кузнецов Артём Олегович,капитан,7,33
Козлов Константин Кириллович,лейтенант,5,42
Иванов Иван Олегович,лейтенант,4,29
Макаров Никита Сергеевич,рядовой,9,18
Лебедев Сергей Павлович,полковник,9,58
Яковлев Матвей Ильич,прапорщик,11,26
Орлов Егор Иванович,сержант,3,41
Орлов Никита Кириллович,лейтенант,4,28
Васильев Михаил Романович,лейтенант,2,51
Егоров Виктор Александрович,полковник,3,56
Новиков Кирилл Иванович,сержант,7,19
Соколов Степан Максимович,лейтенант,2,58
Семёнов Андрей Андреевич,капитан,12,29
Васильев Алексей Михайлович,лейтенант,2,46
Новиков Алексей Ильич,прапорщик,10,52
Лебедев Артём Сергеевич,полковник,8,29
Борисов Егор Александрович,рядовой,11,49
Кочергин Егор Сергеевич,лейтенант,3,34
Смирнов Никита Алексеевич,сержант,12,20
Макаров Иван Викторович,майор,9,51
Макаров Денис Олегович,рядовой,2,53
Смирнов Евгений Сергеевич,майор,1,50
Соколов Михаил Александрович,рядовой,12,33
Орлов Евгений Ильич,полковник,11,37
Борисов Егор Максимович,рядовой,6,18
Петров Сергей Кириллович,майор,4,36
Захаров Иван Иванович,прапорщик,9,54
Фёдоров Степан Дмитриевич,капитан,6,43
Павлов Андрей Иванович,рядовой,8,24
Захаров Егор Алексеевич,полковник,11,60
Яковлев Максим Андреевич,капитан,2,33
Николаев Кирилл Максимович,полковник,7,43
Петров Матвей Кириллович,прапорщик,2,18
Кочергин Максим Алексеевич,рядовой,12,51
Лебедев Павел Юрьевич,майор,6,33
Лебедев Андрей Никитич,сержант,5,42
Новиков Виктор Михайлович,майор,7,39
Петров Юрий Юрьевич,рядовой,3,18
Никитин Денис Никитич,прапорщик,8,31
Егоров Андрей Сергеевич,полковник,9,31
Павлов Андрей Викторович,рядовой,9,30
Никитин Егор Александрович,полковник,7,33
Смирнов Алексей Сергеевич,полковник,8,44
Козлов Константин Романович,прапорщик,3,22
Яковлев Никита Максимович,майор,2,58
Орлов Артём Максимович,полковник,5,57
Никитин Роман Сергеевич,полковник,3,46
Андреев Кирилл Михайлович,прапорщик,1,35
Зайцев Юрий Сергеевич,майор,4,56
Николаев Степан Ильич,майор,11,59
Никитин Сергей Романович,капитан,12,20
Яковлев Матвей Викторович,прапорщик,11,47
Иванов Андрей Романович,сержант,2,37
Васильев Егор Андреевич,лейтенант,4,44
Орлов Денис Олегович,сержант,1,38
Захаров Евгений Юрьевич,рядовой,1,39
Сидоров Сергей Ильич,сержант,4,27
Соколов Сергей Викторович,рядовой,12,55
Лебедев Кирилл Александрович,лейтенант,8,59
Николаев Степан Юрьевич,сержант,4,41
Лебедев Кирилл Александрович,рядовой,3,37
Семёнов Максим Андреевич,капитан,11,47
Зайцев Степан Юрьевич,полковник,1,34
Фёдоров Денис Иванович,рядовой,11,48
Новиков Роман Викторович,рядовой,3,41
Егоров Илья Романович,майор,2,53
Зайцев Александр Дмитриевич,рядовой,3,58
Кочергин Андрей Кириллович,лейтенант,3,33
Борисов Илья Алексеевич,рядовой,6,24
Кузнецов Виктор Романович,сержант,5,60
Михайлов Юрий Иванович,сержант,9,52
Козлов Алексей Кириллович,рядовой,6,19
Павлов Дмитрий Викторович,сержант,11,41
Соколов Егор Никитич,капитан,4,39
Борисов Иван Романович,сержант,7,50
Попов Андрей Ильич,рядовой,3,55
Морозов Дмитрий Сергеевич,капитан,5,34
Андреев Сергей Алексеевич,прапорщик,8,39
Смирнов Виктор Ильич,лейтенант,6,58
Козлов Павел Павлович,рядовой,4,19
Захаров Юрий Кириллович,сержант,3,38
Егоров Александр Алексеевич,полковник,3,40
Захаров Роман Иванович,сержант,5,31
Николаев Константин Павлович,рядовой,1,39
Сидоров Виктор Алексеевич,лейтенант,2,21
Морозов Иван Павлович,полковник,7,31
Егоров Максим Алексеевич,капитан,11,37
Соловьёв Илья Дмитриевич,полковник,6,40
Лебедев Степан Алексеевич,полковник,10,33
Петров Никита Никитич,прапорщик,6,36
Кузнецов Олег Викторович,лейтенант,7,58
Макаров Виктор Юрьевич,лейтенант,3,55
Алексеев Юрий Павлович,полковник,2,44
Яковлев Юрий Алексеевич,капитан,11,43
Смирнов Михаил Романович,капитан,12,21
Петров Егор Алексеевич,сержант,9,27
Егоров Егор Олегович,майор,5,44
Николаев Илья Максимович,майор,10,35
Морозов Павел Павлович,сержант,5,50
Борисов Егор Кириллович,сержант,11,55
Смирнов Артём Александрович,капитан,10,23
Борисов Егор Романович,прапорщик,9,41
Морозов Роман Романович,полковник,5,20
Захаров Юрий Ильич,капитан,2,44
Морозов Олег Ильич,полковник,1,20
Захаров Павел Кириллович,сержант,6,26
Орлов Роман Иванович,прапорщик,10,29
Петров Кирилл Олегович,сержант,2,27
Васильев Виктор Викторович,прапорщик,6,27
Лебедев Максим Юрьевич,майор,2,27
Сидоров Евгений Никитич,прапорщик,1,32
Кочергин Сергей Дмитриевич,капитан,11,28
Орлов Илья Никитич,рядовой,5,19
Борисов Илья Кириллович,капитан,7,24
Соколов Роман Юрьевич,прапорщик,8,51
Кочергин Иван Кириллович,лейтенант,6,35
Соловьёв Юрий Олегович,лейтенант,2,29
Сидоров Илья Ильич,рядовой,3,57
Степанов Кирилл Ильич,капитан,4,30
Фёдоров Олег Кириллович,капитан,9,28
Андреев Константин Юрьевич,майор,8,59
Морозов Дмитрий Кириллович,капитан,8,54
Степанов Степан Дмитриевич,полковник,8,37
Новиков Никита Романович,капитан,2,57
Алексеев Егор Сергеевич,капитан,12,59
Соколов Никита Дмитриевич,полковник,7,27
Морозов Степан Сергеевич,лейтенант,11,25
Николаев Павел Юрьевич,майор,3,56
Петров Иван Никитич,сержант,10,36
Михайлов Максим Александрович,прапорщик,6,43
Никитин Александр Максимович,майор,3,21
Степанов Алексей Кириллович,сержант,4,24
Петров Константин Романович,полковник,7,28
Зайцев Юрий Романович,майор,9,22
Яковлев Алексей Алексеевич,прапорщик,9,60
Степанов Денис Кириллович,сержант,4,26
Иванов Олег Иванович,майор,2,48
Петров Юрий Михайлович,полковник,8,58
Кочергин Михаил Викторович,прапорщик,9,58
Алексеев Андрей Павлович,капитан,9,47
Орлов Павел Алексеевич,полковник,9,19
Кочергин Алексей Кириллович,капитан,10,34
Кузнецов Матвей Ильич,лейтенант,3,22
Соловьёв Степан Андреевич,сержант,12,48
Орлов Егор Алексеевич,прапорщик,4,26
Смирнов Александр Кириллович,прапорщик,7,45
Яковлев Максим Павлович,лейтенант,6,54
Михайлов Денис Андреевич,рядовой,1,58
Зайцев Александр Юрьевич,сержант,11,45
Кузнецов Александр Олегович,рядовой,12,51
Кузнецов Дмитрий Олегович,капитан,11,35
Новиков Егор Сергеевич,рядовой,4,56
Макаров Матвей Иванович,полковник,3,34
Петров Денис Иванович,капитан,4,31
Морозов Алексей Павлович,лейтенант,3,48
Павлов Максим Михайлович,капитан,1,43
Васильев Андрей Кириллович,лейтенант,6,30
Никитин Степан Алексеевич,полковник,7,57
Кузнецов Евгений Ильич,сержант,11,46
Морозов Константин Кириллович,капитан,6,60
Попов Дмитрий Кириллович,лейтенант,3,31
Сидоров Александр Викторович,сержант,6,46
Новиков Денис Александрович,полковник,1,59
Кузнецов Сергей Никитич,капитан,1,37
Орлов Артём Никитич,майор,8,20
Попов Андрей Михайлович,прапорщик,8,50
Орлов Артём Олегович,сержант,4,52
Попов Евгений Романович,майор,11,20
Петров Алексей Романович,сержант,4,22
Андреев Артём Ильич,рядовой,7,24
Захаров Дмитрий Юрьевич,лейтенант,3,21
Новиков Сергей Павлович,майор,1,39
Никитин Александр Никитич,сержант,8,57
Козлов Никита Павлович,майор,10,50
Павлов Андрей Романович,полковник,8,40
Николаев Алексей Андреевич,сержант,9,45
Яковлев Никита Павлович,полковник,9,53
Соколов Егор Михайлович,сержант,4,32
Иванов Виктор Викторович,сержант,12,44
Николаев Алексей Андреевич,сержант,9,42
Фёдоров Денис Сергеевич,капитан,6,55
Макаров Виктор Андреевич,капитан,1,18
Семёнов Иван Максимович,майор,8,46
Васильев Алексей Алексеевич,рядовой,1,19
Соколов Степан Павлович,майор,8,39
Козлов Кирилл Сергеевич,сержант,4,27
Смирнов Артём Дмитриевич,капитан,2,29
Смирнов Юрий Ильич,лейтенант,4,35
Морозов Константин Михайлович,полковник,9,26
Николаев Никита Сергеевич,капитан,2,31
Михайлов Кирилл Максимович,рядовой,8,57
Борисов Роман Андреевич,лейтенант,11,40
Кочергин Денис Кириллович,майор,4,28
Петров Павел Иванович,рядовой,3,57
Борисов Андрей Викторович,майор,5,30
Кузнецов Степан Михайлович,рядовой,10,40
Степанов Александр Романович,капитан,7,18
Смирнов Юрий Ильич,лейтенант,1,57
Кузнецов Михаил Юрьевич,полковник,9,59
Сидоров Дмитрий Андреевич,прапорщик,8,51
Егоров Виктор Михайлович,полковник,3,30
Соловьёв Евгений Александрович,капитан,3,36
Андреев Никита Юрьевич,сержант,8,45
Андреев Павел Дмитриевич,капитан,3,46
Васильев Кирилл Алексеевич,сержант,10,57
Фёдоров Олег Михайлович,лейтенант,1,35
Козлов Константин Михайлович,сержант,2,40
Николаев Максим Андреевич,сержант,9,53
Никитин Юрий Александрович,капитан,11,42
Сидоров Андрей Андреевич,сержант,3,60
Андреев Юрий Максимович,прапорщик,5,20
Николаев Иван Александрович,полковник,2,36
Никитин Дмитрий Сергеевич,полковник,2,25
Макаров Михаил Андреевич,сержант,9,44
Смирнов Андрей Никитич,сержант,11,48
Захаров Константин Дмитриевич,лейтенант,12,45
Николаев Максим Михайлович,капитан,11,31
Алексеев Александр Юрьевич,прапорщик,2,43
Орлов Сергей Михайлович,рядовой,8,56
Семёнов Степан Иванович,прапорщик,7,49
Никитин Сергей Никитич,прапорщик,2,45
Алексеев Артём Максимович,полковник,1,39
Михайлов Константин Алексеевич,полковник,2,38
Фёдоров Юрий Павлович,полковник,3,37
Андреев Андрей Павлович,капитан,8,59
Новиков Павел Павлович,полковник,7,37
Павлов Максим Олегович,рядовой,4,25
Захаров Максим Никитич,лейтенант,9,50
Макаров Илья Никитич,майор,5,40
Николаев Юрий Максимович,капитан,6,28
Павлов Матвей Максимович,лейтенант,2,54
Морозов Андрей Павлович,сержант,4,50
Борисов Виктор Никитич,прапорщик,3,53
Лебедев Егор Максимович,полковник,11,42
Смирнов Никита Дмитриевич,рядовой,10,35
Смирнов Матвей Сергеевич,прапорщик,3,32
Морозов Александр Викторович,рядовой,9,57
Никитин Виктор Викторович,рядовой,5,48
Орлов Илья Максимович,сержант,10,39
Иванов Артём Никитич,сержант,9,53
Кузнецов Юрий Максимович,лейтенант,1,49
Морозов Дмитрий Иванович,рядовой,7,30
Орлов Артём Павлович,сержант,6,41
Борисов Дмитрий Дмитриевич,полковник,5,47
Сидоров Михаил Александрович,рядовой,6,42
Новиков Константин Никитич,полковник,6,25
Орлов Роман Александрович,сержант,8,49
Макаров Андрей Андреевич,капитан,7,50
Васильев Максим Олегович,рядовой,5,39
Смирнов Константин Сергеевич,капитан,6,20
Новиков Степан Андреевич,рядовой,1,49
Петров Егор Андреевич,прапорщик,11,56
Михайлов Алексей Никитич,сержант,2,54
Зайцев Евгений Юрьевич,майор,4,30
Смирнов Евгений Иванович,майор,10,18
Андреев Олег Михайлович,лейтенант,4,45
Михайлов Никита Иванович,полковник,10,47
Егоров Роман Андреевич,капитан,4,41
Сидоров Павел Юрьевич,лейтенант,11,26
Иванов Михаил Олегович,лейтенант,3,42
Андреев Сергей Александрович,лейтенант,3,27
Никитин Максим Ильич,капитан,3,54
Никитин Андрей Романович,прапорщик,10,19
Алексеев Виктор Дмитриевич,лейтенант,5,19
Соловьёв Кирилл Иванович,полковник,5,54
Андреев Михаил Олегович,рядовой,2,55
Новиков Кирилл Викторович,полковник,1,21
Борисов Алексей Олегович,капитан,9,41
Кузнецов Алексей Алексеевич,рядовой,7,28
Зайцев Артём Никитич,полковник,7,29
Новиков Павел Романович,лейтенант,11,53
Яковлев Иван Иванович,лейтенант,7,27
Васильев Андрей Александрович,прапорщик,8,27
Кузнецов Иван Андреевич,полковник,3,45
Макаров Артём Викторович,лейтенант,3,44
Лебедев Олег Дмитриевич,рядовой,1,26
Сидоров Илья Максимович,майор,1,28
Морозов Александр Михайлович,рядовой,3,27
Орлов Евгений Иванович,капитан,6,33
Васильев Роман Олегович,прапорщик,4,31
Никитин Олег Павлович,лейтенант,3,40
Козлов Олег Романович,капитан,2,59
Николаев Евгений Юрьевич,полковник,11,46
Захаров Андрей Юрьевич,лейтенант,11,27
Борисов Иван Сергеевич,рядовой,7,19
Фёдоров Денис Андреевич,прапорщик,6,35
Кузнецов Степан Иванович,лейтенант,4,34
Михайлов Сергей Сергеевич,сержант,1,31
Смирнов Михаил Андреевич,сержант,2,47
Соколов Андрей Алексеевич,прапорщик,6,21
Соколов Юрий Алексеевич,лейтенант,6,51
Смирнов Егор Дмитриевич,капитан,5,56
Степанов Илья Максимович,прапорщик,4,24
Новиков Евгений Дмитриевич,сержант,6,25
Кузнецов Никита Юрьевич,прапорщик,6,23
Попов Виктор Павлович,сержант,2,55
Степанов Павел Ильич,капитан,4,49
Михайлов Виктор Романович,полковник,3,34
Фёдоров Илья Иванович,лейтенант,2,43
Лебедев Александр Максимович,капитан,10,26
Орлов Александр Максимович,прапорщик,6,47
Иванов Сергей Олегович,прапорщик,8,20
Иванов Алексей Олегович,сержант,2,34
Яковлев Алексей Александрович,полковник,4,30
Кузнецов Олег Никитич,сержант,11,19
Кузнецов Артём Романович,прапорщик,2,42
Никитин Юрий Викторович,сержант,1,44
Степанов Артём Олегович,прапорщик,10,27
Борисов Илья Алексеевич,рядовой,6,24
Зайцев Денис Олегович,сержант,7,51
Петров Никита Олегович,лейтенант,6,41
Лебедев Олег Михайлович,капитан,11,30
Лебедев Михаил Александрович,майор,6,51
Новиков Константин Сергеевич,прапорщик,3,27
Козлов Дмитрий Алексеевич,капитан,3,41
Николаев Степан Ильич,майор,11,49
Фёдоров Андрей Андреевич,полковник,8,43
Алексеев Павел Дмитриевич,капитан,10,52
Степанов Михаил Максимович,майор,3,26
Сидоров Сергей Алексеевич,прапорщик,10,27
Смирнов Дмитрий Павлович,прапорщик,4,25
Лебедев Максим Юрьевич,капитан,7,43
Зайцев Матвей Александрович,рядовой,7,18
Лебедев Евгений Михайлович,майор,5,25
Павлов Денис Максимович,прапорщик,9,49
Лебедев Сергей Романович,майор,10,41
Козлов Роман Дмитриевич,полковник,10,25
Алексеев Кирилл Никитич,капитан,12,45
Макаров Иван Викторович,майор,1,54
Морозов Никита Юрьевич,капитан,2,47
Иванов Михаил Олегович,капитан,7,44
Степанов Роман Андреевич,сержант,8,38
Яковлев Константин Андреевич,полковник,8,59
Васильев Виктор Сергеевич,рядовой,9,19
Степанов Максим Юрьевич,полковник,2,49
Алексеев Максим Юрьевич,рядовой,6,22
Смирнов Роман Романович,лейтенант,10,36
Зайцев Константин Андреевич,прапорщик,4,54
Павлов Сергей Павлович,лейтенант,3,32
Андреев Денис Сергеевич,лейтенант,6,60
Зайцев Егор Сергеевич,полковник,7,26
Егоров Илья Викторович,капитан,3,37
Борисов Павел Александрович,полковник,10,57
Лебедев Никита Дмитриевич,сержант,4,28
Павлов Михаил Викторович,сержант,5,59
Степанов Артём Кириллович,полковник,6,53
Морозов Матвей Максимович,майор,2,30
Борисов Матвей Романович,майор,1,40
Захаров Юрий Максимович,полковник,3,51
Петров Юрий Олегович,майор,7,24
Иванов Степан Романович,полковник,2,24
Смирнов Юрий Ильич,сержант,10,29
Козлов Михаил Сергеевич,капитан,7,39
Семёнов Алексей Александрович,майор,12,40
Иванов Андрей Дмитриевич,полковник,1,50
Морозов Алексей Михайлович,рядовой,5,55
Николаев Виктор Андреевич,майор,1,60
Соловьёв Михаил Дмитриевич,лейтенант,8,39
Макаров Павел Александрович,лейтенант,2,47
Зайцев Юрий Дмитриевич,прапорщик,1,24
Егоров Евгений Сергеевич,прапорщик,12,55
Яковлев Михаил Алексеевич,рядовой,6,19
Орлов Андрей Михайлович,полковник,9,47
Морозов Егор Романович,прапорщик,11,38
Кузнецов Олег Сергеевич,сержант,7,54
Семёнов Виктор Андреевич,лейтенант,12,38
Яковлев Виктор Александрович,майор,4,27
Захаров Дмитрий Кириллович,капитан,7,55
Петров Матвей Максимович,рядовой,7,57
Макаров Дмитрий Андреевич,прапорщик,1,20
Макаров Дмитрий Дмитриевич,рядовой,4,53
Фёдоров Денис Михайлович,рядовой,12,19
Алексеев Егор Кириллович,капитан,6,37
Соловьёв Алексей Максимович,лейтенант,1,22
Лебедев Юрий Юрьевич,полковник,8,32
Семёнов Матвей Алексеевич,капитан,12,19
Кузнецов Егор Кириллович,лейтенант,4,20
Алексеев Никита Павлович,полковник,7,26
Сидоров Иван Дмитриевич,прапорщик,8,49
Соловьёв Матвей Максимович,лейтенант,4,49
Васильев Денис Михайлович,сержант,6,35
Козлов Виктор Викторович,полковник,2,28
Степанов Дмитрий Сергеевич,рядовой,7,51
Михайлов Кирилл Максимович,прапорщик,8,47
Алексеев Александр Иванович,полковник,8,22
Николаев Андрей Александрович,лейтенант,11,43
Яковлев Юрий Викторович,майор,4,34
Кочергин Константин Александрович,лейтенант,3,52
Степанов Денис Романович,капитан,3,44
Михайлов Денис Юрьевич,прапорщик,6,19
Николаев Матвей Юрьевич,рядовой,3,31
Никитин Сергей Максимович,полковник,12,39
Попов Михаил Юрьевич,рядовой,6,44
Кузнецов Егор Михайлович,сержант,10,32
Семёнов Михаил Дмитриевич,рядовой,6,48
Сидоров Максим Андреевич,лейтенант,7,36
Васильев Иван Олегович,сержант,12,41
Попов Андрей Сергеевич,рядовой,4,55
Борисов Андрей Юрьевич,сержант,12,23
Зайцев Роман Алексеевич,полковник,10,59
Козлов Виктор Иванович,рядовой,8,20
Степанов Никита Андреевич,рядовой,3,55
Смирнов Никита Максимович,рядовой,4,23
Павлов Роман Кириллович,майор,8,58
Захаров Никита Романович,полковник,10,29
Михайлов Максим Олегович,майор,2,24
Фёдоров Иван Алексеевич,прапорщик,9,55
Петров Сергей Александрович,майор,11,58
Зайцев Кирилл Михайлович,капитан,12,31
Степанов Артём Викторович,капитан,11,50
Захаров Максим Алексеевич,сержант,4,34
Никитин Константин Андреевич,рядовой,12,43
Павлов Артём Михайлович,лейтенант,6,35
Соловьёв Павел Максимович,майор,7,18
Сидоров Максим Иванович,сержант,6,34
Алексеев Матвей Павлович,капитан,12,24
Кузнецов Михаил Михайлович,сержант,8,30
Попов Дмитрий Максимович,майор,10,34
Михайлов Кирилл Ильич,прапорщик,5,34
Андреев Егор Максимович,лейтенант,10,26
Васильев Михаил Олегович,лейтенант,8,48
Иванов Никита Андреевич,лейтенант,9,37
Павлов Евгений Павлович,капитан,3,48
Макаров Андрей Ильич,капитан,12,23
Морозов Артём Викторович,полковник,6,52
Макаров Евгений Юрьевич,рядовой,4,22
Павлов Алексей Алексеевич,полковник,3,27
Васильев Алексей Олегович,сержант,6,33
Орлов Матвей Алексеевич,лейтенант,6,46
Смирнов Кирилл Олегович,майор,12,39
Орлов Евгений Юрьевич,рядовой,4,48
Соловьёв Роман Юрьевич,полковник,5,25
Кузнецов Кирилл Сергеевич,рядовой,4,24
Андреев Роман Михайлович,рядовой,12,18
Степанов Максим Дмитриевич,капитан,7,32
Сидоров Андрей Никитич,сержант,10,58
Петров Егор Кириллович,лейтенант,4,21
Зайцев Юрий Павлович,лейтенант,5,18
Кочергин Роман Павлович,прапорщик,4,44
Козлов Илья Юрьевич,рядовой,1,22
Степанов Илья Иванович,капитан,12,55
Борисов Константин Кириллович,лейтенант,12,43
Борисов Максим Павлович,сержант,12,27
Михайлов Дмитрий Павлович,полковник,10,32
Макаров Егор Михайлович,полковник,11,44
Морозов Денис Кириллович,майор,10,45
Фёдоров Михаил Александрович,майор,9,35
Петров Илья Сергеевич,майор,7,21
Сидоров Виктор Ильич,рядовой,9,45
Андреев Максим Алексеевич,полковник,2,50
Смирнов Дмитрий Романович,майор,2,33
Козлов Денис Павлович,майор,7,53
Кочергин Никита Андреевич,лейтенант,2,43
Сидоров Юрий Кириллович,майор,2,47
Никитин Егор Никитич,сержант,1,36
Новиков Дмитрий Ильич,капитан,1,39
Козлов Иван Кириллович,рядовой,2,38
Егоров Олег Сергеевич,прапорщик,12,51
Никитин Матвей Павлович,майор,3,51
Морозов Степан Иванович,капитан,6,21
Семёнов Виктор Александрович,капитан,9,48
Попов Степан Никитич,капитан,9,56
Алексеев Александр Ильич,прапорщик,9,52
Степанов Артём Юрьевич,полковник,11,43
Кузнецов Олег Никитич,капитан,11,18
Смирнов Александр Дмитриевич,майор,1,53
Андреев Михаил Михайлович,рядовой,6,54
Орлов Сергей Викторович,сержант,2,53
Кочергин Дмитрий Олегович,прапорщик,9,58
Петров Иван Романович,сержант,5,52
Борисов Константин Дмитриевич,рядовой,2,30
Новиков Роман Андреевич,прапорщик,1,37
Иванов Кирилл Никитич,сержант,1,37
Фёдоров Кирилл Викторович,прапорщик,3,35
Захаров Артём Андреевич,капитан,7,37
Николаев Матвей Андреевич,полковник,1,51
Яковлев Алексей Максимович,капитан,3,33
Кузнецов Артём Алексеевич,лейтенант,10,37
Кузнецов Денис Ильич,прапорщик,3,26
Фёдоров Кирилл Максимович,прапорщик,6,23
Петров Павел Алексеевич,полковник,8,38
Фёдоров Роман Ильич,майор,8,43
Михайлов Александр Алексеевич,лейтенант,1,50
Павлов Роман Андреевич,рядовой,4,28
Захаров Сергей Павлович,полковник,12,40
Фёдоров Павел Романович,сержант,11,49
Попов Илья Кириллович,майор,3,48
Соколов Никита Дмитриевич,майор,9,18
Андреев Кирилл Павлович,прапорщик,3,21
Зайцев Андрей Иванович,прапорщик,6,48
Борисов Сергей Романович,рядовой,3,56
Павлов Юрий Кириллович,майор,8,24
Зайцев Алексей Максимович,рядовой,8,59
Соколов Юрий Дмитриевич,лейтенант,3,20
Петров Максим Александрович,прапорщик,11,59
Алексеев Михаил Викторович,полковник,2,38
Яковлев Юрий Ильич,лейтенант,8,32
Морозов Михаил Викторович,рядовой,10,60
Павлов Максим Ильич,сержант,2,24
Павлов Александр Иванович,майор,5,24
Иванов Виктор Александрович,прапорщик,12,37
Зайцев Илья Олегович,рядовой,6,19
Николаев Матвей Андреевич,прапорщик,11,52
Кузнецов Евгений Иванович,капитан,6,48
Степанов Степан Александрович,сержант,4,57
Смирнов Павел Павлович,сержант,5,19
Захаров Никита Александрович,капитан,4,24
Яковлев Виктор Андреевич,сержант,4,32
Иванов Михаил Олегович,прапорщик,8,28
Макаров Алексей Дмитриевич,лейтенант,5,21
Новиков Андрей Алексеевич,прапорщик,6,54
Иванов Максим Юрьевич,сержант,3,26
Степанов Александр Викторович,сержант,10,40
Михайлов Евгений Олегович,лейтенант,4,28
Захаров Константин Алексеевич,капитан,8,54
Смирнов Матвей Сергеевич,сержант,11,36
Макаров Дмитрий Максимович,прапорщик,9,28
Захаров Максим Ильич,майор,4,20
Орлов Иван Никитич,майор,9,31
Соловьёв Иван Никитич,капитан,10,46
Кузнецов Константин Олегович,капитан,7,58
Никитин Сергей Андреевич,прапорщик,4,40
Морозов Матвей Андреевич,майор,11,30
Захаров Евгений Романович,капитан,12,55
Никитин Виктор Михайлович,рядовой,9,46
Соколов Артём Викторович,майор,11,39
Соловьёв Олег Александрович,майор,3,20
Фёдоров Денис Кириллович,капитан,6,20
Кочергин Павел Романович,сержант,3,44
Егоров Михаил Кириллович,лейтенант,2,38
Никитин Никита Кириллович,майор,7,51
Никитин Кирилл Ильич,прапорщик,10,37
Яковлев Никита Павлович,сержант,6,18
Иванов Константин Александрович,капитан,7,19
Никитин Никита Дмитриевич,капитан,11,53
Степанов Сергей Иванович,полковник,9,40
Козлов Илья Романович,рядовой,4,58
Смирнов Юрий Олегович,капитан,11,37
Алексеев Андрей Александрович,сержант,1,53
Андреев Алексей Михайлович,рядовой,12,18
Никитин Артём Максимович,майор,7,31
Лебедев Евгений Андреевич,майор,8,53
Яковлев Константин Сергеевич,рядовой,6,22
Андреев Сергей Сергеевич,полковник,9,42
Алексеев Павел Михайлович,капитан,8,60
Борисов Денис Александрович,сержант,4,51
Захаров Денис Максимович,сержант,5,25
Никитин Максим Андреевич,сержант,8,20
Морозов Александр Иванович,капитан,8,58
Морозов Алексей Юрьевич,капитан,9,23
Зайцев Денис Павлович,рядовой,9,36
Макаров Павел Андреевич,лейтенант,12,30
Лебедев Максим Никитич,лейтенант,9,18
Орлов Никита Дмитриевич,сержант,5,42
Степанов Матвей Олегович,прапорщик,12,25
Соловьёв Олег Никитич,майор,1,29
Сидоров Степан Романович,капитан,12,43
Захаров Иван Дмитриевич,майор,6,57
Иванов Алексей Дмитриевич,капитан,11,57
Кочергин Виктор Ильич,лейтенант,1,24
Смирнов Андрей Михайлович,лейтенант,4,51
Петров Евгений Кириллович,капитан,9,34
Козлов Евгений Юрьевич,полковник,8,37
Фёдоров Михаил Никитич,рядовой,1,46
Лебедев Кирилл Дмитриевич,майор,5,18
Соколов Максим Олегович,сержант,9,60
Яковлев Сергей Романович,полковник,10,48
Михайлов Михаил Викторович,сержант,3,45
Кузнецов Дмитрий Юрьевич,полковник,2,53
Козлов Кирилл Юрьевич,лейтенант,4,55
Борисов Михаил Михайлович,капитан,5,41
Соколов Никита Ильич,полковник,7,19
Новиков Артём Сергеевич,лейтенант,5,35
Алексеев Егор Юрьевич,лейтенант,12,45
Иванов Павел Ильич,майор,4,29
Яковлев Кирилл Никитич,прапорщик,1,48
Морозов Виктор Дмитриевич,лейтенант,4,55
Морозов Иван Олегович,прапорщик,3,39
Михайлов Константин Олегович,прапорщик,2,53
Никитин Евгений Иванович,полковник,5,43
Макаров Артём Кириллович,рядовой,1,55
Павлов Денис Никитич,капитан,5,52
Михайлов Роман Олегович,рядовой,11,43
Васильев Егор Ильич,рядовой,9,40
Орлов Егор Александрович,прапорщик,5,60
Михайлов Никита Олегович,рядовой,11,57
Новиков Степан Юрьевич,прапорщик,10,50
Сидоров Сергей Романович,майор,10,24
Алексеев Павел Викторович,майор,3,33
Попов Сергей Сергеевич,майор,6,60
Новиков Евгений Олегович,рядовой,5,58
Семёнов Юрий Иванович,капитан,10,24
Иванов Павел Ильич,майор,1,38
Соловьёв Александр Кириллович,сержант,3,33
Петров Михаил Михайлович,сержант,11,20
Козлов Денис Андреевич,майор,9,56
Никитин Павел Иванович,полковник,12,18
Кузнецов Константин Максимович,прапорщик,6,40
Орлов Павел Максимович,полковник,4,54
Петров Никита Алексеевич,полковник,8,36
Смирнов Егор Ильич,полковник,7,50
Михайлов Олег Олегович,полковник,7,19
Соловьёв Иван Ильич,полковник,10,53
Николаев Максим Ильич,полковник,10,24
Петров Виктор Олегович,лейтенант,3,52
Соловьёв Роман Сергеевич,лейтенант,10,23
Егоров Никита Дмитриевич,прапорщик,12,37
Новиков Евгений Романович,рядовой,3,44
Кузнецов Максим Михайлович,капитан,10,30
Лебедев Степан Александрович,полковник,10,57
Яковлев Артём Максимович,сержант,9,34
Кузнецов Алексей Кириллович,капитан,3,45
Егоров Александр Максимович,лейтенант,5,33
Соловьёв Иван Сергеевич,прапорщик,9,22
Лебедев Максим Романович,капитан,6,44
Николаев Дмитрий Олегович,рядовой,5,41
Захаров Роман Максимович,лейтенант,7,54
Фёдоров Степан Андреевич,полковник,12,59
Павлов Роман Ильич,сержант,3,55
Андреев Егор Александрович,сержант,2,46
Кузнецов Кирилл Иванович,полковник,6,38
Козлов Виктор Викторович,рядовой,11,40
Фёдоров Роман Дмитриевич,майор,5,36
Николаев Денис Кириллович,рядовой,8,19
Борисов Иван Андреевич,рядовой,6,36
Новиков Сергей Иванович,полковник,6,40
Сидоров Евгений Александрович,капитан,9,46
Иванов Сергей Алексеевич,капитан,5,47
Лебедев Иван Сергеевич,полковник,8,50
Орлов Константин Алексеевич,майор,8,37
Сидоров Максим Ильич,прапорщик,12,22
Васильев Константин Александрович,майор,9,28
Морозов Дмитрий Александрович,майор,8,23
Смирнов Дмитрий Дмитриевич,прапорщик,4,59
Егоров Александр Андреевич,полковник,2,32
Яковлев Александр Кириллович,полковник,9,59
Михайлов Алексей Андреевич,рядовой,6,18
Попов Денис Романович,лейтенант,1,39
Кузнецов Михаил Никитич,прапорщик,1,26
Сидоров Никита Ильич,полковник,10,55
Кузнецов Олег Андреевич,рядовой,9,21
Михайлов Илья Никитич,лейтенант,3,19
Попов Матвей Дмитриевич,майор,11,32
Петров Дмитрий Олегович,сержант,12,45
Семёнов Артём Алексеевич,прапорщик,10,37
Лебедев Егор Олегович,сержант,6,33
Зайцев Олег Олегович,сержант,2,28
Иванов Максим Андреевич,рядовой,9,45
Новиков Константин Кириллович,сержант,7,26
Степанов Денис Алексеевич,рядовой,9,41
Петров Матвей Павлович,прапорщик,8,19
Соловьёв Кирилл Никитич,полковник,7,35
Соколов Денис Олегович,майор,11,18
Андреев Егор Олегович,лейтенант,11,57
Лебедев Алексей Никитич,полковник,10,42
Соколов Константин Романович,сержант,3,55
Алексеев Матвей Максимович,полковник,11,48
Новиков Сергей Никитич,прапорщик,1,47
Павлов Алексей Александрович,полковник,10,18
Смирнов Евгений Павлович,капитан,1,27
Васильев Андрей Никитич,майор,7,23
Фёдоров Олег Кириллович,полковник,6,31
Степанов Иван Андреевич,полковник,4,54
Захаров Александр Кириллович,полковник,8,29
Кочергин Евгений Ильич,лейтенант,2,19
Егоров Никита Иванович,рядовой,8,22
Новиков Егор Олегович,рядовой,4,48
Михайлов Дмитрий Александрович,лейтенант,5,34
Сидоров Сергей Юрьевич,капитан,4,19
Семёнов Олег Сергеевич,капитан,9,20
Морозов Сергей Андреевич,майор,4,32
Петров Кирилл Иванович,прапорщик,4,37
Павлов Артём Никитич,лейтенант,6,30
Степанов Матвей Никитич,полковник,9,53
Борисов Павел Иванович,полковник,5,20
Зайцев Олег Олегович,сержант,5,37
Сидоров Юрий Андреевич,капитан,3,40
Алексеев Егор Андреевич,прапорщик,7,24
Попов Кирилл Сергеевич,лейтенант,12,47
Яковлев Иван Павлович,сержант,4,34
Морозов Степан Павлович,полковник,6,25
Козлов Андрей Олегович,капитан,8,43
Попов Матвей Никитич,рядовой,8,31
Андреев Алексей Романович,майор,1,20
Попов Сергей Юрьевич,майор,4,43
Петров Константин Ильич,лейтенант,12,30
Сидоров Кирилл Андреевич,майор,6,25
Михайлов Никита Алексеевич,полковник,7,54
Борисов Андрей Юрьевич,полковник,10,24
Алексеев Юрий Александрович,сержант,7,58
Алексеев Артём Никитич,лейтенант,10,60
Иванов Степан Михайлович,лейтенант,4,18
Кузнецов Михаил Олегович,рядовой,12,24
Кузнецов Константин Иванович,майор,3,19
Михайлов Матвей Олегович,лейтенант,1,29
Кочергин Олег Ильич,рядовой,4,45
Михайлов Кирилл Максимович,сержант,12,41
Яковлев Артём Ильич,майор,2,39
Егоров Павел Павлович,майор,8,38
Михайлов Евгений Алексеевич,майор,5,22
Кузнецов Алексей Дмитриевич,полковник,11,40
Семёнов Максим Никитич,капитан,1,56
Иванов Константин Викторович,полковник,4,25
Соловьёв Константин Никитич,капитан,12,54
Борисов Роман Юрьевич,майор,4,53
Лебедев Юрий Александрович,рядовой,3,58
Никитин Павел Кириллович,полковник,5,33
Зайцев Константин Александрович,лейтенант,3,44
Павлов Михаил Александрович,майор,6,22
Соколов Александр Александрович,капитан,4,55
Степанов Юрий Викторович,рядовой,3,19
Степанов Константин Олегович,полковник,8,42
Козлов Евгений Никитич,лейтенант,5,43
Павлов Артём Иванович,полковник,10,27
Лебедев Виктор Викторович,майор,8,58
Соколов Сергей Викторович,лейтенант,12,50
Морозов Олег Викторович,лейтенант,8,45
Яковлев Константин Юрьевич,прапорщик,1,18
Яковлев Денис Александрович,майор,11,33
Николаев Андрей Михайлович,сержант,11,23
Борисов Константин Алексеевич,полковник,1,52
Николаев Илья Олегович,прапорщик,4,42
Кузнецов Максим Александрович,полковник,11,56
Зайцев Константин Михайлович,сержант,7,52
Андреев Александр Андреевич,майор,10,20
Павлов Дмитрий Романович,полковник,1,55
Яковлев Сергей Викторович,лейтенант,12,21
Павлов Константин Викторович,прапорщик,12,32
Яковлев Степан Дмитриевич,полковник,2,50
Степанов Юрий Дмитриевич,рядовой,5,36
Макаров Максим Павлович,майор,7,30
Фёдоров Никита Иванович,капитан,11,38
Семёнов Александр Олегович,сержант,2,56
Степанов Андрей Никитич,сержант,12,30
Павлов Никита Сергеевич,полковник,6,31
Семёнов Илья Михайлович,лейтенант,9,32
Павлов Максим Дмитриевич,сержант,10,31
Степанов Дмитрий Олегович,лейтенант,10,34
Васильев Константин Алексеевич,майор,9,35
Степанов Сергей Юрьевич,полковник,1,26
Никитин Никита Михайлович,майор,2,26
Орлов Андрей Александрович,прапорщик,6,32
Зайцев Максим Викторович,полковник,8,33
Егоров Дмитрий Олегович,рядовой,3,54
Орлов Олег Романович,лейтенант,4,54
Петров Евгений Кириллович,капитан,11,45
Степанов Константин Сергеевич,капитан,11,37
Андреев Артём Иванович,рядовой,7,22
Зайцев Виктор Алексеевич,майор,1,39
Фёдоров Михаил Сергеевич,сержант,3,23
Алексеев Евгений Олегович,капитан,4,44
Кузнецов Кирилл Андреевич,сержант,7,42
Кочергин Евгений Алексеевич,сержант,2,58
Степанов Андрей Кириллович,лейтенант,2,20
Алексеев Андрей Романович,лейтенант,4,55
Соколов Олег Юрьевич,капитан,6,53
Павлов Сергей Ильич,прапорщик,5,50
Михайлов Кирилл Юрьевич,полковник,6,25
Соколов Иван Максимович,сержант,12,54
Соколов Денис Андреевич,майор,6,55
Зайцев Никита Кириллович,лейтенант,12,49
Васильев Юрий Сергеевич,полковник,9,60
Петров Алексей Алексеевич,капитан,1,42
Алексеев Юрий Павлович,прапорщик,1,18
Михайлов Никита Ильич,майор,5,28
Петров Денис Олегович,капитан,2,33
Михайлов Павел Романович,капитан,5,46
Егоров Егор Ильич,рядовой,6,31
Морозов Михаил Кириллович,лейтенант,7,39
Фёдоров Виктор Иванович,полковник,5,48
Борисов Степан Олегович,сержант,3,28
Семёнов Никита Иванович,капитан,11,45
Андреев Артём Максимович,полковник,5,51
Соловьёв Андрей Кириллович,прапорщик,11,45
Зайцев Кирилл Максимович,рядовой,5,24
Никитин Андрей Викторович,майор,4,38
Михайлов Илья Сергеевич,рядовой,1,44
Соловьёв Никита Павлович,полковник,3,23
Яковлев Андрей Александрович,сержант,11,60
Фёдоров Александр Олегович,лейтенант,12,22
Кочергин Егор Юрьевич,рядовой,9,31
Васильев Степан Никитич,лейтенант,8,55
Соколов Максим Кириллович,рядовой,10,47
Семёнов Виктор Сергеевич,прапорщик,4,48
Андреев Александр Павлович,полковник,12,26
Степанов Виктор Романович,сержант,4,31
Соколов Сергей Олегович,лейтенант,7,49
Борисов Павел Александрович,сержант,9,27
Зайцев Илья Павлович,капитан,8,36
Яковлев Максим Дмитриевич,рядовой,10,40
Николаев Александр Павлович,лейтенант,1,43
Иванов Матвей Романович,сержант,12,58
Кузнецов Сергей Андреевич,прапорщик,2,35
Кочергин Роман Никитич,прапорщик,2,29
Степанов Илья Кириллович,рядовой,3,32
Яковлев Сергей Иванович,капитан,4,60
Николаев Иван Ильич,капитан,4,53
Попов Алексей Дмитриевич,майор,7,40
Никитин Егор Иванович,прапорщик,8,42
Орлов Иван Никитич,рядовой,5,32
Лебедев Алексей Дмитриевич,лейтенант,7,53
Петров Илья Максимович,капитан,2,31
Соловьёв Евгений Кириллович,рядовой,6,59
Кочергин Андрей Андреевич,капитан,11,44
Соколов Максим Павлович,сержант,5,43
Соколов Сергей Юрьевич,полковник,6,22
Петров Илья Романович,капитан,10,35
Андреев Михаил Сергеевич,лейтенант,6,50
Степанов Виктор Сергеевич,сержант,9,54
Новиков Алексей Андреевич,прапорщик,2,43
Павлов Виктор Андреевич,сержант,1,57
Новиков Андрей Павлович,майор,11,21
Соловьёв Евгений Кириллович,полковник,12,59
Михайлов Денис Павлович,сержант,5,57
Морозов Сергей Викторович,майор,9,47
Павлов Кирилл Михайлович,прапорщик,2,29
Андреев Юрий Максимович,прапорщик,12,55
Семёнов Максим Викторович,капитан,11,39
Семёнов Алексей Иванович,полковник,6,40
Михайлов Роман Дмитриевич,рядовой,2,50
Захаров Илья Ильич,полковник,4,22
Степанов Олег Никитич,полковник,1,28
Яковлев Максим Романович,сержант,1,42
Кочергин Андрей Олегович,лейтенант,1,34
Морозов Егор Алексеевич,майор,5,35
Яковлев Алексей Кириллович,прапорщик,7,25
Андреев Юрий Олегович,прапорщик,9,59
Никитин Артём Никитич,рядовой,12,39
Соловьёв Дмитрий Александрович,капитан,10,47
Соловьёв Андрей Ильич,лейтенант,7,55
Новиков Максим Алексеевич,лейтенант,3,50
Михайлов Евгений Викторович,рядовой,8,24
Иванов Егор Романович,рядовой,7,39
Борисов Александр Олегович,прапорщик,9,18
Зайцев Юрий Олегович,лейтенант,2,50
Степанов Алексей Ильич,сержант,2,21
Лебедев Матвей Ильич,полковник,7,19
Васильев Александр Иванович,сержант,10,36
Попов Дмитрий Никитич,капитан,4,59
Алексеев Константин Алексеевич,лейтенант,4,47
Иванов Александр Дмитриевич,рядовой,8,38
Алексеев Дмитрий Павлович,рядовой,2,28
Соловьёв Виктор Олегович,прапорщик,8,23
Андреев Михаил Викторович,рядовой,6,20
Сидоров Сергей Павлович,сержант,11,29
Кузнецов Артём Максимович,полковник,3,23
Николаев Степан Сергеевич,капитан,2,38
Кузнецов Евгений Дмитриевич,прапорщик,3,23
Степанов Михаил Александрович,капитан,11,35
Семёнов Кирилл Юрьевич,сержант,3,43
Захаров Сергей Олегович,майор,7,24
Соколов Денис Сергеевич,прапорщик,8,55
Борисов Матвей Павлович,рядовой,6,54
Захаров Кирилл Ильич,лейтенант,1,55
Орлов Олег Ильич,сержант,12,29
Соколов Матвей Павлович,прапорщик,4,45
Степанов Михаил Сергеевич,полковник,1,50
Семёнов Сергей Александрович,прапорщик,5,24
Макаров Андрей Андреевич,сержант,2,35
Васильев Илья Викторович,полковник,1,21
Новиков Юрий Александрович,лейтенант,9,20
Иванов Александр Павлович,рядовой,7,22
Павлов Александр Викторович,рядовой,11,57
Николаев Матвей Дмитриевич,рядовой,1,42
Лебедев Сергей Иванович,полковник,9,59
Фёдоров Никита Максимович,капитан,3,27
Петров Иван Юрьевич,рядовой,8,55
Захаров Денис Александрович,рядовой,1,23
Иванов Павел Романович,лейтенант,12,41
Никитин Константин Андреевич,капитан,6,27
Борисов Максим Александрович,лейтенант,6,44
Степанов Александр Олегович,прапорщик,11,20
Попов Алексей Юрьевич,капитан,1,37
Кузнецов Сергей Никитич,капитан,6,33
Соловьёв Юрий Никитич,прапорщик,5,27
Яковлев Евгений Юрьевич,майор,6,21
Козлов Степан Павлович,капитан,11,31
Михайлов Алексей Михайлович,лейтенант,10,24
Соколов Никита Кириллович,прапорщик,10,32
Кочергин Степан Павлович,полковник,1,28
Павлов Артём Александрович,капитан,7,44
Лебедев Сергей Алексеевич,лейтенант,2,47
Соловьёв Дмитрий Ильич,майор,12,30
Степанов Евгений Павлович,майор,2,31
Андреев Олег Кириллович,капитан,5,18
Захаров Александр Кириллович,полковник,3,37
Соколов Александр Никитич,сержант,5,20
Борисов Юрий Иванович,капитан,9,58
Яковлев Виктор Михайлович,рядовой,4,57
Соловьёв Константин Дмитриевич,рядовой,5,33
Смирнов Артём Иванович,майор,7,49
Попов Максим Иванович,полковник,10,36
Семёнов Андрей Никитич,майор,9,60
Козлов Алексей Юрьевич,прапорщик,9,33
Егоров Виктор Кириллович,прапорщик,6,43
Яковлев Виктор Кириллович,сержант,1,48
Соколов Матвей Сергеевич,лейтенант,1,29
Егоров Матвей Михайлович,лейтенант,12,47
Степанов Дмитрий Сергеевич,лейтенант,10,49
Алексеев Константин Романович,лейтенант,7,50
Никитин Андрей Андреевич,майор,6,32
Семёнов Кирилл Юрьевич,сержант,10,24
Васильев Сергей Максимович,сержант,4,24
Новиков Павел Алексеевич,полковник,7,29
Егоров Юрий Кириллович,полковник,9,33
Орлов Виктор Викторович,рядовой,10,20
Борисов Евгений Алексеевич,капитан,11,57
Иванов Андрей Ильич,прапорщик,9,45
Борисов Константин Александрович,полковник,10,20
Зайцев Степан Кириллович,полковник,10,47
Николаев Максим Андреевич,полковник,11,59
Морозов Виктор Алексеевич,майор,6,35
Попов Максим Олегович,рядовой,3,23
Семёнов Матвей Павлович,капитан,12,19
Борисов Кирилл Ильич,сержант,4,37
Кочергин Евгений Александрович,прапорщик,12,21
Павлов Сергей Ильич,лейтенант,6,35
Степанов Виктор Александрович,полковник,7,36
Захаров Михаил Дмитриевич,прапорщик,9,36
Васильев Михаил Кириллович,лейтенант,3,58
Лебедев Роман Максимович,рядовой,1,41
Яковлев Артём Юрьевич,сержант,8,49
Фёдоров Юрий Викторович,рядовой,12,54
Васильев Артём Максимович,капитан,4,22
Сидоров Александр Павлович,капитан,12,27
Павлов Илья Максимович,прапорщик,1,31
Кочергин Константин Александрович,прапорщик,6,40
Яковлев Матвей Романович,прапорщик,5,31
Павлов Андрей Михайлович,рядовой,10,32
Фёдоров Дмитрий Павлович,рядовой,5,24
Никитин Максим Ильич,прапорщик,10,53
Алексеев Евгений Андреевич,рядовой,1,43
Степанов Евгений Романович,сержант,8,50
Соловьёв Денис Юрьевич,рядовой,11,26
Егоров Роман Сергеевич,сержант,10,50
Кочергин Юрий Кириллович,сержант,5,25
Семёнов Илья Викторович,капитан,5,21
Васильев Артём Михайлович,сержант,2,34
Михайлов Артём Олегович,прапорщик,10,31
Васильев Михаил Павлович,полковник,10,34
Яковлев Андрей Ильич,капитан,4,49
Фёдоров Роман Романович,майор,7,34
Захаров Андрей Павлович,капитан,2,34
Новиков Олег Олегович,капитан,11,27
Алексеев Андрей Сергеевич,сержант,5,41
Степанов Егор Дмитриевич,прапорщик,3,36
Соловьёв Андрей Никитич,прапорщик,7,28
Борисов Матвей Иванович,лейтенант,10,21
Соловьёв Максим Иванович,лейтенант,3,20
Козлов Алексей Кириллович,прапорщик,7,39
Николаев Кирилл Максимович,сержант,5,30
Никитин Егор Никитич,прапорщик,3,54
Егоров Степан Алексеевич,полковник,5,60
Попов Илья Романович,прапорщик,10,47
Лебедев Андрей Сергеевич,лейтенант,5,19
Яковлев Алексей Михайлович,полковник,5,21
Михайлов Андрей Олегович,майор,6,32
Захаров Денис Александрович,сержант,10,58
Николаев Роман Никитич,лейтенант,5,58
Зайцев Олег Алексеевич,капитан,9,27
Павлов Сергей Олегович,майор,4,60
Макаров Виктор Андреевич,сержант,4,37
Смирнов Олег Олегович,капитан,11,29
Никитин Сергей Юрьевич,прапорщик,6,49
Петров Никита Ильич,полковник,2,19
Новиков Евгений Олегович,прапорщик,5,25
Кочергин Артём Алексеевич,сержант,12,57
Степанов Константин Олегович,сержант,6,57
Попов Роман Кириллович,лейтенант,3,50
Степанов Роман Михайлович,полковник,6,51
Смирнов Степан Павлович,полковник,7,27
Зайцев Матвей Иванович,полковник,1,42
Алексеев Михаил Алексеевич,прапорщик,3,50
Захаров Дмитрий Павлович,капитан,4,56
Орлов Кирилл Михайлович,сержант,12,21
Кузнецов Александр Романович,капитан,7,42
Кузнецов Кирилл Кириллович,капитан,2,45
Орлов Никита Александрович,капитан,8,28
Козлов Евгений Ильич,рядовой,9,23
Орлов Роман Ильич,полковник,2,60
Иванов Роман Иванович,прапорщик,9,25
Петров Андрей Кириллович,лейтенант,11,41
Кузнецов Андрей Кириллович,прапорщик,4,38
Николаев Степан Ильич,майор,4,30
Захаров Виктор Дмитриевич,прапорщик,8,56
Новиков Максим Павлович,рядовой,3,19
Семёнов Роман Андреевич,сержант,12,45
Соколов Юрий Кириллович,капитан,9,23
Козлов Евгений Дмитриевич,прапорщик,11,37
Попов Виктор Михайлович,полковник,9,52
Павлов Степан Андреевич,рядовой,10,21
Соловьёв Юрий Александрович,прапорщик,8,51
Андреев Кирилл Алексеевич,рядовой,9,51
Егоров Никита Юрьевич,лейтенант,6,59
Егоров Павел Александрович,лейтенант,8,35
Петров Роман Александрович,лейтенант,10,33
Павлов Денис Павлович,прапорщик,12,41
Захаров Степан Романович,прапорщик,1,20
Степанов Сергей Михайлович,капитан,8,26
Сидоров Матвей Андреевич,рядовой,2,54
Зайцев Юрий Дмитриевич,капитан,3,40
Макаров Иван Дмитриевич,полковник,2,54
Соколов Матвей Михайлович,сержант,7,46
Петров Юрий Романович,полковник,10,57
Иванов Михаил Андреевич,лейтенант,2,21
Никитин Роман Павлович,прапорщик,7,21
Борисов Олег Иванович,капитан,8,46
Попов Павел Михайлович,рядовой,6,34
Петров Константин Викторович,лейтенант,10,34
Лебедев Павел Викторович,рядовой,4,24
Смирнов Юрий Алексеевич,сержант,9,36
Иванов Никита Кириллович,полковник,11,41
Лебедев Артём Сергеевич,лейтенант,9,39
Новиков Никита Ильич,прапорщик,1,20
Иванов Сергей Ильич,прапорщик,5,28
Яковлев Матвей Алексеевич,полковник,2,45
Павлов Алексей Дмитриевич,сержант,6,27
Попов Артём Юрьевич,полковник,11,50
Зайцев Никита Александрович,капитан,3,23
Орлов Сергей Кириллович,лейтенант,1,26
Семёнов Кирилл Олегович,лейтенант,4,25
Фёдоров Матвей Павлович,лейтенант,12,58
Никитин Константин Михайлович,прапорщик,2,32
Семёнов Евгений Викторович,полковник,8,58
Андреев Степан Ильич,полковник,5,30
Николаев Александр Максимович,прапорщик,2,27
Лебедев Кирилл Кириллович,рядовой,11,30
Попов Максим Романович,рядовой,1,46
Борисов Виктор Олегович,сержант,11,23
Сидоров Денис Алексеевич,сержант,12,50
Яковлев Олег Андреевич,капитан,4,49
Морозов Илья Олегович,рядовой,3,54
Егоров Иван Юрьевич,полковник,7,51
Андреев Дмитрий Андреевич,прапорщик,12,47
Макаров Константин Сергеевич,майор,9,42
Николаев Иван Дмитриевич,сержант,1,55
Смирнов Егор Павлович,сержант,1,35
Соловьёв Александр Викторович,рядовой,6,57
Павлов Андрей Никитич,полковник,1,20
Макаров Алексей Юрьевич,капитан,6,41
Васильев Илья Викторович,сержант,10,30
Орлов Роман Алексеевич,полковник,8,26
Соколов Алексей Олегович,лейтенант,5,49
Васильев Роман Ильич,сержант,12,24
Иванов Роман Максимович,капитан,9,57
Иванов Юрий Юрьевич,лейтенант,4,48
Козлов Кирилл Сергеевич,сержант,11,39
Андреев Егор Сергеевич,сержант,3,19
Михайлов Илья Сергеевич,сержант,11,19
Никитин Олег Ильич,прапорщик,8,18
Петров Виктор Павлович,сержант,3,20
Никитин Михаил Сергеевич,майор,2,38
Кузнецов Кирилл Никитич,сержант,4,21
Андреев Олег Павлович,прапорщик,7,57
Морозов Михаил Викторович,полковник,1,60
Степанов Андрей Олегович,прапорщик,4,34
Яковлев Максим Юрьевич,рядовой,3,36
Новиков Егор Алексеевич,сержант,4,25
Попов Егор Викторович,капитан,9,36
Алексеев Егор Михайлович,лейтенант,9,45
Егоров Олег Ильич,рядовой,8,43
Андреев Никита Никитич,лейтенант,6,42
Соловьёв Михаил Олегович,майор,6,38
Соколов Степан Романович,майор,10,57
Захаров Юрий Никитич,майор,9,33
Алексеев Константин Михайлович,полковник,12,47
Соколов Иван Олегович,лейтенант,7,19
Сидоров Константин Павлович,рядовой,4,36
Козлов Егор Андреевич,майор,7,46
Соколов Александр Никитич,прапорщик,11,24
Макаров Иван Кириллович,капитан,6,30
Андреев Денис Максимович,капитан,9,47
Морозов Максим Кириллович,капитан,11,27
Зайцев Никита Иванович,капитан,4,41
Смирнов Александр Романович,лейтенант,4,51
Алексеев Константин Иванович,сержант,7,54
Морозов Максим Викторович,майор,9,19
Зайцев Илья Дмитриевич,лейтенант,11,43
Попов Олег Иванович,капитан,2,55
Васильев Илья Павлович,полковник,2,58
Сидоров Павел Михайлович,прапорщик,4,27
Макаров Виктор Александрович,капитан,10,49
Васильев Кирилл Павлович,сержант,5,53
Кузнецов Роман Романович,полковник,1,46
Егоров Егор Кириллович,лейтенант,11,45
Яковлев Михаил Никитич,рядовой,2,55
Соколов Михаил Михайлович,прапорщик,8,49
Борисов Илья Романович,майор,9,55
Соловьёв Артём Викторович,майор,9,29
Попов Егор Олегович,полковник,1,57
Новиков Виктор Олегович,лейтенант,4,40
Попов Илья Романович,полковник,1,40
Козлов Матвей Ильич,майор,4,55
Захаров Юрий Кириллович,сержант,6,33
Смирнов Кирилл Романович,сержант,7,39
Макаров Егор Дмитриевич,майор,11,58
Борисов Александр Александрович,лейтенант,9,30
Попов Иван Сергеевич,полковник,3,40
Захаров Роман Юрьевич,сержант,6,43
Егоров Максим Романович,сержант,2,22
Егоров Илья Андреевич,лейтенант,12,36
Захаров Матвей Иванович,сержант,11,55
Сидоров Егор Михайлович,полковник,2,31
Борисов Сергей Максимович,майор,12,42
Михайлов Никита Викторович,майор,2,25
Лебедев Кирилл Сергеевич,рядовой,9,34
Андреев Никита Максимович,полковник,12,26
Павлов Степан Максимович,лейтенант,11,23
Соколов Илья Иванович,капитан,10,31
Козлов Сергей Никитич,капитан,8,28
Сидоров Андрей Сергеевич,майор,9,41
Степанов Сергей Сергеевич,сержант,1,31
Сидоров Илья Алексеевич,сержант,12,39
Семёнов Степан Иванович,капитан,5,35
Алексеев Олег Викторович,полковник,10,20
Лебедев Андрей Викторович,прапорщик,8,58
Морозов Константин Андреевич,полковник,7,28
Семёнов Никита Сергеевич,сержант,4,49
Васильев Илья Иванович,майор,10,56
Иванов Михаил Михайлович,майор,10,37
Зайцев Степан Олегович,сержант,1,32
Захаров Денис Дмитриевич,капитан,12,42
Михайлов Денис Алексеевич,майор,11,55
Фёдоров Денис Юрьевич,лейтенант,4,57
Петров Денис Викторович,майор,6,60
Егоров Никита Олегович,капитан,2,25
Степанов Иван Иванович,рядовой,7,48
Соловьёв Константин Андреевич,капитан,5,40
Семёнов Максим Павлович,лейтенант,6,47
Степанов Кирилл Иванович,прапорщик,10,23
Петров Матвей Романович,сержант,12,54
Козлов Иван Сергеевич,полковник,1,57
Петров Андрей Дмитриевич,сержант,4,57
Лебедев Дмитрий Юрьевич,майор,10,35
Сидоров Иван Романович,полковник,9,42
Степанов Денис Кириллович,сержант,3,34
Сидоров Олег Ильич,полковник,10,38
Захаров Степан Никитич,сержант,4,25
Михайлов Алексей Александрович,прапорщик,7,35
Козлов Сергей Ильич,рядовой,1,40
Николаев Константин Алексеевич,лейтенант,4,24
Смирнов Роман Павлович,полковник,9,25
Морозов Павел Иванович,полковник,2,30
Соколов Дмитрий Юрьевич,лейтенант,11,28
Андреев Егор Дмитриевич,капитан,5,37
Семёнов Никита Кириллович,полковник,11,54
Егоров Дмитрий Романович,сержант,9,40
Семёнов Иван Павлович,прапорщик,6,29
Новиков Максим Сергеевич,майор,10,29
Николаев Роман Олегович,капитан,4,22
Новиков Егор Викторович,майор,7,27
Никитин Александр Юрьевич,майор,2,19
Кузнецов Матвей Юрьевич,лейтенант,8,44
Макаров Артём Романович,прапорщик,9,35
Захаров Олег Олегович,прапорщик,4,25
Кочергин Виктор Андреевич,полковник,11,56
Новиков Кирилл Юрьевич,капитан,3,44
Захаров Алексей Романович,рядовой,8,48
Кочергин Евгений Павлович,лейтенант,6,25
Борисов Евгений Андреевич,сержант,7,29
Захаров Павел Андреевич,сержант,10,20
Иванов Денис Кириллович,рядовой,12,30
Соловьёв Артём Юрьевич,майор,8,54
Фёдоров Кирилл Максимович,капитан,3,58
Морозов Егор Никитич,прапорщик,6,25
Михайлов Егор Викторович,полковник,11,50
Фёдоров Денис Иванович,майор,1,37
Павлов Роман Александрович,майор,10,24
Макаров Иван Никитич,рядовой,11,20
Степанов Артём Дмитриевич,сержант,2,40
Смирнов Матвей Олегович,прапорщик,9,30
Морозов Илья Александрович,рядовой,1,54
Николаев Александр Олегович,прапорщик,6,31
Васильев Дмитрий Максимович,рядовой,11,34
Алексеев Андрей Иванович,рядовой,9,60
Новиков Алексей Ильич,прапорщик,8,23
Николаев Евгений Иванович,лейтенант,5,20
Семёнов Матвей Ильич,сержант,12,27
Николаев Михаил Сергеевич,рядовой,10,40
Иванов Роман Дмитриевич,полковник,1,54
Попов Иван Кириллович,капитан,3,18
Андреев Егор Александрович,майор,10,59
Семёнов Матвей Викторович,капитан,11,59
Соловьёв Иван Юрьевич,прапорщик,7,29
Смирнов Матвей Никитич,полковник,3,36
Попов Роман Никитич,майор,11,37
Новиков Виктор Иванович,майор,12,23
Козлов Артём Романович,майор,5,23
Морозов Олег Юрьевич,лейтенант,9,32
Сидоров Михаил Андреевич,капитан,11,45
Иванов Матвей Никитич,прапорщик,11,34
Сидоров Денис Дмитриевич,сержант,2,20
Лебедев Алексей Сергеевич,рядовой,9,52
Новиков Никита Ильич,капитан,12,26
Кузнецов Павел Ильич,прапорщик,12,28
Орлов Сергей Никитич,прапорщик,12,29
Николаев Кирилл Алексеевич,капитан,2,19
Петров Андрей Никитич,лейтенант,2,52
Захаров Константин Романович,лейтенант,9,52
Макаров Дмитрий Михайлович,прапорщик,3,31
Фёдоров Дмитрий Никитич,сержант,9,53
Семёнов Александр Иванович,лейтенант,4,34
Кочергин Матвей Никитич,лейтенант,6,54
Кузнецов Андрей Максимович,сержант,5,24
Кузнецов Андрей Кириллович,рядовой,2,27
Смирнов Олег Андреевич,майор,8,18
Кочергин Олег Павлович,прапорщик,4,27
Козлов Максим Ильич,сержант,3,37
Яковлев Олег Максимович,сержант,11,45
Сидоров Дмитрий Андреевич,рядовой,5,43
Никитин Сергей Кириллович,полковник,3,53
Егоров Александр Романович,сержант,11,23
Андреев Сергей Олегович,сержант,10,59
Павлов Степан Викторович,сержант,11,29
Смирнов Иван Михайлович,капитан,8,22
Васильев Сергей Иванович,майор,2,42
Макаров Максим Никитич,сержант,1,20
Фёдоров Алексей Александрович,майор,2,55
Соколов Сергей Дмитриевич,лейтенант,6,51
Степанов Денис Александрович,майор,5,49
Никитин Денис Романович,полковник,7,18
Иванов Михаил Ильич,рядовой,9,46
Павлов Роман Сергеевич,полковник,1,32
Яковлев Дмитрий Павлович,рядовой,12,41
Фёдоров Евгений Викторович,полковник,5,55
Козлов Олег Сергеевич,капитан,10,33
Петров Иван Сергеевич,прапорщик,2,22
Павлов Виктор Иванович,сержант,1,43
Михайлов Кирилл Иванович,капитан,8,18
Макаров Дмитрий Юрьевич,майор,3,60
Кочергин Виктор Дмитриевич,майор,6,58
Кузнецов Александр Максимович,капитан,2,32
Сидоров Артём Юрьевич,капитан,12,55
Кузнецов Кирилл Дмитриевич,майор,3,49
Борисов Денис Олегович,полковник,2,29
Павлов Алексей Алексеевич,майор,1,50
Попов Евгений Олегович,лейтенант,5,22
Егоров Дмитрий Дмитриевич,лейтенант,10,27
Сидоров Иван Юрьевич,полковник,3,44
Егоров Сергей Иванович,полковник,12,18
Васильев Никита Олегович,майор,11,56
Макаров Андрей Михайлович,майор,5,52
Алексеев Юрий Олегович,прапорщик,12,59
Борисов Степан Никитич,сержант,1,59
Морозов Роман Андреевич,майор,8,57
Егоров Виктор Алексеевич,майор,11,49
Соколов Никита Кириллович,лейтенант,3,42
Михайлов Денис Алексеевич,рядовой,5,56
Иванов Дмитрий Сергеевич,прапорщик,4,42
Петров Кирилл Андреевич,сержант,6,59
Сидоров Виктор Романович,лейтенант,9,48
Васильев Илья Сергеевич,прапорщик,9,48
Николаев Иван Никитич,сержант,9,43
Фёдоров Степан Максимович,сержант,10,51
Захаров Артём Максимович,майор,5,43
Павлов Константин Ильич,лейтенант,12,36
Андреев Сергей Романович,капитан,12,44
Смирнов Евгений Максимович,лейтенант,3,59
Соловьёв Роман Кириллович,лейтенант,11,24
Соколов Юрий Андреевич,лейтенант,1,24
Борисов Виктор Алексеевич,прапорщик,6,49
Степанов Степан Кириллович,прапорщик,12,52
Андреев Матвей Андреевич,лейтенант,11,22
Павлов Артём Андреевич,лейтенант,9,39
Алексеев Кирилл Кириллович,капитан,1,24
Никитин Артём Юрьевич,лейтенант,3,50
Павлов Степан Иванович,прапорщик,9,50
Алексеев Илья Александрович,сержант,10,27
Захаров Константин Павлович,полковник,6,44
Борисов Михаил Сергеевич,капитан,8,34
Андреев Евгений Михайлович,прапорщик,10,40
Фёдоров Юрий Никитич,капитан,10,39
Алексеев Евгений Юрьевич,капитан,5,41
Фёдоров Юрий Ильич,капитан,2,24
Васильев Павел Алексеевич,рядовой,8,44
Андреев Андрей Дмитриевич,полковник,4,56
Фёдоров Алексей Павлович,полковник,2,52
Степанов Роман Иванович,майор,1,59
Борисов Олег Викторович,прапорщик,8,36
Попов Алексей Михайлович,майор,9,43
Кочергин Кирилл Олегович,рядовой,8,35
Новиков Артём Павлович,полковник,4,30
Соколов Иван Максимович,прапорщик,2,33
Орлов Степан Романович,сержант,7,36
Макаров Матвей Алексеевич,прапорщик,6,58
Яковлев Олег Дмитриевич,сержант,7,38
Васильев Матвей Олегович,прапорщик,5,49
Фёдоров Олег Михайлович,сержант,4,37
Борисов Михаил Ильич,полковник,4,59
Морозов Кирилл Ильич,прапорщик,11,22
Яковлев Евгений Павлович,сержант,12,40
Соловьёв Кирилл Никитич,майор,11,41
Орлов Максим Ильич,майор,8,34
Макаров Кирилл Александрович,сержант,7,30
Новиков Кирилл Викторович,полковник,1,30
Павлов Роман Олегович,майор,10,44
Новиков Константин Никитич,лейтенант,9,36
Козлов Дмитрий Андреевич,сержант,8,27
Никитин Павел Юрьевич,прапорщик,1,34
Петров Дмитрий Дмитриевич,полковник,7,42
Кочергин Артём Викторович,полковник,7,56
Борисов Сергей Сергеевич,рядовой,6,51
Кочергин Егор Дмитриевич,сержант,3,56
Николаев Михаил Кириллович,капитан,12,34
Лебедев Юрий Иванович,лейтенант,6,51
Петров Константин Сергеевич,прапорщик,3,58
Андреев Павел Юрьевич,прапорщик,6,52
Петров Денис Романович,сержант,8,40
Николаев Денис Михайлович,лейтенант,2,28
Борисов Егор Кириллович,прапорщик,5,28
Яковлев Олег Романович,сержант,1,42
Соловьёв Кирилл Михайлович,полковник,9,30
Смирнов Дмитрий Юрьевич,прапорщик,3,47
Фёдоров Виктор Максимович,прапорщик,5,42
Орлов Павел Михайлович,капитан,12,22
Егоров Александр Никитич,прапорщик,1,23
Козлов Илья Никитич,рядовой,6,21
Лебедев Андрей Максимович,полковник,10,19
Орлов Константин Дмитриевич,майор,6,27
Степанов Павел Ильич,прапорщик,9,49
Козлов Михаил Михайлович,прапорщик,3,50
Егоров Денис Ильич,рядовой,3,42
Соловьёв Матвей Михайлович,лейтенант,4,26
Борисов Алексей Алексеевич,рядовой,4,19
Иванов Константин Александрович,лейтенант,9,48
Соколов Андрей Иванович,майор,8,32
Алексеев Михаил Олегович,полковник,12,49
Орлов Денис Олегович,сержант,1,27
Фёдоров Сергей Михайлович,лейтенант,4,55
Зайцев Дмитрий Дмитриевич,капитан,11,24
Андреев Михаил Романович,лейтенант,4,43
Кочергин Роман Максимович,полковник,1,25
Смирнов Андрей Михайлович,лейтенант,8,54
Сидоров Роман Сергеевич,сержант,3,55
Захаров Александр Ильич,полковник,7,31
Новиков Егор Дмитриевич,лейтенант,7,60
Николаев Кирилл Дмитриевич,майор,7,20
Кочергин Дмитрий Кириллович,сержант,11,52
Семёнов Егор Александрович,рядовой,6,20
Новиков Виктор Алексеевич,полковник,12,35
Попов Илья Ильич,капитан,10,30
Зайцев Виктор Романович,полковник,4,35
Петров Павел Максимович,полковник,5,18
Егоров Иван Михайлович,прапорщик,4,56
Морозов Кирилл Михайлович,полковник,11,56
Морозов Илья Алексеевич,майор,3,59
Фёдоров Матвей Юрьевич,полковник,9,34
Петров Иван Сергеевич,полковник,5,55
Сидоров Алексей Александрович,капитан,12,46
Захаров Олег Олегович,прапорщик,9,37
Яковлев Виктор Олегович,полковник,12,22
Фёдоров Максим Андреевич,полковник,3,42
Кузнецов Сергей Сергеевич,рядовой,3,55
Степанов Степан Александрович,рядовой,6,59
Егоров Дмитрий Дмитриевич,прапорщик,8,59
Кузнецов Юрий Викторович,прапорщик,5,43
Кочергин Евгений Иванович,лейтенант,4,56
Семёнов Михаил Михайлович,рядовой,9,20
Орлов Евгений Сергеевич,полковник,7,49
Степанов Роман Юрьевич,лейтенант,2,31
Семёнов Максим Сергеевич,майор,2,26
Морозов Егор Павлович,капитан,9,44
Андреев Евгений Павлович,лейтенант,6,46
Морозов Егор Ильич,лейтенант,10,54
Орлов Денис Викторович,рядовой,1,27
Захаров Михаил Максимович,лейтенант,3,46
Павлов Евгений Сергеевич,прапорщик,2,20
Соколов Кирилл Ильич,полковник,11,28
Иванов Юрий Викторович,полковник,3,18
Павлов Егор Викторович,рядовой,5,34
Степанов Сергей Кириллович,сержант,5,26
Орлов Илья Викторович,полковник,4,34
Макаров Егор Ильич,полковник,12,38
Егоров Виктор Юрьевич,сержант,12,24
Никитин Виктор Никитич,майор,12,20
Макаров Денис Алексеевич,сержант,12,34
Сидоров Денис Павлович,прапорщик,7,48
Козлов Егор Александрович,капитан,1,22
Петров Никита Сергеевич,лейтенант,8,32
Кочергин Алексей Викторович,майор,6,25
Кузнецов Никита Максимович,рядовой,7,20
Лебедев Егор Олегович,капитан,10,20
Петров Иван Кириллович,прапорщик,2,26
Смирнов Алексей Максимович,лейтенант,11,19
Андреев Егор Ильич,сержант,7,50
Борисов Алексей Дмитриевич,рядовой,12,59
Никитин Денис Дмитриевич,прапорщик,10,21
Михайлов Дмитрий Ильич,сержант,1,41
Кочергин Виктор Алексеевич,майор,2,38
Смирнов Дмитрий Павлович,майор,7,51
Михайлов Артём Романович,прапорщик,6,29
Фёдоров Павел Михайлович,прапорщик,12,42
Васильев Матвей Романович,сержант,3,43
Зайцев Никита Сергеевич,полковник,4,53
Павлов Егор Иванович,сержант,3,34
Степанов Андрей Павлович,капитан,1,36
Алексеев Роман Олегович,майор,3,57
Макаров Кирилл Сергеевич,рядовой,11,54
Захаров Олег Кириллович,сержант,2,18
Кузнецов Максим Павлович,рядовой,5,56
Андреев Алексей Викторович,рядовой,6,32
Морозов Михаил Сергеевич,рядовой,9,35
Морозов Матвей Олегович,сержант,7,21
Андреев Кирилл Андреевич,прапорщик,8,53
Петров Кирилл Викторович,майор,7,31
Петров Михаил Михайлович,сержант,5,23
Новиков Михаил Юрьевич,капитан,5,47
Степанов Юрий Никитич,сержант,9,49
Морозов Денис Андреевич,прапорщик,3,46
Морозов Илья Александрович,лейтенант,9,35
Петров Никита Александрович,рядовой,1,35
Макаров Олег Кириллович,майор,10,49
Никитин Кирилл Викторович,полковник,6,53
Степанов Олег Павлович,рядовой,1,22
Никитин Михаил Сергеевич,сержант,2,34
Борисов Егор Максимович,капитан,3,20
Морозов Виктор Викторович,сержант,5,46
Сидоров Евгений Юрьевич,сержант,1,31
Михайлов Виктор Михайлович,майор,7,31
Михайлов Михаил Павлович,майор,9,45
Яковлев Константин Олегович,рядовой,8,26
Соловьёв Александр Павлович,капитан,12,37
Зайцев Илья Дмитриевич,полковник,8,35
Егоров Евгений Сергеевич,лейтенант,11,52
Андреев Олег Максимович,прапорщик,8,33
Кочергин Андрей Павлович,лейтенант,8,36
Сидоров Михаил Сергеевич,сержант,1,55
Петров Кирилл Никитич,прапорщик,1,27
Яковлев Степан Александрович,полковник,8,18
Морозов Сергей Викторович,прапорщик,1,21
Новиков Александр Михайлович,сержант,8,20
Фёдоров Максим Ильич,лейтенант,1,19
Зайцев Алексей Ильич,прапорщик,6,48
Васильев Алексей Иванович,полковник,12,44
Кочергин Иван Сергеевич,капитан,9,32
Михайлов Олег Никитич,прапорщик,2,45
Васильев Александр Никитич,рядовой,9,24
Егоров Егор Юрьевич,прапорщик,10,47
Андреев Константин Дмитриевич,прапорщик,8,37
Семёнов Илья Олегович,полковник,4,49
Андреев Иван Олегович,полковник,4,57
Новиков Сергей Алексеевич,капитан,5,27
Петров Степан Ильич,прапорщик,1,45
Степанов Артём Кириллович,полковник,5,18
Павлов Матвей Максимович,капитан,8,38
Кочергин Максим Сергеевич,рядовой,1,57
Михайлов Денис Никитич,майор,1,57
Фёдоров Матвей Дмитриевич,полковник,6,54
Борисов Максим Романович,капитан,8,53
Петров Александр Никитич,капитан,2,26
Иванов Павел Викторович,прапорщик,10,31
Фёдоров Никита Максимович,лейтенант,3,59
Яковлев Матвей Дмитриевич,лейтенант,7,48
Михайлов Максим Юрьевич,рядовой,2,25
Павлов Евгений Андреевич,лейтенант,4,19
Егоров Роман Ильич,сержант,5,21
Зайцев Артём Викторович,лейтенант,4,55
Соловьёв Степан Павлович,рядовой,1,40
Захаров Никита Ильич,полковник,9,60
Петров Андрей Александрович,капитан,12,37
Зайцев Максим Кириллович,лейтенант,2,28
Зайцев Егор Алексеевич,майор,6,57
Фёдоров Дмитрий Олегович,капитан,9,50
Орлов Дмитрий Андреевич,лейтенант,3,18
Яковлев Илья Михайлович,полковник,10,26
Борисов Дмитрий Олегович,майор,1,57
Иванов Максим Кириллович,полковник,10,51
Фёдоров Степан Викторович,майор,3,31
Павлов Олег Максимович,прапорщик,12,44
Захаров Кирилл Кириллович,полковник,1,18
Зайцев Денис Алексеевич,сержант,2,40
Орлов Илья Викторович,сержант,12,39
Васильев Сергей Романович,сержант,10,60
Яковлев Михаил Олегович,рядовой,7,55
Семёнов Юрий Максимович,прапорщик,5,43
Смирнов Андрей Михайлович,рядовой,1,60
Соколов Кирилл Юрьевич,полковник,3,50
Иванов Виктор Дмитриевич,сержант,1,47
Васильев Денис Максимович,майор,3,52
Никитин Кирилл Кириллович,лейтенант,2,47
Борисов Егор Ильич,капитан,4,33
Соколов Роман Кириллович,капитан,12,35
Кузнецов Павел Максимович,капитан,1,44
Петров Кирилл Михайлович,капитан,11,59
Яковлев Евгений Андреевич,полковник,6,56
Морозов Роман Михайлович,полковник,1,40
Попов Кирилл Михайлович,майор,10,50
Степанов Евгений Михайлович,рядовой,2,46
Захаров Юрий Никитич,рядовой,7,58
Соколов Илья Викторович,лейтенант,2,18
Сидоров Дмитрий Никитич,рядовой,4,27
Яковлев Сергей Романович,полковник,8,27
Новиков Артём Андреевич,лейтенант,10,40
Петров Денис Александрович,лейтенант,7,56
Зайцев Роман Иванович,рядовой,6,21
Лебедев Константин Романович,капитан,7,25
Иванов Михаил Романович,полковник,4,36
Смирнов Дмитрий Павлович,прапорщик,5,37
Соколов Роман Олегович,лейтенант,8,47
Иванов Александр Павлович,рядовой,8,19
Козлов Илья Кириллович,капитан,12,56
Михайлов Матвей Сергеевич,майор,6,19
Андреев Илья Романович,рядовой,9,53
Степанов Роман Андреевич,сержант,8,53
Павлов Матвей Олегович,прапорщик,7,46
Михайлов Илья Иванович,майор,12,36
Павлов Александр Ильич,майор,9,20
Орлов Кирилл Сергеевич,лейтенант,12,32
Фёдоров Михаил Юрьевич,прапорщик,6,34
Орлов Виктор Андреевич,капитан,3,45
Орлов Дмитрий Алексеевич,полковник,8,25
Лебедев Иван Михайлович,полковник,3,36
Козлов Роман Никитич,рядовой,4,35
Лебедев Роман Романович,полковник,11,23
Зайцев Олег Иванович,рядовой,12,45
Николаев Олег Александрович,лейтенант,4,50
Иванов Константин Кириллович,полковник,9,40
Петров Андрей Михайлович,капитан,3,19
Николаев Виктор Павлович,майор,10,46
Фёдоров Илья Викторович,майор,12,19
Соловьёв Олег Юрьевич,полковник,1,22
Алексеев Михаил Павлович,прапорщик,2,37
Захаров Максим Алексеевич,прапорщик,5,40
Кочергин Степан Александрович,капитан,3,52
Макаров Дмитрий Михайлович,лейтенант,12,32
Михайлов Дмитрий Дмитриевич,майор,11,31
Захаров Никита Кириллович,капитан,4,29
Смирнов Дмитрий Дмитриевич,капитан,1,36
Никитин Никита Андреевич,лейтенант,4,45
Попов Андрей Иванович,полковник,3,40
Никитин Павел Андреевич,прапорщик,10,18
Соловьёв Евгений Михайлович,лейтенант,12,53
Андреев Денис Андреевич,капитан,10,58
Сидоров Кирилл Михайлович,прапорщик,4,51
Фёдоров Алексей Алексеевич,прапорщик,8,19
Орлов Кирилл Максимович,полковник,12,57
Андреев Дмитрий Романович,полковник,2,46
Кочергин Константин Никитич,капитан,8,48
Соловьёв Степан Ильич,капитан,10,37
Новиков Павел Никитич,майор,12,22
Михайлов Михаил Михайлович,сержант,5,22
Семёнов Павел Михайлович,сержант,2,44
Кочергин Сергей Юрьевич,капитан,2,41
Соколов Олег Сергеевич,рядовой,5,44
Кузнецов Алексей Алексеевич,прапорщик,11,50
Яковлев Максим Александрович,майор,10,25
Кочергин Артём Алексеевич,майор,2,19
Иванов Андрей Юрьевич,капитан,6,58
Лебедев Илья Павлович,лейтенант,8,24
Лебедев Михаил Сергеевич,прапорщик,11,47
Сидоров Матвей Викторович,капитан,11,44
Алексеев Константин Иванович,полковник,7,54
Семёнов Андрей Дмитриевич,полковник,12,49
Петров Дмитрий Никитич,сержант,9,18
Павлов Матвей Иванович,капитан,11,24
Никитин Юрий Романович,лейтенант,3,53
Попов Константин Олегович,прапорщик,4,19
Петров Егор Иванович,лейтенант,2,23
Кочергин Евгений Ильич,сержант,3,59
Сидоров Егор Романович,полковник,6,58
Егоров Иван Романович,капитан,5,46
Захаров Артём Юрьевич,рядовой,9,50
Кузнецов Егор Максимович,капитан,3,40
Семёнов Сергей Дмитриевич,полковник,6,56
Борисов Матвей Дмитриевич,рядовой,12,23
Егоров Дмитрий Олегович,рядовой,11,55
Орлов Дмитрий Романович,рядовой,5,32
Лебедев Алексей Ильич,рядовой,8,29
Степанов Олег Олегович,лейтенант,2,23
Захаров Евгений Юрьевич,рядовой,8,60
Козлов Евгений Дмитриевич,майор,8,50
Попов Александр Андреевич,лейтенант,2,40
Новиков Михаил Юрьевич,прапорщик,1,45
Васильев Дмитрий Андреевич,лейтенант,6,19
Новиков Сергей Александрович,прапорщик,11,25
Степанов Олег Максимович,лейтенант,12,40
Соловьёв Виктор Юрьевич,рядовой,2,19
Семёнов Виктор Сергеевич,лейтенант,5,26
Яковлев Виктор Алексеевич,полковник,6,42
Никитин Денис Олегович,майор,12,53
Михайлов Никита Викторович,рядовой,9,35
Макаров Александр Викторович,рядовой,9,23
Смирнов Константин Кириллович,рядовой,11,56
Петров Роман Алексеевич,капитан,11,36
Алексеев Дмитрий Романович,капитан,5,20
Фёдоров Степан Максимович,сержант,2,39
Петров Константин Павлович,полковник,12,55
Лебедев Константин Олегович,капитан,1,48
Кочергин Никита Алексеевич,майор,7,24
Орлов Юрий Романович,полковник,3,58
Иванов Александр Романович,полковник,5,51
Васильев Кирилл Романович,полковник,9,29
Попов Матвей Викторович,лейтенант,3,56
Соловьёв Егор Юрьевич,прапорщик,12,26
Павлов Кирилл Андреевич,лейтенант,8,24
Яковлев Максим Павлович,прапорщик,9,28
Борисов Иван Кириллович,рядовой,9,39
Лебедев Михаил Иванович,прапорщик,3,52
Попов Роман Максимович,майор,11,33
Николаев Александр Кириллович,капитан,4,60
Козлов Степан Викторович,сержант,4,28
Михайлов Роман Андреевич,рядовой,6,32
Павлов Никита Никитич,лейтенант,8,25
Павлов Александр Андреевич,полковник,2,46
Кузнецов Алексей Андреевич,рядовой,12,25
Кочергин Иван Павлович,полковник,6,42
Фёдоров Михаил Максимович,лейтенант,3,56
Соколов Денис Дмитриевич,майор,9,60
Кочергин Александр Максимович,прапорщик,8,48
Попов Матвей Алексеевич,рядовой,5,60
Алексеев Александр Романович,капитан,10,47
Семёнов Денис Романович,сержант,4,56
Николаев Павел Андреевич,майор,10,39
Егоров Алексей Александрович,сержант,9,58
Павлов Роман Павлович,прапорщик,3,47
Алексеев Александр Олегович,сержант,10,19
Андреев Илья Романович,сержант,6,22
Степанов Сергей Олегович,сержант,5,50
Новиков Павел Дмитриевич,прапорщик,11,47
Соколов Александр Сергеевич,рядовой,8,26
Зайцев Максим Олегович,майор,1,22
Алексеев Александр Александрович,полковник,4,34
Морозов Егор Дмитриевич,лейтенант,3,53
Егоров Кирилл Олегович,майор,12,42
Кочергин Михаил Романович,сержант,6,47
Кузнецов Матвей Ильич,капитан,1,18
Зайцев Александр Иванович,прапорщик,10,50
Макаров Степан Сергеевич,майор,1,25
Соловьёв Матвей Павлович,лейтенант,3,29
Михайлов Илья Сергеевич,капитан,8,24
Орлов Евгений Юрьевич,рядовой,2,36
Захаров Андрей Александрович,прапорщик,11,46
Яковлев Матвей Кириллович,прапорщик,10,30
Николаев Артём Кириллович,рядовой,1,36
Андреев Дмитрий Викторович,прапорщик,8,39
Козлов Денис Дмитриевич,прапорщик,3,35
Яковлев Егор Алексеевич,майор,7,29
Егоров Иван Максимович,капитан,7,58
Соколов Илья Алексеевич,капитан,12,24
Козлов Александр Романович,сержант,4,28
Фёдоров Александр Максимович,майор,6,52
Николаев Виктор Александрович,лейтенант,8,35
Иванов Олег Викторович,прапорщик,6,53
Фёдоров Андрей Ильич,прапорщик,1,49
Лебедев Евгений Дмитриевич,полковник,5,39
Яковлев Александр Александрович,лейтенант,11,51
Зайцев Павел Михайлович,капитан,10,36
Алексеев Иван Андреевич,прапорщик,8,18
Фёдоров Сергей Сергеевич,сержант,2,45
Борисов Кирилл Павлович,прапорщик,3,35
Орлов Евгений Викторович,рядовой,5,21
Егоров Сергей Викторович,капитан,12,28
Михайлов Андрей Дмитриевич,лейтенант,1,31
Попов Роман Викторович,сержант,4,58
Андреев Константин Юрьевич,полковник,11,21
Кочергин Кирилл Максимович,прапорщик,2,28
Павлов Роман Кириллович,майор,6,31
Николаев Константин Андреевич,майор,5,59
Зайцев Андрей Никитич,полковник,3,60
Фёдоров Константин Ильич,майор,11,58
Андреев Константин Юрьевич,майор,8,41
Егоров Константин Дмитриевич,капитан,4,57
Попов Матвей Александрович,полковник,8,21
Андреев Евгений Павлович,рядовой,4,20
Фёдоров Степан Александрович,рядовой,4,31
Семёнов Илья Юрьевич,рядовой,11,49
Васильев Артём Никитич,полковник,2,44
Яковлев Андрей Иванович,майор,8,34
Смирнов Артём Юрьевич,полковник,8,30
Михайлов Степан Александрович,прапорщик,9,41
Михайлов Олег Ильич,капитан,4,24
Захаров Михаил Максимович,прапорщик,8,29
Яковлев Константин Михайлович,рядовой,1,30
Фёдоров Максим Романович,прапорщик,6,36
Степанов Александр Иванович,полковник,3,53
Смирнов Илья Юрьевич,сержант,10,34
Кочергин Виктор Максимович,полковник,2,45
Фёдоров Артём Романович,прапорщик,12,53
Смирнов Сергей Андреевич,полковник,9,53
Кузнецов Степан Андреевич,сержант,2,28
Егоров Андрей Павлович,сержант,3,31
Алексеев Матвей Михайлович,прапорщик,5,59
Иванов Михаил Александрович,капитан,4,48
Петров Евгений Никитич,майор,11,48
Андреев Михаил Никитич,рядовой,9,59
Попов Дмитрий Андреевич,майор,6,24
Васильев Матвей Максимович,сержант,1,43
Алексеев Денис Павлович,сержант,2,18
Никитин Степан Кириллович,лейтенант,9,43
Егоров Кирилл Сергеевич,полковник,11,57
Никитин Павел Кириллович,лейтенант,1,60
Орлов Кирилл Ильич,капитан,12,31
Борисов Александр Романович,сержант,6,25
Фёдоров Роман Ильич,прапорщик,6,19
Сидоров Александр Романович,майор,3,18
Яковлев Сергей Михайлович,сержант,12,50
Новиков Константин Юрьевич,капитан,9,53
Алексеев Дмитрий Александрович,лейтенант,8,48
Михайлов Степан Ильич,полковник,5,46
Козлов Алексей Викторович,капитан,3,27
Никитин Александр Юрьевич,прапорщик,10,19
Лебедев Алексей Юрьевич,лейтенант,6,38
Алексеев Максим Викторович,рядовой,2,19
Соловьёв Алексей Максимович,полковник,7,45
Сидоров Денис Юрьевич,прапорщик,5,50
Макаров Иван Романович,майор,2,46
Кузнецов Михаил Кириллович,рядовой,9,18
Орлов Андрей Максимович,полковник,9,23
Егоров Кирилл Викторович,полковник,8,60
Николаев Олег Михайлович,полковник,1,32
Иванов Егор Ильич,прапорщик,4,60
Козлов Евгений Никитич,лейтенант,8,45
Новиков Артём Юрьевич,сержант,7,23
Никитин Илья Романович,капитан,9,44
Алексеев Илья Максимович,лейтенант,5,57
Михайлов Александр Дмитриевич,рядовой,12,18
Егоров Олег Кириллович,прапорщик,6,40
Попов Илья Викторович,прапорщик,1,33
