fullName,rank,companyNumber,age
Борисов Кирилл Алексеевич,капитан,4,32
Андреев Артём Никитич,прапорщик,3,28
Кузнецов Денис Михайлович,полковник,6,58
Семёнов Артём Иванович,сержант,11,27
Макаров Максим Михайлович,сержант,7,45
Павлов Александр Александрович,рядовой,7,38
Павлов Егор Александрович,майор,3,32
Сидоров Сергей Дмитриевич,капитан,10,59
Козлов Матвей Юрьевич,сержант,9,48
Макаров Олег Павлович,сержант,6,46
Кочергин Илья Сергеевич,лейтенант,1,53
Егоров Максим Андреевич,лейтенант,10,52
Козлов Виктор Никитич,сержант,1,36
Орлов Константин Александрович,сержант,2,38
Егоров Андрей Андреевич,полковник,6,56
Никитин Алексей Александрович,капитан,10,29
Козлов Павел Павлович,полковник,4,26
Яковлев Александр Дмитриевич,сержант,9,23
Попов Илья Юрьевич,рядовой,3,48
Михайлов Максим Олегович,лейтенант,10,39
Васильев Олег Романович,сержант,2,21
Яковлев Денис Романович,прапорщик,12,57
Соловьёв Егор Андреевич,рядовой,2,59
Васильев Павел Александрович,лейтенант,8,48
Макаров Максим Михайлович,рядовой,9,19
Семёнов Иван Максимович,сержант,10,39
Борисов Иван Юрьевич,капитан,8,24
Соловьёв Константин Павлович,сержант,3,24
Морозов Никита Никитич,лейтенант,3,28
Соловьёв Иван Ильич,капитан,4,53
Захаров Михаил Кириллович,майор,1,32
Лебедев Иван Олегович,майор,1,60
Захаров Денис Михайлович,полковник,11,60
Иванов Константин Олегович,сержант,5,48
Смирнов Егор Максимович,рядовой,7,47
Кузнецов Алексей Олегович,сержант,11,47
Зайцев Кирилл Викторович,полковник,10,25
Андреев Виктор Павлович,капитан,11,38
Соколов Кирилл Павлович,лейтенант,2,36
Борисов Дмитрий Дмитриевич,прапорщик,3,52
Смирнов Матвей Юрьевич,капитан,12,59
Степанов Олег Максимович,лейтенант,2,33
Алексеев Юрий Олегович,полковник,5,26
Зайцев Кирилл Александрович,полковник,12,22
Соколов Евгений Никитич,сержант,7,24
Орлов Иван Павлович,полковник,3,42
Козлов Никита Павлович,капитан,12,22
Кочергин Алексей Дмитриевич,сержант,6,19
Попов Павел Иванович,рядовой,10,30
Кочергин Алексей Юрьевич,прапорщик,10,43
Семёнов Константин Кириллович,лейтенант,6,29
Кузнецов Олег Павлович,капитан,5,50
Никитин Илья Иванович,полковник,4,55
Андреев Роман Андреевич,лейтенант,11,29
Борисов Андрей Алексеевич,рядовой,7,46
Борисов Роман Викторович,рядовой,10,41
Новиков Константин Алексеевич,полковник,8,36
Яковлев Евгений Александрович,капитан,5,47
Семёнов Денис Кириллович,рядовой,8,47
Васильев Виктор Михайлович,майор,1,40
Попов Михаил Михайлович,сержант,5,24
Сидоров Андрей Александрович,полковник,8,41
Фёдоров Олег Ильич,рядовой,3,25
Николаев Константин Ильич,майор,3,49
Павлов Егор Олегович,рядовой,2,44
Попов Артём Михайлович,полковник,4,48
Новиков Артём Андреевич,лейтенант,6,54
Семёнов Артём Павлович,сержант,8,30
Васильев Павел Викторович,капитан,8,21
Никитин Юрий Александрович,капитан,12,48
Козлов Максим Максимович,сержант,5,22
Козлов Иван Никитич,полковник,12,24
Никитин Максим Андреевич,прапорщик,3,55
Семёнов Михаил Павлович,капитан,8,37
Егоров Юрий Кириллович,полковник,11,34
Козлов Кирилл Кириллович,прапорщик,2,45
Кочергин Виктор Кириллович,рядовой,12,55
Макаров Юрий Юрьевич,рядовой,8,50
Зайцев Илья Александрович,прапорщик,9,44
Козлов Евгений Никитич,рядовой,5,51
Захаров Артём Дмитриевич,капитан,6,33
Николаев Кирилл Сергеевич,сержант,6,49
Петров Павел Иванович,капитан,6,35
Орлов Иван Никитич,сержант,10,20
Егоров Егор Андреевич,лейтенант,9,28
Петров Михаил Викторович,рядовой,2,24
Кочергин Сергей Иванович,полковник,7,32
Козлов Иван Олегович,прапорщик,10,51
Николаев Михаил Ильич,рядовой,4,52
Андреев Евгений Иванович,капитан,2,56
Фёдоров Андрей Дмитриевич,капитан,9,31
Семёнов Максим Кириллович,прапорщик,11,33
Борисов Дмитрий Максимович,сержант,8,40
Андреев Матвей Максимович,полковник,7,27
Захаров Матвей Иванович,майор,12,51
Егоров Евгений Романович,лейтенант,7,37
Захаров Евгений Юрьевич,сержант,11,49
Орлов Виктор Олегович,капитан,12,43
Николаев Евгений Ильич,лейтенант,4,18
Смирнов Денис Максимович,капитан,9,19
Кочергин Михаил Олегович,майор,4,36
Морозов Илья Максимович,рядовой,2,25
Попов Дмитрий Павлович,майор,5,55
Фёдоров Матвей Кириллович,майор,11,32
Петров Юрий Павлович,полковник,12,51
Макаров Сергей Олегович,полковник,10,51
Попов Денис Викторович,капитан,8,47
Макаров Матвей Михайлович,майор,6,50
Андреев Александр Павлович,майор,6,28
Фёдоров Никита Александрович,майор,3,53
Алексеев Михаил Михайлович,лейтенант,7,26
Степанов Виктор Максимович,рядовой,9,38
Васильев Максим Кириллович,прапорщик,1,27
Андреев Максим Иванович,полковник,8,42
Лебедев Дмитрий Юрьевич,рядовой,7,37
Морозов Александр Романович,лейтенант,4,27
Иванов Виктор Максимович,полковник,5,21
Соколов Степан Михайлович,рядовой,10,56
Кочергин Илья Никитич,майор,3,33
Кузнецов Илья Максимович,рядовой,4,60
Смирнов Виктор Михайлович,майор,10,32
Козлов Дмитрий Ильич,капитан,7,22
Степанов Илья Алексеевич,прапорщик,4,53
Соколов Максим Юрьевич,рядовой,5,26
Михайлов Кирилл Ильич,лейтенант,12,46
Павлов Артём Юрьевич,лейтенант,2,33
Сидоров Кирилл Иванович,полковник,3,21
Борисов Сергей Романович,майор,7,31
Никитин Евгений Сергеевич,капитан,6,41
Кочергин Кирилл Андреевич,лейтенант,2,37
Никитин Степан Романович,полковник,9,24
Зайцев Егор Юрьевич,капитан,3,43
Николаев Павел Дмитриевич,прапорщик,6,49
Смирнов Денис Иванович,сержант,3,44
Михайлов Михаил Иванович,прапорщик,9,59
Козлов Александр Андреевич,рядовой,2,48
Петров Юрий Романович,прапорщик,11,19
Петров Иван Иванович,майор,4,21
Сидоров Юрий Юрьевич,прапорщик,5,49
Андреев Алексей Павлович,майор,7,56
Алексеев Матвей Дмитриевич,лейтенант,2,52
Захаров Илья Михайлович,майор,1,46
Семёнов Матвей Андреевич,рядовой,10,40
Соколов Олег Андреевич,сержант,4,60
Павлов Кирилл Дмитриевич,сержант,8,40
Фёдоров Роман Павлович,сержант,2,39
Соколов Дмитрий Михайлович,капитан,12,58
Кочергин Роман Александрович,капитан,2,21
Васильев Олег Павлович,майор,5,23
Кузнецов Павел Юрьевич,сержант,12,43
Зайцев Константин Викторович,майор,7,32
Егоров Никита Александрович,капитан,1,23
Захаров Роман Викторович,капитан,7,33
Николаев Максим Ильич,полковник,10,43
Петров Роман Максимович,лейтенант,10,51
Козлов Константин Александрович,прапорщик,11,59
Соловьёв Александр Дмитриевич,капитан,2,35
Козлов Степан Сергеевич,прапорщик,2,38
Фёдоров Андрей Олегович,прапорщик,8,19
Соколов Максим Максимович,лейтенант,8,34
Васильев Егор Дмитриевич,полковник,7,25
Соловьёв Максим Сергеевич,лейтенант,8,25
Соколов Константин Андреевич,рядовой,4,37
Егоров Евгений Никитич,сержант,4,58
Смирнов Егор Александрович,сержант,3,46
Никитин Степан Максимович,сержант,4,28
Сидоров Константин Ильич,прапорщик,6,54
Алексеев Матвей Михайлович,полковник,1,19
Кочергин Павел Юрьевич,рядовой,12,42
Борисов Константин Олегович,майор,6,33
Козлов Константин Ильич,прапорщик,1,52
Егоров Павел Павлович,прапорщик,3,20
Иванов Иван Алексеевич,лейтенант,7,20
Семёнов Сергей Алексеевич,прапорщик,7,60
Новиков Андрей Андреевич,майор,12,54
Попов Артём Александрович,лейтенант,3,25
Михайлов Павел Павлович,рядовой,4,59
Васильев Александр Андреевич,прапорщик,2,34
Кузнецов Виктор Ильич,лейтенант,8,53
Козлов Александр Михайлович,полковник,5,54
Степанов Павел Олегович,полковник,6,49
Орлов Максим Максимович,лейтенант,11,40
Егоров Алексей Александрович,майор,1,33
Андреев Олег Александрович,капитан,10,56
Андреев Павел Романович,лейтенант,12,46
Павлов Илья Олегович,полковник,6,53
Зайцев Илья Иванович,полковник,10,48
Петров Кирилл Ильич,капитан,11,24
Яковлев Иван Дмитриевич,рядовой,7,27
Новиков Максим Юрьевич,майор,5,50
Яковлев Евгений Алексеевич,сержант,11,19
Смирнов Максим Иванович,капитан,10,29
Кочергин Михаил Алексеевич,рядовой,1,55
Степанов Роман Викторович,майор,4,31
Андреев Виктор Сергеевич,капитан,3,27
Семёнов Михаил Павлович,полковник,8,37
Степанов Матвей Олегович,сержант,2,26
Егоров Никита Михайлович,прапорщик,6,47
Попов Матвей Михайлович,полковник,1,51
Орлов Константин Иванович,полковник,7,51
Попов Юрий Михайлович,майор,10,31
Кочергин Роман Дмитриевич,капитан,4,59
Михайлов Степан Михайлович,капитан,6,42
Макаров Дмитрий Ильич,майор,8,29
Андреев Михаил Михайлович,капитан,4,21
Петров Виктор Андреевич,прапорщик,1,49
Попов Андрей Никитич,майор,4,33
Иванов Егор Викторович,полковник,3,28
Морозов Александр Павлович,полковник,7,49
Сидоров Роман Михайлович,сержант,6,25
Соколов Константин Юрьевич,майор,11,24
Орлов Евгений Иванович,сержант,8,50
Соловьёв Артём Олегович,сержант,8,32
Морозов Виктор Михайлович,сержант,1,58
Соколов Сергей Михайлович,прапорщик,7,21
Захаров Илья Романович,полковник,12,31
Семёнов Денис Михайлович,рядовой,5,22
Семёнов Степан Александрович,лейтенант,4,54
Андреев Максим Кириллович,лейтенант,4,36
Захаров Андрей Алексеевич,лейтенант,11,40
Зайцев Юрий Ильич,прапорщик,4,21
Михайлов Роман Ильич,рядовой,5,29
Соловьёв Александр Александрович,рядовой,1,48
Семёнов Павел Максимович,сержант,11,38
Сидоров Артём Дмитриевич,прапорщик,2,21
Никитин Евгений Ильич,капитан,3,59
Зайцев Евгений Кириллович,сержант,9,36
Борисов Иван Юрьевич,лейтенант,3,37
Новиков Сергей Кириллович,капитан,4,19
Зайцев Илья Андреевич,прапорщик,4,30
Морозов Александр Дмитриевич,рядовой,7,34
Новиков Олег Андреевич,прапорщик,4,26
Новиков Артём Ильич,капитан,7,41
Алексеев Степан Юрьевич,лейтенант,6,60
Захаров Юрий Иванович,рядовой,1,50
Кузнецов Дмитрий Сергеевич,прапорщик,2,44
Кочергин Дмитрий Романович,капитан,8,33
Семёнов Максим Никитич,рядовой,5,38
Семёнов Иван Викторович,полковник,6,40
Егоров Максим Кириллович,майор,3,47
Алексеев Илья Иванович,майор,8,32
Смирнов Никита Дмитриевич,прапорщик,10,27
Захаров Алексей Ильич,прапорщик,8,36
Степанов Юрий Михайлович,прапорщик,12,46
Михайлов Максим Романович,капитан,5,50
Павлов Матвей Павлович,полковник,6,48
Николаев Никита Дмитриевич,полковник,2,37
Яковлев Артём Андреевич,лейтенант,1,39
Фёдоров Олег Михайлович,майор,6,37
Алексеев Юрий Романович,прапорщик,11,37
Смирнов Артём Викторович,сержант,3,21
Лебедев Никита Алексеевич,полковник,10,29
Соловьёв Евгений Викторович,лейтенант,2,58
Зайцев Дмитрий Павлович,рядовой,5,33
Кочергин Иван Кириллович,рядовой,1,27
Петров Артём Викторович,лейтенант,5,53
Захаров Степан Романович,рядовой,2,22
Зайцев Андрей Никитич,капитан,7,39
Степанов Евгений Кириллович,рядовой,11,51
Морозов Юрий Максимович,капитан,1,35
Макаров Иван Михайлович,рядовой,6,25
Борисов Андрей Иванович,полковник,8,60
Кочергин Андрей Ильич,капитан,2,37
Борисов Матвей Романович,рядовой,5,19
Степанов Матвей Павлович,капитан,4,53
Иванов Виктор Михайлович,лейтенант,11,35
Алексеев Юрий Александрович,рядовой,10,45
Васильев Андрей Иванович,сержант,6,39
Яковлев Илья Андреевич,сержант,3,26
Петров Андрей Алексеевич,сержант,7,21
Николаев Михаил Викторович,полковник,4,58
Орлов Евгений Романович,сержант,3,33
Петров Денис Павлович,лейтенант,11,44
Новиков Кирилл Дмитриевич,полковник,12,58
Петров Андрей Олегович,лейтенант,6,31
Морозов Дмитрий Александрович,лейтенант,6,43
Павлов Степан Павлович,прапорщик,12,20
Борисов Степан Дмитриевич,рядовой,8,49
Захаров Артём Олегович,прапорщик,2,45
Козлов Денис Максимович,прапорщик,7,21
Алексеев Алексей Сергеевич,лейтенант,1,52
Алексеев Степан Сергеевич,полковник,7,52
Новиков Иван Романович,рядовой,10,23
Захаров Сергей Юрьевич,прапорщик,11,35
Соколов Никита Александрович,капитан,6,51
Алексеев Артём Михайлович,прапорщик,9,33
Макаров Юрий Кириллович,майор,8,23
Новиков Константин Иванович,майор,9,43
Смирнов Виктор Максимович,полковник,6,31
Павлов Олег Михайлович,майор,1,47
Орлов Алексей Иванович,прапорщик,3,58
Козлов Александр Максимович,капитан,6,30
Михайлов Егор Олегович,майор,8,52
Кузнецов Юрий Викторович,полковник,3,42
Попов Степан Юрьевич,полковник,8,42
Орлов Александр Александрович,рядовой,6,60
Борисов Александр Алексеевич,прапорщик,2,30
Лебедев Денис Юрьевич,капитан,8,19
Фёдоров Кирилл Кириллович,лейтенант,10,45
Петров Илья Романович,майор,6,23
Попов Кирилл Романович,прапорщик,8,47
Павлов Андрей Викторович,прапорщик,8,24
Орлов Юрий Никитич,рядовой,10,23
Васильев Виктор Юрьевич,прапорщик,10,48
Никитин Кирилл Юрьевич,сержант,11,39
Петров Константин Алексеевич,лейтенант,6,34
Яковлев Алексей Ильич,майор,7,22
Никитин Евгений Алексеевич,полковник,2,29
Петров Кирилл Андреевич,полковник,8,28
Зайцев Илья Олегович,прапорщик,11,41
Смирнов Виктор Олегович,полковник,5,21
Васильев Никита Андреевич,сержант,5,22
Борисов Егор Алексеевич,полковник,6,42
Морозов Алексей Алексеевич,сержант,6,47
Орлов Кирилл Михайлович,рядовой,7,31
Кузнецов Виктор Олегович,лейтенант,2,58
Зайцев Александр Романович,сержант,9,48
Кузнецов Юрий Михайлович,капитан,3,23
Павлов Евгений Романович,лейтенант,6,51
Морозов Олег Олегович,майор,8,23
Алексеев Максим Викторович,рядовой,8,37
Егоров Евгений Дмитриевич,полковник,11,33
Орлов Матвей Никитич,майор,2,54
Иванов Иван Александрович,лейтенант,2,29
Морозов Андрей Максимович,полковник,6,38
Андреев Михаил Никитич,прапорщик,2,32
Попов Степан Ильич,капитан,11,57
Лебедев Егор Александрович,майор,5,51
Борисов Андрей Юрьевич,прапорщик,10,41
Иванов Матвей Павлович,прапорщик,6,47
Егоров Алексей Иванович,капитан,12,42
Морозов Константин Михайлович,прапорщик,12,42
Борисов Михаил Михайлович,рядовой,10,38
Соловьёв Денис Ильич,лейтенант,4,25
Козлов Сергей Александрович,сержант,2,31
Васильев Иван Максимович,полковник,7,51
Захаров Дмитрий Викторович,капитан,11,28
Борисов Денис Максимович,прапорщик,2,41
Петров Павел Никитич,сержант,9,50
Фёдоров Никита Кириллович,капитан,11,35
Андреев Дмитрий Никитич,лейтенант,5,20
Борисов Кирилл Кириллович,майор,12,33
Кочергин Олег Дмитриевич,прапорщик,11,34
Кузнецов Матвей Дмитриевич,майор,4,55
Фёдоров Константин Викторович,рядовой,6,58
Егоров Егор Викторович,капитан,11,44
Алексеев Виктор Юрьевич,сержант,5,58
Сидоров Михаил Викторович,рядовой,3,21
Семёнов Иван Романович,рядовой,1,56
Козлов Иван Кириллович,капитан,10,44
Фёдоров Никита Сергеевич,сержант,4,37
Павлов Илья Иванович,полковник,3,49
Захаров Павел Викторович,полковник,3,48
Попов Сергей Александрович,рядовой,2,37
Орлов Юрий Сергеевич,прапорщик,3,35
Васильев Александр Павлович,сержант,12,45
Васильев Юрий Александрович,лейтенант,3,47
Алексеев Олег Михайлович,прапорщик,1,31
Семёнов Дмитрий Андреевич,майор,6,41
Егоров Артём Александрович,капитан,4,57
Попов Степан Романович,прапорщик,7,31
Николаев Виктор Сергеевич,сержант,7,39
Соколов Максим Андреевич,рядовой,11,59
Смирнов Павел Максимович,майор,8,30
Зайцев Олег Романович,прапорщик,5,29
Сидоров Константин Никитич,сержант,6,41
Фёдоров Никита Олегович,прапорщик,10,25
Зайцев Роман Никитич,лейтенант,12,23
Смирнов Степан Олегович,прапорщик,7,22
Морозов Никита Михайлович,лейтенант,4,42
Козлов Никита Юрьевич,капитан,4,43
Васильев Виктор Алексеевич,капитан,7,58
Петров Алексей Андреевич,майор,6,24
Яковлев Иван Александрович,рядовой,9,18
Лебедев Артём Максимович,сержант,3,28
Семёнов Никита Олегович,рядовой,4,18
Борисов Максим Александрович,сержант,4,45
Новиков Павел Дмитриевич,рядовой,9,26
Кочергин Михаил Юрьевич,лейтенант,12,50
Сидоров Степан Алексеевич,капитан,1,52
Алексеев Степан Кириллович,прапорщик,1,28
Новиков Артём Сергеевич,рядовой,3,39
Васильев Артём Андреевич,сержант,4,58
Павлов Илья Андреевич,капитан,2,47
Макаров Павел Александрович,полковник,7,31
Лебедев Кирилл Сергеевич,лейтенант,9,55
Борисов Константин Алексеевич,полковник,11,47
Смирнов Евгений Дмитриевич,сержант,7,32
Козлов Михаил Павлович,лейтенант,5,34
Кузнецов Илья Романович,прапорщик,4,56
Васильев Роман Викторович,майор,1,33
Соколов Никита Олегович,капитан,11,26
Павлов Роман Павлович,капитан,9,57
Лебедев Павел Кириллович,прапорщик,6,44
Васильев Алексей Юрьевич,полковник,7,20
Фёдоров Матвей Максимович,прапорщик,6,40
Васильев Денис Никитич,майор,8,29
Орлов Кирилл Иванович,капитан,5,24
Васильев Евгений Александрович,сержант,12,42
Андреев Илья Олегович,прапорщик,2,57
Павлов Олег Сергеевич,прапорщик,10,50
Васильев Матвей Максимович,рядовой,12,23
Захаров Максим Александрович,полковник,5,23
Смирнов Степан Павлович,сержант,12,58
Борисов Илья Андреевич,полковник,5,50
Соколов Иван Никитич,рядовой,2,27
Фёдоров Виктор Дмитриевич,сержант,12,52
Алексеев Матвей Юрьевич,прапорщик,2,40
Новиков Михаил Андреевич,капитан,12,22
Яковлев Матвей Романович,лейтенант,11,25
Михайлов Сергей Ильич,сержант,4,40
Андреев Андрей Дмитриевич,рядовой,12,56
Степанов Артём Максимович,рядовой,5,18
Зайцев Юрий Сергеевич,майор,7,58
Иванов Виктор Никитич,майор,4,55
Васильев Степан Олегович,капитан,3,48
Орлов Денис Андреевич,майор,9,24
Орлов Артём Олегович,сержант,7,40
Семёнов Александр Алексеевич,прапорщик,3,23
Никитин Илья Никитич,рядовой,7,40
Васильев Павел Романович,сержант,1,54
Михайлов Никита Викторович,прапорщик,2,18
Зайцев Евгений Кириллович,капитан,12,49
Борисов Дмитрий Павлович,лейтенант,9,45
Николаев Егор Иванович,капитан,10,55
Михайлов Кирилл Павлович,лейтенант,2,30
Егоров Александр Сергеевич,прапорщик,5,50
Павлов Максим Михайлович,рядовой,12,59
Сидоров Константин Максимович,капитан,5,45
Соловьёв Михаил Никитич,капитан,10,37
Макаров Роман Павлович,майор,6,33
Соколов Егор Кириллович,рядовой,4,28
Макаров Иван Максимович,капитан,2,48
Михайлов Дмитрий Олегович,лейтенант,12,27
Козлов Андрей Иванович,полковник,5,46
Яковлев Артём Никитич,рядовой,9,28
Соколов Олег Андреевич,рядовой,2,32
Петров Алексей Викторович,полковник,6,21
Никитин Артём Ильич,сержант,9,40
Сидоров Виктор Дмитриевич,прапорщик,1,55
Соколов Кирилл Романович,рядовой,5,26
Никитин Юрий Викторович,лейтенант,8,55
Степанов Юрий Иванович,капитан,10,59
Смирнов Михаил Ильич,рядовой,6,42
Кочергин Роман Викторович,лейтенант,5,30
Николаев Михаил Сергеевич,прапорщик,3,31
Попов Александр Никитич,майор,11,22
Фёдоров Никита Максимович,прапорщик,4,43
Сидоров Александр Андреевич,лейтенант,6,27
Кочергин Никита Алексеевич,капитан,4,41
Сидоров Павел Михайлович,капитан,8,53
Михайлов Павел Андреевич,полковник,11,31
Кузнецов Виктор Михайлович,сержант,1,33
Морозов Сергей Дмитриевич,сержант,7,52
Егоров Павел Максимович,рядовой,10,39
Павлов Виктор Павлович,рядовой,7,37
Степанов Олег Сергеевич,рядовой,6,44
Соколов Степан Александрович,рядовой,5,51
Сидоров Павел Михайлович,рядовой,11,45
Козлов Евгений Ильич,полковник,3,43
Кочергин Олег Дмитриевич,рядовой,8,59
Алексеев Олег Олегович,рядовой,3,31
Попов Сергей Олегович,майор,12,40
Соловьёв Артём Дмитриевич,сержант,3,20
Лебедев Илья Павлович,полковник,6,24
Смирнов Никита Олегович,майор,10,23
Кочергин Виктор Михайлович,полковник,10,24
Сидоров Андрей Викторович,лейтенант,5,25
Андреев Матвей Александрович,сержант,3,58
Соловьёв Никита Никитич,рядовой,1,59
Орлов Егор Никитич,лейтенант,5,40
Егоров Алексей Михайлович,полковник,8,18
Новиков Артём Павлович,сержант,12,30
Павлов Виктор Алексеевич,рядовой,7,40
Васильев Матвей Олегович,рядовой,6,18
Козлов Сергей Максимович,прапорщик,9,53
Яковлев Сергей Олегович,рядовой,9,25
Сидоров Александр Сергеевич,рядовой,2,31
Павлов Олег Алексеевич,прапорщик,10,30
Степанов Алексей Юрьевич,сержант,5,50
Егоров Дмитрий Романович,майор,1,39
Степанов Андрей Ильич,полковник,7,40
Семёнов Роман Викторович,полковник,6,52
Соловьёв Кирилл Никитич,рядовой,1,29
Михайлов Денис Александрович,капитан,12,30
Соколов Степан Викторович,сержант,4,57
Макаров Егор Викторович,сержант,2,22
Лебедев Денис Викторович,сержант,7,18
Семёнов Андрей Викторович,прапорщик,1,39
Попов Виктор Сергеевич,майор,5,45
Макаров Павел Сергеевич,майор,9,60
Степанов Матвей Романович,капитан,3,32
Степанов Алексей Максимович,прапорщик,2,50
Яковлев Алексей Александрович,капитан,8,41
Яковлев Илья Романович,сержант,5,18
Захаров Александр Сергеевич,полковник,5,37
Павлов Алексей Романович,сержант,11,51
Морозов Иван Михайлович,сержант,7,53
Сидоров Дмитрий Павлович,полковник,4,59
Николаев Дмитрий Сергеевич,прапорщик,5,56
Соловьёв Артём Сергеевич,сержант,8,49
Кузнецов Юрий Олегович,полковник,7,27
Смирнов Михаил Андреевич,сержант,11,25
Сидоров Олег Максимович,майор,1,37
Семёнов Артём Сергеевич,майор,2,32
Борисов Павел Иванович,капитан,4,45
Новиков Михаил Юрьевич,майор,7,30
Козлов Никита Максимович,майор,3,38
Егоров Денис Андреевич,рядовой,5,35
Семёнов Степан Викторович,сержант,2,55
Захаров Кирилл Александрович,майор,3,48
Андреев Юрий Викторович,рядовой,3,42
Смирнов Роман Олегович,прапорщик,8,34
Кузнецов Денис Юрьевич,лейтенант,2,58
Соколов Павел Александрович,прапорщик,8,29
Семёнов Олег Алексеевич,прапорщик,4,44
Морозов Сергей Михайлович,рядовой,2,20
Морозов Артём Ильич,рядовой,8,32
Захаров Олег Максимович,майор,2,39
Павлов Роман Викторович,майор,12,41
Семёнов Денис Викторович,рядовой,10,50
Сидоров Александр Юрьевич,полковник,4,54
Иванов Павел Кириллович,прапорщик,10,44
Морозов Юрий Никитич,полковник,8,30
Новиков Иван Иванович,рядовой,10,18
Макаров Егор Кириллович,прапорщик,4,25
Петров Матвей Александрович,лейтенант,8,35
Николаев Роман Кириллович,капитан,10,59
Иванов Константин Кириллович,капитан,9,28
Новиков Дмитрий Кириллович,майор,5,52
Макаров Виктор Иванович,полковник,5,40
Попов Илья Викторович,полковник,9,27
Борисов Егор Алексеевич,капитан,2,21
Кочергин Денис Павлович,сержант,6,42
Павлов Алексей Сергеевич,полковник,9,29
Андреев Михаил Дмитриевич,капитан,1,57
Смирнов Никита Андреевич,прапорщик,12,27
Борисов Андрей Павлович,рядовой,11,20
Борисов Роман Иванович,прапорщик,10,42
Кочергин Юрий Александрович,рядовой,7,28
Иванов Максим Юрьевич,капитан,7,58
Соловьёв Илья Максимович,лейтенант,11,50
Попов Дмитрий Кириллович,сержант,11,46
Морозов Иван Романович,сержант,9,38
Макаров Олег Ильич,капитан,8,38
Кочергин Олег Дмитриевич,сержант,3,60
Соколов Степан Кириллович,лейтенант,12,57
Яковлев Денис Романович,лейтенант,2,27
Кузнецов Роман Максимович,сержант,11,19
Кочергин Дмитрий Викторович,рядовой,10,47
Егоров Александр Дмитриевич,сержант,5,58
Никитин Иван Максимович,сержант,2,39
Васильев Дмитрий Никитич,рядовой,3,46
Зайцев Егор Романович,прапорщик,3,40
Смирнов Михаил Алексеевич,майор,4,50
Смирнов Матвей Алексеевич,капитан,12,39
Соколов Матвей Максимович,лейтенант,2,36
Фёдоров Никита Михайлович,сержант,5,55
Кузнецов Павел Олегович,прапорщик,2,44
Павлов Иван Иванович,рядовой,2,34
Никитин Дмитрий Дмитриевич,полковник,12,51
Соловьёв Артём Алексеевич,лейтенант,9,59
Петров Юрий Никитич,прапорщик,4,36
Иванов Иван Юрьевич,лейтенант,1,19
Павлов Артём Андреевич,капитан,12,41
Борисов Максим Дмитриевич,лейтенант,9,59
Лебедев Матвей Романович,капитан,11,48
Новиков Андрей Юрьевич,рядовой,8,27
Лебедев Александр Иванович,рядовой,8,36
Орлов Константин Кириллович,лейтенант,10,21
Николаев Артём Павлович,капитан,8,25
Васильев Евгений Михайлович,капитан,3,35
Иванов Артём Андреевич,полковник,7,60
Николаев Михаил Никитич,майор,7,47
Кочергин Сергей Максимович,рядовой,5,45
Фёдоров Степан Викторович,прапорщик,9,20
Иванов Егор Алексеевич,рядовой,9,54
Яковлев Максим Максимович,капитан,3,40
Орлов Кирилл Павлович,полковник,3,31
Сидоров Павел Сергеевич,сержант,10,52
Васильев Павел Андреевич,капитан,1,49
Борисов Алексей Викторович,капитан,6,56
Козлов Олег Викторович,полковник,9,58
Фёдоров Михаил Олегович,капитан,1,32
Козлов Степан Максимович,прапорщик,7,31
Яковлев Никита Юрьевич,капитан,10,34
Иванов Никита Максимович,сержант,9,38
Смирнов Сергей Дмитриевич,майор,6,30
Лебедев Михаил Ильич,майор,1,22
Семёнов Кирилл Александрович,майор,9,37
Лебедев Евгений Никитич,рядовой,9,35
Кочергин Степан Алексеевич,лейтенант,12,43
Сидоров Александр Сергеевич,капитан,1,47
Васильев Константин Олегович,капитан,9,29
Захаров Юрий Олегович,майор,11,41
Захаров Кирилл Никитич,капитан,10,47
Никитин Сергей Юрьевич,майор,9,54
Павлов Степан Михайлович,рядовой,9,25
Никитин Егор Юрьевич,лейтенант,9,46
Орлов Никита Иванович,майор,11,43
Соколов Виктор Олегович,полковник,8,28
Попов Павел Олегович,майор,5,55
Андреев Виктор Ильич,капитан,10,35
Яковлев Роман Иванович,полковник,3,30
Попов Дмитрий Ильич,полковник,5,46
Васильев Юрий Михайлович,рядовой,5,46
Андреев Егор Олегович,лейтенант,12,20
Степанов Матвей Павлович,прапорщик,7,19
Иванов Михаил Дмитриевич,капитан,6,29
Сидоров Артём Михайлович,прапорщик,1,24
Павлов Виктор Александрович,полковник,6,38
Соловьёв Александр Сергеевич,сержант,1,40
Алексеев Роман Сергеевич,сержант,6,32
Николаев Матвей Михайлович,сержант,10,41
Павлов Виктор Михайлович,рядовой,5,49
Кочергин Кирилл Никитич,сержант,9,60
Соловьёв Матвей Кириллович,майор,6,40
Васильев Роман Дмитриевич,рядовой,4,21
Петров Дмитрий Юрьевич,сержант,7,22
Фёдоров Илья Алексеевич,сержант,5,24
Алексеев Матвей Максимович,майор,4,41
Семёнов Дмитрий Ильич,сержант,5,31
Кузнецов Дмитрий Александрович,майор,11,22
Алексеев Сергей Романович,лейтенант,5,56
Попов Роман Викторович,майор,9,22
Андреев Сергей Александрович,рядовой,7,19
Новиков Никита Дмитриевич,полковник,9,18
Степанов Олег Максимович,прапорщик,8,42
Захаров Матвей Викторович,рядовой,9,31
Михайлов Павел Алексеевич,капитан,3,34
Захаров Олег Юрьевич,прапорщик,7,23
Егоров Максим Дмитриевич,майор,2,49
Лебедев Павел Викторович,сержант,2,60
Лебедев Кирилл Алексеевич,полковник,9,29
Борисов Егор Викторович,прапорщик,5,18
Орлов Алексей Сергеевич,рядовой,3,39
Кочергин Александр Павлович,майор,5,35
Андреев Алексей Иванович,лейтенант,12,26
Кочергин Никита Алексеевич,прапорщик,7,57
Иванов Дмитрий Максимович,майор,7,19
Соловьёв Константин Сергеевич,рядовой,2,45
Новиков Сергей Романович,полковник,12,49
Алексеев Юрий Дмитриевич,майор,11,57
Сидоров Кирилл Юрьевич,полковник,7,19
Кочергин Алексей Дмитриевич,полковник,12,34
Алексеев Никита Максимович,лейтенант,8,27
Васильев Андрей Викторович,полковник,1,58
Михайлов Илья Романович,майор,8,42
Яковлев Иван Юрьевич,рядовой,9,24
Новиков Никита Павлович,сержант,10,48
Попов Михаил Никитич,полковник,12,54
Фёдоров Сергей Алексеевич,рядовой,11,50
Смирнов Иван Андреевич,майор,11,53
Алексеев Виктор Романович,полковник,5,48
Соловьёв Павел Кириллович,лейтенант,3,56
Иванов Денис Романович,майор,5,26
Соловьёв Павел Олегович,рядовой,7,51
Васильев Матвей Никитич,капитан,5,55
Иванов Дмитрий Алексеевич,рядовой,2,57
Яковлев Илья Викторович,капитан,12,43
Васильев Иван Иванович,сержант,4,52
Сидоров Максим Алексеевич,рядовой,7,24
Андреев Никита Алексеевич,прапорщик,10,43
Михайлов Роман Павлович,рядовой,11,30
Андреев Олег Андреевич,рядовой,11,20
Соловьёв Денис Дмитриевич,сержант,1,24
Попов Сергей Алексеевич,полковник,3,29
Новиков Матвей Ильич,рядовой,3,44
Алексеев Илья Никитич,рядовой,9,34
Лебедев Илья Юрьевич,лейтенант,4,51
Егоров Артём Романович,сержант,10,51
Алексеев Никита Ильич,прапорщик,4,56
Андреев Иван Юрьевич,лейтенант,7,31
Фёдоров Константин Александрович,полковник,11,57
Морозов Алексей Алексеевич,рядовой,3,43
Семёнов Егор Максимович,рядовой,10,49
Кочергин Матвей Андреевич,лейтенант,2,53
Никитин Иван Романович,прапорщик,6,45
Орлов Артём Викторович,полковник,2,28
Морозов Иван Юрьевич,рядовой,3,24
Новиков Максим Викторович,капитан,2,58
Борисов Алексей Александрович,прапорщик,8,29
Попов Роман Сергеевич,майор,11,60
Лебедев Алексей Михайлович,лейтенант,9,24
Макаров Никита Максимович,полковник,10,43
Егоров Павел Павлович,рядовой,10,45
Кочергин Максим Михайлович,рядовой,1,23
Алексеев Никита Михайлович,капитан,10,40
Михайлов Юрий Кириллович,капитан,5,39
Козлов Никита Кириллович,лейтенант,3,18
Алексеев Павел Сергеевич,полковник,5,36
Степанов Илья Михайлович,рядовой,1,22
Михайлов Кирилл Викторович,рядовой,5,44
Зайцев Константин Павлович,майор,2,47
Андреев Евгений Павлович,лейтенант,7,58
Яковлев Александр Андреевич,лейтенант,4,37
Егоров Александр Никитич,майор,1,58
Захаров Александр Дмитриевич,полковник,7,36
Михайлов Михаил Алексеевич,сержант,9,53
Егоров Иван Александрович,капитан,6,29
Морозов Дмитрий Юрьевич,прапорщик,4,44
Кузнецов Виктор Кириллович,рядовой,8,20
Сидоров Андрей Сергеевич,рядовой,4,35
Орлов Максим Михайлович,сержант,7,43
Егоров Константин Романович,сержант,9,58
Козлов Роман Никитич,рядовой,6,58
Морозов Алексей Дмитриевич,майор,10,30
Михайлов Олег Алексеевич,сержант,3,60
Николаев Кирилл Иванович,полковник,3,56
Сидоров Иван Павлович,полковник,2,57
Попов Алексей Олегович,прапорщик,3,58
Михайлов Артём Александрович,майор,10,33
Алексеев Алексей Александрович,прапорщик,4,25
Иванов Егор Романович,полковник,6,44
Егоров Александр Максимович,лейтенант,11,40
Сидоров Кирилл Дмитриевич,сержант,4,30
Михайлов Сергей Алексеевич,майор,11,58
Борисов Константин Романович,полковник,7,23
Никитин Денис Никитич,сержант,5,38
Козлов Дмитрий Сергеевич,капитан,9,38
Смирнов Егор Алексеевич,майор,1,34
Козлов Виктор Павлович,майор,6,44
Козлов Дмитрий Максимович,майор,10,54
Егоров Егор Павлович,майор,8,29
Васильев Егор Павлович,рядовой,9,32
Соловьёв Виктор Максимович,лейтенант,11,20
Николаев Максим Сергеевич,прапорщик,7,50
Зайцев Егор Павлович,майор,1,47
Козлов Михаил Александрович,капитан,9,31
Зайцев Егор Олегович,капитан,9,25
Борисов Юрий Максимович,майор,4,59
Смирнов Сергей Романович,сержант,11,41
Борисов Артём Иванович,рядовой,7,37
Петров Максим Дмитриевич,майор,2,36
Соловьёв Константин Иванович,прапорщик,7,18
Борисов Константин Иванович,рядовой,12,43
Козлов Иван Дмитриевич,полковник,6,39
Орлов Евгений Александрович,рядовой,8,18
Лебедев Александр Викторович,полковник,6,48
Козлов Виктор Андреевич,майор,3,41
Степанов Олег Романович,майор,8,57
Соловьёв Юрий Олегович,рядовой,4,39
Попов Роман Кириллович,капитан,2,60
Макаров Роман Александрович,прапорщик,12,21
Степанов Артём Никитич,рядовой,2,25
Соловьёв Алексей Максимович,сержант,6,50
Новиков Юрий Алексеевич,сержант,12,46
Андреев Михаил Иванович,сержант,7,49
Михайлов Александр Павлович,рядовой,5,58
Алексеев Иван Максимович,прапорщик,9,57
Сидоров Максим Сергеевич,капитан,1,21
Васильев Олег Кириллович,рядовой,7,35
Макаров Матвей Алексеевич,сержант,2,46
Кочергин Дмитрий Олегович,лейтенант,5,28
Петров Евгений Ильич,лейтенант,10,33
Фёдоров Константин Юрьевич,майор,8,52
Кочергин Илья Сергеевич,капитан,10,20
Николаев Евгений Ильич,лейтенант,1,48
Кочергин Иван Ильич,рядовой,8,32
Козлов Виктор Никитич,лейтенант,12,35
Попов Сергей Александрович,капитан,6,32
Семёнов Сергей Александрович,капитан,9,30
Степанов Андрей Ильич,капитан,12,31
Лебедев Олег Викторович,прапорщик,10,53
Лебедев Степан Сергеевич,полковник,3,42
Морозов Степан Александрович,рядовой,12,55
Морозов Константин Алексеевич,рядовой,3,54
Кузнецов Алексей Андреевич,сержант,4,30
Макаров Иван Александрович,сержант,1,51
Соловьёв Илья Олегович,лейтенант,7,49
Семёнов Константин Дмитриевич,прапорщик,2,36
Николаев Денис Михайлович,рядовой,12,48
Лебедев Илья Викторович,прапорщик,10,55
Степанов Сергей Сергеевич,майор,9,27
Борисов Михаил Олегович,рядовой,4,41
Андреев Юрий Романович,прапорщик,7,50
Макаров Олег Павлович,прапорщик,11,20
Фёдоров Никита Юрьевич,лейтенант,3,58
Захаров Роман Юрьевич,рядовой,8,56
Кузнецов Роман Дмитриевич,прапорщик,11,51
Фёдоров Никита Александрович,майор,8,36
Морозов Степан Ильич,прапорщик,5,24
Смирнов Никита Ильич,капитан,8,31
Семёнов Егор Иванович,полковник,6,38
Яковлев Денис Романович,полковник,11,49
Степанов Александр Олегович,полковник,12,25
Борисов Никита Алексеевич,капитан,11,20
Смирнов Иван Андреевич,рядовой,1,32
Николаев Михаил Ильич,лейтенант,9,56
Алексеев Юрий Андреевич,полковник,7,48
Захаров Олег Александрович,прапорщик,3,55
Алексеев Михаил Юрьевич,сержант,12,29
Кочергин Олег Романович,прапорщик,11,35
Захаров Константин Олегович,капитан,11,39
Михайлов Степан Павлович,полковник,6,19
Егоров Роман Олегович,рядовой,5,24
Кочергин Виктор Максимович,лейтенант,7,58
Кузнецов Никита Павлович,сержант,8,24
Степанов Виктор Романович,полковник,5,52
Смирнов Матвей Александрович,прапорщик,2,55
Егоров Роман Кириллович,рядовой,8,49
Павлов Кирилл Дмитриевич,полковник,11,38
Степанов Кирилл Максимович,капитан,8,38
Захаров Максим Викторович,полковник,9,41
Борисов Сергей Юрьевич,майор,2,50
Михайлов Алексей Александрович,прапорщик,9,55
Егоров Иван Максимович,сержант,2,30
Павлов Константин Андреевич,майор,7,20
Морозов Юрий Олегович,прапорщик,1,39
Алексеев Артём Ильич,рядовой,9,25
Михайлов Максим Никитич,майор,12,41
Павлов Олег Алексеевич,лейтенант,1,41
Андреев Максим Алексеевич,лейтенант,3,23
Павлов Юрий Ильич,рядовой,2,26
Кочергин Виктор Дмитриевич,рядовой,1,24
Попов Виктор Юрьевич,капитан,1,21
Смирнов Максим Дмитриевич,рядовой,10,59
Семёнов Дмитрий Александрович,майор,7,43
Новиков Роман Кириллович,сержант,9,40
Фёдоров Дмитрий Сергеевич,майор,5,58
Орлов Кирилл Сергеевич,рядовой,2,58
Фёдоров Кирилл Кириллович,лейтенант,8,23
Зайцев Андрей Иванович,сержант,8,56
Иванов Виктор Михайлович,рядовой,4,18
Зайцев Константин Максимович,майор,2,49
Борисов Матвей Андреевич,рядовой,10,26
Морозов Максим Александрович,сержант,10,25
Иванов Алексей Кириллович,майор,3,58
Семёнов Роман Кириллович,сержант,3,56
Николаев Михаил Романович,майор,2,46
Макаров Артём Максимович,полковник,6,51
Михайлов Егор Олегович,лейтенант,4,45
Новиков Виктор Сергеевич,прапорщик,10,46
Яковлев Илья Ильич,капитан,12,44
Борисов Дмитрий Дмитриевич,полковник,12,31
Яковлев Юрий Алексеевич,капитан,10,28
Андреев Кирилл Александрович,сержант,11,59
Андреев Кирилл Сергеевич,прапорщик,3,42
Зайцев Евгений Юрьевич,полковник,7,33
Никитин Андрей Павлович,лейтенант,4,56
Попов Михаил Олегович,майор,7,48
Орлов Павел Максимович,капитан,2,57
Яковлев Никита Романович,прапорщик,11,29
Морозов Илья Дмитриевич,лейтенант,7,33
Соловьёв Максим Иванович,капитан,11,32
Павлов Матвей Юрьевич,рядовой,3,42
Михайлов Андрей Алексеевич,майор,11,19
Лебедев Сергей Михайлович,полковник,3,41
Андреев Дмитрий Павлович,капитан,8,21
Кузнецов Никита Дмитриевич,майор,3,31
Кочергин Роман Викторович,капитан,3,27
Попов Степан Александрович,сержант,11,30
Иванов Павел Ильич,рядовой,7,22
Макаров Александр Олегович,рядовой,7,23
Фёдоров Максим Ильич,лейтенант,4,28
Орлов Александр Никитич,рядовой,3,45
Смирнов Олег Дмитриевич,рядовой,2,26
Иванов Егор Сергеевич,лейтенант,4,25
Иванов Сергей Андреевич,рядовой,6,18
Морозов Никита Олегович,майор,9,48
Козлов Роман Юрьевич,прапорщик,9,26
Зайцев Алексей Кириллович,лейтенант,11,23
Соловьёв Иван Андреевич,капитан,3,58
Соловьёв Юрий Романович,сержант,12,58
Кочергин Сергей Ильич,капитан,1,47
Макаров Павел Олегович,полковник,12,49
Андреев Максим Александрович,капитан,12,41
Алексеев Олег Павлович,прапорщик,6,21
Борисов Степан Олегович,майор,2,20
Кузнецов Михаил Михайлович,прапорщик,8,53
Иванов Степан Иванович,лейтенант,5,38
Кузнецов Александр Максимович,капитан,7,22
Морозов Роман Иванович,капитан,6,59
Сидоров Алексей Олегович,прапорщик,7,25
Соколов Алексей Ильич,сержант,2,54
Яковлев Максим Ильич,майор,9,46
Попов Роман Кириллович,рядовой,10,45
Морозов Павел Юрьевич,майор,2,23
Никитин Иван Олегович,полковник,12,21
Яковлев Алексей Олегович,рядовой,6,41
Семёнов Иван Олегович,рядовой,1,40
Смирнов Андрей Кириллович,майор,2,41
Иванов Павел Сергеевич,прапорщик,12,36
Иванов Юрий Михайлович,майор,11,56
Соловьёв Виктор Никитич,полковник,12,29
Макаров Денис Кириллович,капитан,3,50
Соколов Дмитрий Сергеевич,полковник,8,45
Соколов Константин Андреевич,сержант,3,58
Зайцев Юрий Ильич,рядовой,8,37
Соколов Роман Романович,майор,8,27
Сидоров Матвей Иванович,рядовой,9,28
Соловьёв Михаил Никитич,рядовой,4,57
Морозов Константин Михайлович,сержант,2,37
Кузнецов Виктор Олегович,майор,9,36
Алексеев Иван Романович,прапорщик,8,37
Попов Роман Романович,майор,5,55
Попов Максим Михайлович,рядовой,3,22
Васильев Роман Сергеевич,капитан,9,38
Яковлев Иван Михайлович,рядовой,4,51
Андреев Никита Юрьевич,капитан,5,20
Захаров Дмитрий Никитич,прапорщик,3,49
Кузнецов Егор Никитич,капитан,1,52
Петров Иван Павлович,полковник,4,54
Макаров Павел Сергеевич,майор,7,28
Захаров Кирилл Дмитриевич,полковник,11,55
Борисов Алексей Викторович,прапорщик,8,21
Борисов Сергей Сергеевич,сержант,2,26
Морозов Алексей Дмитриевич,капитан,7,29
Попов Денис Кириллович,сержант,7,58
Петров Егор Олегович,рядовой,10,56
Алексеев Артём Павлович,майор,8,57
Макаров Юрий Дмитриевич,полковник,9,60
Андреев Матвей Андреевич,полковник,2,24
Павлов Сергей Михайлович,полковник,3,19
Степанов Александр Дмитриевич,майор,11,42
Михайлов Александр Иванович,полковник,3,19
Борисов Степан Михайлович,лейтенант,2,21
Попов Матвей Романович,полковник,10,49
Кузнецов Матвей Павлович,полковник,6,34
Алексеев Максим Иванович,лейтенант,3,29
Никитин Степан Павлович,полковник,3,38
Зайцев Константин Никитич,сержант,5,39
Соловьёв Павел Олегович,полковник,1,50
Морозов Олег Алексеевич,лейтенант,11,50
Никитин Роман Юрьевич,лейтенант,4,47
Николаев Кирилл Кириллович,рядовой,6,21
Николаев Артём Викторович,прапорщик,10,60
Макаров Иван Алексеевич,лейтенант,5,46
Яковлев Денис Юрьевич,капитан,10,57
Борисов Дмитрий Михайлович,рядовой,12,42
Михайлов Олег Кириллович,прапорщик,6,33
Иванов Денис Викторович,полковник,4,28
Степанов Константин Павлович,рядовой,12,21
Васильев Александр Викторович,лейтенант,8,34
Сидоров Павел Сергеевич,рядовой,5,20
Фёдоров Александр Ильич,сержант,7,58
Соколов Александр Ильич,майор,3,39
Семёнов Илья Дмитриевич,рядовой,2,19
Попов Егор Алексеевич,капитан,6,33
Фёдоров Александр Юрьевич,сержант,9,42
Егоров Юрий Максимович,майор,8,46
Соловьёв Артём Михайлович,рядовой,6,57
Никитин Степан Александрович,сержант,11,54
Кочергин Юрий Никитич,капитан,6,57
Егоров Матвей Никитич,майор,12,25
Новиков Денис Павлович,прапорщик,5,36
Соколов Роман Михайлович,капитан,1,50
Петров Дмитрий Александрович,рядовой,6,33
Попов Кирилл Александрович,майор,12,46
Никитин Алексей Иванович,полковник,10,53
Кузнецов Егор Иванович,полковник,12,26
Смирнов Кирилл Ильич,прапорщик,5,48
Иванов Евгений Михайлович,прапорщик,7,54
Соловьёв Олег Юрьевич,прапорщик,8,45
Егоров Олег Алексеевич,майор,11,60
Новиков Кирилл Иванович,майор,6,57
Лебедев Егор Максимович,полковник,10,42
Козлов Дмитрий Павлович,капитан,10,33
Соловьёв Михаил Андреевич,полковник,12,23
Егоров Александр Максимович,майор,12,46
Иванов Роман Андреевич,капитан,11,41
Борисов Михаил Михайлович,лейтенант,7,39
Андреев Михаил Иванович,полковник,8,34
Петров Матвей Алексеевич,сержант,11,28
Андреев Михаил Максимович,сержант,1,36
Андреев Алексей Михайлович,сержант,5,34
Кузнецов Матвей Ильич,сержант,6,47
Семёнов Александр Ильич,капитан,1,58
Петров Иван Олегович,полковник,12,53
Захаров Юрий Александрович,рядовой,7,28
Никитин Алексей Иванович,рядовой,8,30
Фёдоров Артём Павлович,рядовой,4,31
Никитин Михаил Алексеевич,лейтенант,2,53
Смирнов Виктор Павлович,сержант,9,51
Борисов Павел Ильич,сержант,7,45
Фёдоров Максим Иванович,лейтенант,12,27
Кочергин Матвей Иванович,сержант,9,51
Алексеев Денис Иванович,полковник,10,22
Смирнов Михаил Александрович,рядовой,5,19
Семёнов Виктор Павлович,прапорщик,3,48
Васильев Илья Романович,сержант,10,41
Петров Виктор Александрович,рядовой,2,56
Никитин Юрий Максимович,лейтенант,9,27
Борисов Юрий Викторович,полковник,3,34
Николаев Евгений Кириллович,лейтенант,4,41
Борисов Юрий Юрьевич,прапорщик,1,44
Фёдоров Константин Сергеевич,майор,1,23
Смирнов Виктор Максимович,сержант,3,29
Фёдоров Павел Викторович,полковник,1,42
Никитин Юрий Андреевич,капитан,11,57
Зайцев Евгений Романович,сержант,2,43
Яковлев Степан Олегович,майор,5,47
Сидоров Матвей Александрович,капитан,4,41
Козлов Константин Михайлович,лейтенант,2,33
Зайцев Егор Юрьевич,прапорщик,1,27
Петров Сергей Ильич,капитан,8,55
Фёдоров Михаил Ильич,капитан,5,44
Соколов Константин Викторович,сержант,8,33
Егоров Олег Ильич,полковник,8,47
Кочергин Матвей Сергеевич,прапорщик,1,29
Никитин Александр Андреевич,капитан,10,43
Новиков Кирилл Никитич,сержант,5,23
Павлов Сергей Викторович,капитан,8,59
Егоров Матвей Павлович,сержант,7,19
Степанов Матвей Кириллович,рядовой,8,42
Алексеев Александр Викторович,лейтенант,6,18
Захаров Максим Романович,рядовой,11,60
Новиков Олег Олегович,лейтенант,6,36
Лебедев Степан Кириллович,лейтенант,4,47
Морозов Алексей Кириллович,полковник,7,60
Яковлев Павел Павлович,майор,12,21
Макаров Константин Ильич,сержант,3,48
Соколов Максим Никитич,рядовой,12,26
Никитин Кирилл Ильич,майор,7,33
Морозов Денис Кириллович,рядовой,4,52
Кочергин Никита Ильич,капитан,4,23
Макаров Виктор Иванович,сержант,9,46
Егоров Никита Сергеевич,полковник,7,48
Сидоров Артём Никитич,прапорщик,10,35
Морозов Дмитрий Романович,полковник,11,44
Петров Юрий Олегович,капитан,8,51
Степанов Артём Дмитриевич,сержант,3,59
Смирнов Артём Олегович,майор,5,30
Кочергин Максим Иванович,капитан,5,57
Смирнов Матвей Иванович,рядовой,6,45
Васильев Юрий Сергеевич,лейтенант,11,23
Николаев Денис Романович,полковник,8,21
Егоров Сергей Кириллович,лейтенант,10,29
Михайлов Степан Павлович,прапорщик,3,28
Васильев Дмитрий Сергеевич,сержант,8,33
Алексеев Виктор Алексеевич,капитан,3,60
Иванов Никита Иванович,полковник,8,57
Степанов Алексей Кириллович,прапорщик,5,26
Кузнецов Егор Олегович,рядовой,8,37
Алексеев Михаил Викторович,полковник,6,55
Павлов Максим Кириллович,капитан,8,56
Соловьёв Егор Алексеевич,полковник,1,34
Захаров Виктор Кириллович,сержант,9,50
Васильев Денис Максимович,сержант,9,54
Макаров Михаил Иванович,майор,11,34
Соловьёв Константин Викторович,полковник,1,47
Андреев Евгений Ильич,лейтенант,4,36
Алексеев Дмитрий Сергеевич,полковник,9,45
Иванов Артём Олегович,прапорщик,5,36
Смирнов Артём Иванович,рядовой,9,44
Борисов Степан Романович,полковник,2,29
Орлов Павел Иванович,полковник,2,45
Николаев Сергей Андреевич,полковник,3,48
Орлов Степан Олегович,сержант,2,48
Иванов Олег Сергеевич,капитан,2,44
Егоров Дмитрий Олегович,майор,5,31
Васильев Егор Олегович,лейтенант,5,32
Макаров Дмитрий Ильич,майор,2,58
Соловьёв Матвей Романович,лейтенант,4,25
Семёнов Денис Олегович,прапорщик,9,22
Лебедев Иван Викторович,рядовой,1,24
Алексеев Евгений Викторович,майор,10,44
Яковлев Денис Андреевич,майор,2,44
Захаров Константин Павлович,лейтенант,10,33
Смирнов Илья Сергеевич,рядовой,10,27
Борисов Дмитрий Павлович,прапорщик,10,42
Степанов Илья Дмитриевич,прапорщик,6,45
Козлов Артём Олегович,полковник,10,35
Иванов Виктор Андреевич,майор,2,19
Макаров Денис Павлович,рядовой,1,46
Кочергин Александр Викторович,сержант,5,57
Алексеев Никита Юрьевич,прапорщик,12,37
Сидоров Никита Максимович,прапорщик,4,24
Семёнов Матвей Викторович,сержант,2,19
Васильев Алексей Павлович,сержант,8,22
Козлов Юрий Романович,полковник,4,39
Николаев Степан Никитич,майор,2,37
Попов Егор Юрьевич,рядовой,3,50
Зайцев Константин Дмитриевич,рядовой,10,20
Сидоров Виктор Никитич,прапорщик,6,20
Козлов Иван Романович,прапорщик,3,20
Михайлов Иван Дмитриевич,рядовой,7,45
Соколов Роман Викторович,лейтенант,4,42
Алексеев Артём Юрьевич,рядовой,7,36
Фёдоров Евгений Ильич,лейтенант,8,20
Морозов Олег Никитич,капитан,4,57
Морозов Константин Андреевич,капитан,3,47
Сидоров Кирилл Олегович,майор,1,19
Макаров Александр Максимович,сержант,8,54
Сидоров Максим Иванович,полковник,1,48
Смирнов Алексей Юрьевич,капитан,1,56
Козлов Степан Никитич,лейтенант,8,23
Кузнецов Дмитрий Викторович,майор,4,41
Орлов Никита Иванович,майор,12,18
Алексеев Андрей Викторович,прапорщик,7,34
Козлов Иван Михайлович,прапорщик,2,18
Николаев Денис Викторович,лейтенант,7,41
Захаров Виктор Кириллович,майор,6,38
Смирнов Юрий Александрович,майор,2,51
Яковлев Константин Юрьевич,майор,10,41
Петров Артём Иванович,сержант,5,54
Макаров Евгений Михайлович,капитан,5,36
Борисов Виктор Ильич,рядовой,3,54
Семёнов Виктор Романович,прапорщик,4,54
Андреев Константин Михайлович,лейтенант,5,54
Орлов Михаил Иванович,лейтенант,11,29
Лебедев Иван Павлович,полковник,1,30
Степанов Иван Кириллович,рядовой,1,37
Захаров Денис Иванович,капитан,9,45
Николаев Илья Павлович,полковник,9,51
Попов Алексей Иванович,полковник,4,39
Сидоров Никита Сергеевич,майор,7,60
Фёдоров Константин Викторович,сержант,6,49
Кочергин Алексей Юрьевич,полковник,5,34
Михайлов Михаил Андреевич,рядовой,10,58
Васильев Кирилл Олегович,капитан,6,37
Морозов Павел Павлович,рядовой,2,29
Павлов Виктор Викторович,полковник,3,27
Андреев Евгений Романович,прапорщик,4,34
Борисов Роман Максимович,прапорщик,8,50
Егоров Матвей Никитич,полковник,11,32
Андреев Виктор Павлович,майор,8,36
Никитин Алексей Иванович,рядовой,3,58
Морозов Максим Михайлович,прапорщик,7,27
Семёнов Александр Сергеевич,прапорщик,9,47
Орлов Алексей Павлович,капитан,10,50
Зайцев Андрей Никитич,капитан,1,35
Соловьёв Михаил Александрович,капитан,12,59
Яковлев Александр Кириллович,майор,6,44
Захаров Кирилл Сергеевич,сержант,10,44
Кузнецов Дмитрий Романович,капитан,10,37
Зайцев Александр Ильич,сержант,5,55
Орлов Сергей Романович,лейтенант,12,44
Степанов Денис Андреевич,лейтенант,5,26
Михайлов Степан Александрович,прапорщик,9,58
Сидоров Константин Романович,капитан,3,22
Михайлов Кирилл Михайлович,сержант,12,57
Павлов Евгений Ильич,лейтенант,4,21
Николаев Егор Иванович,полковник,1,33
Васильев Евгений Викторович,капитан,1,22
Козлов Михаил Ильич,рядовой,3,34
Егоров Андрей Сергеевич,прапорщик,1,28
Новиков Михаил Дмитриевич,лейтенант,12,46
Михайлов Олег Андреевич,полковник,11,46
Захаров Артём Кириллович,сержант,11,31
Степанов Сергей Алексеевич,прапорщик,5,18
Орлов Андрей Максимович,полковник,11,22
Соловьёв Степан Олегович,рядовой,12,45
Лебедев Никита Сергеевич,лейтенант,8,59
Семёнов Роман Кириллович,сержант,12,56
Борисов Андрей Олегович,полковник,4,37
Попов Артём Андреевич,полковник,2,57
Фёдоров Олег Михайлович,майор,1,26
Фёдоров Егор Иванович,лейтенант,6,26
Морозов Максим Дмитриевич,полковник,2,51
Кочергин Сергей Кириллович,майор,9,58
Новиков Андрей Ильич,рядовой,3,54
Лебедев Андрей Максимович,лейтенант,2,36
Захаров Максим Юрьевич,полковник,4,29
Васильев Евгений Олегович,полковник,2,33
Орлов Максим Иванович,капитан,5,50
Захаров Илья Ильич,прапорщик,3,58
Иванов Александр Ильич,лейтенант,9,27
Михайлов Кирилл Кириллович,сержант,7,45
Петров Александр Романович,капитан,8,43
Васильев Юрий Иванович,лейтенант,8,34
Павлов Олег Сергеевич,капитан,2,37
Зайцев Кирилл Олегович,полковник,9,44
Соловьёв Алексей Александрович,рядовой,11,48
Соколов Виктор Михайлович,майор,12,53
Васильев Павел Иванович,рядовой,10,60
Михайлов Александр Дмитриевич,полковник,2,36
Николаев Максим Дмитриевич,полковник,12,59
Зайцев Павел Александрович,полковник,12,27
Зайцев Степан Ильич,рядовой,11,30
Петров Михаил Александрович,прапорщик,12,28
Козлов Андрей Максимович,полковник,10,26
Андреев Алексей Александрович,лейтенант,1,58
Смирнов Степан Ильич,прапорщик,6,19
Николаев Кирилл Алексеевич,майор,3,25
Орлов Павел Кириллович,майор,4,35
Козлов Павел Сергеевич,полковник,6,18
Захаров Матвей Максимович,рядовой,4,58
Сидоров Олег Кириллович,рядовой,5,50
Попов Артём Иванович,рядовой,8,45
Орлов Виктор Дмитриевич,прапорщик,10,39
Алексеев Денис Сергеевич,капитан,12,58
Орлов Максим Иванович,полковник,8,23
Фёдоров Роман Михайлович,майор,4,25
Борисов Андрей Романович,сержант,5,41
Морозов Сергей Михайлович,майор,7,44
Алексеев Сергей Сергеевич,полковник,4,58
Андреев Константин Сергеевич,прапорщик,12,42
Яковлев Денис Александрович,майор,2,29
Иванов Олег Михайлович,прапорщик,4,23
Егоров Денис Сергеевич,полковник,6,51
Новиков Алексей Сергеевич,майор,7,24
Соколов Юрий Никитич,полковник,5,54
Егоров Денис Иванович,майор,9,20
Новиков Юрий Александрович,рядовой,1,51
Новиков Сергей Максимович,сержант,3,54
Алексеев Егор Дмитриевич,майор,2,49
Новиков Виктор Алексеевич,сержант,1,22
Кочергин Роман Александрович,капитан,9,56
Никитин Павел Андреевич,майор,6,26
Степанов Андрей Максимович,рядовой,10,24
Борисов Иван Алексеевич,сержант,1,53
Борисов Михаил Романович,полковник,11,22
Петров Кирилл Сергеевич,капитан,1,59
Соловьёв Иван Дмитриевич,сержант,5,32
Васильев Иван Викторович,лейтенант,5,48
Зайцев Кирилл Романович,лейтенант,7,34
Зайцев Константин Олегович,полковник,5,45
Алексеев Евгений Юрьевич,прапорщик,10,26
Зайцев Виктор Иванович,прапорщик,6,36
Лебедев Илья Ильич,лейтенант,7,54
Михайлов Павел Романович,прапорщик,10,41
Степанов Матвей Алексеевич,рядовой,2,53
Зайцев Кирилл Александрович,рядовой,4,36
Николаев Олег Александрович,рядовой,4,43
Павлов Алексей Дмитриевич,прапорщик,5,27
Новиков Илья Кириллович,прапорщик,8,42
Кочергин Денис Александрович,сержант,5,56
Попов Матвей Михайлович,прапорщик,11,29
Яковлев Михаил Иванович,сержант,11,38
Яковлев Дмитрий Олегович,капитан,5,32
Зайцев Максим Ильич,майор,5,31
Зайцев Евгений Алексеевич,сержант,5,46
Васильев Алексей Павлович,прапорщик,10,53
Макаров Андрей Кириллович,лейтенант,8,32
Захаров Илья Алексеевич,капитан,12,40
Морозов Роман Юрьевич,майор,1,25
Николаев Сергей Никитич,сержант,12,21
Егоров Степан Олегович,лейтенант,12,39
Соколов Кирилл Сергеевич,прапорщик,3,40
Кочергин Егор Андреевич,рядовой,11,39
Кузнецов Егор Викторович,рядовой,5,25
Захаров Константин Ильич,сержант,4,22
Борисов Артём Кириллович,полковник,10,34
Захаров Степан Олегович,полковник,3,50
Павлов Кирилл Максимович,лейтенант,3,26
Фёдоров Константин Романович,полковник,3,54
Орлов Михаил Алексеевич,полковник,1,19
Козлов Степан Ильич,прапорщик,3,40
Сидоров Дмитрий Алексеевич,прапорщик,11,35
Лебедев Роман Никитич,рядовой,1,49
Соловьёв Дмитрий Кириллович,полковник,12,38
Морозов Павел Павлович,рядовой,11,37
Алексеев Павел Иванович,лейтенант,5,52
Кузнецов Юрий Александрович,сержант,3,53
Павлов Денис Викторович,прапорщик,4,58
Павлов Михаил Викторович,прапорщик,10,55
Сидоров Михаил Алексеевич,полковник,3,24
Новиков Юрий Алексеевич,майор,7,58
Петров Степан Ильич,капитан,1,56
Новиков Павел Романович,капитан,12,34
Сидоров Константин Андреевич,рядовой,5,49
Петров Степан Дмитриевич,прапорщик,8,53
Кузнецов Роман Сергеевич,полковник,10,54
Андреев Матвей Михайлович,майор,3,41
Егоров Евгений Юрьевич,рядовой,7,56
Смирнов Алексей Юрьевич,сержант,6,35
Соловьёв Илья Алексеевич,капитан,9,57
Орлов Павел Викторович,лейтенант,6,56
Новиков Алексей Андреевич,прапорщик,12,38
Захаров Роман Юрьевич,сержант,6,39
Фёдоров Евгений Михайлович,капитан,10,23
Зайцев Михаил Михайлович,майор,5,20
Лебедев Роман Романович,прапорщик,11,51
Кочергин Роман Михайлович,сержант,2,20
Иванов Кирилл Андреевич,майор,12,39
Николаев Никита Романович,сержант,7,49
Соколов Никита Викторович,сержант,6,37
Сидоров Виктор Юрьевич,прапорщик,10,49
Михайлов Виктор Михайлович,рядовой,3,41
Зайцев Илья Дмитриевич,прапорщик,4,40
Соловьёв Виктор Максимович,сержант,3,32
Яковлев Евгений Викторович,лейтенант,10,50
Соловьёв Константин Никитич,полковник,9,21
Макаров Михаил Иванович,лейтенант,11,45
Иванов Михаил Михайлович,сержант,8,49
Орлов Максим Ильич,рядовой,4,27
Морозов Денис Викторович,лейтенант,2,37
Попов Иван Алексеевич,капитан,7,48
Макаров Денис Кириллович,полковник,4,36
Смирнов Денис Михайлович,рядовой,11,47
Егоров Алексей Александрович,майор,12,28
Сидоров Андрей Викторович,лейтенант,10,50
Соколов Иван Романович,полковник,8,52
Новиков Роман Максимович,майор,11,39
Соколов Александр Ильич,лейтенант,1,47
Козлов Артём Викторович,капитан,2,59
Сидоров Артём Никитич,майор,7,60
Фёдоров Сергей Максимович,полковник,8,26
Васильев Никита Андреевич,капитан,5,34
Семёнов Иван Никитич,капитан,9,30
Соловьёв Александр Павлович,прапорщик,7,21
Соловьёв Павел Иванович,рядовой,9,32
Зайцев Юрий Алексеевич,полковник,10,26
Сидоров Михаил Алексеевич,рядовой,2,27
Степанов Дмитрий Иванович,полковник,5,24
Смирнов Дмитрий Романович,полковник,4,44
Сидоров Юрий Дмитриевич,сержант,1,36
Макаров Денис Максимович,лейтенант,10,46
Кузнецов Юрий Викторович,прапорщик,11,55
Андреев Егор Алексеевич,майор,10,57
Павлов Роман Максимович,лейтенант,1,26
Степанов Алексей Ильич,лейтенант,3,48
Борисов Сергей Иванович,рядовой,8,46
Смирнов Михаил Никитич,полковник,7,21
Попов Константин Павлович,полковник,5,56
Яковлев Александр Алексеевич,майор,4,41
Смирнов Кирилл Ильич,прапорщик,11,40
Николаев Роман Максимович,прапорщик,9,34
Сидоров Юрий Ильич,майор,1,44
Степанов Илья Олегович,прапорщик,9,44
Захаров Алексей Романович,прапорщик,6,26
Егоров Роман Кириллович,прапорщик,3,55
Андреев Артём Дмитриевич,прапорщик,7,55
Козлов Павел Сергеевич,полковник,6,27
Петров Иван Алексеевич,полковник,9,42
Иванов Роман Иванович,рядовой,1,51
Захаров Артём Максимович,рядовой,10,24
Макаров Павел Юрьевич,капитан,1,18
Морозов Евгений Ильич,полковник,3,25
Семёнов Денис Иванович,майор,1,32
Соловьёв Виктор Кириллович,лейтенант,1,18
Михайлов Степан Викторович,лейтенант,11,25
Кочергин Матвей Иванович,майор,4,40
Лебедев Алексей Романович,капитан,2,28
Попов Михаил Андреевич,капитан,9,57
Андреев Степан Олегович,капитан,8,58
Соловьёв Андрей Сергеевич,сержант,2,39
Андреев Степан Дмитриевич,прапорщик,12,60
Зайцев Кирилл Дмитриевич,майор,2,40
Кочергин Денис Александрович,майор,2,25
Фёдоров Евгений Кириллович,рядовой,2,41
Фёдоров Константин Кириллович,полковник,1,49
Петров Денис Кириллович,прапорщик,11,54
Макаров Никита Кириллович,рядовой,2,43
Петров Олег Кириллович,рядовой,12,37
Никитин Матвей Михайлович,сержант,3,29
Егоров Андрей Алексеевич,прапорщик,5,46
Никитин Дмитрий Алексеевич,майор,1,21
Петров Егор Сергеевич,лейтенант,3,43
Захаров Денис Романович,прапорщик,4,50
Зайцев Егор Иванович,рядовой,7,59
Зайцев Денис Михайлович,полковник,5,26
Николаев Егор Никитич,полковник,3,46
Морозов Константин Ильич,полковник,11,19
Козлов Никита Александрович,полковник,2,56
Соколов Никита Никитич,майор,2,37
Николаев Илья Максимович,капитан,8,43
Павлов Иван Сергеевич,лейтенант,5,48
Борисов Матвей Иванович,прапорщик,12,18
Попов Артём Кириллович,рядовой,12,28
Фёдоров Иван Никитич,капитан,2,34
Козлов Никита Ильич,рядовой,5,45
Петров Павел Юрьевич,сержант,8,39
Смирнов Виктор Алексеевич,майор,4,43
Семёнов Степан Павлович,сержант,6,52
Кочергин Никита Юрьевич,полковник,1,47
Лебедев Алексей Олегович,рядовой,12,37
Васильев Михаил Романович,лейтенант,2,57
Степанов Егор Александрович,лейтенант,12,27
Лебедев Сергей Сергеевич,прапорщик,4,28
Козлов Михаил Максимович,полковник,2,19
Алексеев Александр Юрьевич,лейтенант,8,45
Захаров Кирилл Алексеевич,прапорщик,2,25
Борисов Роман Максимович,лейтенант,9,44
Андреев Сергей Романович,рядовой,5,57
Соколов Дмитрий Александрович,полковник,2,23
Сидоров Константин Олегович,лейтенант,10,49
Козлов Михаил Андреевич,рядовой,6,54
Борисов Евгений Викторович,капитан,9,44
Соколов Степан Викторович,полковник,6,57
Борисов Михаил Романович,прапорщик,11,30
Сидоров Максим Павлович,рядовой,6,60
Орлов Роман Максимович,полковник,4,44
Попов Степан Павлович,сержант,8,20
Зайцев Сергей Романович,полковник,4,37
Павлов Кирилл Юрьевич,прапорщик,3,26
Козлов Юрий Александрович,сержант,7,23
Алексеев Андрей Сергеевич,прапорщик,3,38
Петров Егор Максимович,сержант,2,31
Иванов Никита Юрьевич,капитан,10,55
Козлов Денис Никитич,капитан,3,41
Иванов Денис Андреевич,лейтенант,5,42
Яковлев Алексей Ильич,майор,5,52
Егоров Кирилл Кириллович,прапорщик,11,45
Егоров Дмитрий Дмитриевич,сержант,7,27
Степанов Максим Андреевич,полковник,12,40
Николаев Егор Иванович,майор,7,33
Макаров Иван Павлович,лейтенант,8,19
Лебедев Роман Дмитриевич,рядовой,9,30
Степанов Матвей Викторович,полковник,8,59
Павлов Кирилл Павлович,лейтенант,10,19
Попов Артём Дмитриевич,прапорщик,11,36
Андреев Кирилл Олегович,сержант,11,48
Макаров Юрий Сергеевич,майор,5,51
Андреев Иван Максимович,прапорщик,9,25
Иванов Евгений Андреевич,сержант,4,24
Макаров Олег Александрович,полковник,4,53
Зайцев Юрий Сергеевич,прапорщик,2,25
Яковлев Виктор Олегович,прапорщик,3,49
Орлов Денис Никитич,рядовой,9,51
Степанов Артём Никитич,полковник,8,28
Макаров Виктор Романович,прапорщик,11,39
Васильев Евгений Алексеевич,капитан,9,33
Яковлев Сергей Олегович,майор,4,57
Андреев Андрей Иванович,рядовой,5,50
Борисов Егор Сергеевич,полковник,4,32
Никитин Евгений Иванович,прапорщик,5,34
Лебедев Алексей Максимович,капитан,6,20
Яковлев Денис Ильич,прапорщик,11,49
Захаров Никита Никитич,прапорщик,5,35
Егоров Степан Викторович,прапорщик,4,50
Васильев Дмитрий Александрович,прапорщик,4,29
Петров Константин Сергеевич,лейтенант,3,20
Яковлев Артём Иванович,капитан,9,21
Семёнов Алексей Максимович,прапорщик,3,41
Павлов Степан Кириллович,прапорщик,8,57
Петров Андрей Павлович,полковник,2,25
Кочергин Артём Викторович,капитан,6,43
Козлов Александр Ильич,полковник,6,41
Семёнов Юрий Александрович,майор,1,29
Андреев Степан Романович,полковник,11,57
Алексеев Степан Кириллович,полковник,3,44
Иванов Никита Никитич,рядовой,12,39
Макаров Михаил Александрович,сержант,11,32
Козлов Матвей Андреевич,майор,11,44
Петров Денис Сергеевич,лейтенант,7,37
Захаров Кирилл Юрьевич,капитан,8,39
Андреев Александр Андреевич,рядовой,11,55
Козлов Денис Павлович,сержант,1,21
Фёдоров Матвей Ильич,рядовой,5,57
Зайцев Иван Максимович,лейтенант,12,60
Соловьёв Артём Дмитриевич,лейтенант,7,60
Макаров Олег Александрович,майор,10,50
Зайцев Александр Кириллович,прапорщик,4,21
Кузнецов Степан Максимович,прапорщик,9,32
Захаров Никита Павлович,сержант,12,43
Кочергин Алексей Никитич,лейтенант,1,21
Захаров Михаил Никитич,капитан,7,37
Яковлев Александр Кириллович,сержант,9,58
Соколов Степан Романович,полковник,5,33
Зайцев Роман Викторович,лейтенант,9,37
Степанов Дмитрий Никитич,прапорщик,12,60
Борисов Олег Никитич,сержант,5,18
Борисов Алексей Андреевич,капитан,12,54
Морозов Степан Павлович,майор,6,49
Борисов Павел Юрьевич,рядовой,1,38
Соловьёв Артём Андреевич,лейтенант,12,57
Захаров Евгений Никитич,лейтенант,10,39
Павлов Константин Иванович,прапорщик,11,53
Михайлов Иван Дмитриевич,рядовой,5,42
Васильев Юрий Иванович,прапорщик,5,18
Козлов Иван Александрович,рядовой,5,54
Борисов Кирилл Дмитриевич,прапорщик,5,21
Соколов Никита Никитич,полковник,7,27
Козлов Сергей Михайлович,сержант,6,30
Степанов Олег Максимович,прапорщик,1,59
Андреев Алексей Павлович,капитан,8,21
Козлов Константин Александрович,рядовой,8,32
Соловьёв Роман Никитич,прапорщик,7,51
Васильев Павел Сергеевич,прапорщик,10,48
Степанов Сергей Олегович,рядовой,3,37
Новиков Константин Дмитриевич,майор,2,24
Васильев Егор Кириллович,сержант,2,37
Васильев Егор Алексеевич,полковник,4,48
Захаров Степан Александрович,майор,2,46
Смирнов Сергей Юрьевич,капитан,7,37
Егоров Дмитрий Дмитриевич,лейтенант,11,27
Кузнецов Иван Дмитриевич,прапорщик,5,53
Козлов Роман Никитич,майор,9,54
Степанов Никита Иванович,майор,12,55
Семёнов Михаил Романович,капитан,11,27
Лебедев Никита Михайлович,полковник,1,51
Лебедев Андрей Александрович,сержант,2,37
Степанов Сергей Сергеевич,рядовой,11,60
Яковлев Матвей Андреевич,майор,6,23
Павлов Виктор Олегович,полковник,7,30
Макаров Константин Михайлович,рядовой,2,36
Борисов Юрий Романович,полковник,4,45
Орлов Михаил Олегович,майор,7,21
Васильев Александр Никитич,полковник,12,45
Васильев Виктор Романович,рядовой,9,25
Соколов Степан Иванович,капитан,2,26
Павлов Виктор Алексеевич,полковник,4,27
Соколов Алексей Андреевич,майор,1,32
Лебедев Никита Павлович,прапорщик,5,39
Яковлев Павел Дмитриевич,сержант,12,49
Смирнов Кирилл Сергеевич,сержант,11,60
Михайлов Кирилл Дмитриевич,майор,9,48
Алексеев Илья Дмитриевич,майор,12,18
Яковлев Артём Никитич,рядовой,2,45
Кузнецов Степан Андреевич,капитан,12,44
Морозов Артём Олегович,прапорщик,6,56
Зайцев Юрий Сергеевич,капитан,4,42
Семёнов Степан Викторович,рядовой,3,56
Михайлов Павел Викторович,лейтенант,6,44
Борисов Михаил Михайлович,рядовой,4,45
Смирнов Андрей Сергеевич,прапорщик,7,35
Степанов Степан Михайлович,майор,1,29
Кузнецов Денис Кириллович,лейтенант,3,39
Егоров Денис Ильич,лейтенант,12,50
Николаев Сергей Алексеевич,рядовой,5,46
Борисов Дмитрий Андреевич,рядовой,3,19
Егоров Егор Никитич,капитан,1,30
Кочергин Егор Юрьевич,прапорщик,10,24
Попов Юрий Кириллович,полковник,9,59
Степанов Степан Дмитриевич,рядовой,6,24
Макаров Илья Ильич,капитан,3,34
Михайлов Илья Юрьевич,рядовой,5,26
Захаров Александр Никитич,сержант,3,29
Егоров Иван Иванович,капитан,9,37
Зайцев Роман Павлович,рядовой,12,40
Алексеев Константин Романович,капитан,10,47
Новиков Виктор Дмитриевич,прапорщик,12,31
Васильев Егор Павлович,капитан,6,21
Соколов Степан Алексеевич,сержант,8,35
Кочергин Степан Олегович,сержант,9,28
Иванов Денис Александрович,лейтенант,10,18
Петров Илья Сергеевич,полковник,1,32
Васильев Алексей Дмитриевич,лейтенант,9,30
Новиков Максим Андреевич,сержант,7,52
Егоров Евгений Михайлович,полковник,5,43
Алексеев Евгений Олегович,капитан,10,29
Лебедев Сергей Викторович,рядовой,12,35
Захаров Матвей Иванович,сержант,6,55
Павлов Кирилл Викторович,капитан,2,52
Яковлев Илья Иванович,полковник,7,48
Андреев Михаил Сергеевич,прапорщик,4,32
Егоров Степан Андреевич,сержант,5,23
Иванов Илья Иванович,капитан,1,49
Васильев Павел Юрьевич,рядовой,11,22
Фёдоров Андрей Ильич,сержант,1,26
Фёдоров Егор Павлович,капитан,11,26
Соловьёв Дмитрий Алексеевич,майор,1,29
Зайцев Евгений Олегович,майор,8,19
Борисов Евгений Сергеевич,рядовой,4,34
Лебедев Роман Павлович,рядовой,12,39
Смирнов Иван Юрьевич,полковник,6,21
Николаев Алексей Максимович,майор,11,18
Павлов Артём Ильич,полковник,8,23
Алексеев Сергей Кириллович,прапорщик,11,48
Алексеев Константин Юрьевич,рядовой,5,27
Попов Константин Викторович,рядовой,8,39
Лебедев Евгений Иванович,майор,8,26
Семёнов Андрей Алексеевич,прапорщик,4,59
Кочергин Дмитрий Юрьевич,сержант,12,47
Соловьёв Егор Дмитриевич,прапорщик,8,54
Васильев Денис Сергеевич,полковник,9,57
Зайцев Денис Кириллович,прапорщик,10,58
Смирнов Михаил Иванович,прапорщик,7,46
Семёнов Максим Иванович,полковник,9,22
Петров Степан Максимович,капитан,7,40
Смирнов Александр Сергеевич,полковник,4,19
Соколов Илья Ильич,капитан,1,53
Иванов Андрей Романович,капитан,8,54
Захаров Олег Андреевич,прапорщик,8,18
Зайцев Матвей Юрьевич,полковник,7,27
Кузнецов Максим Максимович,лейтенант,6,51
Павлов Сергей Александрович,рядовой,1,18
Захаров Иван Олегович,прапорщик,2,56
Васильев Виктор Алексеевич,рядовой,9,38
Семёнов Дмитрий Андреевич,лейтенант,9,19
Никитин Максим Иванович,полковник,12,35
Борисов Юрий Никитич,полковник,5,49
Николаев Сергей Алексеевич,сержант,2,60
Яковлев Дмитрий Юрьевич,майор,7,49
Никитин Алексей Алексеевич,полковник,6,27
Степанов Степан Кириллович,капитан,4,49
Борисов Артём Олегович,капитан,8,52
Борисов Алексей Максимович,капитан,11,52
Иванов Егор Романович,капитан,12,59
Семёнов Юрий Кириллович,рядовой,2,19
Кочергин Никита Иванович,полковник,8,39
Сидоров Евгений Кириллович,капитан,7,57
Петров Максим Викторович,полковник,11,52
Кочергин Павел Павлович,рядовой,10,25
Попов Артём Алексеевич,рядовой,12,21
Яковлев Виктор Дмитриевич,рядовой,2,29
Захаров Юрий Павлович,полковник,10,54
Новиков Константин Сергеевич,рядовой,2,47
Соколов Никита Ильич,майор,5,34
Борисов Степан Кириллович,прапорщик,3,21
Петров Олег Михайлович,полковник,12,47
Иванов Матвей Михайлович,майор,9,32
Яковлев Егор Михайлович,капитан,1,54
Андреев Виктор Иванович,лейтенант,11,50
Макаров Андрей Олегович,майор,3,43
Фёдоров Алексей Никитич,рядовой,5,20
Петров Денис Алексеевич,прапорщик,11,58
Фёдоров Артём Иванович,сержант,5,24
Степанов Матвей Андреевич,прапорщик,9,47
Семёнов Степан Дмитриевич,рядовой,6,30
Сидоров Кирилл Олегович,сержант,4,54
Яковлев Максим Сергеевич,лейтенант,1,54
Васильев Иван Кириллович,полковник,7,23
Степанов Дмитрий Кириллович,рядовой,7,24
Соловьёв Матвей Романович,сержант,12,47
Кузнецов Роман Андреевич,полковник,8,23
Козлов Алексей Юрьевич,полковник,11,32
Козлов Роман Михайлович,прапорщик,2,31
Кочергин Олег Иванович,прапорщик,3,41
Фёдоров Алексей Дмитриевич,полковник,3,46
Зайцев Алексей Алексеевич,рядовой,2,54
Сидоров Константин Павлович,рядовой,2,43
Попов Матвей Андреевич,полковник,3,29
Яковлев Илья Александрович,лейтенант,7,47
Соловьёв Артём Андреевич,капитан,2,33
Новиков Михаил Кириллович,майор,9,49
Макаров Никита Алексеевич,капитан,4,31
Степанов Андрей Павлович,полковник,9,52
Егоров Павел Сергеевич,капитан,3,20
Алексеев Дмитрий Ильич,капитан,5,56
Соловьёв Павел Андреевич,прапорщик,8,23
Семёнов Дмитрий Александрович,рядовой,12,41
Павлов Олег Дмитриевич,лейтенант,2,28
Степанов Иван Дмитриевич,прапорщик,12,35
Орлов Илья Александрович,майор,3,60
Петров Виктор Никитич,сержант,6,33
Борисов Юрий Алексеевич,лейтенант,8,32
Орлов Денис Ильич,капитан,3,46
Соловьёв Денис Ильич,полковник,10,40
Михайлов Юрий Ильич,лейтенант,7,21
Попов Егор Иванович,лейтенант,8,43
Павлов Денис Иванович,майор,8,60
Морозов Денис Алексеевич,полковник,9,59
Иванов Михаил Юрьевич,рядовой,11,58
Павлов Олег Дмитриевич,сержант,3,26
Орлов Сергей Никитич,рядовой,6,56
Зайцев Никита Романович,майор,4,31
Петров Андрей Александрович,лейтенант,2,18
Васильев Матвей Алексеевич,майор,1,18
Попов Никита Павлович,рядовой,11,43
Алексеев Михаил Александрович,капитан,1,47
Орлов Степан Олегович,капитан,3,27
Борисов Максим Павлович,сержант,1,33
Морозов Сергей Алексеевич,прапорщик,5,18
Петров Иван Дмитриевич,капитан,1,46
Соколов Максим Алексеевич,сержант,8,18
Зайцев Юрий Дмитриевич,полковник,3,40
Семёнов Денис Олегович,майор,1,43
Козлов Илья Ильич,прапорщик,3,34
Петров Алексей Алексеевич,полковник,7,46
Смирнов Илья Романович,рядовой,2,20
Егоров Андрей Александрович,полковник,2,36
Васильев Роман Викторович,сержант,4,31
Смирнов Дмитрий Сергеевич,полковник,8,32
Смирнов Виктор Александрович,рядовой,2,44
Новиков Олег Андреевич,рядовой,3,57
Николаев Юрий Кириллович,лейтенант,11,43
Новиков Константин Александрович,майор,9,54
Орлов Андрей Павлович,сержант,1,34
Кочергин Сергей Дмитриевич,капитан,5,29
Сидоров Алексей Михайлович,лейтенант,3,47
Петров Сергей Павлович,майор,8,26
Новиков Степан Алексеевич,лейтенант,4,45
Петров Егор Никитич,майор,2,36
Семёнов Артём Максимович,рядовой,7,33
Борисов Дмитрий Алексеевич,капитан,7,46
Соколов Сергей Олегович,капитан,11,28
Егоров Илья Александрович,лейтенант,9,22
Иванов Артём Алексеевич,полковник,2,25
Фёдоров Никита Алексеевич,сержант,1,41
Новиков Юрий Никитич,майор,12,58
Кочергин Павел Юрьевич,майор,2,39
Павлов Дмитрий Александрович,полковник,12,28
Борисов Степан Павлович,лейтенант,5,36
Степанов Александр Викторович,майор,3,53
Кузнецов Степан Андреевич,сержант,8,28
Васильев Денис Олегович,полковник,10,32
Макаров Роман Олегович,рядовой,12,48
Сидоров Дмитрий Олегович,прапорщик,8,46
Козлов Константин Александрович,прапорщик,5,51
Кузнецов Сергей Кириллович,прапорщик,6,49
Никитин Юрий Сергеевич,сержант,2,57
Николаев Степан Павлович,рядовой,7,29
Семёнов Максим Никитич,лейтенант,1,60
Павлов Степан Дмитриевич,сержант,3,53
Попов Виктор Ильич,сержант,4,21
Петров Сергей Иванович,лейтенант,2,22
Кузнецов Денис Александрович,майор,2,57
Егоров Евгений Ильич,капитан,4,45
Кочергин Кирилл Викторович,лейтенант,12,28
Яковлев Виктор Алексеевич,капитан,9,19
Егоров Денис Романович,рядовой,11,37
Яковлев Олег Никитич,рядовой,8,42
Фёдоров Матвей Александрович,полковник,10,32
Николаев Илья Сергеевич,лейтенант,4,18
Павлов Евгений Михайлович,лейтенант,7,46
Лебедев Андрей Максимович,капитан,4,47
Фёдоров Павел Викторович,полковник,9,38
Никитин Илья Романович,рядовой,4,53
Кочергин Александр Юрьевич,рядовой,1,48
Павлов Сергей Никитич,сержант,10,59
Орлов Дмитрий Кириллович,лейтенант,11,33
Яковлев Роман Дмитриевич,лейтенант,8,28
Иванов Иван Дмитриевич,капитан,4,40
Захаров Роман Михайлович,прапорщик,4,59
Николаев Иван Андреевич,полковник,4,45
Макаров Александр Викторович,рядовой,6,35
Степанов Максим Алексеевич,капитан,2,44
Семёнов Андрей Павлович,лейтенант,4,50
Соколов Олег Иванович,капитан,8,18
Павлов Роман Кириллович,лейтенант,5,29
Андреев Павел Викторович,прапорщик,6,26
Семёнов Роман Викторович,сержант,12,43
Николаев Михаил Дмитриевич,сержант,5,30
Попов Константин Андреевич,прапорщик,9,28
Васильев Виктор Ильич,полковник,9,24
Егоров Павел Михайлович,майор,9,31
Степанов Олег Никитич,лейтенант,12,49
Алексеев Степан Михайлович,майор,6,55
Кузнецов Дмитрий Иванович,капитан,5,55
Семёнов Егор Максимович,рядовой,11,56
Лебедев Виктор Юрьевич,капитан,6,33
Лебедев Павел Андреевич,лейтенант,10,28
Зайцев Роман Олегович,майор,12,46
Попов Константин Викторович,сержант,6,33
Захаров Никита Сергеевич,рядовой,6,43
Степанов Константин Михайлович,прапорщик,8,25
Михайлов Дмитрий Иванович,прапорщик,1,29
Соколов Денис Дмитриевич,капитан,2,27
Попов Иван Кириллович,капитан,2,45
Лебедев Константин Сергеевич,лейтенант,12,24
Андреев Павел Дмитриевич,майор,8,45
Егоров Андрей Алексеевич,майор,7,59
Иванов Максим Алексеевич,полковник,2,41
Морозов Иван Алексеевич,полковник,6,30
Кузнецов Денис Алексеевич,майор,9,30
Кузнецов Алексей Сергеевич,сержант,7,51
Сидоров Павел Кириллович,майор,1,23
Орлов Роман Сергеевич,майор,10,55
Алексеев Юрий Максимович,рядовой,4,22
Павлов Олег Романович,полковник,4,23
Кузнецов Михаил Романович,прапорщик,12,31
Козлов Евгений Сергеевич,полковник,9,49
Яковлев Кирилл Дмитриевич,майор,1,24
Зайцев Алексей Никитич,лейтенант,2,48
Борисов Егор Романович,прапорщик,4,32
Смирнов Михаил Викторович,лейтенант,8,47
Соловьёв Юрий Иванович,капитан,7,26
Фёдоров Егор Иванович,капитан,6,55
Никитин Сергей Никитич,лейтенант,7,47
Степанов Виктор Кириллович,лейтенант,5,29
Лебедев Евгений Андреевич,полковник,4,41
Павлов Константин Александрович,рядовой,7,35
Новиков Илья Романович,капитан,4,36
Захаров Артём Дмитриевич,полковник,4,35
Иванов Никита Иванович,капитан,10,54
Семёнов Михаил Кириллович,рядовой,12,59
Макаров Степан Кириллович,рядовой,7,39
Орлов Денис Кириллович,рядовой,6,25
Соловьёв Илья Сергеевич,лейтенант,3,38
Смирнов Сергей Павлович,лейтенант,3,53
Захаров Олег Никитич,майор,9,36
Николаев Александр Андреевич,рядовой,4,45
Никитин Юрий Павлович,лейтенант,11,54
Васильев Денис Викторович,сержант,1,59
Борисов Александр Викторович,рядовой,10,33
Егоров Матвей Ильич,рядовой,3,25
Кузнецов Константин Кириллович,полковник,4,43
Соколов Юрий Юрьевич,полковник,5,51
Егоров Денис Максимович,капитан,6,27
Зайцев Александр Дмитриевич,сержант,12,23
Попов Дмитрий Михайлович,лейтенант,4,21
Петров Константин Сергеевич,полковник,5,43
Павлов Степан Максимович,полковник,7,56
Борисов Юрий Никитич,сержант,10,55
Никитин Виктор Юрьевич,рядовой,3,45
Попов Андрей Юрьевич,сержант,8,45
Иванов Кирилл Дмитриевич,полковник,6,52
Соловьёв Кирилл Михайлович,полковник,7,22
Соколов Константин Романович,полковник,4,38
Морозов Роман Павлович,капитан,11,28
Яковлев Кирилл Павлович,майор,9,28
Соловьёв Виктор Юрьевич,капитан,12,49
Семёнов Евгений Олегович,полковник,2,38
Морозов Евгений Максимович,полковник,9,20
Семёнов Александр Максимович,полковник,5,50
Смирнов Максим Кириллович,полковник,3,42
Лебедев Артём Романович,сержант,7,38
Козлов Юрий Дмитриевич,прапорщик,12,28
Фёдоров Павел Романович,рядовой,7,27
Семёнов Павел Дмитриевич,полковник,9,24
Орлов Никита Кириллович,сержант,3,46
Васильев Юрий Викторович,рядовой,9,21
Никитин Юрий Максимович,лейтенант,12,22
Егоров Юрий Александрович,рядовой,1,41
Алексеев Степан Сергеевич,прапорщик,9,57
Соловьёв Александр Михайлович,полковник,12,60
Козлов Кирилл Иванович,прапорщик,9,19
Соколов Иван Михайлович,майор,6,48
Андреев Константин Алексеевич,рядовой,8,45
Соловьёв Евгений Александрович,лейтенант,3,46
Степанов Павел Кириллович,полковник,1,56
Семёнов Александр Максимович,прапорщик,6,19
Михайлов Михаил Кириллович,полковник,2,24
Соколов Константин Никитич,лейтенант,11,29
Семёнов Павел Ильич,сержант,8,48
Смирнов Александр Ильич,полковник,8,39
Кочергин Алексей Михайлович,сержант,12,37
Егоров Егор Романович,полковник,11,55
Павлов Кирилл Павлович,капитан,9,58
Козлов Роман Ильич,полковник,8,46
Лебедев Степан Олегович,капитан,7,31
Васильев Андрей Олегович,прапорщик,2,53
Андреев Михаил Андреевич,лейтенант,9,47
Степанов Кирилл Алексеевич,сержант,8,34
Сидоров Алексей Андреевич,сержант,9,38
Егоров Константин Иванович,майор,9,27
Семёнов Павел Ильич,майор,10,54
Николаев Андрей Ильич,сержант,12,23
Николаев Юрий Максимович,майор,10,52
Новиков Павел Андреевич,рядовой,2,22
Попов Олег Викторович,лейтенант,2,45
Степанов Алексей Кириллович,капитан,9,47
Кузнецов Роман Сергеевич,лейтенант,11,41
Морозов Степан Романович,майор,11,20
Новиков Павел Алексеевич,рядовой,9,54
Семёнов Павел Иванович,майор,1,19
Петров Виктор Павлович,рядовой,2,35
Павлов Денис Викторович,рядовой,6,41
Зайцев Егор Никитич,рядовой,9,30
Егоров Илья Юрьевич,полковник,9,32
Петров Сергей Алексеевич,лейтенант,3,18
Васильев Егор Юрьевич,лейтенант,3,35
Орлов Сергей Иванович,лейтенант,3,25
Михайлов Денис Никитич,прапорщик,1,30
Михайлов Иван Ильич,полковник,11,41
Морозов Дмитрий Викторович,рядовой,9,31
Новиков Павел Максимович,капитан,3,59
Алексеев Илья Кириллович,прапорщик,7,28
Макаров Матвей Александрович,прапорщик,8,36
Соколов Олег Сергеевич,прапорщик,2,19
Новиков Степан Юрьевич,прапорщик,12,32
Алексеев Денис Сергеевич,сержант,1,40
Яковлев Роман Павлович,сержант,9,55
Алексеев Дмитрий Михайлович,сержант,10,21
Никитин Денис Иванович,капитан,9,46
Никитин Илья Романович,полковник,10,37
Сидоров Павел Никитич,полковник,3,53
Захаров Михаил Михайлович,капитан,10,31
Андреев Роман Иванович,майор,4,27
Попов Иван Андреевич,полковник,3,28
Яковлев Михаил Юрьевич,лейтенант,8,22
Лебедев Артём Максимович,лейтенант,5,47
Васильев Никита Олегович,полковник,3,59
Петров Матвей Максимович,полковник,2,35
Павлов Артём Юрьевич,капитан,2,36
Павлов Матвей Ильич,прапорщик,12,41
Егоров Сергей Алексеевич,капитан,2,51
Соловьёв Роман Дмитриевич,сержант,4,21
Захаров Дмитрий Сергеевич,рядовой,4,30
Борисов Матвей Сергеевич,сержант,4,18
Павлов Сергей Ильич,полковник,11,43
Кочергин Павел Никитич,капитан,12,48
Смирнов Андрей Кириллович,сержант,7,18
Соловьёв Константин Михайлович,лейтенант,12,60
Орлов Илья Иванович,прапорщик,12,48
Никитин Егор Кириллович,прапорщик,8,55
Борисов Олег Романович,рядовой,9,41
Михайлов Сергей Никитич,сержант,2,58
Зайцев Роман Александрович,капитан,4,24
Сидоров Евгений Олегович,полковник,8,34
Андреев Александр Дмитриевич,сержант,12,21
Захаров Андрей Ильич,полковник,5,56
Новиков Михаил Сергеевич,прапорщик,10,59
Алексеев Александр Кириллович,майор,9,59
Кузнецов Денис Максимович,прапорщик,11,44
Кузнецов Никита Павлович,полковник,12,59
Смирнов Павел Ильич,прапорщик,4,46
Лебедев Евгений Алексеевич,капитан,12,49
Соколов Михаил Павлович,майор,2,55
Семёнов Артём Александрович,полковник,1,22
Захаров Артём Кириллович,сержант,3,34
Сидоров Юрий Викторович,полковник,3,36
Попов Роман Александрович,лейтенант,9,30
Никитин Никита Кириллович,сержант,2,53
Морозов Юрий Олегович,лейтенант,10,51
Никитин Сергей Ильич,капитан,4,60
Фёдоров Матвей Олегович,сержант,9,29
Кузнецов Степан Кириллович,майор,12,31
Яковлев Никита Павлович,лейтенант,12,29
Яковлев Денис Иванович,капитан,6,52
Никитин Михаил Павлович,лейтенант,1,52
Павлов Денис Олегович,лейтенант,10,36
Попов Павел Алексеевич,лейтенант,10,41
Борисов Александр Олегович,капитан,12,27
Павлов Сергей Андреевич,полковник,6,21
Макаров Сергей Викторович,майор,10,43
Никитин Роман Викторович,сержант,12,44
Борисов Егор Алексеевич,сержант,12,19
Алексеев Степан Александрович,прапорщик,3,52
Новиков Денис Романович,полковник,7,20
Макаров Дмитрий Павлович,лейтенант,5,56
Козлов Константин Никитич,сержант,12,35
Сидоров Артём Юрьевич,капитан,5,27
Никитин Роман Кириллович,сержант,3,53
Сидоров Андрей Олегович,майор,11,52
Яковлев Никита Олегович,прапорщик,4,20
Захаров Степан Сергеевич,майор,3,40
Смирнов Роман Ильич,сержант,10,43
Алексеев Дмитрий Юрьевич,рядовой,2,38
Борисов Дмитрий Олегович,полковник,4,50
Егоров Денис Алексеевич,лейтенант,7,29
Никитин Иван Павлович,лейтенант,5,21
Захаров Алексей Сергеевич,майор,2,46
Степанов Евгений Александрович,майор,10,33
Козлов Иван Александрович,рядовой,10,21
Васильев Олег Юрьевич,полковник,3,58
Яковлев Константин Павлович,капитан,8,44
Орлов Сергей Дмитриевич,лейтенант,2,48
Макаров Андрей Сергеевич,полковник,5,58
Козлов Матвей Романович,прапорщик,2,31
Степанов Юрий Ильич,рядовой,9,19
Морозов Егор Алексеевич,полковник,9,55
Алексеев Константин Олегович,рядовой,5,50
Павлов Алексей Максимович,рядовой,4,23
Васильев Иван Романович,сержант,3,48
Соколов Олег Романович,прапорщик,10,43
Макаров Андрей Романович,майор,7,33
Смирнов Кирилл Иванович,майор,4,44
Морозов Виктор Максимович,сержант,10,45
Степанов Егор Викторович,полковник,1,34
Семёнов Артём Юрьевич,рядовой,12,46
Павлов Илья Дмитриевич,рядовой,9,39
Смирнов Илья Михайлович,прапорщик,8,52
Смирнов Александр Михайлович,рядовой,11,30
Николаев Александр Юрьевич,лейтенант,2,27
Иванов Евгений Никитич,полковник,5,18
Никитин Максим Дмитриевич,капитан,3,29
Егоров Павел Юрьевич,прапорщик,2,43
Смирнов Сергей Максимович,сержант,3,38
Борисов Денис Романович,капитан,4,39
Семёнов Степан Кириллович,рядовой,11,21
Яковлев Александр Ильич,майор,9,33
Зайцев Алексей Сергеевич,рядовой,4,42
Новиков Евгений Михайлович,капитан,4,45
Алексеев Артём Алексеевич,рядовой,1,57
Лебедев Кирилл Викторович,лейтенант,2,24
Сидоров Иван Павлович,рядовой,5,57
Сидоров Виктор Романович,полковник,12,24
Николаев Кирилл Алексеевич,майор,9,22
Соловьёв Егор Сергеевич,капитан,7,39
Петров Максим Никитич,капитан,12,35
Захаров Дмитрий Романович,майор,10,53
Кузнецов Константин Викторович,сержант,9,42
Егоров Сергей Иванович,майор,5,52
Орлов Илья Юрьевич,майор,10,58
Морозов Матвей Кириллович,прапорщик,7,54
Никитин Дмитрий Михайлович,полковник,9,32
Захаров Роман Андреевич,капитан,11,42
Сидоров Роман Ильич,прапорщик,10,41
Соловьёв Максим Алексеевич,сержант,11,55
Семёнов Матвей Никитич,капитан,11,34
Николаев Олег Дмитриевич,майор,11,32
Орлов Александр Сергеевич,полковник,9,35
Борисов Сергей Олегович,лейтенант,4,40
Яковлев Сергей Юрьевич,рядовой,11,22
Попов Евгений Александрович,прапорщик,3,57
Кузнецов Дмитрий Юрьевич,рядовой,5,23
Яковлев Олег Михайлович,рядовой,11,33
Семёнов Константин Юрьевич,сержант,10,36
Макаров Алексей Романович,майор,12,29
Николаев Константин Ильич,рядовой,7,26
Егоров Иван Павлович,лейтенант,12,41
Соловьёв Илья Ильич,капитан,4,50
Соловьёв Матвей Кириллович,полковник,5,21
Павлов Константин Романович,сержант,6,57
Макаров Сергей Александрович,рядовой,4,36
Морозов Евгений Олегович,рядовой,7,27
Егоров Константин Кириллович,майор,3,18
Орлов Александр Олегович,майор,4,42
Семёнов Павел Кириллович,капитан,3,41
Борисов Никита Никитич,майор,7,37
Зайцев Андрей Романович,рядовой,8,35
Новиков Сергей Александрович,капитан,5,42
Орлов Андрей Павлович,капитан,12,50
Петров Степан Сергеевич,капитан,2,59
Фёдоров Илья Романович,прапорщик,12,27
Никитин Илья Павлович,прапорщик,12,52
Орлов Сергей Андреевич,капитан,10,52
Макаров Степан Олегович,майор,8,37
Лебедев Олег Юрьевич,капитан,4,40
Алексеев Александр Олегович,полковник,5,40
Семёнов Денис Дмитриевич,капитан,10,38
Захаров Илья Кириллович,майор,2,26
Яковлев Артём Андреевич,полковник,4,26
Козлов Михаил Дмитриевич,лейтенант,2,32
Захаров Константин Максимович,капитан,9,55
Макаров Роман Юрьевич,сержант,4,52
Соколов Илья Юрьевич,майор,11,30
Егоров Константин Павлович,прапорщик,8,36
Алексеев Егор Никитич,майор,4,42
Сидоров Максим Романович,сержант,4,59
Морозов Андрей Андреевич,сержант,9,39
Смирнов Иван Павлович,майор,3,47
Семёнов Иван Викторович,рядовой,11,42
Васильев Андрей Дмитриевич,майор,9,39
Орлов Константин Кириллович,рядовой,10,37
Кочергин Евгений Александрович,майор,6,53
Фёдоров Павел Ильич,лейтенант,1,28
Яковлев Сергей Дмитриевич,полковник,12,55
Иванов Денис Павлович,майор,12,54
Смирнов Михаил Романович,полковник,12,29
Зайцев Юрий Павлович,прапорщик,1,55
Яковлев Сергей Иванович,рядовой,10,46
Попов Дмитрий Андреевич,полковник,6,52
Яковлев Павел Юрьевич,прапорщик,12,20
Кочергин Денис Викторович,полковник,1,50
Кочергин Егор Павлович,лейтенант,1,38
Иванов Никита Максимович,капитан,5,21
Егоров Сергей Михайлович,сержант,7,39
Зайцев Никита Викторович,полковник,2,21
Зайцев Степан Иванович,прапорщик,2,18
Иванов Олег Павлович,сержант,5,57
Кузнецов Виктор Ильич,полковник,12,34
Иванов Иван Романович,лейтенант,5,56
Павлов Илья Никитич,сержант,2,60
Соловьёв Михаил Андреевич,капитан,5,43
Андреев Константин Юрьевич,сержант,2,56
Козлов Максим Олегович,полковник,5,43
Фёдоров Константин Дмитриевич,полковник,2,38
Степанов Артём Никитич,сержант,10,53
Козлов Виктор Ильич,сержант,1,38
Семёнов Михаил Михайлович,лейтенант,9,48
Никитин Евгений Алексеевич,лейтенант,5,48
Соколов Андрей Сергеевич,майор,9,27
Андреев Олег Сергеевич,прапорщик,12,20
Егоров Александр Михайлович,майор,4,31
Николаев Никита Михайлович,сержант,5,47
Фёдоров Иван Романович,сержант,2,41
Семёнов Степан Алексеевич,сержант,12,38
Андреев Степан Романович,полковник,7,21
Андреев Павел Андреевич,полковник,2,36
Семёнов Матвей Юрьевич,полковник,8,47
Борисов Константин Никитич,майор,12,45
Новиков Кирилл Романович,полковник,5,55
Никитин Степан Дмитриевич,капитан,2,36
Николаев Дмитрий Юрьевич,майор,7,19
Семёнов Олег Сергеевич,полковник,12,59
Степанов Сергей Никитич,сержант,1,48
Смирнов Илья Юрьевич,рядовой,8,59
Кочергин Олег Дмитриевич,капитан,3,35
Кузнецов Роман Алексеевич,майор,11,50
Морозов Иван Кириллович,майор,5,19
Зайцев Виктор Романович,сержант,7,53
Алексеев Константин Олегович,майор,11,44
Кочергин Виктор Алексеевич,прапорщик,12,28
Новиков Матвей Александрович,сержант,2,20
Сидоров Илья Михайлович,майор,4,26
Николаев Константин Олегович,майор,5,40
Яковлев Егор Романович,лейтенант,7,41
Никитин Сергей Павлович,майор,7,51
Иванов Денис Ильич,капитан,7,38
Иванов Олег Михайлович,лейтенант,3,51
Никитин Степан Иванович,прапорщик,11,46
Захаров Дмитрий Олегович,майор,11,38
Алексеев Дмитрий Михайлович,майор,8,42
Андреев Денис Кириллович,лейтенант,10,49
Морозов Егор Олегович,капитан,3,29
Морозов Андрей Кириллович,прапорщик,11,59
Козлов Михаил Романович,прапорщик,7,30
Попов Кирилл Максимович,майор,6,28
Павлов Михаил Кириллович,капитан,5,51
Попов Павел Алексеевич,майор,8,18
Морозов Егор Кириллович,капитан,12,29
Егоров Иван Иванович,майор,10,22
Степанов Михаил Павлович,рядовой,3,19
Макаров Иван Дмитриевич,сержант,8,32
Козлов Илья Иванович,лейтенант,6,29
Кузнецов Иван Михайлович,рядовой,2,44
Васильев Михаил Кириллович,прапорщик,7,54
Андреев Андрей Дмитриевич,майор,10,21
Алексеев Денис Алексеевич,рядовой,10,45
Иванов Александр Олегович,прапорщик,8,30
Павлов Юрий Павлович,сержант,3,48
Николаев Алексей Андреевич,сержант,11,24
Морозов Роман Никитич,лейтенант,7,47
Орлов Дмитрий Павлович,майор,9,26
Николаев Сергей Романович,майор,3,56
Егоров Александр Сергеевич,сержант,4,36
Андреев Кирилл Ильич,прапорщик,12,28
Соколов Юрий Кириллович,рядовой,6,51
Зайцев Максим Ильич,рядовой,12,52
Петров Никита Викторович,прапорщик,6,24
Николаев Роман Александрович,полковник,3,19
Борисов Александр Александрович,капитан,10,45
Попов Илья Никитич,рядовой,11,44
Иванов Степан Алексеевич,полковник,10,33
Лебедев Юрий Иванович,полковник,11,48
Андреев Александр Андреевич,майор,5,53
Васильев Роман Кириллович,майор,2,49
Павлов Юрий Ильич,сержант,4,46
Иванов Константин Алексеевич,майор,3,35
Семёнов Роман Юрьевич,прапорщик,6,52
Николаев Илья Михайлович,рядовой,9,25
Новиков Степан Павлович,рядовой,5,39
Никитин Олег Андреевич,рядовой,12,36
Иванов Денис Сергеевич,капитан,8,60
Соловьёв Павел Олегович,капитан,12,21
Андреев Алексей Андреевич,сержант,11,47
Борисов Матвей Дмитриевич,полковник,4,20
Новиков Михаил Алексеевич,капитан,3,49
Фёдоров Сергей Викторович,сержант,4,44
Семёнов Иван Максимович,лейтенант,10,33
Егоров Сергей Павлович,прапорщик,1,34
Козлов Алексей Павлович,майор,4,51
Яковлев Никита Максимович,лейтенант,8,24
Васильев Павел Сергеевич,капитан,7,33
Андреев Иван Никитич,полковник,3,24
Иванов Денис Юрьевич,прапорщик,10,43
Васильев Михаил Иванович,майор,11,45
Зайцев Денис Дмитриевич,майор,7,19
Сидоров Степан Павлович,прапорщик,10,60
Соколов Матвей Викторович,сержант,2,38
Алексеев Максим Сергеевич,лейтенант,10,51
Соловьёв Егор Викторович,сержант,5,19
Николаев Константин Никитич,полковник,2,24
Кочергин Олег Викторович,майор,5,42
Васильев Матвей Павлович,лейтенант,10,34
Морозов Егор Никитич,майор,7,54
Борисов Алексей Викторович,полковник,7,51
Иванов Егор Романович,полковник,5,31
Никитин Михаил Павлович,капитан,7,22
Егоров Иван Алексеевич,прапорщик,12,51
Кузнецов Егор Алексеевич,прапорщик,7,52
Новиков Александр Никитич,полковник,2,41
Захаров Виктор Андреевич,капитан,3,48
Петров Олег Павлович,прапорщик,8,58
Кузнецов Дмитрий Юрьевич,прапорщик,12,35
Новиков Кирилл Михайлович,полковник,7,59
Соколов Денис Сергеевич,рядовой,9,24
Кузнецов Артём Дмитриевич,рядовой,7,31
Семёнов Павел Дмитриевич,сержант,9,29
Соловьёв Олег Сергеевич,полковник,1,47
Павлов Дмитрий Олегович,полковник,10,18
Михайлов Сергей Максимович,капитан,4,19
Морозов Андрей Михайлович,прапорщик,2,41
Михайлов Юрий Викторович,полковник,12,38
Андреев Иван Никитич,сержант,6,19
Васильев Кирилл Ильич,капитан,6,55
Захаров Александр Ильич,рядовой,9,22
Алексеев Иван Сергеевич,сержант,5,39
Зайцев Константин Дмитриевич,лейтенант,7,60
Алексеев Иван Викторович,лейтенант,11,48
Орлов Никита Иванович,полковник,10,59
Фёдоров Никита Андреевич,полковник,2,22
Козлов Илья Михайлович,капитан,2,19
Кочергин Денис Викторович,полковник,4,59
Смирнов Никита Юрьевич,лейтенант,10,49
Кочергин Константин Никитич,лейтенант,12,49
Никитин Егор Иванович,сержант,1,19
Макаров Максим Олегович,лейтенант,5,42
Яковлев Матвей Александрович,капитан,9,23
Иванов Егор Александрович,сержант,4,24
Соколов Илья Михайлович,рядовой,3,55
Михайлов Артём Кириллович,лейтенант,7,55
Михайлов Илья Максимович,капитан,4,31
Алексеев Матвей Кириллович,капитан,3,51
Фёдоров Евгений Никитич,прапорщик,5,41
Алексеев Кирилл Дмитриевич,капитан,6,21
Петров Михаил Александрович,рядовой,6,25
Кузнецов Павел Романович,сержант,11,44
Сидоров Олег Дмитриевич,полковник,6,49
Захаров Юрий Иванович,полковник,9,47
Павлов Дмитрий Алексеевич,лейтенант,4,51
Смирнов Матвей Алексеевич,капитан,7,53
Михайлов Илья Никитич,прапорщик,3,54
Никитин Сергей Ильич,сержант,9,18
Захаров Алексей Олегович,полковник,4,32
Сидоров Константин Алексеевич,капитан,12,34
Степанов Андрей Никитич,капитан,5,48
Сидоров Алексей Олегович,полковник,9,27
Фёдоров Павел Михайлович,лейтенант,4,20
Петров Андрей Максимович,сержант,1,19
Орлов Егор Викторович,рядовой,10,58
Яковлев Михаил Иванович,прапорщик,11,20
Сидоров Илья Михайлович,рядовой,11,55
Васильев Алексей Александрович,полковник,12,46
Николаев Алексей Иванович,полковник,10,43
Лебедев Иван Никитич,прапорщик,12,32
Николаев Дмитрий Юрьевич,майор,12,37
Михайлов Денис Александрович,майор,7,24
Михайлов Илья Кириллович,полковник,12,26
Павлов Дмитрий Викторович,рядовой,10,32
Яковлев Никита Иванович,полковник,1,29
Семёнов Никита Юрьевич,майор,10,50
Андреев Артём Александрович,капитан,5,41
Егоров Виктор Олегович,лейтенант,11,36
Семёнов Степан Павлович,лейтенант,8,39
Васильев Виктор Иванович,майор,7,32
Васильев Михаил Сергеевич,полковник,4,49
Павлов Виктор Максимович,капитан,2,28
Новиков Матвей Ильич,майор,1,51
Кузнецов Роман Сергеевич,полковник,4,56
Алексеев Константин Олегович,прапорщик,3,53
Соловьёв Степан Александрович,лейтенант,3,53
Никитин Александр Ильич,капитан,11,58
Макаров Александр Викторович,майор,4,52
Павлов Денис Никитич,майор,11,44
Кочергин Олег Александрович,сержант,6,54
Борисов Павел Кириллович,капитан,7,55
Борисов Роман Сергеевич,прапорщик,8,19
Степанов Никита Викторович,капитан,4,35
Борисов Евгений Олегович,капитан,4,36
Попов Илья Иванович,сержант,4,53
Никитин Роман Ильич,прапорщик,10,25
Андреев Виктор Иванович,лейтенант,3,18
Андреев Олег Максимович,капитан,11,34
Николаев Юрий Дмитриевич,прапорщик,1,33
Кочергин Иван Сергеевич,капитан,12,34
Борисов Евгений Ильич,рядовой,2,43
Попов Роман Александрович,капитан,9,32
Егоров Юрий Никитич,прапорщик,8,35
Макаров Сергей Дмитриевич,рядовой,7,31
Зайцев Павел Дмитриевич,майор,5,32
Фёдоров Олег Иванович,рядовой,2,56
Иванов Матвей Михайлович,капитан,5,23
Павлов Виктор Романович,рядовой,3,49
Кочергин Юрий Михайлович,лейтенант,10,55
Егоров Александр Иванович,прапорщик,4,60
Михайлов Павел Алексеевич,капитан,9,45
Яковлев Степан Павлович,рядовой,12,52
Борисов Никита Павлович,лейтенант,7,24
Попов Андрей Юрьевич,капитан,3,37
Андреев Олег Максимович,лейтенант,5,42
Соловьёв Виктор Олегович,сержант,3,36
Лебедев Сергей Дмитриевич,майор,3,45
Васильев Максим Юрьевич,лейтенант,1,40
Морозов Кирилл Александрович,капитан,7,48
Иванов Егор Михайлович,прапорщик,1,45
Соколов Максим Никитич,сержант,1,19
Попов Максим Кириллович,рядовой,6,32
Андреев Алексей Романович,полковник,8,21
Борисов Сергей Викторович,майор,10,27
Сидоров Константин Дмитриевич,прапорщик,8,40
Степанов Роман Викторович,рядовой,8,35
Морозов Максим Юрьевич,сержант,10,53
Фёдоров Артём Олегович,капитан,8,42
Сидоров Михаил Дмитриевич,капитан,9,21
Орлов Павел Сергеевич,прапорщик,12,35
Павлов Кирилл Романович,майор,2,35
Васильев Павел Павлович,рядовой,2,30
Зайцев Павел Викторович,рядовой,4,35
Макаров Евгений Никитич,рядовой,1,39
Захаров Роман Андреевич,капитан,11,24
Лебедев Павел Иванович,рядовой,3,24
Петров Евгений Кириллович,лейтенант,5,24
Яковлев Егор Кириллович,рядовой,1,23
Егоров Роман Сергеевич,сержант,12,39
Павлов Андрей Сергеевич,капитан,4,22
Зайцев Кирилл Кириллович,сержант,8,35
Николаев Михаил Ильич,капитан,7,26
Степанов Егор Кириллович,майор,5,41
Смирнов Никита Иванович,лейтенант,12,34
Захаров Артём Юрьевич,капитан,1,58
Алексеев Матвей Юрьевич,сержант,11,58
Егоров Евгений Павлович,капитан,9,31
Кузнецов Андрей Никитич,сержант,9,28
Петров Роман Сергеевич,лейтенант,6,19
Борисов Андрей Иванович,сержант,2,45
Орлов Виктор Сергеевич,лейтенант,5,46
Николаев Евгений Михайлович,рядовой,12,22
Кузнецов Михаил Михайлович,прапорщик,4,60
Кочергин Алексей Иванович,рядовой,9,45
Степанов Алексей Романович,сержант,8,18
Захаров Денис Павлович,майор,1,31
Иванов Алексей Михайлович,капитан,2,56
Соколов Михаил Романович,полковник,8,45
Новиков Андрей Ильич,прапорщик,2,23
Сидоров Максим Викторович,майор,7,29
Павлов Егор Юрьевич,лейтенант,5,39
Иванов Александр Сергеевич,рядовой,11,56
Иванов Роман Михайлович,сержант,3,23
Яковлев Михаил Юрьевич,полковник,8,25
Смирнов Кирилл Кириллович,майор,9,26
Кочергин Олег Андреевич,лейтенант,6,41
Павлов Константин Иванович,полковник,6,47
Семёнов Павел Иванович,полковник,9,53
Семёнов Дмитрий Павлович,рядовой,6,19
Михайлов Максим Кириллович,сержант,7,50
Морозов Алексей Дмитриевич,сержант,7,25
Борисов Виктор Андреевич,сержант,5,39
Егоров Павел Юрьевич,рядовой,7,30
Лебедев Сергей Романович,лейтенант,11,53
Фёдоров Максим Викторович,сержант,12,25
Иванов Андрей Павлович,рядовой,11,26
Кузнецов Кирилл Викторович,полковник,3,23
Макаров Денис Дмитриевич,рядовой,6,48
Алексеев Павел Викторович,сержант,10,24
Козлов Максим Алексеевич,лейтенант,9,54
Козлов Алексей Романович,рядовой,9,59
Зайцев Егор Иванович,капитан,1,51
Степанов Дмитрий Алексеевич,лейтенант,7,58
Лебедев Иван Никитич,лейтенант,5,59
Соколов Алексей Павлович,прапорщик,8,40
Алексеев Павел Викторович,майор,12,52
Кочергин Роман Викторович,капитан,7,18
Морозов Виктор Кириллович,лейтенант,12,33
Захаров Егор Кириллович,сержант,4,34
Новиков Александр Алексеевич,сержант,5,53
Петров Степан Максимович,капитан,4,24
Новиков Олег Алексеевич,майор,5,35
Фёдоров Олег Кириллович,сержант,8,33
Иванов Александр Викторович,лейтенант,2,54
Иванов Алексей Александрович,рядовой,4,46
Кузнецов Артём Ильич,полковник,11,51
Новиков Виктор Александрович,капитан,5,53
Орлов Максим Андреевич,капитан,5,46
Кузнецов Роман Дмитриевич,майор,10,39
Степанов Александр Никитич,рядовой,12,20
Алексеев Виктор Максимович,капитан,9,55
Козлов Сергей Ильич,полковник,2,44
Павлов Сергей Дмитриевич,капитан,2,57
Смирнов Илья Никитич,лейтенант,3,52
Козлов Роман Александрович,лейтенант,11,30
Фёдоров Максим Сергеевич,майор,12,40
Никитин Максим Максимович,полковник,1,59
Козлов Евгений Олегович,рядовой,2,56
Соколов Дмитрий Ильич,полковник,11,44
Морозов Роман Романович,рядовой,10,25
Морозов Александр Александрович,лейтенант,10,31
Соловьёв Степан Кириллович,сержант,5,28
Борисов Денис Алексеевич,полковник,9,39
Никитин Максим Михайлович,лейтенант,5,44
Михайлов Артём Сергеевич,полковник,9,24
Андреев Матвей Олегович,полковник,8,60
Андреев Сергей Дмитриевич,капитан,12,55
Кузнецов Артём Викторович,капитан,4,34
Захаров Иван Михайлович,майор,12,34
Соколов Константин Павлович,лейтенант,10,41
Семёнов Павел Павлович,прапорщик,11,54
Сидоров Олег Никитич,рядовой,10,58
Попов Кирилл Ильич,рядовой,4,29
Борисов Денис Алексеевич,полковник,2,59
Попов Егор Юрьевич,прапорщик,1,44
Зайцев Алексей Михайлович,майор,9,22
Орлов Денис Павлович,лейтенант,1,47
Орлов Алексей Максимович,капитан,1,29
Козлов Роман Ильич,рядовой,8,51
Соловьёв Виктор Сергеевич,прапорщик,9,50
Захаров Алексей Кириллович,лейтенант,5,24
Новиков Егор Андреевич,полковник,10,32
Егоров Павел Андреевич,полковник,10,39
Николаев Матвей Дмитриевич,лейтенант,1,36
Зайцев Евгений Александрович,капитан,5,51
Кузнецов Илья Максимович,полковник,8,22
Зайцев Андрей Иванович,лейтенант,4,58
Кузнецов Юрий Романович,сержант,3,28
Кочергин Олег Олегович,сержант,5,51
Кузнецов Алексей Андреевич,капитан,9,39
Андреев Юрий Александрович,капитан,5,57
Алексеев Артём Павлович,лейтенант,11,18
Егоров Константин Максимович,прапорщик,4,50
Степанов Александр Олегович,капитан,3,40
Попов Егор Павлович,майор,12,29
Лебедев Дмитрий Олегович,полковник,6,30
Фёдоров Денис Викторович,майор,9,33
Семёнов Юрий Ильич,лейтенант,9,59
Сидоров Матвей Алексеевич,майор,1,57
Семёнов Степан Павлович,сержант,1,58
Соколов Матвей Дмитриевич,сержант,11,55
Николаев Денис Никитич,полковник,2,60
Лебедев Александр Дмитриевич,сержант,2,32
Орлов Олег Иванович,полковник,7,34
Сидоров Егор Викторович,прапорщик,6,19
Кузнецов Алексей Никитич,лейтенант,8,31
Семёнов Кирилл Максимович,капитан,12,35
Соловьёв Андрей Дмитриевич,сержант,6,20
Соколов Матвей Кириллович,лейтенант,10,34
Морозов Иван Павлович,майор,10,45
Михайлов Матвей Алексеевич,капитан,10,28
Сидоров Денис Дмитриевич,полковник,10,48
Захаров Никита Михайлович,сержант,5,49
Кузнецов Олег Сергеевич,рядовой,8,40
Степанов Роман Максимович,сержант,10,53
Смирнов Никита Михайлович,майор,5,40
Морозов Матвей Романович,прапорщик,12,49
Попов Андрей Иванович,майор,11,58
Сидоров Михаил Александрович,прапорщик,1,50
Семёнов Иван Кириллович,майор,8,36
Семёнов Егор Викторович,сержант,8,50
Кузнецов Иван Павлович,прапорщик,3,22
Сидоров Юрий Ильич,сержант,12,27
Фёдоров Иван Михайлович,полковник,5,26
Лебедев Александр Юрьевич,сержант,9,40
Степанов Павел Юрьевич,лейтенант,7,37
Никитин Сергей Кириллович,рядовой,2,35
Андреев Алексей Алексеевич,прапорщик,5,29
Егоров Кирилл Никитич,лейтенант,11,44
Морозов Дмитрий Иванович,капитан,4,21
Фёдоров Кирилл Александрович,рядовой,12,50
Кочергин Роман Сергеевич,лейтенант,9,47
Морозов Роман Алексеевич,рядовой,7,24
Фёдоров Никита Романович,полковник,3,59
Николаев Денис Андреевич,рядовой,8,35
Никитин Алексей Романович,полковник,11,18
Борисов Дмитрий Кириллович,рядовой,8,55
Сидоров Никита Михайлович,сержант,7,24
Петров Степан Максимович,полковник,3,37
Смирнов Олег Максимович,полковник,9,52
Захаров Сергей Алексеевич,полковник,8,25
Орлов Константин Максимович,капитан,2,42
Соловьёв Андрей Викторович,прапорщик,2,59
Лебедев Олег Викторович,полковник,1,44
Захаров Роман Сергеевич,капитан,3,43
Петров Денис Кириллович,полковник,6,43
Смирнов Матвей Дмитриевич,капитан,2,50
Соколов Никита Иванович,сержант,11,46
Фёдоров Степан Иванович,рядовой,7,56
Кочергин Александр Олегович,лейтенант,3,36
Николаев Александр Андреевич,майор,8,40
Кузнецов Матвей Андреевич,полковник,10,18
Новиков Павел Ильич,капитан,5,20
Попов Егор Иванович,майор,4,55
Алексеев Матвей Сергеевич,майор,2,40
Соловьёв Павел Дмитриевич,капитан,5,26
Никитин Кирилл Никитич,прапорщик,12,36
Борисов Степан Никитич,сержант,8,50
Зайцев Артём Викторович,рядовой,10,34
Кузнецов Степан Кириллович,рядовой,10,41
Кузнецов Андрей Викторович,капитан,7,37
Николаев Артём Кириллович,майор,1,50
Семёнов Иван Михайлович,лейтенант,3,32
Новиков Константин Романович,сержант,5,55
Лебедев Матвей Кириллович,сержант,1,26
Павлов Павел Михайлович,майор,3,27
Семёнов Роман Никитич,капитан,9,54
Егоров Олег Дмитриевич,рядовой,2,58
Новиков Иван Андреевич,прапорщик,4,18
Петров Кирилл Юрьевич,майор,1,59
Яковлев Иван Ильич,лейтенант,11,39
Новиков Алексей Романович,рядовой,11,20
Кузнецов Кирилл Александрович,прапорщик,7,57
Андреев Кирилл Ильич,лейтенант,2,40
Зайцев Денис Иванович,прапорщик,6,52
Андреев Максим Никитич,сержант,3,21
Зайцев Роман Ильич,рядовой,2,19
Павлов Алексей Максимович,сержант,11,37
Николаев Матвей Андреевич,лейтенант,8,24
Николаев Константин Олегович,полковник,4,25
Андреев Андрей Андреевич,капитан,10,20
Морозов Кирилл Андреевич,сержант,4,50
Новиков Юрий Сергеевич,полковник,2,45
Алексеев Александр Олегович,капитан,1,56
Козлов Максим Алексеевич,лейтенант,11,20
Николаев Иван Кириллович,сержант,9,22
Морозов Константин Михайлович,капитан,9,52
Соколов Андрей Павлович,рядовой,1,60
Михайлов Степан Викторович,капитан,8,48
Попов Дмитрий Олегович,прапорщик,1,27
Кузнецов Алексей Михайлович,полковник,1,49
Кузнецов Илья Кириллович,полковник,6,53
Попов Максим Кириллович,прапорщик,5,59
Захаров Евгений Иванович,рядовой,5,41
Яковлев Илья Александрович,сержант,7,53
Смирнов Михаил Максимович,капитан,4,53
Зайцев Олег Павлович,сержант,10,45
Сидоров Дмитрий Алексеевич,капитан,9,49
Кузнецов Никита Дмитриевич,прапорщик,3,42
Попов Матвей Алексеевич,сержант,5,44
Захаров Михаил Михайлович,полковник,6,29
Орлов Илья Александрович,сержант,9,33
Фёдоров Роман Дмитриевич,прапорщик,4,53
Соколов Виктор Ильич,лейтенант,6,56
Попов Иван Алексеевич,лейтенант,9,19
Борисов Илья Никитич,прапорщик,7,55
Яковлев Константин Ильич,майор,7,52
Новиков Никита Павлович,сержант,6,47
Михайлов Денис Олегович,сержант,10,50
Петров Роман Андреевич,прапорщик,5,49
Козлов Роман Дмитриевич,полковник,9,39
Петров Александр Никитич,капитан,10,56
Николаев Артём Павлович,майор,2,52
Орлов Артём Михайлович,сержант,6,33
Иванов Михаил Юрьевич,сержант,8,60
Смирнов Сергей Ильич,рядовой,3,36
Смирнов Егор Романович,полковник,2,54
Кузнецов Степан Сергеевич,майор,5,32
Лебедев Андрей Олегович,майор,4,33
Павлов Юрий Юрьевич,лейтенант,4,38
Кочергин Роман Романович,лейтенант,9,49
Иванов Матвей Викторович,майор,12,44
Соловьёв Максим Юрьевич,полковник,5,43
Семёнов Павел Романович,капитан,10,26
Фёдоров Дмитрий Сергеевич,лейтенант,12,43
Козлов Никита Сергеевич,прапорщик,9,24
Лебедев Кирилл Никитич,полковник,6,19
Макаров Виктор Михайлович,сержант,10,31
Соколов Павел Александрович,сержант,2,34
Николаев Константин Павлович,лейтенант,2,58
Козлов Никита Дмитриевич,прапорщик,9,21
Кузнецов Дмитрий Дмитриевич,рядовой,2,54
Алексеев Денис Никитич,полковник,6,53
Попов Илья Андреевич,майор,5,35
Петров Виктор Романович,майор,6,24
Егоров Дмитрий Максимович,лейтенант,2,19
Иванов Матвей Павлович,лейтенант,10,47
Петров Степан Михайлович,капитан,9,53
Николаев Константин Кириллович,рядовой,1,19
Соколов Алексей Дмитриевич,сержант,12,50
Степанов Олег Олегович,майор,7,43
Сидоров Юрий Кириллович,капитан,6,25
Петров Степан Никитич,майор,5,33
Иванов Роман Алексеевич,прапорщик,12,24
Павлов Матвей Романович,прапорщик,7,45
Петров Михаил Дмитриевич,капитан,10,19
Никитин Егор Ильич,рядовой,7,42
Никитин Михаил Павлович,прапорщик,5,23
Михайлов Иван Александрович,майор,4,28
Михайлов Кирилл Никитич,сержант,9,52
Козлов Денис Сергеевич,полковник,8,46
Михайлов Сергей Юрьевич,сержант,5,30
Семёнов Илья Андреевич,рядовой,3,34
Павлов Олег Сергеевич,сержант,12,34
Лебедев Павел Максимович,лейтенант,7,31
Морозов Иван Дмитриевич,лейтенант,10,31
Морозов Павел Никитич,капитан,1,18
Морозов Никита Юрьевич,прапорщик,7,41
Николаев Максим Андреевич,рядовой,9,33
Соколов Роман Алексеевич,прапорщик,7,30
Никитин Виктор Юрьевич,прапорщик,4,48
Новиков Андрей Алексеевич,капитан,2,22
Соловьёв Максим Максимович,майор,10,23
Васильев Олег Ильич,прапорщик,7,35
Егоров Алексей Павлович,рядовой,7,35
Васильев Александр Иванович,сержант,2,33
Фёдоров Денис Павлович,рядовой,10,43
Лебедев Константин Кириллович,полковник,11,58
Кочергин Сергей Викторович,полковник,2,55
Кочергин Михаил Павлович,капитан,11,19
Орлов Павел Сергеевич,капитан,10,34
Соколов Андрей Ильич,капитан,1,43
Егоров Евгений Олегович,капитан,7,32
Иванов Александр Олегович,сержант,8,53
Васильев Кирилл Юрьевич,прапорщик,10,39
Иванов Никита Олегович,сержант,9,32
Козлов Юрий Иванович,рядовой,4,46
Соколов Олег Романович,майор,7,45
Андреев Андрей Сергеевич,капитан,12,59
Семёнов Виктор Сергеевич,майор,3,28
Смирнов Виктор Максимович,сержант,8,48
Сидоров Андрей Ильич,прапорщик,4,40
Алексеев Виктор Сергеевич,полковник,8,22
Кузнецов Константин Иванович,прапорщик,9,48
Петров Артём Олегович,рядовой,9,24
Степанов Артём Иванович,лейтенант,6,53
Соколов Денис Никитич,лейтенант,12,28
Захаров Роман Александрович,прапорщик,10,55
Зайцев Евгений Александрович,капитан,5,20
Никитин Евгений Павлович,рядовой,2,50
Попов Алексей Михайлович,сержант,7,47
Попов Артём Ильич,майор,8,39
Сидоров Дмитрий Алексеевич,капитан,4,34
Макаров Алексей Александрович,капитан,6,30
Егоров Никита Юрьевич,майор,1,51
Васильев Павел Юрьевич,майор,3,58
Захаров Дмитрий Ильич,лейтенант,10,57
Борисов Алексей Никитич,лейтенант,8,55
Козлов Роман Дмитриевич,капитан,1,37
Козлов Алексей Юрьевич,лейтенант,1,37
Захаров Олег Максимович,капитан,6,28
Степанов Егор Максимович,лейтенант,2,25
Козлов Евгений Дмитриевич,сержант,2,30
Васильев Артём Александрович,полковник,3,39
Новиков Денис Юрьевич,сержант,1,58
Степанов Степан Олегович,прапорщик,9,31
Кузнецов Михаил Кириллович,сержант,2,24
Алексеев Роман Дмитриевич,полковник,10,55
Никитин Юрий Павлович,прапорщик,7,36
Борисов Илья Александрович,сержант,11,60
Степанов Сергей Ильич,рядовой,2,53
Кочергин Виктор Сергеевич,рядовой,7,40
Алексеев Юрий Иванович,майор,11,25
Андреев Матвей Викторович,лейтенант,7,48
Степанов Кирилл Александрович,капитан,4,19
Фёдоров Максим Алексеевич,полковник,1,49
Новиков Матвей Никитич,сержант,10,29
Борисов Степан Юрьевич,полковник,5,40
Лебедев Константин Андреевич,прапорщик,7,32
Захаров Юрий Викторович,рядовой,8,50
Иванов Иван Дмитриевич,прапорщик,1,50
Захаров Илья Юрьевич,рядовой,5,49
Сидоров Илья Андреевич,прапорщик,11,23
Захаров Денис Иванович,прапорщик,3,48
Алексеев Кирилл Алексеевич,прапорщик,11,49
Яковлев Юрий Романович,капитан,10,39
Борисов Алексей Алексеевич,полковник,5,24
Сидоров Денис Кириллович,сержант,8,47
Алексеев Степан Викторович,капитан,8,27
Павлов Артём Кириллович,лейтенант,9,24
Морозов Алексей Дмитриевич,прапорщик,11,52
Кочергин Кирилл Викторович,майор,1,51
Михайлов Александр Романович,сержант,11,26
Михайлов Илья Алексеевич,сержант,10,48
Кочергин Павел Иванович,майор,10,18
Михайлов Александр Иванович,рядовой,7,50
Васильев Матвей Алексеевич,прапорщик,10,37
Новиков Степан Дмитриевич,полковник,10,23
Алексеев Роман Александрович,рядовой,5,47
Егоров Павел Максимович,полковник,9,53
Алексеев Степан Андреевич,майор,8,42
Кочергин Юрий Павлович,сержант,1,27
Соловьёв Евгений Юрьевич,сержант,2,55
Соловьёв Матвей Дмитриевич,прапорщик,2,39
Васильев Максим Михайлович,капитан,4,41
Кузнецов Константин Викторович,лейтенант,5,39
Михайлов Никита Дмитриевич,рядовой,8,34
Никитин Евгений Александрович,рядовой,8,47
Алексеев Евгений Сергеевич,лейтенант,1,55
Кочергин Андрей Михайлович,рядовой,2,25
Макаров Михаил Викторович,прапорщик,7,46
Павлов Дмитрий Ильич,прапорщик,3,32
Морозов Иван Максимович,сержант,12,60
Кочергин Матвей Дмитриевич,капитан,8,18
Соколов Александр Кириллович,полковник,6,47
Сидоров Артём Сергеевич,сержант,10,39
Фёдоров Илья Сергеевич,лейтенант,5,30
Петров Кирилл Кириллович,майор,11,50
Борисов Олег Максимович,прапорщик,8,41
Борисов Павел Сергеевич,полковник,2,18
Зайцев Евгений Алексеевич,полковник,8,37
Макаров Кирилл Павлович,капитан,4,27
Захаров Артём Юрьевич,капитан,7,60
Соколов Роман Михайлович,прапорщик,1,56
Козлов Илья Михайлович,сержант,8,18
Фёдоров Дмитрий Сергеевич,майор,3,52
Кузнецов Андрей Дмитриевич,капитан,5,18
Сидоров Виктор Михайлович,капитан,6,35
Кочергин Иван Андреевич,сержант,5,37
Зайцев Кирилл Максимович,капитан,12,28
Фёдоров Андрей Юрьевич,майор,6,31
Павлов Денис Сергеевич,рядовой,9,58
Борисов Сергей Сергеевич,полковник,11,41
Новиков Матвей Юрьевич,лейтенант,9,57
Андреев Виктор Александрович,майор,7,55
Васильев Степан Максимович,лейтенант,12,33
Фёдоров Виктор Иванович,майор,10,35
Егоров Иван Никитич,лейтенант,2,27
Новиков Евгений Максимович,майор,1,59
Морозов Александр Сергеевич,прапорщик,7,48
Попов Павел Дмитриевич,рядовой,4,32
Соловьёв Олег Юрьевич,капитан,9,33
Николаев Юрий Иванович,прапорщик,8,42
Лебедев Илья Романович,рядовой,2,50
Орлов Евгений Алексеевич,рядовой,6,28
Иванов Алексей Сергеевич,капитан,5,59
Попов Алексей Романович,сержант,4,57
Никитин Андрей Олегович,прапорщик,6,46
Новиков Артём Дмитриевич,рядовой,10,46
Зайцев Алексей Павлович,лейтенант,8,50
Морозов Павел Сергеевич,капитан,11,38
Смирнов Кирилл Алексеевич,лейтенант,3,29
Михайлов Матвей Сергеевич,полковник,12,50
Иванов Никита Сергеевич,капитан,2,57
Новиков Степан Кириллович,рядовой,11,23
Петров Дмитрий Ильич,сержант,5,18
Николаев Алексей Кириллович,прапорщик,11,53
Егоров Артём Олегович,майор,4,31
Яковлев Андрей Никитич,полковник,7,39
Андреев Егор Алексеевич,капитан,5,51
Попов Кирилл Алексеевич,прапорщик,4,56
Степанов Матвей Ильич,лейтенант,10,52
Михайлов Кирилл Максимович,капитан,7,54
Козлов Артём Андреевич,полковник,11,48
Соловьёв Артём Ильич,капитан,1,20
Зайцев Илья Романович,лейтенант,5,30
Яковлев Евгений Кириллович,лейтенант,12,30
Орлов Олег Викторович,прапорщик,8,47
Морозов Матвей Михайлович,майор,3,21
Кузнецов Андрей Сергеевич,рядовой,1,55
Макаров Илья Павлович,полковник,12,20
Михайлов Александр Андреевич,рядовой,4,58
Макаров Никита Романович,сержант,11,23
Петров Максим Никитич,майор,2,20
Алексеев Денис Алексеевич,прапорщик,8,22
Козлов Алексей Сергеевич,прапорщик,4,48
Орлов Михаил Алексеевич,лейтенант,11,53
Сидоров Александр Олегович,прапорщик,5,37
Павлов Илья Ильич,сержант,3,24
Новиков Степан Павлович,полковник,10,51
Кузнецов Олег Максимович,рядовой,10,48
Семёнов Егор Юрьевич,прапорщик,11,30
Борисов Алексей Романович,капитан,4,56
Лебедев Юрий Михайлович,капитан,4,39
Борисов Олег Александрович,полковник,10,38
Козлов Виктор Юрьевич,лейтенант,11,45
Новиков Алексей Алексеевич,капитан,2,42
Никитин Михаил Дмитриевич,рядовой,11,55
Николаев Артём Иванович,лейтенант,10,31
Захаров Илья Дмитриевич,лейтенант,5,45
Никитин Олег Сергеевич,прапорщик,6,27
Смирнов Евгений Дмитриевич,лейтенант,10,43
Фёдоров Матвей Олегович,майор,5,43
Иванов Константин Викторович,капитан,7,37
Захаров Олег Юрьевич,полковник,5,23
Новиков Сергей Максимович,полковник,3,52
Новиков Роман Дмитриевич,прапорщик,11,45
Егоров Алексей Ильич,лейтенант,1,57
Петров Артём Романович,майор,1,48
Захаров Иван Сергеевич,рядовой,9,49
Орлов Никита Андреевич,прапорщик,6,46
Кочергин Илья Михайлович,лейтенант,2,25
Борисов Степан Дмитриевич,рядовой,3,27
Смирнов Михаил Александрович,сержант,9,31
Новиков Юрий Романович,лейтенант,1,18
Семёнов Сергей Алексеевич,сержант,7,45
Сидоров Андрей Максимович,полковник,5,42
Зайцев Никита Ильич,капитан,9,49
Семёнов Виктор Александрович,сержант,10,51
Андреев Илья Олегович,капитан,1,33
Андреев Павел Андреевич,сержант,10,18
Сидоров Юрий Никитич,сержант,2,40
Андреев Виктор Андреевич,полковник,8,26
Соловьёв Роман Юрьевич,сержант,9,54
Фёдоров Роман Андреевич,рядовой,7,46
Павлов Максим Алексеевич,сержант,7,56
Егоров Денис Максимович,прапорщик,12,56
Сидоров Олег Павлович,полковник,11,43
Семёнов Роман Алексеевич,майор,8,41
Степанов Сергей Никитич,лейтенант,8,39
Никитин Юрий Александрович,сержант,6,39
Степанов Павел Иванович,сержант,10,21
Лебедев Андрей Сергеевич,рядовой,5,35
Соловьёв Константин Александрович,прапорщик,12,24
Алексеев Степан Иванович,лейтенант,11,52
Фёдоров Олег Иванович,рядовой,10,30
Макаров Иван Олегович,капитан,5,32
Егоров Александр Кириллович,полковник,1,48
Соколов Дмитрий Кириллович,капитан,11,33
Фёдоров Иван Максимович,рядовой,11,18
Захаров Олег Михайлович,рядовой,2,30
Кузнецов Иван Юрьевич,полковник,12,50
Иванов Олег Олегович,прапорщик,2,46
Зайцев Илья Алексеевич,лейтенант,9,21
Захаров Константин Алексеевич,прапорщик,6,34
Васильев Павел Максимович,полковник,11,26
Соколов Артём Александрович,лейтенант,12,56
Зайцев Виктор Михайлович,майор,8,28
Зайцев Андрей Дмитриевич,прапорщик,2,54
Яковлев Юрий Ильич,рядовой,2,32
Андреев Юрий Романович,полковник,2,18
Зайцев Денис Юрьевич,прапорщик,9,59
Фёдоров Кирилл Ильич,сержант,7,56
Никитин Иван Андреевич,полковник,12,26
Орлов Андрей Никитич,лейтенант,9,59
Кочергин Никита Павлович,прапорщик,6,35
Степанов Олег Иванович,полковник,8,45
Семёнов Константин Павлович,лейтенант,8,50
Андреев Кирилл Никитич,рядовой,4,41
Борисов Алексей Михайлович,сержант,12,24
Борисов Максим Михайлович,лейтенант,10,31
Никитин Иван Олегович,капитан,8,55
Петров Олег Иванович,рядовой,2,21
Николаев Артём Максимович,капитан,11,40
Захаров Виктор Никитич,капитан,3,32
Кузнецов Степан Иванович,полковник,7,38
Яковлев Илья Сергеевич,капитан,4,48
Петров Дмитрий Дмитриевич,полковник,5,32
Степанов Роман Павлович,капитан,2,58
Попов Александр Михайлович,сержант,2,30
Кочергин Юрий Алексеевич,майор,2,53
Михайлов Дмитрий Иванович,рядовой,7,41
Макаров Никита Александрович,полковник,9,32
Соколов Павел Михайлович,прапорщик,9,31
Андреев Егор Юрьевич,полковник,3,37
Орлов Александр Александрович,майор,1,19
Зайцев Егор Михайлович,рядовой,7,51
Соколов Денис Кириллович,прапорщик,7,48
Петров Матвей Олегович,полковник,12,60
Козлов Евгений Александрович,рядовой,9,26
Андреев Евгений Дмитриевич,сержант,2,42
Соловьёв Никита Олегович,майор,12,59
Фёдоров Сергей Кириллович,сержант,8,43
Никитин Никита Максимович,сержант,12,58
Михайлов Роман Максимович,сержант,10,27
Сидоров Иван Иванович,сержант,2,26
Андреев Дмитрий Александрович,прапорщик,7,34
Козлов Павел Дмитриевич,капитан,2,51
Михайлов Дмитрий Дмитриевич,рядовой,2,60
Егоров Михаил Павлович,майор,2,24
Михайлов Роман Андреевич,рядовой,1,30
Борисов Виктор Романович,полковник,9,30
Макаров Павел Павлович,рядовой,5,52
Захаров Никита Юрьевич,капитан,11,54
Захаров Роман Ильич,майор,4,19
Андреев Егор Романович,рядовой,10,23
Козлов Илья Дмитриевич,сержант,12,27
Зайцев Илья Максимович,рядовой,1,20
Зайцев Павел Ильич,лейтенант,4,28
Соколов Михаил Александрович,майор,6,18
Степанов Сергей Олегович,полковник,11,32
Сидоров Юрий Алексеевич,полковник,7,45
Зайцев Максим Никитич,капитан,2,44
Новиков Павел Романович,капитан,5,37
Захаров Денис Романович,полковник,8,40
Семёнов Юрий Павлович,полковник,1,19
Семёнов Матвей Александрович,полковник,4,59
Соколов Виктор Юрьевич,майор,3,29
Яковлев Роман Романович,прапорщик,2,33
Алексеев Павел Юрьевич,прапорщик,9,50
Павлов Сергей Никитич,прапорщик,11,44
Соловьёв Павел Сергеевич,прапорщик,3,56
Морозов Юрий Сергеевич,лейтенант,3,48
Семёнов Константин Александрович,капитан,10,54
Соловьёв Иван Дмитриевич,лейтенант,6,60
Орлов Максим Юрьевич,полковник,1,42
Лебедев Павел Олегович,прапорщик,4,45
Новиков Михаил Олегович,прапорщик,4,57
Соловьёв Андрей Максимович,майор,11,54
Сидоров Михаил Андреевич,полковник,11,52
Иванов Илья Максимович,рядовой,12,21
Новиков Константин Юрьевич,сержант,2,18
Кочергин Дмитрий Дмитриевич,полковник,10,26
Семёнов Юрий Максимович,капитан,3,57
Морозов Сергей Максимович,майор,10,26
Никитин Андрей Алексеевич,сержант,5,22
Лебедев Максим Иванович,майор,11,55
Козлов Сергей Олегович,лейтенант,7,38
Васильев Виктор Ильич,рядовой,4,59
Никитин Андрей Андреевич,полковник,4,56
Фёдоров Артём Кириллович,полковник,2,38
Кочергин Юрий Андреевич,прапорщик,1,53
Соловьёв Максим Иванович,полковник,5,19
Николаев Павел Ильич,полковник,5,20
Соловьёв Александр Викторович,прапорщик,4,53
Андреев Илья Никитич,прапорщик,12,50
Смирнов Никита Алексеевич,капитан,6,42
Фёдоров Денис Максимович,рядовой,7,29
Морозов Матвей Иванович,лейтенант,11,55
Орлов Степан Михайлович,полковник,6,47
Орлов Роман Александрович,лейтенант,9,50
Соколов Никита Викторович,лейтенант,11,52
Михайлов Никита Андреевич,лейтенант,7,20
Соловьёв Павел Юрьевич,сержант,4,40
Сидоров Павел Александрович,прапорщик,9,30
Кузнецов Александр Кириллович,полковник,3,45
Степанов Павел Александрович,полковник,8,58
Кочергин Юрий Павлович,полковник,4,31
Семёнов Денис Викторович,прапорщик,8,48
Новиков Кирилл Сергеевич,майор,6,45
Соколов Константин Александрович,прапорщик,7,27
Новиков Евгений Ильич,сержант,2,56
Петров Андрей Сергеевич,рядовой,8,53
Иванов Константин Олегович,полковник,12,45
Иванов Денис Кириллович,сержант,11,20
Яковлев Сергей Олегович,прапорщик,1,34
Никитин Денис Никитич,полковник,7,25
Яковлев Артём Андреевич,прапорщик,6,27
Борисов Михаил Дмитриевич,сержант,4,60
Козлов Матвей Александрович,капитан,9,49
Никитин Кирилл Дмитриевич,рядовой,8,54
Новиков Михаил Олегович,рядовой,2,39
Яковлев Матвей Никитич,полковник,7,52
Новиков Никита Андреевич,капитан,6,34
Новиков Роман Алексеевич,сержант,9,24
Борисов Дмитрий Дмитриевич,прапорщик,4,46
Орлов Денис Юрьевич,лейтенант,6,47
Алексеев Евгений Михайлович,лейтенант,2,26
Павлов Александр Ильич,сержант,4,27
Михайлов Виктор Александрович,лейтенант,10,44
Семёнов Сергей Иванович,капитан,2,25
Кочергин Александр Викторович,сержант,5,32
Смирнов Виктор Романович,майор,12,50
Сидоров Никита Андреевич,рядовой,2,31
Попов Виктор Максимович,сержант,12,29
Новиков Константин Кириллович,прапорщик,9,28
Павлов Дмитрий Олегович,полковник,12,34
Яковлев Михаил Дмитриевич,капитан,9,19
Яковлев Юрий Александрович,прапорщик,10,59
Новиков Евгений Никитич,рядовой,10,33
Соловьёв Егор Викторович,сержант,8,31
Смирнов Никита Александрович,сержант,5,30
Сидоров Максим Александрович,прапорщик,2,59
Орлов Олег Юрьевич,сержант,9,55
Зайцев Алексей Никитич,капитан,4,44
Смирнов Сергей Викторович,капитан,8,37
Фёдоров Иван Романович,полковник,4,34
Никитин Кирилл Алексеевич,рядовой,12,46
Орлов Юрий Павлович,лейтенант,11,53
Семёнов Егор Сергеевич,капитан,8,19
Михайлов Егор Дмитриевич,прапорщик,4,48
Макаров Степан Иванович,лейтенант,2,26
Павлов Александр Иванович,майор,10,32
Семёнов Кирилл Викторович,майор,9,21
Козлов Андрей Олегович,рядовой,8,39
Фёдоров Иван Михайлович,рядовой,9,51
Смирнов Павел Михайлович,лейтенант,8,23
Соколов Евгений Дмитриевич,сержант,6,39
Иванов Виктор Ильич,капитан,6,33
Морозов Степан Олегович,капитан,8,39
Павлов Роман Алексеевич,капитан,6,45
Иванов Егор Дмитриевич,прапорщик,5,52
Иванов Артём Дмитриевич,прапорщик,10,58
Кузнецов Никита Максимович,прапорщик,8,21
Смирнов Сергей Сергеевич,майор,5,42
Соколов Никита Михайлович,лейтенант,5,42
Михайлов Константин Кириллович,майор,11,21
Егоров Михаил Олегович,лейтенант,3,37
Васильев Егор Павлович,майор,12,57
Семёнов Михаил Дмитриевич,капитан,10,20
Кузнецов Александр Романович,прапорщик,10,33
Зайцев Егор Михайлович,лейтенант,2,32
Борисов Иван Кириллович,сержант,8,28
Михайлов Виктор Кириллович,полковник,10,37
Новиков Евгений Сергеевич,полковник,7,25
Семёнов Сергей Максимович,майор,3,18
Степанов Константин Романович,лейтенант,1,30
Николаев Степан Дмитриевич,сержант,3,33
Сидоров Сергей Андреевич,лейтенант,6,33
Борисов Дмитрий Иванович,полковник,2,22
Соловьёв Сергей Сергеевич,майор,3,29
Борисов Павел Дмитриевич,рядовой,3,48
Новиков Матвей Михайлович,рядовой,2,42
Михайлов Степан Иванович,майор,4,20
Зайцев Матвей Кириллович,майор,4,27
Иванов Евгений Максимович,прапорщик,11,51
Зайцев Матвей Юрьевич,майор,7,22
Яковлев Сергей Алексеевич,майор,5,24
Егоров Александр Викторович,майор,3,18
Семёнов Никита Андреевич,капитан,7,42
Орлов Денис Викторович,капитан,11,49
Алексеев Андрей Никитич,полковник,9,58
Фёдоров Матвей Никитич,лейтенант,4,32
Морозов Дмитрий Романович,майор,3,24
Иванов Степан Юрьевич,рядовой,7,46
Алексеев Иван Никитич,рядовой,8,25
Орлов Евгений Олегович,сержант,6,29
Лебедев Дмитрий Сергеевич,лейтенант,11,25
Захаров Роман Алексеевич,рядовой,2,26
Борисов Максим Кириллович,прапорщик,1,29
Семёнов Роман Александрович,сержант,7,54
Иванов Егор Дмитриевич,рядовой,9,44
Яковлев Максим Максимович,полковник,11,56
Борисов Роман Александрович,сержант,5,57
Павлов Артём Кириллович,лейтенант,12,36
Алексеев Егор Максимович,полковник,9,58
Кузнецов Сергей Дмитриевич,майор,3,44
Фёдоров Константин Олегович,прапорщик,7,27
Павлов Роман Дмитриевич,прапорщик,3,49
Зайцев Илья Дмитриевич,сержант,12,51
Борисов Денис Олегович,майор,8,31
Иванов Дмитрий Дмитриевич,прапорщик,10,57
Кочергин Сергей Сергеевич,сержант,4,46
Андреев Степан Алексеевич,прапорщик,5,51
Петров Юрий Викторович,прапорщик,3,46
Смирнов Илья Дмитриевич,рядовой,7,29
Михайлов Матвей Максимович,капитан,6,26
Лебедев Денис Александрович,майор,12,20
Андреев Юрий Юрьевич,капитан,9,36
Фёдоров Иван Юрьевич,рядовой,2,29
Петров Евгений Андреевич,полковник,1,53
Егоров Матвей Андреевич,рядовой,4,31
Петров Михаил Максимович,прапорщик,2,34
Морозов Дмитрий Андреевич,прапорщик,8,36
Иванов Михаил Павлович,лейтенант,8,37
Егоров Артём Ильич,майор,11,49
Кочергин Роман Сергеевич,полковник,4,43
Фёдоров Кирилл Алексеевич,капитан,1,52
Степанов Иван Юрьевич,сержант,12,41
Соловьёв Сергей Викторович,прапорщик,3,44
Кузнецов Артём Олегович,сержант,11,23
Сидоров Степан Никитич,рядовой,12,49
Новиков Константин Алексеевич,лейтенант,5,54
Андреев Константин Максимович,майор,5,29
Орлов Павел Юрьевич,сержант,9,19
Петров Артём Андреевич,лейтенант,4,56
Андреев Никита Алексеевич,прапорщик,1,32
Кочергин Александр Михайлович,лейтенант,3,46
Макаров Михаил Иванович,прапорщик,11,53
Кочергин Артём Андреевич,майор,2,50
Макаров Иван Иванович,рядовой,2,30
Николаев Илья Викторович,сержант,3,58
Лебедев Сергей Александрович,рядовой,2,31
Кузнецов Олег Никитич,лейтенант,5,60
Яковлев Никита Максимович,рядовой,5,32
Зайцев Денис Юрьевич,рядовой,12,23
Никитин Сергей Олегович,капитан,4,33
Новиков Константин Александрович,прапорщик,4,30
Кочергин Дмитрий Максимович,капитан,3,37
Орлов Илья Павлович,капитан,3,53
Сидоров Дмитрий Ильич,сержант,4,27
Попов Константин Андреевич,сержант,8,41
Иванов Егор Викторович,лейтенант,8,28
Соловьёв Михаил Олегович,капитан,2,51
Соловьёв Степан Романович,рядовой,2,54
Павлов Денис Романович,сержант,7,42
Захаров Кирилл Никитич,лейтенант,12,20
Соколов Сергей Кириллович,рядовой,2,37
Лебедев Дмитрий Кириллович,рядовой,4,50
Никитин Артём Кириллович,лейтенант,1,45
Фёдоров Кирилл Дмитриевич,лейтенант,8,57
Новиков Константин Сергеевич,лейтенант,3,57
Андреев Евгений Иванович,рядовой,9,38
Егоров Денис Никитич,майор,5,44
Кочергин Иван Михайлович,лейтенант,12,48
Кочергин Сергей Романович,прапорщик,5,58
Смирнов Иван Андреевич,лейтенант,8,49
Сидоров Илья Ильич,лейтенант,11,60
Захаров Александр Юрьевич,сержант,10,26
Борисов Константин Сергеевич,рядовой,9,27
Лебедев Юрий Иванович,рядовой,8,51
Иванов Кирилл Романович,лейтенант,8,23
Кузнецов Олег Алексеевич,сержант,2,23
Макаров Алексей Иванович,майор,1,21
Козлов Андрей Олегович,сержант,8,38
Смирнов Александр Романович,лейтенант,11,48
Морозов Андрей Юрьевич,сержант,12,47
Сидоров Олег Романович,прапорщик,1,27
Кочергин Виктор Иванович,полковник,2,34
Морозов Александр Ильич,капитан,3,30
Попов Роман Кириллович,сержант,2,50
Кузнецов Константин Никитич,капитан,3,60
Захаров Роман Иванович,капитан,11,23
Новиков Артём Кириллович,прапорщик,8,24
Макаров Егор Алексеевич,рядовой,7,38
Павлов Артём Олегович,полковник,3,47
Захаров Егор Никитич,лейтенант,4,58
Павлов Никита Ильич,капитан,11,29
Зайцев Дмитрий Андреевич,капитан,9,23
Смирнов Константин Андреевич,сержант,6,26
Фёдоров Алексей Кириллович,рядовой,4,41
Захаров Константин Андреевич,капитан,10,29
Зайцев Виктор Алексеевич,лейтенант,6,54
Захаров Павел Михайлович,полковник,10,57
Алексеев Иван Кириллович,майор,7,35
Сидоров Юрий Сергеевич,полковник,1,52
Фёдоров Денис Андреевич,прапорщик,7,54
Николаев Алексей Михайлович,капитан,4,51
Николаев Константин Александрович,майор,5,33
Яковлев Виктор Максимович,полковник,7,38
Кочергин Павел Дмитриевич,майор,8,26
Морозов Павел Максимович,сержант,2,20
Петров Степан Павлович,прапорщик,3,30
Фёдоров Кирилл Романович,сержант,3,52
Соколов Дмитрий Александрович,полковник,9,23
Фёдоров Денис Олегович,полковник,9,55
Николаев Олег Никитич,капитан,2,41
Никитин Олег Олегович,полковник,5,45
Соколов Денис Сергеевич,прапорщик,2,54
Лебедев Сергей Романович,майор,11,24
Степанов Матвей Юрьевич,майор,9,52
Смирнов Михаил Романович,лейтенант,8,41
Васильев Егор Павлович,капитан,4,56
Семёнов Егор Юрьевич,лейтенант,3,25
Захаров Павел Сергеевич,сержант,8,27
Кочергин Егор Сергеевич,прапорщик,5,27
Алексеев Кирилл Иванович,полковник,9,25
Сидоров Дмитрий Кириллович,лейтенант,8,21
Захаров Юрий Никитич,капитан,2,59
Морозов Кирилл Алексеевич,рядовой,7,54
Соколов Дмитрий Романович,сержант,7,34
Морозов Евгений Александрович,рядовой,3,27
Зайцев Илья Андреевич,лейтенант,8,45
Николаев Денис Олегович,сержант,4,38
Новиков Никита Александрович,лейтенант,7,57
Васильев Степан Сергеевич,лейтенант,6,39
Николаев Юрий Ильич,капитан,11,21
Егоров Илья Андреевич,прапорщик,8,37
Макаров Алексей Алексеевич,сержант,4,19
Петров Андрей Максимович,рядовой,4,29
Соколов Алексей Олегович,полковник,4,37
Козлов Никита Михайлович,капитан,10,37
Фёдоров Михаил Андреевич,рядовой,3,59
Козлов Максим Максимович,рядовой,2,46
Орлов Егор Романович,полковник,2,30
Соколов Михаил Кириллович,майор,6,18
Степанов Кирилл Романович,прапорщик,9,34
Егоров Андрей Дмитриевич,сержант,7,54
Васильев Алексей Никитич,рядовой,8,38
Михайлов Кирилл Александрович,лейтенант,4,21
Попов Андрей Кириллович,прапорщик,4,36
Козлов Юрий Викторович,капитан,11,58
Павлов Павел Романович,полковник,3,36
Михайлов Матвей Юрьевич,майор,1,41
Яковлев Евгений Романович,сержант,1,25
Захаров Матвей Юрьевич,майор,10,43
Николаев Кирилл Викторович,капитан,10,52
Павлов Денис Викторович,прапорщик,1,27
Егоров Матвей Павлович,сержант,11,55
Захаров Дмитрий Дмитриевич,полковник,11,57
Соловьёв Артём Андреевич,лейтенант,10,20
Новиков Константин Олегович,прапорщик,2,18
Семёнов Степан Юрьевич,полковник,7,19
Кузнецов Матвей Алексеевич,майор,12,32
Семёнов Виктор Павлович,лейтенант,12,21
Макаров Евгений Алексеевич,майор,6,47
Петров Андрей Алексеевич,лейтенант,6,38
Зайцев Дмитрий Максимович,рядовой,2,49
Яковлев Иван Максимович,капитан,1,23
Сидоров Матвей Дмитриевич,полковник,9,28
Сидоров Олег Викторович,майор,5,44
Павлов Денис Кириллович,майор,1,29
Лебедев Артём Михайлович,лейтенант,9,59
Борисов Никита Кириллович,рядовой,1,28
Степанов Юрий Алексеевич,капитан,2,28
Петров Никита Михайлович,прапорщик,12,42
Семёнов Евгений Никитич,рядовой,6,58
Степанов Виктор Павлович,майор,2,40
Семёнов Илья Иванович,сержант,11,44
Яковлев Павел Кириллович,капитан,5,39
Васильев Сергей Павлович,рядовой,3,38
Яковлев Сергей Никитич,капитан,12,22
Сидоров Дмитрий Сергеевич,прапорщик,3,52
Петров Олег Алексеевич,рядовой,5,39
Кузнецов Егор Алексеевич,лейтенант,11,38
Кузнецов Иван Александрович,лейтенант,2,21
Лебедев Александр Александрович,лейтенант,9,56
Яковлев Сергей Сергеевич,прапорщик,6,25
Морозов Алексей Никитич,капитан,11,45
Орлов Максим Алексеевич,рядовой,9,21
Кочергин Алексей Никитич,лейтенант,2,25
Фёдоров Павел Олегович,майор,3,35
Макаров Степан Алексеевич,рядовой,9,58
Козлов Никита Никитич,рядовой,11,39
Соколов Матвей Ильич,сержант,5,45
Орлов Михаил Юрьевич,лейтенант,6,57
Смирнов Дмитрий Викторович,прапорщик,1,42
Васильев Андрей Кириллович,рядовой,10,47
Захаров Сергей Андреевич,капитан,8,18
Павлов Алексей Олегович,прапорщик,1,38
Захаров Артём Никитич,майор,6,51
Фёдоров Матвей Иванович,лейтенант,4,45
Степанов Андрей Дмитриевич,капитан,7,23
Семёнов Александр Романович,лейтенант,12,27
Лебедев Денис Алексеевич,прапорщик,11,30
Зайцев Виктор Павлович,капитан,7,45
Павлов Матвей Алексеевич,прапорщик,3,51
Фёдоров Денис Павлович,полковник,8,53
Иванов Дмитрий Юрьевич,лейтенант,9,21
Орлов Константин Иванович,рядовой,3,54
Егоров Андрей Иванович,лейтенант,11,35
Яковлев Андрей Дмитриевич,майор,7,21
Соколов Денис Александрович,рядовой,2,42
Павлов Илья Алексеевич,прапорщик,10,42
Алексеев Сергей Алексеевич,лейтенант,5,19
Борисов Сергей Александрович,капитан,4,53
Макаров Иван Иванович,прапорщик,1,50
Соколов Сергей Михайлович,сержант,7,58
Попов Степан Дмитриевич,прапорщик,5,46
Орлов Матвей Иванович,рядовой,7,23
Соколов Артём Алексеевич,капитан,2,41
Алексеев Дмитрий Юрьевич,лейтенант,10,34
Сидоров Иван Иванович,капитан,4,27
Орлов Евгений Иванович,полковник,3,38
Морозов Максим Викторович,лейтенант,5,25
Егоров Алексей Александрович,полковник,9,20
Кочергин Илья Андреевич,лейтенант,4,52
Егоров Роман Максимович,полковник,6,37
Никитин Артём Андреевич,полковник,12,41
Иванов Максим Юрьевич,рядовой,9,58
Никитин Михаил Максимович,сержант,4,41
Соколов Юрий Викторович,лейтенант,9,30
Соловьёв Павел Алексеевич,лейтенант,6,42
Степанов Виктор Михайлович,капитан,8,52
Яковлев Олег Павлович,рядовой,3,31
Никитин Виктор Максимович,сержант,1,48
Борисов Сергей Никитич,полковник,5,41
Егоров Константин Алексеевич,майор,8,40
Новиков Виктор Юрьевич,майор,2,31
Лебедев Денис Иванович,сержант,7,49
Зайцев Никита Максимович,лейтенант,5,26
Зайцев Никита Алексеевич,рядовой,9,22
Семёнов Никита Андреевич,полковник,6,56
Михайлов Александр Александрович,полковник,1,28
Орлов Иван Юрьевич,прапорщик,12,52
Кочергин Никита Кириллович,полковник,2,38
Макаров Павел Иванович,майор,1,45
Степанов Павел Сергеевич,рядовой,12,60
Кочергин Максим Сергеевич,сержант,8,59
Смирнов Максим Кириллович,капитан,5,49
Кочергин Виктор Павлович,прапорщик,11,25
Захаров Константин Ильич,майор,9,56
Соловьёв Артём Иванович,майор,9,59
Иванов Егор Александрович,прапорщик,2,23
Орлов Дмитрий Романович,прапорщик,4,56
Зайцев Денис Олегович,сержант,11,33
Морозов Павел Максимович,рядовой,9,41
Макаров Олег Викторович,капитан,6,55
Соколов Олег Михайлович,полковник,1,42
Соловьёв Матвей Никитич,лейтенант,5,19
Иванов Матвей Павлович,капитан,10,28
Захаров Максим Викторович,майор,3,24
Соколов Илья Юрьевич,прапорщик,9,42
Фёдоров Юрий Павлович,майор,3,26
Попов Андрей Кириллович,полковник,11,28
Алексеев Кирилл Павлович,майор,6,24
Степанов Иван Павлович,сержант,4,42
Соловьёв Олег Викторович,полковник,4,44
Васильев Роман Сергеевич,сержант,9,54
Никитин Виктор Дмитриевич,лейтенант,8,54
Козлов Денис Максимович,сержант,1,22
Егоров Евгений Александрович,майор,2,41
Соловьёв Юрий Михайлович,лейтенант,4,25
Смирнов Михаил Иванович,сержант,12,40
Никитин Алексей Александрович,капитан,12,48
Павлов Дмитрий Алексеевич,лейтенант,1,40
Андреев Алексей Сергеевич,майор,8,28
Новиков Сергей Дмитриевич,майор,3,23
Смирнов Кирилл Олегович,майор,2,57
Михайлов Константин Максимович,полковник,4,24
Козлов Виктор Дмитриевич,рядовой,8,57
Семёнов Андрей Иванович,рядовой,10,48
Лебедев Константин Максимович,лейтенант,12,59
Кочергин Илья Викторович,сержант,9,57
Степанов Евгений Романович,майор,10,57
Семёнов Роман Андреевич,рядовой,8,49
Захаров Михаил Дмитриевич,капитан,6,37
Никитин Константин Александрович,лейтенант,8,49
Сидоров Егор Кириллович,сержант,1,59
Соловьёв Олег Юрьевич,рядовой,10,52
Фёдоров Артём Кириллович,майор,1,57
Павлов Дмитрий Михайлович,лейтенант,9,46
Смирнов Юрий Иванович,сержант,1,57
Макаров Виктор Юрьевич,майор,2,30
Андреев Алексей Александрович,лейтенант,12,52
Смирнов Кирилл Андреевич,майор,7,57
Иванов Евгений Александрович,прапорщик,7,49
Алексеев Сергей Павлович,капитан,9,21
Андреев Алексей Романович,капитан,12,44
Андреев Никита Михайлович,майор,5,38
Соколов Виктор Максимович,прапорщик,11,57
Новиков Андрей Максимович,полковник,3,48
Сидоров Алексей Михайлович,рядовой,10,30
Зайцев Сергей Никитич,прапорщик,7,39
Соловьёв Егор Викторович,полковник,5,22
Соловьёв Никита Сергеевич,капитан,9,41
Егоров Евгений Дмитриевич,майор,9,33
Михайлов Сергей Алексеевич,прапорщик,10,40
Попов Кирилл Сергеевич,капитан,5,41
Фёдоров Сергей Юрьевич,капитан,10,55
Степанов Юрий Андреевич,прапорщик,9,20
Васильев Матвей Андреевич,лейтенант,9,48
Алексеев Михаил Максимович,лейтенант,3,50
Михайлов Дмитрий Юрьевич,лейтенант,12,44
Михайлов Матвей Юрьевич,лейтенант,2,41
Алексеев Евгений Сергеевич,лейтенант,1,26
Степанов Иван Андреевич,рядовой,4,26
Зайцев Денис Кириллович,прапорщик,10,23
Николаев Илья Никитич,прапорщик,12,26
Павлов Юрий Максимович,капитан,8,24
Фёдоров Матвей Сергеевич,рядовой,10,60
Иванов Илья Иванович,сержант,7,49
Кочергин Иван Романович,лейтенант,2,41
Соловьёв Иван Дмитриевич,лейтенант,12,34
Смирнов Кирилл Павлович,капитан,6,42
Козлов Михаил Олегович,полковник,11,34
Егоров Илья Сергеевич,капитан,6,44
Морозов Иван Алексеевич,полковник,9,38
Егоров Никита Кириллович,рядовой,9,51
Морозов Олег Павлович,сержант,11,22
Попов Иван Михайлович,прапорщик,12,42
Никитин Александр Павлович,рядовой,11,23
Кочергин Константин Алексеевич,полковник,6,24
Семёнов Егор Никитич,капитан,8,52
Соловьёв Денис Викторович,капитан,8,54
Зайцев Никита Романович,рядовой,9,54
Борисов Никита Александрович,рядовой,9,38
Морозов Михаил Ильич,сержант,12,35
Сидоров Кирилл Викторович,полковник,2,28
Сидоров Артём Михайлович,лейтенант,5,40
Сидоров Егор Кириллович,сержант,7,48
Орлов Евгений Максимович,капитан,5,32
Васильев Юрий Олегович,полковник,4,33
Зайцев Иван Романович,полковник,9,22
Морозов Олег Михайлович,капитан,3,57
Алексеев Иван Дмитриевич,сержант,4,48
Кочергин Андрей Павлович,рядовой,4,59
Орлов Павел Александрович,полковник,1,42
Семёнов Юрий Максимович,сержант,7,36
Васильев Павел Викторович,полковник,4,41
Соколов Алексей Дмитриевич,капитан,3,26
Захаров Алексей Дмитриевич,прапорщик,6,27
Кочергин Юрий Павлович,прапорщик,5,58
Никитин Максим Алексеевич,майор,6,18
Зайцев Виктор Андреевич,майор,11,44
Кузнецов Андрей Юрьевич,майор,6,43
Степанов Илья Дмитриевич,сержант,8,58
Егоров Дмитрий Кириллович,майор,5,60
Никитин Константин Романович,рядовой,7,37
Яковлев Роман Кириллович,сержант,4,56
Соловьёв Артём Романович,капитан,5,26
Николаев Максим Кириллович,капитан,8,39
Алексеев Илья Андреевич,сержант,9,32
Зайцев Дмитрий Андреевич,капитан,7,40
Морозов Сергей Дмитриевич,полковник,6,29
Никитин Никита Викторович,прапорщик,2,54
Борисов Максим Никитич,майор,5,27
Яковлев Степан Андреевич,рядовой,4,34
Яковлев Алексей Михайлович,лейтенант,11,39
Зайцев Павел Иванович,рядовой,11,53
Кочергин Евгений Ильич,полковник,5,26
Морозов Олег Никитич,капитан,10,39
Николаев Константин Сергеевич,полковник,6,43
Семёнов Евгений Никитич,капитан,2,22
Сидоров Павел Михайлович,прапорщик,9,51
Яковлев Константин Алексеевич,майор,4,41
Борисов Степан Алексеевич,капитан,7,46
Смирнов Виктор Дмитриевич,майор,6,36
Яковлев Артём Романович,лейтенант,6,49
Козлов Роман Алексеевич,капитан,3,26
Макаров Константин Александрович,лейтенант,10,27
Степанов Павел Александрович,рядовой,1,29
Алексеев Денис Викторович,полковник,7,41
Фёдоров Константин Ильич,полковник,2,22
Егоров Степан Сергеевич,прапорщик,2,35
Борисов Константин Кириллович,майор,5,26
Зайцев Матвей Викторович,майор,2,31
Макаров Иван Сергеевич,полковник,5,21
Соколов Илья Олегович,сержант,1,50
Андреев Алексей Павлович,лейтенант,6,49
Иванов Матвей Кириллович,рядовой,12,33
Кочергин Денис Никитич,полковник,6,20
Петров Константин Дмитриевич,прапорщик,2,40
Михайлов Кирилл Михайлович,сержант,4,50
Никитин Илья Андреевич,сержант,8,52
Соловьёв Роман Олегович,майор,11,49
Алексеев Дмитрий Юрьевич,полковник,4,22
Иванов Евгений Андреевич,капитан,8,28
Андреев Александр Кириллович,полковник,4,30
Яковлев Роман Михайлович,лейтенант,9,22
Павлов Александр Романович,прапорщик,10,58
Михайлов Виктор Кириллович,полковник,8,26
Егоров Олег Ильич,рядовой,5,56
Орлов Олег Иванович,майор,1,31
Николаев Роман Романович,сержант,1,25
Андреев Павел Романович,сержант,2,27
Иванов Юрий Никитич,сержант,2,20
Соловьёв Михаил Максимович,лейтенант,9,29
Соколов Максим Алексеевич,полковник,1,45
Иванов Андрей Юрьевич,майор,8,57
Павлов Виктор Алексеевич,майор,3,46
Кузнецов Александр Павлович,рядовой,12,45
Попов Александр Олегович,майор,9,54
Яковлев Павел Кириллович,рядовой,9,19
Смирнов Кирилл Романович,полковник,9,51
Фёдоров Константин Кириллович,рядовой,6,53
Соколов Олег Никитич,майор,1,22
Алексеев Алексей Максимович,полковник,4,49
Семёнов Илья Романович,капитан,3,21
Семёнов Олег Дмитриевич,майор,5,28
Зайцев Никита Александрович,полковник,3,32
Павлов Дмитрий Олегович,капитан,6,25
Макаров Матвей Михайлович,лейтенант,5,60
Зайцев Егор Романович,сержант,7,19
Иванов Артём Максимович,полковник,7,58
Кузнецов Павел Максимович,майор,3,38
Андреев Кирилл Юрьевич,сержант,3,54
Лебедев Илья Кириллович,капитан,4,58
Кочергин Степан Ильич,рядовой,4,21
Фёдоров Дмитрий Максимович,капитан,2,60
Степанов Евгений Олегович,полковник,7,60
Степанов Егор Ильич,майор,6,44
Соколов Андрей Максимович,сержант,3,18
Петров Евгений Алексеевич,сержант,10,60
Козлов Евгений Никитич,рядовой,4,59
Макаров Сергей Алексеевич,майор,12,23
Соловьёв Павел Викторович,капитан,3,40
Семёнов Евгений Юрьевич,рядовой,10,38
Орлов Юрий Александрович,лейтенант,8,56
Морозов Дмитрий Кириллович,майор,11,47
Сидоров Евгений Андреевич,капитан,9,33
Соловьёв Константин Павлович,прапорщик,4,29
Новиков Юрий Ильич,капитан,10,28
Егоров Евгений Александрович,полковник,10,23
Петров Максим Дмитриевич,прапорщик,7,50
Новиков Алексей Олегович,капитан,12,20
Николаев Александр Викторович,капитан,3,58
Фёдоров Степан Михайлович,капитан,4,23
Кочергин Юрий Алексеевич,майор,4,22
Зайцев Роман Максимович,сержант,11,26
Кочергин Иван Юрьевич,майор,8,21
Орлов Александр Максимович,рядовой,9,57
Семёнов Максим Викторович,прапорщик,11,40
Лебедев Кирилл Максимович,полковник,8,59
Козлов Илья Павлович,рядовой,12,22
Алексеев Олег Алексеевич,майор,4,48
Егоров Виктор Дмитриевич,майор,2,50
Яковлев Роман Павлович,прапорщик,9,50
Лебедев Алексей Павлович,прапорщик,7,48
Никитин Алексей Сергеевич,лейтенант,2,23
Николаев Егор Александрович,сержант,6,51
Фёдоров Олег Павлович,прапорщик,10,39
Михайлов Алексей Александрович,лейтенант,9,49
Андреев Матвей Ильич,полковник,9,18
Морозов Иван Дмитриевич,рядовой,4,50
Соколов Илья Александрович,рядовой,10,20
Смирнов Степан Романович,прапорщик,11,46
Иванов Александр Максимович,полковник,7,33
Степанов Сергей Олегович,капитан,12,41
Борисов Виктор Андреевич,лейтенант,4,27
Захаров Константин Юрьевич,капитан,8,60
Козлов Матвей Александрович,майор,2,37
Козлов Андрей Максимович,прапорщик,5,42
Фёдоров Артём Юрьевич,полковник,9,51
Сидоров Виктор Алексеевич,рядовой,10,50
Николаев Виктор Никитич,лейтенант,1,36
Михайлов Матвей Андреевич,рядовой,5,30
Яковлев Олег Андреевич,майор,10,51
Лебедев Матвей Дмитриевич,капитан,5,18
Никитин Кирилл Сергеевич,майор,1,33
Сидоров Иван Алексеевич,прапорщик,8,40
Андреев Матвей Михайлович,лейтенант,3,59
Яковлев Илья Дмитриевич,прапорщик,2,52
Михайлов Илья Алексеевич,прапорщик,3,25
Андреев Егор Романович,рядовой,4,41
Николаев Никита Иванович,капитан,7,35
Яковлев Александр Сергеевич,полковник,4,31
Орлов Алексей Максимович,капитан,8,45
Андреев Сергей Никитич,капитан,12,29
Андреев Андрей Михайлович,прапорщик,12,47
Борисов Степан Никитич,прапорщик,8,47
Егоров Евгений Михайлович,сержант,7,20
Андреев Илья Кириллович,капитан,5,37
Новиков Сергей Романович,лейтенант,8,50
Лебедев Илья Романович,рядовой,2,18
Иванов Юрий Александрович,сержант,1,27
Степанов Кирилл Юрьевич,капитан,3,41
Морозов Матвей Ильич,капитан,8,20
Степанов Илья Сергеевич,рядовой,2,18
Попов Олег Михайлович,лейтенант,11,58
Андреев Олег Андреевич,прапорщик,6,36
Борисов Олег Сергеевич,лейтенант,10,32
Новиков Егор Юрьевич,лейтенант,12,19
Павлов Андрей Сергеевич,полковник,9,50
Попов Артём Кириллович,прапорщик,7,59
Зайцев Кирилл Иванович,прапорщик,10,44
Егоров Денис Андреевич,полковник,1,41
Семёнов Олег Александрович,прапорщик,7,53
Соколов Егор Павлович,капитан,6,43
Зайцев Максим Ильич,прапорщик,9,52
Алексеев Денис Никитич,рядовой,2,29
Васильев Роман Дмитриевич,сержант,10,34
Степанов Константин Кириллович,рядовой,12,52
Зайцев Олег Никитич,полковник,11,36
Никитин Матвей Романович,лейтенант,8,51
Соловьёв Кирилл Дмитриевич,прапорщик,2,36
Кузнецов Егор Романович,прапорщик,1,45
Смирнов Роман Олегович,майор,10,19
Сидоров Роман Александрович,майор,6,49
Никитин Иван Дмитриевич,прапорщик,2,22
Семёнов Егор Иванович,лейтенант,6,35
Николаев Александр Павлович,полковник,2,36
Петров Александр Александрович,прапорщик,6,51
Степанов Кирилл Иванович,сержант,4,57
Кузнецов Михаил Кириллович,сержант,9,26
Захаров Никита Максимович,майор,11,48
Зайцев Денис Алексеевич,прапорщик,1,24
Фёдоров Олег Александрович,рядовой,8,42
Козлов Павел Александрович,прапорщик,8,46
Кочергин Виктор Максимович,полковник,2,29
Соколов Юрий Иванович,лейтенант,10,35
Николаев Павел Алексеевич,полковник,9,45
Соколов Дмитрий Андреевич,полковник,1,26
Петров Сергей Александрович,лейтенант,8,52
Соловьёв Алексей Романович,капитан,11,20
Иванов Алексей Павлович,капитан,3,28
Морозов Михаил Максимович,прапорщик,2,43
Смирнов Степан Максимович,полковник,1,18
Борисов Иван Никитич,рядовой,4,28
Яковлев Константин Кириллович,лейтенант,10,23
Орлов Максим Иванович,полковник,9,43
Михайлов Артём Ильич,капитан,7,58
Петров Никита Иванович,полковник,4,50
Васильев Евгений Сергеевич,полковник,1,58
Павлов Евгений Сергеевич,рядовой,1,29
Степанов Кирилл Никитич,рядовой,3,36
Орлов Михаил Алексеевич,лейтенант,10,33
Степанов Евгений Иванович,рядовой,9,22
Семёнов Дмитрий Максимович,рядовой,9,41
Соколов Матвей Максимович,полковник,1,60
Зайцев Степан Александрович,прапорщик,12,26
Иванов Максим Сергеевич,майор,3,53
Орлов Андрей Викторович,рядовой,3,31
Кузнецов Андрей Юрьевич,сержант,3,26
Михайлов Кирилл Алексеевич,лейтенант,9,56
Зайцев Никита Александрович,рядовой,8,40
Павлов Егор Алексеевич,капитан,5,32
Соловьёв Сергей Максимович,полковник,9,42
Макаров Кирилл Алексеевич,прапорщик,6,22
Козлов Максим Иванович,полковник,7,42
Семёнов Егор Ильич,сержант,11,25
Никитин Денис Никитич,капитан,9,52
Сидоров Дмитрий Никитич,рядовой,7,42
Михайлов Иван Олегович,лейтенант,2,18
Борисов Александр Иванович,майор,2,24
Никитин Павел Александрович,лейтенант,11,50
Павлов Иван Викторович,майор,11,31
Сидоров Никита Дмитриевич,майор,5,33
Смирнов Егор Андреевич,рядовой,12,30
Захаров Кирилл Андреевич,рядовой,2,43
Егоров Максим Кириллович,прапорщик,8,29
Соловьёв Иван Сергеевич,рядовой,1,22
Никитин Павел Александрович,прапорщик,7,25
Захаров Алексей Павлович,полковник,1,27
Михайлов Степан Юрьевич,прапорщик,10,28
Петров Роман Максимович,сержант,9,24
Иванов Артём Андреевич,лейтенант,2,58
Петров Иван Александрович,лейтенант,2,31
Морозов Алексей Алексеевич,лейтенант,10,32
Зайцев Степан Максимович,рядовой,11,59
Орлов Егор Викторович,сержант,11,40
Степанов Виктор Викторович,рядовой,4,31
Андреев Иван Алексеевич,лейтенант,10,23
Петров Иван Романович,лейтенант,10,49
Степанов Никита Михайлович,полковник,1,25
Смирнов Никита Андреевич,сержант,4,41
Сидоров Олег Романович,майор,3,47
Иванов Александр Романович,полковник,6,41
Орлов Дмитрий Максимович,капитан,11,48
Петров Егор Дмитриевич,прапорщик,3,22
Соловьёв Дмитрий Викторович,капитан,5,24
Козлов Александр Алексеевич,прапорщик,9,29
Орлов Андрей Юрьевич,сержант,4,59
Яковлев Илья Максимович,капитан,8,45
Андреев Матвей Павлович,рядовой,3,40
Михайлов Максим Иванович,капитан,2,57
Никитин Олег Сергеевич,прапорщик,5,51
Захаров Алексей Иванович,майор,11,49
Морозов Степан Павлович,прапорщик,6,22
Кузнецов Дмитрий Кириллович,прапорщик,2,37
Кочергин Юрий Кириллович,полковник,2,59
Соколов Илья Андреевич,майор,3,48
Кузнецов Кирилл Никитич,прапорщик,12,22
Макаров Михаил Юрьевич,сержант,2,38
Макаров Дмитрий Максимович,капитан,1,25
Соловьёв Виктор Викторович,полковник,5,23
Лебедев Константин Алексеевич,сержант,11,53
Захаров Илья Ильич,лейтенант,3,41
Михайлов Олег Олегович,полковник,7,38
Николаев Максим Иванович,капитан,7,24
Смирнов Матвей Викторович,рядовой,9,19
Михайлов Павел Олегович,капитан,10,23
Семёнов Кирилл Александрович,полковник,6,29
Орлов Егор Ильич,сержант,6,51
Николаев Олег Александрович,сержант,10,46
Васильев Андрей Максимович,лейтенант,3,43
Фёдоров Иван Сергеевич,капитан,1,45
Фёдоров Кирилл Олегович,капитан,7,27
Сидоров Виктор Максимович,рядовой,2,35
Борисов Никита Андреевич,полковник,3,40
Соловьёв Илья Юрьевич,сержант,8,58
Лебедев Павел Сергеевич,сержант,12,32
Морозов Максим Сергеевич,лейтенант,3,54
Захаров Илья Александрович,полковник,10,51
Павлов Илья Романович,майор,1,40
Зайцев Олег Дмитриевич,прапорщик,10,33
Козлов Андрей Александрович,рядовой,10,50
Сидоров Александр Олегович,капитан,10,43
Михайлов Роман Андреевич,лейтенант,4,58
Васильев Матвей Алексеевич,майор,9,29
Зайцев Матвей Викторович,сержант,1,44
Попов Максим Олегович,лейтенант,11,41
Иванов Виктор Романович,капитан,5,40
Макаров Дмитрий Кириллович,полковник,3,30
Степанов Алексей Никитич,капитан,6,32
Степанов Павел Ильич,прапорщик,6,49
Захаров Максим Дмитриевич,майор,4,57
Семёнов Максим Ильич,капитан,2,42
Андреев Михаил Павлович,полковник,5,38
Макаров Дмитрий Александрович,капитан,1,20
Макаров Илья Викторович,лейтенант,9,33
Захаров Максим Александрович,сержант,7,44
Васильев Андрей Викторович,капитан,10,59
Соловьёв Артём Никитич,лейтенант,7,30
Яковлев Юрий Михайлович,сержант,10,54
Зайцев Андрей Кириллович,лейтенант,9,31
Соколов Максим Кириллович,рядовой,9,53
Смирнов Алексей Павлович,майор,11,32
Егоров Сергей Викторович,капитан,5,58
Егоров Денис Иванович,полковник,1,26
Зайцев Евгений Дмитриевич,сержант,12,49
Орлов Юрий Павлович,рядовой,11,50
Никитин Максим Иванович,капитан,4,30
Семёнов Андрей Михайлович,майор,7,23
Егоров Никита Александрович,полковник,1,45
Сидоров Сергей Максимович,прапорщик,3,46
Сидоров Максим Алексеевич,лейтенант,7,23
Михайлов Сергей Юрьевич,лейтенант,6,18
Фёдоров Олег Андреевич,майор,8,37
Михайлов Олег Андреевич,лейтенант,6,20
Семёнов Матвей Иванович,капитан,9,30
Соловьёв Степан Романович,капитан,4,21
Петров Андрей Сергеевич,рядовой,3,57
Кочергин Денис Ильич,майор,5,19
Смирнов Кирилл Кириллович,прапорщик,3,58
Фёдоров Кирилл Викторович,рядовой,6,46
Козлов Дмитрий Никитич,прапорщик,1,49
Соколов Матвей Ильич,рядовой,8,28
Смирнов Артём Дмитриевич,полковник,9,26
Яковлев Кирилл Викторович,полковник,2,32
Соловьёв Павел Алексеевич,полковник,10,27
Макаров Михаил Дмитриевич,прапорщик,1,41
Николаев Евгений Павлович,лейтенант,10,19
Яковлев Михаил Сергеевич,полковник,11,51
Зайцев Виктор Никитич,капитан,6,56
Васильев Никита Максимович,лейтенант,9,58
Андреев Егор Юрьевич,капитан,3,56
Николаев Роман Дмитриевич,майор,11,47
Лебедев Егор Дмитриевич,полковник,5,29
Смирнов Олег Викторович,капитан,2,39
Егоров Степан Кириллович,сержант,11,35
Борисов Максим Сергеевич,лейтенант,1,32
Михайлов Евгений Романович,лейтенант,10,21
Семёнов Илья Андреевич,полковник,12,51
Сидоров Евгений Ильич,рядовой,8,51
Егоров Никита Романович,капитан,8,58
Соловьёв Виктор Ильич,сержант,12,54
Алексеев Степан Кириллович,лейтенант,2,26
Козлов Иван Сергеевич,прапорщик,9,48
Иванов Андрей Александрович,капитан,2,59
Егоров Андрей Викторович,лейтенант,1,33
Андреев Дмитрий Дмитриевич,прапорщик,8,22
Захаров Андрей Иванович,капитан,8,50
Смирнов Олег Максимович,майор,7,25
Семёнов Егор Никитич,сержант,9,25
Фёдоров Дмитрий Иванович,майор,8,28
Лебедев Максим Максимович,рядовой,6,54
Алексеев Степан Алексеевич,майор,5,53
Новиков Михаил Павлович,сержант,3,41
Егоров Степан Дмитриевич,лейтенант,11,46
Орлов Виктор Юрьевич,рядовой,7,21
Никитин Роман Иванович,прапорщик,7,53
Кочергин Виктор Кириллович,рядовой,4,49
Михайлов Степан Павлович,прапорщик,6,55
Попов Олег Сергеевич,майор,6,57
Васильев Денис Иванович,рядовой,6,21
Смирнов Иван Викторович,полковник,12,25
Козлов Константин Иванович,полковник,5,44
Орлов Степан Романович,капитан,8,52
Козлов Константин Иванович,капитан,1,57
Сидоров Никита Дмитриевич,лейтенант,9,45
Соловьёв Матвей Юрьевич,прапорщик,10,57
Михайлов Сергей Ильич,лейтенант,7,23
Николаев Евгений Дмитриевич,прапорщик,12,45
Кочергин Роман Дмитриевич,лейтенант,7,35
Андреев Денис Алексеевич,сержант,7,33
Смирнов Евгений Дмитриевич,майор,1,20
Новиков Олег Ильич,полковник,5,22
Андреев Алексей Андреевич,сержант,8,25
Смирнов Александр Сергеевич,лейтенант,8,58
Фёдоров Павел Юрьевич,прапорщик,1,30
Яковлев Александр Олегович,капитан,5,41
Павлов Алексей Андреевич,капитан,6,18
Попов Александр Дмитриевич,капитан,9,27
Егоров Юрий Олегович,капитан,2,52
Петров Иван Алексеевич,капитан,12,35
Петров Михаил Романович,рядовой,6,39
Новиков Евгений Олегович,лейтенант,5,35
Степанов Егор Михайлович,лейтенант,10,29
Зайцев Матвей Викторович,прапорщик,2,44
Макаров Олег Михайлович,капитан,5,51
Степанов Юрий Ильич,лейтенант,3,33
Алексеев Степан Кириллович,лейтенант,3,29
Попов Константин Олегович,полковник,3,50
Степанов Олег Никитич,полковник,8,27
Егоров Олег Павлович,рядовой,12,37
Зайцев Артём Кириллович,капитан,5,35
Кузнецов Евгений Дмитриевич,майор,7,49
Николаев Илья Михайлович,полковник,10,26
Семёнов Сергей Михайлович,сержант,5,41
Павлов Иван Олегович,рядовой,10,44
Алексеев Никита Иванович,капитан,6,35
Семёнов Михаил Кириллович,капитан,12,25
Смирнов Никита Алексеевич,полковник,1,45
Семёнов Матвей Юрьевич,сержант,11,46
Сидоров Кирилл Дмитриевич,прапорщик,11,18
Петров Денис Романович,капитан,9,52
Иванов Алексей Никитич,прапорщик,3,51
Макаров Никита Алексеевич,сержант,8,36
Семёнов Денис Олегович,сержант,1,36
Фёдоров Дмитрий Юрьевич,майор,11,28
Макаров Степан Максимович,майор,5,35
Борисов Кирилл Иванович,полковник,6,22
Егоров Юрий Викторович,прапорщик,8,25
Петров Александр Иванович,рядовой,6,27
Орлов Денис Ильич,капитан,11,55
Фёдоров Константин Иванович,сержант,10,33
Соловьёв Илья Сергеевич,лейтенант,5,42
Иванов Александр Романович,лейтенант,3,54
Иванов Андрей Кириллович,лейтенант,8,34
Михайлов Александр Павлович,полковник,7,50
Петров Евгений Сергеевич,сержант,3,57
Макаров Максим Павлович,рядовой,9,22
Петров Максим Ильич,полковник,7,53
Козлов Степан Максимович,майор,10,24
Васильев Евгений Михайлович,прапорщик,3,45
Козлов Максим Алексеевич,рядовой,9,41
Захаров Юрий Ильич,сержант,12,28
Кузнецов Олег Максимович,майор,4,52
Петров Сергей Кириллович,полковник,6,57
Павлов Алексей Романович,рядовой,6,21
Макаров Сергей Сергеевич,рядовой,3,46
Николаев Андрей Юрьевич,полковник,8,28
Яковлев Дмитрий Александрович,прапорщик,4,57
Никитин Павел Олегович,сержант,7,19
Захаров Кирилл Михайлович,лейтенант,10,40
Смирнов Виктор Павлович,прапорщик,3,57
Смирнов Андрей Юрьевич,сержант,6,60
Смирнов Сергей Александрович,полковник,9,46
Соловьёв Павел Романович,полковник,7,46
Козлов Юрий Александрович,сержант,10,55
Николаев Егор Никитич,прапорщик,4,29
Морозов Константин Иванович,капитан,3,23
Николаев Дмитрий Ильич,сержант,1,50
Макаров Александр Викторович,лейтенант,11,35
Кузнецов Денис Сергеевич,лейтенант,2,59
Степанов Дмитрий Александрович,лейтенант,9,34
Васильев Иван Максимович,прапорщик,4,55
Павлов Дмитрий Дмитриевич,прапорщик,3,52
Смирнов Артём Сергеевич,капитан,11,54
Кузнецов Евгений Максимович,майор,10,59
Фёдоров Андрей Андреевич,прапорщик,3,40
Петров Олег Иванович,прапорщик,11,28
Иванов Максим Романович,капитан,7,46
Иванов Никита Юрьевич,сержант,4,36
Макаров Артём Дмитриевич,лейтенант,8,56
Попов Олег Александрович,капитан,12,26
Петров Андрей Олегович,полковник,12,48
Иванов Матвей Алексеевич,капитан,12,20
Орлов Дмитрий Андреевич,капитан,2,40
Кочергин Константин Ильич,сержант,11,57
Павлов Егор Никитич,сержант,5,47
Зайцев Виктор Юрьевич,майор,12,56
Кузнецов Дмитрий Кириллович,лейтенант,6,30
Борисов Максим Павлович,полковник,1,45
Сидоров Матвей Александрович,рядовой,9,51
Захаров Степан Михайлович,полковник,10,19
Попов Степан Сергеевич,полковник,9,42
Захаров Кирилл Кириллович,майор,8,20
Новиков Сергей Сергеевич,прапорщик,4,45
Фёдоров Кирилл Олегович,лейтенант,6,28
Алексеев Никита Павлович,полковник,4,44
Морозов Матвей Ильич,майор,7,51
Кочергин Михаил Никитич,лейтенант,8,37
Зайцев Дмитрий Никитич,прапорщик,12,50
Никитин Константин Максимович,рядовой,4,26
Петров Кирилл Михайлович,полковник,7,32
Николаев Михаил Юрьевич,рядовой,1,18
Степанов Максим Павлович,полковник,1,53
Егоров Евгений Михайлович,полковник,12,38
Николаев Сергей Иванович,полковник,2,31
Орлов Алексей Ильич,сержант,12,38
Андреев Илья Никитич,лейтенант,3,33
Захаров Никита Павлович,капитан,11,26
Егоров Дмитрий Дмитриевич,майор,4,41
Соловьёв Юрий Романович,сержант,11,59
Павлов Дмитрий Викторович,капитан,12,35
Борисов Егор Сергеевич,прапорщик,9,51
Макаров Степан Алексеевич,рядовой,9,60
Соловьёв Максим Александрович,майор,2,51
Павлов Алексей Павлович,майор,1,58
Степанов Егор Павлович,майор,10,59
Степанов Виктор Павлович,сержант,4,32
Николаев Юрий Романович,полковник,4,29
Петров Павел Андреевич,капитан,1,22
Степанов Егор Александрович,рядовой,8,42
Козлов Максим Андреевич,сержант,1,47
Васильев Павел Максимович,рядовой,2,46
Борисов Александр Дмитриевич,майор,12,32
Захаров Артём Кириллович,лейтенант,10,29
Морозов Кирилл Александрович,рядовой,9,53
Захаров Илья Викторович,рядовой,1,32
Макаров Сергей Олегович,рядовой,9,41
Зайцев Евгений Максимович,полковник,11,34
Орлов Илья Олегович,прапорщик,7,40
Степанов Константин Иванович,капитан,7,37
Яковлев Максим Ильич,прапорщик,9,57
Павлов Дмитрий Михайлович,прапорщик,10,48
Петров Иван Сергеевич,капитан,9,21
Фёдоров Сергей Викторович,сержант,8,24
Смирнов Олег Алексеевич,сержант,2,51
Семёнов Павел Иванович,полковник,11,43
Морозов Олег Андреевич,прапорщик,8,31
Новиков Степан Ильич,полковник,1,20
Кузнецов Андрей Юрьевич,майор,3,36
Андреев Павел Никитич,лейтенант,7,42
Павлов Кирилл Михайлович,прапорщик,8,45
Смирнов Дмитрий Михайлович,прапорщик,12,57
Попов Дмитрий Александрович,сержант,9,33
Андреев Павел Павлович,лейтенант,3,25
Андреев Матвей Олегович,сержант,9,26
Яковлев Артём Андреевич,рядовой,9,52
Орлов Денис Викторович,рядовой,7,19
Егоров Андрей Юрьевич,сержант,8,21
Семёнов Денис Никитич,прапорщик,7,46
Павлов Михаил Павлович,прапорщик,4,33
Алексеев Кирилл Викторович,полковник,8,35
Степанов Александр Сергеевич,майор,2,37
Козлов Дмитрий Олегович,сержант,1,32
Андреев Дмитрий Андреевич,рядовой,5,20
Козлов Егор Олегович,прапорщик,2,57
Зайцев Кирилл Ильич,майор,5,60
Попов Виктор Максимович,рядовой,11,35
Борисов Андрей Ильич,капитан,1,47
Никитин Денис Олегович,полковник,2,58
Яковлев Юрий Олегович,сержант,12,24
Яковлев Максим Романович,майор,10,59
Козлов Никита Максимович,сержант,7,55
Соколов Павел Кириллович,лейтенант,12,30
Попов Дмитрий Ильич,прапорщик,8,28
Сидоров Артём Алексеевич,прапорщик,12,47
Смирнов Кирилл Никитич,майор,11,59
Яковлев Степан Викторович,капитан,5,39
Борисов Константин Максимович,капитан,12,33
Попов Алексей Александрович,полковник,6,57
Егоров Андрей Олегович,капитан,6,28
Михайлов Алексей Викторович,прапорщик,11,27
Михайлов Евгений Дмитриевич,майор,6,31
Морозов Александр Сергеевич,лейтенант,3,37
Орлов Олег Андреевич,прапорщик,9,26
Алексеев Матвей Алексеевич,майор,9,20
Семёнов Александр Сергеевич,полковник,3,39
Захаров Никита Александрович,капитан,10,52
Кузнецов Сергей Ильич,майор,12,30
Петров Олег Михайлович,капитан,11,56
Павлов Юрий Олегович,лейтенант,12,53
Алексеев Никита Дмитриевич,капитан,5,26
Егоров Денис Олегович,майор,9,59
Козлов Юрий Дмитриевич,полковник,5,35
Васильев Илья Романович,сержант,9,25
Лебедев Михаил Никитич,майор,10,18
Петров Андрей Юрьевич,лейтенант,6,32
Степанов Сергей Дмитриевич,прапорщик,8,44
Семёнов Олег Кириллович,лейтенант,7,21
Михайлов Евгений Сергеевич,прапорщик,10,32
Сидоров Михаил Иванович,прапорщик,5,56
Алексеев Максим Андреевич,капитан,8,24
Козлов Сергей Ильич,майор,10,18
Алексеев Виктор Викторович,майор,7,42
Смирнов Илья Ильич,рядовой,9,21
Захаров Кирилл Сергеевич,капитан,1,58
Михайлов Иван Юрьевич,майор,11,38
Морозов Иван Дмитриевич,лейтенант,3,54
Козлов Илья Олегович,сержант,4,55
Сидоров Никита Андреевич,сержант,3,41
Борисов Илья Ильич,прапорщик,8,23
Соловьёв Илья Кириллович,майор,10,27
Егоров Алексей Иванович,прапорщик,7,26
Никитин Михаил Олегович,рядовой,8,50
Андреев Матвей Алексеевич,капитан,10,42
Павлов Константин Михайлович,рядовой,9,46
Степанов Матвей Павлович,майор,4,33
Лебедев Степан Павлович,сержант,2,57
Яковлев Дмитрий Андреевич,капитан,2,51
Смирнов Юрий Романович,рядовой,1,41
Петров Павел Олегович,прапорщик,5,56
Иванов Михаил Михайлович,майор,2,45
Захаров Степан Михайлович,капитан,3,42
Орлов Михаил Михайлович,лейтенант,4,43
Морозов Артём Алексеевич,полковник,5,55
Попов Александр Олегович,лейтенант,1,27
Макаров Александр Дмитриевич,лейтенант,7,36
Сидоров Михаил Александрович,рядовой,4,50
Кочергин Никита Максимович,рядовой,3,48
Семёнов Евгений Андреевич,полковник,10,29
Попов Роман Михайлович,полковник,4,43
Орлов Юрий Андреевич,капитан,3,40
Семёнов Иван Павлович,капитан,2,40
Николаев Александр Кириллович,майор,12,60
Фёдоров Евгений Викторович,полковник,1,18
Семёнов Иван Алексеевич,капитан,10,20
Козлов Олег Кириллович,сержант,7,25
Попов Алексей Павлович,рядовой,11,54
Кочергин Константин Никитич,майор,5,32
Иванов Артём Никитич,сержант,5,57
Васильев Юрий Кириллович,полковник,8,41
Зайцев Илья Михайлович,прапорщик,3,59
Алексеев Дмитрий Александрович,прапорщик,1,18
Кузнецов Михаил Кириллович,сержант,12,29
Сидоров Дмитрий Андреевич,полковник,10,27
Макаров Степан Олегович,сержант,10,19
Никитин Иван Михайлович,полковник,10,60
Борисов Виктор Юрьевич,полковник,5,54
Петров Евгений Андреевич,прапорщик,6,30
Козлов Роман Романович,капитан,1,49
Новиков Артём Сергеевич,майор,10,43
Кочергин Иван Павлович,капитан,1,36
Николаев Кирилл Кириллович,прапорщик,10,24
Степанов Олег Иванович,прапорщик,8,22
Яковлев Сергей Иванович,полковник,7,33
Сидоров Константин Дмитриевич,сержант,6,38
Николаев Александр Кириллович,лейтенант,5,36
Михайлов Юрий Иванович,прапорщик,8,22
Борисов Илья Викторович,прапорщик,7,20
Борисов Виктор Михайлович,сержант,9,27
Морозов Михаил Сергеевич,рядовой,6,53
Семёнов Сергей Александрович,прапорщик,4,25
Соколов Юрий Романович,майор,9,43
Яковлев Иван Михайлович,капитан,12,20
Михайлов Степан Никитич,лейтенант,4,37
Никитин Виктор Сергеевич,рядовой,7,53
Соколов Михаил Романович,рядовой,2,36
Лебедев Юрий Юрьевич,полковник,6,35
Васильев Алексей Максимович,майор,3,59
Орлов Олег Павлович,капитан,3,50
Соловьёв Матвей Никитич,сержант,5,51
Кузнецов Олег Михайлович,сержант,1,27
Никитин Дмитрий Михайлович,майор,10,52
Борисов Матвей Иванович,сержант,7,40
Иванов Евгений Олегович,сержант,9,24
Михайлов Михаил Иванович,рядовой,10,58
Попов Сергей Иванович,сержант,11,42
Новиков Роман Романович,капитан,8,41
Николаев Виктор Кириллович,майор,4,50
Зайцев Алексей Дмитриевич,лейтенант,9,40
Фёдоров Константин Юрьевич,сержант,2,24
Соколов Илья Юрьевич,прапорщик,3,20
Никитин Павел Юрьевич,рядовой,10,60
Кочергин Егор Михайлович,сержант,5,27
Зайцев Кирилл Кириллович,сержант,8,41
Макаров Олег Кириллович,полковник,5,25
Егоров Денис Максимович,рядовой,4,23
Семёнов Артём Романович,полковник,9,29
Кузнецов Алексей Ильич,капитан,8,54
Смирнов Артём Павлович,полковник,12,56
Андреев Егор Ильич,лейтенант,1,59
Кузнецов Павел Александрович,капитан,9,30
Петров Роман Ильич,рядовой,12,36
Борисов Роман Дмитриевич,рядовой,3,18
Захаров Артём Романович,полковник,9,48
Михайлов Егор Юрьевич,лейтенант,7,48
Сидоров Денис Александрович,капитан,4,51
Новиков Дмитрий Павлович,сержант,6,26
Козлов Никита Андреевич,лейтенант,3,37
Алексеев Дмитрий Александрович,лейтенант,7,42
Соловьёв Кирилл Никитич,сержант,4,49
Макаров Евгений Романович,лейтенант,6,36
Захаров Степан Никитич,лейтенант,10,22
Егоров Иван Юрьевич,прапорщик,1,36
Макаров Константин Романович,майор,2,38
Козлов Иван Юрьевич,прапорщик,6,28
Алексеев Павел Алексеевич,рядовой,5,59
Михайлов Алексей Никитич,капитан,3,36
Васильев Михаил Сергеевич,капитан,12,24
Егоров Матвей Романович,капитан,10,39
Павлов Михаил Александрович,полковник,8,55
Смирнов Сергей Михайлович,сержант,6,36
Яковлев Максим Никитич,капитан,2,34
Смирнов Олег Кириллович,капитан,1,37
Алексеев Роман Дмитриевич,рядовой,8,33
Орлов Сергей Максимович,прапорщик,11,51
Яковлев Илья Андреевич,лейтенант,11,44
Никитин Матвей Олегович,капитан,6,57
Кочергин Кирилл Михайлович,майор,8,47
Козлов Олег Романович,капитан,6,44
Степанов Алексей Иванович,майор,6,20
Лебедев Иван Павлович,прапорщик,11,34
Яковлев Дмитрий Кириллович,майор,3,50
Морозов Матвей Александрович,лейтенант,5,53
Никитин Роман Андреевич,сержант,12,40
Семёнов Дмитрий Никитич,капитан,6,28
Яковлев Юрий Александрович,майор,7,45
Иванов Дмитрий Романович,сержант,9,35
Макаров Илья Кириллович,рядовой,9,25
Степанов Евгений Викторович,майор,9,37
Попов Павел Алексеевич,капитан,12,30
Лебедев Евгений Никитич,прапорщик,1,30
Павлов Юрий Дмитриевич,майор,12,60
Петров Павел Олегович,рядовой,11,56
Степанов Андрей Максимович,капитан,12,55
Новиков Евгений Сергеевич,капитан,2,49
Смирнов Евгений Андреевич,рядовой,9,54
Козлов Роман Андреевич,рядовой,10,22
Андреев Юрий Романович,лейтенант,4,22
Захаров Илья Юрьевич,майор,5,43
Сидоров Артём Михайлович,майор,8,29
Фёдоров Никита Кириллович,прапорщик,9,59
Попов Евгений Максимович,лейтенант,12,60
Попов Степан Юрьевич,сержант,12,33
Соколов Павел Иванович,сержант,11,51
Сидоров Егор Иванович,рядовой,7,29
Борисов Виктор Михайлович,полковник,10,40
Яковлев Дмитрий Александрович,рядовой,9,43
Соловьёв Максим Сергеевич,сержант,7,19
Козлов Егор Романович,сержант,4,27
Семёнов Егор Максимович,капитан,1,39
Соловьёв Виктор Викторович,прапорщик,12,33
Сидоров Степан Кириллович,лейтенант,3,33
Зайцев Юрий Кириллович,капитан,7,46
Васильев Виктор Алексеевич,сержант,1,26
Козлов Никита Иванович,майор,8,47
Кузнецов Алексей Иванович,капитан,9,29
Козлов Виктор Кириллович,прапорщик,9,41
Андреев Юрий Кириллович,майор,10,55
Кочергин Константин Романович,капитан,4,53
Попов Евгений Викторович,лейтенант,10,28
Захаров Юрий Кириллович,полковник,1,36
Фёдоров Сергей Ильич,майор,6,49
Андреев Максим Павлович,прапорщик,1,39
Егоров Кирилл Юрьевич,капитан,7,44
Лебедев Дмитрий Дмитриевич,майор,8,30
Фёдоров Алексей Александрович,лейтенант,4,23
Алексеев Михаил Ильич,майор,8,33
Морозов Алексей Михайлович,лейтенант,10,41
Андреев Александр Максимович,сержант,12,49
Егоров Никита Сергеевич,рядовой,7,37
Степанов Александр Алексеевич,полковник,10,26
Соколов Олег Максимович,капитан,8,42
Новиков Олег Олегович,майор,9,58
Алексеев Евгений Андреевич,прапорщик,3,27
Петров Кирилл Ильич,капитан,11,55
Петров Олег Иванович,сержант,3,18
Кузнецов Сергей Дмитриевич,майор,7,59
Морозов Егор Алексеевич,сержант,12,28
Андреев Роман Алексеевич,капитан,9,23
Егоров Дмитрий Олегович,рядовой,2,51
Егоров Константин Романович,капитан,5,57
Зайцев Егор Иванович,рядовой,8,39
Захаров Иван Никитич,рядовой,1,49
Егоров Кирилл Михайлович,сержант,6,52
Степанов Юрий Александрович,майор,9,18
Иванов Михаил Викторович,капитан,11,24
Кочергин Денис Андреевич,майор,9,32
Сидоров Дмитрий Андреевич,полковник,2,46
Орлов Илья Андреевич,майор,2,26
Козлов Сергей Юрьевич,майор,6,38
Степанов Кирилл Иванович,полковник,2,29
Сидоров Михаил Андреевич,рядовой,6,49
Макаров Егор Юрьевич,прапорщик,5,43
Фёдоров Никита Александрович,капитан,9,19
Новиков Никита Юрьевич,прапорщик,7,49
Кузнецов Егор Иванович,рядовой,5,29
Новиков Андрей Кириллович,прапорщик,10,49
Кочергин Виктор Дмитриевич,сержант,1,21
Степанов Дмитрий Сергеевич,полковник,3,58
Смирнов Алексей Ильич,полковник,7,31
Алексеев Константин Викторович,лейтенант,1,18
Кузнецов Матвей Ильич,полковник,3,58
Яковлев Максим Ильич,прапорщик,6,24
Кочергин Юрий Кириллович,майор,4,31
Николаев Евгений Иванович,полковник,10,19
Семёнов Михаил Юрьевич,прапорщик,6,48
Зайцев Олег Павлович,полковник,7,42
Егоров Матвей Сергеевич,сержант,4,55
Соколов Сергей Иванович,майор,4,30
Андреев Виктор Александрович,лейтенант,1,57
Макаров Роман Андреевич,полковник,9,47
Новиков Михаил Дмитриевич,майор,5,56
Андреев Иван Дмитриевич,прапорщик,5,29
Попов Матвей Кириллович,сержант,3,44
Захаров Сергей Романович,майор,6,58
Никитин Артём Михайлович,лейтенант,6,31
Смирнов Кирилл Никитич,рядовой,1,46
Сидоров Денис Дмитриевич,рядовой,12,37
Семёнов Андрей Алексеевич,сержант,9,44
Васильев Артём Иванович,рядовой,1,24
Егоров Виктор Максимович,прапорщик,6,58
Петров Дмитрий Михайлович,майор,4,42
Макаров Алексей Романович,прапорщик,6,27
Фёдоров Егор Кириллович,сержант,3,38
Кузнецов Иван Кириллович,лейтенант,6,29
Зайцев Степан Дмитриевич,прапорщик,6,47
Морозов Матвей Александрович,майор,11,24
Соколов Виктор Юрьевич,прапорщик,2,35
Макаров Александр Юрьевич,лейтенант,7,57
Макаров Павел Иванович,сержант,3,31
Кузнецов Михаил Романович,прапорщик,3,47
Макаров Андрей Максимович,полковник,9,19
Николаев Максим Павлович,лейтенант,4,50
Борисов Егор Павлович,майор,10,28
Михайлов Степан Максимович,лейтенант,10,35
Соловьёв Михаил Алексеевич,капитан,4,23
Кузнецов Роман Иванович,капитан,5,58
Орлов Дмитрий Сергеевич,капитан,10,23
Макаров Иван Александрович,лейтенант,4,48
Козлов Виктор Михайлович,капитан,7,41
Васильев Максим Дмитриевич,полковник,10,29
Николаев Роман Павлович,прапорщик,7,48
Морозов Кирилл Никитич,рядовой,9,18
Семёнов Алексей Ильич,майор,6,42
Козлов Егор Алексеевич,прапорщик,6,29
Степанов Андрей Алексеевич,рядовой,4,55
Орлов Юрий Дмитриевич,майор,5,44
Андреев Виктор Дмитриевич,полковник,12,53
Борисов Юрий Кириллович,сержант,9,23
Лебедев Степан Викторович,полковник,7,56
Кузнецов Олег Ильич,полковник,9,48
Сидоров Иван Романович,полковник,1,46
Фёдоров Кирилл Романович,полковник,3,59
Макаров Константин Юрьевич,рядовой,3,55
Петров Михаил Михайлович,сержант,3,40
Козлов Иван Романович,рядовой,12,48
Егоров Виктор Иванович,рядовой,7,21
Михайлов Егор Сергеевич,лейтенант,3,52
Новиков Егор Кириллович,рядовой,6,24
Егоров Александр Сергеевич,полковник,11,19
Николаев Павел Максимович,сержант,3,36
Попов Кирилл Павлович,майор,12,45
Кочергин Павел Алексеевич,майор,1,50
Кузнецов Алексей Михайлович,капитан,11,31
Михайлов Константин Викторович,рядовой,8,50
Новиков Егор Викторович,сержант,4,49
Захаров Максим Олегович,майор,4,52
Козлов Артём Павлович,капитан,8,60
Васильев Евгений Иванович,сержант,6,45
Макаров Максим Кириллович,лейтенант,8,45
Соловьёв Кирилл Ильич,прапорщик,10,28
Степанов Олег Олегович,майор,9,22
Михайлов Илья Олегович,лейтенант,8,44
Васильев Алексей Михайлович,полковник,6,53
Захаров Юрий Олегович,сержант,4,28
Попов Степан Андреевич,рядовой,2,53
Кочергин Максим Викторович,прапорщик,6,18
Иванов Юрий Юрьевич,майор,7,54
Степанов Алексей Сергеевич,капитан,3,37
Смирнов Андрей Александрович,рядовой,2,34
Козлов Степан Александрович,сержант,7,60
Яковлев Кирилл Дмитриевич,сержант,9,48
Семёнов Павел Михайлович,прапорщик,10,30
Алексеев Алексей Олегович,сержант,6,35
Семёнов Александр Александрович,полковник,2,56
Семёнов Сергей Павлович,рядовой,4,37
Макаров Денис Андреевич,майор,6,52
Соловьёв Олег Андреевич,полковник,5,22
Степанов Максим Андреевич,полковник,4,19
Кузнецов Егор Кириллович,сержант,6,45
Морозов Евгений Павлович,рядовой,11,21
Степанов Александр Юрьевич,прапорщик,4,24
Никитин Иван Алексеевич,рядовой,3,47
Попов Андрей Юрьевич,прапорщик,1,37
Кочергин Егор Алексеевич,майор,12,50
Орлов Олег Андреевич,прапорщик,7,59
Захаров Алексей Павлович,сержант,11,24
Николаев Илья Сергеевич,майор,5,22
Захаров Кирилл Романович,прапорщик,5,24
Смирнов Андрей Андреевич,сержант,1,23
Сидоров Павел Иванович,майор,12,36
Зайцев Артём Максимович,рядовой,4,36
Михайлов Юрий Сергеевич,капитан,4,31
Иванов Илья Иванович,сержант,9,29
Зайцев Никита Юрьевич,рядовой,10,29
Иванов Олег Дмитриевич,лейтенант,8,22
Новиков Михаил Алексеевич,полковник,2,25
Николаев Сергей Александрович,капитан,12,33
Петров Олег Иванович,прапорщик,11,41
Соколов Кирилл Сергеевич,лейтенант,11,57
Андреев Сергей Викторович,рядовой,5,21
Морозов Максим Максимович,прапорщик,12,46
Егоров Олег Михайлович,капитан,2,35
Степанов Дмитрий Сергеевич,рядовой,11,50
Орлов Кирилл Иванович,полковник,3,29
Новиков Александр Кириллович,полковник,6,42
Макаров Артём Андреевич,сержант,2,18
Егоров Евгений Сергеевич,прапорщик,9,29
Кузнецов Павел Викторович,рядовой,11,38
Орлов Матвей Михайлович,полковник,11,47
Соколов Виктор Дмитриевич,капитан,7,51
Михайлов Илья Павлович,лейтенант,6,21
Иванов Артём Александрович,полковник,4,25
Егоров Юрий Иванович,прапорщик,4,31
Сидоров Никита Дмитриевич,майор,1,26
Яковлев Андрей Александрович,полковник,2,18
Сидоров Максим Юрьевич,лейтенант,1,33
Сидоров Андрей Андреевич,рядовой,9,34
Никитин Егор Сергеевич,рядовой,10,20
Егоров Денис Максимович,лейтенант,11,23
Морозов Степан Кириллович,сержант,3,41
Морозов Роман Андреевич,сержант,8,30
Михайлов Роман Романович,полковник,5,54
Семёнов Дмитрий Андреевич,лейтенант,10,50
Яковлев Роман Александрович,лейтенант,2,25
Никитин Алексей Ильич,капитан,1,45
Попов Артём Александрович,майор,12,39
Соколов Степан Павлович,майор,9,23
Лебедев Кирилл Викторович,капитан,11,50
Новиков Денис Дмитриевич,сержант,10,47
Михайлов Дмитрий Алексеевич,майор,11,54
Сидоров Михаил Юрьевич,прапорщик,11,18
Кочергин Роман Кириллович,капитан,5,24
Кузнецов Михаил Викторович,лейтенант,9,59
Степанов Константин Павлович,капитан,8,45
Фёдоров Михаил Ильич,прапорщик,3,45
Орлов Константин Олегович,прапорщик,3,30
Лебедев Михаил Сергеевич,прапорщик,11,33
Борисов Егор Максимович,полковник,4,18
Лебедев Виктор Михайлович,прапорщик,8,39
Егоров Артём Максимович,сержант,8,20
Семёнов Сергей Павлович,капитан,1,54
Захаров Евгений Александрович,лейтенант,1,34
Попов Александр Викторович,рядовой,1,56
Макаров Андрей Дмитриевич,сержант,2,54
Кочергин Илья Викторович,полковник,12,54
Михайлов Юрий Никитич,полковник,11,30
Алексеев Степан Викторович,рядовой,4,44
Новиков Михаил Максимович,майор,7,29
Фёдоров Константин Павлович,полковник,11,48
Фёдоров Иван Иванович,майор,8,46
Захаров Степан Кириллович,сержант,2,49
Степанов Сергей Сергеевич,майор,6,45
Попов Матвей Максимович,майор,2,21
Зайцев Александр Александрович,рядовой,5,18
Новиков Сергей Михайлович,рядовой,8,42
Соколов Евгений Александрович,лейтенант,10,43
Михайлов Сергей Алексеевич,прапорщик,2,49
Захаров Иван Максимович,капитан,9,39
Козлов Артём Никитич,майор,8,19
Васильев Денис Викторович,капитан,5,23
Егоров Роман Михайлович,сержант,2,22
Никитин Артём Александрович,полковник,3,58
Сидоров Максим Кириллович,сержант,12,20
Алексеев Павел Павлович,полковник,2,32
Соколов Виктор Иванович,полковник,11,59
Фёдоров Александр Александрович,сержант,8,24
Семёнов Алексей Олегович,лейтенант,3,18
Соловьёв Максим Дмитриевич,полковник,10,42
Кочергин Алексей Юрьевич,майор,2,24
Новиков Виктор Романович,капитан,12,37
Петров Олег Кириллович,прапорщик,8,29
Лебедев Михаил Дмитриевич,рядовой,1,47
Козлов Иван Алексеевич,полковник,4,58
Соколов Илья Никитич,рядовой,2,18
Соколов Константин Андреевич,рядовой,9,41
Борисов Евгений Романович,майор,9,29
Орлов Евгений Юрьевич,сержант,4,48
Попов Евгений Никитич,рядовой,5,46
Кочергин Андрей Иванович,прапорщик,1,52
Кочергин Никита Никитич,прапорщик,11,36
Соловьёв Илья Александрович,рядовой,12,38
Фёдоров Юрий Максимович,лейтенант,8,35
Степанов Алексей Алексеевич,полковник,5,60
Соколов Дмитрий Викторович,полковник,5,38
Макаров Александр Сергеевич,лейтенант,2,59
Яковлев Андрей Никитич,капитан,12,44
Соловьёв Павел Андреевич,лейтенант,11,45
Петров Илья Дмитриевич,сержант,8,26
Орлов Денис Викторович,майор,11,28
Захаров Роман Андреевич,лейтенант,8,41
Алексеев Егор Андреевич,лейтенант,9,55
Павлов Константин Павлович,рядовой,11,30
Орлов Илья Александрович,майор,4,58
Павлов Евгений Максимович,капитан,8,44
Яковлев Степан Викторович,майор,2,37
Козлов Юрий Иванович,рядовой,9,52
Попов Юрий Юрьевич,рядовой,12,29
Егоров Артём Павлович,прапорщик,4,23
Смирнов Олег Михайлович,полковник,1,39
Андреев Егор Александрович,лейтенант,10,39
Борисов Денис Сергеевич,майор,5,40
Николаев Андрей Максимович,рядовой,10,47
Степанов Павел Никитич,сержант,12,55
Фёдоров Юрий Никитич,прапорщик,10,38
Орлов Виктор Сергеевич,сержант,9,34
Смирнов Сергей Олегович,прапорщик,1,25
Петров Михаил Кириллович,полковник,2,34
Алексеев Роман Александрович,прапорщик,3,32
Морозов Алексей Ильич,сержант,4,56
Соловьёв Матвей Романович,прапорщик,12,50
Зайцев Михаил Дмитриевич,рядовой,12,56
Соколов Павел Алексеевич,прапорщик,6,18
Козлов Евгений Максимович,сержант,1,34
Павлов Матвей Сергеевич,майор,6,28
Макаров Михаил Алексеевич,сержант,7,23
Алексеев Егор Александрович,прапорщик,2,21
Макаров Егор Алексеевич,рядовой,6,55
Фёдоров Олег Павлович,капитан,7,35
Лебедев Евгений Михайлович,капитан,5,46
Лебедев Роман Сергеевич,рядовой,5,54
Козлов Сергей Михайлович,прапорщик,1,45
Петров Павел Александрович,сержант,12,26
Михайлов Денис Сергеевич,прапорщик,5,36
Иванов Константин Ильич,капитан,12,46
Михайлов Михаил Михайлович,полковник,11,33
Макаров Роман Иванович,лейтенант,12,50
Новиков Роман Андреевич,майор,8,44
Макаров Андрей Максимович,лейтенант,9,36
Алексеев Никита Никитич,капитан,5,32
Зайцев Денис Андреевич,майор,6,27
Зайцев Максим Александрович,сержант,8,26
Смирнов Дмитрий Павлович,рядовой,4,33
Смирнов Алексей Михайлович,прапорщик,7,42
Андреев Виктор Ильич,сержант,12,32
Морозов Роман Никитич,майор,5,21
Попов Роман Никитич,капитан,3,35
Васильев Евгений Ильич,прапорщик,2,41
Семёнов Илья Андреевич,сержант,8,34
Семёнов Степан Викторович,прапорщик,7,55
Семёнов Александр Андреевич,рядовой,4,33
Петров Егор Ильич,капитан,9,35
Никитин Михаил Юрьевич,майор,12,25
Смирнов Иван Иванович,капитан,10,21
Орлов Константин Ильич,прапорщик,6,20
Кочергин Илья Максимович,лейтенант,1,58
Смирнов Иван Сергеевич,майор,2,43
Козлов Александр Александрович,майор,9,33
Зайцев Олег Ильич,полковник,8,49
Андреев Евгений Романович,прапорщик,6,22
Борисов Михаил Викторович,рядовой,11,45
Борисов Артём Викторович,прапорщик,6,46
Никитин Александр Дмитриевич,полковник,10,38
Морозов Егор Михайлович,прапорщик,1,26
Сидоров Андрей Никитич,лейтенант,8,19
Андреев Степан Алексеевич,майор,9,21
Кочергин Алексей Михайлович,прапорщик,10,29
Соколов Дмитрий Иванович,рядовой,12,25
Семёнов Никита Олегович,прапорщик,4,34
Яковлев Максим Алексеевич,капитан,8,55
Соловьёв Константин Павлович,лейтенант,6,36
Кочергин Иван Максимович,полковник,3,34
Морозов Евгений Олегович,лейтенант,5,49
Фёдоров Кирилл Алексеевич,майор,12,39
Орлов Роман Никитич,сержант,7,57
Никитин Михаил Дмитриевич,майор,11,35
Попов Виктор Кириллович,лейтенант,5,38
Степанов Иван Иванович,капитан,1,28
Борисов Илья Павлович,прапорщик,8,44
Орлов Артём Александрович,полковник,5,18
Николаев Андрей Юрьевич,лейтенант,1,24
Кочергин Андрей Викторович,прапорщик,7,28
Яковлев Илья Андреевич,лейтенант,7,26
Петров Артём Максимович,майор,7,56
Семёнов Юрий Александрович,полковник,7,46
Макаров Никита Юрьевич,лейтенант,10,27
Сидоров Матвей Михайлович,полковник,2,43
Егоров Евгений Павлович,капитан,4,56
Козлов Степан Максимович,прапорщик,12,33
Лебедев Иван Викторович,сержант,4,41
Николаев Алексей Сергеевич,рядовой,2,40
Орлов Алексей Юрьевич,рядовой,10,30
Лебедев Константин Андреевич,прапорщик,1,34
Соколов Дмитрий Павлович,сержант,10,35
Павлов Кирилл Александрович,рядовой,8,47
Соколов Степан Романович,майор,8,50
Петров Денис Кириллович,сержант,3,57
Борисов Никита Олегович,рядовой,9,19
Николаев Дмитрий Максимович,рядовой,5,45
Кочергин Михаил Сергеевич,прапорщик,6,60
Сидоров Артём Кириллович,лейтенант,4,27
Михайлов Илья Сергеевич,капитан,9,47
Иванов Олег Олегович,лейтенант,6,22
Козлов Александр Павлович,полковник,10,51
Николаев Матвей Сергеевич,лейтенант,1,31
Лебедев Илья Викторович,майор,10,47
Семёнов Виктор Сергеевич,сержант,1,52
Смирнов Максим Кириллович,полковник,7,40
Козлов Константин Павлович,лейтенант,2,34
Петров Артём Максимович,прапорщик,4,49
Кузнецов Илья Михайлович,лейтенант,9,56
Морозов Иван Алексеевич,майор,6,50
Семёнов Евгений Александрович,сержант,3,24
Новиков Илья Максимович,лейтенант,8,60
Степанов Евгений Андреевич,рядовой,8,31
Орлов Алексей Викторович,рядовой,10,39
Кузнецов Олег Максимович,рядовой,1,37
Зайцев Илья Олегович,полковник,4,20
Кузнецов Егор Ильич,прапорщик,11,54
Соколов Матвей Викторович,полковник,10,58
Никитин Андрей Никитич,полковник,12,47
Козлов Михаил Михайлович,майор,12,59
Смирнов Константин Кириллович,майор,4,33
Петров Максим Дмитриевич,сержант,9,58
Соколов Сергей Максимович,сержант,1,45
Сидоров Александр Максимович,сержант,12,55
Никитин Максим Андреевич,капитан,8,25
Иванов Андрей Максимович,лейтенант,2,58
Кузнецов Матвей Максимович,лейтенант,7,18
Борисов Кирилл Михайлович,рядовой,4,23
Лебедев Степан Олегович,капитан,1,25
Новиков Степан Дмитриевич,полковник,3,56
Смирнов Никита Иванович,лейтенант,10,33
Морозов Виктор Алексеевич,капитан,7,27
Макаров Денис Иванович,капитан,5,39
Смирнов Андрей Никитич,майор,6,40
Морозов Андрей Алексеевич,сержант,5,18
Попов Виктор Никитич,рядовой,12,56
Смирнов Артём Ильич,лейтенант,2,40
Семёнов Степан Олегович,прапорщик,5,22
Андреев Роман Павлович,лейтенант,10,54
Соколов Илья Павлович,сержант,6,52
Петров Максим Кириллович,полковник,11,26
Семёнов Евгений Алексеевич,майор,6,29
Морозов Кирилл Юрьевич,майор,10,31
Никитин Илья Иванович,лейтенант,2,23
Попов Денис Викторович,лейтенант,10,55
Егоров Юрий Иванович,сержант,10,31
Кочергин Никита Викторович,майор,7,50
Борисов Матвей Михайлович,рядовой,2,43
Соловьёв Иван Сергеевич,лейтенант,6,27
Борисов Юрий Ильич,капитан,5,57
Андреев Никита Олегович,лейтенант,7,53
Морозов Евгений Алексеевич,сержант,10,53
Алексеев Кирилл Иванович,майор,5,48
Егоров Матвей Романович,полковник,8,40
Попов Кирилл Романович,капитан,4,57
Никитин Олег Максимович,прапорщик,11,25
Кочергин Иван Юрьевич,прапорщик,6,20
Семёнов Михаил Викторович,прапорщик,3,25
Попов Андрей Михайлович,капитан,5,30
Попов Кирилл Викторович,капитан,6,36
Фёдоров Максим Иванович,прапорщик,5,24
Семёнов Егор Михайлович,сержант,6,19
Иванов Степан Романович,прапорщик,10,18
Соловьёв Олег Максимович,рядовой,9,54
Егоров Константин Алексеевич,прапорщик,9,25
Николаев Евгений Сергеевич,майор,10,31
Козлов Илья Андреевич,прапорщик,6,25
Никитин Кирилл Александрович,рядовой,12,38
Смирнов Дмитрий Романович,прапорщик,10,19
Захаров Евгений Сергеевич,сержант,2,26
Зайцев Виктор Никитич,полковник,10,48
Павлов Степан Иванович,полковник,10,38
Макаров Андрей Иванович,капитан,5,42
Смирнов Денис Павлович,рядовой,11,46
Козлов Егор Алексеевич,сержант,3,51
Кочергин Кирилл Юрьевич,капитан,4,58
Павлов Виктор Викторович,сержант,9,59
Иванов Сергей Кириллович,прапорщик,8,21
Яковлев Евгений Сергеевич,рядовой,10,38
Козлов Денис Романович,полковник,4,36
Алексеев Андрей Михайлович,полковник,8,51
Кочергин Максим Никитич,лейтенант,4,45
Сидоров Илья Ильич,полковник,11,59
Фёдоров Михаил Викторович,капитан,11,23
Новиков Кирилл Кириллович,капитан,10,33
Попов Артём Андреевич,майор,4,56
Кочергин Иван Павлович,лейтенант,12,30
Лебедев Михаил Кириллович,майор,7,54
Козлов Максим Иванович,майор,11,19
Васильев Илья Алексеевич,полковник,10,36
Новиков Виктор Михайлович,майор,12,42
Кочергин Матвей Александрович,сержант,2,24
Морозов Артём Андреевич,рядовой,5,49
Морозов Виктор Сергеевич,прапорщик,5,52
Макаров Денис Иванович,полковник,6,59
Кочергин Михаил Павлович,сержант,8,22
Семёнов Кирилл Романович,полковник,11,47
Лебедев Кирилл Романович,майор,1,33
Смирнов Кирилл Михайлович,полковник,10,24
Фёдоров Илья Павлович,капитан,6,30
Соколов Виктор Никитич,прапорщик,5,33
Андреев Алексей Олегович,капитан,10,49
Зайцев Кирилл Алексеевич,капитан,4,23
Сидоров Артём Сергеевич,майор,3,44
Иванов Евгений Михайлович,прапорщик,4,38
Кузнецов Виктор Никитич,лейтенант,12,19
Лебедев Степан Ильич,лейтенант,7,56
Кочергин Егор Алексеевич,рядовой,7,39
Кочергин Павел Кириллович,капитан,8,47
Зайцев Максим Алексеевич,сержант,11,19
Кочергин Степан Андреевич,сержант,10,21
Захаров Михаил Романович,капитан,4,50
Фёдоров Егор Максимович,прапорщик,11,19
Никитин Матвей Андреевич,полковник,5,55
Кочергин Роман Дмитриевич,прапорщик,11,43
Сидоров Михаил Михайлович,капитан,5,53
Васильев Сергей Сергеевич,майор,8,59
Николаев Александр Викторович,сержант,10,58
Николаев Роман Андреевич,рядовой,10,57
Морозов Юрий Юрьевич,капитан,6,42
Козлов Олег Кириллович,майор,7,19
Павлов Михаил Юрьевич,капитан,2,57
Захаров Алексей Никитич,майор,1,58
Степанов Никита Никитич,майор,10,30
Андреев Никита Дмитриевич,капитан,8,46
Семёнов Евгений Сергеевич,полковник,9,55
Новиков Степан Кириллович,майор,7,30
Смирнов Максим Юрьевич,сержант,2,54
Морозов Роман Олегович,прапорщик,9,30
Васильев Егор Сергеевич,рядовой,10,58
Егоров Павел Максимович,сержант,4,38
Алексеев Сергей Викторович,лейтенант,6,53
Степанов Олег Сергеевич,капитан,10,54
Васильев Олег Максимович,полковник,3,26
Петров Денис Викторович,прапорщик,7,48
Семёнов Андрей Сергеевич,сержант,5,28
Морозов Евгений Алексеевич,капитан,8,32
Павлов Александр Викторович,рядовой,8,26
Никитин Андрей Максимович,майор,6,34
Егоров Дмитрий Павлович,лейтенант,8,53
Никитин Иван Никитич,майор,6,23
Михайлов Александр Максимович,капитан,10,50
Николаев Юрий Иванович,сержант,6,33
Васильев Павел Никитич,лейтенант,5,46
Никитин Олег Юрьевич,рядовой,1,39
Михайлов Максим Романович,рядовой,1,42
Лебедев Матвей Павлович,майор,12,48
Соловьёв Алексей Кириллович,лейтенант,1,34
Егоров Максим Викторович,лейтенант,6,50
Борисов Александр Романович,рядовой,9,55
Егоров Дмитрий Иванович,прапорщик,6,48
Новиков Егор Дмитриевич,лейтенант,12,52
Макаров Михаил Юрьевич,майор,12,53
Макаров Сергей Александрович,прапорщик,3,23
Кузнецов Иван Александрович,капитан,6,25
Козлов Никита Кириллович,рядовой,10,31
Егоров Юрий Сергеевич,лейтенант,9,43
Фёдоров Дмитрий Павлович,капитан,6,30
Павлов Сергей Кириллович,прапорщик,9,25
Фёдоров Максим Ильич,полковник,2,41
Сидоров Никита Ильич,лейтенант,10,27
Новиков Иван Юрьевич,прапорщик,1,38
Андреев Кирилл Ильич,прапорщик,2,52
Степанов Артём Иванович,капитан,2,35
Смирнов Матвей Викторович,лейтенант,1,24
Захаров Иван Кириллович,прапорщик,3,32
Кочергин Кирилл Ильич,полковник,8,60
Степанов Виктор Сергеевич,лейтенант,10,51
Егоров Иван Андреевич,лейтенант,10,29
Павлов Евгений Александрович,полковник,5,51
Смирнов Андрей Михайлович,полковник,12,40
Никитин Денис Викторович,полковник,10,36
Яковлев Олег Александрович,сержант,11,49
Яковлев Андрей Юрьевич,прапорщик,9,57
Макаров Матвей Павлович,рядовой,4,33
Смирнов Илья Михайлович,лейтенант,3,45
Павлов Егор Юрьевич,рядовой,11,28
Николаев Михаил Алексеевич,лейтенант,7,47
Соколов Евгений Михайлович,рядовой,6,26
Лебедев Никита Кириллович,рядовой,8,50
Морозов Максим Никитич,прапорщик,5,21
Фёдоров Сергей Ильич,сержант,5,32
Орлов Андрей Михайлович,полковник,6,28
Алексеев Дмитрий Михайлович,прапорщик,2,27
Морозов Виктор Кириллович,майор,10,39
Морозов Михаил Романович,капитан,4,30
Козлов Андрей Андреевич,майор,10,60
Фёдоров Сергей Юрьевич,полковник,11,60
Васильев Алексей Сергеевич,майор,10,28
Павлов Сергей Сергеевич,лейтенант,4,52
Лебедев Денис Дмитриевич,рядовой,2,45
Новиков Максим Сергеевич,капитан,7,43
Лебедев Артём Андреевич,сержант,8,49
Яковлев Матвей Максимович,лейтенант,8,52
Яковлев Виктор Никитич,капитан,5,22
Новиков Денис Кириллович,полковник,12,51
Соловьёв Роман Андреевич,прапорщик,2,19
Захаров Артём Максимович,рядовой,6,31
Васильев Сергей Александрович,майор,10,32
Козлов Никита Кириллович,лейтенант,3,43
Андреев Константин Никитич,прапорщик,11,26
Соловьёв Дмитрий Сергеевич,майор,10,47
Фёдоров Роман Ильич,полковник,1,52
Морозов Михаил Викторович,полковник,4,53
Алексеев Андрей Викторович,майор,8,39
Зайцев Роман Романович,майор,3,54
Васильев Денис Викторович,полковник,6,37
Петров Денис Викторович,сержант,4,49
Новиков Илья Викторович,рядовой,3,28
Новиков Павел Алексеевич,майор,9,47
Петров Кирилл Михайлович,полковник,8,27
Андреев Иван Сергеевич,лейтенант,10,40
Кочергин Юрий Романович,капитан,9,44
Фёдоров Артём Романович,капитан,3,40
Лебедев Денис Алексеевич,сержант,1,33
Борисов Юрий Сергеевич,лейтенант,2,23
Павлов Михаил Кириллович,сержант,4,28
Захаров Сергей Викторович,прапорщик,1,22
Егоров Кирилл Никитич,рядовой,8,40
Иванов Михаил Олегович,полковник,8,44
Новиков Юрий Михайлович,полковник,9,41
Смирнов Максим Юрьевич,рядовой,2,35
Орлов Евгений Алексеевич,лейтенант,3,19
Попов Михаил Андреевич,капитан,2,40
Петров Михаил Никитич,лейтенант,4,32
Борисов Александр Дмитриевич,прапорщик,12,21
Васильев Степан Романович,сержант,6,26
Орлов Максим Алексеевич,полковник,9,48
Фёдоров Сергей Викторович,прапорщик,11,28
Фёдоров Олег Сергеевич,прапорщик,8,45
Петров Иван Александрович,майор,11,57
Борисов Михаил Максимович,рядовой,11,52
Николаев Александр Олегович,сержант,6,30
Егоров Никита Андреевич,лейтенант,11,28
Семёнов Артём Александрович,лейтенант,5,32
Зайцев Юрий Дмитриевич,полковник,6,32
Соколов Никита Алексеевич,лейтенант,4,22
Николаев Степан Никитич,лейтенант,10,23
Семёнов Юрий Андреевич,капитан,2,47
Орлов Павел Александрович,майор,11,59
Козлов Олег Романович,полковник,3,33
Никитин Илья Викторович,капитан,9,39
Кочергин Матвей Алексеевич,рядовой,2,52
Борисов Иван Александрович,прапорщик,3,51
Соловьёв Михаил Кириллович,сержант,10,32
Соколов Константин Алексеевич,майор,6,46
Новиков Константин Иванович,капитан,10,38
Попов Андрей Кириллович,майор,11,56
Морозов Юрий Иванович,полковник,11,30
Макаров Александр Дмитриевич,прапорщик,6,43
Фёдоров Сергей Павлович,рядовой,6,60
Семёнов Олег Никитич,полковник,2,60
Соколов Олег Юрьевич,сержант,2,46
Яковлев Никита Павлович,прапорщик,5,52
Макаров Дмитрий Сергеевич,сержант,6,35
Кочергин Павел Дмитриевич,рядовой,7,29
Семёнов Кирилл Павлович,сержант,7,23
Зайцев Иван Михайлович,лейтенант,5,21
Алексеев Михаил Андреевич,лейтенант,3,29
Козлов Михаил Максимович,лейтенант,9,53
Борисов Алексей Сергеевич,капитан,2,21
Иванов Матвей Дмитриевич,сержант,1,47
Орлов Матвей Александрович,майор,11,23
Яковлев Артём Максимович,сержант,4,37
Новиков Алексей Викторович,сержант,6,59
Иванов Евгений Романович,капитан,3,23
Соловьёв Роман Дмитриевич,лейтенант,1,42
Соловьёв Иван Никитич,капитан,3,60
Никитин Максим Алексеевич,рядовой,11,30
Сидоров Павел Павлович,лейтенант,1,60
Новиков Павел Ильич,капитан,3,32
Сидоров Никита Ильич,прапорщик,1,55
Орлов Степан Сергеевич,рядовой,12,55
Егоров Егор Никитич,рядовой,6,41
Николаев Андрей Юрьевич,сержант,5,50
Смирнов Егор Дмитриевич,сержант,3,21
Фёдоров Иван Михайлович,прапорщик,9,42
Зайцев Виктор Викторович,прапорщик,9,57
Сидоров Юрий Ильич,лейтенант,1,25
Макаров Михаил Юрьевич,лейтенант,2,33
Павлов Матвей Иванович,полковник,8,31
Фёдоров Кирилл Александрович,сержант,4,44
Егоров Павел Андреевич,капитан,4,29
Михайлов Юрий Никитич,прапорщик,4,46
Петров Артём Андреевич,лейтенант,10,55
Сидоров Константин Романович,капитан,11,24
Морозов Дмитрий Сергеевич,капитан,11,31
Лебедев Иван Максимович,прапорщик,1,39
Макаров Кирилл Юрьевич,майор,10,40
Кузнецов Олег Алексеевич,лейтенант,5,47
Иванов Артём Павлович,сержант,7,47
Соколов Сергей Олегович,полковник,7,43
Алексеев Виктор Максимович,сержант,6,53
Попов Алексей Дмитриевич,майор,3,44
Зайцев Кирилл Алексеевич,лейтенант,10,38
Соловьёв Константин Кириллович,майор,2,19
Васильев Роман Алексеевич,капитан,2,33
Егоров Илья Александрович,сержант,7,28
Семёнов Роман Алексеевич,прапорщик,3,44
Алексеев Егор Михайлович,сержант,8,25
Кузнецов Олег Никитич,полковник,5,54
Кузнецов Юрий Романович,сержант,4,18
Васильев Степан Сергеевич,капитан,4,36
Соколов Артём Алексеевич,прапорщик,12,31
Егоров Роман Андреевич,полковник,6,36
Соловьёв Артём Александрович,лейтенант,7,21
Кузнецов Максим Викторович,сержант,4,38
Макаров Роман Иванович,рядовой,5,54
Васильев Дмитрий Иванович,прапорщик,11,25
Лебедев Михаил Олегович,полковник,9,38
Смирнов Юрий Максимович,капитан,7,29
Кузнецов Сергей Сергеевич,лейтенант,9,52
Лебедев Павел Максимович,сержант,10,24
Смирнов Михаил Юрьевич,капитан,2,58
Морозов Максим Олегович,полковник,12,32
Соколов Степан Ильич,полковник,10,32
Петров Андрей Никитич,рядовой,9,33
Кочергин Степан Иванович,рядовой,6,26
Борисов Михаил Сергеевич,рядовой,2,28
Петров Иван Кириллович,рядовой,12,58
Яковлев Роман Михайлович,прапорщик,8,60
Николаев Константин Михайлович,рядовой,6,54
Степанов Павел Викторович,майор,9,45
Макаров Константин Кириллович,майор,3,49
Андреев Сергей Иванович,капитан,4,49
Козлов Сергей Алексеевич,рядовой,4,43
Макаров Степан Викторович,сержант,12,48
Фёдоров Алексей Викторович,майор,2,46
Кочергин Олег Ильич,капитан,1,37
Зайцев Андрей Михайлович,прапорщик,6,25
Алексеев Сергей Иванович,майор,3,35
Кузнецов Никита Андреевич,прапорщик,10,58
Макаров Степан Викторович,рядовой,7,39
Васильев Андрей Никитич,рядовой,3,55
Васильев Сергей Никитич,прапорщик,2,25
Михайлов Максим Максимович,майор,10,45
Соловьёв Артём Максимович,прапорщик,4,43
Андреев Никита Юрьевич,лейтенант,8,45
Макаров Денис Сергеевич,капитан,1,30
Павлов Андрей Романович,майор,7,52
Борисов Михаил Алексеевич,прапорщик,8,54
Лебедев Михаил Олегович,сержант,6,37
Сидоров Никита Андреевич,капитан,11,21
Фёдоров Иван Андреевич,лейтенант,4,46
Сидоров Максим Павлович,капитан,10,55
Попов Максим Максимович,прапорщик,1,35
Смирнов Матвей Юрьевич,рядовой,9,48
Степанов Никита Сергеевич,лейтенант,6,57
Соколов Егор Дмитриевич,рядовой,3,19
Семёнов Максим Юрьевич,майор,11,25
Соколов Алексей Александрович,лейтенант,5,27
Алексеев Матвей Павлович,полковник,9,33
Семёнов Виктор Викторович,сержант,11,44
Новиков Алексей Сергеевич,лейтенант,7,19
Морозов Роман Максимович,капитан,12,51
Егоров Андрей Иванович,майор,7,34
Попов Юрий Александрович,майор,7,29
Петров Дмитрий Викторович,лейтенант,4,60
Новиков Павел Ильич,рядовой,10,48
Попов Виктор Юрьевич,полковник,11,48
Николаев Матвей Кириллович,сержант,3,22
Никитин Евгений Олегович,сержант,3,31
Алексеев Максим Сергеевич,полковник,5,58
Макаров Константин Иванович,капитан,4,20
Иванов Александр Ильич,майор,12,38
Павлов Степан Кириллович,полковник,11,40
Егоров Степан Кириллович,капитан,10,32
Фёдоров Егор Кириллович,лейтенант,12,52
Орлов Михаил Сергеевич,сержант,2,22
Смирнов Константин Викторович,рядовой,1,47
Кочергин Денис Андреевич,рядовой,1,60
Захаров Егор Сергеевич,сержант,12,44
Егоров Денис Александрович,капитан,8,56
Захаров Денис Викторович,сержант,5,36
Смирнов Олег Юрьевич,сержант,3,56
Андреев Александр Кириллович,рядовой,12,59
Николаев Андрей Олегович,майор,9,34
Васильев Кирилл Михайлович,майор,4,20
Сидоров Денис Андреевич,капитан,7,37
Соколов Павел Михайлович,сержант,9,20
Морозов Павел Романович,капитан,8,39
Фёдоров Андрей Иванович,рядовой,12,36
Николаев Роман Сергеевич,полковник,10,28
Новиков Виктор Романович,прапорщик,11,30
Попов Кирилл Александрович,сержант,12,28
Соколов Олег Андреевич,полковник,8,30
Николаев Павел Сергеевич,лейтенант,9,33
Захаров Сергей Ильич,лейтенант,11,32
Кузнецов Дмитрий Ильич,прапорщик,8,52
Морозов Дмитрий Сергеевич,майор,3,54
Яковлев Константин Александрович,капитан,7,29
Иванов Сергей Дмитриевич,рядовой,6,32
Павлов Илья Иванович,сержант,9,26
Иванов Александр Максимович,полковник,3,27
Лебедев Дмитрий Сергеевич,полковник,12,56
Степанов Матвей Олегович,майор,9,45
Сидоров Павел Никитич,полковник,12,42
Лебедев Максим Максимович,майор,8,30
Кузнецов Олег Максимович,полковник,3,39
Захаров Андрей Кириллович,рядовой,1,31
Козлов Иван Иванович,прапорщик,4,21
Семёнов Виктор Ильич,полковник,6,20
Соколов Артём Дмитриевич,сержант,4,22
Николаев Матвей Алексеевич,полковник,2,28
Лебедев Алексей Ильич,лейтенант,1,26
Морозов Илья Андреевич,лейтенант,4,34
Новиков Павел Ильич,лейтенант,11,22
Алексеев Виктор Андреевич,рядовой,3,40
Алексеев Егор Алексеевич,рядовой,9,50
Алексеев Артём Алексеевич,полковник,7,26
Соловьёв Максим Сергеевич,рядовой,1,56
Зайцев Олег Максимович,майор,11,47
Иванов Михаил Никитич,майор,1,48
Петров Александр Олегович,капитан,4,31
Михайлов Иван Иванович,сержант,5,25
Сидоров Андрей Кириллович,прапорщик,10,27
Попов Дмитрий Юрьевич,рядовой,9,50
Макаров Артём Никитич,прапорщик,5,47
Семёнов Никита Кириллович,полковник,9,42
Васильев Илья Дмитриевич,рядовой,6,40
Борисов Виктор Олегович,лейтенант,8,32
Кузнецов Роман Кириллович,рядовой,10,31
Никитин Константин Романович,прапорщик,10,33
Морозов Алексей Дмитриевич,полковник,12,37
Новиков Константин Максимович,лейтенант,11,54
Смирнов Илья Павлович,полковник,11,58
Сидоров Артём Максимович,лейтенант,5,35
Васильев Никита Юрьевич,сержант,8,35
Соловьёв Андрей Никитич,сержант,4,23
Соловьёв Роман Ильич,майор,4,27
Николаев Андрей Михайлович,майор,7,22
Новиков Михаил Викторович,сержант,1,50
Алексеев Егор Павлович,рядовой,10,52
Андреев Виктор Сергеевич,майор,4,38
Павлов Иван Сергеевич,рядовой,1,30
Никитин Матвей Иванович,сержант,12,26
Морозов Дмитрий Андреевич,рядовой,11,58
Николаев Юрий Ильич,рядовой,4,32
Смирнов Константин Юрьевич,полковник,2,40
Зайцев Максим Романович,полковник,6,47
Макаров Константин Олегович,прапорщик,12,52
Соловьёв Иван Никитич,сержант,11,41
Николаев Сергей Никитич,полковник,11,53
Козлов Виктор Павлович,капитан,5,31
Макаров Сергей Максимович,капитан,2,58
Павлов Илья Юрьевич,прапорщик,4,57
Захаров Кирилл Сергеевич,сержант,5,44
Степанов Юрий Сергеевич,прапорщик,2,48
Козлов Андрей Юрьевич,прапорщик,3,48
Егоров Матвей Михайлович,рядовой,12,48
Кочергин Кирилл Павлович,рядовой,8,57
Кузнецов Илья Александрович,майор,4,29
Михайлов Артём Кириллович,майор,12,36
Соколов Степан Дмитриевич,сержант,4,30
Степанов Егор Никитич,рядовой,6,59
Зайцев Константин Викторович,рядовой,6,25
Новиков Сергей Юрьевич,рядовой,3,23
Никитин Дмитрий Романович,сержант,7,47
Соловьёв Виктор Михайлович,сержант,1,60
Степанов Иван Михайлович,рядовой,4,58
Васильев Денис Максимович,лейтенант,11,43
Кузнецов Олег Кириллович,прапорщик,12,43
Павлов Денис Иванович,лейтенант,10,47
Яковлев Артём Дмитриевич,майор,10,45
Зайцев Константин Александрович,рядовой,3,53
Андреев Михаил Романович,капитан,6,48
Козлов Юрий Олегович,капитан,12,32
Алексеев Иван Ильич,рядовой,1,25
Михайлов Михаил Павлович,лейтенант,2,52
Павлов Евгений Павлович,лейтенант,6,51
Лебедев Андрей Кириллович,капитан,8,52
Яковлев Юрий Никитич,лейтенант,8,23
Васильев Илья Дмитриевич,прапорщик,8,55
Новиков Алексей Михайлович,сержант,7,20
Петров Роман Павлович,майор,11,42
Васильев Юрий Никитич,прапорщик,3,33
Лебедев Евгений Максимович,прапорщик,6,50
Соколов Андрей Андреевич,майор,2,23
Лебедев Юрий Павлович,сержант,6,47
Алексеев Сергей Олегович,сержант,2,22
Борисов Никита Ильич,майор,4,47
Фёдоров Виктор Никитич,капитан,11,41
Егоров Максим Сергеевич,рядовой,1,50
Семёнов Михаил Кириллович,капитан,10,33
Козлов Максим Максимович,лейтенант,10,24
Васильев Никита Ильич,майор,11,54
Козлов Евгений Михайлович,прапорщик,3,37
Михайлов Степан Никитич,прапорщик,9,44
Никитин Алексей Викторович,лейтенант,4,26
Орлов Роман Никитич,рядовой,10,21
Орлов Артём Андреевич,сержант,7,52
Попов Матвей Никитич,майор,12,33
Сидоров Матвей Сергеевич,прапорщик,9,33
Кузнецов Матвей Александрович,капитан,8,42
Иванов Андрей Олегович,рядовой,7,59
Соколов Иван Олегович,лейтенант,5,33
Иванов Матвей Андреевич,полковник,11,56
Соловьёв Сергей Максимович,рядовой,1,28
Козлов Матвей Максимович,лейтенант,6,33
Кочергин Александр Викторович,капитан,7,34
Иванов Александр Андреевич,полковник,9,23
Морозов Матвей Сергеевич,полковник,1,59
Сидоров Евгений Павлович,майор,12,55
Смирнов Никита Андреевич,лейтенант,4,20
Яковлев Роман Андреевич,капитан,6,34
Михайлов Алексей Иванович,майор,11,27
Смирнов Михаил Павлович,лейтенант,7,51
Михайлов Сергей Романович,рядовой,9,19
Егоров Кирилл Олегович,капитан,6,25
Новиков Матвей Михайлович,капитан,5,41
Кузнецов Иван Алексеевич,капитан,11,22
Козлов Константин Максимович,лейтенант,12,40
Орлов Михаил Викторович,прапорщик,12,57
Морозов Дмитрий Максимович,сержант,4,48
Попов Евгений Андреевич,прапорщик,7,25
Васильев Виктор Максимович,рядовой,8,47
Егоров Денис Михайлович,рядовой,8,52
Захаров Артём Дмитриевич,капитан,4,50
Лебедев Александр Дмитриевич,капитан,11,39
Козлов Денис Никитич,прапорщик,9,60
Никитин Константин Сергеевич,прапорщик,5,51
Васильев Максим Александрович,прапорщик,9,22
Макаров Артём Ильич,сержант,6,20
Сидоров Никита Дмитриевич,капитан,8,53
Павлов Юрий Олегович,лейтенант,10,28
Сидоров Сергей Михайлович,прапорщик,3,56
Павлов Матвей Викторович,сержант,11,56
Соловьёв Егор Александрович,капитан,6,26
Смирнов Алексей Романович,капитан,10,23
Лебедев Константин Никитич,прапорщик,12,35
Павлов Никита Михайлович,сержант,10,59
Никитин Кирилл Кириллович,полковник,6,52
Иванов Андрей Романович,полковник,9,27
Фёдоров Евгений Александрович,прапорщик,9,23
Соколов Кирилл Дмитриевич,прапорщик,11,43
Васильев Алексей Михайлович,полковник,6,32
Козлов Олег Алексеевич,полковник,3,59
Семёнов Максим Максимович,рядовой,12,42
Захаров Максим Алексеевич,майор,2,51
Соловьёв Андрей Александрович,сержант,8,56
Никитин Олег Никитич,капитан,1,39
Соколов Дмитрий Иванович,майор,6,35
Смирнов Максим Олегович,сержант,3,50
Попов Матвей Андреевич,капитан,3,34
Андреев Алексей Михайлович,капитан,5,40
Павлов Олег Алексеевич,майор,10,58
Степанов Дмитрий Максимович,прапорщик,5,30
Алексеев Егор Максимович,капитан,1,20
Сидоров Денис Александрович,рядовой,8,19
Васильев Михаил Максимович,полковник,8,59
Андреев Иван Викторович,прапорщик,10,18
Новиков Павел Максимович,капитан,4,50
Орлов Степан Ильич,майор,6,55
Михайлов Дмитрий Иванович,прапорщик,8,52
Яковлев Виктор Сергеевич,капитан,11,21
Борисов Виктор Романович,полковник,5,43
Соколов Константин Викторович,сержант,1,24
Макаров Никита Романович,капитан,3,47
Орлов Олег Александрович,рядовой,11,45
Андреев Дмитрий Никитич,сержант,12,33
Смирнов Олег Максимович,сержант,4,26
Алексеев Алексей Ильич,полковник,4,58
Зайцев Иван Александрович,рядовой,11,36
Фёдоров Матвей Викторович,майор,6,54
Макаров Евгений Александрович,капитан,7,37
Борисов Иван Андреевич,рядовой,5,52
Николаев Кирилл Дмитриевич,полковник,12,44
Зайцев Павел Павлович,полковник,3,25
Алексеев Александр Викторович,майор,7,36
Алексеев Виктор Андреевич,рядовой,3,18
Алексеев Матвей Александрович,рядовой,5,50
Соколов Виктор Ильич,сержант,10,35
Андреев Егор Михайлович,прапорщик,10,38
Алексеев Степан Андреевич,прапорщик,9,48
Соколов Александр Дмитриевич,рядовой,2,39
Соколов Степан Алексеевич,лейтенант,12,52
Козлов Юрий Иванович,майор,3,23
Попов Константин Михайлович,полковник,3,32
Зайцев Виктор Юрьевич,полковник,5,34
Попов Сергей Ильич,майор,2,36
Морозов Илья Дмитриевич,капитан,3,57
Степанов Александр Юрьевич,рядовой,10,56
Смирнов Дмитрий Ильич,капитан,9,29
Новиков Павел Михайлович,капитан,1,28
Андреев Егор Михайлович,полковник,9,22
Попов Илья Никитич,капитан,1,36
Морозов Константин Викторович,лейтенант,12,40
Орлов Никита Сергеевич,прапорщик,2,29
Васильев Илья Павлович,рядовой,5,53
Захаров Александр Максимович,полковник,5,42
Николаев Олег Павлович,лейтенант,11,56
Борисов Сергей Дмитриевич,рядовой,1,28
Соколов Александр Иванович,рядовой,10,59
Яковлев Михаил Викторович,майор,7,38
Егоров Роман Никитич,прапорщик,1,54
Семёнов Дмитрий Андреевич,капитан,2,20
Семёнов Кирилл Максимович,полковник,9,57
Морозов Дмитрий Алексеевич,полковник,7,31
Иванов Дмитрий Викторович,капитан,11,53
Андреев Михаил Юрьевич,рядовой,4,46
Павлов Никита Юрьевич,сержант,12,59
Иванов Илья Александрович,прапорщик,6,39
Михайлов Алексей Юрьевич,прапорщик,6,30
Кузнецов Александр Алексеевич,капитан,8,18
Петров Юрий Викторович,капитан,8,21
Макаров Константин Юрьевич,прапорщик,11,41
Соколов Илья Ильич,майор,10,54
Зайцев Олег Романович,полковник,10,29
Васильев Юрий Александрович,лейтенант,3,57
Кузнецов Андрей Павлович,сержант,7,38
Зайцев Константин Андреевич,сержант,3,48
Зайцев Олег Кириллович,сержант,2,54
Соколов Матвей Кириллович,капитан,9,31
Николаев Егор Никитич,майор,3,33
Зайцев Илья Кириллович,полковник,5,31
Иванов Олег Дмитриевич,полковник,12,54
Новиков Максим Александрович,лейтенант,8,23
Морозов Кирилл Олегович,майор,2,45
Никитин Юрий Михайлович,полковник,7,45
Павлов Иван Романович,майор,9,37
Кузнецов Илья Алексеевич,прапорщик,4,45
Степанов Роман Сергеевич,полковник,4,46
Кузнецов Алексей Викторович,полковник,1,34
Морозов Андрей Андреевич,майор,11,56
Соловьёв Роман Алексеевич,сержант,11,58
Никитин Денис Дмитриевич,капитан,12,57
Степанов Дмитрий Юрьевич,полковник,12,34
Соловьёв Евгений Сергеевич,лейтенант,10,34
Никитин Алексей Александрович,лейтенант,5,55
Петров Кирилл Олегович,полковник,1,18
Зайцев Олег Иванович,капитан,7,18
Сидоров Егор Юрьевич,майор,5,45
Смирнов Константин Ильич,прапорщик,9,51
Кузнецов Денис Дмитриевич,сержант,11,22
Зайцев Денис Андреевич,прапорщик,11,28
Захаров Кирилл Юрьевич,полковник,4,29
Смирнов Константин Ильич,лейтенант,10,21
Козлов Иван Викторович,прапорщик,11,43
Николаев Павел Кириллович,сержант,2,50
Васильев Михаил Ильич,рядовой,9,43
Морозов Павел Алексеевич,полковник,3,44
Кочергин Артём Михайлович,рядовой,12,49
Попов Сергей Александрович,майор,12,56
Лебедев Андрей Никитич,полковник,7,21
Иванов Юрий Алексеевич,полковник,9,31
Васильев Матвей Сергеевич,сержант,4,30
Смирнов Андрей Кириллович,сержант,9,27
Попов Михаил Павлович,рядовой,1,30
Андреев Артём Романович,рядовой,12,31
Смирнов Павел Ильич,прапорщик,11,34
Новиков Виктор Михайлович,капитан,11,45
Макаров Юрий Никитич,майор,4,39
Сидоров Илья Романович,лейтенант,6,30
Борисов Денис Алексеевич,рядовой,2,42
Борисов Илья Ильич,рядовой,3,54
Никитин Андрей Кириллович,лейтенант,9,49
Иванов Егор Александрович,полковник,10,50
Кочергин Кирилл Павлович,прапорщик,3,53
Кузнецов Степан Александрович,полковник,1,32
Смирнов Михаил Алексеевич,капитан,4,55
Яковлев Иван Кириллович,полковник,5,37
Николаев Роман Александрович,полковник,2,32
Орлов Алексей Викторович,капитан,10,45
Смирнов Артём Олегович,рядовой,12,48
Орлов Алексей Олегович,прапорщик,2,32
Кочергин Илья Михайлович,майор,9,47
Иванов Кирилл Сергеевич,сержант,10,22
Яковлев Кирилл Никитич,лейтенант,10,40
Иванов Илья Ильич,полковник,6,43
Михайлов Виктор Кириллович,прапорщик,5,35
Смирнов Михаил Ильич,полковник,11,28
Андреев Кирилл Никитич,майор,11,28
Макаров Кирилл Ильич,рядовой,3,55
Павлов Олег Викторович,рядовой,8,51
Андреев Роман Романович,прапорщик,1,55
Андреев Дмитрий Никитич,капитан,5,28
Смирнов Олег Александрович,рядовой,1,50
Козлов Степан Павлович,майор,3,52
Соколов Илья Викторович,сержант,10,58
Соловьёв Матвей Алексеевич,прапорщик,6,32
Соколов Кирилл Юрьевич,лейтенант,6,46
Никитин Никита Кириллович,прапорщик,9,44
Лебедев Сергей Алексеевич,капитан,10,43
Алексеев Никита Романович,капитан,12,21
Соловьёв Артём Романович,лейтенант,3,24
Иванов Андрей Романович,капитан,5,46
Новиков Денис Андреевич,сержант,7,59
Кузнецов Матвей Иванович,лейтенант,11,39
Яковлев Дмитрий Сергеевич,прапорщик,5,57
Павлов Константин Иванович,майор,3,27
Никитин Александр Павлович,прапорщик,2,56
Соловьёв Алексей Дмитриевич,сержант,8,24
Смирнов Илья Ильич,капитан,8,29
Лебедев Егор Сергеевич,рядовой,7,45
Лебедев Артём Ильич,прапорщик,5,45
Никитин Роман Александрович,рядовой,6,45
Зайцев Константин Максимович,сержант,9,20
Макаров Александр Алексеевич,сержант,6,31
Новиков Степан Михайлович,лейтенант,6,53
Захаров Сергей Иванович,капитан,12,35
Захаров Иван Дмитриевич,прапорщик,8,30
Яковлев Денис Ильич,рядовой,1,37
Егоров Александр Олегович,полковник,7,33
Степанов Максим Максимович,майор,10,55
Фёдоров Виктор Алексеевич,сержант,3,54
Лебедев Иван Александрович,рядовой,9,60
Петров Сергей Юрьевич,капитан,10,35
Козлов Павел Павлович,рядовой,12,57
Морозов Михаил Олегович,рядовой,6,34
Павлов Александр Романович,сержант,6,47
Новиков Андрей Максимович,капитан,4,23
Козлов Артём Никитич,лейтенант,5,60
Егоров Павел Павлович,лейтенант,7,52
Иванов Иван Никитич,рядовой,2,32
Попов Павел Олегович,прапорщик,11,23
Кочергин Андрей Александрович,капитан,6,58
Сидоров Виктор Иванович,полковник,10,35
Яковлев Денис Ильич,лейтенант,5,46
Орлов Никита Викторович,лейтенант,6,30
Михайлов Дмитрий Кириллович,полковник,4,29
Морозов Артём Ильич,лейтенант,9,49
Петров Степан Максимович,майор,3,41
Никитин Михаил Михайлович,сержант,5,21
Петров Сергей Сергеевич,лейтенант,10,52
Борисов Роман Павлович,майор,9,36
Егоров Александр Павлович,полковник,3,24
Семёнов Иван Андреевич,полковник,5,32
Васильев Матвей Дмитриевич,полковник,3,36
Морозов Евгений Максимович,полковник,5,40
Морозов Роман Максимович,сержант,1,44
Егоров Юрий Иванович,рядовой,9,41
Зайцев Егор Кириллович,рядовой,10,58
Егоров Денис Павлович,сержант,4,56
Андреев Дмитрий Дмитриевич,прапорщик,9,26
Новиков Егор Александрович,прапорщик,8,32
Егоров Алексей Иванович,полковник,10,20
Николаев Егор Андреевич,рядовой,1,56
Николаев Степан Викторович,прапорщик,7,53
Иванов Роман Иванович,капитан,9,37
Орлов Павел Андреевич,прапорщик,1,23
Михайлов Павел Иванович,сержант,7,56
Борисов Олег Романович,лейтенант,7,52
Макаров Иван Михайлович,лейтенант,4,60
Алексеев Артём Никитич,капитан,2,27
Макаров Егор Андреевич,рядовой,9,50
Фёдоров Павел Ильич,капитан,4,27
Зайцев Павел Павлович,рядовой,12,22
Зайцев Роман Викторович,рядовой,12,53
Кочергин Алексей Иванович,лейтенант,5,36
Андреев Константин Дмитриевич,лейтенант,5,44
Соловьёв Илья Максимович,прапорщик,8,46
Николаев Денис Кириллович,прапорщик,4,44
Степанов Максим Никитич,капитан,7,46
Семёнов Павел Сергеевич,полковник,6,29
Никитин Евгений Алексеевич,рядовой,7,43
Алексеев Андрей Ильич,лейтенант,3,57
Орлов Степан Максимович,майор,8,21
Васильев Матвей Ильич,рядовой,12,46
Попов Андрей Александрович,полковник,4,41
Зайцев Александр Александрович,капитан,8,43
Андреев Максим Павлович,полковник,2,55
Кузнецов Иван Иванович,рядовой,3,57
Смирнов Александр Андреевич,капитан,2,30
Сидоров Михаил Олегович,полковник,11,55
Орлов Евгений Никитич,лейтенант,9,32
Смирнов Максим Михайлович,сержант,12,39
Петров Никита Викторович,капитан,4,28
Васильев Сергей Михайлович,рядовой,3,47
Павлов Виктор Романович,прапорщик,5,37
Фёдоров Евгений Юрьевич,прапорщик,4,33
Попов Илья Юрьевич,полковник,8,53
Борисов Иван Михайлович,лейтенант,12,52
Новиков Виктор Андреевич,прапорщик,6,33
Зайцев Илья Сергеевич,полковник,12,21
Кузнецов Иван Максимович,рядовой,7,55
Кочергин Степан Олегович,полковник,6,41
Смирнов Евгений Максимович,прапорщик,3,47
Никитин Андрей Юрьевич,рядовой,6,57
Соловьёв Михаил Дмитриевич,сержант,10,53
Орлов Александр Андреевич,капитан,11,26
Кочергин Егор Никитич,полковник,9,25
Никитин Андрей Олегович,капитан,1,45
Андреев Евгений Ильич,майор,10,50
Попов Денис Михайлович,полковник,2,40
Егоров Матвей Иванович,прапорщик,7,20
Новиков Сергей Никитич,полковник,4,44
Макаров Егор Иванович,рядовой,12,19
Андреев Егор Олегович,лейтенант,1,19
Соколов Дмитрий Максимович,прапорщик,2,60
Кочергин Матвей Ильич,полковник,6,56
Егоров Степан Романович,полковник,6,43
Семёнов Никита Ильич,рядовой,4,48
Борисов Дмитрий Андреевич,рядовой,11,23
Николаев Михаил Дмитриевич,майор,3,51
Смирнов Артём Сергеевич,майор,11,53
Захаров Егор Максимович,лейтенант,1,60
Смирнов Илья Никитич,прапорщик,10,55
Алексеев Дмитрий Юрьевич,лейтенант,2,18
Новиков Степан Сергеевич,полковник,2,35
Новиков Денис Никитич,прапорщик,3,23
Алексеев Константин Дмитриевич,майор,10,41
Фёдоров Илья Викторович,прапорщик,2,28
Яковлев Константин Романович,капитан,6,51
Павлов Юрий Алексеевич,сержант,10,37
Макаров Олег Максимович,полковник,12,27
Орлов Роман Алексеевич,лейтенант,10,19
Иванов Кирилл Максимович,капитан,10,26
Морозов Кирилл Александрович,майор,4,42
Алексеев Илья Андреевич,капитан,4,31
Кочергин Илья Кириллович,капитан,3,41
Лебедев Сергей Максимович,прапорщик,11,52
Новиков Егор Михайлович,лейтенант,11,23
Зайцев Матвей Сергеевич,прапорщик,3,33
Петров Роман Кириллович,полковник,8,30
Алексеев Михаил Дмитриевич,капитан,4,44
Попов Константин Викторович,сержант,2,21
Егоров Никита Александрович,сержант,8,30
Соловьёв Олег Андреевич,лейтенант,6,54
Семёнов Юрий Сергеевич,рядовой,10,29
Егоров Олег Юрьевич,прапорщик,9,18
Егоров Сергей Михайлович,сержант,4,50
Фёдоров Иван Олегович,капитан,2,36
Степанов Константин Максимович,лейтенант,1,33
Андреев Илья Никитич,майор,5,41
Кочергин Егор Александрович,рядовой,5,35
Иванов Степан Александрович,майор,2,35
Васильев Михаил Викторович,майор,12,42
Яковлев Иван Андреевич,лейтенант,8,30
Степанов Алексей Юрьевич,майор,2,40
Морозов Евгений Ильич,прапорщик,12,58
Петров Денис Максимович,полковник,7,56
Соколов Иван Никитич,майор,3,44
Смирнов Егор Иванович,рядовой,10,25
Петров Роман Алексеевич,рядовой,3,26
Орлов Александр Викторович,капитан,11,33
Орлов Евгений Никитич,капитан,3,53
Яковлев Юрий Андреевич,майор,11,48
Соловьёв Михаил Михайлович,капитан,8,18
Зайцев Юрий Иванович,сержант,11,19
Захаров Юрий Алексеевич,лейтенант,7,32
Алексеев Михаил Кириллович,рядовой,9,22
Соловьёв Степан Максимович,рядовой,5,41
Смирнов Артём Андреевич,сержант,2,60
Степанов Юрий Сергеевич,майор,11,37
Андреев Иван Дмитриевич,капитан,2,51
Борисов Дмитрий Никитич,лейтенант,5,50
Захаров Артём Романович,капитан,3,19
Яковлев Дмитрий Ильич,прапорщик,1,60
Новиков Дмитрий Дмитриевич,майор,5,55
Орлов Егор Ильич,рядовой,11,33
Новиков Сергей Романович,прапорщик,6,51
Петров Денис Юрьевич,прапорщик,5,53
Морозов Юрий Алексеевич,лейтенант,7,29
Соловьёв Денис Кириллович,рядовой,1,37
Егоров Александр Сергеевич,рядовой,4,58
Захаров Олег Дмитриевич,лейтенант,8,22
Кузнецов Алексей Кириллович,полковник,11,23
Борисов Кирилл Дмитриевич,сержант,11,47
Николаев Михаил Романович,майор,8,28
Соколов Константин Никитич,сержант,2,36
Попов Никита Кириллович,полковник,9,54
Фёдоров Дмитрий Олегович,прапорщик,3,48
Борисов Роман Кириллович,капитан,11,47
Кузнецов Кирилл Алексеевич,капитан,3,59
Козлов Матвей Викторович,капитан,8,37
Соколов Евгений Никитич,прапорщик,3,41
Лебедев Александр Юрьевич,рядовой,11,28
Андреев Евгений Ильич,рядовой,9,25
Макаров Евгений Сергеевич,прапорщик,2,40
Андреев Константин Ильич,сержант,11,55
Сидоров Виктор Павлович,лейтенант,7,33
Соколов Егор Иванович,рядовой,1,24
Михайлов Михаил Андреевич,капитан,6,37
Петров Сергей Иванович,полковник,10,51
Новиков Андрей Алексеевич,рядовой,7,49
Новиков Илья Сергеевич,капитан,6,43
Борисов Андрей Александрович,лейтенант,1,58
Зайцев Степан Алексеевич,прапорщик,10,51
Егоров Сергей Сергеевич,прапорщик,8,30
Морозов Евгений Иванович,капитан,8,23
Кузнецов Иван Юрьевич,майор,3,54
Зайцев Егор Викторович,прапорщик,10,38
Соловьёв Иван Алексеевич,капитан,10,31
Михайлов Матвей Иванович,рядовой,7,28
Борисов Кирилл Ильич,майор,3,35
Алексеев Роман Павлович,лейтенант,12,44
Новиков Виктор Романович,лейтенант,1,37
Кочергин Юрий Максимович,капитан,6,49
Захаров Александр Максимович,полковник,1,33
Михайлов Степан Кириллович,лейтенант,3,29
Попов Иван Дмитриевич,лейтенант,5,29
Семёнов Денис Сергеевич,капитан,3,49
Козлов Константин Романович,лейтенант,4,57
Андреев Артём Сергеевич,сержант,11,44
Андреев Константин Романович,полковник,4,44
Николаев Виктор Андреевич,сержант,12,26
Макаров Константин Олегович,сержант,1,32
Степанов Константин Олегович,полковник,11,45
Семёнов Андрей Кириллович,лейтенант,12,40
Кочергин Никита Иванович,прапорщик,6,42
Морозов Дмитрий Викторович,прапорщик,8,56
Павлов Максим Александрович,майор,9,31
Андреев Константин Сергеевич,капитан,3,48
Смирнов Степан Андреевич,прапорщик,4,50
Егоров Михаил Юрьевич,полковник,9,47
Макаров Никита Дмитриевич,капитан,10,52
Никитин Егор Павлович,лейтенант,5,49
Петров Сергей Олегович,рядовой,3,41
Михайлов Степан Павлович,сержант,10,43
Павлов Константин Александрович,рядовой,6,29
Михайлов Иван Иванович,полковник,12,46
Степанов Виктор Дмитриевич,майор,6,57
Макаров Михаил Кириллович,капитан,4,54
Михайлов Матвей Дмитриевич,лейтенант,10,59
Морозов Дмитрий Александрович,лейтенант,6,24
Морозов Виктор Александрович,лейтенант,1,53
Лебедев Юрий Дмитриевич,прапорщик,12,55
Попов Артём Никитич,полковник,7,46
Борисов Роман Сергеевич,прапорщик,6,28
Андреев Егор Ильич,сержант,5,51
Семёнов Степан Павлович,полковник,9,40
Кузнецов Никита Никитич,рядовой,1,50
Петров Константин Романович,полковник,8,56
Кочергин Константин Михайлович,сержант,2,22
Попов Юрий Олегович,лейтенант,6,29
Кочергин Матвей Александрович,лейтенант,8,45
Кузнецов Максим Викторович,майор,3,25
Иванов Александр Михайлович,рядовой,8,54
Соловьёв Артём Иванович,майор,3,19
Никитин Юрий Никитич,майор,1,31
Орлов Константин Александрович,полковник,12,23
Соловьёв Виктор Михайлович,майор,1,33
Михайлов Матвей Юрьевич,рядовой,4,43
Яковлев Евгений Павлович,капитан,7,59
Морозов Илья Никитич,лейтенант,4,33
Сидоров Денис Олегович,сержант,4,30
Никитин Никита Михайлович,полковник,9,25
Кузнецов Дмитрий Дмитриевич,рядовой,5,57
Андреев Максим Дмитриевич,рядовой,2,58
Лебедев Илья Дмитриевич,лейтенант,9,22
Никитин Константин Андреевич,прапорщик,11,47
Иванов Евгений Никитич,капитан,6,26
Захаров Виктор Ильич,майор,10,56
Иванов Павел Александрович,полковник,7,34
Андреев Дмитрий Михайлович,капитан,7,23
Васильев Дмитрий Романович,лейтенант,3,38
Попов Иван Кириллович,капитан,10,18
Алексеев Иван Дмитриевич,прапорщик,12,42
Никитин Михаил Ильич,прапорщик,6,49
Новиков Дмитрий Иванович,полковник,12,45
Морозов Константин Иванович,лейтенант,11,41
Соколов Евгений Андреевич,прапорщик,10,26
Лебедев Илья Никитич,лейтенант,6,49
Кузнецов Евгений Павлович,полковник,12,22
Михайлов Максим Михайлович,капитан,2,59
Андреев Константин Иванович,полковник,12,54
Новиков Михаил Олегович,рядовой,2,51
Соколов Егор Кириллович,сержант,7,43
Михайлов Виктор Михайлович,капитан,5,48
Кочергин Евгений Дмитриевич,рядовой,8,32
Павлов Виктор Сергеевич,рядовой,10,57
Макаров Денис Иванович,сержант,6,25
Козлов Максим Алексеевич,полковник,3,55
Иванов Алексей Юрьевич,прапорщик,10,23
Морозов Сергей Никитич,лейтенант,3,37
Козлов Павел Юрьевич,прапорщик,10,58
Зайцев Александр Юрьевич,полковник,1,50
Степанов Матвей Кириллович,лейтенант,5,30
Кочергин Денис Сергеевич,рядовой,10,32
Новиков Сергей Алексеевич,прапорщик,2,43
Андреев Артём Павлович,прапорщик,6,48
Фёдоров Матвей Романович,сержант,2,23
Фёдоров Дмитрий Андреевич,сержант,8,33
Попов Юрий Сергеевич,майор,1,44
Михайлов Сергей Олегович,прапорщик,8,45
Козлов Никита Михайлович,сержант,5,24
Морозов Михаил Иванович,лейтенант,9,36
Кочергин Алексей Андреевич,лейтенант,9,48
Алексеев Кирилл Романович,лейтенант,5,52
Никитин Никита Павлович,лейтенант,12,30
Новиков Олег Юрьевич,лейтенант,7,50
Орлов Михаил Павлович,капитан,1,39
Иванов Степан Никитич,капитан,8,34
Кузнецов Андрей Юрьевич,сержант,5,49
Андреев Матвей Олегович,прапорщик,1,57
Алексеев Дмитрий Олегович,капитан,3,47
Васильев Никита Алексеевич,прапорщик,5,25
Зайцев Иван Максимович,полковник,5,32
Новиков Матвей Юрьевич,лейтенант,3,36
Смирнов Степан Андреевич,рядовой,9,21
Лебедев Егор Ильич,майор,4,51
Алексеев Сергей Максимович,майор,9,45
Петров Максим Максимович,сержант,8,27
Борисов Юрий Алексеевич,полковник,3,57
Кузнецов Иван Кириллович,рядовой,9,55
Кочергин Михаил Максимович,майор,1,20
Николаев Денис Сергеевич,прапорщик,7,22
Андреев Илья Андреевич,рядовой,9,57
Соколов Кирилл Андреевич,прапорщик,5,59
Козлов Егор Александрович,прапорщик,4,58
Новиков Степан Кириллович,лейтенант,1,53
Соловьёв Сергей Юрьевич,майор,6,54
Захаров Константин Ильич,лейтенант,7,27
Андреев Артём Викторович,сержант,11,35
Сидоров Артём Романович,майор,5,34
Лебедев Евгений Максимович,прапорщик,3,31
Васильев Павел Павлович,сержант,6,49
Семёнов Алексей Михайлович,майор,8,59
Кузнецов Денис Викторович,полковник,10,35
Орлов Михаил Олегович,капитан,5,39
Морозов Виктор Алексеевич,прапорщик,5,54
Борисов Олег Алексеевич,капитан,4,52
Степанов Константин Олегович,лейтенант,5,33
Яковлев Никита Юрьевич,капитан,11,55
Алексеев Илья Михайлович,сержант,4,25
Орлов Дмитрий Никитич,капитан,4,18
Семёнов Матвей Сергеевич,майор,6,35
Соловьёв Иван Кириллович,сержант,5,48
Морозов Павел Кириллович,капитан,6,54
Захаров Александр Михайлович,прапорщик,4,27
Смирнов Дмитрий Дмитриевич,капитан,2,26
Зайцев Виктор Никитич,прапорщик,1,51
Козлов Никита Андреевич,рядовой,4,45
Новиков Егор Александрович,сержант,11,37
Захаров Олег Кириллович,полковник,7,28
Кочергин Олег Сергеевич,майор,1,25
Михайлов Виктор Александрович,майор,11,47
Сидоров Егор Никитич,сержант,10,52
Егоров Михаил Алексеевич,рядовой,11,18
Макаров Матвей Викторович,прапорщик,9,42
Новиков Роман Александрович,лейтенант,2,47
Степанов Кирилл Павлович,полковник,11,23
Сидоров Виктор Кириллович,лейтенант,12,18
Козлов Юрий Юрьевич,прапорщик,9,41
Кузнецов Константин Ильич,майор,12,25
Васильев Степан Дмитриевич,прапорщик,11,27
Николаев Евгений Максимович,майор,11,42
Андреев Олег Ильич,сержант,10,51
Михайлов Александр Юрьевич,рядовой,6,31
Попов Артём Олегович,лейтенант,4,37
Николаев Илья Викторович,прапорщик,2,22
Смирнов Евгений Романович,капитан,12,58
Николаев Кирилл Александрович,рядовой,6,58
Орлов Илья Михайлович,лейтенант,11,30
Орлов Алексей Никитич,прапорщик,2,33
Соколов Никита Сергеевич,капитан,10,30
Николаев Денис Сергеевич,капитан,3,25
Новиков Евгений Михайлович,рядовой,8,58
Орлов Константин Андреевич,сержант,1,52
Новиков Никита Сергеевич,полковник,6,60
Сидоров Юрий Сергеевич,прапорщик,10,46
Борисов Александр Дмитриевич,капитан,3,39
Никитин Денис Романович,капитан,4,26
Фёдоров Олег Павлович,рядовой,9,45
Сидоров Олег Алексеевич,капитан,8,27
Морозов Сергей Сергеевич,майор,6,41
Попов Кирилл Андреевич,лейтенант,1,57
Павлов Иван Александрович,майор,7,53
Иванов Иван Андреевич,полковник,2,58
Яковлев Виктор Романович,сержант,4,46
Лебедев Степан Максимович,сержант,10,44
Михайлов Дмитрий Иванович,рядовой,1,43
Попов Матвей Александрович,прапорщик,2,21
Смирнов Михаил Павлович,рядовой,6,30
Павлов Александр Павлович,лейтенант,11,33
Орлов Александр Юрьевич,сержант,7,41
Смирнов Артём Михайлович,прапорщик,3,27
Захаров Никита Максимович,полковник,6,51
Орлов Степан Кириллович,прапорщик,4,40
Яковлев Денис Викторович,полковник,4,34
Васильев Дмитрий Дмитриевич,лейтенант,8,24
Никитин Роман Романович,майор,10,48
Михайлов Роман Кириллович,капитан,12,33
Яковлев Михаил Михайлович,полковник,11,53
Николаев Денис Олегович,лейтенант,5,34
Соколов Степан Никитич,майор,2,33
Морозов Степан Юрьевич,рядовой,4,53
Кочергин Артём Никитич,сержант,4,40
Борисов Илья Олегович,сержант,6,42
Козлов Виктор Кириллович,капитан,5,20
Николаев Никита Иванович,рядовой,7,32
Фёдоров Юрий Никитич,лейтенант,3,31
Николаев Денис Романович,полковник,7,55
Макаров Роман Андреевич,рядовой,4,18
Смирнов Степан Алексеевич,сержант,4,47
Никитин Юрий Никитич,полковник,3,60
Захаров Илья Александрович,полковник,3,49
Семёнов Юрий Андреевич,прапорщик,4,32
Сидоров Иван Михайлович,сержант,8,27
Орлов Олег Иванович,капитан,4,47
Степанов Максим Алексеевич,майор,9,43
Соловьёв Александр Кириллович,майор,7,55
Михайлов Роман Михайлович,сержант,4,20
Новиков Олег Алексеевич,прапорщик,4,42
Соловьёв Евгений Викторович,сержант,8,23
Козлов Денис Юрьевич,прапорщик,2,37
Соколов Иван Викторович,полковник,12,23
Новиков Матвей Юрьевич,сержант,8,28
Никитин Матвей Александрович,прапорщик,11,59
Егоров Евгений Кириллович,полковник,3,30
Андреев Юрий Сергеевич,рядовой,5,38
Зайцев Егор Никитич,майор,10,22
Козлов Евгений Александрович,рядовой,8,54
Козлов Александр Дмитриевич,рядовой,6,32
Николаев Илья Андреевич,капитан,5,46
Павлов Максим Ильич,лейтенант,4,60
Макаров Юрий Алексеевич,прапорщик,10,54
Морозов Константин Андреевич,капитан,5,19
Зайцев Сергей Андреевич,лейтенант,11,53
Семёнов Олег Никитич,рядовой,2,22
Николаев Юрий Иванович,лейтенант,9,47
Кузнецов Роман Кириллович,лейтенант,9,18
Зайцев Максим Никитич,лейтенант,1,38
Морозов Андрей Сергеевич,капитан,1,46
Фёдоров Матвей Сергеевич,рядовой,3,30
Морозов Степан Никитич,полковник,1,42
Макаров Кирилл Никитич,сержант,1,21
Козлов Виктор Викторович,капитан,5,57
Борисов Никита Михайлович,сержант,3,42
Алексеев Михаил Олегович,полковник,9,27
Андреев Алексей Романович,прапорщик,6,25
Иванов Андрей Сергеевич,сержант,6,39
Новиков Егор Андреевич,сержант,7,31
Васильев Кирилл Олегович,лейтенант,1,33
Соловьёв Павел Андреевич,лейтенант,10,20
Соколов Илья Юрьевич,капитан,8,27
Петров Александр Александрович,капитан,12,30
Захаров Артём Михайлович,лейтенант,3,39
Никитин Денис Михайлович,капитан,8,28
Орлов Илья Никитич,лейтенант,2,48
Яковлев Андрей Никитич,лейтенант,12,34
Соколов Иван Ильич,полковник,4,35
Орлов Юрий Алексеевич,полковник,6,51
Васильев Иван Михайлович,прапорщик,8,34
Зайцев Дмитрий Викторович,лейтенант,3,32
Орлов Матвей Ильич,майор,5,31
Николаев Алексей Ильич,капитан,7,33
Павлов Матвей Алексеевич,рядовой,10,52
Попов Михаил Никитич,лейтенант,10,23
Смирнов Павел Михайлович,полковник,8,20
Михайлов Илья Ильич,майор,1,37
Николаев Евгений Кириллович,прапорщик,12,24
Орлов Максим Александрович,полковник,1,37
Сидоров Александр Викторович,полковник,2,36
Лебедев Илья Александрович,капитан,12,34
Козлов Константин Ильич,полковник,12,38
Яковлев Дмитрий Юрьевич,рядовой,3,54
Андреев Илья Романович,лейтенант,10,53
Смирнов Матвей Александрович,капитан,9,21
Попов Степан Сергеевич,рядовой,9,22
Макаров Михаил Сергеевич,прапорщик,4,34
Иванов Денис Михайлович,сержант,5,56
Борисов Сергей Дмитриевич,сержант,7,38
Макаров Виктор Максимович,капитан,1,30
Новиков Кирилл Андреевич,полковник,11,45
Сидоров Никита Кириллович,сержант,7,33
Кузнецов Максим Романович,лейтенант,7,35
Никитин Егор Олегович,лейтенант,3,23
Иванов Сергей Андреевич,майор,2,53
Яковлев Сергей Павлович,майор,1,20
Васильев Андрей Алексеевич,полковник,10,35
Егоров Степан Ильич,полковник,11,38
Егоров Дмитрий Викторович,рядовой,12,47
Алексеев Иван Никитич,лейтенант,6,38
Лебедев Илья Кириллович,рядовой,12,30
Орлов Иван Дмитриевич,лейтенант,12,44
Никитин Михаил Павлович,сержант,7,60
Михайлов Юрий Романович,сержант,4,56
Новиков Павел Викторович,полковник,12,22
Козлов Евгений Романович,майор,11,58
Смирнов Виктор Павлович,прапорщик,7,27
Зайцев Михаил Юрьевич,майор,5,36
Михайлов Егор Михайлович,полковник,10,42
Егоров Павел Ильич,полковник,9,44
Иванов Константин Романович,лейтенант,10,21
Алексеев Степан Михайлович,майор,3,28
Николаев Дмитрий Ильич,полковник,6,56
Андреев Олег Дмитриевич,прапорщик,11,27
Егоров Виктор Александрович,прапорщик,2,57
Павлов Степан Александрович,сержант,3,36
Кочергин Иван Олегович,майор,12,36
Новиков Александр Никитич,прапорщик,6,48
Фёдоров Егор Максимович,прапорщик,7,21
Сидоров Виктор Кириллович,лейтенант,6,24
Попов Матвей Викторович,сержант,9,57
Егоров Максим Викторович,полковник,1,30
Сидоров Никита Ильич,майор,5,40
Зайцев Степан Юрьевич,майор,7,24
Яковлев Егор Ильич,капитан,3,32
Соловьёв Егор Михайлович,капитан,8,46
Николаев Павел Никитич,капитан,3,54
Павлов Денис Романович,рядовой,2,29
Соловьёв Олег Сергеевич,майор,2,41
Морозов Алексей Сергеевич,лейтенант,6,38
Михайлов Сергей Иванович,сержант,3,19
Соколов Степан Олегович,рядовой,12,46
Алексеев Михаил Сергеевич,сержант,3,48
Лебедев Сергей Андреевич,лейтенант,12,29
Никитин Артём Никитич,капитан,9,26
Зайцев Виктор Дмитриевич,рядовой,9,25
Петров Роман Иванович,сержант,2,19
Макаров Михаил Андреевич,капитан,2,55
Алексеев Константин Олегович,полковник,2,18
Иванов Иван Никитич,прапорщик,5,57
Морозов Константин Романович,прапорщик,2,28
Андреев Степан Олегович,полковник,8,51
Захаров Павел Ильич,майор,7,55
Смирнов Виктор Александрович,полковник,10,47
Макаров Сергей Романович,лейтенант,3,55
Захаров Илья Викторович,прапорщик,9,60
Захаров Михаил Романович,сержант,6,46
Козлов Илья Дмитриевич,лейтенант,5,53
Морозов Матвей Дмитриевич,капитан,5,29
Петров Сергей Александрович,майор,5,34
Лебедев Максим Ильич,майор,4,28
Зайцев Матвей Павлович,полковник,2,57
Егоров Сергей Михайлович,сержант,3,21
Степанов Евгений Юрьевич,полковник,5,37
Попов Матвей Никитич,рядовой,6,43
Михайлов Роман Никитич,капитан,9,45
Смирнов Дмитрий Романович,лейтенант,11,25
Козлов Кирилл Никитич,прапорщик,5,44
Степанов Егор Ильич,рядовой,1,26
Павлов Никита Иванович,прапорщик,9,55
Захаров Юрий Никитич,капитан,7,18
Попов Александр Максимович,майор,5,54
Соколов Сергей Сергеевич,лейтенант,6,53
Кузнецов Павел Юрьевич,прапорщик,11,33
Михайлов Алексей Романович,полковник,10,19
Лебедев Андрей Дмитриевич,прапорщик,3,42
Попов Алексей Дмитриевич,сержант,7,44
Кочергин Михаил Алексеевич,сержант,2,58
Павлов Андрей Дмитриевич,прапорщик,6,33
Андреев Андрей Александрович,рядовой,6,45
Иванов Денис Сергеевич,лейтенант,7,57
Павлов Сергей Никитич,майор,2,36
Павлов Юрий Александрович,прапорщик,11,26
Захаров Максим Александрович,прапорщик,11,21
Попов Константин Юрьевич,лейтенант,2,20
Борисов Матвей Олегович,сержант,8,45
Захаров Денис Викторович,полковник,12,27
Морозов Роман Романович,прапорщик,5,29
Новиков Иван Михайлович,сержант,7,29
Сидоров Сергей Никитич,рядовой,2,33
Морозов Дмитрий Сергеевич,лейтенант,1,60
Степанов Иван Романович,сержант,12,34
Морозов Сергей Александрович,прапорщик,6,56
Соловьёв Денис Олегович,прапорщик,7,42
Иванов Денис Романович,прапорщик,5,37
Смирнов Олег Кириллович,майор,4,42
Кочергин Степан Иванович,майор,9,51
Кочергин Роман Никитич,полковник,1,59
Фёдоров Илья Михайлович,прапорщик,11,60
Николаев Олег Михайлович,рядовой,9,41
Новиков Михаил Ильич,лейтенант,5,56
Захаров Артём Юрьевич,прапорщик,7,21
Петров Егор Алексеевич,рядовой,9,38
Смирнов Михаил Юрьевич,полковник,4,26
Иванов Сергей Никитич,сержант,11,57
Новиков Роман Романович,лейтенант,4,42
Михайлов Артём Алексеевич,полковник,3,28
Фёдоров Олег Александрович,рядовой,3,44
Захаров Артём Никитич,капитан,2,21
Кузнецов Андрей Романович,полковник,4,50
Никитин Роман Юрьевич,полковник,11,39
Смирнов Иван Юрьевич,рядовой,11,56
Егоров Кирилл Викторович,полковник,4,32
Никитин Михаил Юрьевич,лейтенант,10,47
Козлов Артём Павлович,сержант,6,29
Захаров Евгений Никитич,сержант,2,54
Козлов Никита Олегович,майор,11,19
Макаров Евгений Викторович,лейтенант,6,54
Павлов Виктор Ильич,капитан,1,43
Орлов Артём Викторович,полковник,6,22
Алексеев Константин Олегович,прапорщик,2,36
Семёнов Сергей Юрьевич,прапорщик,5,40
Иванов Илья Алексеевич,сержант,3,39
Кузнецов Максим Ильич,рядовой,11,24
Макаров Михаил Алексеевич,прапорщик,5,19
Яковлев Андрей Викторович,полковник,1,25
Семёнов Артём Никитич,лейтенант,5,47
Козлов Павел Михайлович,капитан,9,23
Орлов Артём Алексеевич,майор,3,58
Соловьёв Степан Викторович,майор,11,22
Сидоров Олег Ильич,полковник,2,43
Орлов Юрий Викторович,рядовой,1,28
Андреев Михаил Максимович,сержант,1,31
Михайлов Денис Юрьевич,лейтенант,6,26
Сидоров Максим Викторович,сержант,9,59
Николаев Максим Викторович,майор,6,58
Смирнов Павел Романович,сержант,9,24
Захаров Роман Романович,полковник,3,41
Смирнов Дмитрий Никитич,рядовой,9,51
Михайлов Илья Кириллович,сержант,4,54
Макаров Илья Кириллович,рядовой,8,30
Егоров Сергей Олегович,лейтенант,7,27
Макаров Денис Алексеевич,капитан,4,44
Петров Олег Викторович,рядовой,3,53
Алексеев Роман Никитич,капитан,2,34
Новиков Степан Сергеевич,полковник,4,18
Михайлов Иван Андреевич,сержант,10,50
Кузнецов Александр Кириллович,капитан,11,20
Никитин Артём Ильич,лейтенант,11,38
Козлов Кирилл Иванович,полковник,7,29
Зайцев Павел Олегович,майор,12,46
Николаев Олег Алексеевич,полковник,1,56
Макаров Юрий Юрьевич,рядовой,12,39
Кочергин Алексей Александрович,капитан,6,33
Морозов Павел Романович,рядовой,11,18
Алексеев Александр Никитич,сержант,2,23
Павлов Евгений Олегович,рядовой,10,22
Морозов Артём Михайлович,сержант,6,43
Никитин Иван Дмитриевич,прапорщик,11,22
Орлов Юрий Александрович,полковник,9,25
Семёнов Денис Юрьевич,прапорщик,12,54
Лебедев Виктор Никитич,рядовой,12,45
Алексеев Артём Сергеевич,капитан,11,21
Морозов Матвей Никитич,сержант,4,25
Яковлев Егор Иванович,сержант,3,39
Васильев Степан Дмитриевич,полковник,8,36
Степанов Павел Викторович,капитан,6,30
Сидоров Артём Ильич,сержант,7,30
Яковлев Роман Иванович,капитан,2,32
Кочергин Михаил Кириллович,прапорщик,8,33
Павлов Алексей Викторович,рядовой,8,23
Соловьёв Роман Никитич,капитан,12,20
Сидоров Степан Романович,майор,7,38
Никитин Иван Михайлович,прапорщик,4,25
Макаров Степан Никитич,прапорщик,6,42
Соколов Максим Никитич,майор,4,20
Попов Иван Максимович,капитан,9,26
Орлов Михаил Олегович,рядовой,7,47
Яковлев Михаил Романович,сержант,5,45
Соловьёв Юрий Алексеевич,капитан,4,36
Новиков Артём Дмитриевич,лейтенант,1,34
Соколов Михаил Олегович,капитан,9,48
Степанов Олег Ильич,капитан,2,53
Сидоров Юрий Романович,лейтенант,10,23
Алексеев Максим Иванович,капитан,8,32
Кузнецов Олег Алексеевич,прапорщик,2,40
Попов Илья Дмитриевич,майор,9,47
Соловьёв Сергей Алексеевич,лейтенант,11,28
Николаев Евгений Никитич,рядовой,6,27
Павлов Степан Иванович,прапорщик,11,27
Кузнецов Илья Дмитриевич,капитан,2,37
Соловьёв Виктор Юрьевич,лейтенант,11,27
Лебедев Андрей Никитич,капитан,9,25
Макаров Егор Никитич,сержант,10,38
Сидоров Кирилл Михайлович,капитан,7,46
Николаев Степан Викторович,прапорщик,3,32
Степанов Павел Алексеевич,капитан,6,57
Захаров Артём Андреевич,капитан,10,53
Смирнов Михаил Олегович,прапорщик,6,21
Зайцев Дмитрий Викторович,полковник,7,20
Попов Александр Кириллович,капитан,4,35
Васильев Юрий Иванович,рядовой,4,39
Козлов Павел Ильич,майор,6,56
Соловьёв Кирилл Юрьевич,лейтенант,5,56
Смирнов Андрей Максимович,полковник,5,39
Николаев Михаил Павлович,лейтенант,7,26
Егоров Олег Никитич,майор,12,47
Козлов Юрий Максимович,сержант,11,27
Морозов Михаил Сергеевич,сержант,6,26
Захаров Алексей Максимович,капитан,3,37
Егоров Михаил Никитич,лейтенант,8,45
Сидоров Александр Алексеевич,сержант,5,53
Петров Олег Кириллович,рядовой,8,33
Яковлев Дмитрий Юрьевич,прапорщик,10,43
Макаров Денис Максимович,полковник,5,49
Макаров Иван Михайлович,капитан,6,18
Алексеев Андрей Андреевич,майор,8,47
Борисов Александр Андреевич,рядовой,5,37
Михайлов Виктор Романович,майор,5,42
Лебедев Денис Олегович,прапорщик,6,18
Яковлев Максим Олегович,лейтенант,10,29
Сидоров Дмитрий Ильич,рядовой,6,20
Новиков Алексей Михайлович,майор,8,23
Кузнецов Кирилл Романович,лейтенант,1,37
Морозов Виктор Никитич,рядовой,10,57
Степанов Алексей Иванович,рядовой,5,44
Зайцев Сергей Максимович,капитан,10,18
Морозов Михаил Дмитриевич,рядовой,1,35
Попов Роман Дмитриевич,прапорщик,1,54
Иванов Максим Кириллович,прапорщик,11,37
Лебедев Роман Никитич,капитан,4,46
Соловьёв Олег Олегович,капитан,10,51
Козлов Артём Павлович,прапорщик,1,28
Козлов Никита Михайлович,капитан,12,57
Андреев Олег Олегович,майор,2,31
Попов Михаил Михайлович,лейтенант,1,36
Козлов Степан Алексеевич,полковник,5,35
Соколов Степан Иванович,рядовой,1,26
Алексеев Михаил Максимович,полковник,2,38
Егоров Никита Ильич,лейтенант,3,56
Попов Никита Сергеевич,сержант,6,39
Лебедев Кирилл Дмитриевич,прапорщик,3,27
Петров Роман Викторович,капитан,12,27
Яковлев Никита Викторович,лейтенант,8,58
Козлов Никита Никитич,полковник,6,48
Соловьёв Павел Максимович,лейтенант,11,56
Макаров Степан Ильич,полковник,6,42
Макаров Илья Павлович,лейтенант,4,34
Иванов Иван Никитич,лейтенант,9,39
Кузнецов Дмитрий Павлович,лейтенант,10,56
Андреев Юрий Дмитриевич,рядовой,10,57
Кочергин Андрей Александрович,капитан,5,47
Михайлов Павел Андреевич,полковник,12,31
Макаров Кирилл Кириллович,прапорщик,8,51
Макаров Илья Александрович,лейтенант,4,59
Попов Максим Ильич,лейтенант,12,59
Соловьёв Роман Кириллович,сержант,3,18
Лебедев Роман Дмитриевич,прапорщик,9,32
Алексеев Степан Юрьевич,майор,3,44
Смирнов Кирилл Юрьевич,майор,12,25
Макаров Артём Алексеевич,капитан,1,29
Смирнов Виктор Кириллович,сержант,4,44
Егоров Дмитрий Алексеевич,рядовой,12,40
Козлов Павел Никитич,лейтенант,3,32
Орлов Денис Михайлович,прапорщик,10,36
Смирнов Илья Викторович,майор,10,33
Михайлов Юрий Андреевич,рядовой,10,57
Лебедев Виктор Ильич,капитан,8,20
Иванов Олег Иванович,майор,8,60
Сидоров Егор Андреевич,лейтенант,5,54
Кочергин Артём Никитич,капитан,4,34
Орлов Юрий Михайлович,сержант,8,53
Попов Виктор Кириллович,рядовой,9,53
Зайцев Александр Павлович,сержант,3,51
Михайлов Александр Никитич,капитан,4,21
Фёдоров Кирилл Сергеевич,полковник,4,51
Михайлов Роман Андреевич,майор,11,22
Егоров Виктор Михайлович,прапорщик,10,36
Новиков Кирилл Михайлович,рядовой,12,23
Зайцев Сергей Никитич,прапорщик,6,44
Васильев Виктор Максимович,полковник,9,35
Борисов Андрей Олегович,прапорщик,8,25
Егоров Олег Кириллович,капитан,12,48
Павлов Степан Максимович,майор,10,42
Павлов Артём Андреевич,рядовой,9,18
Васильев Андрей Юрьевич,майор,7,22
Фёдоров Олег Алексеевич,майор,1,59
Фёдоров Никита Ильич,рядовой,3,51
Никитин Никита Алексеевич,капитан,10,60
Павлов Михаил Никитич,сержант,7,46
Зайцев Роман Романович,лейтенант,4,52
Соколов Евгений Алексеевич,майор,11,36
Иванов Никита Михайлович,прапорщик,5,43
Макаров Роман Александрович,майор,10,44
Смирнов Матвей Михайлович,прапорщик,4,54
Новиков Юрий Ильич,майор,10,42
Макаров Артём Михайлович,лейтенант,4,60
Павлов Егор Максимович,сержант,6,18
Козлов Степан Александрович,майор,12,25
Егоров Денис Ильич,прапорщик,1,37
Лебедев Илья Никитич,лейтенант,1,60
Васильев Виктор Ильич,рядовой,7,58
Соловьёв Денис Александрович,майор,9,41
Фёдоров Константин Максимович,прапорщик,2,51
Павлов Максим Викторович,сержант,5,18
Орлов Максим Андреевич,капитан,3,29
Андреев Кирилл Романович,капитан,6,27
Кузнецов Артём Александрович,капитан,3,44
Степанов Илья Романович,лейтенант,7,22
Орлов Роман Павлович,майор,1,23
Соколов Кирилл Никитич,лейтенант,3,19
Степанов Андрей Дмитриевич,лейтенант,6,34
Соловьёв Сергей Павлович,майор,9,41
Смирнов Виктор Ильич,лейтенант,1,55
Васильев Никита Викторович,прапорщик,10,56
Алексеев Кирилл Иванович,сержант,11,19
Смирнов Виктор Юрьевич,лейтенант,8,51
Соловьёв Юрий Олегович,прапорщик,5,39
Соколов Иван Максимович,сержант,5,32
Козлов Роман Максимович,прапорщик,6,27
Кузнецов Матвей Максимович,полковник,5,57
Соловьёв Евгений Романович,майор,8,57
Борисов Максим Алексеевич,капитан,2,48
Сидоров Максим Романович,прапорщик,1,45
Попов Никита Олегович,прапорщик,1,55
Орлов Павел Андреевич,лейтенант,9,40
Степанов Артём Михайлович,прапорщик,8,30
Козлов Кирилл Ильич,капитан,7,52
Борисов Константин Алексеевич,прапорщик,3,58
Павлов Андрей Олегович,сержант,6,59
Захаров Павел Максимович,сержант,10,33
Соловьёв Олег Александрович,рядовой,1,46
Козлов Алексей Андреевич,полковник,11,20
Новиков Денис Андреевич,лейтенант,1,55
Андреев Сергей Александрович,капитан,2,26
Фёдоров Михаил Андреевич,прапорщик,12,22
Фёдоров Михаил Романович,капитан,12,22
Егоров Егор Олегович,прапорщик,6,34
Степанов Роман Викторович,майор,2,44
Николаев Егор Олегович,капитан,5,47
Борисов Роман Иванович,капитан,3,60
Никитин Артём Максимович,полковник,10,56
Николаев Кирилл Иванович,сержант,8,21
Соловьёв Андрей Сергеевич,рядовой,9,49
Алексеев Кирилл Александрович,прапорщик,6,32
Кочергин Дмитрий Андреевич,лейтенант,2,37
Васильев Сергей Дмитриевич,сержант,11,60
Егоров Илья Максимович,лейтенант,4,43
Егоров Александр Олегович,майор,8,34
Соколов Матвей Кириллович,прапорщик,9,39
Козлов Иван Викторович,майор,3,45
Попов Кирилл Алексеевич,полковник,9,31
Иванов Максим Кириллович,майор,6,51
Степанов Олег Сергеевич,лейтенант,10,43
Павлов Сергей Андреевич,прапорщик,1,46
Семёнов Юрий Максимович,майор,7,42
Борисов Дмитрий Никитич,сержант,6,47
Новиков Егор Викторович,рядовой,12,29
Лебедев Роман Алексеевич,рядовой,2,40
Борисов Михаил Иванович,капитан,2,37
Козлов Егор Романович,капитан,4,22
Егоров Александр Иванович,прапорщик,9,40
Петров Александр Олегович,майор,9,59
Сидоров Евгений Андреевич,сержант,9,50
Кузнецов Роман Александрович,лейтенант,11,52
Козлов Сергей Дмитриевич,капитан,11,24
Борисов Никита Алексеевич,сержант,8,23
Кочергин Артём Иванович,капитан,9,32
Зайцев Матвей Никитич,прапорщик,1,47
Кузнецов Степан Юрьевич,капитан,2,27
Павлов Павел Ильич,лейтенант,4,25
Козлов Дмитрий Максимович,прапорщик,1,38
Павлов Кирилл Александрович,лейтенант,1,47
Алексеев Степан Кириллович,рядовой,3,38
Алексеев Сергей Никитич,прапорщик,3,33
Соколов Максим Юрьевич,рядовой,2,18
Соколов Александр Алексеевич,капитан,7,43
Соколов Андрей Юрьевич,майор,5,36
Козлов Денис Юрьевич,рядовой,12,24
Михайлов Матвей Павлович,полковник,8,19
Павлов Алексей Сергеевич,лейтенант,11,37
Макаров Роман Олегович,лейтенант,6,58
Попов Михаил Сергеевич,майор,11,58
Михайлов Артём Олегович,сержант,2,45
Сидоров Артём Алексеевич,прапорщик,2,33
Иванов Евгений Кириллович,прапорщик,1,53
Захаров Евгений Кириллович,капитан,1,43
Борисов Роман Никитич,прапорщик,1,31
Иванов Виктор Олегович,капитан,2,24
Егоров Никита Романович,капитан,7,43
Кузнецов Максим Михайлович,лейтенант,4,55
Соколов Никита Александрович,прапорщик,1,51
Иванов Юрий Михайлович,капитан,4,23
Смирнов Матвей Олегович,майор,11,21
Степанов Виктор Викторович,полковник,2,44
Сидоров Дмитрий Кириллович,полковник,2,29
Никитин Максим Юрьевич,лейтенант,2,32
Михайлов Александр Романович,капитан,4,21
Семёнов Алексей Сергеевич,прапорщик,2,53
Орлов Константин Андреевич,рядовой,6,42
Егоров Кирилл Юрьевич,прапорщик,8,21
Семёнов Денис Павлович,рядовой,12,29
Захаров Степан Андреевич,полковник,12,39
Иванов Михаил Викторович,прапорщик,12,24
Макаров Илья Михайлович,полковник,4,24
Борисов Степан Романович,лейтенант,1,28
Новиков Илья Ильич,полковник,12,36
Сидоров Андрей Павлович,полковник,9,31
Яковлев Юрий Романович,сержант,10,41
Захаров Матвей Михайлович,майор,7,40
Морозов Максим Павлович,полковник,2,26
Семёнов Михаил Кириллович,майор,9,53
Михайлов Кирилл Кириллович,полковник,12,32
Смирнов Матвей Михайлович,прапорщик,7,56
Зайцев Кирилл Алексеевич,сержант,12,39
Иванов Евгений Павлович,прапорщик,1,21
Андреев Никита Юрьевич,рядовой,10,51
Зайцев Никита Никитич,рядовой,12,53
Никитин Степан Романович,капитан,2,43
Михайлов Сергей Алексеевич,майор,5,19
Кузнецов Матвей Романович,сержант,11,45
Орлов Никита Иванович,прапорщик,7,39
Зайцев Артём Юрьевич,полковник,4,60
Андреев Константин Алексеевич,прапорщик,12,25
Алексеев Михаил Юрьевич,майор,4,47
Смирнов Никита Юрьевич,сержант,5,40
Попов Никита Юрьевич,лейтенант,3,39
Новиков Евгений Дмитриевич,рядовой,2,23
Орлов Егор Олегович,лейтенант,6,40
Борисов Максим Максимович,прапорщик,4,55
Сидоров Илья Павлович,полковник,11,24
Смирнов Илья Павлович,капитан,6,46
Кузнецов Алексей Дмитриевич,капитан,6,39
Соловьёв Артём Сергеевич,сержант,11,36
Андреев Виктор Михайлович,сержант,3,47
Павлов Виктор Олегович,майор,6,21
Никитин Матвей Сергеевич,лейтенант,8,43
Макаров Степан Викторович,прапорщик,10,51
Петров Павел Ильич,прапорщик,10,24
Алексеев Дмитрий Юрьевич,капитан,10,51
Кочергин Константин Олегович,капитан,9,26
Захаров Матвей Сергеевич,майор,11,44
Николаев Сергей Викторович,прапорщик,7,20
Петров Денис Олегович,прапорщик,11,18
Соколов Степан Алексеевич,капитан,3,47
Иванов Артём Никитич,рядовой,12,50
Васильев Степан Александрович,лейтенант,7,30
Новиков Олег Дмитриевич,капитан,10,43
Яковлев Константин Кириллович,полковник,7,51
Морозов Алексей Сергеевич,прапорщик,1,57
Иванов Михаил Юрьевич,сержант,7,60
Никитин Константин Павлович,полковник,8,58
Кочергин Дмитрий Максимович,полковник,4,24
Степанов Олег Никитич,майор,3,23
Николаев Дмитрий Сергеевич,полковник,7,28
Андреев Алексей Михайлович,прапорщик,2,42
Семёнов Матвей Павлович,капитан,1,46
Степанов Никита Юрьевич,лейтенант,4,25
Фёдоров Дмитрий Романович,прапорщик,9,51
Новиков Илья Олегович,прапорщик,9,27
Зайцев Никита Кириллович,сержант,7,48
Соловьёв Дмитрий Олегович,капитан,11,49
Кузнецов Максим Александрович,майор,4,34
Макаров Алексей Викторович,прапорщик,7,58
Васильев Олег Викторович,рядовой,7,19
Михайлов Степан Сергеевич,майор,3,32
Попов Никита Кириллович,лейтенант,10,49
Орлов Илья Алексеевич,рядовой,2,54
Михайлов Денис Михайлович,прапорщик,5,24
Морозов Илья Никитич,прапорщик,5,34
Борисов Юрий Максимович,капитан,2,59
Новиков Роман Викторович,капитан,3,21
Морозов Андрей Дмитриевич,майор,1,24
Никитин Юрий Никитич,майор,10,60
Смирнов Никита Павлович,лейтенант,8,57
Соколов Роман Кириллович,сержант,2,35
Николаев Никита Сергеевич,полковник,9,53
Михайлов Степан Алексеевич,майор,6,46
Егоров Роман Александрович,сержант,11,26
Макаров Дмитрий Кириллович,рядовой,8,24
Фёдоров Александр Сергеевич,полковник,11,37
Соколов Денис Андреевич,полковник,3,20
Егоров Никита Никитич,полковник,5,32
Николаев Степан Дмитриевич,лейтенант,12,26
Семёнов Дмитрий Романович,лейтенант,6,51
Борисов Матвей Дмитриевич,прапорщик,5,47
Смирнов Юрий Викторович,рядовой,11,36
Зайцев Константин Максимович,прапорщик,4,41
Захаров Иван Олегович,майор,9,49
Соловьёв Иван Павлович,прапорщик,6,34
Михайлов Павел Ильич,прапорщик,3,57
Степанов Андрей Юрьевич,майор,7,34
Васильев Алексей Сергеевич,сержант,4,57
Смирнов Никита Юрьевич,капитан,4,46
Козлов Константин Никитич,сержант,10,34
Кочергин Илья Максимович,капитан,5,51
Борисов Андрей Дмитриевич,прапорщик,11,34
Михайлов Егор Юрьевич,сержант,7,28
Алексеев Евгений Сергеевич,рядовой,12,56
Андреев Никита Александрович,сержант,5,37
Макаров Михаил Олегович,майор,2,37
Морозов Роман Никитич,капитан,11,59
Яковлев Егор Дмитриевич,прапорщик,9,57
Фёдоров Александр Кириллович,майор,5,33
Егоров Илья Михайлович,полковник,9,41
Павлов Константин Максимович,капитан,1,18
Петров Константин Ильич,сержант,10,50
Яковлев Константин Алексеевич,лейтенант,6,28
Попов Илья Викторович,рядовой,1,25
Степанов Максим Викторович,майор,1,58
Павлов Матвей Павлович,рядовой,3,53
Иванов Роман Александрович,майор,11,20
Кузнецов Александр Алексеевич,прапорщик,1,46
Васильев Виктор Олегович,прапорщик,7,36
Андреев Виктор Алексеевич,рядовой,5,34
Егоров Виктор Никитич,майор,10,41
Морозов Олег Андреевич,майор,10,30
Петров Никита Олегович,полковник,3,27
Смирнов Матвей Кириллович,прапорщик,1,40
Козлов Денис Никитич,лейтенант,1,39
Иванов Дмитрий Максимович,рядовой,10,56
Павлов Сергей Сергеевич,прапорщик,9,21
Новиков Никита Максимович,капитан,5,33
Семёнов Дмитрий Михайлович,сержант,2,23
Морозов Степан Кириллович,майор,3,56
Петров Кирилл Дмитриевич,лейтенант,2,33
Соколов Роман Павлович,сержант,3,46
Смирнов Егор Максимович,полковник,7,29
Сидоров Михаил Юрьевич,полковник,8,38
Михайлов Дмитрий Юрьевич,майор,6,27
Макаров Павел Иванович,капитан,3,44
Соколов Виктор Иванович,полковник,6,28
Фёдоров Павел Александрович,лейтенант,4,45
Степанов Иван Павлович,рядовой,7,27
Васильев Олег Александрович,майор,3,28
Морозов Евгений Максимович,рядовой,6,51
Лебедев Никита Павлович,сержант,1,59
Соколов Дмитрий Никитич,рядовой,10,35
Лебедев Александр Иванович,сержант,11,52
Соловьёв Степан Михайлович,лейтенант,3,45
Макаров Максим Викторович,полковник,4,50
Васильев Павел Павлович,майор,5,59
Павлов Виктор Викторович,полковник,10,42
Васильев Павел Иванович,сержант,2,42
Соколов Никита Алексеевич,сержант,7,35
Соколов Иван Александрович,капитан,12,52
Новиков Максим Ильич,рядовой,12,39
Васильев Михаил Ильич,рядовой,11,30
Орлов Егор Никитич,прапорщик,11,54
Макаров Денис Ильич,капитан,4,57
Новиков Денис Андреевич,капитан,5,47
Сидоров Андрей Сергеевич,рядовой,7,43
Морозов Степан Романович,рядовой,3,42
Никитин Юрий Дмитриевич,лейтенант,6,44
Зайцев Никита Никитич,сержант,10,48
Сидоров Максим Ильич,прапорщик,11,39
Никитин Павел Олегович,лейтенант,4,44
Андреев Роман Романович,капитан,8,26
Яковлев Артём Андреевич,капитан,6,29
Сидоров Александр Дмитриевич,полковник,8,52
Смирнов Олег Андреевич,капитан,9,49
Петров Максим Дмитриевич,капитан,1,43
Николаев Виктор Олегович,сержант,3,19
Павлов Кирилл Кириллович,рядовой,5,18
Андреев Илья Павлович,капитан,1,42
Егоров Денис Павлович,майор,10,54
Сидоров Матвей Сергеевич,сержант,5,33
Новиков Константин Иванович,сержант,11,54
Степанов Александр Михайлович,лейтенант,8,48
Макаров Максим Иванович,рядовой,10,31
Лебедев Степан Павлович,капитан,11,22
Борисов Евгений Ильич,капитан,11,41
Степанов Степан Александрович,сержант,2,51
Морозов Дмитрий Михайлович,майор,8,35
Захаров Юрий Павлович,капитан,3,37
Васильев Степан Кириллович,лейтенант,9,49
Алексеев Евгений Олегович,сержант,2,45
Морозов Павел Михайлович,капитан,9,51
Орлов Илья Романович,лейтенант,7,47
Соколов Константин Андреевич,полковник,11,38
Лебедев Олег Никитич,майор,9,22
Егоров Максим Романович,рядовой,8,49
Кочергин Виктор Дмитриевич,полковник,12,21
Зайцев Евгений Михайлович,майор,7,31
Орлов Александр Иванович,капитан,6,31
Смирнов Сергей Иванович,лейтенант,4,58
Лебедев Павел Михайлович,капитан,11,59
Николаев Денис Михайлович,прапорщик,1,29
Макаров Никита Юрьевич,прапорщик,4,52
Алексеев Никита Ильич,капитан,11,18
Фёдоров Артём Романович,рядовой,8,53
Макаров Никита Михайлович,майор,6,58
Сидоров Михаил Сергеевич,капитан,7,42
Смирнов Алексей Александрович,рядовой,12,26
Фёдоров Роман Иванович,сержант,1,20
Новиков Павел Алексеевич,полковник,4,33
Борисов Иван Максимович,сержант,5,28
Захаров Степан Никитич,прапорщик,6,33
Павлов Сергей Романович,прапорщик,12,44
Захаров Денис Иванович,лейтенант,7,48
Кузнецов Юрий Максимович,капитан,11,40
Морозов Матвей Дмитриевич,майор,4,51
Соколов Алексей Алексеевич,капитан,3,45
Алексеев Степан Сергеевич,лейтенант,4,26
Смирнов Алексей Михайлович,лейтенант,2,35
Николаев Павел Олегович,прапорщик,12,44
Орлов Виктор Андреевич,полковник,11,57
Иванов Роман Романович,полковник,9,23
Алексеев Константин Романович,полковник,8,38
Макаров Михаил Ильич,сержант,11,33
Михайлов Сергей Викторович,прапорщик,10,50
Кочергин Виктор Андреевич,прапорщик,9,44
Зайцев Степан Алексеевич,лейтенант,3,20
Петров Юрий Викторович,капитан,12,44
Орлов Константин Юрьевич,полковник,3,24
Козлов Максим Никитич,капитан,10,46
Михайлов Степан Сергеевич,рядовой,6,24
Семёнов Дмитрий Андреевич,прапорщик,2,36
Никитин Дмитрий Александрович,лейтенант,4,41
Степанов Константин Никитич,лейтенант,6,22
Соколов Андрей Кириллович,капитан,11,21
Никитин Андрей Сергеевич,капитан,12,53
Макаров Алексей Александрович,капитан,10,24
Борисов Павел Михайлович,лейтенант,10,26
Лебедев Максим Викторович,майор,10,58
Лебедев Кирилл Алексеевич,прапорщик,5,55
Иванов Роман Михайлович,полковник,12,20
Соколов Никита Никитич,прапорщик,5,52
Попов Юрий Алексеевич,капитан,3,37
Семёнов Александр Юрьевич,лейтенант,5,35
Макаров Виктор Максимович,прапорщик,9,20
Егоров Роман Михайлович,сержант,9,30
Макаров Максим Викторович,майор,12,36
Попов Андрей Романович,полковник,2,43
Семёнов Виктор Иванович,майор,6,32
Соколов Дмитрий Михайлович,прапорщик,3,52
Павлов Степан Романович,капитан,2,40
Павлов Александр Павлович,капитан,7,55
Павлов Матвей Сергеевич,полковник,10,18
Соловьёв Денис Максимович,рядовой,8,43
Яковлев Евгений Иванович,прапорщик,9,32
Кузнецов Степан Максимович,капитан,9,26
Захаров Артём Алексеевич,майор,4,39
Петров Матвей Никитич,сержант,5,38
Егоров Андрей Павлович,майор,2,18
Смирнов Евгений Дмитриевич,лейтенант,3,46
Смирнов Сергей Алексеевич,сержант,4,21
Степанов Михаил Никитич,капитан,4,28
Николаев Степан Максимович,майор,4,58
Иванов Олег Ильич,капитан,4,22
Зайцев Олег Никитич,полковник,12,60
Новиков Степан Андреевич,майор,7,55
Кочергин Дмитрий Алексеевич,лейтенант,6,38
Соколов Степан Романович,полковник,6,56
Лебедев Алексей Андреевич,рядовой,11,21
Андреев Константин Иванович,сержант,2,49
Лебедев Константин Викторович,майор,2,53
Петров Степан Сергеевич,сержант,11,59
Борисов Константин Дмитриевич,капитан,10,30
Николаев Сергей Иванович,рядовой,11,25
Орлов Юрий Павлович,лейтенант,6,32
Орлов Матвей Ильич,прапорщик,10,45
Алексеев Павел Андреевич,капитан,4,26
Васильев Максим Михайлович,майор,12,59
Петров Александр Андреевич,майор,1,37
Смирнов Роман Александрович,майор,11,55
Михайлов Юрий Олегович,прапорщик,4,42
Сидоров Михаил Викторович,лейтенант,6,23
Михайлов Артём Александрович,сержант,5,60
Михайлов Кирилл Романович,майор,1,40
Соловьёв Юрий Андреевич,майор,7,48
Соловьёв Кирилл Андреевич,капитан,7,52
Николаев Егор Максимович,прапорщик,10,54
Козлов Денис Максимович,рядовой,10,54
Петров Андрей Алексеевич,лейтенант,4,25
Кочергин Иван Никитич,капитан,6,25
Егоров Евгений Павлович,капитан,11,60
Новиков Егор Александрович,лейтенант,12,42
Яковлев Егор Дмитриевич,полковник,6,28
Яковлев Степан Иванович,полковник,5,32
Орлов Максим Кириллович,сержант,4,27
Никитин Михаил Иванович,лейтенант,3,28
Яковлев Алексей Павлович,капитан,12,41
Орлов Алексей Алексеевич,капитан,3,50
Кочергин Дмитрий Ильич,прапорщик,2,27
Сидоров Евгений Юрьевич,лейтенант,12,58
Степанов Матвей Сергеевич,рядовой,2,18
Новиков Михаил Андреевич,лейтенант,10,47
Павлов Максим Иванович,прапорщик,6,18
Николаев Сергей Кириллович,рядовой,5,18
Алексеев Алексей Сергеевич,сержант,12,32
Васильев Андрей Иванович,рядовой,3,31
Козлов Сергей Андреевич,прапорщик,12,45
Макаров Евгений Сергеевич,прапорщик,5,59
Орлов Юрий Никитич,рядовой,7,56
Егоров Михаил Иванович,рядовой,12,37
Иванов Роман Александрович,майор,2,53
Васильев Степан Михайлович,полковник,7,49
Новиков Денис Никитич,майор,2,44
Андреев Илья Алексеевич,полковник,1,53
Козлов Константин Павлович,полковник,11,23
Павлов Матвей Максимович,полковник,4,58
Яковлев Виктор Ильич,лейтенант,9,27
Петров Андрей Андреевич,рядовой,4,36
Алексеев Сергей Иванович,прапорщик,12,54
Соколов Дмитрий Романович,майор,6,47
Сидоров Андрей Павлович,полковник,3,27
Смирнов Матвей Андреевич,рядовой,2,40
Иванов Алексей Викторович,лейтенант,1,31
Алексеев Кирилл Александрович,полковник,4,30
Попов Иван Михайлович,капитан,6,49
Михайлов Кирилл Никитич,полковник,3,44
Фёдоров Никита Олегович,сержант,10,58
Сидоров Артём Ильич,рядовой,12,47
Фёдоров Егор Викторович,полковник,5,32
Зайцев Дмитрий Андреевич,лейтенант,9,24
Соловьёв Матвей Романович,капитан,12,21
Фёдоров Матвей Олегович,сержант,3,29
Андреев Олег Романович,сержант,2,18
Макаров Константин Павлович,лейтенант,1,44
Лебедев Кирилл Иванович,майор,6,34
Иванов Евгений Ильич,прапорщик,4,56
Сидоров Кирилл Кириллович,полковник,2,44
Васильев Иван Сергеевич,лейтенант,3,60
Кочергин Алексей Павлович,полковник,7,54
Кузнецов Юрий Михайлович,сержант,5,46
Васильев Евгений Александрович,майор,12,29
Петров Виктор Юрьевич,рядовой,10,27
Михайлов Павел Павлович,майор,3,36
Попов Иван Никитич,прапорщик,2,59
Борисов Андрей Никитич,капитан,7,48
Зайцев Сергей Павлович,сержант,5,58
Степанов Илья Юрьевич,капитан,11,20
Степанов Матвей Никитич,лейтенант,11,26
Николаев Денис Романович,сержант,10,24
Козлов Иван Александрович,рядовой,11,46
Морозов Артём Иванович,прапорщик,8,42
Яковлев Юрий Михайлович,полковник,4,59
Николаев Артём Павлович,капитан,6,20
Сидоров Кирилл Алексеевич,сержант,2,20
Иванов Иван Михайлович,рядовой,4,53
Яковлев Алексей Александрович,прапорщик,3,34
Егоров Юрий Михайлович,прапорщик,6,44
Егоров Александр Викторович,сержант,12,33
Лебедев Сергей Павлович,майор,9,57
Николаев Александр Михайлович,прапорщик,4,59
Кочергин Денис Олегович,прапорщик,9,55
Семёнов Роман Олегович,майор,6,38
Смирнов Максим Романович,полковник,11,42
Васильев Роман Олегович,полковник,12,20
Зайцев Кирилл Иванович,рядовой,7,41
Яковлев Матвей Павлович,майор,9,33
Морозов Сергей Викторович,сержант,4,55
Попов Олег Ильич,сержант,6,56
Борисов Михаил Викторович,сержант,2,37
Фёдоров Кирилл Ильич,лейтенант,1,39
Новиков Роман Максимович,майор,10,46
Андреев Евгений Юрьевич,капитан,12,36
Степанов Михаил Романович,капитан,8,59
Никитин Евгений Юрьевич,рядовой,12,57
Михайлов Денис Викторович,майор,8,55
Новиков Андрей Иванович,сержант,7,30
Степанов Евгений Павлович,сержант,4,25
Орлов Кирилл Андреевич,сержант,5,51
Соловьёв Кирилл Ильич,майор,11,41
Смирнов Роман Андреевич,сержант,6,41
Кочергин Степан Иванович,прапорщик,2,54
Павлов Олег Иванович,прапорщик,7,32
Попов Сергей Романович,майор,7,45
Иванов Егор Кириллович,сержант,7,32
Кочергин Роман Ильич,полковник,1,49
Зайцев Роман Павлович,прапорщик,11,25
Яковлев Иван Александрович,рядовой,3,18
Соловьёв Евгений Дмитриевич,рядовой,10,56
Смирнов Илья Олегович,лейтенант,1,37
Соловьёв Егор Александрович,капитан,10,46
Попов Матвей Михайлович,капитан,7,59
Кочергин Евгений Кириллович,полковник,6,20
Лебедев Константин Юрьевич,сержант,8,49
Борисов Андрей Иванович,рядовой,10,22
Орлов Евгений Олегович,лейтенант,12,18
Зайцев Иван Сергеевич,лейтенант,10,38
Павлов Роман Викторович,лейтенант,11,29
Степанов Алексей Кириллович,лейтенант,2,50
Васильев Алексей Олегович,рядовой,6,46
Попов Евгений Юрьевич,лейтенант,12,45
Петров Роман Юрьевич,майор,3,46
Васильев Кирилл Александрович,сержант,4,31
Кочергин Матвей Юрьевич,прапорщик,11,60
Зайцев Андрей Кириллович,капитан,2,49
Захаров Михаил Михайлович,прапорщик,10,47
Захаров Денис Павлович,капитан,9,20
Михайлов Егор Михайлович,сержант,2,57
Егоров Андрей Михайлович,рядовой,2,25
Михайлов Матвей Олегович,прапорщик,10,55
Яковлев Егор Кириллович,капитан,7,19
Попов Александр Андреевич,капитан,5,52
Павлов Юрий Алексеевич,капитан,9,21
Сидоров Олег Александрович,рядовой,7,49
Козлов Роман Максимович,капитан,4,26
Орлов Юрий Иванович,лейтенант,3,31
Михайлов Максим Максимович,прапорщик,10,55
Иванов Александр Ильич,капитан,4,19
Зайцев Андрей Сергеевич,капитан,1,38
Павлов Евгений Дмитриевич,прапорщик,12,25
Васильев Евгений Александрович,прапорщик,12,31
Лебедев Павел Алексеевич,лейтенант,4,22
Лебедев Сергей Алексеевич,полковник,5,29
Михайлов Дмитрий Павлович,майор,7,59
Степанов Александр Викторович,прапорщик,2,21
Андреев Юрий Михайлович,рядовой,11,56
Борисов Егор Сергеевич,рядовой,1,38
Андреев Павел Никитич,капитан,2,21
Макаров Михаил Романович,рядовой,9,58
Семёнов Олег Сергеевич,прапорщик,12,57
Соловьёв Олег Дмитриевич,лейтенант,8,55
Орлов Егор Сергеевич,майор,11,55
Андреев Алексей Ильич,майор,11,25
Кузнецов Артём Андреевич,лейтенант,10,38
Фёдоров Максим Дмитриевич,сержант,6,32
Сидоров Михаил Алексеевич,полковник,2,33
Кузнецов Виктор Романович,сержант,9,29
Андреев Иван Иванович,лейтенант,8,52
Егоров Александр Андреевич,прапорщик,6,32
Морозов Олег Романович,майор,3,32
Сидоров Константин Кириллович,лейтенант,3,41
Андреев Артём Романович,рядовой,3,40
Захаров Степан Олегович,майор,1,35
Борисов Денис Юрьевич,капитан,9,27
Егоров Матвей Юрьевич,лейтенант,12,47
Соловьёв Юрий Михайлович,майор,12,38
Захаров Егор Павлович,прапорщик,2,53
Соловьёв Юрий Александрович,капитан,4,38
Борисов Никита Викторович,лейтенант,6,59
Павлов Дмитрий Дмитриевич,полковник,2,37
Николаев Олег Кириллович,сержант,7,31
Семёнов Олег Никитич,сержант,10,38
Павлов Александр Александрович,капитан,3,27
Лебедев Артём Дмитриевич,сержант,7,56
Васильев Степан Максимович,лейтенант,2,52
Захаров Евгений Алексеевич,прапорщик,6,54
Николаев Иван Михайлович,сержант,11,23
Захаров Матвей Максимович,сержант,12,42
Алексеев Никита Андреевич,капитан,6,56
Николаев Павел Олегович,майор,1,23
Васильев Кирилл Дмитриевич,рядовой,1,36
Соловьёв Максим Андреевич,полковник,3,29
Семёнов Максим Кириллович,полковник,8,41
Никитин Павел Александрович,сержант,9,29
Павлов Егор Никитич,лейтенант,3,19
Соколов Роман Михайлович,сержант,1,45
Семёнов Виктор Юрьевич,майор,12,18
Новиков Александр Максимович,сержант,12,57
Егоров Максим Викторович,прапорщик,4,47
Орлов Андрей Романович,лейтенант,10,47
Петров Михаил Романович,прапорщик,10,32
Орлов Александр Романович,капитан,1,21
Петров Виктор Олегович,сержант,8,36
Новиков Артём Викторович,прапорщик,12,37
Борисов Юрий Дмитриевич,рядовой,11,32
Кочергин Максим Дмитриевич,капитан,5,42
Зайцев Степан Алексеевич,полковник,6,32
Алексеев Егор Олегович,рядовой,6,60
Козлов Михаил Иванович,лейтенант,7,41
Макаров Никита Максимович,полковник,3,47
Семёнов Роман Александрович,прапорщик,1,48
Кочергин Никита Кириллович,лейтенант,8,59
Орлов Александр Викторович,рядовой,7,54
Борисов Илья Максимович,лейтенант,3,27
Егоров Роман Викторович,сержант,1,21
Кочергин Артём Романович,прапорщик,4,19
Сидоров Сергей Сергеевич,капитан,1,18
Семёнов Илья Викторович,полковник,3,30
Захаров Константин Максимович,рядовой,10,21
Егоров Сергей Викторович,прапорщик,4,24
Зайцев Михаил Сергеевич,майор,7,47
Семёнов Сергей Павлович,прапорщик,7,51
Морозов Павел Олегович,сержант,10,44
Новиков Юрий Олегович,рядовой,4,30
Петров Алексей Ильич,майор,7,49
Попов Матвей Александрович,прапорщик,2,39
Борисов Кирилл Александрович,лейтенант,1,42
Иванов Михаил Олегович,майор,4,51
Васильев Сергей Максимович,сержант,7,58
Яковлев Никита Никитич,прапорщик,9,52
Кочергин Никита Павлович,капитан,4,48
Николаев Михаил Романович,рядовой,10,22
Никитин Илья Кириллович,капитан,12,19
Алексеев Егор Сергеевич,прапорщик,12,23
Попов Денис Алексеевич,капитан,11,24
Никитин Артём Олегович,сержант,1,32
Васильев Константин Алексеевич,капитан,10,27
Морозов Михаил Алексеевич,прапорщик,3,57
Яковлев Евгений Андреевич,капитан,8,35
Соловьёв Андрей Михайлович,майор,7,18
Сидоров Олег Никитич,капитан,3,38
Яковлев Олег Михайлович,полковник,6,52
Смирнов Егор Алексеевич,прапорщик,6,60
Васильев Павел Романович,сержант,3,36
Соколов Юрий Андреевич,капитан,2,26
Яковлев Евгений Романович,рядовой,1,58
Семёнов Константин Никитич,капитан,12,27
Васильев Егор Ильич,прапорщик,9,31
Макаров Иван Максимович,полковник,5,28
Сидоров Константин Алексеевич,лейтенант,9,57
Николаев Михаил Олегович,рядовой,8,52
Никитин Кирилл Викторович,прапорщик,8,20
Соколов Степан Иванович,лейтенант,7,19
Кочергин Матвей Кириллович,сержант,8,30
Павлов Максим Никитич,рядовой,7,24
Фёдоров Иван Кириллович,лейтенант,6,30
Михайлов Денис Кириллович,майор,5,55
Кочергин Илья Михайлович,полковник,3,23
Петров Константин Кириллович,сержант,2,45
Иванов Иван Ильич,капитан,11,55
Алексеев Олег Павлович,майор,10,33
Павлов Дмитрий Андреевич,майор,6,19
Петров Кирилл Дмитриевич,майор,12,55
Кузнецов Егор Юрьевич,прапорщик,7,18
Николаев Илья Михайлович,капитан,7,24
Николаев Евгений Михайлович,лейтенант,9,39
Петров Виктор Викторович,рядовой,3,42
Васильев Александр Алексеевич,рядовой,9,39
Сидоров Кирилл Алексеевич,рядовой,4,19
Макаров Михаил Михайлович,полковник,9,37
Борисов Егор Иванович,сержант,1,44
Соловьёв Константин Олегович,капитан,3,48
Сидоров Кирилл Александрович,сержант,4,19
Семёнов Дмитрий Павлович,полковник,7,32
Новиков Егор Ильич,лейтенант,8,52
Алексеев Константин Романович,сержант,11,38
Михайлов Олег Дмитриевич,рядовой,10,50
Яковлев Степан Андреевич,рядовой,1,43
Козлов Роман Юрьевич,прапорщик,9,38
Михайлов Александр Юрьевич,майор,11,26
Иванов Сергей Ильич,капитан,4,40
Соловьёв Артём Сергеевич,капитан,12,45
Орлов Александр Олегович,сержант,12,53
Никитин Павел Романович,прапорщик,4,60
Степанов Андрей Викторович,майор,5,56
Кочергин Иван Ильич,рядовой,9,24
Макаров Александр Максимович,прапорщик,1,53
Сидоров Роман Кириллович,лейтенант,9,53
Сидоров Матвей Олегович,лейтенант,5,51
Сидоров Степан Михайлович,сержант,9,36
Лебедев Олег Никитич,прапорщик,12,26
Павлов Денис Алексеевич,сержант,7,47
Иванов Степан Дмитриевич,капитан,12,39
Захаров Максим Никитич,майор,3,21
Степанов Степан Кириллович,лейтенант,7,25
Соколов Роман Максимович,капитан,7,20
Васильев Алексей Романович,прапорщик,9,50
Новиков Матвей Романович,полковник,12,49
Никитин Степан Павлович,майор,10,37
Никитин Дмитрий Алексеевич,лейтенант,9,21
Козлов Артём Михайлович,майор,9,32
Петров Степан Олегович,полковник,5,48
Николаев Роман Максимович,сержант,3,20
Алексеев Никита Романович,капитан,7,50
Сидоров Виктор Александрович,сержант,5,46
Орлов Юрий Викторович,лейтенант,6,36
Егоров Алексей Олегович,майор,11,41
Сидоров Евгений Александрович,лейтенант,3,59
Семёнов Илья Викторович,прапорщик,4,23
Лебедев Матвей Кириллович,полковник,3,28
Яковлев Илья Михайлович,майор,2,46
Морозов Кирилл Олегович,полковник,3,26
Борисов Степан Дмитриевич,рядовой,4,27
Николаев Сергей Кириллович,сержант,9,38
Кузнецов Матвей Михайлович,прапорщик,7,25
Степанов Дмитрий Михайлович,майор,4,47
Новиков Степан Павлович,сержант,9,21
Егоров Виктор Никитич,полковник,2,41
Зайцев Кирилл Павлович,полковник,6,57
Яковлев Константин Алексеевич,лейтенант,8,45
Сидоров Павел Сергеевич,прапорщик,12,25
Орлов Роман Михайлович,прапорщик,4,27
Петров Кирилл Дмитриевич,сержант,4,36
Петров Илья Юрьевич,лейтенант,4,50
Орлов Евгений Ильич,прапорщик,7,60
Андреев Сергей Андреевич,рядовой,4,35
Сидоров Степан Олегович,лейтенант,9,41
Кузнецов Никита Юрьевич,сержант,11,33
Семёнов Степан Викторович,лейтенант,7,18
Новиков Матвей Михайлович,сержант,4,52
Андреев Юрий Романович,полковник,9,20
Васильев Степан Кириллович,майор,8,35
Морозов Олег Михайлович,капитан,9,59
Борисов Роман Иванович,сержант,7,34
Борисов Евгений Максимович,прапорщик,5,33
Кузнецов Дмитрий Викторович,полковник,1,40
Орлов Александр Максимович,капитан,5,18
Яковлев Павел Михайлович,майор,9,27
Андреев Денис Юрьевич,капитан,2,49
Семёнов Павел Кириллович,рядовой,6,20
Фёдоров Максим Ильич,рядовой,5,30
Соколов Алексей Романович,рядовой,6,59
Соловьёв Максим Олегович,лейтенант,10,26
Козлов Алексей Михайлович,сержант,8,24
Кочергин Олег Максимович,рядовой,9,51
Степанов Виктор Романович,полковник,3,21
Морозов Евгений Павлович,прапорщик,12,53
Степанов Олег Павлович,лейтенант,8,27
Павлов Сергей Павлович,сержант,11,51
Васильев Роман Олегович,прапорщик,6,39
Николаев Олег Юрьевич,майор,1,44
Борисов Иван Сергеевич,капитан,8,52
Козлов Павел Алексеевич,полковник,10,36
Никитин Олег Андреевич,полковник,11,20
Зайцев Илья Павлович,капитан,11,45
Зайцев Евгений Романович,рядовой,8,39
Попов Андрей Викторович,капитан,7,34
Михайлов Степан Дмитриевич,прапорщик,4,59
Яковлев Кирилл Максимович,прапорщик,1,22
Егоров Юрий Михайлович,прапорщик,1,59
Павлов Виктор Викторович,рядовой,5,37
Васильев Иван Сергеевич,рядовой,8,32
Морозов Олег Ильич,сержант,12,54
Захаров Дмитрий Юрьевич,капитан,1,59
Иванов Матвей Кириллович,майор,5,48
Лебедев Дмитрий Ильич,полковник,9,53
Фёдоров Виктор Ильич,капитан,8,39
Зайцев Никита Иванович,капитан,2,21
Фёдоров Илья Викторович,полковник,6,60
Морозов Роман Михайлович,прапорщик,1,47
Соколов Никита Иванович,капитан,10,41
Попов Михаил Андреевич,майор,7,60
Зайцев Иван Алексеевич,майор,10,40
Соловьёв Кирилл Сергеевич,майор,5,34
Никитин Павел Андреевич,капитан,8,36
Васильев Константин Кириллович,рядовой,4,36
Кочергин Матвей Кириллович,лейтенант,1,52
Морозов Евгений Никитич,капитан,2,28
Смирнов Юрий Ильич,сержант,10,20
Морозов Константин Сергеевич,сержант,8,50
Кузнецов Иван Никитич,капитан,10,26
Никитин Евгений Олегович,лейтенант,5,35
Орлов Виктор Никитич,полковник,3,55
Лебедев Роман Викторович,рядовой,1,37
Новиков Роман Кириллович,лейтенант,1,58
Захаров Константин Олегович,майор,6,27
Фёдоров Олег Кириллович,лейтенант,9,30
Орлов Михаил Сергеевич,капитан,5,21
Зайцев Павел Андреевич,сержант,8,48
Михайлов Константин Андреевич,сержант,11,27
Степанов Андрей Павлович,лейтенант,5,20
Попов Михаил Андреевич,лейтенант,3,58
Кузнецов Павел Александрович,капитан,5,59
Соколов Максим Романович,рядовой,9,53
Николаев Матвей Алексеевич,майор,5,31
Морозов Алексей Иванович,рядовой,12,47
Орлов Сергей Сергеевич,капитан,6,56
Семёнов Роман Александрович,рядовой,3,46
Новиков Егор Романович,рядовой,5,23
Зайцев Юрий Александрович,сержант,5,22
Андреев Кирилл Олегович,полковник,7,26
Егоров Артём Никитич,сержант,3,23
Николаев Михаил Максимович,сержант,1,37
Фёдоров Роман Иванович,сержант,4,31
Кузнецов Иван Никитич,прапорщик,2,52
Фёдоров Егор Павлович,рядовой,5,45
Смирнов Олег Романович,майор,7,57
Васильев Юрий Иванович,сержант,4,27
Зайцев Константин Максимович,капитан,2,54
Сидоров Алексей Андреевич,капитан,10,50
Андреев Кирилл Олегович,сержант,5,25
Алексеев Максим Александрович,сержант,1,35
Петров Павел Иванович,рядовой,1,42
Кочергин Сергей Ильич,лейтенант,8,41
Степанов Иван Михайлович,прапорщик,7,59
Васильев Матвей Алексеевич,прапорщик,5,55
Смирнов Виктор Кириллович,сержант,5,39
Макаров Матвей Сергеевич,капитан,4,39
Кузнецов Егор Олегович,полковник,10,40
Морозов Алексей Павлович,майор,1,47
Смирнов Егор Сергеевич,капитан,6,22
Алексеев Александр Олегович,полковник,8,18
Кузнецов Илья Михайлович,капитан,11,22
Никитин Олег Ильич,лейтенант,6,41
Егоров Егор Алексеевич,прапорщик,11,21
Лебедев Иван Иванович,прапорщик,1,31
Козлов Илья Никитич,сержант,5,35
Николаев Алексей Михайлович,лейтенант,2,42
Сидоров Павел Ильич,прапорщик,10,59
Захаров Сергей Алексеевич,прапорщик,4,23
Андреев Константин Алексеевич,полковник,5,34
Никитин Михаил Павлович,рядовой,8,21
Павлов Павел Александрович,сержант,12,19
Фёдоров Денис Викторович,капитан,11,52
Захаров Андрей Сергеевич,майор,11,21
Фёдоров Иван Максимович,лейтенант,9,42
Алексеев Егор Максимович,прапорщик,2,31
Андреев Виктор Сергеевич,полковник,4,50
Козлов Михаил Кириллович,полковник,4,27
Орлов Сергей Дмитриевич,майор,3,35
Семёнов Егор Павлович,рядовой,8,36
Васильев Роман Сергеевич,майор,6,28
Фёдоров Евгений Юрьевич,рядовой,4,58
Соловьёв Евгений Викторович,майор,12,38
Фёдоров Юрий Романович,лейтенант,2,29
Попов Матвей Кириллович,сержант,4,25
Иванов Юрий Александрович,майор,3,35
Фёдоров Артём Дмитриевич,рядовой,5,19
Орлов Кирилл Романович,рядовой,1,23
Иванов Егор Александрович,рядовой,7,44
Кочергин Михаил Викторович,капитан,10,38
Николаев Максим Александрович,лейтенант,2,36
Андреев Егор Олегович,прапорщик,2,35
Семёнов Кирилл Олегович,прапорщик,9,52
Фёдоров Кирилл Александрович,капитан,5,45
Егоров Максим Михайлович,полковник,7,60
Алексеев Артём Максимович,лейтенант,2,40
Макаров Степан Ильич,капитан,5,30
Кузнецов Матвей Олегович,лейтенант,3,25
Степанов Иван Александрович,капитан,3,46
Никитин Матвей Павлович,полковник,1,52
Никитин Иван Сергеевич,майор,11,46
Семёнов Павел Романович,прапорщик,1,54
Соловьёв Денис Кириллович,капитан,11,44
Орлов Сергей Максимович,капитан,2,57
Михайлов Виктор Александрович,рядовой,6,24
Павлов Артём Максимович,лейтенант,9,45
Кочергин Никита Андреевич,майор,7,33
Лебедев Никита Юрьевич,лейтенант,11,37
Никитин Егор Максимович,капитан,11,43
Павлов Павел Юрьевич,рядовой,10,29
Кузнецов Дмитрий Михайлович,полковник,5,25
Васильев Андрей Иванович,лейтенант,2,19
Степанов Денис Михайлович,полковник,3,27
Зайцев Сергей Никитич,лейтенант,2,53
Никитин Дмитрий Сергеевич,полковник,1,41
Егоров Юрий Никитич,капитан,7,30
Фёдоров Александр Ильич,сержант,7,37
Зайцев Дмитрий Павлович,рядовой,11,31
Борисов Денис Сергеевич,рядовой,3,29
Морозов Егор Андреевич,полковник,9,46
Борисов Артём Александрович,майор,9,22
Орлов Сергей Павлович,капитан,2,43
Павлов Евгений Андреевич,капитан,9,53
Зайцев Максим Павлович,капитан,3,53
Алексеев Дмитрий Сергеевич,лейтенант,9,30
Лебедев Максим Алексеевич,майор,12,33
Петров Степан Никитич,полковник,8,47
Соловьёв Егор Андреевич,майор,3,50
Макаров Сергей Романович,прапорщик,5,34
Семёнов Михаил Алексеевич,лейтенант,9,23
Михайлов Иван Максимович,рядовой,3,41
Борисов Роман Сергеевич,полковник,7,24
Попов Кирилл Кириллович,прапорщик,7,31
Макаров Илья Сергеевич,майор,5,60
Лебедев Михаил Олегович,майор,11,34
Борисов Артём Викторович,капитан,5,34
Сидоров Матвей Олегович,лейтенант,1,36
Орлов Артём Викторович,полковник,3,21
Семёнов Константин Викторович,капитан,5,34
Кочергин Юрий Никитич,полковник,5,43
Петров Максим Никитич,рядовой,4,41
Семёнов Андрей Александрович,рядовой,1,36
Егоров Павел Максимович,рядовой,5,60
Фёдоров Кирилл Романович,лейтенант,6,28
Сидоров Константин Викторович,лейтенант,6,43
Иванов Дмитрий Никитич,капитан,7,54
Захаров Матвей Павлович,лейтенант,4,27
Алексеев Никита Дмитриевич,майор,12,54
Алексеев Виктор Максимович,рядовой,8,48
Никитин Сергей Алексеевич,прапорщик,1,34
Сидоров Кирилл Иванович,капитан,4,25
Васильев Максим Викторович,лейтенант,1,49
Никитин Максим Михайлович,полковник,9,60
Козлов Михаил Максимович,рядовой,2,27
Андреев Иван Кириллович,рядовой,2,45
Кочергин Артём Кириллович,полковник,2,31
Сидоров Сергей Михайлович,капитан,3,55
Сидоров Никита Олегович,майор,9,49
Семёнов Юрий Иванович,полковник,4,40
Орлов Артём Алексеевич,полковник,2,25
Николаев Юрий Иванович,прапорщик,11,44
Зайцев Павел Александрович,рядовой,8,30
Николаев Сергей Дмитриевич,сержант,3,37
Никитин Илья Юрьевич,сержант,5,36
Новиков Виктор Сергеевич,полковник,8,50
Соловьёв Илья Кириллович,лейтенант,7,30
Соколов Алексей Никитич,лейтенант,12,43
Васильев Егор Юрьевич,майор,3,23
Смирнов Максим Михайлович,капитан,3,51
Морозов Александр Юрьевич,прапорщик,10,31
Алексеев Иван Никитич,капитан,9,22
Новиков Сергей Павлович,прапорщик,5,47
Захаров Никита Павлович,капитан,4,19
Иванов Виктор Андреевич,сержант,3,28
Соловьёв Илья Сергеевич,полковник,8,33
Сидоров Егор Алексеевич,прапорщик,7,23
Морозов Павел Иванович,полковник,9,47
Иванов Максим Алексеевич,майор,1,38
Фёдоров Никита Алексеевич,капитан,4,35
Алексеев Артём Сергеевич,капитан,1,34
Сидоров Сергей Сергеевич,майор,1,18
Иванов Роман Викторович,лейтенант,2,45
Попов Сергей Иванович,майор,10,53
Попов Евгений Сергеевич,полковник,3,41
Морозов Алексей Ильич,рядовой,1,40
Никитин Матвей Алексеевич,капитан,5,37
Никитин Иван Дмитриевич,капитан,3,39
Николаев Максим Иванович,сержант,9,57
Андреев Иван Александрович,майор,9,18
Зайцев Денис Романович,рядовой,12,29
Петров Александр Александрович,лейтенант,3,25
Николаев Дмитрий Алексеевич,лейтенант,7,20
Михайлов Виктор Максимович,прапорщик,7,48
Кузнецов Егор Кириллович,полковник,8,55
Михайлов Андрей Дмитриевич,рядовой,11,28
Зайцев Евгений Михайлович,капитан,12,45
Кузнецов Кирилл Максимович,капитан,1,54
Андреев Сергей Иванович,капитан,8,25
Степанов Иван Алексеевич,сержант,10,18
Соловьёв Никита Олегович,сержант,1,21
Борисов Михаил Никитич,капитан,10,36
Борисов Михаил Дмитриевич,лейтенант,8,20
Борисов Матвей Михайлович,майор,2,39
Захаров Константин Александрович,полковник,2,53
Кочергин Степан Максимович,прапорщик,4,29
Зайцев Егор Александрович,капитан,2,45
Петров Дмитрий Никитич,майор,1,33
Андреев Андрей Викторович,лейтенант,5,39
Соколов Михаил Иванович,прапорщик,5,40
Козлов Александр Павлович,сержант,11,29
Яковлев Алексей Павлович,сержант,5,55
Орлов Сергей Алексеевич,майор,5,45
Морозов Виктор Михайлович,полковник,4,46
Никитин Андрей Сергеевич,капитан,10,30
Сидоров Павел Кириллович,прапорщик,6,38
Новиков Кирилл Сергеевич,сержант,9,52
Яковлев Виктор Кириллович,полковник,3,20
Смирнов Иван Александрович,полковник,2,42
Павлов Иван Романович,лейтенант,2,21
Егоров Никита Дмитриевич,полковник,3,21
Соколов Максим Максимович,лейтенант,12,25
Козлов Андрей Юрьевич,лейтенант,7,56
Андреев Алексей Дмитриевич,рядовой,5,39
Егоров Никита Михайлович,сержант,9,51
Морозов Алексей Олегович,лейтенант,12,57
Соколов Кирилл Олегович,прапорщик,3,37
Макаров Александр Ильич,капитан,8,20
Соловьёв Кирилл Ильич,рядовой,12,56
Иванов Александр Максимович,капитан,2,60
Андреев Максим Никитич,рядовой,9,26
Яковлев Евгений Андреевич,лейтенант,8,35
Орлов Кирилл Иванович,прапорщик,8,18
Морозов Олег Александрович,прапорщик,2,34
Фёдоров Евгений Павлович,лейтенант,2,41
Сидоров Олег Андреевич,прапорщик,5,22
Павлов Максим Александрович,сержант,1,42
Морозов Артём Михайлович,полковник,6,38
Соловьёв Константин Олегович,лейтенант,1,56
Алексеев Никита Юрьевич,прапорщик,12,37
Фёдоров Андрей Максимович,капитан,6,50
Новиков Павел Дмитриевич,майор,6,26
Семёнов Матвей Ильич,прапорщик,1,51
Иванов Алексей Сергеевич,капитан,6,53
Кочергин Кирилл Павлович,лейтенант,7,42
Новиков Виктор Романович,прапорщик,5,36
Кочергин Роман Олегович,майор,4,46
Николаев Константин Кириллович,майор,9,27
Павлов Денис Александрович,капитан,8,35
Никитин Матвей Дмитриевич,капитан,7,46
Яковлев Сергей Михайлович,лейтенант,6,48
Новиков Андрей Андреевич,прапорщик,4,48
Михайлов Егор Алексеевич,сержант,4,49
Кочергин Илья Олегович,лейтенант,2,48
Морозов Степан Викторович,сержант,7,18
Козлов Илья Юрьевич,сержант,11,26
Кочергин Михаил Кириллович,сержант,2,50
Яковлев Олег Ильич,майор,5,45
Смирнов Дмитрий Викторович,сержант,7,45
Орлов Виктор Викторович,рядовой,5,31
Кочергин Артём Михайлович,рядовой,8,57
Алексеев Александр Иванович,капитан,4,41
Попов Михаил Сергеевич,капитан,2,30
Михайлов Александр Олегович,майор,7,43
Попов Виктор Никитич,рядовой,5,19
Егоров Алексей Андреевич,майор,11,29
Яковлев Александр Максимович,прапорщик,2,45
Попов Олег Викторович,сержант,10,49
Яковлев Александр Алексеевич,полковник,1,20
Иванов Олег Иванович,капитан,4,34
Кочергин Евгений Максимович,капитан,2,39
Кочергин Дмитрий Сергеевич,майор,3,25
Михайлов Евгений Павлович,прапорщик,8,54
Сидоров Алексей Юрьевич,лейтенант,2,37
Яковлев Илья Никитич,прапорщик,11,42
Макаров Денис Сергеевич,капитан,3,33
Петров Степан Никитич,майор,7,50
Семёнов Юрий Павлович,сержант,9,60
Козлов Павел Алексеевич,прапорщик,4,52
Лебедев Сергей Андреевич,полковник,9,18
Макаров Степан Алексеевич,сержант,3,58
Сидоров Егор Андреевич,майор,5,46
Орлов Дмитрий Юрьевич,прапорщик,10,24
Кузнецов Илья Кириллович,прапорщик,8,56
Андреев Константин Ильич,полковник,3,49
Кочергин Иван Романович,полковник,3,21
Яковлев Дмитрий Андреевич,лейтенант,4,39
Соколов Роман Александрович,прапорщик,9,40
Егоров Иван Никитич,сержант,6,18
Павлов Иван Максимович,сержант,5,40
Степанов Роман Никитич,полковник,9,20
Андреев Илья Александрович,капитан,1,43
Егоров Алексей Никитич,майор,11,41
Сидоров Максим Романович,майор,4,32
Сидоров Денис Александрович,прапорщик,2,49
Орлов Иван Иванович,майор,5,27
Захаров Егор Михайлович,рядовой,10,21
Попов Никита Павлович,лейтенант,2,58
Егоров Роман Кириллович,прапорщик,9,40
Борисов Артём Олегович,полковник,9,31
Лебедев Степан Романович,рядовой,12,44
Козлов Никита Романович,рядовой,3,18
Михайлов Илья Алексеевич,сержант,10,56
Захаров Андрей Викторович,капитан,11,47
Васильев Евгений Сергеевич,прапорщик,9,52
Захаров Роман Никитич,прапорщик,8,31
Семёнов Егор Иванович,рядовой,6,32
Павлов Кирилл Викторович,сержант,3,30
Петров Роман Юрьевич,рядовой,8,49
Смирнов Роман Сергеевич,сержант,12,59
Сидоров Илья Кириллович,сержант,10,52
Захаров Константин Олегович,рядовой,8,22
Кузнецов Сергей Сергеевич,майор,9,51
Васильев Александр Михайлович,прапорщик,6,51
Соловьёв Роман Романович,капитан,12,28
Лебедев Михаил Михайлович,полковник,3,40
Фёдоров Артём Максимович,рядовой,11,34
Михайлов Иван Иванович,сержант,6,45
Андреев Никита Сергеевич,прапорщик,7,35
Попов Михаил Иванович,лейтенант,7,38
Николаев Иван Алексеевич,майор,6,43
Яковлев Виктор Сергеевич,полковник,1,57
Кузнецов Матвей Олегович,прапорщик,4,19
Кузнецов Константин Никитич,полковник,9,49
Андреев Михаил Сергеевич,майор,5,54
Егоров Матвей Сергеевич,сержант,9,58
Николаев Денис Никитич,майор,5,44
Захаров Егор Кириллович,рядовой,5,37
Козлов Сергей Иванович,лейтенант,2,54
Захаров Олег Александрович,сержант,11,26
Морозов Алексей Романович,рядовой,1,27
Иванов Павел Дмитриевич,рядовой,6,34
Захаров Виктор Михайлович,полковник,8,35
Васильев Александр Павлович,рядовой,4,46
Кочергин Денис Романович,лейтенант,10,28
Лебедев Денис Ильич,сержант,10,27
Михайлов Павел Кириллович,прапорщик,3,57
Лебедев Олег Александрович,лейтенант,9,28
Орлов Илья Викторович,рядовой,7,46
Павлов Никита Никитич,майор,11,39
Зайцев Матвей Алексеевич,рядовой,11,54
Михайлов Александр Олегович,прапорщик,3,36
Макаров Павел Максимович,рядовой,6,22
Семёнов Михаил Олегович,прапорщик,5,25
Макаров Илья Кириллович,полковник,1,40
Соколов Олег Александрович,рядовой,9,50
Козлов Евгений Максимович,прапорщик,9,31
Михайлов Илья Александрович,майор,7,38
Макаров Алексей Никитич,рядовой,12,49
Семёнов Александр Романович,полковник,7,23
Макаров Евгений Юрьевич,майор,12,41
Павлов Александр Никитич,капитан,10,56
Михайлов Алексей Ильич,рядовой,3,50
Яковлев Юрий Иванович,сержант,2,33
Новиков Матвей Павлович,майор,3,59
Николаев Дмитрий Александрович,полковник,8,29
Попов Матвей Михайлович,капитан,11,40
Попов Андрей Юрьевич,капитан,1,31
Новиков Артём Ильич,полковник,4,35
Павлов Юрий Андреевич,прапорщик,2,36
Андреев Олег Викторович,сержант,8,27
Соколов Виктор Кириллович,капитан,11,45
Соловьёв Илья Дмитриевич,капитан,3,39
Сидоров Юрий Романович,сержант,7,51
Лебедев Виктор Иванович,прапорщик,2,45
Кочергин Павел Викторович,капитан,12,41
Петров Алексей Михайлович,майор,7,18
Фёдоров Александр Кириллович,рядовой,12,53
Алексеев Юрий Александрович,капитан,6,45
Никитин Илья Иванович,капитан,3,52
Смирнов Павел Алексеевич,сержант,7,29
Петров Юрий Романович,рядовой,10,32
Васильев Юрий Максимович,майор,7,47
Сидоров Степан Максимович,майор,9,19
Лебедев Виктор Павлович,полковник,11,45
Степанов Дмитрий Дмитриевич,лейтенант,9,46
Попов Матвей Юрьевич,прапорщик,9,55
Николаев Денис Викторович,полковник,11,37
Морозов Матвей Максимович,майор,2,31
Яковлев Сергей Павлович,прапорщик,6,38
Борисов Сергей Дмитриевич,капитан,7,40
Лебедев Роман Ильич,прапорщик,3,48
Кочергин Юрий Никитич,майор,11,40
Орлов Сергей Александрович,лейтенант,2,20
Кузнецов Сергей Алексеевич,майор,3,48
Козлов Александр Павлович,полковник,6,60
Яковлев Егор Юрьевич,рядовой,10,32
Захаров Дмитрий Павлович,сержант,10,59
Андреев Кирилл Викторович,майор,7,49
Новиков Константин Кириллович,капитан,5,36
Яковлев Роман Иванович,капитан,12,59
Морозов Дмитрий Александрович,прапорщик,12,21
Михайлов Александр Викторович,майор,8,37
Борисов Сергей Викторович,майор,5,60
Лебедев Олег Ильич,майор,2,42
Яковлев Алексей Романович,капитан,5,60
Кузнецов Роман Кириллович,прапорщик,7,42
Васильев Никита Максимович,прапорщик,6,39
Макаров Сергей Максимович,лейтенант,10,42
Козлов Юрий Никитич,майор,11,53
Степанов Павел Викторович,капитан,2,57
Орлов Денис Михайлович,лейтенант,8,26
Павлов Константин Кириллович,майор,12,60
Соколов Иван Ильич,прапорщик,1,34
Новиков Артём Романович,прапорщик,9,23
Яковлев Андрей Максимович,сержант,1,28
Яковлев Никита Иванович,лейтенант,11,37
Степанов Матвей Андреевич,полковник,2,49
Алексеев Матвей Александрович,рядовой,7,54
Борисов Сергей Михайлович,полковник,7,43
Егоров Александр Андреевич,прапорщик,11,46
Петров Егор Ильич,рядовой,10,31
Кузнецов Михаил Алексеевич,лейтенант,3,28
Кузнецов Степан Андреевич,рядовой,9,39
Лебедев Евгений Кириллович,майор,10,38
Андреев Олег Романович,прапорщик,2,58
Яковлев Илья Сергеевич,прапорщик,2,40
Васильев Юрий Александрович,полковник,3,35
Егоров Александр Максимович,прапорщик,4,43
Иванов Иван Андреевич,прапорщик,5,52
Фёдоров Максим Кириллович,лейтенант,11,39
Кузнецов Константин Иванович,прапорщик,3,60
Егоров Артём Иванович,майор,7,27
Орлов Евгений Андреевич,прапорщик,7,49
Михайлов Максим Кириллович,майор,10,58
Павлов Роман Юрьевич,рядовой,11,56
Борисов Артём Дмитриевич,лейтенант,11,57
Яковлев Максим Павлович,сержант,4,25
Борисов Максим Михайлович,майор,10,60
Морозов Матвей Дмитриевич,полковник,7,27
Степанов Андрей Максимович,прапорщик,8,22
Лебедев Константин Романович,сержант,6,25
Попов Роман Павлович,прапорщик,12,32
Соколов Юрий Андреевич,капитан,9,27
Павлов Павел Сергеевич,лейтенант,5,56
Алексеев Михаил Александрович,рядовой,2,57
Алексеев Виктор Романович,полковник,5,60
Михайлов Степан Никитич,майор,2,59
Фёдоров Юрий Викторович,прапорщик,11,46
Сидоров Егор Романович,лейтенант,2,60
Козлов Егор Дмитриевич,лейтенант,5,35
Лебедев Юрий Викторович,прапорщик,9,44
Новиков Алексей Иванович,майор,7,40
Морозов Константин Максимович,лейтенант,4,34
Яковлев Алексей Павлович,полковник,1,25
Алексеев Сергей Дмитриевич,полковник,6,56
Фёдоров Денис Юрьевич,майор,3,41
Петров Михаил Викторович,сержант,4,28
Орлов Павел Дмитриевич,капитан,8,36
Яковлев Александр Олегович,капитан,11,39
Кочергин Илья Юрьевич,рядовой,8,39
Кузнецов Степан Максимович,полковник,3,45
Иванов Роман Викторович,рядовой,3,50
Попов Максим Алексеевич,полковник,12,40
Алексеев Иван Никитич,сержант,2,30
Орлов Степан Михайлович,майор,5,22
Семёнов Артём Викторович,сержант,10,58
Петров Константин Александрович,рядовой,9,53
Соловьёв Александр Алексеевич,майор,7,19
Кузнецов Олег Викторович,полковник,6,22
Фёдоров Андрей Максимович,сержант,3,35
Иванов Роман Михайлович,полковник,6,37
Васильев Сергей Кириллович,прапорщик,10,55
Егоров Артём Алексеевич,рядовой,4,44
Соколов Константин Кириллович,капитан,7,55
Петров Роман Олегович,прапорщик,6,31
Павлов Александр Иванович,рядовой,2,49
Орлов Иван Павлович,капитан,6,25
Николаев Артём Дмитриевич,рядовой,9,30
Смирнов Матвей Павлович,лейтенант,2,33
Соловьёв Юрий Дмитриевич,прапорщик,5,47
Фёдоров Степан Александрович,капитан,11,50
Морозов Артём Александрович,лейтенант,10,56
Иванов Артём Александрович,полковник,8,59
Кузнецов Дмитрий Андреевич,прапорщик,3,44
Козлов Сергей Михайлович,рядовой,10,19
Кочергин Сергей Романович,сержант,8,36
Козлов Александр Романович,майор,10,50
Яковлев Евгений Алексеевич,полковник,12,25
Морозов Илья Романович,лейтенант,3,39
Козлов Сергей Романович,полковник,8,44
Макаров Егор Иванович,полковник,7,57
Семёнов Илья Алексеевич,полковник,3,24
Борисов Павел Ильич,сержант,11,40
Степанов Алексей Александрович,майор,11,44
Павлов Павел Михайлович,майор,5,49
Соловьёв Юрий Викторович,лейтенант,10,40
Иванов Егор Романович,капитан,6,59
Андреев Алексей Олегович,полковник,5,44
Борисов Павел Андреевич,полковник,6,36
Захаров Константин Михайлович,полковник,3,32
Николаев Никита Андреевич,полковник,6,57
Сидоров Артём Сергеевич,полковник,11,21
Козлов Виктор Иванович,майор,8,44
Соловьёв Андрей Сергеевич,рядовой,2,56
Соколов Сергей Максимович,капитан,6,24
Кочергин Сергей Олегович,прапорщик,3,58
Николаев Максим Ильич,прапорщик,1,34
Соловьёв Павел Викторович,рядовой,5,33
Семёнов Илья Викторович,полковник,11,48
Егоров Константин Юрьевич,полковник,7,59
Егоров Никита Викторович,сержант,9,26
Захаров Андрей Михайлович,рядовой,7,58
Новиков Константин Олегович,сержант,12,27
Зайцев Артём Романович,рядовой,3,52
Смирнов Матвей Дмитриевич,лейтенант,10,29
Фёдоров Матвей Олегович,капитан,3,36
Никитин Егор Дмитриевич,полковник,5,26
Соловьёв Евгений Сергеевич,лейтенант,4,44
Фёдоров Денис Олегович,прапорщик,12,37
Егоров Константин Павлович,сержант,1,25
Кузнецов Евгений Андреевич,сержант,9,26
Зайцев Егор Никитич,сержант,7,42
Зайцев Александр Максимович,лейтенант,4,27
Захаров Константин Кириллович,полковник,12,22
Михайлов Дмитрий Романович,сержант,3,45
Борисов Виктор Алексеевич,прапорщик,3,32
Иванов Андрей Романович,сержант,1,39
Андреев Виктор Ильич,прапорщик,3,46
Борисов Алексей Александрович,лейтенант,10,55
Новиков Артём Алексеевич,майор,2,19
Орлов Юрий Никитич,прапорщик,12,49
Соловьёв Юрий Андреевич,полковник,9,40
Соколов Павел Андреевич,полковник,9,32
Сидоров Дмитрий Иванович,капитан,8,46
Яковлев Иван Сергеевич,лейтенант,4,58
Борисов Павел Дмитриевич,лейтенант,3,54
Смирнов Кирилл Алексеевич,лейтенант,7,38
Морозов Константин Юрьевич,сержант,7,36
Попов Матвей Максимович,капитан,1,60
Смирнов Михаил Дмитриевич,майор,1,19
Захаров Павел Никитич,майор,2,45
Соловьёв Алексей Александрович,капитан,3,31
Николаев Степан Никитич,полковник,3,41
Алексеев Юрий Максимович,полковник,10,40
Соловьёв Артём Романович,полковник,3,30
Никитин Максим Ильич,полковник,1,53
Козлов Степан Павлович,майор,6,26
Фёдоров Максим Алексеевич,майор,1,38
Фёдоров Юрий Олегович,капитан,10,59
Михайлов Алексей Михайлович,капитан,6,41
Соловьёв Степан Максимович,лейтенант,8,18
Зайцев Михаил Михайлович,рядовой,3,51
Алексеев Виктор Юрьевич,лейтенант,2,41
Борисов Степан Кириллович,майор,5,53
Сидоров Андрей Павлович,капитан,6,58
Никитин Кирилл Алексеевич,капитан,12,48
Макаров Алексей Алексеевич,лейтенант,8,57
Кузнецов Матвей Александрович,рядовой,4,23
Соколов Матвей Андреевич,капитан,10,41
Попов Артём Кириллович,лейтенант,5,47
Козлов Алексей Дмитриевич,полковник,7,23
Николаев Артём Романович,рядовой,6,47
Кузнецов Михаил Ильич,прапорщик,3,57
Смирнов Кирилл Андреевич,лейтенант,9,37
Лебедев Андрей Павлович,полковник,10,19
Зайцев Евгений Андреевич,лейтенант,9,38
Николаев Константин Викторович,полковник,7,35
Морозов Юрий Павлович,лейтенант,3,48
Андреев Виктор Викторович,полковник,6,40
Соколов Олег Александрович,майор,8,38
Морозов Юрий Никитич,рядовой,6,53
Захаров Роман Алексеевич,рядовой,1,28
Орлов Сергей Викторович,капитан,7,26
Фёдоров Юрий Иванович,рядовой,12,41
Алексеев Илья Олегович,сержант,7,35
Попов Александр Павлович,капитан,7,24
Козлов Алексей Викторович,капитан,6,45
Кузнецов Виктор Никитич,рядовой,8,40
Яковлев Дмитрий Романович,сержант,1,41
Егоров Никита Иванович,сержант,11,46
Соколов Юрий Алексеевич,рядовой,8,28
Алексеев Константин Максимович,сержант,11,22
Борисов Виктор Ильич,рядовой,1,53
Новиков Никита Кириллович,рядовой,12,25
Петров Олег Михайлович,рядовой,3,46
Смирнов Михаил Алексеевич,полковник,7,35
Николаев Степан Павлович,майор,12,56
Яковлев Денис Павлович,лейтенант,3,45
Борисов Константин Александрович,полковник,1,25
Никитин Алексей Иванович,капитан,12,27
Андреев Павел Александрович,полковник,5,48
Степанов Егор Никитич,полковник,3,45
Морозов Евгений Павлович,прапорщик,7,59
Соловьёв Денис Романович,рядовой,11,35
Соколов Андрей Максимович,рядовой,12,36
Михайлов Иван Кириллович,сержант,11,45
Петров Олег Дмитриевич,прапорщик,7,34
Лебедев Иван Максимович,капитан,10,50
Петров Денис Иванович,майор,5,25
Соловьёв Константин Ильич,майор,12,34
Васильев Роман Ильич,лейтенант,11,22
Новиков Павел Романович,лейтенант,9,45
Яковлев Степан Ильич,сержант,4,34
Никитин Сергей Кириллович,прапорщик,11,53
Соловьёв Сергей Романович,капитан,6,36
Лебедев Павел Сергеевич,лейтенант,11,26
Орлов Артём Иванович,майор,8,31
Смирнов Павел Сергеевич,прапорщик,10,36
Никитин Илья Дмитриевич,сержант,5,42
Васильев Денис Кириллович,прапорщик,3,41
Фёдоров Дмитрий Максимович,полковник,3,55
Лебедев Кирилл Павлович,капитан,12,43
Яковлев Олег Александрович,прапорщик,11,35
Алексеев Юрий Михайлович,прапорщик,4,57
Морозов Роман Никитич,капитан,10,37
Михайлов Максим Сергеевич,прапорщик,3,50
Николаев Олег Александрович,майор,10,38
Захаров Илья Иванович,сержант,9,29
Орлов Роман Юрьевич,лейтенант,11,47
Никитин Кирилл Сергеевич,капитан,10,43
Яковлев Олег Максимович,сержант,9,40
Семёнов Виктор Сергеевич,сержант,11,51
Соловьёв Максим Михайлович,прапорщик,3,18
Семёнов Андрей Сергеевич,рядовой,7,18
Орлов Никита Романович,прапорщик,2,58
Козлов Михаил Романович,прапорщик,7,24
Зайцев Степан Юрьевич,сержант,4,33
Михайлов Роман Андреевич,прапорщик,1,56
Николаев Иван Александрович,капитан,8,47
Фёдоров Павел Максимович,прапорщик,2,55
Макаров Матвей Максимович,сержант,10,50
Фёдоров Дмитрий Никитич,лейтенант,9,60
Егоров Максим Алексеевич,майор,2,23
Зайцев Михаил Михайлович,прапорщик,2,23
Павлов Дмитрий Олегович,прапорщик,4,24
Кочергин Илья Викторович,лейтенант,12,25
Кузнецов Роман Ильич,полковник,3,45
Яковлев Сергей Ильич,прапорщик,8,54
Кузнецов Евгений Дмитриевич,майор,1,53
Захаров Алексей Максимович,прапорщик,5,43
Соколов Степан Викторович,сержант,10,44
Морозов Кирилл Кириллович,сержант,9,57
Сидоров Алексей Никитич,капитан,8,56
Кузнецов Дмитрий Иванович,майор,6,45
Яковлев Артём Дмитриевич,капитан,1,24
Степанов Денис Юрьевич,сержант,8,48
Захаров Денис Викторович,сержант,3,44
Петров Олег Юрьевич,сержант,11,59
Никитин Степан Михайлович,лейтенант,5,36
Морозов Дмитрий Викторович,майор,6,60
Фёдоров Олег Кириллович,майор,9,29
Николаев Андрей Алексеевич,сержант,8,48
Степанов Юрий Андреевич,рядовой,11,18
Соловьёв Егор Павлович,сержант,4,29
Козлов Матвей Викторович,рядовой,8,56
Андреев Александр Иванович,лейтенант,5,36
Николаев Степан Дмитриевич,лейтенант,3,51
Козлов Денис Дмитриевич,полковник,11,41
Зайцев Андрей Юрьевич,полковник,12,24
Борисов Павел Максимович,капитан,12,40
Лебедев Виктор Викторович,прапорщик,9,23
Сидоров Андрей Дмитриевич,капитан,6,47
Михайлов Евгений Михайлович,капитан,6,36
Иванов Дмитрий Никитич,полковник,12,52
Захаров Виктор Кириллович,капитан,3,54
Семёнов Виктор Никитич,рядовой,6,52
Сидоров Константин Дмитриевич,полковник,6,19
Макаров Андрей Кириллович,сержант,11,19
Степанов Никита Дмитриевич,полковник,11,40
Кочергин Юрий Юрьевич,рядовой,1,44
Семёнов Виктор Дмитриевич,лейтенант,11,45
Попов Степан Александрович,сержант,3,18
Яковлев Константин Александрович,рядовой,3,21
Борисов Денис Олегович,майор,11,37
Козлов Иван Викторович,прапорщик,10,38
Кузнецов Артём Викторович,капитан,4,19
Семёнов Артём Романович,капитан,6,42
Фёдоров Степан Михайлович,лейтенант,9,54
Захаров Илья Иванович,сержант,9,34
Михайлов Евгений Ильич,сержант,10,25
Новиков Степан Олегович,майор,12,36
Кузнецов Юрий Никитич,прапорщик,3,55
Егоров Кирилл Александрович,полковник,2,58
Семёнов Степан Павлович,прапорщик,5,26
Новиков Олег Ильич,лейтенант,9,18
Михайлов Юрий Сергеевич,полковник,8,22
Николаев Илья Кириллович,лейтенант,2,47
Кузнецов Максим Михайлович,майор,2,31
Зайцев Юрий Александрович,рядовой,5,33
Макаров Кирилл Максимович,капитан,11,18
Соколов Илья Романович,прапорщик,10,58
Петров Роман Павлович,сержант,10,42
Соколов Александр Александрович,полковник,10,37
Сидоров Дмитрий Кириллович,прапорщик,1,52
Захаров Андрей Павлович,прапорщик,11,36
Фёдоров Роман Михайлович,полковник,5,30
Сидоров Андрей Александрович,сержант,4,45
Орлов Роман Кириллович,рядовой,7,28
Козлов Артём Андреевич,рядовой,6,51
Морозов Егор Никитич,лейтенант,12,20
Макаров Артём Романович,рядовой,10,24
Козлов Кирилл Олегович,лейтенант,4,42
Алексеев Константин Кириллович,майор,12,21
Егоров Матвей Александрович,полковник,3,21
Орлов Егор Иванович,майор,11,32
Николаев Иван Никитич,полковник,3,20
Егоров Илья Дмитриевич,капитан,10,42
Яковлев Евгений Олегович,полковник,10,21
Захаров Александр Иванович,майор,9,31
Зайцев Павел Дмитриевич,лейтенант,2,45
Орлов Алексей Дмитриевич,рядовой,6,32
Козлов Евгений Ильич,капитан,2,29
Николаев Денис Юрьевич,капитан,7,23
Иванов Виктор Ильич,лейтенант,2,37
Павлов Максим Ильич,лейтенант,5,37
Семёнов Илья Андреевич,лейтенант,1,26
Сидоров Андрей Дмитриевич,сержант,2,21
Никитин Степан Михайлович,прапорщик,10,25
Егоров Юрий Сергеевич,рядовой,1,37
Алексеев Александр Никитич,майор,5,60
Макаров Сергей Юрьевич,рядовой,12,48
Борисов Максим Сергеевич,майор,10,27
Борисов Артём Никитич,лейтенант,2,34
Яковлев Егор Иванович,лейтенант,8,38
Иванов Максим Юрьевич,капитан,5,50
Борисов Егор Максимович,сержант,4,40
Соловьёв Михаил Викторович,сержант,12,57
Соколов Иван Максимович,майор,10,33
Козлов Алексей Ильич,лейтенант,12,39
Иванов Егор Никитич,капитан,5,41
Орлов Денис Кириллович,сержант,5,53
Орлов Олег Романович,майор,11,38
Попов Дмитрий Романович,майор,8,30
Захаров Андрей Юрьевич,полковник,3,45
Лебедев Алексей Иванович,рядовой,7,29
Николаев Кирилл Александрович,рядовой,7,37
Петров Александр Дмитриевич,прапорщик,6,32
Фёдоров Дмитрий Павлович,капитан,5,18
Соловьёв Михаил Алексеевич,лейтенант,5,19
Борисов Степан Ильич,прапорщик,8,25
Никитин Константин Юрьевич,рядовой,3,25
Никитин Егор Андреевич,полковник,6,44
Алексеев Матвей Ильич,полковник,4,28
Иванов Сергей Алексеевич,майор,2,28
Васильев Александр Андреевич,лейтенант,3,38
Сидоров Дмитрий Андреевич,майор,8,26
Сидоров Денис Михайлович,сержант,7,45
Новиков Денис Дмитриевич,капитан,6,51
Лебедев Кирилл Иванович,сержант,1,41
Степанов Кирилл Михайлович,сержант,3,37
Орлов Михаил Ильич,капитан,10,51
Макаров Никита Алексеевич,майор,6,45
Зайцев Олег Кириллович,полковник,10,44
Иванов Виктор Романович,прапорщик,5,35
Захаров Матвей Иванович,майор,3,27
Новиков Илья Олегович,рядовой,4,40
Павлов Павел Дмитриевич,майор,5,34
Николаев Денис Дмитриевич,майор,9,37
Кузнецов Егор Алексеевич,майор,6,31
Соловьёв Матвей Сергеевич,майор,2,29
Соловьёв Дмитрий Иванович,прапорщик,6,55
Морозов Степан Дмитриевич,рядовой,11,56
Павлов Константин Павлович,сержант,11,55
Морозов Егор Никитич,лейтенант,1,26
Фёдоров Максим Кириллович,сержант,8,22
Макаров Павел Сергеевич,прапорщик,7,50
Андреев Андрей Романович,лейтенант,5,42
Васильев Денис Дмитриевич,рядовой,4,53
Николаев Илья Сергеевич,сержант,3,53
Петров Константин Юрьевич,лейтенант,9,54
Андреев Павел Олегович,полковник,10,21
Иванов Егор Олегович,сержант,4,19
Козлов Максим Викторович,капитан,8,57
Петров Виктор Максимович,рядовой,3,56
Михайлов Сергей Сергеевич,рядовой,11,44
Васильев Константин Юрьевич,майор,7,20
Макаров Евгений Михайлович,полковник,12,18
Кочергин Денис Михайлович,майор,6,27
Захаров Кирилл Ильич,прапорщик,11,57
Васильев Степан Дмитриевич,прапорщик,6,60
Егоров Иван Александрович,лейтенант,10,39
Новиков Степан Максимович,майор,10,45
Павлов Роман Ильич,лейтенант,1,32
Морозов Константин Кириллович,полковник,1,24
Борисов Дмитрий Иванович,полковник,10,43
Васильев Виктор Павлович,лейтенант,7,38
Соколов Виктор Дмитриевич,полковник,12,21
Иванов Олег Дмитриевич,прапорщик,11,33
Семёнов Дмитрий Михайлович,лейтенант,9,41
Петров Константин Никитич,капитан,10,50
Кочергин Павел Олегович,лейтенант,10,27
Павлов Александр Юрьевич,прапорщик,3,30
Степанов Иван Александрович,сержант,4,39
Орлов Виктор Михайлович,сержант,5,57
Никитин Андрей Михайлович,полковник,12,28
Борисов Сергей Сергеевич,капитан,8,22
Борисов Александр Ильич,рядовой,12,55
Борисов Никита Романович,лейтенант,4,46
Андреев Константин Александрович,прапорщик,8,57
Кузнецов Евгений Романович,майор,5,54
Яковлев Андрей Максимович,лейтенант,5,55
Попов Юрий Кириллович,рядовой,1,26
Михайлов Егор Олегович,лейтенант,6,47
Захаров Алексей Александрович,майор,3,55
Борисов Александр Дмитриевич,прапорщик,12,43
Алексеев Дмитрий Алексеевич,полковник,7,51
Иванов Олег Никитич,рядовой,5,26
Егоров Михаил Никитич,рядовой,4,47
Новиков Павел Алексеевич,сержант,1,43
Морозов Максим Ильич,сержант,5,34
Лебедев Сергей Павлович,прапорщик,3,33
Макаров Александр Викторович,капитан,8,30
Козлов Михаил Андреевич,сержант,9,44
Лебедев Александр Михайлович,капитан,3,28
Макаров Евгений Алексеевич,полковник,11,24
Соловьёв Алексей Дмитриевич,майор,12,44
Лебедев Дмитрий Юрьевич,полковник,6,22
Кочергин Иван Сергеевич,полковник,9,24
Соколов Сергей Максимович,рядовой,6,46
Кузнецов Павел Сергеевич,сержант,10,51
Орлов Константин Дмитриевич,рядовой,11,26
Морозов Константин Максимович,рядовой,8,18
Иванов Евгений Юрьевич,сержант,6,24
Зайцев Кирилл Кириллович,капитан,4,58
Орлов Дмитрий Максимович,рядовой,4,45
Степанов Роман Олегович,рядовой,2,60
Николаев Матвей Никитич,сержант,7,50
Андреев Матвей Андреевич,полковник,2,50
Захаров Артём Ильич,рядовой,6,47
Сидоров Илья Павлович,рядовой,11,52
Николаев Александр Иванович,прапорщик,7,19
Морозов Андрей Александрович,сержант,11,40
Степанов Иван Павлович,полковник,4,51
Павлов Павел Олегович,полковник,7,19
Захаров Кирилл Михайлович,майор,2,44
Кузнецов Александр Михайлович,майор,8,42
Егоров Матвей Юрьевич,майор,2,53
Фёдоров Кирилл Олегович,прапорщик,5,53
Смирнов Александр Олегович,сержант,8,51
Васильев Александр Романович,рядовой,12,53
Кузнецов Матвей Кириллович,лейтенант,3,35
Соловьёв Александр Иванович,прапорщик,5,57
Николаев Матвей Викторович,майор,9,51
Никитин Виктор Иванович,капитан,5,48
Соловьёв Александр Романович,прапорщик,5,56
Николаев Иван Романович,майор,9,21
Петров Артём Никитич,майор,2,20
Яковлев Евгений Никитич,лейтенант,3,55
Борисов Александр Романович,майор,5,36
Васильев Степан Михайлович,прапорщик,7,60
Новиков Андрей Викторович,капитан,12,50
Макаров Никита Михайлович,рядовой,9,55
Попов Олег Максимович,сержант,2,24
Лебедев Дмитрий Викторович,сержант,6,60
Степанов Артём Ильич,майор,1,30
Соколов Алексей Михайлович,прапорщик,3,38
Морозов Сергей Кириллович,лейтенант,2,37
Лебедев Егор Кириллович,прапорщик,11,42
Васильев Иван Павлович,майор,10,46
Захаров Константин Александрович,капитан,12,60
Степанов Денис Дмитриевич,лейтенант,3,26
Кочергин Дмитрий Михайлович,майор,1,26
Смирнов Дмитрий Никитич,прапорщик,1,40
Андреев Виктор Иванович,сержант,12,44
Андреев Кирилл Олегович,майор,9,41
Андреев Алексей Ильич,капитан,3,51
Михайлов Степан Максимович,полковник,12,49
Яковлев Константин Алексеевич,лейтенант,4,46
Новиков Алексей Викторович,лейтенант,8,43
Павлов Илья Иванович,рядовой,12,47
Лебедев Матвей Михайлович,майор,9,45
Павлов Роман Никитич,лейтенант,9,60
Козлов Роман Андреевич,прапорщик,6,47
Кочергин Матвей Сергеевич,майор,5,49
Соловьёв Евгений Юрьевич,полковник,8,48
Яковлев Константин Иванович,полковник,8,19
Егоров Кирилл Кириллович,прапорщик,4,48
Алексеев Алексей Андреевич,капитан,9,23
Семёнов Максим Иванович,рядовой,1,23
Никитин Юрий Александрович,майор,11,34
Петров Никита Ильич,рядовой,8,55
Кочергин Иван Кириллович,капитан,6,59
Соловьёв Юрий Александрович,капитан,4,49
Лебедев Евгений Дмитриевич,прапорщик,11,57
Зайцев Егор Александрович,сержант,4,52
Петров Юрий Михайлович,капитан,6,32
Новиков Артём Юрьевич,лейтенант,1,51
Попов Егор Андреевич,прапорщик,10,44
Захаров Дмитрий Михайлович,лейтенант,11,40
Алексеев Юрий Максимович,лейтенант,7,21
Захаров Андрей Сергеевич,сержант,4,39
Семёнов Сергей Максимович,полковник,4,54
Попов Евгений Ильич,лейтенант,8,30
Кузнецов Илья Романович,прапорщик,6,59
Иванов Иван Михайлович,прапорщик,12,50
Козлов Олег Романович,рядовой,4,50
Орлов Роман Юрьевич,майор,4,60
Кузнецов Роман Ильич,майор,3,40
Егоров Кирилл Дмитриевич,лейтенант,3,33
Новиков Иван Сергеевич,майор,2,25
Макаров Павел Викторович,лейтенант,1,38
Алексеев Денис Александрович,капитан,2,56
Морозов Никита Михайлович,рядовой,10,60
Егоров Степан Кириллович,сержант,10,39
Борисов Денис Михайлович,полковник,3,49
Яковлев Артём Никитич,майор,3,49
Зайцев Павел Максимович,полковник,11,59
Павлов Роман Павлович,лейтенант,1,43
Сидоров Андрей Олегович,прапорщик,2,40
Семёнов Роман Викторович,полковник,1,35
Никитин Олег Алексеевич,рядовой,6,18
Степанов Павел Александрович,майор,9,23
Яковлев Матвей Алексеевич,рядовой,3,24
Егоров Евгений Андреевич,полковник,5,36
Борисов Артём Никитич,рядовой,3,49
Петров Юрий Максимович,сержант,4,26
Сидоров Степан Дмитриевич,капитан,11,37
Иванов Евгений Романович,сержант,12,55
Орлов Егор Юрьевич,рядовой,7,38
Кузнецов Виктор Павлович,прапорщик,4,54
Сидоров Михаил Ильич,рядовой,1,31
Соколов Виктор Максимович,полковник,3,50
Соколов Роман Ильич,майор,1,44
Петров Сергей Ильич,прапорщик,6,40
Макаров Роман Михайлович,капитан,6,23
Соловьёв Максим Павлович,рядовой,7,25
Морозов Дмитрий Ильич,сержант,2,30
Новиков Павел Михайлович,прапорщик,2,54
Егоров Степан Дмитриевич,капитан,4,33
Новиков Никита Юрьевич,майор,12,22
Зайцев Матвей Иванович,майор,6,27
Лебедев Андрей Викторович,рядовой,5,31
Кочергин Евгений Сергеевич,лейтенант,2,28
Иванов Егор Михайлович,лейтенант,10,51
Зайцев Матвей Сергеевич,капитан,5,53
Смирнов Алексей Никитич,полковник,4,56
Васильев Роман Викторович,майор,1,58
Иванов Дмитрий Никитич,рядовой,10,41
Макаров Андрей Михайлович,прапорщик,10,50
Андреев Михаил Иванович,лейтенант,6,56
Михайлов Михаил Ильич,сержант,6,54
Зайцев Степан Сергеевич,майор,3,21
Егоров Алексей Ильич,лейтенант,9,19
Орлов Дмитрий Иванович,рядовой,5,21
Лебедев Иван Дмитриевич,сержант,3,23
Семёнов Константин Романович,прапорщик,3,32
Никитин Павел Кириллович,майор,11,31
Попов Егор Сергеевич,сержант,2,58
Михайлов Александр Александрович,рядовой,9,51
Петров Михаил Кириллович,рядовой,8,55
Соловьёв Максим Олегович,сержант,4,55
Соловьёв Сергей Андреевич,капитан,8,49
Орлов Михаил Павлович,прапорщик,11,21
Смирнов Егор Ильич,майор,4,38
Попов Илья Олегович,майор,4,23
Петров Илья Иванович,прапорщик,4,39
Андреев Денис Иванович,майор,1,31
Соколов Кирилл Иванович,капитан,4,32
Захаров Константин Никитич,майор,4,49
Петров Александр Викторович,лейтенант,4,45
Макаров Александр Максимович,лейтенант,2,54
Иванов Андрей Иванович,лейтенант,7,46
Васильев Олег Александрович,рядовой,5,44
Алексеев Степан Ильич,рядовой,10,48
Зайцев Алексей Ильич,прапорщик,10,20
Павлов Павел Михайлович,лейтенант,10,35
Егоров Константин Никитич,лейтенант,12,59
Павлов Алексей Александрович,лейтенант,7,48
Никитин Никита Олегович,рядовой,9,34
Новиков Олег Кириллович,майор,12,55
Козлов Алексей Максимович,лейтенант,10,50
Смирнов Максим Павлович,прапорщик,3,36
Попов Юрий Михайлович,полковник,12,26
Никитин Илья Кириллович,лейтенант,1,30
Васильев Сергей Никитич,лейтенант,12,26
Морозов Павел Александрович,сержант,11,35
Новиков Сергей Дмитриевич,майор,4,23
Кочергин Евгений Андреевич,рядовой,3,19
Морозов Максим Алексеевич,полковник,12,36
Новиков Михаил Олегович,сержант,3,49
Иванов Дмитрий Александрович,сержант,1,29
Соколов Павел Кириллович,лейтенант,1,27
Петров Павел Ильич,капитан,9,40
Иванов Михаил Михайлович,капитан,4,49
Никитин Юрий Андреевич,рядовой,8,45
Лебедев Егор Романович,сержант,10,31
Козлов Матвей Ильич,сержант,9,44
Лебедев Олег Юрьевич,прапорщик,7,23
Зайцев Сергей Максимович,майор,10,60
Захаров Павел Максимович,майор,7,39
Иванов Дмитрий Алексеевич,майор,7,58
Степанов Артём Михайлович,майор,10,45
Михайлов Александр Ильич,прапорщик,7,60
Николаев Роман Никитич,рядовой,11,53
Васильев Константин Юрьевич,капитан,8,33
Егоров Денис Сергеевич,полковник,6,41
Николаев Андрей Алексеевич,полковник,9,24
Васильев Роман Викторович,капитан,6,30
Никитин Кирилл Павлович,прапорщик,2,27
Иванов Максим Юрьевич,полковник,2,21
Сидоров Александр Никитич,полковник,11,53
Орлов Константин Викторович,майор,1,40
Сидоров Артём Максимович,майор,6,26
Кузнецов Алексей Павлович,лейтенант,1,40
Михайлов Виктор Ильич,полковник,3,53
Никитин Евгений Дмитриевич,рядовой,1,30
Андреев Степан Романович,прапорщик,5,24
Лебедев Константин Андреевич,полковник,3,26
Козлов Иван Романович,полковник,5,48
Егоров Денис Александрович,полковник,6,21
Морозов Максим Ильич,рядовой,7,42
Соколов Максим Алексеевич,капитан,11,55
Борисов Никита Олегович,рядовой,5,48
Петров Матвей Павлович,прапорщик,7,51
Егоров Роман Юрьевич,майор,8,28
Соколов Константин Викторович,майор,1,60
Козлов Виктор Викторович,прапорщик,5,48
Сидоров Константин Дмитриевич,капитан,9,20
Кочергин Павел Александрович,прапорщик,2,49
Алексеев Алексей Александрович,рядовой,4,27
Лебедев Кирилл Александрович,полковник,4,58
Смирнов Степан Сергеевич,капитан,5,38
Смирнов Виктор Ильич,сержант,12,45
Морозов Никита Сергеевич,сержант,9,35
Новиков Максим Викторович,рядовой,9,49
Захаров Денис Викторович,полковник,1,52
Степанов Александр Алексеевич,лейтенант,11,54
Борисов Виктор Иванович,рядовой,5,53
Лебедев Андрей Павлович,полковник,10,57
Сидоров Павел Никитич,капитан,8,35
Кузнецов Константин Олегович,капитан,5,21
Фёдоров Никита Ильич,майор,1,21
Сидоров Артём Михайлович,полковник,6,38
Попов Иван Андреевич,полковник,2,37
Зайцев Матвей Дмитриевич,лейтенант,2,27
Яковлев Максим Иванович,рядовой,11,46
Борисов Иван Никитич,рядовой,1,31
Петров Павел Алексеевич,полковник,9,52
Соколов Дмитрий Юрьевич,прапорщик,11,30
Соколов Александр Юрьевич,прапорщик,7,45
Зайцев Дмитрий Кириллович,лейтенант,6,55
Алексеев Дмитрий Иванович,полковник,12,57
Кузнецов Алексей Романович,капитан,8,48
Зайцев Артём Кириллович,рядовой,9,33
Андреев Роман Кириллович,лейтенант,8,31
Николаев Роман Романович,сержант,6,19
Алексеев Юрий Павлович,рядовой,5,23
Николаев Андрей Ильич,рядовой,9,38
Кузнецов Алексей Кириллович,капитан,2,28
Борисов Никита Александрович,рядовой,4,36
Сидоров Евгений Андреевич,рядовой,6,51
Сидоров Сергей Иванович,полковник,2,37
Зайцев Денис Никитич,полковник,5,30
Смирнов Юрий Максимович,майор,9,28
Соловьёв Никита Никитич,сержант,5,48
Орлов Кирилл Викторович,капитан,5,37
Соловьёв Виктор Дмитриевич,сержант,4,55
Морозов Матвей Андреевич,лейтенант,4,48
Семёнов Сергей Андреевич,прапорщик,10,25
Андреев Артём Сергеевич,рядовой,11,44
Соловьёв Евгений Максимович,капитан,1,36
Козлов Роман Юрьевич,лейтенант,12,48
Николаев Максим Сергеевич,лейтенант,12,35
Васильев Алексей Иванович,майор,4,19
Васильев Павел Никитич,прапорщик,8,57
Васильев Дмитрий Юрьевич,рядовой,10,20
Соловьёв Степан Александрович,полковник,5,32
Борисов Кирилл Алексеевич,полковник,10,46
Фёдоров Юрий Алексеевич,лейтенант,1,32
Морозов Степан Александрович,рядовой,8,59
Николаев Никита Дмитриевич,сержант,10,44
Борисов Матвей Максимович,рядовой,4,25
Петров Константин Иванович,капитан,7,44
Соловьёв Матвей Михайлович,полковник,12,23
Павлов Андрей Олегович,лейтенант,6,42
Семёнов Михаил Юрьевич,прапорщик,12,56
Орлов Артём Сергеевич,капитан,4,22
Степанов Сергей Михайлович,полковник,7,25
Кочергин Виктор Ильич,капитан,11,36
Смирнов Кирилл Александрович,рядовой,2,22
Никитин Михаил Александрович,сержант,10,18
Петров Артём Викторович,сержант,6,22
Смирнов Виктор Никитич,прапорщик,12,25
Алексеев Сергей Александрович,сержант,6,52
Захаров Александр Кириллович,рядовой,12,47
Козлов Алексей Викторович,капитан,2,56
Орлов Матвей Сергеевич,прапорщик,9,53
Орлов Юрий Ильич,лейтенант,3,49
Петров Никита Ильич,капитан,3,52
Попов Павел Сергеевич,капитан,12,18
Фёдоров Виктор Павлович,полковник,1,51
Николаев Роман Павлович,лейтенант,9,36
Семёнов Кирилл Кириллович,сержант,11,28
Зайцев Евгений Иванович,прапорщик,3,56
Иванов Кирилл Дмитриевич,лейтенант,5,18
Фёдоров Никита Викторович,лейтенант,9,33
Борисов Алексей Олегович,лейтенант,11,49
Алексеев Михаил Павлович,сержант,12,19
Иванов Дмитрий Романович,прапорщик,12,48
Смирнов Роман Иванович,прапорщик,9,57
Иванов Денис Романович,прапорщик,9,23
Михайлов Андрей Михайлович,рядовой,4,46
Попов Михаил Викторович,капитан,1,34
Соколов Виктор Кириллович,прапорщик,1,43
Лебедев Дмитрий Кириллович,рядовой,7,51
Кочергин Денис Дмитриевич,рядовой,9,60
Захаров Илья Павлович,капитан,10,40
Михайлов Максим Александрович,рядовой,2,20
Захаров Андрей Викторович,капитан,11,37
Морозов Матвей Романович,капитан,9,57
Борисов Денис Александрович,рядовой,12,32
Козлов Кирилл Ильич,сержант,4,30
Морозов Евгений Дмитриевич,майор,6,20
Захаров Степан Никитич,прапорщик,11,18
Орлов Алексей Сергеевич,прапорщик,3,47
Захаров Иван Александрович,сержант,10,51
Захаров Кирилл Романович,сержант,6,41
Васильев Михаил Сергеевич,прапорщик,2,30
Сидоров Степан Юрьевич,сержант,7,43
Егоров Олег Михайлович,лейтенант,10,49
Лебедев Никита Романович,майор,11,32
Морозов Павел Дмитриевич,майор,11,47
Андреев Кирилл Максимович,рядовой,2,60
Алексеев Сергей Александрович,лейтенант,12,32
Зайцев Павел Иванович,капитан,8,39
Сидоров Денис Олегович,полковник,5,30
Соловьёв Александр Александрович,полковник,9,36
Егоров Егор Романович,капитан,7,42
Николаев Кирилл Юрьевич,рядовой,10,31
Соловьёв Кирилл Павлович,лейтенант,6,23
Захаров Алексей Александрович,майор,10,28
Михайлов Андрей Кириллович,прапорщик,2,39
Михайлов Юрий Викторович,майор,1,22
Морозов Виктор Михайлович,рядовой,9,27
Николаев Матвей Кириллович,майор,9,26
Михайлов Юрий Ильич,капитан,6,21
Борисов Михаил Александрович,прапорщик,5,55
Орлов Матвей Алексеевич,рядовой,1,45
Васильев Максим Павлович,рядовой,6,30
Соколов Дмитрий Олегович,сержант,10,56
Орлов Никита Михайлович,лейтенант,11,48
Андреев Олег Павлович,капитан,2,33
Смирнов Кирилл Александрович,лейтенант,6,20
Морозов Максим Михайлович,лейтенант,4,24
Павлов Андрей Романович,сержант,3,22
Кочергин Евгений Ильич,полковник,8,44
Кузнецов Виктор Сергеевич,прапорщик,3,39
Фёдоров Иван Романович,сержант,8,31
Михайлов Евгений Юрьевич,прапорщик,2,38
Смирнов Денис Олегович,прапорщик,1,51
Фёдоров Кирилл Никитич,капитан,5,28
Фёдоров Евгений Романович,лейтенант,7,43
Борисов Андрей Юрьевич,капитан,3,46
Новиков Матвей Павлович,полковник,10,21
Новиков Роман Максимович,полковник,12,49
Борисов Иван Андреевич,рядовой,9,29
Лебедев Олег Романович,рядовой,12,51
Павлов Олег Ильич,капитан,11,37
Смирнов Сергей Андреевич,лейтенант,3,38
Захаров Кирилл Алексеевич,прапорщик,5,50
Фёдоров Илья Андреевич,прапорщик,8,32
Смирнов Павел Сергеевич,лейтенант,5,54
Яковлев Виктор Викторович,полковник,4,59
Соловьёв Иван Ильич,сержант,11,54
Попов Виктор Алексеевич,прапорщик,9,34
Егоров Юрий Ильич,майор,9,22
Никитин Артём Олегович,прапорщик,1,23
Сидоров Степан Михайлович,рядовой,7,23
Борисов Иван Сергеевич,лейтенант,5,53
Иванов Иван Олегович,лейтенант,12,19
Кузнецов Максим Иванович,прапорщик,6,18
Васильев Евгений Павлович,рядовой,4,34
Попов Олег Юрьевич,майор,5,38
Морозов Сергей Павлович,майор,5,56
Морозов Александр Михайлович,прапорщик,2,43
Павлов Никита Андреевич,полковник,3,23
Зайцев Евгений Алексеевич,майор,11,51
Яковлев Сергей Никитич,лейтенант,8,46
Кочергин Иван Олегович,лейтенант,2,57
Морозов Сергей Сергеевич,майор,10,47
Морозов Сергей Никитич,рядовой,1,28
Козлов Никита Александрович,лейтенант,1,56
Орлов Дмитрий Кириллович,лейтенант,11,34
Орлов Роман Викторович,сержант,4,59
Соколов Михаил Дмитриевич,майор,7,49
Степанов Виктор Александрович,лейтенант,2,22
Попов Степан Кириллович,сержант,11,34
Макаров Андрей Михайлович,полковник,6,47
Степанов Иван Алексеевич,майор,12,47
Николаев Илья Ильич,лейтенант,6,34
Макаров Юрий Сергеевич,рядовой,11,40
Соколов Степан Викторович,капитан,5,31
Козлов Матвей Юрьевич,рядовой,4,24
Соколов Виктор Алексеевич,прапорщик,2,27
Лебедев Степан Максимович,рядовой,10,53
Морозов Никита Андреевич,лейтенант,5,59
Иванов Евгений Ильич,рядовой,12,60
Фёдоров Дмитрий Иванович,капитан,2,21
Степанов Артём Александрович,прапорщик,1,35
Козлов Павел Павлович,рядовой,9,49
Орлов Илья Ильич,сержант,8,45
Новиков Алексей Иванович,сержант,11,54
Михайлов Юрий Олегович,сержант,9,52
Орлов Артём Романович,капитан,5,46
Новиков Андрей Сергеевич,лейтенант,3,35
Козлов Константин Никитич,лейтенант,12,28
Яковлев Алексей Иванович,сержант,6,55
Новиков Михаил Романович,майор,11,44
Козлов Константин Ильич,лейтенант,10,24
Попов Матвей Сергеевич,капитан,6,52
Никитин Андрей Юрьевич,лейтенант,11,24
Лебедев Виктор Викторович,полковник,7,38
Козлов Егор Юрьевич,майор,5,58
Егоров Олег Михайлович,полковник,9,52
Михайлов Дмитрий Михайлович,рядовой,7,19
Орлов Сергей Павлович,майор,1,37
Васильев Егор Никитич,полковник,8,22
Морозов Дмитрий Ильич,сержант,10,39
Алексеев Виктор Александрович,полковник,4,47
Васильев Михаил Олегович,майор,6,55
Яковлев Кирилл Юрьевич,рядовой,12,59
Николаев Степан Олегович,капитан,4,35
Захаров Павел Кириллович,капитан,11,40
Соловьёв Александр Юрьевич,полковник,12,42
Николаев Павел Никитич,рядовой,2,25
Фёдоров Егор Михайлович,рядовой,3,28
Петров Никита Алексеевич,полковник,6,48
Захаров Павел Андреевич,сержант,10,34
Иванов Илья Сергеевич,сержант,1,55
Борисов Александр Романович,майор,6,58
Кузнецов Максим Дмитриевич,прапорщик,4,47
Захаров Олег Романович,майор,12,59
Петров Максим Ильич,майор,6,42
Яковлев Андрей Андреевич,майор,7,35
Степанов Илья Михайлович,капитан,5,43
Орлов Дмитрий Максимович,прапорщик,6,53
Алексеев Евгений Иванович,рядовой,12,34
Андреев Матвей Алексеевич,полковник,3,22
Соколов Виктор Дмитриевич,майор,5,18
Фёдоров Олег Романович,лейтенант,4,22
Морозов Роман Алексеевич,капитан,2,28
Павлов Алексей Максимович,полковник,4,41
Орлов Юрий Викторович,капитан,2,40
Соколов Алексей Ильич,капитан,7,27
Макаров Степан Алексеевич,капитан,1,20
Семёнов Степан Андреевич,прапорщик,2,39
Новиков Константин Юрьевич,сержант,4,40
Андреев Максим Викторович,сержант,4,48
Кочергин Степан Алексеевич,сержант,6,19
Макаров Юрий Юрьевич,майор,8,46
Яковлев Павел Иванович,сержант,11,53
Никитин Павел Олегович,капитан,12,46
Макаров Павел Иванович,лейтенант,9,43
Соколов Матвей Алексеевич,полковник,10,41
Попов Сергей Михайлович,сержант,8,41
Захаров Роман Максимович,полковник,11,56
Николаев Степан Максимович,лейтенант,6,56
Петров Александр Дмитриевич,майор,11,56
Алексеев Кирилл Ильич,сержант,7,53
Фёдоров Михаил Павлович,прапорщик,12,58
Никитин Денис Максимович,сержант,3,28
Попов Дмитрий Иванович,сержант,5,18
Павлов Михаил Сергеевич,полковник,7,18
Михайлов Роман Олегович,сержант,7,48
Соловьёв Степан Дмитриевич,полковник,4,54
Иванов Дмитрий Кириллович,рядовой,5,32
Козлов Евгений Олегович,майор,6,40
Лебедев Константин Сергеевич,лейтенант,5,45
Николаев Никита Викторович,полковник,7,31
Козлов Павел Андреевич,полковник,6,37
Семёнов Евгений Юрьевич,лейтенант,12,47
Борисов Егор Ильич,лейтенант,8,20
Козлов Денис Иванович,сержант,8,44
Соловьёв Егор Ильич,майор,4,38
Павлов Максим Кириллович,прапорщик,7,42
Борисов Павел Викторович,прапорщик,6,45
Борисов Андрей Сергеевич,сержант,11,18
Иванов Константин Юрьевич,капитан,11,23
Михайлов Егор Кириллович,полковник,6,38
Попов Роман Никитич,сержант,5,44
Захаров Артём Дмитриевич,сержант,12,42
Смирнов Павел Никитич,капитан,8,48
Павлов Юрий Александрович,капитан,11,56
Петров Артём Иванович,майор,5,54
Андреев Михаил Александрович,полковник,7,35
Новиков Александр Михайлович,сержант,6,23
Егоров Сергей Иванович,рядовой,1,54
Попов Сергей Никитич,прапорщик,3,40
Макаров Виктор Михайлович,рядовой,12,36
Фёдоров Константин Кириллович,полковник,8,37
Павлов Кирилл Никитич,полковник,11,27
Борисов Никита Дмитриевич,полковник,2,42
Семёнов Илья Никитич,прапорщик,1,40
Орлов Сергей Сергеевич,капитан,12,58
Борисов Олег Дмитриевич,майор,10,35
Смирнов Денис Андреевич,капитан,10,57
Михайлов Андрей Андреевич,полковник,6,41
Петров Евгений Александрович,сержант,6,26
Егоров Александр Павлович,рядовой,7,50
Соколов Максим Михайлович,рядовой,4,57
Степанов Кирилл Олегович,прапорщик,12,26
Степанов Никита Кириллович,лейтенант,10,38
Степанов Степан Викторович,прапорщик,10,52
Орлов Артём Андреевич,прапорщик,7,21
Лебедев Константин Юрьевич,сержант,3,26
Кочергин Евгений Сергеевич,сержант,7,47
Новиков Роман Никитич,лейтенант,11,24
Попов Андрей Алексеевич,лейтенант,12,52
Павлов Юрий Павлович,рядовой,11,47
Новиков Степан Романович,полковник,2,50
Андреев Кирилл Романович,лейтенант,2,43
Андреев Виктор Викторович,лейтенант,9,22
Кочергин Дмитрий Иванович,капитан,1,57
Кузнецов Олег Павлович,лейтенант,5,54
Морозов Илья Романович,рядовой,2,30
Иванов Сергей Кириллович,капитан,8,50
Соловьёв Евгений Олегович,прапорщик,11,60
Андреев Степан Романович,полковник,3,53
Петров Александр Олегович,капитан,6,35
Лебедев Константин Романович,майор,11,28
Яковлев Евгений Павлович,рядовой,8,48
Макаров Илья Олегович,рядовой,5,42
Иванов Александр Павлович,капитан,4,57
Захаров Егор Викторович,рядовой,4,22
Попов Алексей Павлович,прапорщик,7,31
Соловьёв Алексей Алексеевич,рядовой,7,59
Семёнов Илья Ильич,рядовой,10,29
Николаев Алексей Алексеевич,прапорщик,2,45
Фёдоров Константин Ильич,лейтенант,12,43
Захаров Евгений Михайлович,прапорщик,9,42
Павлов Матвей Михайлович,сержант,1,32
Козлов Евгений Кириллович,полковник,11,42
Соловьёв Виктор Павлович,майор,2,39
Лебедев Андрей Алексеевич,капитан,4,34
Борисов Денис Викторович,майор,1,59
Кочергин Сергей Викторович,майор,1,18
Павлов Константин Павлович,прапорщик,11,37
Лебедев Олег Алексеевич,прапорщик,12,25
Васильев Дмитрий Викторович,капитан,5,25
Борисов Юрий Олегович,капитан,4,59
Орлов Виктор Викторович,капитан,12,33
Смирнов Павел Дмитриевич,сержант,10,49
Козлов Олег Иванович,капитан,8,28
Морозов Виктор Михайлович,лейтенант,11,51
Кузнецов Олег Андреевич,сержант,4,38
Павлов Алексей Романович,капитан,8,40
Яковлев Андрей Викторович,рядовой,12,29
Андреев Евгений Юрьевич,сержант,10,18
Никитин Егор Андреевич,сержант,8,58
Макаров Евгений Александрович,майор,6,57
Иванов Олег Максимович,полковник,4,38
Яковлев Андрей Дмитриевич,полковник,2,30
Соколов Иван Павлович,полковник,3,43
Петров Кирилл Иванович,капитан,5,34
Егоров Андрей Максимович,полковник,5,34
Андреев Максим Викторович,сержант,12,23
Никитин Константин Никитич,полковник,12,40
Никитин Константин Дмитриевич,майор,5,23
Попов Илья Михайлович,сержант,12,22
Кузнецов Никита Иванович,полковник,11,36
Борисов Максим Ильич,лейтенант,1,57
Петров Юрий Олегович,лейтенант,2,27
Никитин Юрий Кириллович,лейтенант,12,34
Яковлев Егор Александрович,лейтенант,12,34
Макаров Михаил Никитич,рядовой,10,59
Борисов Андрей Никитич,капитан,7,39
Егоров Андрей Сергеевич,майор,11,58
Смирнов Сергей Максимович,сержант,4,42
Никитин Матвей Максимович,рядовой,3,35
Николаев Дмитрий Александрович,прапорщик,8,53
Макаров Кирилл Романович,майор,1,42
Фёдоров Алексей Кириллович,капитан,12,39
Павлов Михаил Андреевич,полковник,11,19
Лебедев Евгений Никитич,прапорщик,2,36
Зайцев Денис Иванович,прапорщик,6,57
Степанов Константин Павлович,лейтенант,7,52
Семёнов Александр Михайлович,капитан,2,54
Андреев Денис Сергеевич,майор,9,47
Павлов Иван Павлович,рядовой,7,42
Михайлов Артём Дмитриевич,сержант,5,29
Зайцев Павел Александрович,сержант,10,25
Макаров Константин Михайлович,капитан,12,55
Яковлев Виктор Александрович,лейтенант,10,50
Кочергин Артём Дмитриевич,полковник,12,44
Егоров Матвей Андреевич,рядовой,9,38
Степанов Дмитрий Юрьевич,полковник,3,37
Иванов Егор Михайлович,капитан,12,49
Егоров Павел Дмитриевич,прапорщик,8,29
Павлов Олег Никитич,полковник,2,42
Захаров Артём Андреевич,лейтенант,9,40
Алексеев Павел Максимович,прапорщик,5,32
Попов Константин Викторович,лейтенант,10,45
Алексеев Юрий Никитич,прапорщик,12,24
Петров Сергей Александрович,лейтенант,6,43
Павлов Сергей Ильич,прапорщик,9,25
Зайцев Юрий Михайлович,капитан,8,23
Васильев Михаил Александрович,рядовой,3,23
Сидоров Степан Сергеевич,прапорщик,8,57
Попов Виктор Ильич,полковник,1,28
Алексеев Сергей Александрович,майор,1,21
Новиков Юрий Сергеевич,рядовой,2,35
Макаров Юрий Павлович,лейтенант,7,60
Новиков Евгений Дмитриевич,капитан,3,33
Орлов Константин Александрович,сержант,12,19
Новиков Олег Дмитриевич,прапорщик,6,31
Петров Сергей Юрьевич,лейтенант,2,42
Васильев Денис Павлович,капитан,8,20
Семёнов Илья Алексеевич,сержант,5,42
Михайлов Илья Андреевич,сержант,12,37
Николаев Илья Александрович,капитан,5,38
Лебедев Роман Андреевич,капитан,6,40
Яковлев Максим Александрович,капитан,10,40
Васильев Кирилл Олегович,сержант,5,45
Соловьёв Иван Юрьевич,капитан,1,39
Морозов Евгений Алексеевич,рядовой,5,30
Степанов Матвей Александрович,майор,3,53
Кузнецов Олег Максимович,лейтенант,8,37
Морозов Александр Иванович,полковник,5,57
Борисов Юрий Андреевич,рядовой,10,37
Кочергин Матвей Викторович,рядовой,2,33
Андреев Иван Никитич,полковник,12,20
Морозов Матвей Сергеевич,полковник,11,50
Попов Максим Викторович,лейтенант,9,44
Павлов Андрей Александрович,майор,2,33
Алексеев Андрей Викторович,прапорщик,6,53
Кочергин Иван Андреевич,лейтенант,10,18
Никитин Дмитрий Дмитриевич,сержант,2,24
Орлов Юрий Никитич,капитан,6,18
Петров Дмитрий Викторович,капитан,3,57
Андреев Иван Алексеевич,майор,11,36
Семёнов Матвей Александрович,капитан,2,20
Петров Денис Иванович,сержант,8,25
Андреев Егор Павлович,полковник,12,31
Петров Денис Юрьевич,рядовой,12,49
Павлов Илья Михайлович,майор,11,27
Степанов Матвей Кириллович,прапорщик,3,41
Михайлов Михаил Юрьевич,майор,10,53
Макаров Дмитрий Олегович,рядовой,4,28
Алексеев Павел Дмитриевич,прапорщик,11,22
Сидоров Егор Максимович,полковник,12,45
Степанов Кирилл Алексеевич,прапорщик,1,23
Егоров Илья Максимович,лейтенант,2,29
Павлов Олег Павлович,капитан,9,57
Васильев Андрей Алексеевич,майор,3,47
Кочергин Павел Алексеевич,прапорщик,6,23
Макаров Сергей Алексеевич,рядовой,3,48
Лебедев Роман Викторович,рядовой,11,32
Соловьёв Олег Алексеевич,капитан,10,56
Орлов Михаил Олегович,майор,11,23
Захаров Андрей Михайлович,сержант,12,23
Зайцев Матвей Ильич,сержант,7,51
Соловьёв Артём Дмитриевич,майор,6,38
Яковлев Павел Ильич,капитан,11,57
Яковлев Юрий Олегович,прапорщик,5,54
Михайлов Сергей Александрович,майор,11,49
Соловьёв Олег Алексеевич,полковник,12,19
Яковлев Александр Романович,лейтенант,9,26
Николаев Максим Романович,лейтенант,4,55
Борисов Илья Максимович,майор,5,41
Кузнецов Виктор Иванович,прапорщик,11,54
Козлов Степан Максимович,лейтенант,2,42
Николаев Константин Викторович,капитан,10,55
Смирнов Андрей Павлович,майор,4,48
Лебедев Алексей Ильич,полковник,12,54
Фёдоров Иван Алексеевич,капитан,12,28
Семёнов Сергей Дмитриевич,капитан,1,32
Егоров Михаил Максимович,рядовой,11,45
Соловьёв Матвей Иванович,майор,4,56
Макаров Олег Викторович,сержант,11,21
Козлов Роман Алексеевич,капитан,10,22
Степанов Олег Ильич,полковник,3,21
Яковлев Иван Михайлович,сержант,12,52
Алексеев Юрий Юрьевич,прапорщик,11,19
Соловьёв Олег Сергеевич,рядовой,11,45
Петров Виктор Олегович,полковник,7,56
Орлов Сергей Кириллович,полковник,12,25
Морозов Степан Сергеевич,майор,5,55
Смирнов Павел Андреевич,рядовой,12,22
Макаров Роман Сергеевич,капитан,8,42
Смирнов Степан Юрьевич,полковник,5,22
Егоров Егор Викторович,лейтенант,7,22
Сидоров Дмитрий Юрьевич,прапорщик,5,38
Семёнов Матвей Андреевич,сержант,10,38
Васильев Артём Дмитриевич,рядовой,9,55
Новиков Никита Ильич,полковник,10,19
Соловьёв Юрий Андреевич,лейтенант,4,51
Андреев Артём Викторович,прапорщик,1,52
Михайлов Матвей Олегович,сержант,3,43
Степанов Илья Олегович,прапорщик,12,24
Егоров Артём Иванович,прапорщик,11,19
Алексеев Степан Дмитриевич,майор,9,44
Макаров Константин Романович,полковник,5,28
Попов Юрий Михайлович,майор,10,57
Кочергин Андрей Александрович,капитан,12,58
Фёдоров Сергей Андреевич,майор,11,43
Макаров Александр Ильич,капитан,3,56
Васильев Кирилл Дмитриевич,лейтенант,4,40
Кочергин Константин Никитич,капитан,6,30
Васильев Александр Кириллович,лейтенант,5,49
Петров Александр Кириллович,майор,8,60
Козлов Алексей Максимович,прапорщик,1,45
Егоров Константин Романович,полковник,5,27
Андреев Павел Ильич,прапорщик,12,19
Алексеев Никита Олегович,майор,11,23
Егоров Артём Юрьевич,полковник,9,19
Попов Матвей Дмитриевич,майор,4,29
Смирнов Андрей Кириллович,капитан,5,50
Орлов Илья Ильич,полковник,12,25
Соколов Егор Романович,полковник,5,27
Петров Матвей Александрович,капитан,5,57
Павлов Александр Викторович,капитан,4,52
Кузнецов Евгений Романович,рядовой,11,30
Новиков Матвей Романович,сержант,6,37
Фёдоров Илья Андреевич,полковник,5,34
Орлов Александр Михайлович,рядовой,11,56
Степанов Максим Михайлович,прапорщик,1,41
Иванов Александр Дмитриевич,полковник,11,31
Смирнов Павел Максимович,полковник,9,55
Иванов Дмитрий Ильич,сержант,9,59
Кочергин Виктор Андреевич,капитан,9,34
Кочергин Евгений Дмитриевич,капитан,11,36
Кузнецов Никита Романович,капитан,12,25
Соколов Андрей Иванович,капитан,5,37
Фёдоров Степан Сергеевич,лейтенант,7,48
Егоров Андрей Сергеевич,рядовой,11,57
Васильев Илья Андреевич,лейтенант,2,53
Сидоров Юрий Андреевич,капитан,4,28
Кочергин Роман Олегович,капитан,8,31
Степанов Константин Павлович,лейтенант,5,50
Степанов Павел Алексеевич,майор,7,29
Козлов Юрий Дмитриевич,майор,6,26
Зайцев Павел Александрович,лейтенант,6,40
Соколов Степан Ильич,полковник,8,60
Никитин Алексей Романович,лейтенант,11,52
Алексеев Сергей Олегович,капитан,4,42
Васильев Сергей Алексеевич,прапорщик,2,57
Фёдоров Константин Сергеевич,сержант,3,60
Лебедев Евгений Михайлович,сержант,9,39
Новиков Сергей Алексеевич,прапорщик,11,38
Андреев Артём Дмитриевич,лейтенант,8,51
Петров Иван Андреевич,лейтенант,3,28
Лебедев Сергей Романович,лейтенант,5,55
Соловьёв Егор Алексеевич,рядовой,3,20
Фёдоров Артём Иванович,лейтенант,8,24
Лебедев Кирилл Алексеевич,рядовой,10,37
Фёдоров Евгений Юрьевич,рядовой,3,21
Морозов Сергей Никитич,сержант,4,46
Соколов Иван Максимович,полковник,1,20
Макаров Кирилл Романович,полковник,11,55
Егоров Алексей Кириллович,майор,7,20
Зайцев Роман Кириллович,лейтенант,4,50
Васильев Кирилл Михайлович,сержант,7,21
Новиков Андрей Александрович,майор,2,33
Иванов Егор Алексеевич,капитан,6,43
Смирнов Юрий Иванович,полковник,6,49
Яковлев Денис Сергеевич,майор,4,49
Семёнов Михаил Викторович,капитан,9,20
Петров Алексей Олегович,прапорщик,8,32
Иванов Михаил Романович,капитан,10,49
Соколов Алексей Сергеевич,прапорщик,3,45
Морозов Андрей Кириллович,лейтенант,4,46
Орлов Никита Иванович,майор,3,50
Зайцев Андрей Романович,сержант,7,38
Борисов Михаил Романович,прапорщик,7,56
Алексеев Егор Дмитриевич,капитан,2,47
Алексеев Юрий Олегович,рядовой,6,31
Козлов Юрий Сергеевич,лейтенант,12,37
Иванов Константин Кириллович,полковник,2,22
Орлов Степан Александрович,прапорщик,5,24
Яковлев Андрей Андреевич,майор,1,42
Михайлов Егор Александрович,полковник,2,55
Петров Никита Сергеевич,капитан,10,36
Алексеев Денис Михайлович,сержант,7,54
Семёнов Степан Андреевич,полковник,5,45
Зайцев Роман Ильич,рядовой,3,47
Борисов Алексей Дмитриевич,сержант,6,57
Васильев Матвей Романович,полковник,7,25
Семёнов Олег Иванович,сержант,8,39
Новиков Кирилл Максимович,полковник,4,57
Макаров Кирилл Никитич,полковник,6,28
Макаров Никита Викторович,прапорщик,4,44
Новиков Андрей Алексеевич,полковник,4,41
Морозов Роман Никитич,рядовой,12,20
Степанов Кирилл Александрович,лейтенант,8,56
Зайцев Юрий Викторович,полковник,6,20
Васильев Роман Юрьевич,капитан,5,22
Николаев Александр Никитич,сержант,12,30
Степанов Иван Алексеевич,лейтенант,9,45
Орлов Константин Андреевич,капитан,3,60
Семёнов Иван Александрович,капитан,11,54
Морозов Андрей Ильич,лейтенант,1,51
Смирнов Кирилл Олегович,сержант,2,35
Орлов Иван Александрович,полковник,6,18
Орлов Олег Максимович,сержант,3,24
Кочергин Максим Максимович,сержант,11,23
Козлов Илья Ильич,майор,4,52
Захаров Павел Викторович,прапорщик,9,30
Яковлев Сергей Алексеевич,капитан,10,43
Макаров Олег Павлович,полковник,1,30
Попов Роман Максимович,майор,2,28
Соловьёв Никита Андреевич,капитан,2,53
Павлов Олег Иванович,сержант,12,26
Захаров Кирилл Дмитриевич,прапорщик,5,38
Никитин Павел Максимович,прапорщик,6,32
Фёдоров Юрий Юрьевич,майор,5,19
Захаров Евгений Никитич,полковник,3,46
Фёдоров Виктор Максимович,сержант,1,42
Сидоров Константин Ильич,рядовой,10,37
Семёнов Александр Викторович,полковник,10,41
Андреев Евгений Максимович,сержант,1,26
Соколов Степан Алексеевич,рядовой,8,49
Егоров Роман Юрьевич,капитан,1,19
Попов Артём Павлович,полковник,6,28
Семёнов Павел Кириллович,прапорщик,4,40
Павлов Алексей Ильич,рядовой,10,58
Соколов Денис Иванович,капитан,11,60
Яковлев Илья Павлович,прапорщик,7,56
Соловьёв Кирилл Дмитриевич,прапорщик,9,60
Васильев Александр Никитич,лейтенант,11,36
Степанов Егор Сергеевич,майор,4,50
Кочергин Егор Сергеевич,сержант,10,42
Сидоров Илья Олегович,сержант,1,22
Соловьёв Константин Романович,майор,8,37
Иванов Кирилл Олегович,майор,7,25
Морозов Кирилл Павлович,майор,7,23
Сидоров Евгений Ильич,лейтенант,8,23
Морозов Артём Юрьевич,прапорщик,3,48
Морозов Никита Александрович,майор,8,20
Алексеев Егор Романович,сержант,8,48
Степанов Роман Никитич,рядовой,4,35
Васильев Егор Павлович,майор,9,52
Михайлов Матвей Романович,рядовой,2,31
Семёнов Юрий Никитич,лейтенант,10,21
Соколов Евгений Сергеевич,прапорщик,7,39
Соловьёв Александр Ильич,майор,2,28
Сидоров Олег Максимович,рядовой,5,18
Захаров Дмитрий Романович,майор,11,56
Яковлев Александр Кириллович,сержант,9,19
Новиков Олег Максимович,сержант,3,39
Новиков Иван Олегович,лейтенант,5,31
Егоров Дмитрий Александрович,полковник,12,21
Новиков Кирилл Сергеевич,майор,8,32
Морозов Кирилл Романович,прапорщик,12,24
Семёнов Константин Андреевич,рядовой,4,38
Захаров Никита Павлович,майор,12,47
Фёдоров Алексей Ильич,полковник,12,36
Васильев Павел Романович,сержант,3,33
Семёнов Кирилл Алексеевич,капитан,10,41
Борисов Александр Павлович,сержант,10,58
Алексеев Алексей Александрович,рядовой,8,41
Лебедев Павел Олегович,прапорщик,5,47
Алексеев Илья Викторович,прапорщик,7,46
Андреев Евгений Викторович,капитан,6,48
Кузнецов Андрей Романович,полковник,5,51
Павлов Андрей Сергеевич,капитан,10,51
Сидоров Никита Юрьевич,капитан,11,36
Никитин Сергей Максимович,рядовой,4,52
Алексеев Евгений Юрьевич,прапорщик,9,41
Соколов Олег Александрович,рядовой,5,29
Смирнов Константин Юрьевич,прапорщик,8,34
Николаев Никита Ильич,капитан,8,50
Попов Никита Дмитриевич,прапорщик,7,26
Васильев Максим Юрьевич,прапорщик,9,25
Лебедев Алексей Алексеевич,майор,8,56
Кузнецов Александр Юрьевич,капитан,9,19
Степанов Михаил Андреевич,полковник,10,26
Лебедев Александр Павлович,прапорщик,6,46
Макаров Андрей Ильич,сержант,7,26
Смирнов Дмитрий Павлович,лейтенант,6,47
Кузнецов Евгений Дмитриевич,лейтенант,5,57
Семёнов Павел Сергеевич,рядовой,2,60
Морозов Евгений Александрович,сержант,10,46
Фёдоров Юрий Андреевич,полковник,1,36
Соколов Олег Дмитриевич,лейтенант,11,33
Алексеев Юрий Романович,майор,1,46
Алексеев Артём Кириллович,полковник,9,32
Попов Виктор Алексеевич,сержант,1,33
Петров Денис Дмитриевич,майор,8,25
Захаров Степан Ильич,прапорщик,3,29
Соловьёв Денис Юрьевич,полковник,1,26
Никитин Илья Максимович,майор,8,50
Борисов Александр Никитич,полковник,5,46
Лебедев Артём Алексеевич,сержант,6,43
Козлов Степан Максимович,полковник,1,28
Соловьёв Алексей Александрович,полковник,7,27
Новиков Юрий Романович,лейтенант,9,20
Соловьёв Сергей Александрович,майор,1,53
Новиков Матвей Александрович,сержант,11,48
Попов Андрей Кириллович,капитан,6,33
Степанов Роман Викторович,майор,2,51
Соколов Максим Павлович,сержант,1,43
Морозов Александр Олегович,лейтенант,7,20
Степанов Дмитрий Викторович,майор,10,44
Иванов Олег Ильич,капитан,3,19
Яковлев Алексей Андреевич,сержант,5,23
Иванов Олег Юрьевич,полковник,11,25
Макаров Егор Романович,лейтенант,5,34
Иванов Денис Дмитриевич,капитан,7,37
Орлов Максим Максимович,полковник,3,27
Семёнов Степан Ильич,рядовой,5,27
Яковлев Матвей Никитич,сержант,2,31
Захаров Виктор Михайлович,сержант,6,55
Андреев Кирилл Никитич,рядовой,3,47
Зайцев Роман Павлович,сержант,9,19
Захаров Константин Сергеевич,прапорщик,6,34
Яковлев Иван Олегович,рядовой,9,38
Павлов Артём Никитич,лейтенант,2,35
Михайлов Павел Кириллович,сержант,6,50
Макаров Дмитрий Олегович,прапорщик,11,38
Михайлов Михаил Андреевич,капитан,1,41
Соловьёв Юрий Андреевич,рядовой,5,23
Борисов Евгений Андреевич,сержант,11,35
Алексеев Андрей Дмитриевич,майор,10,31
Борисов Андрей Дмитриевич,майор,4,47
Орлов Артём Сергеевич,полковник,2,25
Морозов Артём Сергеевич,сержант,5,45
Смирнов Илья Андреевич,сержант,12,42
Зайцев Павел Ильич,сержант,1,31
Семёнов Виктор Никитич,прапорщик,6,57
Андреев Никита Павлович,лейтенант,11,24
Яковлев Степан Дмитриевич,капитан,6,34
Соколов Евгений Андреевич,капитан,3,51
Николаев Дмитрий Иванович,прапорщик,1,19
Соколов Денис Андреевич,майор,8,51
Андреев Илья Ильич,прапорщик,5,35
Козлов Иван Викторович,майор,5,30
Козлов Матвей Иванович,майор,4,57
Соловьёв Роман Максимович,рядовой,9,23
Егоров Иван Андреевич,сержант,3,30
Макаров Матвей Кириллович,майор,6,28
Зайцев Максим Иванович,рядовой,3,21
Андреев Константин Андреевич,прапорщик,9,27
Кузнецов Михаил Андреевич,прапорщик,1,51
Никитин Илья Дмитриевич,капитан,11,45
Егоров Илья Никитич,прапорщик,12,56
Борисов Юрий Никитич,майор,7,24
Смирнов Олег Дмитриевич,капитан,8,20
Никитин Егор Ильич,полковник,10,35
Соловьёв Андрей Викторович,капитан,9,33
Кузнецов Матвей Максимович,сержант,11,49
Фёдоров Михаил Михайлович,полковник,1,33
Андреев Артём Михайлович,сержант,3,33
Козлов Никита Алексеевич,лейтенант,1,37
Соколов Александр Максимович,капитан,8,52
Фёдоров Степан Иванович,капитан,6,38
Семёнов Кирилл Кириллович,прапорщик,7,26
Кузнецов Юрий Андреевич,рядовой,1,39
Степанов Алексей Юрьевич,лейтенант,5,25
Никитин Кирилл Юрьевич,лейтенант,6,60
Борисов Илья Сергеевич,прапорщик,7,22
Васильев Олег Михайлович,рядовой,2,49
Иванов Андрей Никитич,майор,1,32
Степанов Иван Юрьевич,рядовой,11,42
Алексеев Никита Андреевич,майор,9,40
Николаев Денис Ильич,рядовой,9,50
Орлов Юрий Олегович,сержант,4,33
Козлов Матвей Иванович,капитан,12,56
Никитин Сергей Олегович,сержант,1,59
Кочергин Матвей Олегович,прапорщик,7,41
Борисов Павел Сергеевич,рядовой,12,45
Морозов Александр Максимович,капитан,2,59
Семёнов Павел Павлович,сержант,4,48
Васильев Дмитрий Андреевич,рядовой,5,55
Зайцев Александр Никитич,капитан,6,51
Николаев Олег Александрович,лейтенант,6,38
Зайцев Александр Александрович,полковник,3,21
Соколов Павел Иванович,полковник,6,37
Орлов Егор Александрович,прапорщик,1,36
Захаров Виктор Юрьевич,сержант,10,43
Зайцев Денис Михайлович,лейтенант,8,56
Фёдоров Илья Романович,прапорщик,10,56
Кузнецов Степан Иванович,капитан,5,53
Васильев Юрий Юрьевич,капитан,8,23
Михайлов Павел Юрьевич,прапорщик,9,54
Захаров Егор Михайлович,лейтенант,2,24
Михайлов Иван Сергеевич,майор,12,57
Новиков Денис Викторович,сержант,8,33
Николаев Кирилл Никитич,рядовой,4,39
Козлов Константин Михайлович,майор,9,49
Борисов Андрей Викторович,майор,9,57
Кузнецов Юрий Кириллович,майор,9,34
Зайцев Павел Викторович,рядовой,12,43
Сидоров Матвей Ильич,рядовой,2,53
Павлов Егор Андреевич,полковник,11,21
Смирнов Виктор Павлович,прапорщик,3,52
Козлов Виктор Ильич,прапорщик,2,32
Иванов Степан Романович,прапорщик,12,47
Павлов Егор Юрьевич,прапорщик,7,39
Павлов Артём Павлович,рядовой,3,51
Никитин Кирилл Иванович,полковник,6,50
Андреев Илья Ильич,лейтенант,5,54
Васильев Максим Романович,капитан,6,25
Новиков Юрий Иванович,прапорщик,1,59
Яковлев Кирилл Ильич,рядовой,2,32
Новиков Александр Дмитриевич,сержант,2,59
Павлов Евгений Сергеевич,рядовой,6,36
Семёнов Кирилл Юрьевич,капитан,7,57
Николаев Максим Викторович,рядовой,5,41
Степанов Кирилл Олегович,сержант,10,36
Кочергин Александр Алексеевич,капитан,6,27
Яковлев Егор Ильич,майор,11,52
Михайлов Юрий Викторович,капитан,8,38
Сидоров Олег Александрович,капитан,2,20
Попов Павел Олегович,лейтенант,1,35
Семёнов Иван Романович,капитан,4,42
Попов Олег Олегович,капитан,4,50
Борисов Юрий Александрович,полковник,4,29
Морозов Артём Алексеевич,капитан,3,42
Зайцев Юрий Михайлович,полковник,1,57
Семёнов Михаил Олегович,сержант,6,22
Яковлев Степан Дмитриевич,лейтенант,4,20
Петров Сергей Олегович,лейтенант,12,34
Борисов Юрий Викторович,капитан,3,54
Семёнов Роман Романович,прапорщик,11,38
Орлов Евгений Павлович,майор,9,27
Егоров Егор Романович,капитан,5,20
Павлов Илья Никитич,рядовой,2,35
Морозов Сергей Викторович,капитан,11,34
Кузнецов Юрий Дмитриевич,лейтенант,4,46
Новиков Алексей Олегович,лейтенант,6,40
Кузнецов Дмитрий Дмитриевич,сержант,1,18
Кочергин Сергей Павлович,рядовой,2,50
Морозов Никита Никитич,лейтенант,5,26
Сидоров Матвей Михайлович,капитан,7,18
Новиков Роман Иванович,лейтенант,1,58
Сидоров Олег Максимович,рядовой,10,57
Фёдоров Виктор Кириллович,сержант,1,57
Лебедев Максим Олегович,сержант,5,39
Павлов Иван Андреевич,майор,4,41
Зайцев Денис Романович,лейтенант,5,34
Кузнецов Егор Александрович,лейтенант,5,48
Фёдоров Павел Андреевич,майор,3,25
Соколов Константин Иванович,лейтенант,4,27
Яковлев Кирилл Олегович,прапорщик,7,19
Андреев Никита Михайлович,прапорщик,11,40
Новиков Илья Сергеевич,полковник,9,37
Алексеев Павел Андреевич,лейтенант,11,30
Петров Юрий Никитич,рядовой,11,49
Никитин Матвей Дмитриевич,капитан,8,46
Фёдоров Никита Ильич,майор,4,37
Алексеев Сергей Сергеевич,капитан,5,25
Борисов Илья Алексеевич,сержант,12,50
Никитин Михаил Романович,сержант,1,47
Захаров Дмитрий Сергеевич,капитан,5,27
Степанов Максим Дмитриевич,прапорщик,11,50
Сидоров Виктор Павлович,капитан,1,40
Зайцев Никита Павлович,капитан,6,31
Попов Егор Сергеевич,лейтенант,2,48
Степанов Матвей Дмитриевич,прапорщик,10,35
Лебедев Виктор Александрович,прапорщик,11,38
Орлов Михаил Ильич,майор,5,36
Попов Алексей Никитич,рядовой,1,49
Орлов Никита Павлович,майор,11,46
Егоров Егор Олегович,рядовой,7,18
Иванов Илья Викторович,полковник,5,37
Иванов Андрей Павлович,полковник,12,43
Борисов Дмитрий Романович,рядовой,8,41
Фёдоров Алексей Олегович,майор,6,33
Никитин Сергей Алексеевич,сержант,2,25
Алексеев Алексей Александрович,рядовой,2,38
Павлов Матвей Романович,сержант,9,59
Алексеев Олег Никитич,рядовой,12,60
Зайцев Алексей Павлович,полковник,9,53
Иванов Константин Кириллович,прапорщик,4,38
Попов Никита Кириллович,прапорщик,7,23
Михайлов Роман Романович,майор,3,50
Орлов Никита Максимович,полковник,2,20
Кузнецов Илья Максимович,рядовой,7,25
Сидоров Павел Сергеевич,майор,4,58
Захаров Олег Дмитриевич,майор,2,30
Павлов Евгений Дмитриевич,полковник,1,38
Кочергин Константин Романович,прапорщик,11,49
Козлов Артём Алексеевич,полковник,12,42
Борисов Степан Андреевич,майор,6,36
Попов Никита Павлович,лейтенант,7,43
Андреев Иван Максимович,лейтенант,8,35
Кочергин Юрий Александрович,сержант,11,30
Борисов Сергей Романович,сержант,12,26
Козлов Кирилл Андреевич,полковник,3,36
Козлов Алексей Ильич,рядовой,4,30
Павлов Денис Сергеевич,прапорщик,4,46
Яковлев Степан Павлович,полковник,12,50
Иванов Виктор Никитич,сержант,5,57
Фёдоров Артём Кириллович,майор,8,49
Васильев Максим Юрьевич,майор,3,38
Николаев Андрей Юрьевич,сержант,9,39
Яковлев Сергей Кириллович,рядовой,4,30
Соловьёв Кирилл Иванович,капитан,3,48
Новиков Илья Иванович,полковник,9,27
Николаев Максим Александрович,сержант,7,20
Иванов Артём Андреевич,сержант,4,29
Смирнов Виктор Викторович,капитан,2,35
Фёдоров Кирилл Дмитриевич,майор,4,25
Попов Алексей Ильич,майор,4,18
Захаров Андрей Алексеевич,полковник,9,53
Смирнов Дмитрий Олегович,прапорщик,6,55
Фёдоров Максим Сергеевич,капитан,11,40
Макаров Никита Павлович,рядовой,6,56
Сидоров Юрий Алексеевич,прапорщик,9,36
Лебедев Егор Романович,прапорщик,1,53
Соколов Денис Викторович,сержант,7,28
Васильев Михаил Юрьевич,полковник,3,38
Захаров Александр Сергеевич,капитан,5,54
Морозов Евгений Викторович,майор,2,38
Соколов Константин Кириллович,лейтенант,6,25
Яковлев Артём Алексеевич,майор,12,19
Степанов Кирилл Сергеевич,сержант,3,50
Андреев Иван Иванович,капитан,8,33
Зайцев Юрий Алексеевич,капитан,3,29
Соловьёв Юрий Дмитриевич,рядовой,8,59
Петров Никита Олегович,капитан,2,25
Орлов Андрей Иванович,майор,10,41
Соловьёв Дмитрий Сергеевич,рядовой,7,21
Андреев Константин Павлович,майор,2,23
Борисов Максим Кириллович,майор,9,43
Яковлев Дмитрий Андреевич,лейтенант,9,39
Сидоров Илья Юрьевич,лейтенант,10,23
Васильев Павел Иванович,сержант,4,56
Захаров Никита Андреевич,прапорщик,8,27
Семёнов Сергей Олегович,сержант,6,38
Борисов Сергей Андреевич,прапорщик,9,56
Николаев Алексей Павлович,лейтенант,3,22
Морозов Виктор Никитич,майор,3,54
Попов Виктор Павлович,полковник,12,35
Соловьёв Дмитрий Викторович,рядовой,5,22
Кочергин Дмитрий Кириллович,полковник,2,42
Михайлов Степан Юрьевич,лейтенант,11,29
Николаев Егор Викторович,сержант,8,25
Фёдоров Егор Сергеевич,прапорщик,12,25
Яковлев Егор Максимович,капитан,10,22
Соколов Максим Павлович,рядовой,10,22
Егоров Дмитрий Юрьевич,майор,5,31
Орлов Сергей Максимович,полковник,8,19
Соловьёв Евгений Дмитриевич,прапорщик,3,28
Соколов Иван Викторович,лейтенант,4,41
Козлов Евгений Дмитриевич,полковник,5,20
Никитин Максим Иванович,сержант,8,55
Васильев Денис Максимович,лейтенант,10,20
Морозов Илья Андреевич,сержант,4,27
Кочергин Роман Андреевич,лейтенант,2,31
Соколов Артём Кириллович,прапорщик,2,31
Соколов Иван Павлович,капитан,4,20
Борисов Михаил Ильич,прапорщик,12,40
Павлов Артём Алексеевич,сержант,2,28
Соколов Никита Викторович,лейтенант,1,60
Яковлев Константин Сергеевич,полковник,11,22
Алексеев Павел Михайлович,рядовой,9,40
Николаев Матвей Романович,полковник,8,20
Никитин Илья Андреевич,майор,1,60
Макаров Матвей Кириллович,полковник,6,43
Алексеев Максим Романович,рядовой,3,26
Морозов Константин Ильич,прапорщик,10,35
Семёнов Егор Никитич,полковник,1,46
Петров Евгений Юрьевич,капитан,9,50
Захаров Евгений Алексеевич,прапорщик,4,35
Новиков Максим Иванович,рядовой,3,57
Борисов Андрей Никитич,прапорщик,3,48
Михайлов Матвей Дмитриевич,полковник,6,37
Петров Андрей Романович,полковник,11,25
Захаров Олег Олегович,майор,3,38
Захаров Роман Кириллович,капитан,2,24
Павлов Дмитрий Никитич,лейтенант,6,38
Петров Кирилл Олегович,полковник,6,53
Андреев Денис Павлович,капитан,3,49
Козлов Матвей Андреевич,лейтенант,1,24
Егоров Степан Ильич,рядовой,12,41
Орлов Денис Александрович,лейтенант,9,31
Новиков Денис Михайлович,полковник,10,19
Зайцев Михаил Павлович,сержант,4,48
Никитин Степан Сергеевич,прапорщик,12,32
Козлов Константин Никитич,рядовой,1,37
Лебедев Матвей Дмитриевич,сержант,2,42
Степанов Павел Александрович,сержант,3,27
Кузнецов Юрий Александрович,капитан,10,48
Николаев Константин Кириллович,рядовой,6,51
Иванов Никита Никитич,майор,10,20
Козлов Дмитрий Никитич,рядовой,7,55
Соловьёв Матвей Алексеевич,капитан,11,31
Алексеев Сергей Олегович,прапорщик,3,43
Алексеев Олег Иванович,рядовой,8,36
Степанов Дмитрий Андреевич,полковник,12,25
Макаров Иван Александрович,полковник,4,37
Васильев Иван Александрович,сержант,9,25
Сидоров Степан Ильич,рядовой,6,44
Степанов Степан Дмитриевич,прапорщик,4,44
Захаров Андрей Михайлович,капитан,7,47
Попов Роман Никитич,сержант,5,55
Козлов Кирилл Юрьевич,майор,9,26
Макаров Илья Максимович,лейтенант,9,18
Козлов Евгений Кириллович,лейтенант,12,51
Макаров Роман Олегович,рядовой,7,40
Макаров Илья Михайлович,майор,9,28
Попов Денис Максимович,сержант,1,58
Кузнецов Егор Дмитриевич,сержант,5,41
Сидоров Артём Дмитриевич,лейтенант,9,58
Макаров Максим Павлович,рядовой,1,45
Новиков Максим Романович,лейтенант,5,58
Иванов Олег Ильич,лейтенант,9,31
Егоров Степан Олегович,майор,7,53
Смирнов Константин Романович,майор,10,50
Морозов Юрий Олегович,капитан,4,46
Семёнов Алексей Дмитриевич,прапорщик,6,22
Павлов Денис Александрович,полковник,1,37
Лебедев Илья Романович,капитан,9,29
Борисов Андрей Алексеевич,полковник,12,52
Иванов Степан Викторович,лейтенант,4,55
Семёнов Сергей Викторович,прапорщик,1,53
Сидоров Иван Михайлович,прапорщик,3,37
Кочергин Никита Сергеевич,сержант,11,23
Попов Алексей Дмитриевич,полковник,3,31
Иванов Андрей Алексеевич,майор,2,26
Петров Александр Андреевич,прапорщик,2,31
Смирнов Виктор Михайлович,прапорщик,9,50
Захаров Никита Сергеевич,полковник,9,36
Егоров Юрий Александрович,сержант,8,40
Павлов Дмитрий Дмитриевич,капитан,10,36
Степанов Денис Сергеевич,полковник,9,58
Андреев Егор Никитич,прапорщик,6,39
Смирнов Степан Алексеевич,лейтенант,6,18
Степанов Денис Максимович,сержант,9,38
Семёнов Дмитрий Сергеевич,лейтенант,2,34
Андреев Никита Викторович,полковник,12,47
Соловьёв Константин Михайлович,рядовой,1,36
Кузнецов Сергей Викторович,полковник,9,54
Кочергин Андрей Никитич,лейтенант,3,19
Новиков Никита Иванович,лейтенант,11,60
Сидоров Максим Сергеевич,рядовой,8,32
Павлов Евгений Юрьевич,прапорщик,11,60
Борисов Олег Павлович,полковник,4,20
Соколов Александр Викторович,майор,10,60
Кузнецов Олег Михайлович,майор,12,49
Алексеев Александр Дмитриевич,рядовой,4,46
Иванов Юрий Романович,майор,6,33
Морозов Илья Викторович,лейтенант,2,38
Орлов Артём Романович,прапорщик,2,31
Степанов Роман Сергеевич,рядовой,4,34
Морозов Александр Сергеевич,капитан,1,44
Соколов Константин Кириллович,полковник,7,23
Борисов Александр Дмитриевич,капитан,3,19
Морозов Матвей Дмитриевич,полковник,8,25
Макаров Артём Кириллович,майор,7,51
Кочергин Кирилл Александрович,майор,8,60
Захаров Юрий Александрович,сержант,12,50
Лебедев Денис Юрьевич,сержант,6,36
Борисов Константин Иванович,лейтенант,3,57
Борисов Кирилл Юрьевич,лейтенант,1,36
Смирнов Кирилл Олегович,полковник,2,22
Козлов Денис Ильич,рядовой,4,34
Степанов Алексей Павлович,сержант,8,46
Алексеев Евгений Юрьевич,сержант,1,48
Павлов Александр Романович,сержант,6,18
Васильев Матвей Иванович,прапорщик,8,57
Николаев Юрий Кириллович,рядовой,9,56
Семёнов Роман Романович,полковник,4,39
Егоров Матвей Дмитриевич,прапорщик,10,42
Морозов Сергей Павлович,полковник,6,20
Михайлов Илья Никитич,прапорщик,3,58
Никитин Михаил Романович,полковник,7,45
Алексеев Александр Михайлович,сержант,3,33
Захаров Егор Павлович,сержант,6,51
Егоров Егор Александрович,капитан,2,49
Кочергин Юрий Никитич,рядовой,12,53
Новиков Олег Иванович,лейтенант,4,39
Андреев Михаил Дмитриевич,майор,9,23
Иванов Роман Олегович,сержант,2,50
Соловьёв Алексей Дмитриевич,капитан,8,57
Сидоров Роман Алексеевич,рядовой,3,25
Новиков Александр Дмитриевич,майор,11,52
Алексеев Павел Михайлович,майор,8,55
Соловьёв Егор Викторович,капитан,8,51
Захаров Степан Максимович,лейтенант,10,42
Макаров Роман Кириллович,капитан,7,28
Алексеев Артём Максимович,капитан,2,52
Морозов Илья Никитич,капитан,12,45
Борисов Степан Сергеевич,лейтенант,4,49
Захаров Роман Павлович,рядовой,8,43
Новиков Андрей Кириллович,майор,10,25
Васильев Максим Андреевич,полковник,7,44
Кочергин Егор Романович,рядовой,5,58
Михайлов Павел Иванович,сержант,12,38
Степанов Егор Андреевич,майор,6,29
Соловьёв Артём Алексеевич,капитан,1,50
Соколов Константин Дмитриевич,сержант,7,52
Сидоров Олег Викторович,капитан,4,36
Яковлев Виктор Олегович,капитан,7,56
Новиков Константин Дмитриевич,рядовой,12,58
Кочергин Матвей Викторович,полковник,9,40
Соколов Иван Максимович,сержант,12,48
Попов Кирилл Ильич,лейтенант,11,46
Степанов Матвей Юрьевич,сержант,9,55
Морозов Михаил Андреевич,полковник,12,54
Козлов Матвей Ильич,полковник,10,44
Козлов Степан Романович,майор,4,41
Зайцев Максим Ильич,лейтенант,2,21
Орлов Иван Романович,прапорщик,11,22
Васильев Андрей Олегович,майор,8,60
Степанов Олег Романович,сержант,5,29
Макаров Никита Михайлович,сержант,10,19
Иванов Егор Романович,майор,2,44
Смирнов Степан Дмитриевич,лейтенант,10,42
Павлов Степан Романович,полковник,7,49
Борисов Сергей Викторович,капитан,8,49
Фёдоров Дмитрий Никитич,лейтенант,7,19
Семёнов Максим Павлович,майор,6,54
Никитин Иван Кириллович,полковник,3,52
Соколов Сергей Михайлович,майор,3,53
Захаров Максим Алексеевич,прапорщик,6,31
Орлов Виктор Кириллович,лейтенант,2,58
Кочергин Илья Алексеевич,полковник,11,58
Соловьёв Алексей Олегович,майор,2,20
Михайлов Степан Андреевич,лейтенант,8,57
Лебедев Матвей Викторович,капитан,2,26
Петров Егор Дмитриевич,майор,1,53
Макаров Денис Никитич,сержант,3,53
Андреев Илья Алексеевич,лейтенант,12,34
Орлов Павел Павлович,капитан,5,44
Семёнов Матвей Андреевич,рядовой,6,43
Морозов Юрий Александрович,лейтенант,4,47
Лебедев Роман Викторович,полковник,12,32
Смирнов Алексей Максимович,рядовой,9,41
Андреев Илья Михайлович,майор,8,21
Захаров Алексей Алексеевич,майор,10,46
Васильев Никита Алексеевич,полковник,7,19
Павлов Денис Алексеевич,полковник,5,53
Павлов Евгений Дмитриевич,полковник,8,59
Зайцев Иван Романович,рядовой,3,24
Соловьёв Илья Андреевич,сержант,1,27
Алексеев Александр Романович,полковник,2,30
Яковлев Иван Дмитриевич,полковник,12,42
Орлов Павел Олегович,лейтенант,2,24
Зайцев Егор Викторович,лейтенант,5,46
Попов Павел Романович,сержант,7,46
Яковлев Артём Иванович,рядовой,1,31
Никитин Артём Дмитриевич,майор,5,39
Степанов Никита Олегович,капитан,10,19
Васильев Евгений Михайлович,капитан,8,57
Новиков Юрий Никитич,лейтенант,8,27
Кузнецов Евгений Никитич,прапорщик,10,23
Зайцев Роман Александрович,сержант,11,23
Соколов Юрий Дмитриевич,рядовой,11,54
Васильев Артём Никитич,майор,9,41
Сидоров Никита Андреевич,капитан,11,33
Макаров Степан Иванович,рядовой,7,35
Сидоров Виктор Никитич,прапорщик,5,37
Макаров Сергей Ильич,рядовой,3,33
Соловьёв Илья Алексеевич,полковник,3,24
Семёнов Максим Кириллович,прапорщик,5,24
Лебедев Егор Максимович,лейтенант,5,36
Егоров Никита Викторович,сержант,2,53
Петров Сергей Александрович,полковник,4,34
Семёнов Матвей Иванович,лейтенант,9,59
Степанов Виктор Юрьевич,полковник,9,24
Иванов Илья Никитич,сержант,12,22
Васильев Павел Андреевич,капитан,1,47
Иванов Алексей Олегович,сержант,5,22
Петров Егор Кириллович,рядовой,7,39
Яковлев Сергей Павлович,лейтенант,6,47
Кочергин Максим Павлович,прапорщик,5,33
Васильев Илья Сергеевич,сержант,1,60
Алексеев Виктор Максимович,рядовой,4,41
Никитин Виктор Иванович,полковник,1,28
Зайцев Никита Олегович,прапорщик,7,43
Михайлов Павел Максимович,полковник,10,27
Лебедев Егор Сергеевич,майор,12,43
Алексеев Никита Михайлович,рядовой,4,42
Лебедев Алексей Дмитриевич,капитан,7,48
Лебедев Денис Сергеевич,сержант,12,20
Никитин Денис Михайлович,рядовой,8,54
Петров Егор Викторович,рядовой,1,42
Соколов Андрей Максимович,сержант,10,36
Семёнов Михаил Иванович,полковник,5,60
Козлов Евгений Ильич,сержант,6,22
Зайцев Илья Викторович,сержант,12,53
Кочергин Олег Андреевич,капитан,4,22
Николаев Михаил Иванович,сержант,8,49
Козлов Максим Ильич,капитан,4,43
Иванов Максим Романович,рядовой,1,34
Михайлов Степан Никитич,майор,7,36
Морозов Юрий Андреевич,капитан,7,51
Морозов Евгений Романович,капитан,7,35
Николаев Кирилл Олегович,лейтенант,4,50
Морозов Степан Павлович,полковник,9,51
Борисов Виктор Юрьевич,рядовой,3,36
Васильев Константин Александрович,прапорщик,1,57
Иванов Сергей Никитич,прапорщик,1,35
Морозов Юрий Никитич,прапорщик,11,51
Макаров Иван Михайлович,прапорщик,3,47
Морозов Олег Олегович,полковник,5,53
Павлов Роман Кириллович,рядовой,2,57
Иванов Дмитрий Андреевич,лейтенант,11,42
Семёнов Кирилл Юрьевич,рядовой,2,23
Яковлев Денис Романович,майор,11,45
Зайцев Юрий Ильич,лейтенант,2,43
Васильев Олег Павлович,прапорщик,7,40
Андреев Степан Андреевич,прапорщик,4,30
Захаров Иван Никитич,капитан,4,41
Соколов Андрей Павлович,полковник,4,18
Сидоров Евгений Иванович,лейтенант,5,52
Соловьёв Денис Сергеевич,майор,4,43
Борисов Сергей Михайлович,майор,2,26
Фёдоров Александр Никитич,капитан,12,45
Егоров Илья Александрович,майор,3,21
Кузнецов Никита Ильич,полковник,1,55
Петров Юрий Сергеевич,полковник,2,22
Новиков Никита Павлович,майор,9,37
Борисов Максим Павлович,рядовой,11,24
Лебедев Алексей Дмитриевич,сержант,4,44
Соколов Илья Александрович,капитан,1,56
Попов Егор Максимович,капитан,3,39
Кочергин Михаил Романович,майор,3,45
Алексеев Сергей Дмитриевич,прапорщик,12,23
Захаров Роман Сергеевич,лейтенант,12,47
Семёнов Михаил Александрович,лейтенант,2,22
Морозов Павел Сергеевич,полковник,4,54
Алексеев Алексей Романович,капитан,1,40
Захаров Сергей Павлович,капитан,12,28
Яковлев Сергей Максимович,майор,8,46
Иванов Павел Олегович,майор,12,44
Захаров Артём Андреевич,лейтенант,7,50
Кузнецов Степан Юрьевич,рядовой,9,21
Лебедев Никита Олегович,рядовой,9,38
Смирнов Александр Андреевич,прапорщик,2,23
Попов Юрий Сергеевич,прапорщик,2,33
Морозов Денис Никитич,сержант,12,36
Михайлов Виктор Максимович,прапорщик,7,59
Семёнов Михаил Ильич,капитан,8,22
Захаров Дмитрий Олегович,сержант,6,41
Андреев Андрей Михайлович,прапорщик,6,22
Васильев Сергей Александрович,капитан,10,51
Смирнов Юрий Сергеевич,лейтенант,11,28
Андреев Денис Андреевич,рядовой,7,28
Алексеев Илья Олегович,полковник,1,24
Соколов Иван Андреевич,рядовой,10,30
Степанов Иван Викторович,полковник,11,45
Смирнов Артём Кириллович,майор,12,48
Соловьёв Олег Никитич,капитан,1,44
Иванов Роман Дмитриевич,сержант,5,18
Борисов Александр Никитич,лейтенант,10,23
Новиков Матвей Дмитриевич,майор,7,33
Орлов Роман Кириллович,полковник,7,60
Никитин Егор Никитич,капитан,6,48
Орлов Кирилл Романович,прапорщик,1,34
Козлов Алексей Михайлович,рядовой,8,28
Фёдоров Степан Никитич,сержант,5,46
Новиков Олег Михайлович,полковник,3,21
Орлов Евгений Михайлович,сержант,4,47
Егоров Роман Ильич,сержант,3,41
Козлов Алексей Романович,прапорщик,1,57
Новиков Никита Ильич,прапорщик,12,44
Никитин Илья Викторович,лейтенант,1,28
Алексеев Роман Никитич,полковник,7,39
Борисов Дмитрий Ильич,майор,11,60
Зайцев Егор Павлович,сержант,10,40
Новиков Илья Павлович,прапорщик,1,43
Кузнецов Кирилл Никитич,прапорщик,8,56
Фёдоров Юрий Никитич,полковник,10,27
Морозов Егор Иванович,майор,4,39
Андреев Дмитрий Викторович,сержант,10,53
Попов Михаил Ильич,сержант,1,35
Лебедев Виктор Алексеевич,сержант,2,34
Кочергин Максим Ильич,лейтенант,11,30
Яковлев Евгений Никитич,майор,4,29
Попов Егор Кириллович,лейтенант,5,32
Алексеев Алексей Ильич,прапорщик,11,40
Никитин Сергей Алексеевич,лейтенант,9,33
Захаров Виктор Никитич,рядовой,6,50
Николаев Максим Павлович,лейтенант,11,29
Морозов Константин Михайлович,рядовой,1,60
Морозов Артём Олегович,полковник,3,51
Павлов Максим Сергеевич,прапорщик,10,55
Орлов Степан Александрович,сержант,12,36
Захаров Павел Викторович,полковник,1,20
Иванов Алексей Дмитриевич,лейтенант,5,26
Кузнецов Михаил Кириллович,рядовой,2,55
Смирнов Артём Дмитриевич,прапорщик,5,57
Макаров Алексей Романович,полковник,8,42
Зайцев Иван Павлович,полковник,4,22
Павлов Олег Сергеевич,лейтенант,4,41
Захаров Артём Никитич,полковник,4,57
Попов Иван Дмитриевич,полковник,5,48
Яковлев Сергей Романович,рядовой,6,40
Фёдоров Михаил Сергеевич,рядовой,12,60
Семёнов Матвей Андреевич,сержант,12,39
Лебедев Максим Викторович,сержант,6,47
Андреев Константин Сергеевич,рядовой,11,39
Новиков Матвей Дмитриевич,лейтенант,5,53
Андреев Александр Сергеевич,капитан,4,21
Яковлев Юрий Никитич,полковник,12,48
Алексеев Егор Иванович,майор,1,49
Макаров Михаил Максимович,лейтенант,12,29
Смирнов Илья Павлович,майор,4,59
Яковлев Алексей Романович,прапорщик,12,20
Лебедев Максим Андреевич,рядовой,9,49
Попов Егор Павлович,майор,1,43
Павлов Андрей Ильич,майор,7,29
Морозов Роман Андреевич,рядовой,11,42
Егоров Евгений Олегович,прапорщик,7,36
Лебедев Константин Павлович,рядовой,8,60
Кузнецов Константин Михайлович,прапорщик,12,46
Зайцев Матвей Андреевич,майор,2,24
Козлов Артём Павлович,лейтенант,9,21
Андреев Кирилл Ильич,прапорщик,8,34
Лебедев Денис Иванович,прапорщик,11,60
Захаров Виктор Иванович,полковник,9,23
Николаев Никита Ильич,рядовой,12,45
Орлов Александр Павлович,полковник,12,26
Захаров Илья Иванович,майор,4,42
Лебедев Андрей Павлович,капитан,10,60
Козлов Роман Кириллович,сержант,5,55
Соловьёв Алексей Кириллович,лейтенант,10,37
Семёнов Никита Сергеевич,майор,4,20
Орлов Константин Павлович,рядовой,7,47
Захаров Олег Иванович,полковник,10,39
Зайцев Константин Максимович,прапорщик,10,49
Соловьёв Степан Максимович,майор,5,57
Кузнецов Андрей Павлович,лейтенант,11,35
Андреев Михаил Романович,лейтенант,12,55
Козлов Илья Андреевич,рядовой,2,57
Васильев Денис Павлович,полковник,12,21
Михайлов Егор Алексеевич,лейтенант,12,24
Фёдоров Дмитрий Олегович,майор,12,56
Кочергин Сергей Ильич,лейтенант,2,21
Егоров Егор Александрович,рядовой,3,38
Егоров Михаил Михайлович,прапорщик,7,39
Яковлев Виктор Андреевич,капитан,11,42
Морозов Юрий Алексеевич,рядовой,12,45
Захаров Виктор Иванович,майор,6,35
Борисов Андрей Романович,рядовой,5,33
Андреев Роман Дмитриевич,рядовой,5,22
Орлов Егор Сергеевич,сержант,3,43
Петров Олег Александрович,рядовой,7,36
Лебедев Дмитрий Павлович,майор,6,40
Михайлов Артём Павлович,прапорщик,9,39
Соловьёв Сергей Павлович,прапорщик,8,54
Орлов Сергей Дмитриевич,майор,1,50
Петров Олег Андреевич,сержант,11,60
Соколов Александр Ильич,рядовой,10,21
Никитин Евгений Дмитриевич,прапорщик,5,28
Лебедев Артём Юрьевич,капитан,7,37
Николаев Дмитрий Иванович,сержант,1,19
Соколов Роман Юрьевич,рядовой,6,54
Иванов Роман Михайлович,сержант,11,58
Фёдоров Егор Романович,лейтенант,2,42
Соколов Роман Никитич,рядовой,2,42
Андреев Дмитрий Павлович,лейтенант,2,31
Степанов Иван Андреевич,лейтенант,4,25
Никитин Иван Олегович,капитан,3,23
Иванов Денис Максимович,сержант,2,18
Андреев Роман Максимович,капитан,3,57
Соловьёв Кирилл Павлович,лейтенант,11,19
Яковлев Александр Викторович,прапорщик,5,35
Никитин Евгений Викторович,сержант,12,44
Фёдоров Юрий Сергеевич,майор,12,57
Соловьёв Олег Павлович,полковник,7,43
Егоров Павел Иванович,прапорщик,11,18
Морозов Алексей Павлович,капитан,7,18
Кузнецов Юрий Павлович,прапорщик,4,35
Морозов Андрей Андреевич,прапорщик,5,50
Николаев Артём Никитич,капитан,6,22
Зайцев Илья Кириллович,рядовой,7,46
Семёнов Кирилл Кириллович,прапорщик,1,33
Орлов Алексей Викторович,капитан,1,23
Кочергин Алексей Олегович,сержант,1,54
Захаров Роман Иванович,майор,7,43
Лебедев Константин Алексеевич,капитан,3,30
Макаров Виктор Олегович,рядовой,10,59
Лебедев Кирилл Олегович,полковник,12,40
Андреев Константин Андреевич,прапорщик,5,36
Захаров Олег Юрьевич,майор,10,41
Макаров Денис Максимович,капитан,6,42
Макаров Константин Дмитриевич,сержант,4,28
Николаев Илья Олегович,лейтенант,7,49
Зайцев Никита Михайлович,рядовой,9,50
Кузнецов Павел Олегович,капитан,8,44
Кузнецов Андрей Михайлович,сержант,2,51
Соколов Сергей Дмитриевич,сержант,2,42
Зайцев Артём Романович,прапорщик,1,36
Степанов Олег Дмитриевич,сержант,10,44
Семёнов Юрий Павлович,капитан,2,43
Смирнов Денис Дмитриевич,рядовой,5,46
Егоров Роман Ильич,майор,5,18
Захаров Андрей Кириллович,полковник,1,57
Борисов Иван Максимович,лейтенант,11,51
Макаров Степан Викторович,рядовой,9,20
Петров Алексей Михайлович,капитан,6,21
Николаев Степан Алексеевич,прапорщик,5,21
Попов Илья Михайлович,полковник,9,37
Яковлев Александр Павлович,капитан,2,41
Андреев Иван Юрьевич,сержант,9,57
Новиков Илья Павлович,полковник,9,59
Михайлов Виктор Сергеевич,капитан,12,34
Иванов Денис Павлович,капитан,11,57
Андреев Евгений Романович,майор,9,20
Лебедев Константин Олегович,лейтенант,9,30
Кочергин Кирилл Иванович,прапорщик,6,58
Семёнов Максим Сергеевич,лейтенант,6,28
Никитин Евгений Павлович,прапорщик,5,26
Петров Максим Дмитриевич,капитан,7,25
Николаев Юрий Романович,прапорщик,11,29
Васильев Роман Никитич,лейтенант,12,48
Андреев Евгений Иванович,прапорщик,11,37
Соловьёв Артём Дмитриевич,рядовой,9,32
Никитин Юрий Юрьевич,рядовой,12,31
Захаров Юрий Олегович,майор,5,42
Соколов Илья Павлович,капитан,12,55
Павлов Роман Викторович,сержант,10,22
Макаров Сергей Юрьевич,лейтенант,8,32
Андреев Артём Алексеевич,майор,7,39
Семёнов Матвей Иванович,прапорщик,9,27
Орлов Михаил Олегович,прапорщик,3,42
Семёнов Дмитрий Олегович,лейтенант,6,39
Кочергин Дмитрий Алексеевич,рядовой,9,58
Васильев Артём Романович,лейтенант,9,59
Павлов Кирилл Юрьевич,рядовой,1,60
Егоров Матвей Михайлович,полковник,5,28
Фёдоров Евгений Ильич,полковник,4,50
Павлов Олег Михайлович,капитан,3,42
Попов Юрий Дмитриевич,прапорщик,6,51
Козлов Степан Максимович,прапорщик,9,34
Яковлев Степан Никитич,лейтенант,2,21
Соловьёв Виктор Кириллович,капитан,9,29
Петров Денис Сергеевич,прапорщик,4,30
Алексеев Максим Александрович,лейтенант,12,20
Лебедев Михаил Олегович,капитан,1,29
Макаров Евгений Юрьевич,капитан,6,54
Степанов Алексей Алексеевич,сержант,11,43
Васильев Никита Юрьевич,лейтенант,9,49
Фёдоров Виктор Алексеевич,лейтенант,9,45
Никитин Кирилл Алексеевич,сержант,2,38
Зайцев Матвей Викторович,полковник,12,60
Сидоров Павел Александрович,капитан,5,42
Николаев Виктор Михайлович,капитан,5,37
Кочергин Юрий Михайлович,полковник,12,44
Макаров Егор Иванович,рядовой,7,59
Иванов Павел Сергеевич,полковник,5,60
Макаров Матвей Александрович,сержант,10,56
Борисов Алексей Сергеевич,лейтенант,5,59
Кочергин Алексей Никитич,сержант,5,54
Попов Евгений Алексеевич,прапорщик,10,57
Кузнецов Павел Андреевич,полковник,4,25
Попов Кирилл Дмитриевич,полковник,4,48
Лебедев Кирилл Алексеевич,рядовой,1,38
Кочергин Иван Викторович,майор,7,31
Лебедев Александр Максимович,полковник,10,51
Фёдоров Андрей Андреевич,лейтенант,3,19
Яковлев Михаил Иванович,сержант,5,59
Борисов Дмитрий Романович,рядовой,7,59
Алексеев Никита Максимович,капитан,7,31
Петров Дмитрий Ильич,полковник,11,60
Яковлев Евгений Александрович,прапорщик,6,43
Павлов Сергей Алексеевич,полковник,9,35
Михайлов Иван Романович,рядовой,7,19
Николаев Андрей Ильич,сержант,4,49
Захаров Михаил Дмитриевич,рядовой,9,37
Петров Максим Максимович,рядовой,12,26
Андреев Александр Андреевич,капитан,11,46
Семёнов Алексей Викторович,сержант,2,33
Степанов Сергей Кириллович,полковник,6,39
Фёдоров Илья Александрович,прапорщик,11,36
Петров Дмитрий Никитич,лейтенант,4,31
Попов Дмитрий Александрович,майор,10,28
Андреев Артём Александрович,прапорщик,9,26
Попов Михаил Дмитриевич,рядовой,3,49
Алексеев Алексей Александрович,майор,5,32
Петров Никита Иванович,полковник,8,54
Лебедев Кирилл Алексеевич,капитан,9,57
Лебедев Роман Олегович,полковник,5,53
Егоров Юрий Никитич,майор,6,31
Морозов Евгений Сергеевич,рядовой,11,52
Макаров Алексей Александрович,полковник,1,40
Соколов Алексей Александрович,полковник,1,32
Сидоров Константин Иванович,майор,8,31
Михайлов Егор Сергеевич,лейтенант,12,22
Иванов Максим Максимович,майор,4,33
Васильев Никита Викторович,рядовой,10,31
Николаев Александр Сергеевич,майор,12,36
Никитин Егор Ильич,лейтенант,9,27
Фёдоров Андрей Дмитриевич,капитан,11,45
Фёдоров Андрей Никитич,рядовой,5,42
Лебедев Денис Ильич,майор,6,39
Кочергин Егор Михайлович,полковник,3,46
Соловьёв Артём Алексеевич,сержант,4,40
Кочергин Кирилл Юрьевич,полковник,7,29
Андреев Денис Сергеевич,лейтенант,11,27
Зайцев Степан Сергеевич,рядовой,12,54
Морозов Дмитрий Юрьевич,рядовой,1,18
Лебедев Павел Павлович,сержант,1,54
Фёдоров Егор Юрьевич,рядовой,2,24
Андреев Роман Павлович,полковник,10,48
Павлов Матвей Александрович,лейтенант,1,34
Кузнецов Степан Юрьевич,прапорщик,2,54
Васильев Иван Ильич,майор,3,47
Фёдоров Олег Александрович,полковник,4,48
Алексеев Никита Ильич,прапорщик,12,36
Алексеев Кирилл Андреевич,лейтенант,9,59
Никитин Илья Викторович,прапорщик,2,30
Морозов Олег Никитич,майор,9,31
Морозов Константин Дмитриевич,сержант,2,43
Морозов Никита Сергеевич,сержант,11,23
Зайцев Дмитрий Викторович,прапорщик,4,45
Никитин Юрий Максимович,сержант,3,41
Зайцев Матвей Романович,прапорщик,3,20
Павлов Иван Александрович,рядовой,6,38
Алексеев Константин Дмитриевич,полковник,12,49
Яковлев Константин Максимович,капитан,6,31
Сидоров Денис Михайлович,капитан,6,22
Яковлев Максим Андреевич,прапорщик,8,45
Орлов Андрей Юрьевич,сержант,4,42
Семёнов Иван Андреевич,капитан,12,32
Зайцев Степан Романович,лейтенант,9,48
Михайлов Денис Олегович,лейтенант,3,37
Кочергин Иван Дмитриевич,полковник,4,22
Кочергин Юрий Кириллович,рядовой,10,34
Захаров Кирилл Иванович,полковник,3,34
Степанов Степан Олегович,рядовой,11,44
Семёнов Кирилл Юрьевич,полковник,10,26
Соколов Дмитрий Павлович,майор,11,41
Петров Артём Олегович,прапорщик,6,57
Лебедев Степан Андреевич,сержант,1,48
Козлов Михаил Викторович,сержант,8,41
Смирнов Кирилл Алексеевич,полковник,12,28
Кочергин Андрей Дмитриевич,полковник,3,30
Орлов Артём Михайлович,капитан,2,28
Павлов Виктор Олегович,полковник,12,48
Николаев Никита Юрьевич,капитан,6,27
Васильев Егор Андреевич,полковник,6,30
Попов Михаил Дмитриевич,сержант,4,47
Соловьёв Кирилл Павлович,лейтенант,11,44
Егоров Максим Викторович,сержант,9,27
Фёдоров Кирилл Александрович,лейтенант,6,21
Лебедев Иван Сергеевич,прапорщик,9,43
Николаев Степан Юрьевич,лейтенант,2,49
Макаров Кирилл Викторович,лейтенант,3,41
Соколов Егор Алексеевич,лейтенант,4,47
Морозов Егор Павлович,майор,7,52
Зайцев Никита Андреевич,сержант,1,51
Попов Никита Михайлович,рядовой,7,29
Фёдоров Иван Дмитриевич,полковник,7,37
Морозов Константин Максимович,рядовой,4,33
Иванов Александр Сергеевич,капитан,7,58
Морозов Андрей Юрьевич,майор,4,40
Макаров Денис Ильич,рядовой,8,19
Павлов Илья Сергеевич,капитан,5,47
Яковлев Константин Ильич,полковник,4,33
Новиков Артём Олегович,сержант,8,59
Семёнов Андрей Михайлович,полковник,3,50
Попов Артём Никитич,сержант,3,48
Егоров Артём Романович,полковник,2,48
Соловьёв Андрей Никитич,рядовой,12,30
Андреев Андрей Романович,капитан,1,32
Лебедев Дмитрий Сергеевич,прапорщик,11,50
Орлов Денис Викторович,рядовой,7,43
Макаров Сергей Михайлович,полковник,7,39
Иванов Дмитрий Романович,капитан,8,39
Петров Павел Максимович,полковник,8,59
Егоров Андрей Михайлович,рядовой,11,39
Сидоров Артём Иванович,сержант,3,34
Фёдоров Сергей Максимович,майор,8,43
Новиков Константин Викторович,майор,1,59
Павлов Илья Иванович,рядовой,3,54
Яковлев Сергей Михайлович,прапорщик,5,51
Лебедев Павел Ильич,лейтенант,4,22
Борисов Михаил Иванович,прапорщик,9,39
Кочергин Александр Александрович,капитан,12,40
Соколов Денис Михайлович,рядовой,1,40
Михайлов Роман Олегович,майор,10,32
Козлов Денис Никитич,сержант,4,45
Алексеев Сергей Романович,майор,3,19
Егоров Дмитрий Викторович,сержант,11,32
Морозов Михаил Андреевич,рядовой,2,18
Кузнецов Никита Кириллович,лейтенант,4,52
Зайцев Павел Викторович,майор,3,45
Кочергин Евгений Олегович,капитан,1,29
Макаров Максим Сергеевич,сержант,7,42
Степанов Денис Михайлович,прапорщик,9,51
Кочергин Константин Кириллович,прапорщик,6,24
Захаров Павел Александрович,прапорщик,3,57
Сидоров Александр Михайлович,капитан,3,44
Соловьёв Денис Алексеевич,прапорщик,1,45
Морозов Сергей Максимович,лейтенант,11,43
Макаров Максим Максимович,лейтенант,10,40
Захаров Константин Александрович,капитан,6,24
Андреев Егор Юрьевич,сержант,12,30
Кузнецов Иван Ильич,майор,1,53
Макаров Максим Кириллович,полковник,7,27
Яковлев Иван Алексеевич,капитан,4,44
Васильев Сергей Александрович,майор,9,50
Степанов Сергей Никитич,майор,4,52
Фёдоров Евгений Романович,лейтенант,3,60
Козлов Иван Павлович,рядовой,9,37
Фёдоров Юрий Кириллович,сержант,2,57
Морозов Юрий Кириллович,полковник,4,24
Макаров Олег Алексеевич,прапорщик,6,36
Соловьёв Максим Иванович,полковник,3,47
Соловьёв Евгений Александрович,капитан,6,21
Степанов Олег Александрович,рядовой,8,28
Иванов Андрей Ильич,капитан,12,39
Яковлев Степан Юрьевич,прапорщик,8,53
Макаров Дмитрий Алексеевич,лейтенант,10,48
Зайцев Кирилл Андреевич,лейтенант,11,59
Захаров Павел Александрович,полковник,8,29
Николаев Олег Романович,капитан,6,33
Павлов Иван Юрьевич,капитан,10,42
Егоров Константин Ильич,капитан,12,38
Васильев Виктор Олегович,прапорщик,11,33
Иванов Максим Александрович,полковник,4,44
Лебедев Илья Михайлович,полковник,2,20
Степанов Артём Ильич,рядовой,2,29
Михайлов Алексей Ильич,прапорщик,7,19
Зайцев Сергей Алексеевич,майор,12,41
Макаров Матвей Кириллович,прапорщик,3,59
Лебедев Константин Никитич,рядовой,5,58
Зайцев Виктор Юрьевич,майор,5,43
Иванов Евгений Олегович,рядовой,11,41
Смирнов Юрий Викторович,прапорщик,10,44
Новиков Дмитрий Юрьевич,майор,8,22
Зайцев Артём Максимович,рядовой,1,42
Макаров Кирилл Андреевич,капитан,9,20
Кузнецов Виктор Олегович,майор,5,28
Петров Евгений Олегович,полковник,7,58
Орлов Степан Сергеевич,майор,3,26
Васильев Евгений Ильич,майор,5,45
Михайлов Степан Никитич,лейтенант,8,42
Козлов Роман Андреевич,полковник,6,30
Козлов Павел Иванович,майор,11,60
Васильев Юрий Иванович,рядовой,11,41
Яковлев Виктор Ильич,майор,7,37
Козлов Артём Максимович,полковник,12,56
Никитин Сергей Никитич,лейтенант,1,47
Васильев Павел Алексеевич,майор,8,18
Захаров Максим Павлович,рядовой,4,52
Захаров Илья Романович,полковник,6,39
Васильев Сергей Александрович,майор,8,23
Зайцев Кирилл Романович,лейтенант,6,25
Степанов Александр Юрьевич,майор,5,51
Павлов Степан Никитич,сержант,5,48
Соловьёв Артём Викторович,рядовой,6,60
Степанов Илья Сергеевич,рядовой,12,49
Васильев Степан Андреевич,лейтенант,5,52
Смирнов Олег Романович,полковник,7,22
Никитин Дмитрий Максимович,сержант,2,21
Андреев Юрий Максимович,лейтенант,6,19
Фёдоров Илья Ильич,капитан,11,56
Фёдоров Александр Никитич,майор,8,27
Кочергин Денис Викторович,сержант,2,39
Фёдоров Алексей Андреевич,капитан,8,48
Иванов Дмитрий Ильич,лейтенант,6,18
Егоров Дмитрий Дмитриевич,сержант,1,19
Лебедев Михаил Романович,лейтенант,5,35
Орлов Никита Юрьевич,майор,11,34
Захаров Евгений Павлович,лейтенант,4,18
Попов Евгений Дмитриевич,капитан,1,42
Козлов Матвей Андреевич,рядовой,1,53
Попов Матвей Сергеевич,сержант,8,43
Макаров Степан Никитич,полковник,5,51
Соколов Дмитрий Юрьевич,прапорщик,8,23
Егоров Кирилл Иванович,лейтенант,11,53
Васильев Алексей Михайлович,полковник,5,24
Сидоров Виктор Юрьевич,прапорщик,6,56
Павлов Виктор Максимович,капитан,1,34
Лебедев Виктор Андреевич,рядовой,11,58
Кузнецов Денис Ильич,рядовой,10,49
Николаев Олег Викторович,прапорщик,9,56
Смирнов Матвей Романович,сержант,1,24
Алексеев Алексей Викторович,лейтенант,3,32
Михайлов Никита Александрович,сержант,3,51
Зайцев Михаил Никитич,капитан,5,56
Никитин Евгений Максимович,прапорщик,6,38
Козлов Артём Александрович,рядовой,4,45
Морозов Андрей Андреевич,лейтенант,10,22
Михайлов Алексей Кириллович,сержант,9,43
Попов Егор Олегович,сержант,6,20
Фёдоров Максим Андреевич,рядовой,12,22
Смирнов Денис Викторович,прапорщик,3,60
Сидоров Степан Максимович,прапорщик,2,32
Зайцев Дмитрий Юрьевич,майор,8,20
Попов Степан Романович,капитан,8,42
Фёдоров Матвей Иванович,полковник,2,27
Васильев Сергей Юрьевич,сержант,3,42
Васильев Илья Кириллович,прапорщик,3,43
Смирнов Михаил Никитич,лейтенант,12,58
Михайлов Олег Ильич,прапорщик,11,24
Павлов Константин Андреевич,лейтенант,1,29
Яковлев Денис Павлович,сержант,1,37
Никитин Михаил Никитич,майор,7,19
Николаев Кирилл Сергеевич,майор,2,43
Семёнов Степан Кириллович,лейтенант,9,57
Семёнов Матвей Олегович,полковник,1,55
Семёнов Олег Дмитриевич,прапорщик,4,50
Козлов Никита Андреевич,прапорщик,8,56
Петров Максим Максимович,прапорщик,10,28
Андреев Илья Кириллович,полковник,9,40
Павлов Иван Викторович,прапорщик,5,58
Козлов Михаил Иванович,майор,8,59
Алексеев Юрий Юрьевич,майор,10,40
Петров Степан Викторович,капитан,9,55
Петров Иван Иванович,майор,2,28
Соколов Юрий Никитич,капитан,9,41
Макаров Роман Андреевич,полковник,2,39
Фёдоров Егор Максимович,капитан,11,23
Андреев Константин Романович,полковник,1,26
Николаев Дмитрий Дмитриевич,лейтенант,6,26
Соколов Матвей Сергеевич,капитан,11,23
Никитин Никита Юрьевич,капитан,8,59
Макаров Сергей Михайлович,лейтенант,2,18
Петров Дмитрий Алексеевич,рядовой,5,32
Егоров Роман Александрович,капитан,12,27
Егоров Алексей Александрович,полковник,11,34
Фёдоров Константин Максимович,сержант,3,56
Борисов Степан Олегович,прапорщик,1,19
Макаров Андрей Юрьевич,капитан,6,39
Яковлев Иван Алексеевич,сержант,7,26
Фёдоров Андрей Иванович,прапорщик,6,41
Егоров Евгений Олегович,лейтенант,1,54
Васильев Максим Павлович,сержант,12,37
Смирнов Роман Андреевич,капитан,12,60
Васильев Андрей Алексеевич,капитан,4,38
Егоров Михаил Павлович,полковник,10,18
Соколов Андрей Никитич,майор,10,49
Павлов Роман Ильич,майор,8,53
Зайцев Олег Кириллович,майор,5,59
Козлов Максим Алексеевич,лейтенант,10,18
Васильев Александр Никитич,капитан,12,31
Андреев Андрей Олегович,прапорщик,3,37
Соловьёв Егор Викторович,рядовой,3,34
Соколов Виктор Андреевич,капитан,3,35
Новиков Артём Михайлович,прапорщик,4,40
Степанов Алексей Юрьевич,лейтенант,7,28
Семёнов Матвей Андреевич,рядовой,12,30
Петров Дмитрий Юрьевич,сержант,4,24
Лебедев Виктор Викторович,прапорщик,1,43
Попов Константин Юрьевич,майор,3,28
Егоров Денис Ильич,капитан,12,34
Фёдоров Максим Сергеевич,лейтенант,2,34
Смирнов Артём Романович,капитан,11,48
Алексеев Матвей Павлович,капитан,9,50
Павлов Юрий Ильич,сержант,10,27
Лебедев Олег Никитич,рядовой,2,22
Попов Никита Никитич,полковник,3,48
Борисов Алексей Никитич,сержант,7,47
Семёнов Иван Андреевич,прапорщик,4,59
Семёнов Сергей Иванович,лейтенант,3,33
Козлов Максим Алексеевич,майор,5,23
Попов Илья Ильич,лейтенант,9,20
Зайцев Олег Викторович,сержант,2,30
Егоров Илья Сергеевич,прапорщик,4,29
Степанов Константин Алексеевич,полковник,1,19
Орлов Виктор Михайлович,майор,2,20
Фёдоров Роман Романович,полковник,11,23
Морозов Олег Максимович,капитан,11,36
Морозов Андрей Кириллович,лейтенант,11,52
Яковлев Евгений Михайлович,прапорщик,7,36
Петров Сергей Викторович,прапорщик,1,57
Яковлев Александр Ильич,сержант,7,27
Козлов Илья Александрович,майор,12,33
Новиков Кирилл Романович,майор,2,32
Павлов Константин Романович,рядовой,12,55
Никитин Кирилл Кириллович,рядовой,9,21
Яковлев Константин Алексеевич,рядовой,3,35
Борисов Артём Юрьевич,полковник,9,47
Петров Павел Максимович,лейтенант,1,34
Иванов Виктор Алексеевич,лейтенант,1,47
Егоров Матвей Сергеевич,капитан,5,22
Макаров Евгений Ильич,рядовой,9,29
Сидоров Павел Кириллович,полковник,4,24
Соколов Андрей Алексеевич,сержант,9,41
Петров Евгений Александрович,полковник,8,57
Михайлов Роман Никитич,майор,9,45
Павлов Никита Александрович,лейтенант,12,45
Зайцев Виктор Иванович,капитан,1,49
Алексеев Виктор Юрьевич,полковник,5,30
Захаров Иван Романович,капитан,1,28
Соловьёв Кирилл Олегович,сержант,9,57
Михайлов Андрей Романович,лейтенант,2,46
Яковлев Александр Иванович,прапорщик,1,19
Лебедев Евгений Романович,сержант,9,39
Андреев Егор Иванович,прапорщик,11,49
Кузнецов Илья Сергеевич,капитан,6,38
Смирнов Андрей Ильич,рядовой,1,21
Борисов Никита Викторович,сержант,4,22
Петров Степан Никитич,майор,9,30
Зайцев Олег Андреевич,прапорщик,2,30
Кузнецов Константин Олегович,майор,7,46
Захаров Денис Юрьевич,прапорщик,3,47
Иванов Илья Андреевич,сержант,1,45
Павлов Матвей Романович,сержант,5,60
Лебедев Степан Ильич,рядовой,2,31
Фёдоров Павел Викторович,сержант,2,28
Иванов Дмитрий Михайлович,лейтенант,9,40
Кочергин Михаил Ильич,капитан,5,55
Павлов Евгений Александрович,рядовой,7,34
Смирнов Кирилл Юрьевич,капитан,9,23
Яковлев Евгений Юрьевич,полковник,5,38
Петров Олег Викторович,полковник,1,21
Васильев Юрий Никитич,лейтенант,11,24
Андреев Матвей Юрьевич,полковник,2,22
Захаров Константин Андреевич,полковник,5,54
Соколов Матвей Романович,прапорщик,2,35
Захаров Сергей Сергеевич,полковник,9,30
Степанов Алексей Михайлович,прапорщик,6,45
Макаров Константин Ильич,прапорщик,9,44
Семёнов Юрий Александрович,капитан,3,32
Михайлов Евгений Романович,сержант,10,24
Зайцев Павел Никитич,рядовой,3,26
Павлов Степан Александрович,сержант,6,49
Кузнецов Степан Павлович,прапорщик,11,48
Макаров Юрий Олегович,рядовой,1,32
Михайлов Олег Михайлович,полковник,8,51
Яковлев Никита Юрьевич,сержант,8,46
Никитин Сергей Ильич,лейтенант,3,35
Смирнов Денис Дмитриевич,лейтенант,8,25
Павлов Матвей Михайлович,сержант,11,26
Соловьёв Иван Ильич,лейтенант,2,44
Лебедев Александр Сергеевич,прапорщик,5,32
Макаров Павел Иванович,прапорщик,2,40
Петров Михаил Романович,прапорщик,2,23
Николаев Андрей Сергеевич,рядовой,8,25
Никитин Андрей Никитич,капитан,4,30
Соколов Дмитрий Андреевич,майор,4,38
Лебедев Никита Викторович,лейтенант,6,43
Фёдоров Никита Дмитриевич,капитан,8,45
Лебедев Степан Никитич,полковник,7,39
Макаров Андрей Сергеевич,капитан,9,44
Кочергин Андрей Ильич,прапорщик,4,24
Кочергин Артём Дмитриевич,капитан,1,28
Захаров Роман Ильич,капитан,11,50
Морозов Евгений Романович,капитан,10,58
Никитин Сергей Викторович,лейтенант,7,33
Кузнецов Виктор Викторович,капитан,3,45
Иванов Виктор Павлович,полковник,11,25
Никитин Павел Кириллович,полковник,12,23
Иванов Олег Максимович,майор,8,27
Павлов Алексей Алексеевич,полковник,3,53
Николаев Юрий Юрьевич,лейтенант,12,51
Макаров Максим Олегович,лейтенант,11,25
Михайлов Виктор Викторович,капитан,8,58
Морозов Матвей Александрович,прапорщик,2,50
Николаев Андрей Александрович,капитан,12,41
Морозов Михаил Дмитриевич,сержант,5,44
Павлов Иван Максимович,полковник,7,20
Павлов Дмитрий Сергеевич,прапорщик,8,37
Смирнов Никита Максимович,рядовой,1,29
Соколов Никита Ильич,капитан,8,22
Степанов Михаил Кириллович,капитан,2,19
Алексеев Павел Михайлович,рядовой,11,47
Соколов Илья Кириллович,лейтенант,9,41
Фёдоров Степан Дмитриевич,лейтенант,9,29
Николаев Евгений Павлович,прапорщик,3,33
Морозов Степан Ильич,прапорщик,10,47
Новиков Александр Михайлович,прапорщик,3,23
Фёдоров Роман Алексеевич,лейтенант,7,59
Зайцев Андрей Сергеевич,капитан,4,25
Зайцев Константин Андреевич,полковник,9,53
Козлов Дмитрий Дмитриевич,сержант,11,49
Фёдоров Егор Викторович,лейтенант,4,51
Соловьёв Кирилл Дмитриевич,полковник,11,21
Иванов Никита Юрьевич,майор,6,25
Зайцев Юрий Юрьевич,майор,8,36
Фёдоров Егор Алексеевич,полковник,10,19
Петров Никита Кириллович,прапорщик,9,29
Морозов Илья Кириллович,сержант,7,40
Петров Егор Михайлович,полковник,4,45
Алексеев Матвей Максимович,капитан,8,43
Егоров Алексей Романович,прапорщик,8,58
Лебедев Виктор Андреевич,полковник,4,44
Егоров Степан Максимович,капитан,2,52
Степанов Никита Никитич,капитан,5,29
Орлов Никита Олегович,рядовой,7,60
Павлов Степан Алексеевич,полковник,9,19
Фёдоров Максим Андреевич,капитан,12,55
Петров Константин Юрьевич,рядовой,6,52
Макаров Илья Максимович,капитан,11,49
Попов Илья Дмитриевич,капитан,5,44
Морозов Егор Дмитриевич,прапорщик,7,28
Лебедев Константин Павлович,прапорщик,8,21
Егоров Сергей Юрьевич,майор,5,45
Захаров Денис Дмитриевич,майор,11,51
Кузнецов Павел Юрьевич,прапорщик,2,41
Сидоров Илья Романович,рядовой,11,18
Морозов Роман Иванович,майор,10,31
Андреев Виктор Никитич,лейтенант,5,48
Захаров Максим Сергеевич,рядовой,9,37
Семёнов Иван Максимович,лейтенант,2,33
Макаров Артём Иванович,лейтенант,8,26
Васильев Денис Олегович,лейтенант,7,19
Морозов Виктор Романович,прапорщик,8,31
Сидоров Дмитрий Кириллович,майор,3,39
Соловьёв Никита Андреевич,сержант,3,58
Лебедев Евгений Иванович,рядовой,8,48
Макаров Роман Алексеевич,капитан,9,19
Макаров Степан Максимович,лейтенант,2,44
Николаев Олег Романович,сержант,8,29
Кузнецов Дмитрий Дмитриевич,майор,6,44
Сидоров Роман Романович,полковник,8,32
Морозов Дмитрий Павлович,капитан,12,54
Орлов Евгений Иванович,майор,1,35
Васильев Артём Андреевич,сержант,6,21
Сидоров Сергей Максимович,рядовой,4,54
Орлов Денис Кириллович,капитан,7,20
Зайцев Никита Кириллович,майор,5,36
Михайлов Матвей Сергеевич,сержант,5,25
Морозов Олег Максимович,прапорщик,3,27
Яковлев Евгений Иванович,сержант,9,26
Морозов Никита Олегович,полковник,8,49
Соколов Илья Павлович,прапорщик,1,60
Макаров Денис Ильич,полковник,5,49
Иванов Артём Ильич,капитан,9,37
Орлов Максим Андреевич,капитан,5,54
Степанов Никита Викторович,лейтенант,3,20
Никитин Илья Андреевич,капитан,12,59
Соколов Степан Кириллович,прапорщик,10,18
Соловьёв Степан Андреевич,прапорщик,1,49
Зайцев Артём Дмитриевич,лейтенант,3,44
Фёдоров Андрей Дмитриевич,рядовой,10,54
Васильев Илья Викторович,полковник,5,27
Николаев Евгений Ильич,майор,3,18
Михайлов Андрей Никитич,прапорщик,12,55
Фёдоров Никита Алексеевич,рядовой,10,55
Фёдоров Кирилл Викторович,прапорщик,2,50
Захаров Виктор Михайлович,лейтенант,2,53
Захаров Кирилл Дмитриевич,сержант,6,28
Новиков Андрей Андреевич,прапорщик,4,22
Соловьёв Константин Ильич,полковник,9,51
Егоров Константин Викторович,прапорщик,12,50
Попов Матвей Кириллович,прапорщик,7,24
Кочергин Иван Викторович,майор,5,28
Орлов Илья Андреевич,майор,1,53
Попов Дмитрий Андреевич,сержант,5,44
Кочергин Евгений Михайлович,майор,7,34
Захаров Кирилл Михайлович,сержант,5,19
Алексеев Илья Александрович,прапорщик,10,51
Борисов Алексей Дмитриевич,майор,11,25
Сидоров Максим Викторович,капитан,6,22
Егоров Роман Ильич,рядовой,12,45
Новиков Кирилл Александрович,рядовой,12,20
Смирнов Юрий Ильич,майор,6,49
Лебедев Олег Иванович,майор,5,47
Иванов Никита Юрьевич,прапорщик,10,27
Алексеев Андрей Андреевич,капитан,6,50
Васильев Александр Викторович,полковник,1,20
Орлов Михаил Михайлович,полковник,5,55
Иванов Павел Дмитриевич,прапорщик,8,54
Козлов Никита Романович,полковник,9,28
Павлов Сергей Андреевич,сержант,10,25
Орлов Матвей Сергеевич,рядовой,9,43
Борисов Максим Андреевич,капитан,2,36
Андреев Кирилл Олегович,прапорщик,1,25
Морозов Артём Сергеевич,майор,7,43
Лебедев Юрий Викторович,сержант,1,52
Зайцев Константин Олегович,капитан,10,55
Андреев Роман Александрович,прапорщик,4,22
Сидоров Максим Кириллович,капитан,9,43
Николаев Максим Максимович,полковник,2,54
Семёнов Никита Михайлович,рядовой,9,29
Попов Александр Максимович,майор,12,50
Николаев Никита Романович,прапорщик,7,26
Семёнов Кирилл Павлович,лейтенант,10,26
Иванов Денис Кириллович,рядовой,9,46
Михайлов Роман Андреевич,капитан,2,28
Захаров Павел Максимович,майор,6,35
Михайлов Роман Алексеевич,прапорщик,8,45
Фёдоров Константин Иванович,прапорщик,6,32
Захаров Илья Романович,рядовой,9,22
Николаев Кирилл Александрович,прапорщик,6,25
Новиков Егор Александрович,майор,4,23
Лебедев Артём Сергеевич,сержант,10,50
Никитин Михаил Романович,рядовой,9,57
Сидоров Максим Сергеевич,сержант,2,32
Козлов Виктор Сергеевич,рядовой,12,38
Соколов Александр Александрович,майор,1,51
Соколов Евгений Сергеевич,лейтенант,8,41
Васильев Константин Иванович,прапорщик,2,36
Попов Никита Юрьевич,сержант,9,25
Попов Денис Кириллович,лейтенант,2,43
Макаров Илья Викторович,лейтенант,4,38
Егоров Виктор Викторович,лейтенант,9,18
Никитин Максим Александрович,капитан,11,37
Соколов Евгений Никитич,майор,8,39
Фёдоров Юрий Александрович,лейтенант,4,22
Андреев Павел Александрович,майор,11,47
Борисов Александр Алексеевич,рядовой,9,25
Кузнецов Олег Павлович,рядовой,2,32
Петров Илья Максимович,прапорщик,12,34
Сидоров Матвей Дмитриевич,прапорщик,8,55
Сидоров Алексей Олегович,майор,10,51
Козлов Илья Романович,полковник,2,18
Козлов Егор Алексеевич,рядовой,11,36
Попов Андрей Алексеевич,сержант,2,52
Петров Евгений Ильич,майор,1,53
Петров Матвей Михайлович,прапорщик,1,18
Михайлов Евгений Юрьевич,полковник,9,24
Андреев Кирилл Никитич,рядовой,4,45
Иванов Евгений Максимович,прапорщик,1,29
Борисов Олег Никитич,полковник,1,56
Николаев Александр Алексеевич,прапорщик,7,24
Кузнецов Евгений Алексеевич,прапорщик,6,19
Орлов Денис Викторович,прапорщик,11,33
Никитин Виктор Дмитриевич,рядовой,1,32
Алексеев Алексей Иванович,полковник,6,58
Захаров Михаил Романович,капитан,6,24
Лебедев Никита Алексеевич,прапорщик,8,40
Андреев Иван Александрович,сержант,3,54
Николаев Виктор Олегович,лейтенант,11,49
Орлов Никита Сергеевич,рядовой,10,58
Андреев Максим Романович,лейтенант,2,18
Смирнов Егор Дмитриевич,рядовой,2,37
Николаев Павел Юрьевич,прапорщик,12,41
Козлов Дмитрий Кириллович,майор,5,25
Новиков Максим Дмитриевич,прапорщик,5,21
Новиков Роман Павлович,прапорщик,7,37
Соловьёв Кирилл Дмитриевич,рядовой,6,31
Соколов Сергей Романович,лейтенант,9,50
Борисов Никита Павлович,прапорщик,10,58
Егоров Евгений Юрьевич,прапорщик,11,59
Лебедев Илья Кириллович,полковник,8,57
Кузнецов Павел Иванович,рядовой,11,31
Алексеев Юрий Иванович,сержант,3,19
Сидоров Виктор Олегович,прапорщик,12,27
Сидоров Иван Александрович,лейтенант,7,42
Соколов Евгений Павлович,сержант,12,46
Макаров Роман Кириллович,капитан,6,32
Павлов Сергей Олегович,капитан,9,22
Яковлев Константин Максимович,лейтенант,5,34
Кочергин Илья Иванович,лейтенант,2,21
Морозов Илья Дмитриевич,прапорщик,8,19
Захаров Александр Алексеевич,сержант,9,25
Андреев Егор Юрьевич,рядовой,7,48
Михайлов Никита Кириллович,полковник,4,60
Яковлев Степан Кириллович,сержант,10,48
Лебедев Константин Алексеевич,полковник,3,19
Зайцев Константин Иванович,сержант,2,53
Козлов Виктор Дмитриевич,капитан,5,39
Михайлов Матвей Никитич,капитан,3,39
Борисов Максим Алексеевич,полковник,1,20
Андреев Артём Павлович,сержант,12,39
Васильев Иван Сергеевич,полковник,6,35
Степанов Максим Алексеевич,сержант,6,46
Макаров Михаил Олегович,майор,2,40
Михайлов Виктор Дмитриевич,лейтенант,9,49
Николаев Егор Сергеевич,сержант,4,59
Борисов Матвей Викторович,лейтенант,9,49
Соловьёв Александр Юрьевич,лейтенант,10,44
Орлов Александр Викторович,сержант,7,55
Захаров Максим Максимович,лейтенант,4,49
Соколов Никита Сергеевич,лейтенант,6,18
Кочергин Константин Сергеевич,майор,5,34
Макаров Виктор Никитич,прапорщик,11,19
Новиков Дмитрий Никитич,майор,7,42
Смирнов Роман Иванович,капитан,5,34
Никитин Егор Иванович,капитан,6,51
Попов Никита Дмитриевич,сержант,12,31
Макаров Кирилл Олегович,лейтенант,5,32
Соловьёв Егор Павлович,лейтенант,12,24
Егоров Артём Ильич,майор,10,25
Николаев Егор Павлович,сержант,11,57
Петров Илья Сергеевич,рядовой,10,27
Лебедев Матвей Юрьевич,полковник,9,20
Васильев Роман Алексеевич,лейтенант,9,23
Васильев Дмитрий Юрьевич,сержант,3,29
Семёнов Кирилл Юрьевич,полковник,9,48
Макаров Евгений Олегович,лейтенант,9,26
Алексеев Кирилл Ильич,капитан,10,18
Алексеев Денис Алексеевич,лейтенант,11,57
Орлов Евгений Андреевич,капитан,3,54
Иванов Александр Иванович,сержант,12,49
Козлов Олег Дмитриевич,прапорщик,12,49
Новиков Иван Романович,сержант,11,45
Макаров Виктор Алексеевич,сержант,4,36
Фёдоров Никита Юрьевич,лейтенант,11,57
Николаев Алексей Андреевич,сержант,12,40
Сидоров Максим Ильич,майор,2,53
Новиков Дмитрий Ильич,рядовой,11,21
Яковлев Илья Олегович,капитан,9,46
Сидоров Дмитрий Михайлович,майор,1,40
Сидоров Артём Сергеевич,капитан,8,23
Андреев Артём Олегович,сержант,5,28
Макаров Константин Александрович,рядовой,12,24
Андреев Дмитрий Юрьевич,майор,8,21
Яковлев Денис Юрьевич,лейтенант,10,21
Соколов Илья Викторович,майор,11,28
Васильев Константин Алексеевич,сержант,9,46
Васильев Максим Алексеевич,лейтенант,7,42
Соловьёв Константин Михайлович,прапорщик,8,38
Алексеев Сергей Ильич,капитан,4,36
Орлов Сергей Дмитриевич,сержант,6,46
Макаров Олег Сергеевич,полковник,2,23
Захаров Никита Олегович,прапорщик,11,38
Егоров Никита Михайлович,лейтенант,11,44
Попов Сергей Михайлович,лейтенант,3,23
Андреев Матвей Кириллович,капитан,4,30
Павлов Александр Максимович,сержант,2,30
Соколов Константин Алексеевич,рядовой,11,19
Васильев Денис Павлович,капитан,5,30
Андреев Александр Алексеевич,сержант,10,49
Петров Сергей Олегович,прапорщик,12,40
Морозов Юрий Андреевич,капитан,1,57
Иванов Степан Михайлович,полковник,7,39
Егоров Александр Михайлович,капитан,9,54
Сидоров Денис Олегович,майор,9,57
Алексеев Евгений Юрьевич,полковник,11,31
Павлов Юрий Олегович,майор,12,18
Лебедев Константин Викторович,полковник,8,23
Андреев Егор Ильич,капитан,8,54
Захаров Роман Романович,полковник,9,60
Егоров Юрий Викторович,полковник,3,35
Никитин Андрей Дмитриевич,капитан,2,44
Степанов Артём Кириллович,капитан,1,26
Петров Степан Павлович,капитан,3,30
Яковлев Дмитрий Юрьевич,прапорщик,12,51
Егоров Кирилл Кириллович,полковник,11,20
Зайцев Илья Павлович,полковник,6,54
Соколов Илья Романович,лейтенант,5,50
Макаров Константин Олегович,рядовой,7,32
Павлов Алексей Олегович,капитан,9,55
Орлов Сергей Олегович,лейтенант,8,57
Макаров Артём Андреевич,майор,7,39
Зайцев Дмитрий Максимович,капитан,7,54
Кочергин Алексей Олегович,лейтенант,2,29
Морозов Кирилл Александрович,лейтенант,7,46
Лебедев Константин Никитич,полковник,11,23
Иванов Кирилл Ильич,лейтенант,9,19
Семёнов Артём Никитич,сержант,12,36
Борисов Степан Михайлович,полковник,11,35
Соловьёв Александр Дмитриевич,сержант,8,33
Захаров Александр Викторович,сержант,8,41
Захаров Павел Никитич,рядовой,5,50
Егоров Александр Олегович,полковник,4,18
Лебедев Юрий Дмитриевич,майор,3,19
Андреев Иван Максимович,капитан,2,28
Степанов Степан Иванович,сержант,2,40
Борисов Сергей Никитич,рядовой,11,18
Степанов Михаил Максимович,сержант,10,49
Попов Сергей Александрович,прапорщик,9,40
Соколов Евгений Олегович,майор,9,19
Никитин Олег Максимович,майор,7,35
Морозов Артём Михайлович,рядовой,12,53
Орлов Павел Александрович,капитан,3,57
Смирнов Максим Никитич,полковник,9,51
Никитин Артём Сергеевич,майор,10,51
Соколов Иван Романович,сержант,4,24
Морозов Никита Максимович,рядовой,12,44
Степанов Сергей Викторович,рядовой,2,57
Захаров Максим Павлович,прапорщик,6,47
Алексеев Александр Викторович,прапорщик,9,57
Зайцев Матвей Дмитриевич,лейтенант,4,41
Захаров Константин Олегович,полковник,8,20
Алексеев Александр Ильич,сержант,3,35
Макаров Александр Михайлович,сержант,11,19
Соловьёв Егор Максимович,полковник,3,45
Алексеев Сергей Иванович,рядовой,1,27
Павлов Александр Дмитриевич,лейтенант,9,57
Павлов Денис Кириллович,рядовой,5,30
Соловьёв Сергей Андреевич,сержант,9,34
Орлов Константин Сергеевич,рядовой,2,47
Иванов Егор Кириллович,лейтенант,1,39
Семёнов Евгений Павлович,капитан,6,58
Павлов Матвей Александрович,майор,7,34
Егоров Никита Иванович,полковник,10,23
Фёдоров Кирилл Ильич,полковник,9,23
Кочергин Илья Викторович,полковник,12,37
Лебедев Никита Сергеевич,полковник,12,40
Соловьёв Михаил Дмитриевич,прапорщик,11,28
Алексеев Михаил Сергеевич,рядовой,12,42
Сидоров Никита Ильич,капитан,5,33
Егоров Андрей Дмитриевич,майор,11,41
Попов Евгений Юрьевич,полковник,9,25
Макаров Степан Максимович,капитан,2,50
Орлов Андрей Кириллович,прапорщик,10,31
Степанов Илья Сергеевич,сержант,2,40
Николаев Виктор Ильич,полковник,5,56
Кузнецов Егор Ильич,сержант,1,51
Захаров Роман Кириллович,майор,9,44
Кочергин Сергей Андреевич,рядовой,3,47
Михайлов Виктор Викторович,полковник,5,40
Никитин Сергей Олегович,капитан,3,51
Кочергин Дмитрий Никитич,прапорщик,6,35
Попов Степан Дмитриевич,прапорщик,4,20
Козлов Юрий Олегович,лейтенант,11,33
Никитин Денис Юрьевич,прапорщик,5,48
Макаров Александр Кириллович,лейтенант,7,34
Орлов Степан Андреевич,полковник,3,19
Иванов Евгений Алексеевич,сержант,8,29
Морозов Денис Кириллович,майор,4,43
Зайцев Матвей Иванович,сержант,6,38
Соловьёв Дмитрий Павлович,сержант,10,56
Петров Илья Викторович,полковник,8,21
Макаров Михаил Романович,капитан,12,60
Никитин Матвей Андреевич,лейтенант,8,43
Петров Константин Ильич,полковник,11,52
Михайлов Константин Сергеевич,лейтенант,7,22
Лебедев Кирилл Романович,сержант,12,58
Макаров Денис Александрович,сержант,9,53
Иванов Матвей Алексеевич,рядовой,2,39
Павлов Евгений Иванович,прапорщик,11,35
Андреев Егор Дмитриевич,полковник,8,36
Павлов Роман Максимович,прапорщик,11,30
Макаров Дмитрий Сергеевич,рядовой,4,56
Егоров Егор Дмитриевич,майор,7,35
Смирнов Олег Александрович,сержант,2,23
Сидоров Иван Алексеевич,лейтенант,8,54
Степанов Матвей Никитич,полковник,11,38
Егоров Илья Ильич,капитан,10,19
Николаев Егор Иванович,майор,6,45
Михайлов Кирилл Романович,сержант,2,39
Новиков Михаил Олегович,прапорщик,9,37
Кочергин Константин Романович,лейтенант,5,27
Сидоров Максим Дмитриевич,полковник,6,33
Смирнов Матвей Кириллович,рядовой,3,37
Фёдоров Дмитрий Павлович,лейтенант,10,38
Кузнецов Алексей Павлович,майор,5,36
Иванов Павел Романович,майор,1,44
Борисов Виктор Романович,сержант,4,41
Лебедев Денис Сергеевич,майор,9,54
Зайцев Дмитрий Максимович,майор,2,34
Михайлов Михаил Викторович,полковник,11,23
Попов Андрей Андреевич,лейтенант,10,38
Соловьёв Михаил Романович,лейтенант,9,30
Соколов Кирилл Андреевич,прапорщик,8,38
Михайлов Денис Александрович,сержант,8,26
Фёдоров Олег Юрьевич,лейтенант,7,18
Петров Максим Сергеевич,майор,6,51
Кочергин Юрий Дмитриевич,капитан,10,42
Смирнов Евгений Сергеевич,полковник,11,42
Орлов Денис Дмитриевич,рядовой,4,18
Никитин Константин Дмитриевич,рядовой,7,38
Захаров Александр Кириллович,полковник,5,39
Орлов Михаил Сергеевич,полковник,12,24
Иванов Денис Юрьевич,капитан,7,49
Егоров Михаил Никитич,прапорщик,4,23
Зайцев Алексей Ильич,лейтенант,1,39
Фёдоров Кирилл Юрьевич,прапорщик,1,39
Никитин Денис Александрович,капитан,10,35
Иванов Иван Ильич,майор,9,29
Орлов Юрий Михайлович,сержант,9,30
Соловьёв Виктор Романович,лейтенант,6,55
Лебедев Александр Максимович,рядовой,10,24
Михайлов Степан Дмитриевич,капитан,3,45
Степанов Михаил Павлович,капитан,5,42
Новиков Дмитрий Кириллович,полковник,5,36
Лебедев Олег Алексеевич,прапорщик,7,36
Семёнов Степан Александрович,рядовой,2,35
Степанов Евгений Иванович,полковник,11,42
Андреев Роман Алексеевич,рядовой,10,20
Сидоров Дмитрий Ильич,сержант,1,36
Орлов Никита Александрович,прапорщик,4,40
Новиков Илья Михайлович,прапорщик,11,59
Васильев Михаил Сергеевич,капитан,2,29
Никитин Евгений Олегович,полковник,6,57
Фёдоров Евгений Сергеевич,сержант,10,56
Петров Степан Никитич,капитан,6,42
Лебедев Павел Романович,сержант,9,54
Васильев Илья Иванович,сержант,8,57
Алексеев Матвей Олегович,капитан,11,47
Петров Юрий Сергеевич,сержант,12,25
Кузнецов Максим Павлович,полковник,11,54
Егоров Виктор Романович,лейтенант,9,39
Захаров Дмитрий Романович,рядовой,6,48
Орлов Константин Алексеевич,полковник,1,52
Орлов Виктор Алексеевич,майор,4,36
Кузнецов Денис Андреевич,полковник,5,22
Кочергин Константин Алексеевич,майор,6,55
Павлов Михаил Никитич,сержант,3,19
Макаров Алексей Олегович,сержант,10,28
Макаров Сергей Ильич,полковник,4,41
Соловьёв Андрей Дмитриевич,майор,7,32
Петров Александр Алексеевич,майор,11,29
Васильев Денис Максимович,рядовой,2,51
Яковлев Никита Андреевич,рядовой,4,36
Зайцев Евгений Ильич,майор,6,26
Борисов Денис Павлович,прапорщик,6,54
Фёдоров Иван Павлович,полковник,8,54
Сидоров Денис Романович,рядовой,3,30
Макаров Роман Михайлович,сержант,7,26
Семёнов Сергей Сергеевич,рядовой,4,43
Соколов Александр Максимович,майор,9,39
Васильев Денис Ильич,полковник,5,51
Сидоров Сергей Иванович,полковник,11,44
Орлов Алексей Максимович,майор,12,21
Васильев Евгений Дмитриевич,сержант,9,26
Иванов Сергей Иванович,капитан,6,57
Васильев Олег Дмитриевич,рядовой,6,20
Яковлев Олег Михайлович,рядовой,2,40
Кочергин Андрей Павлович,рядовой,3,52
Зайцев Илья Максимович,прапорщик,12,44
Васильев Виктор Романович,полковник,5,36
Зайцев Евгений Романович,рядовой,5,27
Борисов Олег Олегович,лейтенант,9,23
Орлов Артём Иванович,капитан,9,55
Васильев Артём Романович,майор,3,33
Смирнов Денис Павлович,полковник,2,31
Андреев Егор Никитич,полковник,2,51
Орлов Артём Михайлович,лейтенант,3,55
Егоров Кирилл Максимович,рядовой,7,49
Михайлов Михаил Сергеевич,майор,12,42
Егоров Илья Алексеевич,полковник,5,18
Новиков Артём Ильич,рядовой,8,50
Павлов Дмитрий Кириллович,полковник,5,42
Алексеев Кирилл Максимович,полковник,9,48
Васильев Сергей Иванович,полковник,3,18
Кузнецов Иван Павлович,полковник,6,20
Степанов Константин Романович,капитан,8,44
Андреев Сергей Алексеевич,майор,11,37
Орлов Юрий Никитич,полковник,6,19
Лебедев Константин Ильич,рядовой,5,32
Павлов Роман Викторович,лейтенант,12,59
Никитин Артём Алексеевич,майор,11,21
Кузнецов Сергей Никитич,прапорщик,12,46
Михайлов Никита Викторович,прапорщик,1,50
Кочергин Никита Юрьевич,сержант,4,57
Зайцев Константин Олегович,сержант,1,34
Сидоров Максим Олегович,полковник,9,51
Петров Денис Кириллович,рядовой,9,33
Попов Олег Юрьевич,лейтенант,4,30
Егоров Евгений Максимович,лейтенант,7,31
Семёнов Сергей Михайлович,сержант,4,18
Сидоров Алексей Дмитриевич,полковник,12,52
Лебедев Максим Михайлович,лейтенант,7,27
Козлов Артём Михайлович,майор,1,40
Никитин Юрий Михайлович,сержант,12,50
Борисов Виктор Дмитриевич,майор,2,60
Петров Илья Юрьевич,сержант,9,36
Новиков Илья Максимович,майор,4,42
Михайлов Евгений Павлович,капитан,5,39
Степанов Степан Дмитриевич,майор,2,27
Сидоров Олег Романович,полковник,7,51
Степанов Андрей Михайлович,лейтенант,8,48
Кочергин Кирилл Никитич,лейтенант,5,44
Андреев Алексей Кириллович,лейтенант,12,50
Смирнов Максим Михайлович,майор,9,36
Попов Артём Никитич,лейтенант,3,37
Егоров Дмитрий Викторович,капитан,6,45
Соколов Виктор Андреевич,сержант,4,48
Михайлов Артём Андреевич,сержант,3,52
Попов Михаил Кириллович,майор,4,25
Степанов Роман Сергеевич,майор,10,41
Андреев Михаил Сергеевич,рядовой,3,24
Николаев Александр Алексеевич,капитан,1,34
Попов Андрей Олегович,сержант,7,21
Андреев Олег Кириллович,сержант,3,21
Кочергин Павел Александрович,капитан,2,18
Михайлов Степан Олегович,лейтенант,10,44
Захаров Константин Сергеевич,лейтенант,2,22
Макаров Олег Никитич,сержант,6,58
Захаров Матвей Павлович,сержант,4,20
Зайцев Константин Ильич,майор,5,50
Лебедев Андрей Романович,лейтенант,6,45
Алексеев Илья Александрович,капитан,12,35
Николаев Юрий Дмитриевич,лейтенант,12,39
Кузнецов Матвей Кириллович,сержант,12,58
Фёдоров Максим Александрович,лейтенант,10,19
Сидоров Евгений Сергеевич,капитан,11,59
Иванов Кирилл Дмитриевич,капитан,9,29
Захаров Александр Олегович,сержант,8,40
Смирнов Юрий Александрович,полковник,3,33
Петров Максим Михайлович,полковник,5,59
Кузнецов Александр Дмитриевич,сержант,4,40
Борисов Степан Романович,сержант,1,52
Михайлов Илья Александрович,лейтенант,4,35
Петров Денис Алексеевич,рядовой,5,48
Степанов Роман Павлович,рядовой,11,18
Михайлов Кирилл Дмитриевич,рядовой,9,27
Николаев Кирилл Ильич,майор,12,38
Михайлов Михаил Максимович,прапорщик,11,43
Кочергин Евгений Олегович,майор,11,45
Михайлов Виктор Романович,полковник,3,39
Михайлов Роман Иванович,сержант,12,34
Степанов Егор Алексеевич,прапорщик,5,19
Захаров Евгений Сергеевич,майор,2,23
Фёдоров Артём Михайлович,прапорщик,3,58
Соколов Роман Никитич,сержант,4,58
Захаров Кирилл Максимович,полковник,3,58
Макаров Дмитрий Викторович,прапорщик,10,34
Степанов Павел Ильич,лейтенант,2,19
Семёнов Андрей Сергеевич,майор,4,52
Козлов Илья Михайлович,капитан,2,26
Иванов Роман Викторович,рядовой,12,38
Захаров Роман Михайлович,сержант,6,45
Иванов Илья Александрович,капитан,1,58
Соколов Дмитрий Никитич,рядовой,9,46
Васильев Артём Михайлович,полковник,2,53
Васильев Степан Юрьевич,рядовой,1,24
Сидоров Алексей Романович,рядовой,10,21
Борисов Артём Юрьевич,лейтенант,1,29
Сидоров Евгений Ильич,рядовой,5,19
Павлов Олег Юрьевич,сержант,10,31
Яковлев Михаил Викторович,капитан,1,32
Борисов Алексей Александрович,капитан,4,31
Николаев Евгений Романович,прапорщик,11,21
Новиков Александр Романович,капитан,1,34
Смирнов Евгений Андреевич,полковник,1,53
Морозов Виктор Михайлович,лейтенант,8,56
Михайлов Никита Александрович,майор,1,41
Орлов Александр Никитич,рядовой,12,29
Павлов Степан Сергеевич,прапорщик,11,25
Андреев Андрей Максимович,лейтенант,2,37
Новиков Кирилл Юрьевич,рядовой,4,56
Попов Артём Дмитриевич,капитан,10,46
Макаров Максим Михайлович,майор,6,35
Кочергин Сергей Олегович,рядовой,7,48
Егоров Евгений Михайлович,сержант,7,48
Иванов Андрей Павлович,рядовой,9,59
Николаев Евгений Викторович,капитан,2,19
Козлов Дмитрий Александрович,прапорщик,2,41
Васильев Павел Алексеевич,прапорщик,10,56
Сидоров Артём Дмитриевич,прапорщик,1,41
Михайлов Егор Александрович,полковник,7,33
Егоров Денис Никитич,прапорщик,10,37
Семёнов Евгений Андреевич,сержант,10,53
Кочергин Илья Андреевич,лейтенант,1,52
Захаров Денис Максимович,сержант,8,19
Козлов Павел Андреевич,сержант,1,36
Захаров Олег Алексеевич,лейтенант,12,46
Попов Константин Михайлович,капитан,4,41
Петров Андрей Викторович,рядовой,12,40
Соколов Никита Михайлович,лейтенант,9,28
Алексеев Степан Олегович,прапорщик,12,18
Захаров Илья Романович,рядовой,11,55
Попов Дмитрий Дмитриевич,рядовой,5,31
Макаров Сергей Максимович,рядовой,4,60
Павлов Михаил Олегович,майор,6,44
Захаров Егор Алексеевич,сержант,7,56
Никитин Матвей Викторович,рядовой,11,58
Семёнов Денис Иванович,прапорщик,9,21
Степанов Матвей Юрьевич,сержант,3,56
Андреев Максим Максимович,майор,9,29
Степанов Дмитрий Алексеевич,рядовой,11,50
Николаев Юрий Максимович,рядовой,11,27
Васильев Александр Александрович,лейтенант,9,25
Фёдоров Алексей Ильич,капитан,10,22
Козлов Артём Кириллович,полковник,9,33
Алексеев Дмитрий Ильич,капитан,11,58
Петров Егор Алексеевич,рядовой,5,25
Петров Егор Максимович,майор,5,48
Степанов Артём Михайлович,рядовой,2,36
Егоров Степан Павлович,майор,10,47
Сидоров Егор Сергеевич,полковник,8,43
Семёнов Юрий Ильич,сержант,1,24
Сидоров Кирилл Викторович,лейтенант,4,20
Николаев Алексей Никитич,майор,12,42
Степанов Андрей Александрович,сержант,9,25
Фёдоров Виктор Юрьевич,рядовой,3,38
Соловьёв Юрий Кириллович,рядовой,8,46
Яковлев Денис Ильич,капитан,5,32
Алексеев Егор Андреевич,прапорщик,2,55
Кузнецов Олег Максимович,лейтенант,5,55
Смирнов Юрий Олегович,прапорщик,12,52
Козлов Михаил Викторович,полковник,10,33
Степанов Егор Максимович,прапорщик,5,50
Сидоров Матвей Олегович,прапорщик,1,26
Кузнецов Максим Никитич,прапорщик,10,23
Морозов Олег Максимович,капитан,7,58
Зайцев Илья Павлович,майор,3,51
Соловьёв Евгений Викторович,капитан,6,58
Захаров Михаил Александрович,капитан,10,60
Новиков Степан Андреевич,сержант,2,20
Борисов Степан Романович,капитан,2,43
Васильев Олег Максимович,рядовой,12,49
Новиков Максим Олегович,лейтенант,9,28
Попов Роман Сергеевич,лейтенант,12,60
Макаров Виктор Ильич,сержант,6,57
Семёнов Степан Александрович,майор,6,28
Кочергин Александр Иванович,рядовой,3,48
Никитин Денис Викторович,капитан,12,40
Павлов Алексей Александрович,рядовой,9,59
Михайлов Степан Алексеевич,рядовой,4,42
Орлов Никита Александрович,полковник,5,28
Сидоров Иван Максимович,полковник,5,24
Иванов Евгений Александрович,лейтенант,3,58
Никитин Матвей Михайлович,сержант,5,27
Николаев Денис Олегович,рядовой,3,23
Семёнов Андрей Михайлович,полковник,5,18
Морозов Константин Алексеевич,лейтенант,6,58
Семёнов Михаил Михайлович,майор,6,58
Васильев Константин Дмитриевич,прапорщик,1,33
Лебедев Сергей Ильич,лейтенант,11,59
Васильев Дмитрий Викторович,лейтенант,5,38
Петров Артём Викторович,лейтенант,2,43
Степанов Иван Викторович,майор,3,33
Семёнов Олег Романович,майор,9,55
Козлов Максим Михайлович,полковник,5,39
Павлов Павел Александрович,прапорщик,12,46
Соколов Матвей Александрович,капитан,4,38
Соколов Виктор Дмитриевич,лейтенант,4,18
Орлов Дмитрий Викторович,сержант,10,23
Егоров Александр Олегович,лейтенант,3,49
Васильев Юрий Алексеевич,рядовой,10,50
Смирнов Кирилл Иванович,рядовой,8,57
Соколов Евгений Максимович,прапорщик,3,26
Егоров Сергей Кириллович,сержант,2,34
Кочергин Константин Олегович,рядовой,2,47
Михайлов Иван Александрович,прапорщик,5,45
Кузнецов Михаил Павлович,капитан,5,50
Козлов Егор Максимович,полковник,10,24
Козлов Андрей Максимович,полковник,12,49
Орлов Иван Никитич,сержант,8,32
Соловьёв Алексей Иванович,сержант,2,42
Соловьёв Константин Ильич,капитан,6,44
Фёдоров Павел Максимович,майор,3,54
Макаров Юрий Романович,полковник,7,42
Васильев Илья Ильич,рядовой,2,60
Борисов Степан Никитич,полковник,6,28
Михайлов Юрий Дмитриевич,лейтенант,8,29
Кочергин Сергей Андреевич,сержант,6,59
Кузнецов Константин Михайлович,полковник,6,44
Соколов Матвей Юрьевич,лейтенант,4,45
Морозов Юрий Никитич,капитан,8,27
Морозов Павел Викторович,капитан,4,47
Соловьёв Евгений Андреевич,майор,5,45
Козлов Алексей Олегович,капитан,11,39
Фёдоров Андрей Никитич,полковник,5,36
Захаров Юрий Олегович,капитан,6,36
