fullName,rank,companyNumber,age
Егоров Денис Викторович,сержант,2,43
Захаров Андрей Андреевич,рядовой,4,20
Зайцев Дмитрий Кириллович,майор,9,51
Иванов Константин Сергеевич,прапорщик,8,58
Иванов Андрей Сергеевич,капитан,3,43
Орлов Дмитрий Андреевич,капитан,8,34
Егоров Виктор Кириллович,рядовой,6,36
Макаров Артём Ильич,рядовой,4,24
Андреев Иван Олегович,полковник,8,25
Павлов Денис Олегович,майор,7,50
Лебедев Денис Юрьевич,сержант,11,44
Андреев Павел Юрьевич,лейтенант,5,26
Фёдоров Иван Павлович,прапорщик,11,26
Павлов Михаил Кириллович,прапорщик,12,30
Михайлов Виктор Александрович,лейтенант,6,47
Орлов Евгений Андреевич,капитан,9,47
Морозов Роман Максимович,майор,4,18
Кузнецов Роман Викторович,капитан,4,31
Морозов Артём Викторович,майор,11,38
Кузнецов Александр Иванович,сержант,3,49
Морозов Роман Романович,рядовой,8,18
Семёнов Олег Александрович,капитан,10,40
Борисов Константин Ильич,сержант,8,37
Яковлев Роман Сергеевич,прапорщик,8,33
Алексеев Дмитрий Романович,сержант,7,51
Сидоров Павел Юрьевич,полковник,8,38
Макаров Павел Александрович,прапорщик,6,37
Андреев Егор Максимович,майор,8,52
Зайцев Илья Максимович,капитан,9,44
Яковлев Виктор Викторович,сержант,6,36
Михайлов Евгений Иванович,рядовой,4,60
Лебедев Константин Олегович,майор,5,31
Козлов Иван Александрович,рядовой,6,53
Петров Артём Викторович,майор,9,25
Борисов Михаил Кириллович,рядовой,1,41
Михайлов Михаил Михайлович,сержант,8,45
Смирнов Максим Викторович,прапорщик,11,53
Яковлев Михаил Кириллович,лейтенант,3,50
Попов Евгений Кириллович,сержант,7,23
Павлов Максим Кириллович,лейтенант,8,24
Яковлев Дмитрий Олегович,майор,12,40
Попов Михаил Викторович,рядовой,8,49
Павлов Роман Иванович,майор,6,22
Алексеев Михаил Кириллович,прапорщик,7,20
Соловьёв Никита Павлович,рядовой,3,43
Соловьёв Матвей Павлович,майор,1,36
Павлов Александр Олегович,полковник,10,30
Андреев Никита Сергеевич,прапорщик,9,40
Петров Михаил Юрьевич,полковник,3,38
Орлов Константин Александрович,лейтенант,4,59
Сидоров Сергей Андреевич,прапорщик,3,28
Соколов Александр Дмитриевич,прапорщик,9,43
Новиков Никита Сергеевич,сержант,8,49
Степанов Андрей Павлович,прапорщик,12,36
Кочергин Олег Михайлович,рядовой,9,35
Захаров Павел Андреевич,капитан,10,51
Николаев Степан Алексеевич,рядовой,11,55
Андреев Кирилл Олегович,майор,10,36
Лебедев Денис Кириллович,лейтенант,8,57
Соколов Денис Сергеевич,капитан,5,49
Новиков Матвей Андреевич,капитан,3,55
Егоров Алексей Сергеевич,майор,1,22
Павлов Роман Алексеевич,майор,8,57
Алексеев Иван Викторович,сержант,7,44
Макаров Иван Сергеевич,капитан,5,45
Соколов Юрий Иванович,майор,3,54
Васильев Степан Сергеевич,сержант,2,26
Орлов Евгений Кириллович,капитан,11,59
Никитин Виктор Михайлович,прапорщик,7,36
Кочергин Виктор Дмитриевич,сержант,5,48
Кочергин Кирилл Сергеевич,полковник,12,38
Лебедев Евгений Михайлович,капитан,10,22
Козлов Юрий Юрьевич,капитан,5,57
Васильев Максим Максимович,майор,8,52
Михайлов Матвей Максимович,рядовой,9,22
Сидоров Михаил Романович,рядовой,8,59
Лебедев Михаил Романович,капитан,3,42
Захаров Максим Кириллович,лейтенант,9,53
Новиков Александр Иванович,полковник,8,55
Козлов Иван Максимович,прапорщик,3,24
Алексеев Иван Павлович,майор,11,50
Васильев Олег Ильич,рядовой,1,32
Соколов Павел Алексеевич,полковник,5,55
Егоров Сергей Андреевич,майор,6,36
Иванов Иван Никитич,прапорщик,7,26
Борисов Алексей Юрьевич,сержант,1,51
Николаев Юрий Сергеевич,майор,12,41
Соловьёв Виктор Павлович,майор,5,47
Смирнов Константин Викторович,капитан,12,39
Алексеев Матвей Викторович,майор,1,32
Михайлов Михаил Сергеевич,полковник,11,31
Макаров Денис Сергеевич,прапорщик,3,52
Павлов Роман Иванович,прапорщик,5,30
Николаев Дмитрий Михайлович,майор,7,28
Яковлев Константин Андреевич,майор,3,37
Андреев Андрей Андреевич,прапорщик,11,39
Зайцев Алексей Кириллович,рядовой,6,24
Захаров Дмитрий Михайлович,лейтенант,5,32
Сидоров Денис Юрьевич,рядовой,2,21
Борисов Максим Юрьевич,лейтенант,7,29
Новиков Илья Максимович,рядовой,9,57
Попов Дмитрий Олегович,капитан,7,52
Андреев Денис Ильич,прапорщик,2,44
Борисов Иван Кириллович,полковник,6,18
Михайлов Евгений Павлович,рядовой,2,32
Соловьёв Александр Алексеевич,майор,9,29
Андреев Денис Максимович,сержант,7,35
Фёдоров Александр Максимович,майор,4,53
Козлов Алексей Викторович,капитан,11,18
Смирнов Павел Максимович,сержант,10,33
Захаров Виктор Иванович,сержант,2,20
Никитин Виктор Андреевич,полковник,2,57
Никитин Артём Юрьевич,полковник,1,24
Соловьёв Степан Алексеевич,майор,9,60
Борисов Евгений Юрьевич,майор,8,42
Михайлов Никита Олегович,майор,6,58
Захаров Егор Романович,лейтенант,9,27
Козлов Олег Романович,сержант,8,47
Николаев Константин Юрьевич,майор,9,58
Кочергин Дмитрий Сергеевич,лейтенант,9,25
Морозов Юрий Максимович,прапорщик,12,46
Козлов Егор Юрьевич,майор,8,54
Николаев Юрий Романович,майор,6,57
Морозов Юрий Викторович,рядовой,12,19
Козлов Илья Никитич,капитан,6,38
Соколов Константин Ильич,капитан,11,24
Николаев Кирилл Андреевич,прапорщик,3,48
Макаров Егор Павлович,майор,6,29
Кочергин Степан Сергеевич,прапорщик,11,57
Фёдоров Денис Никитич,майор,12,19
Никитин Евгений Никитич,майор,10,44
Попов Павел Александрович,сержант,4,43
Фёдоров Сергей Кириллович,лейтенант,10,19
Захаров Александр Максимович,прапорщик,11,29
Лебедев Денис Ильич,сержант,2,53
Морозов Дмитрий Сергеевич,сержант,7,50
Фёдоров Евгений Кириллович,прапорщик,5,20
Кузнецов Денис Иванович,майор,8,33
Кузнецов Егор Юрьевич,полковник,6,36
Смирнов Андрей Максимович,лейтенант,3,52
Иванов Павел Дмитриевич,полковник,10,32
Павлов Андрей Павлович,лейтенант,9,59
Макаров Максим Никитич,сержант,3,44
Зайцев Алексей Павлович,сержант,7,19
Морозов Александр Кириллович,капитан,3,48
Васильев Александр Павлович,прапорщик,1,34
Фёдоров Андрей Максимович,прапорщик,3,35
Лебедев Илья Максимович,лейтенант,10,32
Иванов Роман Александрович,сержант,2,42
Козлов Степан Павлович,рядовой,10,27
Егоров Андрей Олегович,полковник,6,32
Николаев Алексей Александрович,лейтенант,10,29
Соколов Матвей Алексеевич,прапорщик,8,19
Соловьёв Константин Дмитриевич,лейтенант,6,56
Егоров Виктор Сергеевич,майор,11,39
Соловьёв Константин Дмитриевич,майор,9,39
Егоров Никита Максимович,капитан,7,22
Смирнов Константин Никитич,капитан,6,32
Попов Матвей Михайлович,рядовой,1,27
Сидоров Андрей Ильич,капитан,10,25
Кузнецов Алексей Олегович,рядовой,9,48
Соловьёв Виктор Андреевич,майор,7,24
Андреев Кирилл Алексеевич,полковник,11,59
Фёдоров Евгений Алексеевич,прапорщик,7,60
Соловьёв Александр Сергеевич,полковник,3,53
Николаев Константин Александрович,сержант,10,39
Михайлов Михаил Михайлович,капитан,1,57
Сидоров Дмитрий Никитич,майор,11,27
Алексеев Егор Дмитриевич,майор,6,49
Морозов Никита Алексеевич,сержант,5,22
Никитин Егор Никитич,капитан,8,48
Алексеев Андрей Дмитриевич,прапорщик,4,55
Орлов Степан Никитич,сержант,10,41
Соколов Дмитрий Алексеевич,майор,3,36
Павлов Кирилл Сергеевич,капитан,7,36
Соколов Дмитрий Иванович,майор,8,42
Попов Никита Никитич,прапорщик,1,32
Зайцев Александр Юрьевич,полковник,10,59
Сидоров Матвей Викторович,лейтенант,3,57
Смирнов Степан Кириллович,капитан,3,30
Степанов Константин Александрович,капитан,2,51
Новиков Юрий Никитич,майор,3,32
Яковлев Денис Викторович,майор,5,55
Михайлов Константин Дмитриевич,лейтенант,9,49
Макаров Константин Алексеевич,лейтенант,7,52
Степанов Илья Кириллович,лейтенант,8,45
Новиков Александр Дмитриевич,майор,5,21
Егоров Евгений Дмитриевич,сержант,5,38
Кузнецов Сергей Иванович,капитан,2,40
Смирнов Павел Юрьевич,капитан,8,27
Смирнов Максим Олегович,лейтенант,9,43
Смирнов Павел Никитич,майор,5,19
Захаров Михаил Олегович,рядовой,11,32
Андреев Никита Никитич,капитан,10,58
Алексеев Степан Никитич,рядовой,1,24
Соколов Кирилл Олегович,майор,5,24
Зайцев Михаил Сергеевич,капитан,5,54
Морозов Александр Сергеевич,сержант,4,41
Николаев Александр Ильич,прапорщик,7,55
Козлов Илья Андреевич,полковник,5,32
Лебедев Никита Ильич,сержант,9,20
Андреев Илья Михайлович,полковник,9,18
Яковлев Степан Максимович,майор,1,18
Орлов Олег Викторович,рядовой,10,19
Захаров Дмитрий Павлович,полковник,5,26
Соловьёв Артём Александрович,майор,8,25
Михайлов Роман Алексеевич,сержант,2,42
Морозов Олег Юрьевич,прапорщик,6,35
Смирнов Максим Ильич,полковник,3,42
Андреев Михаил Иванович,прапорщик,1,21
Смирнов Егор Иванович,лейтенант,8,20
Захаров Егор Олегович,майор,8,33
Попов Павел Юрьевич,полковник,9,29
Алексеев Андрей Ильич,лейтенант,10,35
Козлов Сергей Андреевич,рядовой,10,25
Сидоров Юрий Викторович,майор,3,35
Степанов Матвей Михайлович,капитан,2,40
Никитин Иван Юрьевич,капитан,9,32
Фёдоров Максим Андреевич,прапорщик,12,41
Орлов Денис Иванович,капитан,1,55
Степанов Никита Ильич,лейтенант,4,26
Макаров Александр Дмитриевич,рядовой,11,32
Петров Иван Викторович,рядовой,7,20
Семёнов Константин Олегович,рядовой,7,50
Сидоров Матвей Михайлович,прапорщик,7,47
Смирнов Егор Олегович,капитан,4,24
Соловьёв Максим Максимович,лейтенант,3,51
Новиков Кирилл Кириллович,лейтенант,7,32
Соловьёв Максим Кириллович,лейтенант,2,33
Николаев Егор Викторович,рядовой,5,44
Алексеев Роман Романович,капитан,4,44
Яковлев Егор Александрович,лейтенант,9,42
Алексеев Андрей Ильич,майор,11,44
Макаров Никита Максимович,сержант,4,19
Сидоров Степан Иванович,рядовой,4,45
Захаров Артём Ильич,полковник,1,46
Михайлов Константин Юрьевич,капитан,9,58
Захаров Виктор Ильич,лейтенант,3,41
Алексеев Александр Ильич,лейтенант,3,50
Степанов Алексей Иванович,прапорщик,8,49
Николаев Олег Сергеевич,майор,2,21
Петров Илья Иванович,рядовой,5,58
Орлов Дмитрий Александрович,лейтенант,4,34
Смирнов Роман Романович,капитан,4,37
Семёнов Дмитрий Романович,рядовой,12,33
Павлов Кирилл Кириллович,лейтенант,5,43
Яковлев Павел Викторович,полковник,3,24
Лебедев Иван Павлович,майор,8,22
Петров Денис Сергеевич,капитан,3,34
Лебедев Юрий Александрович,лейтенант,8,57
Семёнов Александр Павлович,лейтенант,2,44
Кочергин Дмитрий Сергеевич,майор,1,35
Сидоров Никита Андреевич,полковник,3,20
Кузнецов Илья Викторович,полковник,12,60
Николаев Евгений Алексеевич,прапорщик,5,40
Васильев Михаил Ильич,майор,3,55
Михайлов Максим Александрович,лейтенант,10,48
Иванов Денис Иванович,прапорщик,7,27
Васильев Олег Андреевич,прапорщик,1,40
Алексеев Роман Сергеевич,прапорщик,8,25
Соловьёв Юрий Андреевич,прапорщик,7,51
Алексеев Иван Романович,сержант,1,56
Зайцев Илья Павлович,прапорщик,8,32
Зайцев Андрей Романович,капитан,8,39
Яковлев Андрей Сергеевич,майор,3,29
Михайлов Егор Романович,майор,6,43
Орлов Илья Иванович,прапорщик,10,41
Николаев Степан Ильич,майор,9,24
Николаев Сергей Дмитриевич,рядовой,1,20
Макаров Максим Юрьевич,капитан,6,21
Никитин Никита Алексеевич,майор,10,20
Андреев Сергей Александрович,прапорщик,10,40
Попов Иван Алексеевич,лейтенант,3,26
Николаев Юрий Викторович,лейтенант,7,32
Лебедев Максим Ильич,рядовой,7,57
Иванов Денис Сергеевич,рядовой,3,19
Смирнов Олег Никитич,прапорщик,9,46
Семёнов Максим Юрьевич,прапорщик,10,50
Морозов Алексей Александрович,прапорщик,7,57
Васильев Алексей Иванович,прапорщик,6,27
Иванов Иван Дмитриевич,сержант,10,52
Лебедев Роман Иванович,рядовой,5,33
Васильев Артём Викторович,рядовой,10,35
Козлов Константин Михайлович,майор,12,57
Иванов Михаил Сергеевич,рядовой,3,27
Павлов Кирилл Юрьевич,рядовой,10,60
Орлов Дмитрий Павлович,полковник,5,40
Соловьёв Виктор Александрович,лейтенант,5,32
Алексеев Матвей Ильич,капитан,6,50
Яковлев Иван Максимович,капитан,3,37
Смирнов Павел Михайлович,прапорщик,3,42
Кузнецов Степан Кириллович,прапорщик,9,23
Алексеев Константин Сергеевич,сержант,11,27
Кочергин Дмитрий Викторович,сержант,10,35
Фёдоров Никита Юрьевич,капитан,6,42
Козлов Егор Сергеевич,сержант,12,29
Фёдоров Денис Кириллович,капитан,4,25
Петров Илья Ильич,лейтенант,10,26
Иванов Иван Алексеевич,сержант,11,54
Попов Матвей Викторович,полковник,5,45
Егоров Олег Иванович,сержант,8,37
Андреев Константин Андреевич,прапорщик,1,44
Павлов Виктор Андреевич,капитан,2,57
Смирнов Денис Сергеевич,полковник,6,24
Яковлев Юрий Никитич,сержант,2,52
Андреев Андрей Викторович,капитан,8,45
Орлов Сергей Юрьевич,капитан,3,54
Попов Андрей Ильич,сержант,5,36
Степанов Павел Александрович,лейтенант,3,24
Егоров Илья Павлович,майор,10,50
Никитин Олег Ильич,лейтенант,11,39
Михайлов Кирилл Александрович,капитан,9,55
Зайцев Дмитрий Павлович,майор,10,54
Соколов Андрей Михайлович,капитан,11,42
Егоров Артём Андреевич,лейтенант,3,32
Макаров Кирилл Сергеевич,лейтенант,9,19
Фёдоров Денис Олегович,майор,1,41
Орлов Михаил Романович,прапорщик,10,50
Фёдоров Илья Романович,лейтенант,6,23
Павлов Алексей Максимович,сержант,3,25
Андреев Никита Иванович,сержант,12,36
Васильев Павел Андреевич,прапорщик,8,25
Андреев Степан Павлович,сержант,5,35
Макаров Денис Павлович,майор,7,42
Яковлев Егор Александрович,сержант,12,47
Фёдоров Егор Иванович,прапорщик,3,38
Михайлов Павел Викторович,прапорщик,10,48
Петров Павел Максимович,сержант,4,20
Кузнецов Максим Сергеевич,рядовой,4,22
Козлов Дмитрий Сергеевич,капитан,9,54
Морозов Алексей Ильич,полковник,9,24
Борисов Максим Сергеевич,прапорщик,7,55
Попов Константин Павлович,рядовой,2,28
Петров Никита Максимович,лейтенант,12,50
Кузнецов Сергей Юрьевич,лейтенант,6,23
Захаров Виктор Олегович,полковник,2,29
Попов Кирилл Никитич,прапорщик,9,32
Михайлов Андрей Павлович,лейтенант,4,41
Андреев Александр Романович,полковник,9,40
Андреев Михаил Юрьевич,прапорщик,11,48
Попов Андрей Олегович,рядовой,3,20
Соколов Егор Павлович,капитан,7,27
Павлов Алексей Романович,лейтенант,9,27
Орлов Виктор Иванович,майор,11,25
Смирнов Матвей Дмитриевич,полковник,3,44
Борисов Кирилл Кириллович,лейтенант,7,43
Козлов Иван Алексеевич,рядовой,9,57
Кузнецов Андрей Олегович,прапорщик,11,36
Соловьёв Матвей Андреевич,сержант,10,30
Попов Андрей Никитич,сержант,6,28
Соловьёв Андрей Дмитриевич,рядовой,12,47
Макаров Матвей Максимович,лейтенант,4,42
Соколов Евгений Романович,майор,6,46
Новиков Виктор Александрович,лейтенант,9,50
Петров Дмитрий Михайлович,рядовой,3,19
Андреев Степан Андреевич,капитан,10,52
Попов Алексей Сергеевич,сержант,12,22
Лебедев Михаил Олегович,лейтенант,2,42
Кочергин Никита Романович,лейтенант,8,35
Алексеев Иван Кириллович,полковник,10,38
Николаев Павел Дмитриевич,лейтенант,6,54
Сидоров Кирилл Павлович,майор,7,58
Кузнецов Олег Романович,рядовой,9,48
Павлов Виктор Максимович,прапорщик,10,24
Козлов Дмитрий Кириллович,полковник,1,26
Кузнецов Евгений Михайлович,лейтенант,3,26
Орлов Евгений Александрович,сержант,11,49
Степанов Матвей Андреевич,прапорщик,7,44
Николаев Олег Алексеевич,прапорщик,9,59
Сидоров Юрий Викторович,капитан,10,60
Фёдоров Виктор Никитич,капитан,2,29
Соколов Егор Павлович,лейтенант,8,44
Смирнов Сергей Андреевич,рядовой,7,23
Новиков Дмитрий Сергеевич,рядовой,1,51
Егоров Павел Сергеевич,майор,3,21
Соловьёв Роман Кириллович,майор,3,55
Кочергин Иван Павлович,майор,4,37
Андреев Артём Юрьевич,сержант,12,47
Петров Алексей Павлович,лейтенант,10,27
Морозов Никита Андреевич,майор,12,24
Сидоров Егор Александрович,капитан,12,41
Попов Степан Романович,лейтенант,11,25
Павлов Виктор Максимович,полковник,12,40
Лебедев Александр Александрович,майор,1,54
Иванов Дмитрий Кириллович,полковник,9,26
Николаев Михаил Андреевич,майор,6,51
Павлов Кирилл Сергеевич,рядовой,1,59
Смирнов Виктор Михайлович,полковник,10,21
Новиков Константин Максимович,майор,11,44
Соловьёв Евгений Максимович,рядовой,4,24
Павлов Михаил Иванович,полковник,4,60
Павлов Никита Андреевич,майор,1,50
Алексеев Павел Кириллович,рядовой,11,58
Козлов Виктор Викторович,прапорщик,9,23
Петров Дмитрий Викторович,прапорщик,6,57
Соколов Виктор Романович,сержант,2,45
Семёнов Сергей Кириллович,полковник,10,42
Алексеев Никита Юрьевич,капитан,11,22
Кочергин Максим Викторович,прапорщик,12,42
Петров Дмитрий Иванович,лейтенант,12,23
Васильев Павел Сергеевич,рядовой,12,39
Сидоров Иван Михайлович,лейтенант,9,49
Морозов Михаил Романович,майор,11,26
Смирнов Кирилл Алексеевич,лейтенант,6,57
Семёнов Егор Андреевич,капитан,9,41
Соловьёв Илья Олегович,полковник,4,21
Орлов Артём Олегович,сержант,12,47
Новиков Денис Сергеевич,прапорщик,6,32
Сидоров Виктор Алексеевич,лейтенант,4,18
Орлов Сергей Юрьевич,капитан,9,42
Козлов Виктор Олегович,сержант,1,51
Егоров Иван Павлович,лейтенант,1,51
Алексеев Михаил Дмитриевич,прапорщик,5,44
Кочергин Олег Максимович,прапорщик,11,18
Андреев Степан Романович,полковник,3,27
Сидоров Кирилл Максимович,лейтенант,8,57
Зайцев Егор Юрьевич,полковник,7,55
Лебедев Олег Сергеевич,капитан,5,41
Зайцев Кирилл Павлович,полковник,9,45
Захаров Максим Романович,капитан,3,36
Захаров Степан Дмитриевич,майор,4,58
Макаров Егор Кириллович,полковник,6,56
Андреев Денис Ильич,полковник,2,33
Борисов Егор Дмитриевич,лейтенант,10,29
Морозов Павел Олегович,рядовой,9,26
Андреев Виктор Романович,майор,10,45
Павлов Алексей Александрович,прапорщик,11,55
Яковлев Дмитрий Викторович,сержант,9,58
Попов Матвей Олегович,полковник,2,41
Павлов Александр Александрович,рядовой,12,51
Соловьёв Алексей Максимович,рядовой,7,25
Сидоров Юрий Алексеевич,капитан,12,57
Лебедев Дмитрий Олегович,сержант,8,43
Никитин Артём Викторович,прапорщик,8,52
Попов Виктор Романович,рядовой,2,60
Фёдоров Виктор Ильич,прапорщик,5,36
Зайцев Илья Юрьевич,капитан,2,50
Семёнов Егор Алексеевич,сержант,4,28
Зайцев Егор Максимович,майор,5,56
Сидоров Алексей Максимович,полковник,4,59
Кочергин Илья Александрович,лейтенант,1,53
Борисов Виктор Романович,капитан,8,34
Васильев Никита Ильич,капитан,11,44
Андреев Константин Юрьевич,лейтенант,4,54
Кочергин Денис Никитич,полковник,9,58
Смирнов Никита Павлович,капитан,2,30
Смирнов Евгений Андреевич,рядовой,8,45
Степанов Матвей Павлович,капитан,7,56
Михайлов Александр Олегович,рядовой,6,27
Егоров Виктор Андреевич,капитан,6,20
Фёдоров Константин Юрьевич,капитан,3,45
Попов Максим Дмитриевич,майор,12,37
Макаров Денис Павлович,рядовой,8,36
Кочергин Егор Юрьевич,сержант,9,54
Степанов Иван Романович,рядовой,12,60
Семёнов Егор Ильич,лейтенант,3,38
Степанов Сергей Андреевич,прапорщик,4,31
Морозов Егор Михайлович,рядовой,2,52
Сидоров Максим Сергеевич,рядовой,4,23
Андреев Виктор Кириллович,рядовой,8,55
Попов Евгений Павлович,рядовой,8,32
Соловьёв Артём Олегович,прапорщик,6,48
Козлов Дмитрий Максимович,сержант,12,45
Попов Матвей Алексеевич,рядовой,1,46
Кузнецов Матвей Александрович,майор,10,38
Фёдоров Максим Дмитриевич,прапорщик,3,44
Смирнов Юрий Михайлович,капитан,7,26
Соколов Виктор Дмитриевич,майор,11,56
Захаров Александр Павлович,сержант,6,34
Егоров Олег Кириллович,сержант,11,27
Васильев Илья Алексеевич,сержант,10,57
Зайцев Олег Ильич,прапорщик,2,57
Морозов Илья Кириллович,прапорщик,10,24
Попов Андрей Кириллович,капитан,2,43
Соколов Никита Дмитриевич,сержант,4,47
Васильев Никита Романович,прапорщик,12,52
Соколов Андрей Павлович,капитан,2,56
Смирнов Виктор Кириллович,прапорщик,5,52
Новиков Евгений Павлович,майор,4,58
Степанов Юрий Ильич,рядовой,3,30
Николаев Артём Максимович,рядовой,9,45
Михайлов Константин Дмитриевич,прапорщик,10,34
Соколов Юрий Юрьевич,рядовой,6,36
Захаров Матвей Дмитриевич,капитан,4,41
Андреев Денис Дмитриевич,рядовой,5,18
Попов Виктор Иванович,лейтенант,2,32
Зайцев Дмитрий Кириллович,полковник,11,57
Иванов Дмитрий Романович,капитан,11,37
Новиков Александр Викторович,полковник,5,26
Егоров Кирилл Олегович,капитан,5,35
Макаров Никита Максимович,прапорщик,5,32
Васильев Степан Максимович,полковник,12,32
Макаров Алексей Сергеевич,лейтенант,8,30
Смирнов Александр Романович,рядовой,4,43
Алексеев Артём Романович,лейтенант,8,42
Сидоров Максим Иванович,рядовой,8,32
Соколов Илья Юрьевич,майор,3,38
Иванов Илья Алексеевич,полковник,11,56
Зайцев Денис Дмитриевич,капитан,8,23
Кузнецов Илья Юрьевич,полковник,7,60
Лебедев Олег Олегович,капитан,3,38
Васильев Дмитрий Олегович,лейтенант,1,48
Михайлов Павел Максимович,капитан,5,47
Макаров Иван Андреевич,рядовой,10,20
Сидоров Денис Иванович,рядовой,12,55
Морозов Матвей Олегович,сержант,7,52
Степанов Виктор Викторович,лейтенант,1,35
Смирнов Егор Олегович,майор,9,46
Кочергин Никита Михайлович,капитан,6,57
Павлов Иван Сергеевич,полковник,11,28
Орлов Олег Александрович,прапорщик,10,41
Яковлев Юрий Ильич,капитан,5,28
Андреев Алексей Александрович,рядовой,11,55
Макаров Алексей Максимович,полковник,4,26
Соколов Андрей Александрович,полковник,1,43
Кочергин Михаил Михайлович,полковник,2,31
Сидоров Павел Романович,лейтенант,7,56
Кочергин Иван Алексеевич,сержант,1,52
Андреев Максим Дмитриевич,лейтенант,6,24
Захаров Евгений Ильич,рядовой,11,38
Борисов Евгений Павлович,рядовой,12,50
Никитин Юрий Михайлович,полковник,2,42
Степанов Илья Олегович,капитан,4,23
Павлов Константин Алексеевич,сержант,6,51
Соколов Роман Юрьевич,капитан,3,32
Степанов Роман Михайлович,рядовой,10,33
Лебедев Александр Викторович,прапорщик,4,22
Степанов Максим Романович,лейтенант,4,25
Иванов Александр Михайлович,лейтенант,10,38
Зайцев Александр Андреевич,полковник,9,45
Николаев Егор Олегович,капитан,2,20
Смирнов Михаил Павлович,полковник,4,23
Петров Павел Дмитриевич,прапорщик,7,33
Степанов Алексей Романович,рядовой,6,52
Лебедев Степан Кириллович,капитан,8,30
Петров Роман Андреевич,лейтенант,7,26
Иванов Сергей Александрович,прапорщик,1,23
Сидоров Кирилл Максимович,капитан,12,52
Яковлев Егор Андреевич,майор,3,31
Егоров Константин Андреевич,прапорщик,4,54
Сидоров Юрий Сергеевич,капитан,11,21
Павлов Никита Кириллович,сержант,2,46
Иванов Михаил Сергеевич,майор,10,26
Новиков Михаил Андреевич,капитан,8,52
Соколов Егор Алексеевич,рядовой,6,49
Борисов Степан Ильич,рядовой,8,26
Степанов Александр Александрович,капитан,9,36
Семёнов Никита Викторович,сержант,3,50
Фёдоров Дмитрий Сергеевич,лейтенант,9,28
Иванов Сергей Олегович,прапорщик,8,34
Орлов Никита Павлович,капитан,12,46
Попов Сергей Михайлович,лейтенант,10,25
Борисов Иван Иванович,полковник,1,47
Новиков Степан Юрьевич,прапорщик,8,51
Павлов Виктор Павлович,рядовой,4,48
Яковлев Максим Дмитриевич,капитан,8,40
Попов Евгений Кириллович,полковник,4,33
Сидоров Денис Никитич,рядовой,11,21
Попов Константин Михайлович,сержант,2,32
Новиков Никита Михайлович,лейтенант,1,22
Кузнецов Иван Андреевич,полковник,8,44
Кочергин Евгений Юрьевич,лейтенант,8,31
Соловьёв Денис Ильич,полковник,4,59
Николаев Виктор Юрьевич,полковник,5,48
Лебедев Иван Алексеевич,рядовой,2,32
Кочергин Михаил Олегович,рядовой,5,60
Николаев Юрий Олегович,рядовой,7,53
Иванов Константин Михайлович,лейтенант,4,30
Лебедев Юрий Алексеевич,прапорщик,11,48
Николаев Роман Кириллович,прапорщик,3,46
Иванов Егор Иванович,лейтенант,3,25
Кузнецов Степан Никитич,полковник,1,47
Павлов Никита Михайлович,полковник,8,25
Козлов Евгений Викторович,рядовой,3,38
Петров Евгений Юрьевич,сержант,1,57
Новиков Евгений Максимович,полковник,3,60
Павлов Степан Сергеевич,майор,6,39
Николаев Роман Максимович,капитан,5,41
Фёдоров Илья Андреевич,сержант,7,32
Морозов Никита Юрьевич,полковник,6,35
Новиков Виктор Павлович,сержант,2,24
Фёдоров Никита Сергеевич,майор,8,35
Попов Олег Дмитриевич,майор,3,52
Кузнецов Юрий Максимович,прапорщик,6,49
Соколов Максим Максимович,сержант,2,27
Кочергин Павел Никитич,сержант,10,49
Лебедев Павел Алексеевич,полковник,10,28
Петров Алексей Алексеевич,полковник,12,51
Степанов Матвей Павлович,полковник,9,51
Петров Дмитрий Иванович,капитан,5,29
Зайцев Артём Ильич,лейтенант,4,49
Сидоров Юрий Иванович,сержант,5,28
Кузнецов Кирилл Викторович,лейтенант,2,58
Егоров Олег Романович,капитан,12,52
Козлов Матвей Андреевич,лейтенант,2,42
Козлов Константин Юрьевич,майор,1,40
Алексеев Олег Викторович,сержант,2,49
Степанов Константин Павлович,капитан,2,47
Кочергин Павел Кириллович,рядовой,8,35
Кузнецов Константин Романович,прапорщик,2,54
Михайлов Евгений Дмитриевич,полковник,5,54
Соловьёв Константин Дмитриевич,полковник,5,21
Козлов Дмитрий Викторович,лейтенант,6,26
Зайцев Егор Алексеевич,рядовой,1,46
Соловьёв Михаил Дмитриевич,лейтенант,2,21
Соловьёв Виктор Ильич,полковник,11,31
Николаев Дмитрий Ильич,капитан,9,40
Захаров Олег Алексеевич,прапорщик,3,34
Семёнов Олег Юрьевич,майор,11,56
Соколов Михаил Никитич,полковник,8,53
Соловьёв Виктор Кириллович,капитан,6,40
Алексеев Матвей Ильич,полковник,4,47
Иванов Степан Иванович,полковник,5,34
Андреев Константин Павлович,полковник,6,39
Васильев Михаил Викторович,сержант,8,45
Соколов Дмитрий Андреевич,майор,11,46
Попов Андрей Андреевич,прапорщик,1,25
Кузнецов Виктор Александрович,сержант,10,34
Никитин Сергей Александрович,рядовой,9,33
Никитин Артём Андреевич,лейтенант,5,54
Фёдоров Александр Сергеевич,полковник,12,21
Соколов Олег Михайлович,лейтенант,9,53
Васильев Сергей Романович,прапорщик,6,40
Захаров Сергей Викторович,рядовой,3,56
Семёнов Степан Сергеевич,майор,1,18
Иванов Александр Никитич,сержант,11,19
Лебедев Денис Викторович,капитан,6,43
Семёнов Андрей Максимович,сержант,12,47
Никитин Алексей Ильич,сержант,12,30
Михайлов Иван Викторович,прапорщик,12,39
Орлов Олег Кириллович,прапорщик,1,38
Кузнецов Александр Михайлович,полковник,1,30
Новиков Дмитрий Александрович,прапорщик,12,45
Семёнов Максим Михайлович,капитан,10,49
Егоров Михаил Дмитриевич,полковник,2,35
Орлов Константин Кириллович,прапорщик,7,55
Егоров Денис Андреевич,прапорщик,5,56
Семёнов Иван Олегович,сержант,1,49
Зайцев Максим Дмитриевич,лейтенант,8,39
Михайлов Иван Романович,капитан,12,40
Семёнов Дмитрий Андреевич,рядовой,8,50
Борисов Кирилл Михайлович,прапорщик,2,58
Козлов Артём Иванович,майор,11,50
Лебедев Михаил Юрьевич,полковник,8,34
Лебедев Алексей Ильич,майор,2,44
Соколов Степан Кириллович,сержант,10,55
Соколов Никита Сергеевич,лейтенант,4,43
Кочергин Алексей Викторович,полковник,6,59
Павлов Константин Дмитриевич,капитан,1,57
Никитин Александр Максимович,капитан,6,27
Смирнов Юрий Олегович,полковник,3,43
Иванов Виктор Ильич,полковник,7,21
Алексеев Константин Андреевич,капитан,11,45
Сидоров Олег Сергеевич,капитан,7,31
Соколов Юрий Иванович,майор,10,18
Зайцев Павел Сергеевич,прапорщик,5,22
Орлов Михаил Олегович,полковник,6,27
Кузнецов Михаил Алексеевич,прапорщик,5,32
Кочергин Виктор Никитич,полковник,9,23
Кочергин Михаил Иванович,майор,1,27
Сидоров Дмитрий Михайлович,майор,12,18
Фёдоров Максим Алексеевич,рядовой,8,23
Захаров Юрий Олегович,капитан,6,49
Соколов Матвей Олегович,капитан,12,36
Иванов Роман Кириллович,капитан,11,34
Кузнецов Михаил Олегович,майор,3,56
Петров Павел Сергеевич,полковник,3,30
Яковлев Алексей Дмитриевич,лейтенант,7,38
Новиков Денис Никитич,капитан,7,57
Егоров Денис Олегович,майор,10,36
Михайлов Матвей Романович,рядовой,11,55
Новиков Виктор Павлович,рядовой,10,34
Никитин Степан Романович,капитан,4,24
Алексеев Алексей Максимович,капитан,11,23
Андреев Степан Павлович,капитан,4,35
Иванов Максим Викторович,майор,10,27
Петров Михаил Романович,полковник,8,26
Егоров Никита Сергеевич,сержант,4,51
Кузнецов Виктор Романович,рядовой,5,43
Соколов Алексей Алексеевич,сержант,1,18
Орлов Олег Юрьевич,сержант,3,44
Николаев Андрей Иванович,капитан,11,59
Степанов Андрей Олегович,полковник,3,22
Васильев Кирилл Сергеевич,майор,1,59
Егоров Андрей Андреевич,полковник,8,36
Соловьёв Алексей Михайлович,прапорщик,5,24
Никитин Степан Олегович,капитан,11,56
Захаров Иван Викторович,прапорщик,3,18
Васильев Сергей Кириллович,капитан,1,43
Захаров Максим Максимович,майор,5,31
Петров Денис Кириллович,майор,3,29
Морозов Константин Андреевич,прапорщик,4,32
Соколов Степан Олегович,сержант,5,19
Зайцев Артём Сергеевич,майор,4,43
Попов Сергей Иванович,полковник,4,31
Иванов Степан Ильич,полковник,11,33
Михайлов Степан Павлович,капитан,11,54
Михайлов Никита Юрьевич,капитан,8,46
Семёнов Матвей Сергеевич,рядовой,3,18
Михайлов Юрий Никитич,полковник,1,55
Борисов Михаил Максимович,лейтенант,4,58
Новиков Евгений Ильич,рядовой,10,30
Попов Олег Дмитриевич,прапорщик,7,40
Павлов Павел Алексеевич,полковник,5,33
Яковлев Кирилл Викторович,майор,1,43
Лебедев Юрий Иванович,рядовой,8,21
Михайлов Дмитрий Никитич,сержант,9,41
Соколов Матвей Сергеевич,рядовой,6,49
Яковлев Матвей Романович,прапорщик,8,33
Лебедев Никита Павлович,сержант,4,26
Васильев Артём Романович,полковник,5,35
Андреев Виктор Андреевич,полковник,6,46
Кузнецов Степан Максимович,майор,2,56
Алексеев Егор Максимович,рядовой,1,42
Иванов Александр Павлович,сержант,12,29
Петров Роман Юрьевич,лейтенант,3,29
Козлов Юрий Иванович,рядовой,12,23
Кузнецов Сергей Иванович,майор,4,39
Николаев Дмитрий Александрович,полковник,3,23
Попов Егор Михайлович,рядовой,7,31
Алексеев Евгений Иванович,рядовой,9,58
Яковлев Андрей Максимович,сержант,1,48
Иванов Дмитрий Юрьевич,майор,9,50
Соколов Виктор Ильич,полковник,10,57
Морозов Павел Романович,рядовой,2,25
Морозов Юрий Андреевич,капитан,3,36
Николаев Илья Романович,рядовой,1,48
Андреев Юрий Романович,сержант,12,37
Козлов Олег Дмитриевич,полковник,12,21
Яковлев Виктор Дмитриевич,капитан,11,45
Егоров Александр Сергеевич,майор,2,47
Орлов Егор Павлович,лейтенант,2,58
Лебедев Алексей Иванович,майор,5,22
Кочергин Илья Кириллович,рядовой,7,35
Морозов Виктор Максимович,прапорщик,3,55
Козлов Евгений Андреевич,рядовой,10,49
Сидоров Андрей Сергеевич,лейтенант,1,20
Морозов Матвей Сергеевич,сержант,10,45
Семёнов Андрей Юрьевич,майор,4,52
Павлов Александр Ильич,капитан,12,37
Морозов Олег Никитич,полковник,5,21
Смирнов Михаил Максимович,прапорщик,1,60
Захаров Александр Александрович,капитан,1,56
Попов Павел Иванович,лейтенант,5,48
Новиков Артём Дмитриевич,сержант,8,20
Николаев Павел Романович,рядовой,2,28
Михайлов Илья Павлович,полковник,3,19
Орлов Максим Сергеевич,полковник,10,56
Морозов Роман Павлович,полковник,8,51
Егоров Артём Павлович,полковник,6,31
Соколов Константин Александрович,капитан,4,58
Егоров Юрий Дмитриевич,полковник,8,24
Яковлев Степан Юрьевич,прапорщик,12,56
Лебедев Олег Андреевич,капитан,10,22
Борисов Андрей Романович,прапорщик,8,30
Попов Илья Никитич,лейтенант,2,57
Степанов Евгений Иванович,сержант,3,60
Николаев Артём Ильич,прапорщик,2,24
Морозов Сергей Павлович,рядовой,7,18
Смирнов Юрий Павлович,майор,11,41
Михайлов Алексей Юрьевич,прапорщик,5,30
Сидоров Александр Алексеевич,лейтенант,5,51
Соловьёв Иван Романович,рядовой,6,25
Васильев Павел Михайлович,капитан,7,38
Захаров Дмитрий Викторович,рядовой,7,32
Морозов Евгений Сергеевич,рядовой,9,46
Кузнецов Александр Кириллович,лейтенант,10,23
Семёнов Артём Михайлович,капитан,11,47
Кочергин Иван Юрьевич,майор,6,43
Смирнов Алексей Дмитриевич,прапорщик,7,48
Лебедев Алексей Павлович,сержант,2,28
Васильев Павел Алексеевич,прапорщик,11,40
Степанов Павел Александрович,капитан,12,32
Макаров Михаил Иванович,сержант,11,48
Алексеев Михаил Андреевич,капитан,3,39
Егоров Константин Олегович,капитан,6,30
Семёнов Андрей Юрьевич,прапорщик,9,46
Алексеев Олег Викторович,капитан,3,37
Семёнов Максим Павлович,майор,10,39
Петров Юрий Михайлович,лейтенант,4,35
Морозов Егор Кириллович,сержант,10,27
Сидоров Андрей Сергеевич,прапорщик,7,46
Кузнецов Артём Ильич,майор,5,52
Степанов Сергей Олегович,лейтенант,2,31
Васильев Максим Алексеевич,лейтенант,9,31
Андреев Денис Михайлович,лейтенант,2,36
Лебедев Артём Дмитриевич,полковник,10,41
Михайлов Павел Павлович,майор,12,45
Семёнов Дмитрий Никитич,капитан,4,32
Борисов Сергей Юрьевич,прапорщик,11,59
Семёнов Сергей Никитич,прапорщик,2,20
Фёдоров Виктор Михайлович,прапорщик,11,59
Кочергин Кирилл Дмитриевич,полковник,11,48
Степанов Егор Андреевич,лейтенант,3,42
Лебедев Илья Олегович,прапорщик,8,23
Смирнов Кирилл Иванович,рядовой,11,53
Никитин Матвей Ильич,капитан,7,34
Соколов Евгений Андреевич,лейтенант,6,46
Соловьёв Роман Михайлович,капитан,9,30
Николаев Константин Романович,рядовой,9,19
Петров Роман Юрьевич,сержант,3,45
Морозов Андрей Никитич,прапорщик,4,59
Соловьёв Юрий Юрьевич,сержант,8,44
Новиков Константин Кириллович,рядовой,8,45
Иванов Алексей Александрович,полковник,7,20
Морозов Никита Романович,лейтенант,2,39
Кузнецов Артём Ильич,капитан,11,27
Егоров Олег Александрович,прапорщик,8,56
Кочергин Роман Михайлович,лейтенант,10,29
Алексеев Егор Михайлович,рядовой,2,51
Борисов Иван Андреевич,майор,6,23
Орлов Степан Ильич,прапорщик,8,36
Васильев Константин Сергеевич,сержант,4,57
Смирнов Константин Никитич,майор,1,48
Кочергин Евгений Романович,прапорщик,7,32
Иванов Юрий Михайлович,прапорщик,11,33
Козлов Кирилл Юрьевич,прапорщик,5,42
Егоров Константин Иванович,лейтенант,1,23
Захаров Михаил Сергеевич,лейтенант,12,35
Захаров Кирилл Сергеевич,сержант,3,53
Кочергин Максим Александрович,сержант,10,37
Кузнецов Роман Ильич,рядовой,11,54
Степанов Иван Михайлович,сержант,12,22
Зайцев Дмитрий Ильич,лейтенант,1,50
Иванов Константин Андреевич,прапорщик,2,49
Кузнецов Кирилл Иванович,полковник,9,28
Зайцев Матвей Иванович,сержант,11,51
Иванов Андрей Иванович,капитан,1,52
Борисов Михаил Павлович,прапорщик,7,33
Кузнецов Артём Алексеевич,сержант,9,29
Фёдоров Степан Олегович,рядовой,8,44
Васильев Никита Никитич,капитан,1,48
Зайцев Степан Викторович,рядовой,3,44
Фёдоров Матвей Максимович,майор,12,38
Лебедев Александр Никитич,сержант,7,44
Козлов Егор Михайлович,майор,12,32
Кочергин Андрей Андреевич,сержант,8,52
Соколов Матвей Михайлович,майор,9,34
Алексеев Павел Викторович,рядовой,3,48
Зайцев Михаил Андреевич,сержант,5,21
Попов Дмитрий Иванович,капитан,3,46
Соколов Денис Александрович,лейтенант,4,21
Лебедев Егор Романович,майор,12,58
Алексеев Юрий Ильич,полковник,5,32
Яковлев Матвей Олегович,лейтенант,5,24
Сидоров Артём Юрьевич,прапорщик,12,40
Новиков Александр Дмитриевич,майор,8,51
Орлов Роман Алексеевич,прапорщик,12,52
Соколов Кирилл Дмитриевич,рядовой,2,57
Фёдоров Илья Александрович,прапорщик,5,30
Павлов Егор Кириллович,прапорщик,7,29
Михайлов Кирилл Дмитриевич,капитан,8,36
Макаров Максим Романович,майор,9,29
Яковлев Алексей Максимович,лейтенант,11,40
Фёдоров Роман Максимович,капитан,1,33
Борисов Степан Никитич,майор,9,31
Лебедев Илья Викторович,сержант,10,25
Яковлев Олег Андреевич,прапорщик,7,52
Петров Максим Андреевич,рядовой,2,51
Иванов Кирилл Олегович,рядовой,6,54
Макаров Сергей Кириллович,капитан,10,32
Семёнов Михаил Максимович,сержант,9,56
Михайлов Роман Максимович,полковник,11,55
Соловьёв Роман Олегович,полковник,11,49
Кочергин Михаил Романович,полковник,7,54
Сидоров Степан Викторович,сержант,5,34
Смирнов Александр Олегович,капитан,9,45
Соколов Денис Романович,прапорщик,8,39
Захаров Максим Алексеевич,майор,8,18
Борисов Андрей Романович,рядовой,4,25
Кочергин Олег Викторович,прапорщик,7,25
Козлов Юрий Дмитриевич,лейтенант,3,49
Морозов Илья Романович,лейтенант,7,48
Кузнецов Степан Викторович,прапорщик,1,45
Попов Виктор Павлович,капитан,3,37
Попов Андрей Кириллович,капитан,8,50
Павлов Степан Кириллович,лейтенант,7,44
Иванов Константин Дмитриевич,полковник,3,21
Семёнов Иван Никитич,прапорщик,3,48
Макаров Сергей Дмитриевич,сержант,8,53
Сидоров Степан Романович,капитан,11,40
Васильев Дмитрий Максимович,полковник,9,31
Козлов Иван Викторович,прапорщик,3,35
Степанов Максим Романович,прапорщик,2,44
Макаров Никита Сергеевич,полковник,8,20
Егоров Константин Кириллович,полковник,10,44
Яковлев Олег Никитич,лейтенант,9,49
Морозов Роман Павлович,прапорщик,5,54
Фёдоров Алексей Юрьевич,рядовой,8,40
Степанов Иван Ильич,рядовой,6,27
Козлов Андрей Сергеевич,полковник,12,54
Зайцев Иван Романович,майор,8,44
Никитин Иван Павлович,сержант,5,34
Кузнецов Евгений Максимович,полковник,8,59
Кочергин Андрей Александрович,майор,11,19
Кузнецов Максим Иванович,рядовой,1,58
Петров Артём Иванович,капитан,3,19
Фёдоров Алексей Александрович,капитан,1,50
Иванов Кирилл Олегович,сержант,6,60
Михайлов Максим Максимович,рядовой,8,32
Морозов Алексей Михайлович,сержант,7,59
Кузнецов Егор Олегович,прапорщик,3,45
Макаров Роман Алексеевич,рядовой,9,32
Павлов Виктор Никитич,сержант,11,29
Борисов Михаил Максимович,полковник,5,37
Сидоров Андрей Романович,рядовой,1,35
Макаров Илья Андреевич,капитан,1,26
Соловьёв Виктор Дмитриевич,сержант,4,23
Попов Роман Александрович,рядовой,5,38
Морозов Максим Никитич,лейтенант,12,42
Попов Артём Иванович,лейтенант,8,27
Андреев Илья Романович,капитан,2,23
Кочергин Павел Александрович,рядовой,5,51
Соколов Артём Кириллович,лейтенант,5,47
Смирнов Виктор Александрович,рядовой,10,44
Васильев Денис Кириллович,капитан,12,22
Борисов Роман Викторович,майор,12,49
Никитин Матвей Дмитриевич,полковник,6,27
Морозов Виктор Кириллович,сержант,12,49
Николаев Кирилл Олегович,лейтенант,1,49
Лебедев Виктор Алексеевич,капитан,3,48
Васильев Константин Иванович,лейтенант,2,43
Кузнецов Кирилл Никитич,лейтенант,6,40
Николаев Олег Викторович,полковник,4,47
Михайлов Максим Максимович,майор,4,37
Павлов Степан Романович,рядовой,5,23
Никитин Олег Максимович,полковник,2,36
Захаров Степан Максимович,рядовой,6,51
Егоров Кирилл Максимович,лейтенант,2,56
Зайцев Денис Алексеевич,сержант,4,33
Николаев Михаил Павлович,рядовой,4,50
Морозов Константин Никитич,рядовой,5,57
Соколов Артём Павлович,капитан,1,18
Кочергин Артём Романович,полковник,3,21
Иванов Матвей Ильич,сержант,2,34
Никитин Максим Павлович,прапорщик,9,57
Новиков Дмитрий Кириллович,майор,1,38
Семёнов Илья Сергеевич,лейтенант,9,18
Алексеев Матвей Александрович,прапорщик,1,27
Морозов Сергей Ильич,лейтенант,8,22
Смирнов Виктор Юрьевич,майор,7,39
Фёдоров Артём Алексеевич,сержант,1,52
Михайлов Илья Дмитриевич,рядовой,11,55
Лебедев Олег Андреевич,рядовой,2,52
Новиков Константин Сергеевич,капитан,7,39
Степанов Сергей Максимович,полковник,10,53
Козлов Егор Сергеевич,майор,10,31
Соколов Михаил Романович,рядовой,12,28
Алексеев Виктор Кириллович,майор,6,47
Зайцев Александр Алексеевич,капитан,8,46
Алексеев Денис Кириллович,полковник,4,57
Соколов Павел Ильич,лейтенант,3,53
Васильев Денис Александрович,лейтенант,12,28
Макаров Павел Максимович,майор,9,45
Алексеев Матвей Алексеевич,рядовой,3,36
Новиков Юрий Павлович,сержант,1,24
Козлов Артём Максимович,майор,5,30
Петров Артём Максимович,сержант,6,43
Морозов Сергей Александрович,сержант,4,32
Макаров Олег Романович,капитан,2,57
Соловьёв Денис Кириллович,прапорщик,5,25
Кочергин Роман Кириллович,полковник,12,36
Степанов Олег Андреевич,капитан,10,32
Петров Юрий Ильич,прапорщик,2,40
Сидоров Денис Кириллович,капитан,12,20
Алексеев Денис Викторович,лейтенант,11,34
Сидоров Евгений Иванович,майор,3,28
Михайлов Матвей Ильич,лейтенант,10,50
Яковлев Степан Сергеевич,майор,11,58
Козлов Артём Кириллович,прапорщик,12,37
Степанов Алексей Алексеевич,лейтенант,3,44
Орлов Павел Юрьевич,прапорщик,8,55
Кузнецов Михаил Ильич,полковник,12,57
Петров Александр Дмитриевич,рядовой,3,30
Никитин Алексей Кириллович,капитан,5,36
Соловьёв Артём Никитич,майор,7,54
Соловьёв Роман Максимович,рядовой,9,27
Новиков Олег Дмитриевич,рядовой,9,53
Борисов Константин Дмитриевич,прапорщик,5,34
Борисов Олег Иванович,майор,10,40
Захаров Никита Андреевич,прапорщик,8,47
Николаев Андрей Сергеевич,рядовой,1,28
Новиков Степан Максимович,капитан,8,45
Морозов Виктор Юрьевич,прапорщик,9,29
Михайлов Илья Александрович,лейтенант,3,41
Егоров Роман Юрьевич,рядовой,6,30
Яковлев Виктор Никитич,прапорщик,9,45
Козлов Матвей Кириллович,прапорщик,5,55
Михайлов Роман Викторович,рядовой,10,30
Михайлов Егор Олегович,майор,2,18
Зайцев Константин Михайлович,полковник,4,45
Попов Егор Алексеевич,сержант,12,51
Алексеев Олег Викторович,лейтенант,3,42
Кузнецов Сергей Сергеевич,капитан,11,51
Морозов Константин Романович,майор,9,50
Козлов Роман Иванович,капитан,1,20
Попов Александр Романович,прапорщик,3,53
Яковлев Никита Викторович,сержант,11,37
Егоров Константин Андреевич,майор,1,40
Смирнов Константин Ильич,прапорщик,10,36
Михайлов Матвей Павлович,капитан,6,19
Лебедев Дмитрий Павлович,сержант,4,50
Кочергин Кирилл Викторович,капитан,12,43
Алексеев Виктор Андреевич,прапорщик,1,47
Андреев Павел Павлович,майор,1,29
Иванов Юрий Романович,капитан,2,32
Кочергин Егор Алексеевич,полковник,9,35
Кочергин Константин Сергеевич,рядовой,3,49
Алексеев Матвей Иванович,прапорщик,3,30
Яковлев Сергей Иванович,капитан,4,29
Петров Степан Андреевич,полковник,11,44
Кочергин Сергей Кириллович,полковник,2,37
Морозов Константин Михайлович,полковник,4,49
Петров Алексей Михайлович,рядовой,10,59
Орлов Константин Ильич,лейтенант,11,42
Смирнов Илья Юрьевич,полковник,11,39
Орлов Матвей Максимович,майор,5,53
Лебедев Денис Иванович,капитан,2,35
Лебедев Александр Андреевич,прапорщик,2,20
Орлов Евгений Романович,майор,5,47
Сидоров Виктор Юрьевич,лейтенант,7,37
Орлов Егор Олегович,капитан,4,39
Павлов Юрий Алексеевич,лейтенант,4,31
Алексеев Артём Иванович,полковник,6,27
Егоров Сергей Алексеевич,полковник,1,34
Иванов Михаил Юрьевич,рядовой,6,46
Зайцев Александр Сергеевич,капитан,10,28
Николаев Кирилл Никитич,капитан,6,34
Васильев Илья Романович,майор,3,46
Васильев Кирилл Никитич,рядовой,3,47
Никитин Юрий Романович,рядовой,10,53
Кочергин Михаил Андреевич,прапорщик,3,33
Егоров Павел Дмитриевич,лейтенант,1,40
Соколов Никита Викторович,сержант,9,30
Попов Юрий Дмитриевич,лейтенант,7,60
Егоров Михаил Иванович,лейтенант,5,35
Макаров Степан Никитич,рядовой,1,34
Лебедев Кирилл Иванович,прапорщик,9,39
Кочергин Андрей Андреевич,майор,10,26
Соколов Михаил Павлович,прапорщик,3,18
Степанов Егор Дмитриевич,прапорщик,1,38
Кочергин Павел Иванович,прапорщик,7,43
Павлов Степан Никитич,майор,12,60
Орлов Кирилл Никитич,рядовой,4,47
Николаев Степан Максимович,прапорщик,6,59
Кузнецов Кирилл Никитич,прапорщик,11,43
Фёдоров Максим Иванович,сержант,7,36
Попов Денис Олегович,прапорщик,10,47
Соловьёв Дмитрий Сергеевич,рядовой,9,54
Попов Степан Никитич,лейтенант,7,25
Захаров Дмитрий Максимович,рядовой,9,34
Соколов Матвей Сергеевич,прапорщик,4,35
Андреев Иван Никитич,лейтенант,5,37
Смирнов Андрей Юрьевич,рядовой,9,56
Морозов Виктор Алексеевич,капитан,11,30
Михайлов Константин Андреевич,сержант,3,40
Смирнов Егор Иванович,сержант,5,45
Андреев Кирилл Никитич,рядовой,4,22
Степанов Дмитрий Никитич,полковник,5,57
Семёнов Кирилл Романович,майор,7,23
Попов Максим Ильич,рядовой,8,26
Кочергин Степан Максимович,лейтенант,3,55
Егоров Алексей Иванович,сержант,1,19
Алексеев Денис Алексеевич,рядовой,3,25
Петров Денис Романович,капитан,7,51
Семёнов Максим Юрьевич,лейтенант,11,49
Захаров Степан Алексеевич,рядовой,7,39
Попов Илья Алексеевич,майор,12,21
Борисов Степан Сергеевич,капитан,5,24
Петров Виктор Михайлович,сержант,3,43
Семёнов Олег Максимович,сержант,1,41
Кузнецов Михаил Олегович,полковник,10,28
Кочергин Павел Никитич,лейтенант,7,37
Смирнов Сергей Павлович,прапорщик,7,19
Степанов Максим Иванович,майор,11,42
Степанов Александр Сергеевич,лейтенант,4,32
Яковлев Никита Михайлович,капитан,2,32
Новиков Сергей Юрьевич,майор,3,45
Соловьёв Егор Романович,полковник,1,52
Николаев Павел Романович,полковник,4,37
Орлов Кирилл Михайлович,прапорщик,9,48
Зайцев Олег Олегович,сержант,9,41
Соловьёв Кирилл Андреевич,полковник,1,38
Морозов Артём Кириллович,майор,10,27
Зайцев Никита Сергеевич,сержант,4,34
Захаров Павел Никитич,прапорщик,6,26
Соколов Виктор Александрович,лейтенант,7,42
Васильев Константин Андреевич,лейтенант,10,32
Смирнов Иван Андреевич,сержант,10,28
Лебедев Матвей Алексеевич,лейтенант,6,43
Фёдоров Роман Сергеевич,капитан,11,22
Смирнов Иван Максимович,капитан,8,24
Яковлев Артём Максимович,капитан,6,33
Иванов Никита Олегович,майор,6,48
Морозов Андрей Михайлович,сержант,10,20
Андреев Александр Андреевич,майор,12,59
Степанов Роман Никитич,прапорщик,2,41
Никитин Роман Павлович,рядовой,6,51
Орлов Иван Александрович,майор,10,44
Козлов Михаил Алексеевич,лейтенант,8,26
Кочергин Андрей Юрьевич,лейтенант,7,47
Алексеев Олег Павлович,лейтенант,10,24
Кочергин Роман Михайлович,рядовой,1,40
Зайцев Михаил Иванович,лейтенант,11,59
Орлов Дмитрий Ильич,прапорщик,10,49
Сидоров Максим Александрович,рядовой,4,36
Орлов Егор Кириллович,капитан,7,53
Фёдоров Константин Дмитриевич,майор,3,53
Козлов Олег Максимович,майор,9,47
Морозов Иван Максимович,прапорщик,7,27
Попов Михаил Викторович,капитан,2,29
Михайлов Евгений Максимович,полковник,11,46
Попов Роман Павлович,полковник,12,52
Алексеев Илья Иванович,майор,6,32
Соколов Константин Иванович,рядовой,8,42
Кочергин Матвей Викторович,рядовой,2,44
Николаев Алексей Сергеевич,майор,7,18
Степанов Евгений Андреевич,сержант,10,49
Орлов Павел Павлович,полковник,4,34
Кузнецов Дмитрий Максимович,полковник,7,36
Лебедев Роман Алексеевич,майор,2,56
Павлов Егор Олегович,лейтенант,3,50
Петров Сергей Олегович,лейтенант,8,48
Иванов Максим Иванович,майор,7,43
Алексеев Егор Иванович,прапорщик,4,30
Новиков Виктор Викторович,капитан,2,37
Михайлов Константин Викторович,рядовой,3,48
Захаров Михаил Ильич,лейтенант,8,45
Михайлов Сергей Максимович,полковник,3,51
Никитин Степан Викторович,капитан,9,55
Никитин Юрий Ильич,капитан,4,42
Макаров Александр Алексеевич,капитан,6,31
Макаров Иван Никитич,полковник,3,31
Петров Степан Иванович,капитан,9,18
Лебедев Сергей Романович,полковник,2,22
Кузнецов Денис Алексеевич,полковник,11,40
Борисов Максим Павлович,сержант,8,32
Яковлев Артём Романович,майор,5,18
Андреев Константин Сергеевич,сержант,7,30
Андреев Дмитрий Павлович,лейтенант,12,33
Орлов Виктор Юрьевич,сержант,11,55
Соколов Юрий Кириллович,полковник,12,26
Сидоров Сергей Ильич,сержант,1,46
Макаров Константин Павлович,капитан,6,32
Яковлев Иван Максимович,капитан,6,25
Степанов Юрий Олегович,прапорщик,3,45
Петров Кирилл Олегович,полковник,6,43
Яковлев Кирилл Максимович,прапорщик,2,34
Николаев Алексей Сергеевич,майор,11,57
Егоров Юрий Павлович,капитан,3,40
Попов Юрий Юрьевич,полковник,3,56
Иванов Артём Максимович,прапорщик,12,26
Козлов Артём Сергеевич,майор,1,42
Яковлев Максим Ильич,майор,10,52
Кочергин Степан Максимович,прапорщик,10,49
Николаев Егор Юрьевич,сержант,8,60
Борисов Иван Алексеевич,лейтенант,5,33
Степанов Юрий Иванович,капитан,3,32
Соловьёв Евгений Никитич,рядовой,8,43
Степанов Иван Андреевич,лейтенант,3,49
Егоров Виктор Романович,майор,9,18
Соколов Михаил Сергеевич,сержант,8,59
Кочергин Александр Дмитриевич,прапорщик,6,22
Егоров Иван Никитич,рядовой,2,30
Попов Степан Алексеевич,сержант,2,57
Кузнецов Артём Олегович,прапорщик,6,28
Семёнов Павел Юрьевич,капитан,9,23
Новиков Александр Дмитриевич,рядовой,6,44
Николаев Иван Ильич,прапорщик,10,48
Никитин Иван Михайлович,полковник,3,31
Егоров Иван Максимович,прапорщик,11,33
Новиков Максим Андреевич,сержант,3,39
Петров Матвей Кириллович,полковник,10,57
Андреев Егор Олегович,капитан,9,19
Попов Олег Олегович,лейтенант,9,31
Сидоров Виктор Дмитриевич,полковник,9,23
Алексеев Илья Юрьевич,прапорщик,3,21
Павлов Сергей Иванович,сержант,2,46
Никитин Илья Викторович,прапорщик,4,49
Алексеев Андрей Андреевич,прапорщик,12,49
Иванов Никита Романович,прапорщик,9,41
Морозов Степан Сергеевич,капитан,2,21
Попов Матвей Никитич,лейтенант,11,18
Смирнов Роман Иванович,полковник,11,31
Семёнов Кирилл Романович,рядовой,8,53
Кочергин Иван Никитич,прапорщик,10,53
Кузнецов Кирилл Алексеевич,капитан,5,50
Морозов Артём Никитич,сержант,8,53
Павлов Олег Викторович,прапорщик,9,26
Фёдоров Олег Викторович,капитан,2,39
Сидоров Дмитрий Павлович,лейтенант,2,24
Борисов Матвей Кириллович,майор,9,47
Николаев Степан Ильич,майор,8,25
Николаев Алексей Олегович,майор,8,18
Алексеев Михаил Алексеевич,лейтенант,6,49
Семёнов Павел Михайлович,рядовой,12,34
Захаров Кирилл Кириллович,сержант,1,52
Попов Михаил Олегович,сержант,4,26
Егоров Юрий Михайлович,капитан,1,55
Соловьёв Максим Александрович,рядовой,9,44
Макаров Сергей Андреевич,прапорщик,5,34
Фёдоров Александр Кириллович,лейтенант,9,33
Фёдоров Никита Кириллович,сержант,9,43
Николаев Юрий Дмитриевич,полковник,2,59
Михайлов Иван Михайлович,прапорщик,3,41
Зайцев Павел Александрович,сержант,8,51
Николаев Александр Кириллович,полковник,4,58
Семёнов Матвей Михайлович,лейтенант,2,47
Смирнов Илья Дмитриевич,лейтенант,5,43
Морозов Иван Андреевич,сержант,1,57
Егоров Михаил Никитич,прапорщик,4,34
Новиков Павел Романович,рядовой,1,27
Попов Иван Олегович,капитан,7,19
Попов Денис Иванович,лейтенант,7,19
Васильев Андрей Кириллович,прапорщик,9,21
Кузнецов Михаил Михайлович,прапорщик,7,18
Сидоров Сергей Александрович,майор,3,27
Михайлов Матвей Романович,рядовой,1,46
Соколов Артём Юрьевич,полковник,6,55
Петров Никита Михайлович,майор,1,55
Алексеев Андрей Ильич,майор,2,34
Борисов Сергей Кириллович,майор,12,34
Соловьёв Андрей Ильич,капитан,9,47
Фёдоров Максим Андреевич,полковник,1,53
Соловьёв Матвей Ильич,рядовой,12,21
Николаев Павел Максимович,сержант,6,41
Михайлов Олег Дмитриевич,капитан,5,23
Николаев Артём Иванович,рядовой,12,52
Андреев Матвей Викторович,капитан,8,26
Сидоров Александр Алексеевич,полковник,7,37
Васильев Павел Андреевич,капитан,6,49
Козлов Денис Никитич,рядовой,3,26
Андреев Александр Никитич,майор,12,38
Васильев Олег Андреевич,сержант,4,35
Павлов Александр Викторович,прапорщик,3,31
Орлов Олег Михайлович,сержант,7,18
Михайлов Роман Алексеевич,прапорщик,8,60
Николаев Дмитрий Иванович,капитан,5,23
Лебедев Матвей Викторович,лейтенант,9,19
Петров Павел Алексеевич,рядовой,10,37
Никитин Роман Никитич,лейтенант,11,52
Яковлев Виктор Алексеевич,прапорщик,1,53
Фёдоров Матвей Никитич,прапорщик,5,35
Захаров Виктор Павлович,лейтенант,11,22
Козлов Денис Александрович,рядовой,3,53
Петров Сергей Дмитриевич,лейтенант,5,36
Лебедев Павел Викторович,рядовой,11,36
Сидоров Роман Дмитриевич,рядовой,6,22
Васильев Илья Александрович,майор,2,46
Павлов Михаил Ильич,рядовой,12,44
Андреев Максим Ильич,сержант,6,58
Сидоров Александр Максимович,лейтенант,7,36
Борисов Виктор Кириллович,капитан,2,27
Николаев Роман Кириллович,рядовой,12,34
Новиков Егор Романович,капитан,1,32
Павлов Никита Романович,капитан,8,20
Попов Иван Юрьевич,прапорщик,8,42
Зайцев Дмитрий Алексеевич,полковник,10,54
Смирнов Андрей Павлович,рядовой,6,41
Новиков Александр Павлович,майор,2,54
Захаров Степан Кириллович,прапорщик,11,48
Соловьёв Павел Дмитриевич,прапорщик,1,51
Семёнов Денис Олегович,полковник,4,32
Васильев Александр Павлович,капитан,2,25
Орлов Денис Павлович,лейтенант,4,42
Кузнецов Артём Александрович,прапорщик,7,28
Борисов Никита Иванович,лейтенант,8,53
Семёнов Алексей Александрович,лейтенант,7,41
Васильев Роман Максимович,лейтенант,2,40
Зайцев Степан Дмитриевич,майор,10,50
Соколов Артём Иванович,рядовой,2,38
Павлов Иван Никитич,полковник,2,58
Петров Матвей Викторович,майор,1,49
Николаев Андрей Андреевич,прапорщик,9,34
Васильев Сергей Викторович,майор,10,52
Лебедев Никита Алексеевич,капитан,5,50
Попов Егор Иванович,майор,2,41
Андреев Виктор Ильич,рядовой,11,31
Лебедев Константин Михайлович,прапорщик,12,60
Соколов Кирилл Романович,лейтенант,5,19
Морозов Денис Романович,капитан,9,54
Кочергин Виктор Алексеевич,рядовой,7,56
Николаев Андрей Викторович,лейтенант,2,47
Степанов Павел Никитич,майор,11,46
Соловьёв Павел Никитич,лейтенант,11,43
Фёдоров Юрий Дмитриевич,прапорщик,3,46
Морозов Матвей Максимович,прапорщик,11,59
Егоров Сергей Павлович,сержант,12,48
Николаев Михаил Алексеевич,лейтенант,1,31
Андреев Степан Иванович,рядовой,2,18
Васильев Михаил Алексеевич,сержант,11,56
Зайцев Андрей Иванович,капитан,3,54
Иванов Роман Сергеевич,капитан,6,25
Никитин Дмитрий Никитич,рядовой,6,47
Лебедев Матвей Викторович,прапорщик,6,31
Зайцев Степан Павлович,лейтенант,12,37
Андреев Александр Павлович,капитан,12,45
Лебедев Александр Викторович,прапорщик,3,35
Орлов Андрей Максимович,рядовой,4,27
Никитин Дмитрий Дмитриевич,капитан,3,37
Новиков Евгений Иванович,капитан,10,33
Соловьёв Константин Романович,прапорщик,12,22
Никитин Роман Олегович,капитан,10,35
Семёнов Матвей Алексеевич,капитан,5,32
Попов Юрий Михайлович,рядовой,6,33
Попов Илья Сергеевич,капитан,4,50
Петров Юрий Алексеевич,лейтенант,7,52
Кузнецов Иван Никитич,майор,9,22
Васильев Алексей Ильич,майор,10,24
Морозов Михаил Андреевич,майор,10,36
Павлов Илья Максимович,сержант,10,58
Павлов Степан Сергеевич,лейтенант,3,53
Иванов Никита Дмитриевич,майор,5,19
Соловьёв Дмитрий Александрович,рядовой,10,45
Семёнов Александр Кириллович,лейтенант,2,18
Михайлов Денис Сергеевич,капитан,6,41
Павлов Юрий Михайлович,капитан,11,60
Фёдоров Андрей Иванович,полковник,9,59
Смирнов Илья Романович,капитан,2,57
Яковлев Михаил Викторович,лейтенант,6,51
Сидоров Андрей Алексеевич,лейтенант,11,49
Яковлев Егор Михайлович,лейтенант,8,58
Никитин Дмитрий Юрьевич,лейтенант,8,47
Степанов Роман Викторович,капитан,2,44
Макаров Олег Иванович,рядовой,4,45
Лебедев Константин Олегович,рядовой,3,54
Павлов Евгений Викторович,полковник,2,56
Павлов Матвей Иванович,полковник,7,40
Николаев Евгений Иванович,капитан,7,27
Сидоров Александр Сергеевич,прапорщик,7,48
Петров Андрей Иванович,лейтенант,2,47
Сидоров Максим Александрович,майор,9,58
Захаров Егор Андреевич,майор,4,34
Степанов Андрей Ильич,рядовой,7,57
Морозов Матвей Викторович,полковник,11,39
Козлов Сергей Дмитриевич,майор,7,23
Егоров Евгений Алексеевич,сержант,8,45
Васильев Андрей Никитич,прапорщик,11,38
Иванов Кирилл Сергеевич,полковник,12,27
Фёдоров Никита Александрович,лейтенант,9,20
Андреев Максим Кириллович,прапорщик,12,22
Соколов Юрий Михайлович,лейтенант,10,23
Кочергин Алексей Сергеевич,полковник,3,56
Егоров Андрей Ильич,сержант,11,58
Егоров Сергей Сергеевич,капитан,12,37
Соколов Матвей Олегович,сержант,1,40
Кочергин Максим Иванович,капитан,10,36
Сидоров Михаил Дмитриевич,сержант,8,30
Яковлев Роман Дмитриевич,сержант,5,38
Соловьёв Артём Олегович,сержант,4,38
Орлов Иван Сергеевич,лейтенант,10,18
Иванов Александр Романович,лейтенант,10,31
Новиков Матвей Олегович,сержант,10,44
Козлов Дмитрий Максимович,лейтенант,6,25
Зайцев Иван Иванович,майор,2,25
Захаров Александр Александрович,сержант,9,21
Никитин Евгений Дмитриевич,прапорщик,2,47
Степанов Роман Максимович,капитан,12,56
Смирнов Павел Романович,полковник,2,31
Кочергин Михаил Никитич,полковник,3,26
Макаров Виктор Дмитриевич,рядовой,2,24
Захаров Артём Дмитриевич,рядовой,11,23
Макаров Никита Викторович,рядовой,11,22
Степанов Михаил Максимович,капитан,9,35
Попов Артём Иванович,сержант,8,43
Захаров Илья Юрьевич,майор,5,45
Андреев Денис Никитич,рядовой,4,20
Егоров Степан Юрьевич,рядовой,6,54
Михайлов Евгений Романович,полковник,4,39
Фёдоров Максим Викторович,прапорщик,9,36
Кочергин Егор Олегович,лейтенант,3,55
Кочергин Илья Сергеевич,капитан,2,60
Михайлов Никита Иванович,полковник,8,31
Васильев Артём Алексеевич,сержант,3,45
Фёдоров Дмитрий Иванович,полковник,8,48
Лебедев Андрей Ильич,рядовой,1,46
Петров Артём Иванович,лейтенант,10,19
Соколов Кирилл Кириллович,майор,12,42
Попов Константин Никитич,полковник,11,26
Морозов Максим Сергеевич,полковник,4,48
Петров Илья Олегович,полковник,7,45
Кузнецов Евгений Михайлович,лейтенант,4,30
Лебедев Евгений Максимович,прапорщик,9,29
Николаев Павел Максимович,лейтенант,9,44
Николаев Михаил Дмитриевич,полковник,5,34
Новиков Юрий Максимович,сержант,9,43
Новиков Денис Кириллович,лейтенант,6,19
Новиков Илья Романович,прапорщик,1,46
Андреев Михаил Ильич,полковник,12,19
Новиков Артём Александрович,полковник,2,54
Павлов Павел Кириллович,рядовой,3,39
Николаев Евгений Александрович,лейтенант,6,22
Попов Дмитрий Иванович,рядовой,8,38
Кузнецов Олег Романович,сержант,11,30
Попов Степан Павлович,майор,6,50
Попов Евгений Юрьевич,лейтенант,9,38
Сидоров Андрей Дмитриевич,сержант,11,21
Борисов Егор Дмитриевич,рядовой,2,47
Семёнов Егор Павлович,лейтенант,7,44
Васильев Виктор Викторович,рядовой,9,33
Иванов Денис Павлович,сержант,3,39
Лебедев Матвей Максимович,рядовой,3,37
Алексеев Евгений Иванович,рядовой,11,18
Соловьёв Константин Ильич,прапорщик,4,58
Соловьёв Егор Дмитриевич,капитан,7,31
Морозов Олег Юрьевич,рядовой,4,53
Николаев Олег Александрович,сержант,4,44
Сидоров Никита Викторович,сержант,12,27
Орлов Михаил Дмитриевич,майор,5,31
Борисов Константин Павлович,лейтенант,11,24
Семёнов Павел Ильич,сержант,11,39
Соловьёв Илья Михайлович,лейтенант,7,53
Смирнов Кирилл Иванович,прапорщик,2,41
Захаров Алексей Викторович,прапорщик,2,37
Лебедев Юрий Александрович,сержант,6,59
Соколов Кирилл Ильич,полковник,11,33
Яковлев Алексей Максимович,рядовой,5,46
Попов Михаил Иванович,капитан,9,43
Иванов Роман Юрьевич,капитан,1,29
Козлов Артём Романович,прапорщик,8,32
Фёдоров Сергей Романович,рядовой,11,58
Попов Роман Андреевич,сержант,3,32
Зайцев Никита Андреевич,рядовой,2,57
Захаров Кирилл Иванович,прапорщик,5,26
Кочергин Виктор Андреевич,капитан,7,20
Новиков Сергей Сергеевич,полковник,3,54
Макаров Максим Романович,сержант,9,30
Михайлов Иван Михайлович,лейтенант,12,29
Орлов Матвей Алексеевич,рядовой,1,18
Андреев Егор Михайлович,рядовой,1,59
Васильев Виктор Юрьевич,капитан,9,20
Захаров Евгений Александрович,сержант,11,39
Петров Алексей Никитич,рядовой,1,21
Егоров Кирилл Александрович,майор,12,47
Сидоров Иван Юрьевич,полковник,4,38
Морозов Олег Никитич,майор,7,42
Морозов Денис Иванович,сержант,7,32
Кузнецов Артём Максимович,прапорщик,8,31
Орлов Роман Викторович,капитан,4,47
Борисов Максим Юрьевич,капитан,11,42
Макаров Роман Викторович,майор,12,19
Соколов Сергей Александрович,сержант,12,58
Макаров Егор Кириллович,полковник,5,46
Захаров Павел Максимович,лейтенант,3,26
Соловьёв Иван Сергеевич,майор,9,26
Борисов Иван Иванович,лейтенант,9,51
Петров Дмитрий Сергеевич,рядовой,9,51
Павлов Сергей Алексеевич,майор,5,53
Морозов Виктор Алексеевич,капитан,12,49
Смирнов Иван Андреевич,лейтенант,6,46
Васильев Кирилл Александрович,рядовой,9,31
Алексеев Дмитрий Алексеевич,лейтенант,12,31
Морозов Андрей Максимович,прапорщик,10,41
Соловьёв Сергей Ильич,майор,8,39
Михайлов Артём Романович,сержант,7,28
Иванов Денис Михайлович,майор,8,52
Михайлов Алексей Алексеевич,майор,5,35
Алексеев Дмитрий Павлович,прапорщик,5,30
Алексеев Павел Юрьевич,сержант,12,19
Егоров Никита Викторович,полковник,11,30
Егоров Артём Викторович,сержант,10,52
Михайлов Артём Максимович,капитан,12,34
Орлов Кирилл Дмитриевич,капитан,6,45
Андреев Виктор Олегович,майор,10,60
Степанов Артём Викторович,лейтенант,3,19
Павлов Павел Ильич,капитан,12,32
Павлов Александр Андреевич,капитан,8,41
Васильев Иван Дмитриевич,лейтенант,5,26
Кузнецов Иван Юрьевич,полковник,3,51
Андреев Виктор Олегович,капитан,7,54
Фёдоров Дмитрий Юрьевич,лейтенант,12,36
Козлов Константин Романович,рядовой,8,31
Сидоров Павел Викторович,лейтенант,3,39
Козлов Андрей Максимович,полковник,5,35
Новиков Александр Романович,лейтенант,6,49
Новиков Константин Александрович,сержант,4,48
Кузнецов Андрей Михайлович,майор,9,33
Васильев Матвей Юрьевич,полковник,5,49
Орлов Никита Никитич,прапорщик,10,20
Кузнецов Максим Александрович,сержант,3,33
Смирнов Юрий Андреевич,полковник,6,41
Козлов Максим Андреевич,сержант,12,58
Борисов Кирилл Максимович,майор,10,29
Андреев Матвей Михайлович,сержант,11,37
Васильев Виктор Михайлович,рядовой,4,38
Сидоров Кирилл Александрович,капитан,1,50
Захаров Сергей Александрович,лейтенант,11,19
Никитин Кирилл Михайлович,сержант,10,32
Зайцев Илья Никитич,майор,7,44
Зайцев Денис Андреевич,сержант,9,32
Зайцев Константин Алексеевич,полковник,8,38
Николаев Виктор Романович,капитан,5,28
Соловьёв Юрий Максимович,сержант,7,22
Зайцев Иван Иванович,майор,4,33
Новиков Алексей Кириллович,лейтенант,7,56
Кузнецов Матвей Олегович,полковник,4,53
Николаев Артём Алексеевич,прапорщик,12,40
Макаров Сергей Викторович,капитан,12,30
Козлов Илья Алексеевич,лейтенант,12,43
Алексеев Евгений Романович,капитан,5,59
Семёнов Роман Сергеевич,полковник,6,33
Фёдоров Максим Сергеевич,капитан,6,30
Смирнов Константин Алексеевич,полковник,12,52
Андреев Алексей Александрович,рядовой,5,41
Яковлев Кирилл Викторович,майор,8,39
Сидоров Олег Никитич,прапорщик,6,38
Козлов Матвей Алексеевич,полковник,9,59
Петров Константин Максимович,полковник,4,31
Алексеев Артём Алексеевич,прапорщик,4,21
Михайлов Юрий Максимович,лейтенант,11,53
Фёдоров Никита Дмитриевич,майор,3,21
Козлов Андрей Андреевич,рядовой,7,39
Борисов Алексей Иванович,майор,8,45
Лебедев Павел Михайлович,сержант,1,25
Кочергин Сергей Никитич,майор,6,41
Павлов Роман Викторович,прапорщик,12,30
Козлов Роман Кириллович,лейтенант,9,44
Захаров Виктор Романович,капитан,1,36
Семёнов Илья Юрьевич,лейтенант,11,41
Новиков Сергей Михайлович,полковник,8,29
Семёнов Олег Ильич,капитан,1,48
Петров Юрий Дмитриевич,рядовой,9,22
Михайлов Павел Павлович,рядовой,7,46
Павлов Степан Юрьевич,сержант,8,21
Семёнов Алексей Олегович,лейтенант,9,60
Иванов Олег Максимович,полковник,7,18
Борисов Константин Иванович,рядовой,8,44
Смирнов Максим Иванович,майор,1,39
Фёдоров Егор Павлович,полковник,4,53
Петров Олег Сергеевич,майор,12,60
Алексеев Егор Александрович,майор,11,57
Смирнов Евгений Иванович,прапорщик,3,37
Кочергин Егор Максимович,прапорщик,12,57
Орлов Евгений Максимович,сержант,1,24
Андреев Денис Сергеевич,рядовой,4,26
Новиков Михаил Алексеевич,капитан,10,34
Кочергин Михаил Никитич,капитан,9,46
Яковлев Евгений Кириллович,сержант,7,24
Фёдоров Денис Алексеевич,прапорщик,1,28
Зайцев Юрий Иванович,майор,2,19
Николаев Артём Никитич,майор,4,51
Степанов Никита Сергеевич,майор,8,50
Михайлов Степан Олегович,майор,6,44
Андреев Евгений Михайлович,рядовой,6,44
Васильев Евгений Романович,капитан,3,43
Зайцев Егор Александрович,рядовой,5,54
Степанов Кирилл Кириллович,прапорщик,4,29
Смирнов Олег Иванович,капитан,1,24
Захаров Иван Андреевич,майор,7,47
Алексеев Иван Максимович,сержант,12,22
Козлов Дмитрий Иванович,рядовой,5,40
Степанов Павел Сергеевич,рядовой,4,27
Степанов Михаил Максимович,рядовой,6,21
Семёнов Михаил Алексеевич,майор,1,47
Сидоров Дмитрий Павлович,сержант,5,35
Никитин Роман Ильич,капитан,12,37
Козлов Павел Андреевич,прапорщик,11,43
Яковлев Матвей Михайлович,лейтенант,7,39
Никитин Виктор Иванович,рядовой,2,42
Егоров Алексей Юрьевич,сержант,8,48
Кочергин Илья Олегович,полковник,8,55
Степанов Юрий Сергеевич,прапорщик,10,34
Козлов Олег Олегович,прапорщик,1,51
Петров Матвей Алексеевич,лейтенант,12,23
Фёдоров Олег Андреевич,полковник,8,25
Соколов Павел Максимович,рядовой,8,27
Алексеев Максим Юрьевич,прапорщик,5,23
Никитин Сергей Романович,полковник,12,37
Козлов Артём Михайлович,лейтенант,10,43
Морозов Матвей Иванович,майор,11,54
Макаров Юрий Викторович,полковник,11,21
Козлов Юрий Кириллович,майор,2,34
Козлов Алексей Иванович,майор,11,46
Яковлев Сергей Олегович,сержант,1,32
Козлов Андрей Ильич,сержант,11,33
Попов Олег Андреевич,капитан,7,40
Петров Александр Викторович,капитан,9,24
Кузнецов Дмитрий Сергеевич,рядовой,12,39
Яковлев Александр Никитич,майор,4,28
Орлов Дмитрий Ильич,полковник,9,25
Фёдоров Андрей Викторович,сержант,12,56
Петров Никита Алексеевич,сержант,10,45
Борисов Константин Никитич,майор,9,25
Зайцев Никита Максимович,сержант,12,34
Семёнов Иван Дмитриевич,сержант,3,20
Яковлев Виктор Михайлович,сержант,2,29
Морозов Алексей Иванович,майор,11,41
Петров Виктор Павлович,майор,1,28
Попов Роман Павлович,сержант,12,20
Новиков Роман Максимович,прапорщик,3,44
Попов Михаил Дмитриевич,полковник,9,41
Козлов Павел Ильич,майор,8,31
Лебедев Евгений Сергеевич,рядовой,2,58
Андреев Сергей Алексеевич,майор,4,24
Иванов Иван Иванович,прапорщик,8,28
Сидоров Степан Олегович,капитан,10,59
Петров Иван Ильич,полковник,1,57
Сидоров Евгений Сергеевич,рядовой,9,20
Семёнов Илья Ильич,полковник,8,18
Соловьёв Иван Юрьевич,капитан,12,29
Михайлов Виктор Максимович,полковник,12,48
Морозов Михаил Кириллович,прапорщик,10,56
Зайцев Сергей Сергеевич,капитан,8,56
Андреев Денис Иванович,полковник,11,48
Зайцев Артём Алексеевич,капитан,7,36
Сидоров Евгений Кириллович,сержант,1,18
Васильев Константин Алексеевич,полковник,11,52
Смирнов Кирилл Викторович,лейтенант,1,37
Козлов Олег Кириллович,сержант,6,44
Зайцев Андрей Сергеевич,прапорщик,7,43
Семёнов Сергей Викторович,полковник,1,25
Козлов Андрей Алексеевич,сержант,4,41
Борисов Матвей Сергеевич,капитан,10,56
Соловьёв Олег Никитич,прапорщик,2,41
Захаров Александр Кириллович,сержант,8,53
Лебедев Максим Максимович,прапорщик,7,39
Николаев Олег Андреевич,полковник,9,35
Новиков Юрий Сергеевич,прапорщик,7,60
Макаров Роман Михайлович,лейтенант,11,58
Яковлев Кирилл Иванович,сержант,5,27
Борисов Кирилл Иванович,майор,12,19
Новиков Дмитрий Иванович,полковник,4,30
Макаров Матвей Андреевич,полковник,10,42
Попов Иван Дмитриевич,майор,2,34
Михайлов Иван Дмитриевич,майор,9,38
Сидоров Степан Александрович,прапорщик,12,52
Соколов Андрей Андреевич,полковник,10,45
Борисов Павел Александрович,прапорщик,7,50
Васильев Олег Сергеевич,прапорщик,4,29
Борисов Юрий Сергеевич,полковник,2,49
Степанов Степан Андреевич,лейтенант,3,37
Егоров Андрей Олегович,прапорщик,12,40
Павлов Дмитрий Сергеевич,прапорщик,10,51
Николаев Егор Романович,капитан,12,57
Морозов Дмитрий Викторович,капитан,12,21
Смирнов Роман Александрович,прапорщик,7,36
Новиков Виктор Дмитриевич,майор,1,57
Кузнецов Никита Викторович,прапорщик,4,36
Николаев Евгений Олегович,полковник,2,53
Михайлов Степан Ильич,майор,4,56
Лебедев Павел Дмитриевич,лейтенант,11,38
Морозов Дмитрий Олегович,прапорщик,9,35
Зайцев Никита Олегович,лейтенант,11,38
Зайцев Степан Ильич,полковник,4,27
Егоров Виктор Юрьевич,рядовой,11,29
Новиков Кирилл Юрьевич,капитан,11,18
Степанов Никита Павлович,прапорщик,10,50
Соколов Максим Александрович,сержант,5,33
Сидоров Илья Олегович,лейтенант,12,47
Соколов Иван Романович,полковник,3,27
Захаров Константин Алексеевич,лейтенант,10,52
Морозов Павел Михайлович,полковник,7,22
Алексеев Андрей Максимович,полковник,6,20
Попов Иван Олегович,рядовой,11,20
Захаров Иван Сергеевич,прапорщик,2,23
Борисов Роман Романович,майор,6,52
Степанов Александр Михайлович,лейтенант,8,22
Попов Егор Никитич,рядовой,5,46
Васильев Денис Ильич,сержант,4,28
Козлов Олег Кириллович,рядовой,8,35
Кочергин Михаил Сергеевич,полковник,9,30
Борисов Егор Олегович,прапорщик,11,20
Петров Андрей Максимович,лейтенант,11,47
Петров Егор Викторович,майор,9,42
Иванов Александр Викторович,капитан,10,50
Семёнов Александр Сергеевич,рядовой,11,50
Николаев Артём Романович,капитан,12,53
Захаров Артём Никитич,рядовой,3,18
Макаров Павел Андреевич,рядовой,4,36
Кочергин Денис Юрьевич,лейтенант,10,21
Козлов Юрий Кириллович,прапорщик,3,26
Васильев Степан Юрьевич,лейтенант,9,25
Орлов Алексей Андреевич,майор,10,18
Андреев Михаил Романович,рядовой,1,46
Кузнецов Виктор Александрович,капитан,1,58
Борисов Максим Никитич,майор,4,28
Никитин Иван Олегович,капитан,9,55
Сидоров Андрей Викторович,майор,2,59
Попов Константин Юрьевич,капитан,11,41
Новиков Степан Павлович,прапорщик,5,34
Николаев Матвей Иванович,полковник,11,32
Петров Денис Олегович,сержант,9,48
Степанов Юрий Ильич,капитан,7,38
Сидоров Дмитрий Андреевич,прапорщик,9,20
Николаев Кирилл Романович,полковник,2,21
Иванов Матвей Андреевич,рядовой,10,23
Соловьёв Роман Сергеевич,майор,12,49
Кочергин Андрей Александрович,прапорщик,12,34
Кузнецов Артём Алексеевич,полковник,5,21
Степанов Артём Михайлович,капитан,7,34
Захаров Павел Максимович,майор,3,20
Морозов Кирилл Олегович,сержант,3,56
Андреев Денис Алексеевич,капитан,6,55
Кочергин Артём Олегович,сержант,7,23
Егоров Алексей Юрьевич,рядовой,10,60
Никитин Егор Андреевич,лейтенант,8,50
Лебедев Сергей Павлович,лейтенант,3,50
Семёнов Юрий Кириллович,лейтенант,2,51
Семёнов Егор Михайлович,сержант,10,48
Сидоров Михаил Андреевич,прапорщик,8,43
Кочергин Сергей Юрьевич,полковник,3,23
Попов Степан Романович,майор,2,28
Павлов Дмитрий Дмитриевич,полковник,4,36
Борисов Андрей Сергеевич,лейтенант,2,45
Кузнецов Михаил Олегович,рядовой,6,36
Павлов Матвей Дмитриевич,майор,6,60
Козлов Иван Ильич,рядовой,11,57
Степанов Дмитрий Кириллович,полковник,8,33
Лебедев Денис Кириллович,прапорщик,7,19
Борисов Матвей Иванович,рядовой,3,26
Иванов Андрей Андреевич,прапорщик,8,48
Козлов Егор Александрович,лейтенант,3,48
Андреев Иван Сергеевич,майор,9,54
Семёнов Роман Иванович,полковник,9,21
Егоров Сергей Юрьевич,рядовой,10,19
Кузнецов Константин Кириллович,сержант,7,35
Борисов Роман Максимович,прапорщик,2,39
Степанов Андрей Сергеевич,полковник,12,23
Павлов Александр Алексеевич,сержант,9,58
Павлов Евгений Викторович,капитан,5,26
Николаев Андрей Сергеевич,капитан,6,23
Попов Максим Андреевич,рядовой,7,32
Андреев Никита Олегович,полковник,10,34
Козлов Алексей Михайлович,сержант,10,30
Орлов Сергей Андреевич,рядовой,1,29
Степанов Алексей Александрович,капитан,3,45
Иванов Евгений Александрович,майор,11,51
Никитин Дмитрий Романович,лейтенант,12,19
Соловьёв Никита Андреевич,рядовой,12,27
Яковлев Павел Александрович,капитан,5,37
Иванов Андрей Сергеевич,майор,3,22
Орлов Денис Кириллович,рядовой,3,22
Козлов Александр Дмитриевич,лейтенант,10,24
Соколов Алексей Ильич,полковник,2,47
Козлов Степан Сергеевич,полковник,1,57
Соловьёв Павел Сергеевич,лейтенант,11,57
Попов Степан Ильич,рядовой,7,52
Никитин Роман Викторович,майор,7,31
Лебедев Михаил Сергеевич,лейтенант,6,54
Захаров Юрий Кириллович,майор,6,53
Зайцев Егор Кириллович,прапорщик,6,41
Андреев Денис Олегович,прапорщик,3,40
Павлов Артём Олегович,прапорщик,12,37
Соловьёв Иван Андреевич,капитан,12,34
Егоров Олег Кириллович,полковник,9,35
Лебедев Константин Иванович,майор,1,53
Соловьёв Матвей Олегович,сержант,11,48
Козлов Никита Александрович,капитан,7,56
Орлов Кирилл Олегович,полковник,1,51
Павлов Никита Ильич,рядовой,1,50
Михайлов Кирилл Михайлович,рядовой,2,31
Новиков Константин Ильич,капитан,7,23
Васильев Сергей Ильич,майор,6,35
Смирнов Степан Иванович,лейтенант,4,18
Егоров Максим Максимович,прапорщик,10,19
Соколов Алексей Алексеевич,прапорщик,10,45
Макаров Павел Павлович,капитан,10,59
Михайлов Павел Дмитриевич,прапорщик,8,53
Сидоров Сергей Юрьевич,лейтенант,12,29
Морозов Дмитрий Сергеевич,рядовой,12,44
Соколов Егор Кириллович,лейтенант,6,28
Яковлев Александр Викторович,лейтенант,12,26
Никитин Степан Максимович,рядовой,2,52
Иванов Константин Иванович,полковник,9,18
Кочергин Евгений Сергеевич,полковник,8,58
Козлов Александр Александрович,прапорщик,7,19
Козлов Михаил Дмитриевич,лейтенант,9,56
Яковлев Кирилл Кириллович,полковник,4,41
Борисов Евгений Дмитриевич,рядовой,4,52
Алексеев Сергей Иванович,прапорщик,7,37
Николаев Дмитрий Александрович,майор,6,29
Зайцев Андрей Иванович,майор,7,22
Лебедев Иван Юрьевич,рядовой,6,27
Алексеев Кирилл Алексеевич,майор,9,46
Николаев Денис Максимович,капитан,12,34
Егоров Александр Юрьевич,полковник,8,19
Яковлев Александр Павлович,майор,9,36
Соколов Егор Максимович,майор,8,56
Егоров Олег Алексеевич,прапорщик,6,35
Иванов Иван Никитич,капитан,6,51
Кузнецов Дмитрий Михайлович,лейтенант,3,54
Кочергин Иван Иванович,капитан,4,18
Смирнов Алексей Иванович,рядовой,12,53
Козлов Никита Романович,майор,12,32
Макаров Денис Юрьевич,лейтенант,8,51
Иванов Александр Михайлович,сержант,8,49
Семёнов Виктор Юрьевич,сержант,2,28
Новиков Михаил Никитич,лейтенант,3,23
Семёнов Юрий Кириллович,рядовой,8,52
Иванов Михаил Олегович,капитан,7,49
Андреев Матвей Дмитриевич,майор,11,33
Степанов Константин Дмитриевич,сержант,8,43
Васильев Олег Сергеевич,лейтенант,4,25
Степанов Виктор Александрович,лейтенант,10,22
Васильев Роман Ильич,лейтенант,8,48
Андреев Иван Иванович,рядовой,5,29
Николаев Константин Алексеевич,майор,7,19
Морозов Олег Никитич,майор,4,24
Николаев Михаил Юрьевич,лейтенант,8,34
Смирнов Сергей Сергеевич,рядовой,8,22
Степанов Юрий Сергеевич,рядовой,1,45
Павлов Денис Ильич,рядовой,2,46
Алексеев Олег Романович,прапорщик,12,55
Морозов Виктор Никитич,прапорщик,3,40
Яковлев Александр Ильич,майор,10,42
Яковлев Алексей Павлович,прапорщик,9,23
Соколов Егор Павлович,сержант,5,34
Иванов Андрей Павлович,рядовой,12,44
Захаров Павел Викторович,полковник,5,36
Сидоров Степан Никитич,полковник,8,58
Васильев Матвей Максимович,майор,4,31
Соколов Кирилл Павлович,рядовой,11,60
Соловьёв Роман Викторович,рядовой,12,31
Семёнов Алексей Никитич,прапорщик,7,24
Андреев Павел Никитич,капитан,12,30
Михайлов Роман Викторович,рядовой,11,30
Яковлев Никита Дмитриевич,сержант,9,38
Захаров Сергей Алексеевич,капитан,6,29
Яковлев Михаил Александрович,капитан,11,26
Новиков Егор Дмитриевич,майор,4,24
Макаров Виктор Юрьевич,полковник,3,28
Зайцев Илья Никитич,лейтенант,1,51
Семёнов Егор Александрович,капитан,3,48
Васильев Михаил Алексеевич,лейтенант,1,55
Зайцев Егор Олегович,майор,5,53
Козлов Олег Максимович,прапорщик,10,46
Морозов Матвей Андреевич,прапорщик,9,19
Борисов Евгений Дмитриевич,полковник,6,41
Павлов Степан Андреевич,полковник,4,20
Попов Павел Павлович,прапорщик,9,45
Соловьёв Никита Кириллович,полковник,1,37
Васильев Алексей Олегович,капитан,6,43
Павлов Илья Михайлович,капитан,2,42
Степанов Дмитрий Ильич,рядовой,1,42
Соколов Сергей Кириллович,рядовой,11,34
Попов Михаил Александрович,майор,11,25
Попов Михаил Алексеевич,рядовой,12,35
Смирнов Степан Максимович,сержант,3,39
Орлов Максим Михайлович,майор,2,58
Фёдоров Андрей Викторович,сержант,6,43
Кочергин Роман Иванович,рядовой,12,52
Попов Сергей Сергеевич,прапорщик,2,45
Фёдоров Александр Ильич,лейтенант,1,50
Николаев Евгений Викторович,сержант,6,39
Новиков Константин Андреевич,сержант,10,51
Смирнов Виктор Максимович,рядовой,12,57
Орлов Константин Андреевич,рядовой,1,30
Кузнецов Матвей Максимович,сержант,6,50
Павлов Павел Олегович,лейтенант,5,35
Сидоров Константин Павлович,лейтенант,9,36
Иванов Олег Романович,лейтенант,5,20
Смирнов Степан Иванович,сержант,8,52
Новиков Денис Юрьевич,майор,10,48
Макаров Денис Алексеевич,капитан,3,55
Фёдоров Егор Павлович,капитан,10,20
Козлов Константин Андреевич,майор,3,44
Павлов Никита Алексеевич,полковник,2,19
Семёнов Виктор Романович,полковник,1,34
Степанов Алексей Сергеевич,лейтенант,1,43
Соловьёв Егор Викторович,полковник,8,40
Иванов Сергей Олегович,полковник,7,37
Козлов Максим Ильич,прапорщик,9,23
Яковлев Кирилл Викторович,майор,4,60
Кузнецов Константин Кириллович,рядовой,11,44
Кузнецов Максим Иванович,полковник,12,56
Смирнов Илья Михайлович,майор,11,37
Орлов Константин Викторович,лейтенант,11,53
Петров Иван Дмитриевич,сержант,12,57
Макаров Никита Максимович,майор,2,42
Новиков Олег Иванович,полковник,8,20
Захаров Роман Олегович,рядовой,8,44
Борисов Павел Кириллович,полковник,5,29
Новиков Михаил Романович,прапорщик,6,48
Смирнов Дмитрий Юрьевич,капитан,3,37
Петров Максим Викторович,прапорщик,8,43
Иванов Максим Алексеевич,капитан,4,38
Иванов Юрий Сергеевич,полковник,3,30
Семёнов Илья Викторович,рядовой,5,59
Борисов Артём Дмитриевич,полковник,11,54
Соловьёв Дмитрий Михайлович,полковник,6,26
Иванов Андрей Олегович,майор,9,26
Степанов Максим Михайлович,лейтенант,3,20
Васильев Степан Никитич,прапорщик,8,28
Степанов Евгений Павлович,капитан,8,18
Зайцев Алексей Викторович,капитан,5,36
Никитин Иван Романович,майор,12,32
Михайлов Евгений Романович,рядовой,8,36
Степанов Алексей Юрьевич,сержант,8,51
Кочергин Виктор Олегович,капитан,9,42
Никитин Илья Ильич,сержант,5,29
Борисов Максим Юрьевич,сержант,10,57
Павлов Матвей Максимович,сержант,12,29
Андреев Никита Никитич,капитан,4,59
Зайцев Егор Юрьевич,майор,5,31
Кочергин Никита Павлович,прапорщик,8,55
Степанов Михаил Никитич,полковник,8,25
Орлов Виктор Кириллович,сержант,6,34
Лебедев Андрей Максимович,сержант,12,54
Соколов Егор Ильич,капитан,1,24
Зайцев Алексей Викторович,капитан,10,19
Соловьёв Александр Павлович,прапорщик,3,54
Зайцев Олег Ильич,лейтенант,2,27
Яковлев Максим Александрович,майор,10,55
Зайцев Александр Александрович,сержант,12,54
Кочергин Андрей Ильич,лейтенант,2,40
Захаров Степан Алексеевич,капитан,3,42
Николаев Дмитрий Никитич,капитан,3,51
Соловьёв Юрий Кириллович,капитан,3,28
Козлов Павел Кириллович,сержант,12,54
Николаев Константин Сергеевич,рядовой,7,57
Зайцев Павел Алексеевич,сержант,7,22
Козлов Олег Иванович,сержант,1,39
Алексеев Виктор Сергеевич,капитан,6,49
Зайцев Степан Иванович,рядовой,4,41
Макаров Иван Иванович,рядовой,9,50
Павлов Илья Олегович,прапорщик,2,53
Михайлов Павел Александрович,сержант,10,40
Николаев Денис Романович,майор,2,37
Никитин Павел Сергеевич,рядовой,9,51
Алексеев Иван Сергеевич,майор,9,26
Кочергин Дмитрий Андреевич,полковник,12,38
Морозов Михаил Максимович,сержант,12,25
Морозов Никита Сергеевич,прапорщик,11,40
Борисов Константин Александрович,рядовой,11,42
Макаров Кирилл Олегович,сержант,1,36
Зайцев Виктор Андреевич,полковник,8,46
Иванов Андрей Сергеевич,сержант,8,31
Кузнецов Виктор Викторович,прапорщик,10,57
Никитин Олег Олегович,прапорщик,3,51
Васильев Константин Александрович,рядовой,5,53
Макаров Павел Максимович,прапорщик,6,27
Михайлов Юрий Юрьевич,полковник,10,35
Николаев Александр Иванович,капитан,6,18
Фёдоров Сергей Ильич,рядовой,10,29
Новиков Андрей Максимович,рядовой,11,56
Семёнов Константин Максимович,капитан,12,40
Степанов Артём Михайлович,рядовой,11,19
Лебедев Максим Александрович,полковник,11,25
Васильев Виктор Сергеевич,прапорщик,10,34
Николаев Михаил Максимович,майор,12,50
Васильев Роман Викторович,прапорщик,7,45
Борисов Егор Викторович,майор,2,21
Зайцев Алексей Андреевич,прапорщик,12,48
Новиков Юрий Викторович,майор,6,55
Павлов Никита Дмитриевич,сержант,8,46
Попов Виктор Александрович,сержант,9,46
Захаров Евгений Алексеевич,лейтенант,11,59
Егоров Матвей Павлович,сержант,7,47
Соловьёв Олег Ильич,прапорщик,3,39
Новиков Константин Ильич,прапорщик,8,56
Степанов Денис Павлович,сержант,2,48
Морозов Никита Никитич,рядовой,5,41
Соловьёв Константин Александрович,сержант,6,47
Николаев Евгений Романович,прапорщик,9,40
Михайлов Михаил Викторович,лейтенант,9,59
Васильев Юрий Иванович,прапорщик,4,34
Михайлов Иван Александрович,лейтенант,2,37
Кочергин Виктор Сергеевич,прапорщик,9,42
Захаров Никита Алексеевич,прапорщик,5,27
Лебедев Андрей Никитич,прапорщик,4,20
Михайлов Матвей Михайлович,лейтенант,10,38
Михайлов Дмитрий Павлович,прапорщик,2,35
Лебедев Илья Кириллович,прапорщик,7,37
Соловьёв Алексей Викторович,рядовой,10,48
Андреев Дмитрий Никитич,капитан,5,30
Козлов Матвей Максимович,майор,6,20
Павлов Виктор Дмитриевич,майор,1,30
Фёдоров Иван Максимович,рядовой,2,52
Макаров Андрей Никитич,сержант,8,31
Михайлов Константин Максимович,прапорщик,2,60
Семёнов Сергей Романович,майор,10,56
Макаров Юрий Никитич,лейтенант,5,29
Соколов Константин Юрьевич,рядовой,4,29
Михайлов Юрий Романович,полковник,6,19
Зайцев Евгений Алексеевич,капитан,8,44
Яковлев Евгений Викторович,полковник,5,33
Сидоров Алексей Максимович,капитан,3,47
Морозов Денис Максимович,сержант,9,19
Семёнов Иван Алексеевич,полковник,8,28
Макаров Виктор Дмитриевич,майор,2,40
Никитин Дмитрий Михайлович,капитан,5,37
Сидоров Кирилл Дмитриевич,прапорщик,4,29
Захаров Максим Кириллович,лейтенант,12,59
Кочергин Денис Викторович,рядовой,2,41
Степанов Матвей Кириллович,майор,2,60
Попов Роман Кириллович,полковник,3,46
Борисов Илья Иванович,полковник,9,56
Сидоров Денис Олегович,лейтенант,7,28
Сидоров Роман Сергеевич,полковник,4,51
Васильев Кирилл Дмитриевич,сержант,4,45
Сидоров Егор Дмитриевич,майор,6,20
Попов Юрий Кириллович,майор,10,33
Фёдоров Сергей Никитич,рядовой,12,32
Кузнецов Константин Алексеевич,сержант,7,28
Сидоров Кирилл Романович,майор,1,49
Соловьёв Александр Юрьевич,рядовой,4,41
Егоров Сергей Олегович,майор,6,57
Зайцев Константин Дмитриевич,лейтенант,8,40
Макаров Евгений Викторович,майор,6,36
Сидоров Степан Максимович,прапорщик,7,44
Николаев Юрий Иванович,рядовой,7,25
Лебедев Дмитрий Олегович,майор,10,50
Иванов Павел Иванович,лейтенант,7,49
Зайцев Павел Сергеевич,прапорщик,11,57
Андреев Никита Олегович,прапорщик,4,19
Васильев Сергей Олегович,капитан,8,31
Васильев Кирилл Викторович,рядовой,3,23
Захаров Сергей Андреевич,капитан,8,58
Никитин Александр Михайлович,прапорщик,1,31
Борисов Юрий Ильич,прапорщик,1,29
Захаров Илья Иванович,лейтенант,7,31
Кочергин Матвей Ильич,полковник,5,53
Фёдоров Виктор Олегович,сержант,4,49
Михайлов Степан Никитич,полковник,9,44
Павлов Дмитрий Олегович,прапорщик,5,53
Иванов Иван Дмитриевич,полковник,12,36
Никитин Дмитрий Ильич,капитан,12,58
Никитин Иван Павлович,лейтенант,4,47
Васильев Денис Максимович,капитан,5,22
Макаров Артём Кириллович,сержант,6,48
Новиков Илья Александрович,сержант,3,18
Алексеев Евгений Александрович,рядовой,12,19
Никитин Михаил Алексеевич,полковник,5,29
Сидоров Алексей Никитич,полковник,4,42
Смирнов Егор Сергеевич,капитан,9,26
Степанов Юрий Александрович,полковник,12,28
Борисов Никита Павлович,капитан,11,40
Новиков Матвей Викторович,капитан,10,28
Павлов Павел Ильич,полковник,4,54
Иванов Илья Алексеевич,лейтенант,7,26
Никитин Артём Ильич,лейтенант,2,44
Попов Александр Кириллович,лейтенант,11,47
Новиков Андрей Павлович,полковник,2,44
Макаров Степан Иванович,майор,9,34
Андреев Кирилл Алексеевич,лейтенант,3,50
Никитин Евгений Ильич,майор,4,35
Васильев Дмитрий Олегович,майор,3,26
Иванов Никита Андреевич,майор,6,46
Алексеев Роман Викторович,рядовой,2,43
Борисов Кирилл Кириллович,прапорщик,10,58
Фёдоров Александр Кириллович,полковник,12,33
Новиков Кирилл Кириллович,рядовой,11,53
Попов Евгений Алексеевич,полковник,7,32
Борисов Дмитрий Романович,полковник,1,59
Орлов Александр Кириллович,прапорщик,12,34
Морозов Максим Сергеевич,сержант,3,30
Семёнов Евгений Иванович,прапорщик,11,21
Николаев Андрей Олегович,прапорщик,1,46
Орлов Павел Андреевич,рядовой,9,56
Морозов Михаил Иванович,майор,11,28
Михайлов Андрей Михайлович,капитан,2,38
Николаев Сергей Кириллович,полковник,1,30
Соловьёв Олег Алексеевич,лейтенант,11,40
Михайлов Илья Олегович,рядовой,12,58
Соколов Александр Дмитриевич,сержант,8,19
Васильев Юрий Павлович,лейтенант,3,42
Попов Максим Павлович,лейтенант,11,28
Кузнецов Дмитрий Романович,капитан,1,21
Сидоров Дмитрий Олегович,капитан,5,36
Павлов Алексей Романович,полковник,5,38
Иванов Дмитрий Кириллович,сержант,6,58
Андреев Илья Павлович,полковник,3,19
Новиков Юрий Викторович,рядовой,2,44
Борисов Андрей Кириллович,сержант,2,54
Михайлов Иван Романович,капитан,6,35
Захаров Михаил Иванович,лейтенант,2,52
Захаров Кирилл Сергеевич,прапорщик,2,55
Соловьёв Иван Павлович,полковник,4,44
Михайлов Павел Алексеевич,капитан,9,48
Попов Кирилл Алексеевич,прапорщик,11,60
Борисов Евгений Дмитриевич,рядовой,4,55
Андреев Олег Олегович,полковник,5,55
Соловьёв Матвей Ильич,полковник,11,19
Иванов Матвей Сергеевич,лейтенант,11,50
Соколов Матвей Викторович,капитан,9,48
Зайцев Павел Иванович,рядовой,9,42
Сидоров Илья Юрьевич,полковник,1,22
Смирнов Евгений Никитич,полковник,3,19
Кочергин Артём Никитич,сержант,4,35
Орлов Юрий Юрьевич,прапорщик,3,33
Никитин Никита Сергеевич,полковник,10,21
Петров Сергей Юрьевич,лейтенант,6,50
Яковлев Александр Сергеевич,капитан,5,53
Павлов Дмитрий Михайлович,сержант,6,25
Егоров Никита Олегович,прапорщик,12,23
Зайцев Никита Дмитриевич,полковник,6,36
Новиков Егор Никитич,прапорщик,5,52
Михайлов Сергей Иванович,рядовой,6,37
Иванов Юрий Михайлович,капитан,2,41
Зайцев Константин Ильич,рядовой,4,24
Новиков Олег Михайлович,полковник,4,53
Никитин Юрий Михайлович,прапорщик,2,57
Зайцев Денис Алексеевич,полковник,12,47
Попов Роман Михайлович,полковник,12,59
Семёнов Виктор Дмитриевич,сержант,10,40
Михайлов Алексей Юрьевич,лейтенант,12,50
Соловьёв Матвей Олегович,капитан,2,32
Сидоров Евгений Алексеевич,прапорщик,1,50
Лебедев Олег Иванович,прапорщик,7,55
Васильев Максим Романович,полковник,7,24
Яковлев Андрей Ильич,полковник,3,57
Кузнецов Павел Викторович,лейтенант,3,21
Семёнов Андрей Сергеевич,сержант,5,50
Новиков Матвей Викторович,рядовой,1,36
Лебедев Никита Александрович,полковник,8,56
Макаров Юрий Кириллович,полковник,12,41
Никитин Максим Андреевич,прапорщик,10,20
Николаев Александр Иванович,прапорщик,1,42
Никитин Михаил Павлович,лейтенант,4,56
Лебедев Максим Юрьевич,полковник,7,54
Лебедев Алексей Дмитриевич,майор,2,49
Новиков Сергей Викторович,прапорщик,7,54
Иванов Андрей Олегович,сержант,2,40
Андреев Александр Андреевич,майор,11,27
Соколов Олег Михайлович,рядовой,3,41
Андреев Дмитрий Дмитриевич,капитан,9,51
Николаев Юрий Юрьевич,прапорщик,12,25
Морозов Сергей Александрович,лейтенант,12,38
Сидоров Иван Дмитриевич,рядовой,12,27
Кочергин Матвей Юрьевич,прапорщик,7,59
Семёнов Сергей Кириллович,сержант,1,32
Сидоров Сергей Романович,капитан,7,25
Яковлев Юрий Максимович,капитан,6,23
Степанов Михаил Максимович,сержант,3,44
Андреев Никита Алексеевич,майор,3,50
Михайлов Денис Юрьевич,капитан,4,56
Никитин Степан Андреевич,полковник,8,18
Васильев Сергей Максимович,прапорщик,7,52
Попов Матвей Михайлович,рядовой,9,41
Яковлев Евгений Викторович,сержант,3,19
Кузнецов Сергей Викторович,прапорщик,3,39
Андреев Иван Викторович,лейтенант,5,44
Николаев Михаил Юрьевич,прапорщик,9,54
Петров Роман Александрович,капитан,3,45
Павлов Юрий Александрович,рядовой,9,34
Новиков Максим Никитич,прапорщик,6,30
Попов Матвей Сергеевич,майор,11,38
Соловьёв Дмитрий Сергеевич,лейтенант,2,19
Козлов Константин Ильич,сержант,2,35
Зайцев Денис Олегович,лейтенант,10,57
Егоров Константин Юрьевич,сержант,11,58
Смирнов Иван Сергеевич,капитан,7,58
Зайцев Роман Ильич,прапорщик,12,53
Морозов Степан Максимович,лейтенант,12,37
Васильев Александр Иванович,сержант,12,29
Егоров Олег Романович,капитан,6,21
Орлов Дмитрий Михайлович,прапорщик,9,43
Петров Кирилл Максимович,майор,5,58
Захаров Никита Александрович,сержант,3,34
Яковлев Артём Иванович,майор,2,32
Васильев Максим Павлович,лейтенант,5,45
Лебедев Михаил Сергеевич,прапорщик,1,30
Кочергин Сергей Павлович,полковник,6,29
Петров Денис Андреевич,рядовой,2,54
Кочергин Денис Александрович,капитан,8,25
Николаев Юрий Алексеевич,рядовой,6,32
Сидоров Олег Сергеевич,прапорщик,12,34
Степанов Никита Кириллович,капитан,10,28
Николаев Олег Павлович,сержант,8,23
Степанов Иван Кириллович,прапорщик,6,33
Васильев Павел Михайлович,сержант,8,22
Смирнов Никита Максимович,прапорщик,2,31
Петров Илья Иванович,лейтенант,8,51
Новиков Алексей Никитич,капитан,5,54
Зайцев Максим Юрьевич,полковник,11,30
Яковлев Матвей Ильич,рядовой,7,32
Лебедев Дмитрий Сергеевич,рядовой,7,45
Васильев Сергей Максимович,рядовой,8,46
Морозов Андрей Дмитриевич,полковник,10,36
Егоров Степан Иванович,майор,8,59
Соловьёв Юрий Юрьевич,капитан,2,52
Новиков Максим Викторович,сержант,12,36
Зайцев Максим Романович,майор,7,57
Макаров Алексей Олегович,прапорщик,3,38
Яковлев Константин Павлович,рядовой,11,21
Степанов Евгений Иванович,рядовой,5,56
Зайцев Иван Иванович,майор,8,55
Кузнецов Олег Ильич,капитан,2,49
Соловьёв Артём Иванович,рядовой,2,56
Егоров Виктор Олегович,сержант,11,53
Зайцев Роман Викторович,майор,2,25
Новиков Роман Иванович,полковник,5,20
Егоров Андрей Максимович,капитан,5,25
Кузнецов Артём Алексеевич,прапорщик,8,18
Алексеев Егор Никитич,капитан,3,60
Соловьёв Михаил Александрович,рядовой,3,49
Васильев Илья Сергеевич,лейтенант,7,35
Павлов Андрей Михайлович,капитан,5,49
Макаров Сергей Дмитриевич,сержант,10,30
Андреев Егор Александрович,рядовой,11,20
Захаров Егор Никитич,капитан,11,40
Михайлов Илья Романович,прапорщик,1,50
Борисов Егор Михайлович,капитан,1,29
Смирнов Егор Михайлович,полковник,9,39
Степанов Юрий Кириллович,майор,8,49
Кочергин Дмитрий Викторович,лейтенант,6,38
Попов Артём Юрьевич,прапорщик,5,21
Кочергин Илья Иванович,капитан,4,44
Попов Егор Романович,майор,5,60
Морозов Павел Александрович,полковник,12,47
Орлов Илья Кириллович,капитан,1,34
Петров Михаил Олегович,рядовой,2,41
Васильев Михаил Ильич,прапорщик,11,43
Фёдоров Егор Романович,майор,8,48
Иванов Виктор Сергеевич,полковник,4,52
Кузнецов Михаил Павлович,полковник,8,50
Петров Виктор Викторович,майор,4,57
Орлов Егор Сергеевич,лейтенант,5,46
Андреев Кирилл Викторович,майор,8,35
Яковлев Олег Александрович,капитан,8,26
Михайлов Михаил Викторович,сержант,7,29
Алексеев Андрей Дмитриевич,полковник,10,40
Кузнецов Андрей Кириллович,капитан,6,24
Алексеев Матвей Викторович,прапорщик,8,28
Захаров Юрий Михайлович,прапорщик,7,19
Козлов Александр Сергеевич,сержант,3,19
Лебедев Юрий Романович,лейтенант,2,30
Кузнецов Андрей Юрьевич,майор,12,25
Павлов Олег Михайлович,майор,2,56
Лебедев Олег Никитич,капитан,8,50
Захаров Артём Романович,прапорщик,8,57
Макаров Евгений Андреевич,прапорщик,9,59
Петров Павел Романович,прапорщик,12,51
Зайцев Алексей Дмитриевич,полковник,1,35
Степанов Степан Юрьевич,рядовой,3,41
Михайлов Дмитрий Кириллович,капитан,7,38
Алексеев Сергей Сергеевич,капитан,12,56
Лебедев Евгений Романович,полковник,11,42
Захаров Егор Павлович,прапорщик,12,22
Егоров Степан Викторович,рядовой,8,58
Сидоров Виктор Романович,капитан,8,58
Егоров Павел Алексеевич,капитан,10,36
Захаров Алексей Алексеевич,лейтенант,2,23
Макаров Илья Ильич,лейтенант,8,32
Лебедев Кирилл Дмитриевич,рядовой,3,44
Петров Константин Александрович,сержант,10,48
Павлов Константин Иванович,лейтенант,5,26
Новиков Павел Дмитриевич,лейтенант,1,30
Алексеев Павел Александрович,сержант,11,58
Лебедев Кирилл Юрьевич,капитан,11,35
Лебедев Матвей Кириллович,лейтенант,5,38
Николаев Сергей Никитич,капитан,6,57
Кочергин Артём Романович,прапорщик,3,19
Соколов Максим Кириллович,сержант,7,27
Борисов Сергей Романович,полковник,12,55
Петров Михаил Андреевич,лейтенант,3,60
Соколов Дмитрий Михайлович,капитан,6,53
Васильев Кирилл Александрович,майор,4,29
Кочергин Роман Александрович,лейтенант,10,42
Макаров Юрий Павлович,сержант,8,31
Иванов Александр Сергеевич,лейтенант,12,19
Козлов Роман Олегович,сержант,11,47
Степанов Артём Андреевич,майор,11,25
Фёдоров Иван Александрович,рядовой,9,31
Васильев Сергей Андреевич,полковник,11,36
Васильев Андрей Алексеевич,сержант,11,26
Соколов Денис Сергеевич,майор,11,23
Яковлев Виктор Александрович,майор,1,51
Захаров Сергей Михайлович,прапорщик,1,32
Фёдоров Александр Александрович,майор,1,52
Орлов Матвей Павлович,рядовой,10,27
Соколов Степан Павлович,полковник,9,34
Андреев Роман Максимович,прапорщик,2,32
Новиков Андрей Дмитриевич,майор,10,59
Соколов Никита Сергеевич,капитан,11,49
Павлов Константин Александрович,сержант,11,34
Смирнов Виктор Сергеевич,капитан,11,23
Иванов Юрий Дмитриевич,прапорщик,6,56
Захаров Михаил Никитич,капитан,11,47
Орлов Константин Максимович,рядовой,9,60
Васильев Матвей Олегович,лейтенант,3,60
Попов Виктор Юрьевич,рядовой,11,59
Сидоров Дмитрий Александрович,прапорщик,1,23
Соловьёв Михаил Андреевич,рядовой,5,54
Попов Виктор Романович,капитан,5,37
Яковлев Константин Михайлович,лейтенант,4,43
Смирнов Юрий Олегович,рядовой,12,56
Соколов Александр Павлович,капитан,9,24
Никитин Дмитрий Александрович,сержант,4,23
Соколов Никита Павлович,прапорщик,12,38
Яковлев Сергей Михайлович,сержант,9,45
Степанов Денис Иванович,рядовой,7,22
Никитин Артём Михайлович,сержант,3,54
Соловьёв Дмитрий Михайлович,полковник,2,55
Морозов Алексей Максимович,лейтенант,7,55
Борисов Александр Павлович,рядовой,4,22
Захаров Евгений Олегович,лейтенант,4,22
Соколов Константин Ильич,майор,11,43
Попов Дмитрий Романович,капитан,1,59
Егоров Денис Максимович,сержант,9,53
Соколов Иван Михайлович,сержант,7,52
Макаров Кирилл Александрович,майор,9,20
Сидоров Павел Дмитриевич,сержант,2,26
Михайлов Юрий Максимович,рядовой,11,48
Кузнецов Алексей Юрьевич,сержант,6,53
Соколов Андрей Кириллович,полковник,11,47
Николаев Никита Андреевич,майор,7,48
Соколов Никита Кириллович,прапорщик,1,27
Степанов Юрий Дмитриевич,полковник,1,28
Петров Олег Максимович,полковник,8,30
Кочергин Иван Максимович,рядовой,11,24
Захаров Михаил Алексеевич,рядовой,8,58
Зайцев Степан Иванович,сержант,7,49
Кочергин Денис Александрович,сержант,1,47
Васильев Павел Кириллович,лейтенант,1,21
Захаров Алексей Сергеевич,майор,12,30
Смирнов Степан Юрьевич,лейтенант,9,44
Соловьёв Андрей Олегович,полковник,6,32
Николаев Алексей Иванович,сержант,3,21
Соловьёв Андрей Дмитриевич,рядовой,10,57
Смирнов Иван Ильич,майор,9,52
Зайцев Матвей Романович,лейтенант,9,50
Морозов Александр Кириллович,капитан,4,23
Фёдоров Юрий Андреевич,майор,10,34
Степанов Олег Сергеевич,майор,6,22
Фёдоров Константин Викторович,сержант,5,18
Борисов Олег Максимович,майор,11,55
Новиков Александр Андреевич,прапорщик,10,19
Морозов Юрий Ильич,рядовой,6,51
Попов Матвей Алексеевич,прапорщик,11,46
Васильев Никита Романович,майор,12,55
Яковлев Константин Олегович,капитан,2,29
Семёнов Илья Олегович,полковник,9,42
Смирнов Виктор Олегович,майор,4,59
Орлов Дмитрий Михайлович,полковник,4,50
Андреев Олег Дмитриевич,капитан,3,19
Борисов Максим Дмитриевич,майор,2,25
Соловьёв Иван Максимович,капитан,4,41
Егоров Александр Алексеевич,сержант,5,23
Никитин Евгений Никитич,рядовой,12,33
Фёдоров Дмитрий Никитич,прапорщик,4,49
Васильев Роман Никитич,сержант,5,51
Кочергин Степан Павлович,майор,2,20
Лебедев Сергей Кириллович,прапорщик,7,47
Алексеев Александр Андреевич,рядовой,11,45
Соколов Сергей Михайлович,майор,9,42
Попов Роман Александрович,лейтенант,6,56
Иванов Виктор Кириллович,рядовой,8,41
Павлов Сергей Александрович,майор,2,36
Семёнов Дмитрий Романович,капитан,1,20
Новиков Виктор Андреевич,майор,9,22
Морозов Юрий Алексеевич,рядовой,1,34
Петров Максим Сергеевич,капитан,4,45
Макаров Алексей Олегович,лейтенант,8,31
Макаров Максим Максимович,сержант,12,46
Лебедев Сергей Дмитриевич,полковник,5,49
Павлов Михаил Викторович,прапорщик,11,39
Андреев Степан Павлович,рядовой,2,24
Кузнецов Олег Романович,лейтенант,7,38
Кочергин Степан Алексеевич,майор,8,33
Смирнов Андрей Никитич,полковник,11,34
Яковлев Матвей Алексеевич,рядовой,12,25
Зайцев Александр Максимович,рядовой,1,43
Борисов Александр Дмитриевич,полковник,7,29
Андреев Алексей Александрович,майор,11,26
Егоров Константин Александрович,полковник,8,26
Михайлов Егор Олегович,рядовой,10,45
Зайцев Артём Романович,рядовой,5,59
Фёдоров Артём Никитич,сержант,6,21
Фёдоров Павел Дмитриевич,прапорщик,6,54
Сидоров Алексей Олегович,прапорщик,6,29
Соколов Максим Викторович,полковник,9,31
Соловьёв Матвей Михайлович,сержант,2,30
Степанов Кирилл Олегович,рядовой,3,56
Фёдоров Егор Павлович,прапорщик,4,57
Петров Роман Олегович,полковник,5,51
Попов Егор Викторович,лейтенант,7,26
Николаев Иван Олегович,сержант,11,27
Попов Юрий Михайлович,рядовой,8,20
Орлов Виктор Ильич,прапорщик,3,25
Николаев Алексей Андреевич,капитан,1,53
Захаров Денис Дмитриевич,рядовой,6,20
Егоров Константин Олегович,сержант,5,36
Никитин Сергей Иванович,лейтенант,12,58
Морозов Дмитрий Дмитриевич,рядовой,8,23
Семёнов Евгений Викторович,сержант,1,59
Кочергин Никита Кириллович,рядовой,6,23
Борисов Денис Максимович,рядовой,10,59
Сидоров Денис Алексеевич,майор,10,36
Смирнов Виктор Дмитриевич,сержант,12,23
Сидоров Дмитрий Алексеевич,прапорщик,12,45
Попов Евгений Алексеевич,майор,5,40
Петров Роман Михайлович,капитан,8,32
Егоров Илья Иванович,сержант,11,43
Петров Дмитрий Кириллович,полковник,10,25
Морозов Никита Кириллович,рядовой,8,19
Орлов Егор Алексеевич,сержант,3,44
Петров Дмитрий Романович,лейтенант,12,50
Сидоров Алексей Павлович,полковник,3,24
Захаров Михаил Ильич,капитан,3,36
Соколов Артём Дмитриевич,майор,9,60
Егоров Иван Андреевич,рядовой,9,24
Новиков Павел Иванович,лейтенант,11,25
Павлов Виктор Дмитриевич,майор,8,60
Попов Александр Павлович,полковник,2,35
Степанов Илья Романович,сержант,4,42
Никитин Дмитрий Михайлович,полковник,6,20
Соловьёв Илья Юрьевич,рядовой,1,23
Фёдоров Кирилл Андреевич,прапорщик,3,19
Макаров Юрий Михайлович,майор,7,34
Смирнов Алексей Михайлович,полковник,5,56
Кузнецов Олег Александрович,сержант,7,52
Козлов Матвей Иванович,лейтенант,10,24
Борисов Артём Кириллович,лейтенант,6,29
Новиков Артём Михайлович,майор,5,19
Степанов Андрей Олегович,лейтенант,2,50
Лебедев Денис Михайлович,лейтенант,6,50
Попов Константин Никитич,прапорщик,5,55
Павлов Максим Юрьевич,рядовой,7,60
Морозов Егор Викторович,сержант,10,36
Орлов Кирилл Юрьевич,капитан,7,54
Васильев Кирилл Дмитриевич,сержант,3,40
Николаев Павел Викторович,сержант,1,52
Захаров Дмитрий Иванович,лейтенант,7,45
Семёнов Александр Максимович,сержант,4,22
Сидоров Егор Иванович,прапорщик,12,29
Яковлев Юрий Павлович,майор,2,34
Соловьёв Артём Романович,майор,8,54
Сидоров Никита Максимович,рядовой,4,59
Захаров Егор Кириллович,прапорщик,1,50
Новиков Илья Романович,капитан,7,20
Алексеев Сергей Александрович,сержант,10,26
Лебедев Иван Павлович,прапорщик,5,52
Алексеев Никита Максимович,майор,6,30
Васильев Дмитрий Дмитриевич,капитан,7,42
Михайлов Денис Романович,сержант,2,31
Иванов Артём Викторович,рядовой,9,24
Николаев Александр Максимович,прапорщик,12,31
Михайлов Дмитрий Романович,сержант,7,42
Орлов Юрий Алексеевич,капитан,1,57
Захаров Андрей Александрович,лейтенант,6,36
Сидоров Егор Кириллович,сержант,10,18
Никитин Артём Викторович,сержант,7,57
Смирнов Степан Дмитриевич,лейтенант,5,38
Зайцев Юрий Сергеевич,капитан,3,39
Кузнецов Роман Дмитриевич,сержант,4,47
Соловьёв Дмитрий Иванович,сержант,4,46
Кузнецов Роман Александрович,капитан,1,55
Морозов Денис Алексеевич,лейтенант,6,34
Фёдоров Матвей Михайлович,лейтенант,6,22
Зайцев Денис Михайлович,лейтенант,9,44
Андреев Михаил Алексеевич,прапорщик,11,28
Морозов Матвей Ильич,капитан,4,50
Фёдоров Степан Алексеевич,прапорщик,10,19
Петров Денис Кириллович,капитан,9,37
Соколов Константин Михайлович,майор,5,19
Кузнецов Сергей Павлович,сержант,6,39
Павлов Кирилл Александрович,сержант,4,19
Соловьёв Роман Максимович,майор,6,20
Павлов Денис Александрович,прапорщик,7,40
Степанов Дмитрий Михайлович,полковник,3,51
Михайлов Артём Олегович,сержант,12,34
Егоров Юрий Никитич,рядовой,9,34
Новиков Андрей Ильич,полковник,8,50
Захаров Степан Олегович,капитан,4,54
Егоров Евгений Андреевич,рядовой,1,43
Попов Степан Дмитриевич,сержант,5,32
Егоров Степан Дмитриевич,майор,7,23
Орлов Иван Юрьевич,прапорщик,12,36
Морозов Степан Никитич,прапорщик,11,19
Семёнов Дмитрий Ильич,лейтенант,8,52
Фёдоров Юрий Олегович,капитан,4,40
Павлов Кирилл Дмитриевич,капитан,7,36
Попов Михаил Максимович,прапорщик,3,19
Соколов Андрей Максимович,майор,3,31
Васильев Виктор Ильич,полковник,9,37
Новиков Олег Романович,рядовой,5,43
Васильев Артём Викторович,капитан,8,54
Алексеев Степан Павлович,сержант,9,34
Орлов Юрий Иванович,полковник,12,41
Никитин Денис Михайлович,лейтенант,7,46
Петров Кирилл Юрьевич,майор,4,37
Петров Илья Викторович,лейтенант,9,39
Захаров Никита Ильич,капитан,10,55
Семёнов Кирилл Олегович,прапорщик,1,18
Иванов Виктор Иванович,лейтенант,10,56
Никитин Роман Дмитриевич,прапорщик,9,49
Васильев Евгений Романович,лейтенант,8,43
Морозов Артём Михайлович,майор,8,42
Морозов Иван Сергеевич,полковник,6,47
Козлов Павел Романович,сержант,2,55
Кузнецов Виктор Андреевич,рядовой,5,31
Андреев Илья Юрьевич,рядовой,10,30
Андреев Егор Максимович,лейтенант,10,40
Кочергин Алексей Викторович,майор,3,59
Михайлов Юрий Максимович,майор,4,29
Зайцев Константин Михайлович,капитан,12,50
Егоров Константин Викторович,полковник,8,41
Макаров Алексей Михайлович,лейтенант,9,18
Захаров Дмитрий Юрьевич,рядовой,7,20
Петров Роман Александрович,лейтенант,7,27
Фёдоров Павел Александрович,капитан,6,56
Фёдоров Дмитрий Алексеевич,прапорщик,8,23
Андреев Евгений Дмитриевич,лейтенант,10,47
Иванов Михаил Ильич,лейтенант,2,39
Соловьёв Роман Андреевич,лейтенант,8,56
Смирнов Илья Викторович,сержант,1,47
Кочергин Никита Олегович,капитан,6,42
Кочергин Никита Олегович,майор,12,38
Попов Егор Алексеевич,рядовой,8,59
Попов Виктор Михайлович,капитан,4,49
Соколов Алексей Романович,лейтенант,9,31
Семёнов Егор Ильич,капитан,3,21
Кочергин Олег Олегович,капитан,2,39
Егоров Илья Романович,майор,11,54
Макаров Дмитрий Андреевич,сержант,9,54
Кузнецов Александр Ильич,полковник,1,53
Егоров Максим Никитич,прапорщик,11,44
Макаров Денис Романович,рядовой,4,49
Семёнов Михаил Алексеевич,майор,4,52
Степанов Юрий Никитич,прапорщик,12,60
Кочергин Юрий Романович,сержант,11,25
Соколов Илья Никитич,рядовой,7,30
Захаров Кирилл Михайлович,прапорщик,9,21
Новиков Олег Ильич,капитан,11,44
Козлов Виктор Алексеевич,полковник,9,35
Новиков Кирилл Романович,полковник,10,34
Макаров Кирилл Павлович,капитан,10,31
Кочергин Павел Дмитриевич,капитан,12,45
Алексеев Олег Олегович,полковник,1,39
Петров Илья Ильич,прапорщик,5,48
Иванов Роман Александрович,полковник,12,49
Смирнов Роман Юрьевич,сержант,12,19
Семёнов Виктор Сергеевич,полковник,4,22
Козлов Константин Дмитриевич,полковник,2,33
Захаров Андрей Романович,сержант,9,36
Петров Евгений Максимович,майор,7,31
Попов Денис Алексеевич,капитан,5,55
Степанов Максим Викторович,полковник,1,47
Андреев Павел Иванович,полковник,4,57
Соловьёв Никита Олегович,капитан,9,34
Андреев Олег Кириллович,майор,5,45
Захаров Михаил Павлович,рядовой,6,45
Попов Олег Павлович,сержант,11,30
Кочергин Евгений Алексеевич,лейтенант,6,54
Кузнецов Никита Алексеевич,прапорщик,10,22
Соловьёв Денис Викторович,полковник,8,36
Смирнов Константин Павлович,рядовой,8,27
Фёдоров Юрий Романович,рядовой,8,36
Сидоров Илья Никитич,сержант,3,60
Попов Дмитрий Ильич,майор,3,53
Иванов Алексей Павлович,лейтенант,4,40
Орлов Евгений Дмитриевич,майор,6,58
Васильев Евгений Юрьевич,прапорщик,9,43
Павлов Виктор Юрьевич,лейтенант,5,50
Смирнов Юрий Олегович,сержант,10,36
Петров Илья Дмитриевич,рядовой,5,58
Соколов Андрей Кириллович,капитан,5,46
Попов Матвей Алексеевич,сержант,3,57
Сидоров Михаил Александрович,лейтенант,9,31
Павлов Юрий Андреевич,лейтенант,11,50
Яковлев Никита Никитич,прапорщик,3,24
Захаров Илья Павлович,капитан,4,51
Яковлев Егор Иванович,полковник,11,27
Андреев Константин Викторович,капитан,11,38
Васильев Денис Михайлович,сержант,12,20
Макаров Роман Олегович,капитан,6,22
Фёдоров Олег Викторович,сержант,12,42
Павлов Роман Дмитриевич,полковник,11,59
Петров Степан Олегович,капитан,3,42
Семёнов Евгений Ильич,прапорщик,6,35
Васильев Дмитрий Иванович,сержант,9,42
Сидоров Алексей Иванович,сержант,6,30
Егоров Денис Олегович,лейтенант,1,50
Лебедев Евгений Павлович,прапорщик,6,25
Кузнецов Денис Алексеевич,майор,4,23
Никитин Сергей Романович,полковник,12,55
Егоров Александр Романович,рядовой,12,30
Морозов Евгений Ильич,капитан,4,32
Кочергин Михаил Юрьевич,прапорщик,11,20
Алексеев Егор Максимович,прапорщик,6,37
Петров Кирилл Олегович,рядовой,6,58
Попов Максим Олегович,сержант,7,52
Иванов Степан Андреевич,лейтенант,4,50
Андреев Павел Олегович,майор,12,32
Лебедев Роман Олегович,майор,11,25
Соловьёв Андрей Ильич,полковник,3,41
Никитин Виктор Александрович,сержант,2,48
Андреев Илья Никитич,прапорщик,5,22
Новиков Александр Викторович,капитан,2,50
Васильев Роман Олегович,сержант,3,28
Зайцев Павел Максимович,рядовой,10,23
Лебедев Дмитрий Андреевич,полковник,6,35
Морозов Михаил Алексеевич,лейтенант,12,34
Смирнов Денис Романович,сержант,1,52
Петров Алексей Александрович,рядовой,9,25
Морозов Константин Викторович,лейтенант,7,46
Кочергин Алексей Максимович,прапорщик,2,40
Зайцев Артём Андреевич,лейтенант,8,58
Попов Сергей Андреевич,лейтенант,2,46
Иванов Кирилл Никитич,полковник,10,32
Макаров Алексей Викторович,лейтенант,7,55
Кузнецов Андрей Алексеевич,сержант,9,48
Николаев Дмитрий Викторович,лейтенант,4,56
Павлов Павел Михайлович,майор,12,20
Андреев Матвей Александрович,рядовой,9,18
Смирнов Олег Кириллович,сержант,11,31
Михайлов Роман Павлович,полковник,11,57
Кочергин Кирилл Андреевич,рядовой,5,49
Никитин Сергей Алексеевич,прапорщик,1,58
Михайлов Андрей Павлович,капитан,2,26
Михайлов Илья Иванович,рядовой,11,35
Михайлов Илья Романович,прапорщик,7,51
Морозов Юрий Максимович,сержант,4,44
Алексеев Олег Александрович,капитан,10,22
Борисов Роман Ильич,прапорщик,10,24
Фёдоров Павел Михайлович,сержант,11,56
Степанов Егор Павлович,рядовой,1,24
Семёнов Виктор Дмитриевич,полковник,9,28
Кочергин Егор Иванович,майор,4,54
Зайцев Сергей Андреевич,майор,4,20
Соловьёв Алексей Кириллович,рядовой,11,24
Кочергин Матвей Викторович,рядовой,8,42
Павлов Юрий Викторович,прапорщик,11,57
Соловьёв Максим Романович,сержант,1,55
Яковлев Андрей Никитич,капитан,10,46
Андреев Илья Романович,капитан,2,21
Степанов Егор Кириллович,сержант,7,33
Павлов Роман Юрьевич,капитан,7,47
Новиков Олег Иванович,сержант,11,58
Смирнов Илья Андреевич,рядовой,12,32
Макаров Андрей Алексеевич,сержант,6,32
Семёнов Алексей Андреевич,майор,8,57
Алексеев Александр Кириллович,рядовой,12,20
Яковлев Роман Дмитриевич,майор,4,35
Павлов Иван Дмитриевич,сержант,5,19
Кузнецов Андрей Иванович,полковник,4,50
Козлов Андрей Романович,капитан,5,53
Михайлов Алексей Максимович,рядовой,7,32
Никитин Иван Сергеевич,сержант,1,57
Кузнецов Олег Иванович,рядовой,8,57
Степанов Денис Никитич,прапорщик,6,20
Орлов Юрий Павлович,капитан,8,24
Егоров Михаил Сергеевич,лейтенант,1,24
Андреев Иван Кириллович,прапорщик,10,44
Борисов Степан Юрьевич,сержант,7,33
Смирнов Олег Юрьевич,майор,4,35
Орлов Алексей Александрович,лейтенант,5,57
Иванов Константин Александрович,майор,12,57
Васильев Андрей Никитич,прапорщик,3,56
Никитин Артём Павлович,рядовой,4,38
Сидоров Михаил Ильич,полковник,8,29
Борисов Константин Максимович,рядовой,11,19
Андреев Сергей Дмитриевич,лейтенант,3,23
Соловьёв Егор Михайлович,сержант,9,45
Иванов Алексей Ильич,лейтенант,5,42
Соколов Максим Дмитриевич,сержант,8,27
Яковлев Константин Дмитриевич,полковник,7,39
Попов Константин Михайлович,лейтенант,9,45
Никитин Денис Андреевич,полковник,8,22
Петров Иван Иванович,прапорщик,4,50
Яковлев Юрий Александрович,майор,2,18
Николаев Евгений Олегович,полковник,3,38
Иванов Дмитрий Михайлович,майор,10,19
Козлов Михаил Юрьевич,рядовой,4,44
Захаров Сергей Александрович,майор,1,46
Степанов Михаил Викторович,майор,10,26
Смирнов Евгений Александрович,майор,10,54
Соловьёв Егор Юрьевич,рядовой,4,58
Николаев Павел Ильич,майор,11,26
Павлов Андрей Максимович,полковник,7,34
Морозов Иван Павлович,капитан,3,19
Петров Сергей Максимович,капитан,10,50
Лебедев Никита Юрьевич,рядовой,1,47
Зайцев Дмитрий Александрович,лейтенант,2,56
Васильев Евгений Юрьевич,капитан,12,39
Кочергин Алексей Павлович,сержант,7,35
Макаров Юрий Никитич,лейтенант,4,56
Козлов Дмитрий Андреевич,рядовой,7,44
Морозов Роман Максимович,полковник,9,20
Алексеев Иван Дмитриевич,полковник,8,21
Кочергин Иван Романович,прапорщик,4,52
Фёдоров Алексей Ильич,рядовой,9,56
Яковлев Юрий Юрьевич,лейтенант,4,37
Петров Михаил Дмитриевич,полковник,2,20
Егоров Матвей Никитич,прапорщик,2,33
Морозов Александр Андреевич,майор,1,46
Васильев Иван Кириллович,сержант,3,31
Соколов Михаил Александрович,прапорщик,4,18
Попов Алексей Максимович,прапорщик,5,35
Морозов Евгений Александрович,прапорщик,3,18
Смирнов Степан Андреевич,полковник,2,56
Алексеев Дмитрий Максимович,прапорщик,6,48
Петров Виктор Сергеевич,лейтенант,5,56
Петров Юрий Андреевич,сержант,6,19
Новиков Павел Павлович,лейтенант,9,25
Николаев Евгений Алексеевич,сержант,9,20
Козлов Виктор Юрьевич,рядовой,7,58
Иванов Илья Олегович,майор,7,30
Иванов Евгений Кириллович,полковник,12,57
Макаров Виктор Сергеевич,майор,12,48
Соловьёв Павел Андреевич,капитан,7,33
Михайлов Александр Викторович,капитан,11,41
Егоров Матвей Ильич,лейтенант,3,23
Николаев Юрий Андреевич,рядовой,9,59
Смирнов Олег Ильич,прапорщик,7,60
Лебедев Егор Викторович,прапорщик,12,51
Андреев Сергей Ильич,сержант,8,18
Андреев Никита Дмитриевич,лейтенант,9,56
Макаров Виктор Олегович,капитан,6,53
Иванов Иван Алексеевич,лейтенант,2,44
Орлов Евгений Никитич,капитан,12,57
Сидоров Дмитрий Алексеевич,сержант,3,54
Зайцев Сергей Михайлович,майор,8,44
Фёдоров Никита Олегович,лейтенант,3,59
Никитин Алексей Ильич,сержант,1,46
Новиков Роман Павлович,сержант,1,39
Сидоров Денис Никитич,майор,12,23
Никитин Александр Юрьевич,полковник,11,51
Орлов Алексей Андреевич,капитан,9,35
Соколов Андрей Андреевич,рядовой,4,25
Яковлев Илья Павлович,прапорщик,3,21
Козлов Виктор Александрович,прапорщик,5,24
Алексеев Константин Олегович,капитан,4,34
Сидоров Роман Иванович,рядовой,12,21
Смирнов Виктор Никитич,прапорщик,9,42
Борисов Артём Алексеевич,лейтенант,11,33
Петров Виктор Юрьевич,прапорщик,11,56
Сидоров Матвей Кириллович,рядовой,2,47
Лебедев Евгений Олегович,полковник,10,22
Фёдоров Денис Романович,прапорщик,11,38
Макаров Алексей Александрович,майор,11,49
Михайлов Олег Сергеевич,капитан,4,22
Михайлов Максим Алексеевич,прапорщик,5,41
Попов Роман Ильич,лейтенант,6,48
Петров Андрей Павлович,лейтенант,10,31
Алексеев Павел Павлович,майор,10,25
Яковлев Кирилл Ильич,рядовой,5,46
Соколов Иван Александрович,полковник,12,22
Новиков Роман Сергеевич,майор,3,28
Михайлов Егор Иванович,майор,10,33
Морозов Сергей Максимович,майор,1,56
Семёнов Олег Ильич,капитан,12,59
Егоров Никита Иванович,капитан,4,37
Кузнецов Андрей Ильич,капитан,2,31
Степанов Иван Иванович,сержант,3,34
Николаев Максим Алексеевич,лейтенант,5,43
Новиков Михаил Алексеевич,полковник,4,31
Новиков Степан Кириллович,лейтенант,1,34
Лебедев Константин Олегович,сержант,3,34
Андреев Сергей Михайлович,сержант,12,33
Алексеев Виктор Алексеевич,лейтенант,7,58
Семёнов Юрий Ильич,прапорщик,12,26
Михайлов Евгений Михайлович,майор,5,55
Захаров Сергей Викторович,майор,7,21
Петров Олег Сергеевич,майор,6,47
Орлов Кирилл Павлович,полковник,11,24
Алексеев Матвей Андреевич,сержант,11,50
Захаров Степан Никитич,капитан,10,51
Николаев Алексей Андреевич,капитан,5,20
Смирнов Андрей Максимович,полковник,12,23
Никитин Иван Павлович,полковник,9,26
Козлов Кирилл Андреевич,лейтенант,7,44
Орлов Андрей Дмитриевич,рядовой,5,29
Соколов Павел Ильич,майор,11,47
Соловьёв Роман Дмитриевич,полковник,11,55
Соловьёв Константин Никитич,майор,3,60
Кузнецов Сергей Алексеевич,полковник,4,21
Фёдоров Олег Михайлович,прапорщик,2,19
Петров Евгений Викторович,майор,2,60
Сидоров Егор Иванович,лейтенант,11,59
Соловьёв Максим Павлович,майор,5,37
Лебедев Матвей Максимович,майор,12,49
Алексеев Артём Романович,капитан,8,42
Иванов Максим Иванович,майор,2,53
Фёдоров Матвей Алексеевич,полковник,6,35
Сидоров Матвей Викторович,полковник,7,41
Смирнов Максим Дмитриевич,прапорщик,2,57
Павлов Никита Андреевич,лейтенант,2,45
Соколов Алексей Никитич,лейтенант,6,44
Морозов Роман Романович,прапорщик,6,32
Кочергин Роман Викторович,лейтенант,3,21
Егоров Александр Романович,рядовой,10,21
Соловьёв Кирилл Олегович,сержант,7,44
Соловьёв Максим Дмитриевич,полковник,9,26
Морозов Олег Максимович,рядовой,5,52
Никитин Сергей Викторович,майор,8,23
Сидоров Артём Юрьевич,полковник,12,19
Егоров Матвей Ильич,капитан,5,21
Алексеев Артём Михайлович,рядовой,8,48
Степанов Константин Александрович,лейтенант,12,50
Петров Егор Александрович,майор,1,38
Лебедев Юрий Иванович,сержант,6,32
Новиков Иван Кириллович,рядовой,6,36
Яковлев Роман Кириллович,прапорщик,11,18
Иванов Алексей Андреевич,прапорщик,9,34
Орлов Илья Кириллович,полковник,1,27
Алексеев Михаил Дмитриевич,лейтенант,6,39
Андреев Константин Павлович,рядовой,1,38
Кочергин Иван Олегович,рядовой,8,25
Кузнецов Максим Кириллович,капитан,9,59
Фёдоров Сергей Никитич,майор,3,51
Морозов Олег Викторович,лейтенант,2,35
Никитин Александр Кириллович,лейтенант,3,19
Кузнецов Михаил Максимович,прапорщик,4,32
Петров Дмитрий Сергеевич,майор,12,23
Егоров Матвей Александрович,сержант,12,21
Алексеев Кирилл Юрьевич,лейтенант,12,47
Смирнов Виктор Сергеевич,прапорщик,7,25
Лебедев Кирилл Викторович,сержант,6,47
Николаев Евгений Александрович,майор,3,43
Алексеев Матвей Викторович,капитан,5,44
Никитин Никита Ильич,прапорщик,12,43
Борисов Александр Никитич,лейтенант,2,30
Степанов Денис Алексеевич,полковник,11,60
Орлов Алексей Алексеевич,полковник,5,39
Васильев Юрий Алексеевич,майор,6,33
Морозов Евгений Максимович,майор,9,44
Сидоров Никита Юрьевич,прапорщик,5,40
Смирнов Виктор Викторович,майор,1,56
Фёдоров Сергей Олегович,рядовой,5,30
Макаров Степан Максимович,майор,8,25
Степанов Никита Максимович,рядовой,4,36
Морозов Матвей Кириллович,капитан,4,36
Семёнов Виктор Алексеевич,прапорщик,9,38
Соколов Артём Алексеевич,майор,10,56
Алексеев Артём Михайлович,майор,4,23
Кузнецов Артём Максимович,рядовой,3,56
Степанов Иван Михайлович,прапорщик,11,47
Соколов Алексей Иванович,полковник,11,29
Новиков Максим Никитич,майор,3,33
Кузнецов Кирилл Максимович,майор,8,41
Егоров Виктор Максимович,капитан,10,46
Егоров Евгений Иванович,лейтенант,1,36
Сидоров Кирилл Сергеевич,полковник,1,38
Павлов Роман Юрьевич,капитан,11,21
Иванов Андрей Кириллович,сержант,10,48
Иванов Артём Юрьевич,сержант,3,59
Новиков Никита Дмитриевич,рядовой,7,24
Сидоров Иван Сергеевич,полковник,10,23
Михайлов Александр Павлович,полковник,5,46
Борисов Андрей Викторович,сержант,10,35
Соловьёв Максим Дмитриевич,полковник,5,48
Алексеев Андрей Ильич,прапорщик,5,45
Егоров Степан Романович,лейтенант,9,18
Зайцев Илья Ильич,лейтенант,3,56
Зайцев Сергей Андреевич,полковник,4,39
Попов Александр Романович,полковник,4,34
Кочергин Роман Кириллович,рядовой,12,31
Макаров Олег Алексеевич,лейтенант,4,56
Алексеев Матвей Сергеевич,рядовой,9,32
Семёнов Илья Никитич,майор,12,56
Васильев Дмитрий Кириллович,рядовой,10,25
Семёнов Виктор Михайлович,сержант,1,33
Морозов Максим Дмитриевич,рядовой,12,30
Иванов Александр Михайлович,лейтенант,8,29
Соколов Илья Кириллович,рядовой,4,32
Петров Андрей Викторович,капитан,9,53
Зайцев Константин Алексеевич,прапорщик,9,43
Соколов Дмитрий Андреевич,сержант,5,34
Егоров Олег Иванович,полковник,8,19
Андреев Александр Викторович,сержант,1,59
Макаров Сергей Максимович,майор,10,41
Петров Максим Сергеевич,лейтенант,3,30
Никитин Иван Иванович,прапорщик,8,29
Степанов Михаил Олегович,капитан,5,40
Зайцев Сергей Александрович,сержант,8,51
Соколов Андрей Максимович,майор,2,60
Васильев Олег Максимович,сержант,2,28
Алексеев Максим Дмитриевич,капитан,7,23
Лебедев Константин Викторович,майор,4,19
Николаев Сергей Романович,капитан,12,60
Фёдоров Артём Михайлович,сержант,4,57
Захаров Роман Кириллович,капитан,2,45
Семёнов Дмитрий Юрьевич,полковник,1,23
Соловьёв Степан Романович,майор,8,18
Орлов Егор Юрьевич,капитан,8,38
Соколов Степан Викторович,полковник,8,57
Зайцев Роман Олегович,капитан,7,23
Кочергин Константин Ильич,майор,9,46
Попов Илья Дмитриевич,капитан,12,22
Егоров Степан Никитич,сержант,10,24
Попов Иван Никитич,майор,1,28
Алексеев Константин Александрович,капитан,8,35
Сидоров Матвей Александрович,лейтенант,3,60
Кочергин Олег Михайлович,прапорщик,8,29
Лебедев Максим Павлович,лейтенант,6,45
Фёдоров Максим Никитич,сержант,11,22
Никитин Константин Алексеевич,майор,12,36
Макаров Илья Романович,сержант,11,46
Орлов Виктор Михайлович,полковник,3,53
Попов Артём Дмитриевич,полковник,11,51
Фёдоров Матвей Михайлович,сержант,10,60
Андреев Андрей Максимович,лейтенант,4,22
Алексеев Дмитрий Максимович,полковник,2,30
Петров Сергей Андреевич,сержант,7,26
Новиков Александр Олегович,рядовой,1,45
Захаров Иван Алексеевич,лейтенант,8,22
Андреев Сергей Михайлович,майор,7,26
Козлов Олег Сергеевич,сержант,12,51
Зайцев Олег Андреевич,рядовой,5,25
Кузнецов Андрей Алексеевич,майор,6,44
Фёдоров Дмитрий Юрьевич,лейтенант,2,19
Павлов Виктор Дмитриевич,капитан,6,24
Козлов Константин Сергеевич,прапорщик,9,44
Михайлов Егор Александрович,прапорщик,1,26
Макаров Матвей Романович,майор,4,48
Николаев Кирилл Александрович,капитан,10,60
Михайлов Кирилл Иванович,капитан,5,47
Михайлов Максим Сергеевич,рядовой,5,23
Никитин Константин Викторович,рядовой,11,19
Андреев Иван Олегович,лейтенант,10,29
Козлов Степан Никитич,полковник,7,37
Николаев Олег Олегович,прапорщик,5,21
Борисов Сергей Викторович,майор,7,35
Егоров Юрий Александрович,полковник,10,56
Соловьёв Илья Олегович,майор,9,58
Новиков Илья Иванович,рядовой,6,60
Семёнов Денис Михайлович,рядовой,7,25
Зайцев Сергей Кириллович,прапорщик,10,39
Соколов Алексей Ильич,рядовой,9,45
Петров Сергей Олегович,капитан,6,46
Павлов Роман Александрович,капитан,4,19
Орлов Степан Никитич,капитан,6,31
Кочергин Павел Сергеевич,лейтенант,2,54
Егоров Никита Ильич,полковник,10,45
Макаров Александр Никитич,капитан,6,35
Соколов Артём Романович,рядовой,3,30
Васильев Денис Ильич,лейтенант,4,55
Фёдоров Никита Ильич,лейтенант,3,53
Соловьёв Евгений Павлович,лейтенант,1,26
Орлов Дмитрий Никитич,рядовой,5,46
Андреев Степан Никитич,капитан,11,44
Попов Кирилл Кириллович,лейтенант,5,56
Иванов Иван Олегович,сержант,10,26
Никитин Денис Александрович,майор,10,28
Морозов Олег Ильич,прапорщик,5,37
Николаев Александр Викторович,полковник,5,35
Яковлев Юрий Романович,прапорщик,1,60
Соколов Алексей Юрьевич,лейтенант,5,50
Новиков Виктор Павлович,рядовой,1,42
Иванов Константин Юрьевич,сержант,12,26
Михайлов Дмитрий Романович,прапорщик,2,48
Лебедев Юрий Павлович,капитан,6,46
Яковлев Андрей Максимович,капитан,4,58
Захаров Александр Олегович,сержант,10,52
Лебедев Олег Романович,капитан,10,22
Новиков Сергей Иванович,лейтенант,6,29
Михайлов Виктор Дмитриевич,лейтенант,11,31
Андреев Максим Максимович,полковник,1,58
Андреев Андрей Максимович,рядовой,7,30
Соловьёв Денис Михайлович,рядовой,6,29
Николаев Иван Викторович,рядовой,1,60
Попов Константин Сергеевич,прапорщик,12,28
Смирнов Константин Андреевич,рядовой,7,59
Кузнецов Михаил Максимович,майор,8,60
Сидоров Роман Михайлович,рядовой,5,51
Егоров Кирилл Сергеевич,сержант,3,36
Павлов Виктор Александрович,капитан,6,48
Васильев Евгений Олегович,капитан,9,29
Никитин Алексей Михайлович,капитан,11,49
Борисов Илья Ильич,лейтенант,1,57
Иванов Константин Алексеевич,лейтенант,4,59
Соколов Матвей Андреевич,капитан,10,37
Петров Денис Максимович,сержант,6,20
Кочергин Константин Александрович,лейтенант,10,56
Зайцев Степан Иванович,капитан,4,35
Козлов Егор Павлович,прапорщик,11,45
Захаров Дмитрий Кириллович,рядовой,10,27
Семёнов Матвей Кириллович,рядовой,7,54
Смирнов Дмитрий Романович,майор,1,49
Васильев Андрей Никитич,рядовой,1,59
Андреев Егор Алексеевич,сержант,11,22
Борисов Дмитрий Юрьевич,прапорщик,9,54
Васильев Никита Романович,прапорщик,12,52
Лебедев Максим Викторович,полковник,10,19
Никитин Константин Ильич,прапорщик,12,18
Морозов Егор Павлович,рядовой,5,23
Андреев Юрий Дмитриевич,полковник,9,41
Петров Денис Дмитриевич,майор,12,36
Смирнов Евгений Никитич,лейтенант,3,38
Смирнов Олег Павлович,рядовой,8,42
Фёдоров Илья Андреевич,рядовой,5,47
Захаров Александр Олегович,сержант,10,54
Степанов Алексей Максимович,майор,9,33
Сидоров Алексей Андреевич,рядовой,2,20
Михайлов Денис Александрович,капитан,1,43
Никитин Сергей Ильич,сержант,4,35
Захаров Роман Кириллович,лейтенант,1,42
Андреев Кирилл Романович,прапорщик,8,18
Орлов Виктор Олегович,майор,3,34
Борисов Кирилл Романович,майор,5,55
Николаев Иван Максимович,лейтенант,9,27
Морозов Александр Александрович,майор,6,30
Андреев Степан Ильич,рядовой,1,26
Николаев Михаил Романович,лейтенант,2,27
Зайцев Никита Никитич,сержант,4,47
Михайлов Иван Юрьевич,капитан,12,48
Михайлов Иван Павлович,капитан,12,18
Козлов Константин Иванович,полковник,2,34
Николаев Матвей Юрьевич,лейтенант,11,44
Егоров Максим Иванович,прапорщик,8,36
Макаров Никита Ильич,прапорщик,7,31
Семёнов Юрий Олегович,прапорщик,4,33
Новиков Роман Викторович,рядовой,2,20
Фёдоров Егор Дмитриевич,лейтенант,7,26
Андреев Павел Алексеевич,капитан,12,26
Кузнецов Артём Иванович,майор,1,51
Зайцев Илья Александрович,прапорщик,6,25
Кочергин Юрий Ильич,капитан,3,19
Семёнов Павел Алексеевич,прапорщик,10,47
Захаров Дмитрий Максимович,майор,1,44
Орлов Константин Викторович,прапорщик,10,31
Егоров Артём Олегович,капитан,12,50
Кочергин Алексей Андреевич,лейтенант,8,27
Кочергин Иван Романович,полковник,2,44
Захаров Константин Максимович,лейтенант,11,58
Соколов Андрей Иванович,капитан,8,50
Кочергин Михаил Никитич,сержант,11,39
Алексеев Степан Иванович,полковник,3,25
Кочергин Иван Сергеевич,прапорщик,10,52
Лебедев Кирилл Сергеевич,полковник,5,46
Борисов Артём Максимович,сержант,7,55
Никитин Сергей Алексеевич,майор,4,50
Николаев Денис Алексеевич,прапорщик,3,43
Козлов Юрий Юрьевич,капитан,9,22
Фёдоров Артём Иванович,рядовой,5,30
Алексеев Сергей Романович,лейтенант,10,18
Алексеев Егор Андреевич,капитан,4,56
Лебедев Роман Максимович,рядовой,12,18
Орлов Виктор Александрович,рядовой,9,32
Алексеев Егор Андреевич,сержант,12,28
Павлов Евгений Ильич,сержант,10,46
Попов Матвей Иванович,майор,1,33
Соловьёв Андрей Сергеевич,прапорщик,11,32
Зайцев Виктор Максимович,сержант,6,58
Фёдоров Дмитрий Александрович,полковник,11,37
Соловьёв Андрей Максимович,прапорщик,5,42
Николаев Евгений Михайлович,майор,8,47
Кочергин Кирилл Иванович,лейтенант,6,33
Захаров Никита Никитич,полковник,8,36
Смирнов Артём Кириллович,прапорщик,9,18
Егоров Максим Михайлович,лейтенант,1,25
Козлов Иван Алексеевич,прапорщик,8,36
Павлов Артём Дмитриевич,сержант,11,43
Егоров Максим Сергеевич,лейтенант,12,45
Попов Юрий Максимович,капитан,6,32
Андреев Александр Павлович,прапорщик,12,26
Козлов Иван Викторович,лейтенант,3,49
Павлов Илья Андреевич,сержант,10,32
Морозов Михаил Алексеевич,майор,1,58
Семёнов Егор Никитич,рядовой,1,26
Фёдоров Никита Викторович,полковник,10,34
Петров Андрей Кириллович,полковник,2,58
Козлов Дмитрий Дмитриевич,лейтенант,5,28
Кузнецов Кирилл Дмитриевич,прапорщик,12,26
Алексеев Илья Юрьевич,майор,10,23
Петров Денис Олегович,полковник,7,51
Попов Михаил Сергеевич,лейтенант,1,40
Павлов Дмитрий Викторович,лейтенант,9,48
Борисов Евгений Викторович,капитан,9,31
Николаев Роман Никитич,рядовой,3,33
Яковлев Олег Иванович,сержант,3,50
Петров Артём Юрьевич,лейтенант,10,37
Макаров Илья Алексеевич,полковник,6,54
Орлов Юрий Юрьевич,майор,2,46
Михайлов Алексей Максимович,рядовой,6,43
Захаров Артём Викторович,капитан,2,20
Борисов Юрий Иванович,рядовой,3,37
Зайцев Артём Сергеевич,капитан,6,48
Степанов Артём Михайлович,капитан,10,22
Кочергин Андрей Романович,рядовой,12,26
Борисов Егор Ильич,лейтенант,11,35
Семёнов Андрей Сергеевич,лейтенант,4,24
Сидоров Максим Никитич,лейтенант,12,29
Сидоров Александр Романович,рядовой,9,34
Захаров Артём Иванович,рядовой,1,30
Кочергин Никита Дмитриевич,капитан,2,23
Егоров Павел Викторович,полковник,12,58
Соколов Михаил Александрович,рядовой,12,24
Орлов Никита Михайлович,лейтенант,4,33
Николаев Константин Юрьевич,прапорщик,6,48
Михайлов Степан Дмитриевич,лейтенант,3,38
Егоров Степан Павлович,майор,5,37
Яковлев Матвей Олегович,капитан,3,26
Андреев Михаил Дмитриевич,майор,3,54
Захаров Егор Павлович,лейтенант,9,38
Козлов Павел Ильич,майор,9,23
Новиков Степан Дмитриевич,лейтенант,12,27
Фёдоров Сергей Сергеевич,сержант,8,38
Степанов Алексей Александрович,майор,12,50
Соловьёв Виктор Дмитриевич,сержант,9,20
Иванов Сергей Ильич,прапорщик,10,50
Андреев Роман Кириллович,лейтенант,11,29
Иванов Александр Дмитриевич,лейтенант,4,21
Алексеев Кирилл Юрьевич,полковник,9,52
Смирнов Иван Алексеевич,прапорщик,2,24
Кузнецов Максим Дмитриевич,сержант,9,45
Козлов Евгений Андреевич,майор,6,50
Петров Виктор Алексеевич,рядовой,7,36
Сидоров Михаил Ильич,сержант,4,42
Орлов Олег Александрович,рядовой,2,33
Захаров Александр Михайлович,капитан,5,48
Яковлев Павел Юрьевич,рядовой,7,45
Лебедев Роман Ильич,полковник,4,47
Кочергин Сергей Павлович,рядовой,9,56
Степанов Матвей Викторович,капитан,11,21
Кочергин Денис Кириллович,полковник,8,34
Макаров Павел Сергеевич,майор,9,45
Николаев Евгений Павлович,майор,1,58
Иванов Иван Андреевич,полковник,8,35
Сидоров Дмитрий Ильич,сержант,4,28
Егоров Денис Сергеевич,рядовой,5,41
Новиков Илья Алексеевич,майор,2,43
Сидоров Михаил Романович,капитан,6,46
Борисов Олег Юрьевич,майор,4,57
Захаров Евгений Ильич,рядовой,3,25
Соколов Виктор Олегович,рядовой,12,58
Яковлев Александр Максимович,капитан,5,23
Николаев Дмитрий Никитич,прапорщик,2,47
Петров Матвей Павлович,майор,6,18
Яковлев Артём Максимович,лейтенант,10,56
Соловьёв Дмитрий Алексеевич,прапорщик,11,53
Козлов Максим Сергеевич,полковник,5,37
Попов Степан Михайлович,полковник,12,36
Яковлев Егор Максимович,прапорщик,7,19
Петров Илья Алексеевич,рядовой,3,40
Попов Павел Максимович,прапорщик,5,50
Андреев Виктор Дмитриевич,полковник,8,19
Сидоров Максим Олегович,полковник,11,59
Кузнецов Юрий Ильич,сержант,2,41
Зайцев Виктор Кириллович,сержант,1,25
Лебедев Михаил Александрович,капитан,3,21
Степанов Константин Кириллович,капитан,1,40
Сидоров Артём Никитич,сержант,2,22
Михайлов Никита Романович,рядовой,11,27
Андреев Илья Сергеевич,прапорщик,11,29
Фёдоров Степан Дмитриевич,прапорщик,10,34
Орлов Михаил Александрович,майор,2,25
Борисов Никита Романович,полковник,1,26
Васильев Дмитрий Романович,рядовой,6,18
Новиков Виктор Романович,капитан,3,41
Семёнов Константин Юрьевич,прапорщик,10,58
Новиков Александр Александрович,сержант,1,42
Петров Степан Ильич,полковник,6,32
Семёнов Сергей Ильич,лейтенант,8,45
Михайлов Виктор Максимович,капитан,8,19
Новиков Дмитрий Олегович,полковник,7,41
Иванов Александр Романович,прапорщик,11,43
Егоров Константин Максимович,рядовой,8,51
Михайлов Алексей Михайлович,полковник,2,36
Алексеев Андрей Викторович,сержант,5,42
Орлов Сергей Андреевич,рядовой,4,21
Павлов Егор Иванович,лейтенант,12,58
Козлов Андрей Дмитриевич,лейтенант,4,32
Лебедев Михаил Дмитриевич,лейтенант,8,53
Смирнов Максим Алексеевич,рядовой,10,49
Кочергин Степан Ильич,прапорщик,1,34
Попов Евгений Максимович,лейтенант,4,56
Соколов Павел Ильич,капитан,10,54
Попов Евгений Павлович,майор,8,41
Егоров Евгений Юрьевич,рядовой,1,50
Лебедев Артём Павлович,рядовой,7,23
Новиков Константин Андреевич,капитан,9,33
Алексеев Алексей Дмитриевич,лейтенант,10,20
Павлов Матвей Юрьевич,майор,8,40
Алексеев Константин Максимович,сержант,11,34
Алексеев Константин Никитич,капитан,10,50
Морозов Кирилл Александрович,полковник,8,27
Иванов Илья Алексеевич,сержант,10,28
Смирнов Артём Алексеевич,капитан,7,44
Козлов Матвей Ильич,капитан,2,19
Соловьёв Иван Михайлович,майор,8,42
Соловьёв Андрей Романович,прапорщик,3,43
Сидоров Никита Юрьевич,капитан,11,40
Соколов Александр Дмитриевич,капитан,12,30
Никитин Виктор Олегович,капитан,9,53
Морозов Матвей Алексеевич,прапорщик,6,50
Яковлев Виктор Дмитриевич,лейтенант,9,46
Степанов Юрий Михайлович,сержант,8,44
Смирнов Евгений Алексеевич,сержант,2,53
Новиков Дмитрий Никитич,полковник,1,48
Макаров Денис Ильич,лейтенант,4,37
Андреев Сергей Иванович,лейтенант,12,32
Борисов Дмитрий Никитич,полковник,11,35
Козлов Кирилл Александрович,прапорщик,4,51
Степанов Виктор Викторович,полковник,7,18
Кочергин Виктор Дмитриевич,рядовой,10,41
Козлов Сергей Иванович,прапорщик,5,23
Андреев Кирилл Алексеевич,полковник,12,23
Зайцев Денис Кириллович,лейтенант,6,33
Егоров Кирилл Ильич,майор,4,47
Петров Денис Ильич,майор,7,48
Сидоров Олег Иванович,прапорщик,4,43
Егоров Виктор Максимович,полковник,8,38
Яковлев Константин Дмитриевич,майор,10,44
Фёдоров Юрий Олегович,сержант,11,50
Смирнов Кирилл Викторович,рядовой,4,30
Степанов Артём Андреевич,майор,8,38
Смирнов Олег Иванович,майор,10,48
Новиков Матвей Никитич,прапорщик,8,28
Алексеев Михаил Ильич,прапорщик,1,39
Лебедев Михаил Олегович,рядовой,8,34
Козлов Степан Юрьевич,полковник,7,54
Андреев Сергей Александрович,капитан,8,36
Андреев Константин Павлович,лейтенант,7,52
Козлов Константин Юрьевич,майор,2,29
Орлов Никита Олегович,рядовой,11,23
Смирнов Виктор Михайлович,лейтенант,3,24
Михайлов Артём Кириллович,сержант,11,25
Лебедев Константин Кириллович,лейтенант,7,53
Захаров Степан Алексеевич,рядовой,5,41
Петров Роман Павлович,прапорщик,3,56
Никитин Виктор Олегович,капитан,2,34
Михайлов Андрей Дмитриевич,капитан,1,21
Зайцев Кирилл Никитич,майор,6,51
Соловьёв Илья Сергеевич,рядовой,4,46
Егоров Роман Иванович,рядовой,11,56
Иванов Сергей Юрьевич,майор,3,22
Захаров Сергей Андреевич,капитан,1,19
Козлов Иван Олегович,сержант,8,19
Борисов Павел Дмитриевич,полковник,10,22
Новиков Виктор Ильич,сержант,2,42
Никитин Никита Алексеевич,сержант,4,46
Зайцев Никита Романович,лейтенант,2,59
Захаров Степан Олегович,майор,6,46
Орлов Илья Олегович,капитан,8,45
Попов Иван Кириллович,майор,12,18
Степанов Егор Александрович,майор,1,30
Кузнецов Степан Кириллович,сержант,8,33
Андреев Иван Викторович,лейтенант,5,22
Зайцев Павел Иванович,полковник,6,38
Алексеев Сергей Павлович,лейтенант,9,24
Морозов Евгений Ильич,полковник,7,22
Алексеев Олег Михайлович,прапорщик,7,60
Соколов Александр Романович,майор,1,42
Орлов Сергей Олегович,майор,11,57
Фёдоров Виктор Михайлович,майор,3,59
Андреев Иван Сергеевич,лейтенант,2,50
Захаров Кирилл Максимович,рядовой,9,29
Морозов Павел Сергеевич,майор,4,46
Егоров Егор Михайлович,прапорщик,9,45
Васильев Виктор Ильич,рядовой,6,45
Захаров Егор Никитич,сержант,3,51
Захаров Константин Александрович,рядовой,3,58
Орлов Юрий Иванович,полковник,9,30
Петров Олег Иванович,майор,12,44
Кузнецов Егор Юрьевич,полковник,8,37
Соловьёв Дмитрий Викторович,полковник,7,43
Петров Максим Алексеевич,капитан,5,34
Орлов Егор Иванович,майор,4,30
Козлов Матвей Михайлович,рядовой,4,33
Орлов Константин Кириллович,прапорщик,3,40
Павлов Александр Дмитриевич,лейтенант,9,47
Сидоров Дмитрий Олегович,майор,1,37
Новиков Артём Викторович,лейтенант,9,32
Соколов Александр Андреевич,прапорщик,4,36
Никитин Матвей Александрович,полковник,12,20
Семёнов Дмитрий Павлович,лейтенант,10,59
Алексеев Максим Романович,сержант,7,32
Николаев Юрий Никитич,капитан,9,20
Фёдоров Михаил Никитич,майор,9,32
Соловьёв Виктор Михайлович,рядовой,12,59
Васильев Юрий Викторович,капитан,7,18
Егоров Иван Михайлович,майор,8,34
Попов Егор Никитич,прапорщик,12,42
Смирнов Юрий Максимович,полковник,8,43
Орлов Артём Дмитриевич,капитан,8,29
Егоров Олег Александрович,майор,1,53
Андреев Артём Никитич,майор,1,51
Смирнов Сергей Дмитриевич,капитан,2,43
Кузнецов Роман Дмитриевич,рядовой,10,55
Зайцев Михаил Дмитриевич,прапорщик,12,58
Петров Александр Алексеевич,полковник,4,59
Петров Кирилл Юрьевич,сержант,12,50
Павлов Никита Михайлович,полковник,9,45
Захаров Константин Александрович,полковник,3,20
Соловьёв Артём Максимович,сержант,1,35
Петров Максим Ильич,прапорщик,8,47
Николаев Сергей Юрьевич,прапорщик,10,24
Зайцев Степан Андреевич,прапорщик,4,42
Петров Артём Александрович,капитан,7,19
Макаров Александр Андреевич,сержант,6,28
Орлов Денис Алексеевич,лейтенант,6,39
Кузнецов Никита Кириллович,лейтенант,7,29
Егоров Константин Алексеевич,полковник,5,55
Алексеев Илья Александрович,майор,9,42
Макаров Константин Никитич,сержант,9,32
Петров Максим Дмитриевич,рядовой,7,54
Васильев Павел Никитич,полковник,1,47
Кочергин Константин Максимович,лейтенант,1,56
Новиков Денис Олегович,капитан,11,57
Николаев Матвей Максимович,прапорщик,1,51
Попов Денис Дмитриевич,сержант,12,51
Сидоров Дмитрий Андреевич,сержант,9,31
Андреев Александр Андреевич,прапорщик,8,45
Егоров Илья Романович,капитан,8,46
Зайцев Евгений Олегович,лейтенант,9,27
Кузнецов Виктор Максимович,полковник,11,51
Михайлов Егор Андреевич,капитан,8,37
Яковлев Иван Андреевич,майор,5,46
Николаев Юрий Дмитриевич,капитан,12,18
Кочергин Юрий Никитич,сержант,4,54
Морозов Сергей Павлович,майор,8,41
Захаров Илья Дмитриевич,майор,6,27
Егоров Михаил Дмитриевич,прапорщик,8,21
Николаев Юрий Иванович,прапорщик,5,38
Яковлев Евгений Ильич,лейтенант,10,32
Морозов Евгений Павлович,майор,10,38
Семёнов Юрий Максимович,майор,9,46
Алексеев Иван Кириллович,лейтенант,2,22
Орлов Сергей Михайлович,сержант,2,26
Фёдоров Денис Кириллович,лейтенант,1,23
Петров Алексей Сергеевич,прапорщик,8,18
Новиков Егор Александрович,полковник,10,52
Смирнов Александр Кириллович,прапорщик,6,57
Кочергин Степан Ильич,прапорщик,2,42
Иванов Никита Андреевич,прапорщик,12,50
Орлов Матвей Олегович,прапорщик,4,55
Михайлов Андрей Ильич,рядовой,7,24
Яковлев Юрий Иванович,рядовой,10,25
Яковлев Матвей Олегович,рядовой,5,53
Васильев Андрей Олегович,прапорщик,3,59
Иванов Константин Максимович,майор,1,29
Зайцев Алексей Андреевич,полковник,4,52
Михайлов Олег Павлович,лейтенант,9,38
Никитин Никита Иванович,прапорщик,12,38
Козлов Константин Павлович,капитан,4,55
Зайцев Сергей Викторович,капитан,10,22
Алексеев Илья Иванович,рядовой,9,33
Кузнецов Роман Иванович,сержант,8,51
Павлов Андрей Дмитриевич,лейтенант,12,25
Соловьёв Никита Олегович,полковник,12,53
Козлов Дмитрий Павлович,майор,5,43
Иванов Кирилл Андреевич,рядовой,3,23
Кузнецов Иван Романович,полковник,1,59
Новиков Кирилл Иванович,лейтенант,3,48
Андреев Иван Викторович,прапорщик,1,35
Сидоров Роман Викторович,майор,8,39
Андреев Максим Дмитриевич,полковник,4,39
Васильев Иван Михайлович,сержант,8,56
Козлов Кирилл Максимович,лейтенант,10,46
Егоров Александр Сергеевич,прапорщик,2,39
Николаев Павел Никитич,лейтенант,7,57
Николаев Егор Иванович,сержант,3,26
Андреев Роман Кириллович,рядовой,4,31
Морозов Егор Викторович,майор,12,39
Попов Максим Андреевич,капитан,9,28
Морозов Кирилл Олегович,сержант,11,43
Яковлев Максим Ильич,майор,9,42
Никитин Евгений Алексеевич,сержант,10,48
Андреев Иван Алексеевич,сержант,5,20
Морозов Илья Сергеевич,сержант,4,49
Фёдоров Артём Никитич,сержант,9,37
Степанов Виктор Алексеевич,прапорщик,7,54
Николаев Илья Михайлович,капитан,9,21
Смирнов Павел Иванович,лейтенант,6,40
Макаров Юрий Максимович,рядовой,3,30
Орлов Александр Иванович,рядовой,1,18
Захаров Денис Алексеевич,прапорщик,3,50
Морозов Сергей Александрович,рядовой,4,50
Степанов Алексей Олегович,сержант,4,55
Алексеев Степан Дмитриевич,сержант,5,27
Павлов Денис Иванович,лейтенант,12,28
Зайцев Кирилл Юрьевич,полковник,11,56
Лебедев Евгений Викторович,прапорщик,11,59
Захаров Андрей Алексеевич,прапорщик,11,55
Макаров Егор Павлович,полковник,8,34
Козлов Дмитрий Никитич,сержант,5,47
Захаров Денис Кириллович,прапорщик,1,28
Соколов Алексей Романович,рядовой,6,28
Никитин Михаил Алексеевич,сержант,6,58
Попов Сергей Павлович,майор,9,57
Павлов Роман Михайлович,лейтенант,2,35
Сидоров Никита Ильич,сержант,5,26
Козлов Степан Михайлович,прапорщик,2,56
Егоров Андрей Андреевич,прапорщик,9,53
Соловьёв Матвей Михайлович,полковник,2,18
Михайлов Егор Иванович,полковник,9,54
Васильев Алексей Михайлович,капитан,8,59
Фёдоров Константин Романович,рядовой,3,34
Алексеев Роман Романович,капитан,4,55
Соловьёв Роман Никитич,полковник,7,56
Кузнецов Андрей Юрьевич,рядовой,11,29
Васильев Артём Александрович,майор,9,42
Макаров Алексей Юрьевич,лейтенант,1,20
Сидоров Роман Максимович,сержант,8,31
Васильев Юрий Сергеевич,прапорщик,9,40
Макаров Дмитрий Михайлович,майор,2,21
Морозов Михаил Ильич,прапорщик,2,60
Лебедев Павел Кириллович,прапорщик,4,47
Алексеев Никита Иванович,сержант,11,53
Михайлов Илья Ильич,прапорщик,11,30
Иванов Артём Иванович,прапорщик,5,39
Павлов Максим Кириллович,рядовой,10,54
Николаев Алексей Никитич,полковник,1,20
Фёдоров Максим Юрьевич,майор,8,20
Смирнов Дмитрий Александрович,прапорщик,10,42
Сидоров Егор Викторович,прапорщик,7,54
Новиков Илья Романович,майор,4,23
Павлов Юрий Дмитриевич,прапорщик,3,38
Иванов Юрий Андреевич,майор,5,57
Захаров Сергей Олегович,рядовой,1,39
Кузнецов Евгений Александрович,рядовой,1,39
Николаев Кирилл Максимович,прапорщик,1,49
Соловьёв Артём Алексеевич,полковник,4,20
Егоров Дмитрий Юрьевич,лейтенант,4,18
Кочергин Дмитрий Кириллович,прапорщик,2,29
Фёдоров Дмитрий Юрьевич,лейтенант,8,38
Новиков Матвей Иванович,полковник,12,23
Козлов Олег Андреевич,сержант,4,34
Борисов Юрий Никитич,капитан,1,47
Макаров Иван Никитич,майор,4,39
Никитин Роман Михайлович,прапорщик,7,22
Лебедев Юрий Павлович,сержант,12,54
Павлов Олег Сергеевич,капитан,3,35
Андреев Егор Алексеевич,лейтенант,12,42
Кузнецов Алексей Никитич,полковник,12,26
Алексеев Павел Викторович,сержант,11,51
Соловьёв Максим Андреевич,сержант,10,31
Сидоров Степан Алексеевич,сержант,4,39
Николаев Юрий Сергеевич,рядовой,11,31
Орлов Сергей Ильич,прапорщик,3,43
Николаев Алексей Сергеевич,рядовой,1,36
Яковлев Сергей Никитич,полковник,2,42
Кочергин Сергей Дмитриевич,прапорщик,8,55
Яковлев Максим Юрьевич,рядовой,9,58
Фёдоров Иван Андреевич,сержант,1,25
Морозов Егор Романович,лейтенант,5,50
Новиков Иван Никитич,лейтенант,10,30
Иванов Михаил Андреевич,сержант,4,23
Васильев Матвей Максимович,сержант,3,34
Петров Иван Максимович,капитан,3,48
Никитин Алексей Максимович,полковник,1,30
Попов Матвей Александрович,сержант,12,46
Макаров Константин Олегович,прапорщик,9,55
Новиков Кирилл Александрович,капитан,7,32
Сидоров Виктор Андреевич,прапорщик,7,24
Кочергин Юрий Олегович,капитан,12,59
Андреев Юрий Михайлович,лейтенант,9,22
Захаров Дмитрий Романович,рядовой,12,34
Васильев Матвей Александрович,лейтенант,9,35
Васильев Кирилл Александрович,рядовой,3,24
Орлов Роман Дмитриевич,майор,7,59
Борисов Михаил Олегович,рядовой,5,49
Захаров Иван Олегович,полковник,7,53
Семёнов Егор Юрьевич,лейтенант,5,48
Захаров Андрей Иванович,прапорщик,4,19
Сидоров Никита Олегович,лейтенант,1,43
Васильев Александр Алексеевич,сержант,6,53
Семёнов Александр Олегович,лейтенант,3,44
Смирнов Константин Михайлович,капитан,11,59
Алексеев Денис Сергеевич,лейтенант,10,50
Фёдоров Егор Юрьевич,прапорщик,11,35
Петров Евгений Дмитриевич,сержант,5,56
Орлов Олег Михайлович,майор,10,22
Михайлов Илья Александрович,полковник,10,28
Степанов Михаил Романович,прапорщик,6,19
Кузнецов Константин Алексеевич,майор,5,48
Семёнов Илья Максимович,рядовой,3,33
Егоров Юрий Михайлович,майор,7,33
Козлов Роман Александрович,майор,2,41
Иванов Павел Максимович,майор,11,18
Егоров Матвей Александрович,майор,11,35
Соколов Матвей Ильич,полковник,8,55
Лебедев Сергей Иванович,майор,3,21
Семёнов Дмитрий Олегович,прапорщик,6,19
Попов Артём Олегович,прапорщик,7,18
Фёдоров Сергей Дмитриевич,лейтенант,10,19
Макаров Александр Ильич,прапорщик,5,25
Новиков Михаил Сергеевич,рядовой,10,58
Яковлев Роман Кириллович,майор,8,38
Николаев Михаил Ильич,капитан,7,21
Козлов Илья Викторович,сержант,5,43
Николаев Илья Дмитриевич,рядовой,9,26
Соловьёв Илья Дмитриевич,майор,3,55
Соколов Алексей Сергеевич,капитан,7,45
Новиков Кирилл Кириллович,прапорщик,12,52
Морозов Александр Олегович,майор,12,39
Захаров Матвей Александрович,прапорщик,5,20
Лебедев Андрей Никитич,капитан,1,54
Егоров Денис Иванович,прапорщик,1,49
Борисов Денис Павлович,капитан,4,44
Сидоров Евгений Павлович,рядовой,10,60
Павлов Кирилл Павлович,рядовой,4,27
Кочергин Евгений Михайлович,лейтенант,1,38
Борисов Матвей Викторович,майор,5,21
Васильев Виктор Никитич,рядовой,9,34
Новиков Матвей Олегович,прапорщик,3,60
Новиков Максим Олегович,майор,10,33
Кузнецов Алексей Юрьевич,рядовой,3,34
Сидоров Максим Кириллович,лейтенант,1,18
Орлов Дмитрий Сергеевич,сержант,5,57
Соловьёв Евгений Викторович,прапорщик,5,46
Никитин Илья Ильич,капитан,12,44
Сидоров Дмитрий Иванович,сержант,11,60
Алексеев Иван Максимович,прапорщик,12,22
Михайлов Сергей Юрьевич,полковник,11,46
Васильев Сергей Кириллович,сержант,3,26
Михайлов Юрий Ильич,прапорщик,4,28
Соколов Максим Максимович,полковник,10,52
Фёдоров Никита Викторович,капитан,12,55
Зайцев Виктор Иванович,прапорщик,11,48
Михайлов Евгений Иванович,лейтенант,2,60
Орлов Константин Дмитриевич,сержант,8,44
Зайцев Денис Ильич,майор,10,38
Лебедев Сергей Никитич,капитан,5,49
Соловьёв Никита Дмитриевич,полковник,1,38
Егоров Денис Дмитриевич,полковник,11,33
Сидоров Олег Кириллович,майор,8,56
Николаев Константин Ильич,капитан,7,37
Егоров Кирилл Кириллович,рядовой,11,52
Михайлов Максим Алексеевич,капитан,10,36
Макаров Роман Дмитриевич,прапорщик,3,28
Николаев Алексей Романович,прапорщик,3,34
Фёдоров Евгений Иванович,лейтенант,11,55
Егоров Денис Павлович,полковник,5,54
Козлов Максим Максимович,прапорщик,9,54
Борисов Константин Алексеевич,лейтенант,9,27
Макаров Дмитрий Юрьевич,прапорщик,8,38
Лебедев Евгений Викторович,капитан,1,25
Кузнецов Илья Иванович,прапорщик,10,22
Сидоров Кирилл Романович,лейтенант,3,53
Васильев Артём Алексеевич,лейтенант,7,55
Кочергин Никита Иванович,лейтенант,1,37
Соловьёв Виктор Иванович,капитан,8,49
Кочергин Егор Кириллович,сержант,12,52
Захаров Денис Александрович,капитан,3,24
Морозов Денис Олегович,капитан,4,25
Соловьёв Виктор Алексеевич,сержант,4,34
Соловьёв Никита Дмитриевич,рядовой,6,46
Захаров Михаил Юрьевич,майор,7,21
Андреев Алексей Максимович,полковник,8,51
Петров Никита Романович,капитан,4,44
Петров Дмитрий Александрович,рядовой,8,41
Попов Евгений Дмитриевич,капитан,3,32
Орлов Максим Максимович,прапорщик,7,51
Егоров Константин Кириллович,полковник,6,49
Васильев Александр Юрьевич,майор,10,29
Борисов Денис Сергеевич,прапорщик,10,18
Васильев Илья Дмитриевич,прапорщик,6,36
Павлов Алексей Александрович,майор,11,26
Зайцев Егор Викторович,сержант,7,28
Михайлов Артём Дмитриевич,майор,1,60
Козлов Виктор Андреевич,сержант,7,54
Васильев Дмитрий Викторович,капитан,8,45
Иванов Роман Олегович,лейтенант,9,31
Петров Илья Андреевич,рядовой,10,60
Орлов Дмитрий Андреевич,сержант,2,32
Козлов Павел Олегович,лейтенант,7,29
Соколов Денис Викторович,рядовой,1,51
Морозов Виктор Юрьевич,рядовой,7,43
Андреев Дмитрий Кириллович,сержант,12,49
Алексеев Сергей Андреевич,сержант,10,59
Морозов Дмитрий Андреевич,рядовой,8,46
Орлов Роман Дмитриевич,майор,12,25
Алексеев Кирилл Романович,прапорщик,1,34
Соколов Константин Иванович,майор,6,50
Николаев Роман Иванович,капитан,1,27
Васильев Сергей Александрович,сержант,1,20
Смирнов Максим Романович,капитан,8,34
Васильев Денис Олегович,майор,2,42
Макаров Денис Александрович,сержант,2,36
Борисов Константин Юрьевич,полковник,9,36
Морозов Сергей Юрьевич,майор,7,27
Михайлов Виктор Павлович,майор,5,24
Николаев Илья Дмитриевич,капитан,10,32
Семёнов Артём Максимович,лейтенант,9,42
Андреев Алексей Романович,сержант,12,60
Козлов Илья Юрьевич,лейтенант,7,54
Николаев Иван Никитич,капитан,6,48
Зайцев Алексей Павлович,рядовой,1,18
Иванов Матвей Сергеевич,майор,3,24
Егоров Сергей Романович,капитан,8,25
Козлов Алексей Алексеевич,капитан,6,26
Яковлев Никита Юрьевич,полковник,4,53
Попов Артём Алексеевич,рядовой,8,52
Андреев Павел Павлович,сержант,1,43
Зайцев Дмитрий Викторович,майор,9,47
Егоров Алексей Викторович,полковник,1,43
Иванов Александр Дмитриевич,майор,5,26
Степанов Алексей Дмитриевич,капитан,1,27
Лебедев Юрий Алексеевич,лейтенант,1,47
Михайлов Алексей Никитич,прапорщик,3,28
Зайцев Сергей Юрьевич,прапорщик,10,42
Соколов Сергей Андреевич,сержант,11,32
Семёнов Артём Юрьевич,сержант,9,43
Соколов Денис Михайлович,полковник,9,20
Сидоров Евгений Андреевич,рядовой,1,33
Козлов Дмитрий Ильич,капитан,10,53
Никитин Олег Олегович,майор,1,32
Яковлев Александр Михайлович,капитан,2,40
Соловьёв Иван Александрович,прапорщик,8,43
Борисов Илья Сергеевич,прапорщик,3,50
Павлов Денис Павлович,полковник,6,41
Васильев Кирилл Дмитриевич,капитан,5,44
Козлов Александр Александрович,майор,3,60
Васильев Илья Сергеевич,майор,5,35
Морозов Виктор Алексеевич,капитан,9,25
Новиков Юрий Кириллович,полковник,6,42
Соколов Максим Романович,лейтенант,12,59
Николаев Илья Романович,сержант,5,52
Борисов Илья Юрьевич,рядовой,11,50
Васильев Константин Андреевич,лейтенант,4,49
Борисов Виктор Никитич,прапорщик,4,30
Васильев Матвей Павлович,рядовой,5,32
Лебедев Максим Максимович,полковник,1,48
Михайлов Максим Юрьевич,прапорщик,1,26
Кузнецов Александр Олегович,полковник,11,38
Смирнов Денис Кириллович,прапорщик,12,20
Михайлов Роман Викторович,майор,9,27
Соловьёв Никита Никитич,прапорщик,2,51
Борисов Илья Сергеевич,майор,5,36
Васильев Михаил Дмитриевич,капитан,9,26
Орлов Константин Юрьевич,капитан,6,37
Алексеев Александр Павлович,прапорщик,8,30
Семёнов Никита Романович,лейтенант,12,20
Новиков Дмитрий Максимович,капитан,12,23
Иванов Андрей Никитич,прапорщик,10,50
Борисов Дмитрий Дмитриевич,рядовой,12,47
Кочергин Александр Никитич,рядовой,3,56
Кочергин Юрий Алексеевич,лейтенант,4,18
Иванов Степан Александрович,лейтенант,7,55
Алексеев Евгений Викторович,капитан,6,20
Орлов Роман Павлович,рядовой,9,22
Семёнов Евгений Никитич,рядовой,10,41
Михайлов Степан Кириллович,майор,4,45
Егоров Константин Никитич,майор,1,23
Петров Иван Иванович,полковник,10,45
Николаев Алексей Михайлович,майор,8,47
Козлов Роман Александрович,полковник,4,38
Попов Михаил Олегович,лейтенант,12,30
Николаев Максим Алексеевич,полковник,12,48
Егоров Константин Олегович,рядовой,4,21
Васильев Дмитрий Иванович,майор,5,35
Андреев Дмитрий Юрьевич,капитан,4,34
Петров Евгений Сергеевич,полковник,5,18
Михайлов Матвей Дмитриевич,майор,6,58
Степанов Кирилл Сергеевич,рядовой,11,51
Соколов Александр Алексеевич,прапорщик,12,55
Лебедев Роман Алексеевич,капитан,3,38
Семёнов Виктор Дмитриевич,прапорщик,1,18
Семёнов Илья Андреевич,лейтенант,11,33
Яковлев Дмитрий Никитич,майор,11,34
Михайлов Иван Никитич,рядовой,10,45
Орлов Михаил Викторович,лейтенант,1,60
Морозов Сергей Михайлович,рядовой,8,22
Сидоров Виктор Юрьевич,рядовой,1,39
Лебедев Андрей Викторович,майор,4,45
Зайцев Егор Романович,полковник,4,43
Кочергин Андрей Кириллович,прапорщик,5,25
Попов Никита Олегович,прапорщик,12,38
Попов Никита Михайлович,прапорщик,3,41
Кузнецов Иван Александрович,прапорщик,6,60
Попов Егор Сергеевич,сержант,12,48
Егоров Андрей Алексеевич,сержант,7,43
Яковлев Дмитрий Павлович,лейтенант,3,59
Орлов Олег Олегович,лейтенант,4,46
Яковлев Павел Олегович,майор,8,40
Новиков Андрей Андреевич,прапорщик,3,27
Новиков Илья Дмитриевич,рядовой,1,34
Степанов Олег Александрович,майор,3,36
Орлов Артём Дмитриевич,полковник,2,28
Зайцев Денис Викторович,майор,12,54
Смирнов Михаил Викторович,прапорщик,1,49
Соловьёв Кирилл Никитич,капитан,6,30
Соколов Степан Иванович,рядовой,7,41
Борисов Олег Андреевич,сержант,1,49
Никитин Олег Андреевич,лейтенант,4,60
Никитин Дмитрий Романович,сержант,8,30
Николаев Евгений Кириллович,рядовой,6,57
Андреев Евгений Максимович,прапорщик,10,31
Фёдоров Евгений Сергеевич,рядовой,9,56
Алексеев Дмитрий Алексеевич,капитан,5,59
Кочергин Иван Александрович,полковник,2,38
Борисов Максим Иванович,полковник,8,18
Козлов Кирилл Романович,сержант,9,19
Павлов Кирилл Максимович,полковник,3,45
Кочергин Дмитрий Михайлович,полковник,6,34
Сидоров Виктор Романович,лейтенант,3,36
Новиков Роман Романович,сержант,11,48
Смирнов Егор Викторович,полковник,8,32
Попов Кирилл Кириллович,сержант,6,26
Морозов Степан Михайлович,сержант,11,28
Алексеев Денис Дмитриевич,капитан,2,24
Васильев Егор Кириллович,лейтенант,11,49
Михайлов Иван Олегович,рядовой,11,43
Морозов Артём Алексеевич,прапорщик,6,37
Алексеев Сергей Александрович,лейтенант,3,54
Попов Андрей Алексеевич,полковник,5,25
Васильев Степан Кириллович,рядовой,3,18
Орлов Андрей Юрьевич,лейтенант,3,48
Никитин Евгений Викторович,сержант,5,23
Егоров Роман Максимович,капитан,7,44
Попов Юрий Михайлович,капитан,10,27
Кузнецов Роман Михайлович,капитан,8,38
Васильев Сергей Олегович,сержант,7,34
Борисов Денис Андреевич,капитан,3,36
Борисов Иван Дмитриевич,прапорщик,7,53
Макаров Евгений Романович,сержант,6,37
Михайлов Егор Сергеевич,лейтенант,5,46
Морозов Юрий Максимович,майор,4,39
Захаров Илья Алексеевич,лейтенант,10,47
Соловьёв Александр Павлович,сержант,3,49
Смирнов Никита Павлович,лейтенант,7,42
Фёдоров Сергей Романович,лейтенант,12,44
Сидоров Дмитрий Кириллович,прапорщик,7,31
Павлов Максим Сергеевич,лейтенант,6,58
Борисов Артём Романович,майор,4,20
Семёнов Артём Юрьевич,капитан,10,31
Захаров Виктор Дмитриевич,майор,12,39
Козлов Никита Александрович,полковник,12,55
Иванов Артём Кириллович,полковник,4,26
Егоров Степан Максимович,прапорщик,9,54
Павлов Денис Михайлович,полковник,3,55
Михайлов Олег Никитич,капитан,12,54
Борисов Никита Никитич,прапорщик,12,43
Лебедев Евгений Никитич,полковник,6,60
Алексеев Андрей Кириллович,прапорщик,10,25
Семёнов Евгений Алексеевич,капитан,6,59
Борисов Павел Максимович,рядовой,8,22
Петров Евгений Алексеевич,полковник,7,59
Смирнов Артём Викторович,сержант,6,48
Иванов Егор Максимович,сержант,3,50
Соколов Роман Сергеевич,капитан,4,55
Никитин Евгений Романович,сержант,1,57
Васильев Юрий Андреевич,прапорщик,12,60
Семёнов Кирилл Алексеевич,майор,9,40
Лебедев Матвей Алексеевич,рядовой,1,60
Макаров Артём Александрович,майор,8,26
Егоров Павел Сергеевич,прапорщик,11,35
Андреев Алексей Александрович,капитан,7,50
Зайцев Роман Сергеевич,прапорщик,6,32
Андреев Илья Павлович,майор,8,30
Орлов Виктор Павлович,майор,2,18
Алексеев Алексей Сергеевич,рядовой,12,56
Николаев Дмитрий Олегович,капитан,12,18
Михайлов Андрей Никитич,майор,5,21
Николаев Кирилл Сергеевич,прапорщик,12,55
Морозов Андрей Никитич,полковник,8,19
Васильев Матвей Никитич,капитан,4,49
Попов Михаил Дмитриевич,капитан,5,19
Фёдоров Юрий Сергеевич,сержант,3,23
Михайлов Павел Александрович,майор,7,34
Васильев Роман Максимович,рядовой,5,41
Андреев Алексей Никитич,сержант,8,60
Макаров Иван Андреевич,сержант,11,19
Захаров Илья Кириллович,рядовой,7,34
Новиков Юрий Андреевич,майор,9,56
Васильев Павел Олегович,лейтенант,4,24
Сидоров Артём Олегович,капитан,8,31
Козлов Андрей Юрьевич,лейтенант,4,47
Кузнецов Олег Александрович,прапорщик,6,24
Козлов Артём Алексеевич,лейтенант,9,54
Степанов Андрей Андреевич,сержант,7,42
Захаров Матвей Никитич,майор,6,52
Николаев Егор Максимович,полковник,3,58
Сидоров Илья Андреевич,сержант,3,60
Смирнов Павел Викторович,прапорщик,2,33
Морозов Никита Викторович,прапорщик,10,60
Попов Максим Михайлович,лейтенант,2,58
Смирнов Роман Максимович,рядовой,3,33
Кузнецов Никита Романович,майор,11,33
Попов Артём Иванович,майор,7,50
Соколов Артём Никитич,прапорщик,5,56
Степанов Никита Юрьевич,прапорщик,5,34
Сидоров Матвей Максимович,лейтенант,4,26
Захаров Александр Андреевич,рядовой,2,41
Егоров Михаил Максимович,прапорщик,7,50
Никитин Роман Дмитриевич,полковник,12,27
Семёнов Павел Ильич,рядовой,12,30
Соколов Виктор Иванович,рядовой,5,47
Фёдоров Константин Кириллович,сержант,11,54
Захаров Дмитрий Викторович,полковник,7,21
Алексеев Никита Александрович,капитан,12,33
Смирнов Максим Никитич,прапорщик,12,52
Козлов Егор Алексеевич,полковник,8,34
Петров Михаил Максимович,майор,11,49
Смирнов Илья Кириллович,сержант,1,46
Иванов Олег Юрьевич,лейтенант,12,33
Морозов Денис Андреевич,сержант,4,24
Кочергин Роман Викторович,лейтенант,2,41
Соколов Артём Павлович,рядовой,2,59
Смирнов Илья Кириллович,рядовой,10,57
Захаров Олег Сергеевич,майор,9,51
Иванов Артём Андреевич,капитан,11,35
Козлов Евгений Максимович,капитан,12,22
Орлов Александр Викторович,майор,6,39
Иванов Андрей Кириллович,лейтенант,4,47
Соловьёв Илья Никитич,лейтенант,11,50
Алексеев Никита Кириллович,капитан,12,18
Сидоров Евгений Олегович,капитан,10,40
Соловьёв Константин Ильич,майор,11,22
Соколов Артём Ильич,лейтенант,3,49
Захаров Илья Романович,капитан,9,48
Кочергин Сергей Андреевич,прапорщик,10,18
Лебедев Кирилл Дмитриевич,полковник,6,30
Соловьёв Дмитрий Павлович,сержант,8,21
Михайлов Алексей Сергеевич,полковник,3,54
Иванов Александр Никитич,сержант,7,19
Никитин Никита Алексеевич,полковник,3,23
Семёнов Андрей Сергеевич,лейтенант,10,30
Лебедев Матвей Сергеевич,майор,4,24
Захаров Юрий Александрович,прапорщик,10,53
Сидоров Максим Максимович,прапорщик,1,40
Захаров Евгений Никитич,рядовой,10,24
Соловьёв Александр Юрьевич,лейтенант,2,42
Яковлев Дмитрий Юрьевич,капитан,12,22
Орлов Матвей Никитич,сержант,11,54
Андреев Степан Ильич,капитан,7,60
Иванов Матвей Иванович,прапорщик,7,19
Иванов Сергей Максимович,прапорщик,1,22
Смирнов Никита Алексеевич,прапорщик,6,50
Яковлев Алексей Иванович,капитан,9,29
Борисов Денис Никитич,майор,5,32
Морозов Константин Викторович,лейтенант,12,37
Иванов Евгений Иванович,лейтенант,12,49
Новиков Алексей Максимович,сержант,11,41
Егоров Павел Дмитриевич,сержант,3,34
Зайцев Денис Алексеевич,сержант,6,32
Сидоров Константин Викторович,прапорщик,12,28
Фёдоров Никита Сергеевич,майор,12,35
Козлов Максим Алексеевич,рядовой,9,33
Соколов Артём Иванович,рядовой,9,37
Орлов Артём Андреевич,рядовой,9,22
Смирнов Андрей Олегович,полковник,9,40
Михайлов Роман Алексеевич,сержант,2,25
Алексеев Артём Сергеевич,капитан,2,21
Егоров Никита Никитич,лейтенант,2,30
Козлов Артём Андреевич,капитан,9,34
Макаров Степан Олегович,майор,10,18
Макаров Алексей Олегович,лейтенант,1,51
Попов Егор Ильич,прапорщик,3,38
Новиков Роман Викторович,прапорщик,6,48
Новиков Егор Иванович,майор,11,44
Козлов Никита Романович,прапорщик,1,46
Кузнецов Денис Иванович,сержант,5,22
Новиков Виктор Олегович,майор,12,33
Новиков Юрий Кириллович,рядовой,7,31
Соколов Роман Романович,лейтенант,7,20
Борисов Константин Михайлович,майор,3,47
Егоров Сергей Максимович,прапорщик,7,39
Орлов Сергей Романович,лейтенант,4,37
Михайлов Виктор Ильич,рядовой,2,57
Михайлов Виктор Иванович,майор,1,50
Васильев Матвей Никитич,капитан,8,24
Фёдоров Михаил Кириллович,рядовой,3,46
Павлов Павел Олегович,капитан,1,39
Иванов Илья Александрович,лейтенант,7,34
Фёдоров Кирилл Михайлович,майор,4,35
Павлов Константин Романович,сержант,5,55
Морозов Матвей Иванович,полковник,7,41
Степанов Павел Павлович,полковник,4,56
Васильев Павел Сергеевич,полковник,8,31
Зайцев Роман Ильич,полковник,2,29
Морозов Александр Павлович,прапорщик,4,47
Орлов Александр Никитич,капитан,7,53
Иванов Денис Иванович,рядовой,9,25
Андреев Андрей Никитич,полковник,10,43
Яковлев Дмитрий Олегович,лейтенант,10,29
Алексеев Дмитрий Кириллович,лейтенант,12,39
Михайлов Александр Михайлович,майор,10,50
Николаев Константин Дмитриевич,рядовой,4,42
Степанов Денис Викторович,рядовой,3,19
Захаров Кирилл Максимович,капитан,5,58
Николаев Никита Дмитриевич,майор,2,41
Иванов Иван Олегович,сержант,11,54
Кузнецов Никита Кириллович,лейтенант,3,49
Андреев Алексей Ильич,рядовой,3,36
Михайлов Юрий Кириллович,рядовой,3,37
Захаров Сергей Юрьевич,рядовой,2,37
Морозов Степан Дмитриевич,рядовой,1,45
Иванов Дмитрий Ильич,сержант,3,55
Кузнецов Никита Кириллович,полковник,10,44
Николаев Никита Александрович,полковник,4,47
Петров Матвей Александрович,сержант,10,20
Иванов Матвей Михайлович,прапорщик,1,39
Петров Олег Дмитриевич,прапорщик,4,58
Орлов Егор Дмитриевич,капитан,6,38
Зайцев Роман Олегович,прапорщик,12,41
Макаров Иван Юрьевич,прапорщик,9,46
Захаров Матвей Олегович,полковник,3,31
Попов Сергей Александрович,прапорщик,5,19
Васильев Андрей Павлович,майор,5,28
Козлов Артём Дмитриевич,лейтенант,6,49
Смирнов Алексей Романович,майор,4,31
Борисов Степан Юрьевич,лейтенант,12,44
Лебедев Сергей Иванович,прапорщик,11,31
Смирнов Алексей Кириллович,рядовой,9,47
Павлов Степан Юрьевич,майор,11,49
Семёнов Сергей Юрьевич,капитан,11,23
Смирнов Илья Павлович,майор,5,36
Павлов Алексей Викторович,прапорщик,10,31
Михайлов Виктор Павлович,сержант,11,45
Егоров Олег Александрович,прапорщик,7,53
Михайлов Павел Олегович,капитан,8,20
Смирнов Константин Сергеевич,рядовой,10,36
Смирнов Матвей Алексеевич,полковник,12,20
Николаев Кирилл Романович,рядовой,4,28
Кочергин Сергей Иванович,сержант,5,18
Фёдоров Михаил Максимович,рядовой,1,47
Николаев Артём Олегович,полковник,5,51
Андреев Сергей Сергеевич,рядовой,5,50
Никитин Кирилл Олегович,полковник,11,37
Петров Юрий Андреевич,майор,1,42
Алексеев Дмитрий Романович,капитан,8,48
Кузнецов Степан Андреевич,лейтенант,2,59
Фёдоров Дмитрий Кириллович,майор,8,30
Попов Денис Максимович,капитан,8,32
Степанов Константин Михайлович,полковник,7,27
Сидоров Юрий Олегович,лейтенант,2,23
Иванов Евгений Кириллович,полковник,2,27
Новиков Андрей Александрович,полковник,8,22
Сидоров Андрей Кириллович,сержант,5,24
Лебедев Степан Андреевич,лейтенант,6,27
Козлов Михаил Дмитриевич,полковник,5,28
Захаров Юрий Сергеевич,лейтенант,3,45
Лебедев Андрей Юрьевич,капитан,12,39
Сидоров Андрей Иванович,сержант,7,44
Орлов Степан Сергеевич,лейтенант,6,52
Николаев Михаил Никитич,прапорщик,3,33
Кузнецов Юрий Сергеевич,полковник,7,50
Егоров Роман Алексеевич,майор,12,36
Степанов Дмитрий Олегович,полковник,10,28
Павлов Максим Дмитриевич,рядовой,9,53
Егоров Илья Викторович,лейтенант,8,29
Захаров Павел Дмитриевич,капитан,12,27
Зайцев Павел Алексеевич,прапорщик,12,60
Козлов Кирилл Викторович,полковник,5,25
Яковлев Дмитрий Павлович,майор,12,20
Попов Роман Сергеевич,лейтенант,1,45
Егоров Дмитрий Никитич,лейтенант,10,54
Никитин Артём Кириллович,сержант,11,19
Павлов Евгений Александрович,лейтенант,7,25
Попов Илья Викторович,рядовой,4,20
Павлов Степан Юрьевич,сержант,4,23
Семёнов Денис Андреевич,майор,3,22
Егоров Алексей Викторович,полковник,4,24
Семёнов Матвей Дмитриевич,сержант,9,49
Соловьёв Иван Викторович,рядовой,3,53
Макаров Матвей Павлович,прапорщик,9,29
Иванов Павел Михайлович,рядовой,11,20
Попов Юрий Иванович,прапорщик,2,45
Алексеев Степан Павлович,сержант,3,44
Фёдоров Кирилл Юрьевич,лейтенант,4,28
Смирнов Егор Иванович,сержант,2,42
Семёнов Александр Викторович,полковник,4,47
Павлов Виктор Викторович,сержант,4,24
Егоров Никита Юрьевич,полковник,11,59
Павлов Егор Ильич,прапорщик,6,47
Захаров Дмитрий Ильич,капитан,2,37
Новиков Максим Никитич,полковник,5,35
Макаров Виктор Романович,капитан,5,45
Новиков Олег Олегович,рядовой,4,22
Иванов Андрей Ильич,прапорщик,8,37
Козлов Артём Юрьевич,сержант,9,59
Михайлов Виктор Иванович,капитан,10,36
Степанов Степан Викторович,прапорщик,8,51
Морозов Михаил Андреевич,прапорщик,7,24
Никитин Егор Кириллович,рядовой,9,24
Михайлов Дмитрий Павлович,майор,3,43
Соловьёв Максим Романович,полковник,4,52
Соловьёв Степан Максимович,майор,3,27
Кузнецов Роман Романович,капитан,8,34
Орлов Олег Кириллович,прапорщик,6,32
Зайцев Иван Романович,рядовой,2,49
Васильев Олег Кириллович,полковник,9,53
Орлов Евгений Андреевич,капитан,4,44
Кузнецов Алексей Викторович,сержант,2,19
Козлов Денис Андреевич,полковник,12,48
Морозов Павел Никитич,рядовой,10,24
Кузнецов Егор Алексеевич,рядовой,11,42
Морозов Роман Ильич,сержант,5,54
Орлов Роман Никитич,лейтенант,5,30
Кочергин Виктор Алексеевич,лейтенант,1,55
Васильев Виктор Сергеевич,майор,5,19
Семёнов Кирилл Ильич,сержант,11,43
Никитин Степан Никитич,прапорщик,12,48
Иванов Илья Никитич,полковник,7,20
Макаров Алексей Олегович,капитан,5,37
Зайцев Андрей Александрович,капитан,6,21
Никитин Юрий Кириллович,лейтенант,1,20
Андреев Дмитрий Сергеевич,полковник,1,56
Алексеев Матвей Викторович,майор,4,46
Николаев Иван Иванович,лейтенант,12,35
Орлов Иван Александрович,полковник,4,32
Новиков Виктор Дмитриевич,капитан,3,48
Яковлев Дмитрий Алексеевич,сержант,3,41
Павлов Никита Алексеевич,полковник,10,52
Захаров Андрей Олегович,полковник,11,26
Макаров Сергей Сергеевич,майор,2,60
Николаев Кирилл Павлович,рядовой,4,59
Кузнецов Степан Кириллович,полковник,6,24
Яковлев Александр Олегович,сержант,12,23
Кочергин Егор Никитич,сержант,3,31
Борисов Александр Михайлович,прапорщик,6,47
Яковлев Дмитрий Сергеевич,рядовой,12,60
Козлов Сергей Александрович,сержант,8,33
Кузнецов Максим Кириллович,сержант,5,53
Соловьёв Илья Андреевич,лейтенант,7,35
Андреев Дмитрий Кириллович,капитан,2,18
Васильев Никита Максимович,капитан,3,48
Павлов Денис Алексеевич,прапорщик,6,49
Зайцев Александр Никитич,майор,10,57
Иванов Алексей Ильич,лейтенант,12,26
Фёдоров Егор Никитич,сержант,9,31
Николаев Степан Иванович,полковник,9,20
Новиков Егор Кириллович,рядовой,1,29
Зайцев Матвей Викторович,капитан,5,53
Семёнов Никита Михайлович,полковник,2,51
Николаев Юрий Олегович,капитан,2,30
Степанов Дмитрий Никитич,полковник,8,35
Соколов Егор Ильич,капитан,6,43
Козлов Роман Алексеевич,рядовой,11,54
Морозов Илья Романович,капитан,2,56
Зайцев Илья Никитич,лейтенант,7,36
Фёдоров Александр Павлович,полковник,10,40
Алексеев Виктор Андреевич,сержант,11,55
Андреев Олег Романович,сержант,8,57
Соколов Дмитрий Михайлович,прапорщик,2,53
Смирнов Никита Юрьевич,рядовой,1,30
Захаров Степан Максимович,майор,5,41
Кочергин Роман Юрьевич,прапорщик,9,28
Иванов Евгений Александрович,капитан,10,28
Зайцев Евгений Михайлович,капитан,4,47
Новиков Константин Андреевич,капитан,3,50
Алексеев Матвей Сергеевич,полковник,7,19
Борисов Илья Алексеевич,майор,1,55
Кузнецов Денис Юрьевич,прапорщик,7,29
Степанов Кирилл Михайлович,капитан,9,50
Попов Константин Романович,лейтенант,4,44
Степанов Никита Павлович,лейтенант,7,44
Васильев Максим Михайлович,сержант,7,58
Попов Константин Александрович,рядовой,11,51
Морозов Иван Максимович,полковник,2,21
Макаров Павел Александрович,сержант,2,36
Смирнов Константин Олегович,сержант,12,41
Фёдоров Илья Сергеевич,прапорщик,8,31
Морозов Сергей Михайлович,капитан,4,46
Михайлов Олег Романович,майор,5,44
Макаров Виктор Ильич,лейтенант,3,57
Соловьёв Михаил Алексеевич,лейтенант,12,44
Смирнов Михаил Иванович,рядовой,2,39
Смирнов Кирилл Викторович,лейтенант,10,36
Соколов Матвей Михайлович,полковник,8,40
Козлов Иван Викторович,полковник,11,21
Соловьёв Алексей Ильич,рядовой,12,56
Егоров Никита Кириллович,капитан,12,57
Михайлов Юрий Ильич,капитан,1,37
Захаров Максим Александрович,майор,2,43
Борисов Дмитрий Олегович,рядовой,10,23
Николаев Евгений Викторович,лейтенант,11,30
Яковлев Юрий Александрович,майор,10,54
Никитин Степан Алексеевич,полковник,6,25
Зайцев Алексей Юрьевич,прапорщик,7,40
Морозов Роман Максимович,лейтенант,6,39
Орлов Андрей Дмитриевич,полковник,1,36
Соловьёв Илья Александрович,рядовой,6,37
Николаев Егор Олегович,прапорщик,10,60
Новиков Дмитрий Кириллович,рядовой,3,28
Алексеев Матвей Максимович,прапорщик,6,37
Николаев Максим Александрович,лейтенант,1,56
Зайцев Дмитрий Юрьевич,майор,6,55
Лебедев Илья Алексеевич,капитан,7,29
Яковлев Максим Сергеевич,прапорщик,12,36
Макаров Максим Никитич,сержант,7,18
Николаев Роман Ильич,сержант,1,59
Николаев Роман Иванович,прапорщик,11,53
Попов Дмитрий Дмитриевич,майор,7,51
Семёнов Роман Никитич,капитан,7,57
Лебедев Олег Максимович,лейтенант,11,34
Васильев Артём Юрьевич,капитан,8,23
Фёдоров Юрий Андреевич,прапорщик,8,31
Кочергин Илья Олегович,полковник,5,59
Макаров Илья Сергеевич,лейтенант,10,32
Кочергин Юрий Максимович,майор,11,47
Фёдоров Павел Сергеевич,прапорщик,12,27
Попов Степан Романович,полковник,4,49
Фёдоров Роман Иванович,майор,6,50
Степанов Павел Олегович,сержант,5,18
Соколов Степан Дмитриевич,рядовой,3,20
Кочергин Никита Андреевич,сержант,10,40
Морозов Артём Олегович,майор,12,45
Макаров Роман Ильич,рядовой,8,39
Николаев Евгений Максимович,капитан,1,47
Петров Иван Максимович,рядовой,7,45
Соколов Константин Никитич,рядовой,12,44
Соколов Сергей Дмитриевич,рядовой,7,60
Кочергин Олег Андреевич,сержант,1,39
Фёдоров Илья Ильич,капитан,11,47
Михайлов Егор Никитич,капитан,4,32
Николаев Дмитрий Андреевич,майор,1,44
Новиков Никита Викторович,сержант,6,40
Сидоров Константин Юрьевич,майор,3,42
Смирнов Андрей Викторович,лейтенант,1,42
Кузнецов Артём Викторович,капитан,12,49
Степанов Роман Викторович,сержант,4,30
Соколов Артём Иванович,лейтенант,6,41
Орлов Александр Иванович,рядовой,11,25
Иванов Андрей Юрьевич,лейтенант,1,23
Никитин Олег Сергеевич,полковник,11,36
Лебедев Артём Павлович,сержант,7,51
Николаев Михаил Павлович,лейтенант,12,19
Макаров Михаил Алексеевич,прапорщик,4,29
Зайцев Максим Дмитриевич,майор,2,34
Алексеев Иван Никитич,капитан,11,44
Сидоров Алексей Иванович,лейтенант,3,58
Лебедев Алексей Олегович,лейтенант,6,42
Соловьёв Юрий Юрьевич,лейтенант,10,50
Попов Никита Алексеевич,полковник,7,36
Захаров Олег Сергеевич,лейтенант,9,32
Алексеев Павел Ильич,майор,10,28
Николаев Алексей Алексеевич,капитан,5,21
Орлов Иван Кириллович,полковник,5,41
Соколов Олег Дмитриевич,прапорщик,8,40
Кузнецов Иван Сергеевич,полковник,3,44
Васильев Денис Кириллович,лейтенант,7,37
Борисов Артём Кириллович,майор,2,44
Козлов Максим Алексеевич,сержант,12,58
Алексеев Юрий Никитич,полковник,1,25
Соколов Иван Дмитриевич,полковник,6,52
Лебедев Егор Михайлович,лейтенант,9,34
Иванов Максим Кириллович,полковник,3,55
Борисов Виктор Викторович,майор,3,57
Кочергин Михаил Викторович,полковник,9,43
Андреев Михаил Кириллович,рядовой,6,18
Иванов Артём Никитич,полковник,6,36
Никитин Никита Сергеевич,полковник,11,40
Сидоров Артём Ильич,лейтенант,6,32
Николаев Виктор Михайлович,капитан,5,29
Лебедев Михаил Александрович,капитан,10,28
Кочергин Иван Викторович,капитан,12,18
Козлов Михаил Сергеевич,лейтенант,3,59
Сидоров Илья Алексеевич,рядовой,12,56
Егоров Артём Кириллович,рядовой,12,34
Морозов Кирилл Михайлович,прапорщик,9,29
Новиков Олег Никитич,лейтенант,5,18
Егоров Алексей Юрьевич,сержант,9,30
Николаев Александр Павлович,сержант,11,39
Кузнецов Артём Андреевич,рядовой,1,53
Николаев Максим Романович,полковник,9,19
Кузнецов Максим Андреевич,сержант,10,56
Алексеев Андрей Викторович,майор,5,26
Семёнов Алексей Юрьевич,рядовой,7,29
Козлов Роман Максимович,полковник,9,21
Зайцев Артём Павлович,рядовой,12,36
Кузнецов Илья Иванович,капитан,4,29
Андреев Иван Викторович,майор,2,26
Михайлов Егор Михайлович,капитан,6,47
Орлов Денис Викторович,капитан,11,31
Михайлов Егор Александрович,лейтенант,10,39
Соколов Михаил Кириллович,рядовой,6,43
Андреев Дмитрий Андреевич,капитан,5,50
Смирнов Михаил Алексеевич,лейтенант,9,31
Фёдоров Михаил Викторович,полковник,12,52
Соловьёв Дмитрий Ильич,сержант,12,41
Зайцев Андрей Павлович,прапорщик,10,56
Соловьёв Евгений Сергеевич,майор,12,52
Павлов Константин Андреевич,капитан,3,55
Орлов Александр Романович,майор,10,24
Петров Александр Викторович,лейтенант,3,21
Макаров Степан Алексеевич,капитан,9,50
Иванов Роман Викторович,полковник,12,30
Андреев Степан Ильич,лейтенант,2,30
Лебедев Михаил Ильич,майор,7,52
Яковлев Дмитрий Андреевич,сержант,12,56
Алексеев Алексей Сергеевич,сержант,8,55
Фёдоров Константин Викторович,майор,11,27
Орлов Михаил Кириллович,прапорщик,12,56
Павлов Андрей Павлович,прапорщик,5,21
Захаров Илья Сергеевич,рядовой,1,36
Никитин Виктор Иванович,капитан,4,50
Петров Максим Дмитриевич,прапорщик,6,21
Фёдоров Никита Никитич,сержант,12,19
Семёнов Александр Олегович,прапорщик,3,42
Семёнов Никита Дмитриевич,рядовой,10,19
Петров Егор Кириллович,рядовой,8,18
Соловьёв Андрей Романович,майор,5,34
Лебедев Егор Иванович,лейтенант,5,31
Петров Иван Кириллович,сержант,12,59
Козлов Дмитрий Юрьевич,прапорщик,1,21
Егоров Матвей Никитич,лейтенант,10,43
Орлов Максим Ильич,майор,10,34
Павлов Дмитрий Олегович,капитан,9,59
Степанов Виктор Викторович,рядовой,1,47
Андреев Михаил Алексеевич,сержант,8,31
Фёдоров Алексей Романович,лейтенант,8,43
Фёдоров Матвей Викторович,капитан,8,36
Павлов Олег Кириллович,капитан,12,34
Захаров Егор Юрьевич,прапорщик,5,22
Алексеев Сергей Павлович,майор,7,52
Лебедев Виктор Ильич,майор,10,30
Морозов Сергей Дмитриевич,прапорщик,1,22
Иванов Матвей Кириллович,лейтенант,9,43
Кочергин Евгений Алексеевич,прапорщик,3,54
Захаров Виктор Максимович,полковник,11,59
Макаров Виктор Иванович,лейтенант,2,35
Петров Евгений Викторович,прапорщик,5,47
Павлов Михаил Александрович,лейтенант,8,32
Алексеев Андрей Андреевич,капитан,2,47
Андреев Максим Юрьевич,сержант,10,30
Васильев Денис Михайлович,сержант,7,55
Зайцев Павел Кириллович,майор,2,21
Козлов Степан Дмитриевич,полковник,2,56
Алексеев Дмитрий Алексеевич,рядовой,6,24
Павлов Артём Михайлович,лейтенант,8,42
Новиков Сергей Иванович,рядовой,9,44
Алексеев Илья Кириллович,прапорщик,7,20
Степанов Кирилл Александрович,майор,5,36
Кочергин Матвей Ильич,полковник,2,35
Яковлев Денис Дмитриевич,сержант,12,21
Кузнецов Евгений Юрьевич,капитан,1,59
Лебедев Виктор Алексеевич,сержант,6,24
Петров Роман Дмитриевич,прапорщик,1,58
Никитин Олег Юрьевич,рядовой,8,40
Соловьёв Сергей Сергеевич,сержант,9,52
Козлов Андрей Кириллович,майор,5,34
Кочергин Денис Романович,рядовой,10,31
Фёдоров Юрий Алексеевич,полковник,1,41
Смирнов Егор Ильич,рядовой,2,58
Николаев Алексей Ильич,майор,6,58
Сидоров Никита Дмитриевич,сержант,7,27
Захаров Михаил Максимович,рядовой,7,35
Борисов Никита Александрович,майор,12,59
Семёнов Константин Кириллович,сержант,1,54
Андреев Никита Кириллович,майор,3,30
Михайлов Иван Викторович,рядовой,2,44
Никитин Александр Михайлович,полковник,6,55
Борисов Михаил Дмитриевич,прапорщик,8,20
Степанов Роман Романович,полковник,11,23
Петров Дмитрий Андреевич,прапорщик,10,40
Кочергин Денис Александрович,лейтенант,4,44
Петров Дмитрий Кириллович,лейтенант,3,54
Соловьёв Виктор Никитич,капитан,6,27
Васильев Александр Олегович,рядовой,2,38
Васильев Олег Максимович,капитан,1,32
Андреев Александр Павлович,капитан,5,43
Сидоров Егор Юрьевич,рядовой,10,25
Новиков Роман Ильич,полковник,7,23
Кузнецов Алексей Олегович,прапорщик,12,35
Борисов Юрий Никитич,полковник,5,44
Петров Алексей Павлович,прапорщик,5,25
Сидоров Андрей Павлович,майор,11,25
Лебедев Олег Алексеевич,капитан,3,25
Соловьёв Михаил Ильич,полковник,9,37
Алексеев Степан Александрович,рядовой,2,52
Андреев Евгений Дмитриевич,полковник,1,44
Макаров Андрей Романович,лейтенант,6,18
Морозов Сергей Алексеевич,лейтенант,1,60
Зайцев Степан Михайлович,рядовой,11,22
Алексеев Роман Иванович,сержант,6,32
Смирнов Кирилл Викторович,полковник,5,32
Андреев Иван Дмитриевич,капитан,2,39
Борисов Иван Алексеевич,рядовой,6,25
Зайцев Артём Михайлович,прапорщик,5,25
Петров Андрей Романович,сержант,3,48
Зайцев Никита Викторович,рядовой,2,29
Захаров Роман Андреевич,сержант,1,19
Орлов Павел Юрьевич,лейтенант,7,56
Орлов Юрий Романович,прапорщик,3,32
Алексеев Сергей Кириллович,рядовой,1,47
Алексеев Никита Ильич,рядовой,6,29
Морозов Степан Ильич,рядовой,3,50
Васильев Никита Никитич,капитан,5,26
Егоров Роман Максимович,майор,2,21
Никитин Алексей Юрьевич,лейтенант,10,52
Никитин Максим Юрьевич,лейтенант,5,50
Зайцев Дмитрий Андреевич,полковник,1,37
Иванов Максим Иванович,рядовой,9,38
Кузнецов Матвей Александрович,рядовой,8,54
Яковлев Артём Павлович,майор,1,41
Михайлов Сергей Алексеевич,рядовой,11,54
Новиков Кирилл Иванович,сержант,6,41
Семёнов Егор Иванович,полковник,8,44
Борисов Кирилл Алексеевич,прапорщик,2,38
Яковлев Сергей Викторович,майор,5,39
Борисов Максим Александрович,полковник,6,36
Васильев Максим Олегович,полковник,9,38
Павлов Кирилл Никитич,полковник,6,49
Сидоров Павел Иванович,полковник,9,23
Алексеев Егор Ильич,майор,3,52
Кузнецов Юрий Михайлович,капитан,7,57
Орлов Виктор Андреевич,лейтенант,12,39
Никитин Олег Андреевич,майор,1,41
Соколов Дмитрий Иванович,капитан,2,34
Лебедев Артём Андреевич,прапорщик,11,18
Николаев Кирилл Олегович,лейтенант,11,18
Макаров Денис Алексеевич,рядовой,4,57
Алексеев Юрий Иванович,лейтенант,11,19
Михайлов Никита Олегович,лейтенант,4,48
Зайцев Юрий Павлович,майор,3,23
Макаров Павел Александрович,полковник,7,57
Алексеев Александр Сергеевич,капитан,3,24
Никитин Евгений Кириллович,лейтенант,3,33
Кузнецов Виктор Викторович,полковник,4,47
Михайлов Виктор Романович,полковник,8,38
Никитин Юрий Олегович,полковник,1,34
Морозов Виктор Максимович,лейтенант,2,30
Андреев Артём Никитич,капитан,5,37
Орлов Илья Максимович,сержант,6,26
Смирнов Сергей Кириллович,лейтенант,8,24
Соколов Егор Викторович,полковник,7,19
Смирнов Денис Павлович,сержант,1,49
Иванов Евгений Павлович,капитан,8,34
Андреев Сергей Максимович,сержант,6,49
Семёнов Дмитрий Олегович,сержант,12,20
Алексеев Александр Никитич,капитан,6,24
Алексеев Александр Михайлович,полковник,9,49
Орлов Максим Максимович,полковник,8,20
Иванов Юрий Сергеевич,капитан,5,37
Фёдоров Олег Кириллович,майор,6,31
Егоров Кирилл Павлович,сержант,9,38
Макаров Сергей Михайлович,сержант,12,44
Попов Юрий Дмитриевич,капитан,6,33
Андреев Максим Павлович,рядовой,2,26
Андреев Сергей Романович,капитан,6,60
Орлов Степан Дмитриевич,майор,8,26
Смирнов Сергей Романович,лейтенант,9,26
Захаров Михаил Павлович,лейтенант,10,44
Борисов Иван Олегович,капитан,2,29
Соколов Константин Иванович,капитан,10,40
Кузнецов Сергей Викторович,капитан,12,43
Зайцев Юрий Михайлович,прапорщик,10,42
Петров Степан Михайлович,майор,8,27
Иванов Иван Юрьевич,сержант,5,21
Иванов Павел Олегович,прапорщик,2,43
Васильев Павел Олегович,капитан,9,20
Иванов Михаил Павлович,майор,11,37
Степанов Роман Павлович,рядовой,12,26
Николаев Андрей Дмитриевич,сержант,9,24
Алексеев Евгений Максимович,майор,1,24
Лебедев Андрей Иванович,прапорщик,9,47
Андреев Михаил Романович,капитан,11,45
Яковлев Андрей Олегович,лейтенант,11,54
Морозов Андрей Павлович,лейтенант,8,28
Соловьёв Никита Алексеевич,рядовой,7,59
Козлов Юрий Александрович,полковник,7,49
Захаров Никита Никитич,капитан,11,54
Андреев Дмитрий Александрович,рядовой,11,21
Фёдоров Михаил Александрович,капитан,3,35
Андреев Александр Олегович,капитан,4,59
Павлов Кирилл Ильич,прапорщик,4,22
Степанов Роман Кириллович,прапорщик,9,58
Соколов Алексей Павлович,полковник,8,24
Макаров Андрей Павлович,капитан,12,55
Борисов Денис Никитич,сержант,10,19
Егоров Михаил Максимович,лейтенант,3,60
Смирнов Степан Сергеевич,рядовой,8,26
Макаров Сергей Андреевич,рядовой,8,25
Васильев Иван Романович,сержант,11,51
Новиков Илья Дмитриевич,капитан,3,40
Козлов Андрей Романович,прапорщик,11,50
Козлов Кирилл Ильич,полковник,10,51
Кочергин Михаил Максимович,прапорщик,12,52
Егоров Олег Романович,прапорщик,5,45
Захаров Сергей Викторович,майор,7,32
Захаров Артём Максимович,прапорщик,6,46
Смирнов Павел Александрович,капитан,11,18
Лебедев Юрий Алексеевич,рядовой,9,23
Кузнецов Степан Олегович,лейтенант,9,21
Степанов Илья Романович,лейтенант,10,22
Николаев Никита Дмитриевич,лейтенант,10,45
Макаров Михаил Романович,рядовой,9,58
Михайлов Олег Андреевич,рядовой,7,29
Борисов Павел Александрович,капитан,2,49
Захаров Юрий Дмитриевич,лейтенант,11,50
Алексеев Виктор Павлович,прапорщик,12,52
Попов Андрей Викторович,майор,9,56
Яковлев Юрий Никитич,майор,11,30
Кузнецов Александр Максимович,капитан,5,51
Семёнов Сергей Викторович,прапорщик,3,22
Егоров Роман Юрьевич,полковник,1,36
Егоров Илья Дмитриевич,сержант,11,47
Петров Максим Никитич,прапорщик,1,43
Фёдоров Иван Романович,полковник,11,41
Соколов Михаил Сергеевич,полковник,9,57
Захаров Михаил Алексеевич,рядовой,1,28
Фёдоров Виктор Павлович,рядовой,5,49
Соколов Олег Никитич,майор,8,24
Егоров Андрей Ильич,майор,10,50
Лебедев Андрей Ильич,лейтенант,2,36
Попов Артём Юрьевич,полковник,11,21
Новиков Денис Александрович,прапорщик,12,49
Семёнов Денис Олегович,лейтенант,9,60
Николаев Никита Юрьевич,прапорщик,10,53
Васильев Юрий Максимович,полковник,2,31
Андреев Константин Романович,капитан,9,35
Попов Кирилл Никитич,сержант,1,57
Егоров Евгений Андреевич,лейтенант,7,38
Зайцев Максим Алексеевич,капитан,3,43
Андреев Денис Алексеевич,полковник,9,18
Фёдоров Дмитрий Сергеевич,капитан,6,51
Соколов Павел Александрович,прапорщик,5,31
Егоров Егор Иванович,лейтенант,9,58
Васильев Максим Дмитриевич,капитан,3,22
Петров Денис Андреевич,рядовой,10,54
Михайлов Андрей Максимович,капитан,3,34
Петров Иван Никитич,полковник,2,32
Павлов Александр Михайлович,полковник,2,28
Васильев Егор Максимович,полковник,4,26
Степанов Юрий Кириллович,майор,12,55
Андреев Иван Максимович,сержант,8,43
Кузнецов Артём Дмитриевич,капитан,4,53
Лебедев Степан Андреевич,прапорщик,1,18
Орлов Никита Романович,капитан,6,56
Иванов Артём Дмитриевич,майор,10,38
Соколов Александр Кириллович,капитан,1,25
Никитин Максим Ильич,прапорщик,11,35
Никитин Алексей Олегович,полковник,4,37
Фёдоров Олег Алексеевич,сержант,4,49
Фёдоров Юрий Викторович,майор,6,22
Орлов Артём Олегович,майор,11,52
Борисов Павел Олегович,прапорщик,4,30
Козлов Михаил Кириллович,рядовой,4,29
Никитин Егор Сергеевич,лейтенант,8,30
Новиков Михаил Романович,майор,8,42
Степанов Павел Юрьевич,рядовой,8,57
Васильев Андрей Максимович,сержант,9,18
Никитин Михаил Алексеевич,капитан,10,45
Семёнов Егор Андреевич,полковник,11,41
Иванов Максим Сергеевич,сержант,12,24
Михайлов Матвей Сергеевич,прапорщик,6,30
Макаров Роман Андреевич,рядовой,11,51
Андреев Олег Кириллович,капитан,7,24
Козлов Кирилл Павлович,капитан,12,30
Иванов Максим Михайлович,полковник,7,24
Захаров Никита Романович,прапорщик,2,54
Фёдоров Степан Павлович,сержант,10,31
Попов Артём Дмитриевич,лейтенант,9,19
Никитин Алексей Олегович,прапорщик,7,36
Борисов Степан Кириллович,лейтенант,3,19
Козлов Степан Павлович,капитан,6,27
Макаров Иван Дмитриевич,рядовой,4,37
Алексеев Александр Павлович,сержант,2,39
Степанов Павел Ильич,капитан,1,34
Орлов Константин Максимович,сержант,5,44
Зайцев Юрий Максимович,полковник,2,22
Фёдоров Олег Сергеевич,майор,10,57
Соловьёв Сергей Кириллович,рядовой,8,53
Павлов Юрий Александрович,рядовой,7,50
Смирнов Кирилл Сергеевич,капитан,11,36
Борисов Михаил Иванович,рядовой,7,36
Соловьёв Дмитрий Ильич,сержант,6,49
Михайлов Алексей Романович,полковник,1,60
Семёнов Матвей Михайлович,лейтенант,10,30
Семёнов Степан Ильич,лейтенант,3,54
Андреев Кирилл Иванович,сержант,6,25
Никитин Юрий Викторович,прапорщик,4,46
Козлов Павел Андреевич,полковник,10,22
Васильев Степан Иванович,капитан,8,31
Михайлов Юрий Максимович,полковник,4,37
Новиков Виктор Александрович,прапорщик,10,49
Смирнов Степан Алексеевич,капитан,5,46
Морозов Кирилл Алексеевич,лейтенант,3,43
Фёдоров Роман Алексеевич,прапорщик,9,51
Николаев Артём Андреевич,капитан,2,44
Захаров Артём Никитич,прапорщик,2,60
Андреев Дмитрий Юрьевич,лейтенант,4,30
Кочергин Михаил Павлович,капитан,6,52
Сидоров Алексей Олегович,лейтенант,6,18
Козлов Олег Олегович,сержант,2,55
Иванов Никита Олегович,капитан,9,25
Смирнов Никита Павлович,сержант,8,38
Кузнецов Юрий Ильич,сержант,8,40
Николаев Павел Сергеевич,сержант,10,31
Новиков Дмитрий Иванович,сержант,6,32
Андреев Максим Дмитриевич,капитан,3,33
Михайлов Константин Павлович,майор,2,39
Макаров Денис Романович,майор,6,56
Захаров Роман Сергеевич,лейтенант,5,53
Семёнов Андрей Олегович,лейтенант,4,57
Макаров Евгений Викторович,майор,4,36
Иванов Денис Дмитриевич,майор,8,23
Кочергин Кирилл Никитич,лейтенант,12,40
Егоров Александр Кириллович,майор,3,41
Алексеев Виктор Викторович,полковник,10,50
Лебедев Дмитрий Олегович,сержант,5,56
Попов Алексей Никитич,полковник,4,52
Степанов Алексей Павлович,рядовой,6,56
Яковлев Юрий Романович,полковник,7,57
Морозов Роман Михайлович,прапорщик,12,49
Васильев Олег Александрович,прапорщик,1,42
Семёнов Дмитрий Михайлович,лейтенант,1,32
Никитин Андрей Павлович,рядовой,10,29
Яковлев Александр Юрьевич,рядовой,7,51
Соколов Степан Максимович,капитан,1,29
Алексеев Денис Дмитриевич,майор,1,30
Зайцев Павел Олегович,полковник,2,42
Егоров Евгений Максимович,лейтенант,6,33
Степанов Егор Алексеевич,полковник,3,21
Фёдоров Артём Иванович,лейтенант,4,38
Зайцев Никита Никитич,прапорщик,9,28
Попов Александр Алексеевич,капитан,10,20
Морозов Кирилл Дмитриевич,майор,9,23
Иванов Константин Дмитриевич,прапорщик,6,43
Николаев Сергей Романович,рядовой,10,37
Макаров Сергей Андреевич,майор,7,22
Лебедев Александр Алексеевич,майор,7,24
Макаров Константин Дмитриевич,майор,10,37
Захаров Роман Никитич,прапорщик,9,36
Васильев Александр Дмитриевич,майор,7,46
Павлов Артём Кириллович,капитан,12,19
Макаров Матвей Никитич,сержант,12,39
Степанов Иван Михайлович,лейтенант,3,38
Козлов Юрий Викторович,прапорщик,3,31
Соколов Виктор Сергеевич,лейтенант,12,43
Морозов Виктор Андреевич,сержант,7,57
Семёнов Евгений Ильич,сержант,6,28
Соколов Максим Викторович,прапорщик,5,34
Соколов Виктор Иванович,сержант,12,35
Егоров Дмитрий Александрович,майор,11,32
Васильев Артём Ильич,прапорщик,2,60
Соколов Денис Олегович,капитан,2,54
Михайлов Егор Иванович,рядовой,8,54
Алексеев Андрей Павлович,майор,1,52
Борисов Никита Никитич,рядовой,5,50
Попов Сергей Андреевич,лейтенант,9,32
Борисов Денис Алексеевич,сержант,4,45
Андреев Павел Олегович,лейтенант,9,36
Козлов Евгений Алексеевич,полковник,5,56
Орлов Максим Викторович,лейтенант,6,31
Никитин Матвей Максимович,капитан,4,50
Смирнов Илья Максимович,капитан,3,48
Зайцев Матвей Юрьевич,капитан,3,27
Борисов Егор Алексеевич,майор,6,57
Степанов Никита Алексеевич,лейтенант,8,36
Кузнецов Матвей Иванович,лейтенант,9,32
Кочергин Артём Александрович,капитан,3,20
Зайцев Евгений Юрьевич,майор,1,58
Лебедев Сергей Кириллович,лейтенант,11,41
Борисов Степан Иванович,майор,4,58
Лебедев Михаил Андреевич,капитан,4,54
Кузнецов Константин Романович,лейтенант,6,29
Васильев Артём Михайлович,майор,2,50
Михайлов Алексей Андреевич,прапорщик,12,39
Кузнецов Юрий Сергеевич,капитан,12,44
Смирнов Иван Олегович,сержант,6,42
Степанов Артём Юрьевич,капитан,1,27
Борисов Андрей Дмитриевич,майор,1,28
Семёнов Константин Дмитриевич,капитан,10,21
Николаев Кирилл Викторович,сержант,9,47
Андреев Илья Ильич,майор,11,23
Борисов Олег Олегович,капитан,8,32
Павлов Константин Александрович,полковник,12,56
Егоров Андрей Андреевич,рядовой,8,41
Петров Алексей Дмитриевич,лейтенант,5,23
Смирнов Виктор Андреевич,сержант,7,59
Николаев Константин Максимович,капитан,10,30
Сидоров Егор Сергеевич,лейтенант,4,20
Николаев Степан Павлович,майор,6,52
Степанов Илья Алексеевич,рядовой,5,29
Сидоров Никита Михайлович,лейтенант,2,44
Сидоров Кирилл Ильич,сержант,12,57
Степанов Андрей Викторович,капитан,4,58
Лебедев Евгений Викторович,майор,8,52
Новиков Андрей Викторович,майор,11,59
Соколов Евгений Юрьевич,прапорщик,9,31
Степанов Максим Олегович,прапорщик,5,35
Захаров Иван Романович,лейтенант,3,33
Васильев Евгений Викторович,прапорщик,2,54
Кузнецов Илья Дмитриевич,майор,2,38
Иванов Матвей Олегович,рядовой,11,32
Петров Юрий Иванович,майор,4,59
Петров Денис Никитич,капитан,12,60
Новиков Виктор Алексеевич,рядовой,5,49
Фёдоров Максим Викторович,капитан,1,51
Кузнецов Егор Никитич,майор,11,22
Попов Денис Михайлович,капитан,8,52
Кочергин Сергей Кириллович,прапорщик,4,20
Сидоров Денис Олегович,прапорщик,8,43
Попов Алексей Павлович,прапорщик,6,54
Соколов Павел Андреевич,рядовой,2,55
Михайлов Дмитрий Олегович,сержант,12,47
Кузнецов Иван Кириллович,полковник,9,23
Лебедев Павел Александрович,рядовой,5,18
Захаров Александр Кириллович,капитан,1,55
Соловьёв Матвей Андреевич,майор,9,58
Андреев Александр Викторович,полковник,9,53
Соловьёв Олег Юрьевич,майор,10,23
Сидоров Константин Михайлович,капитан,4,35
Соловьёв Егор Андреевич,рядовой,6,59
Степанов Илья Михайлович,рядовой,3,31
Кузнецов Денис Максимович,рядовой,10,46
Новиков Павел Максимович,майор,11,35
Макаров Денис Иванович,полковник,1,50
Соловьёв Александр Сергеевич,майор,9,45
Козлов Олег Алексеевич,полковник,9,29
Кочергин Александр Юрьевич,капитан,11,53
Андреев Роман Кириллович,капитан,10,45
Фёдоров Алексей Александрович,полковник,9,57
Кочергин Юрий Алексеевич,сержант,11,44
Попов Константин Сергеевич,сержант,12,56
Орлов Виктор Дмитриевич,капитан,7,60
Николаев Юрий Иванович,сержант,2,25
Зайцев Виктор Александрович,лейтенант,10,51
Сидоров Матвей Викторович,майор,1,36
Сидоров Андрей Олегович,прапорщик,9,43
Захаров Виктор Викторович,капитан,8,26
Андреев Михаил Алексеевич,сержант,3,19
Иванов Алексей Никитич,лейтенант,7,57
Кочергин Егор Романович,полковник,1,28
Павлов Виктор Павлович,сержант,10,50
Смирнов Кирилл Никитич,сержант,6,34
Степанов Евгений Сергеевич,лейтенант,9,41
Павлов Евгений Дмитриевич,прапорщик,1,48
Морозов Виктор Кириллович,сержант,1,34
Захаров Виктор Андреевич,полковник,8,42
Захаров Сергей Дмитриевич,полковник,12,52
Соколов Алексей Олегович,майор,2,27
Семёнов Максим Михайлович,лейтенант,9,36
Орлов Андрей Никитич,полковник,10,18
Смирнов Егор Сергеевич,лейтенант,2,60
Соловьёв Дмитрий Кириллович,капитан,7,30
Макаров Александр Олегович,лейтенант,3,26
Орлов Матвей Андреевич,полковник,1,44
Михайлов Юрий Михайлович,прапорщик,4,50
Макаров Михаил Иванович,капитан,3,20
Морозов Егор Михайлович,лейтенант,9,50
Семёнов Михаил Андреевич,капитан,11,35
Яковлев Роман Дмитриевич,капитан,2,48
Макаров Артём Юрьевич,майор,4,57
Егоров Илья Олегович,майор,10,40
Макаров Максим Сергеевич,рядовой,1,20
Лебедев Юрий Юрьевич,полковник,9,55
Николаев Дмитрий Никитич,лейтенант,2,40
Николаев Денис Михайлович,капитан,8,32
Фёдоров Артём Никитич,полковник,3,32
Иванов Павел Романович,прапорщик,8,49
Иванов Сергей Олегович,майор,1,39
Николаев Кирилл Павлович,рядовой,5,25
Михайлов Виктор Викторович,майор,10,38
Фёдоров Андрей Никитич,лейтенант,6,43
Орлов Андрей Алексеевич,лейтенант,2,44
Смирнов Роман Сергеевич,прапорщик,9,33
Фёдоров Алексей Павлович,майор,12,47
Николаев Алексей Александрович,майор,1,45
Сидоров Юрий Иванович,прапорщик,5,45
Михайлов Дмитрий Александрович,сержант,3,50
Семёнов Юрий Кириллович,прапорщик,7,57
Орлов Степан Андреевич,рядовой,1,37
Зайцев Сергей Максимович,рядовой,2,23
Захаров Павел Сергеевич,лейтенант,8,51
Егоров Виктор Сергеевич,майор,3,37
Соколов Алексей Романович,сержант,6,42
Васильев Никита Иванович,рядовой,11,25
Яковлев Михаил Ильич,прапорщик,2,26
Андреев Кирилл Никитич,рядовой,6,22
Макаров Юрий Кириллович,капитан,4,26
Соловьёв Степан Андреевич,сержант,5,30
Макаров Юрий Иванович,майор,12,41
Смирнов Сергей Ильич,полковник,10,59
Павлов Никита Михайлович,майор,9,29
Николаев Евгений Романович,лейтенант,4,30
Борисов Сергей Дмитриевич,полковник,6,38
Соколов Кирилл Юрьевич,прапорщик,12,58
Никитин Денис Кириллович,сержант,12,32
Соколов Никита Алексеевич,сержант,4,41
Фёдоров Егор Сергеевич,полковник,1,21
Кузнецов Евгений Андреевич,сержант,3,23
Сидоров Михаил Максимович,рядовой,5,52
Морозов Андрей Иванович,рядовой,2,52
Павлов Юрий Романович,майор,5,45
Семёнов Роман Алексеевич,капитан,1,18
Семёнов Павел Сергеевич,лейтенант,11,56
Петров Константин Олегович,полковник,10,38
Егоров Михаил Алексеевич,сержант,11,45
Кочергин Андрей Романович,рядовой,11,48
Николаев Михаил Романович,капитан,7,38
Васильев Степан Дмитриевич,майор,1,25
Борисов Егор Юрьевич,капитан,4,27
Попов Степан Павлович,лейтенант,3,46
Петров Степан Ильич,прапорщик,4,54
Лебедев Павел Александрович,капитан,9,47
Николаев Олег Максимович,капитан,7,41
Алексеев Виктор Ильич,лейтенант,11,34
Петров Алексей Ильич,рядовой,11,51
Сидоров Матвей Олегович,сержант,4,36
Фёдоров Михаил Никитич,майор,2,33
Орлов Павел Ильич,полковник,7,20
Попов Дмитрий Викторович,капитан,8,48
Николаев Павел Кириллович,лейтенант,12,19
Михайлов Максим Александрович,полковник,9,55
Кочергин Олег Иванович,рядовой,3,30
Никитин Матвей Юрьевич,рядовой,9,49
Борисов Егор Кириллович,прапорщик,7,29
Кочергин Павел Иванович,лейтенант,7,58
Яковлев Матвей Максимович,рядовой,6,38
Морозов Михаил Михайлович,капитан,2,49
Алексеев Егор Олегович,прапорщик,7,23
Семёнов Денис Ильич,полковник,10,18
Орлов Виктор Юрьевич,майор,9,41
Степанов Юрий Максимович,сержант,9,51
Васильев Александр Максимович,прапорщик,6,57
Сидоров Денис Максимович,майор,1,48
Яковлев Павел Алексеевич,прапорщик,4,53
Борисов Алексей Михайлович,капитан,11,37
Попов Иван Андреевич,майор,5,44
Фёдоров Алексей Андреевич,полковник,1,25
Павлов Максим Викторович,капитан,8,31
Степанов Андрей Алексеевич,лейтенант,11,40
Павлов Денис Кириллович,лейтенант,5,38
Андреев Евгений Максимович,капитан,4,42
Попов Кирилл Викторович,майор,2,37
Макаров Иван Олегович,сержант,12,58
Козлов Илья Андреевич,майор,4,39
Попов Павел Андреевич,майор,2,56
Николаев Роман Алексеевич,рядовой,9,50
Захаров Виктор Максимович,рядовой,9,22
Степанов Никита Александрович,лейтенант,8,28
Козлов Иван Михайлович,майор,12,59
Зайцев Дмитрий Юрьевич,полковник,9,23
Морозов Степан Кириллович,полковник,9,20
Морозов Михаил Олегович,полковник,11,24
Андреев Дмитрий Александрович,майор,6,56
Соколов Юрий Кириллович,сержант,8,59
Сидоров Илья Андреевич,сержант,4,48
Морозов Константин Олегович,полковник,2,59
Семёнов Роман Кириллович,майор,4,60
Васильев Павел Романович,прапорщик,6,50
Попов Кирилл Дмитриевич,рядовой,8,50
Новиков Кирилл Кириллович,полковник,6,34
Васильев Кирилл Никитич,майор,1,48
Лебедев Иван Кириллович,рядовой,6,39
Новиков Андрей Михайлович,лейтенант,8,20
Андреев Евгений Максимович,прапорщик,10,57
Яковлев Олег Дмитриевич,прапорщик,3,40
Семёнов Юрий Дмитриевич,прапорщик,10,41
Зайцев Андрей Кириллович,прапорщик,2,51
Соловьёв Максим Дмитриевич,капитан,12,44
Яковлев Александр Олегович,сержант,9,38
Макаров Юрий Кириллович,майор,4,46
Петров Олег Павлович,прапорщик,1,57
Зайцев Евгений Алексеевич,лейтенант,1,47
Фёдоров Максим Никитич,сержант,7,30
Алексеев Никита Ильич,лейтенант,8,52
Лебедев Андрей Викторович,майор,8,47
Морозов Павел Олегович,прапорщик,1,41
Семёнов Роман Сергеевич,полковник,4,55
Кочергин Виктор Юрьевич,полковник,3,48
Новиков Роман Никитич,майор,10,35
Васильев Олег Никитич,майор,10,41
Новиков Максим Александрович,лейтенант,8,36
Сидоров Дмитрий Дмитриевич,прапорщик,6,25
Новиков Егор Иванович,сержант,3,51
Степанов Дмитрий Андреевич,сержант,7,28
Попов Роман Павлович,рядовой,3,46
Смирнов Илья Юрьевич,капитан,5,31
Иванов Кирилл Андреевич,прапорщик,11,41
Борисов Степан Максимович,прапорщик,10,43
Яковлев Александр Андреевич,полковник,6,31
Павлов Сергей Романович,капитан,11,20
Борисов Андрей Александрович,майор,1,20
Макаров Кирилл Никитич,сержант,8,54
Павлов Константин Ильич,прапорщик,4,54
Андреев Сергей Кириллович,капитан,8,29
Морозов Степан Алексеевич,сержант,9,40
Соколов Александр Андреевич,капитан,9,50
Егоров Никита Викторович,лейтенант,11,38
Семёнов Денис Романович,сержант,8,29
Егоров Роман Кириллович,полковник,9,56
Васильев Иван Михайлович,прапорщик,11,34
Морозов Максим Сергеевич,майор,3,52
Морозов Евгений Юрьевич,сержант,7,21
Кочергин Степан Михайлович,капитан,8,29
Захаров Евгений Ильич,капитан,12,56
Козлов Роман Юрьевич,майор,12,27
Николаев Константин Михайлович,капитан,5,20
Лебедев Дмитрий Сергеевич,капитан,1,39
Новиков Матвей Александрович,капитан,7,49
Алексеев Максим Кириллович,полковник,3,19
Алексеев Михаил Викторович,сержант,12,51
Николаев Степан Алексеевич,лейтенант,5,47
Борисов Егор Ильич,лейтенант,2,36
Иванов Дмитрий Павлович,прапорщик,2,44
Николаев Павел Михайлович,рядовой,8,22
Михайлов Сергей Максимович,сержант,4,43
Фёдоров Дмитрий Романович,сержант,6,36
Соловьёв Егор Кириллович,сержант,4,36
Николаев Дмитрий Михайлович,сержант,10,52
Алексеев Виктор Сергеевич,майор,3,49
Павлов Евгений Иванович,майор,3,18
Зайцев Андрей Романович,полковник,2,50
Алексеев Михаил Сергеевич,прапорщик,11,56
Семёнов Алексей Сергеевич,рядовой,10,23
Лебедев Матвей Михайлович,полковник,5,25
Михайлов Максим Ильич,рядовой,11,54
Лебедев Егор Юрьевич,лейтенант,5,58
Козлов Кирилл Павлович,капитан,9,42
Егоров Виктор Максимович,лейтенант,9,47
Лебедев Артём Кириллович,прапорщик,11,38
Макаров Юрий Павлович,капитан,12,21
Николаев Михаил Никитич,рядовой,9,47
Алексеев Михаил Дмитриевич,лейтенант,11,55
Яковлев Юрий Иванович,прапорщик,6,48
Борисов Иван Викторович,лейтенант,2,49
Новиков Артём Павлович,полковник,8,59
Иванов Никита Романович,прапорщик,2,34
Сидоров Никита Александрович,лейтенант,8,54
Егоров Артём Дмитриевич,майор,2,22
Макаров Михаил Алексеевич,сержант,11,33
Макаров Никита Викторович,майор,9,21
Смирнов Алексей Иванович,майор,2,42
Козлов Сергей Кириллович,капитан,10,21
Макаров Егор Максимович,майор,5,50
Степанов Денис Кириллович,лейтенант,4,43
Зайцев Илья Никитич,лейтенант,11,59
Попов Олег Дмитриевич,майор,4,25
Кочергин Олег Михайлович,полковник,5,29
Морозов Максим Сергеевич,сержант,4,23
Алексеев Алексей Павлович,сержант,3,49
Козлов Александр Кириллович,сержант,1,59
Новиков Сергей Дмитриевич,лейтенант,6,37
Егоров Сергей Максимович,майор,7,35
Васильев Денис Павлович,майор,8,21
Степанов Роман Максимович,рядовой,12,42
Кочергин Илья Иванович,майор,4,34
Макаров Иван Павлович,сержант,9,21
Степанов Юрий Дмитриевич,полковник,5,19
Петров Александр Викторович,сержант,7,49
Попов Константин Романович,лейтенант,10,21
Фёдоров Михаил Никитич,рядовой,10,43
Борисов Денис Юрьевич,рядовой,4,55
Новиков Роман Юрьевич,полковник,2,28
Михайлов Роман Кириллович,майор,12,18
Михайлов Алексей Андреевич,прапорщик,10,25
Зайцев Алексей Сергеевич,майор,1,41
Зайцев Юрий Кириллович,сержант,4,20
Зайцев Иван Кириллович,капитан,3,29
Алексеев Денис Викторович,майор,1,34
Сидоров Матвей Алексеевич,рядовой,12,42
Павлов Евгений Александрович,полковник,6,36
Борисов Павел Романович,полковник,5,24
Орлов Степан Дмитриевич,сержант,11,21
Лебедев Артём Иванович,полковник,10,43
Семёнов Павел Никитич,рядовой,2,38
Михайлов Кирилл Александрович,полковник,4,47
Макаров Сергей Максимович,полковник,11,52
Андреев Матвей Юрьевич,капитан,2,39
Яковлев Евгений Романович,лейтенант,2,34
Алексеев Матвей Иванович,капитан,5,44
Борисов Степан Дмитриевич,прапорщик,2,23
Кузнецов Артём Александрович,капитан,11,25
Иванов Кирилл Дмитриевич,майор,7,25
Орлов Сергей Алексеевич,капитан,12,56
Орлов Кирилл Юрьевич,лейтенант,4,19
Васильев Андрей Александрович,прапорщик,6,45
Смирнов Никита Викторович,рядовой,10,18
Иванов Михаил Михайлович,майор,4,37
Соколов Иван Ильич,полковник,12,53
Орлов Максим Иванович,капитан,1,23
Сидоров Никита Сергеевич,рядовой,10,39
Козлов Евгений Кириллович,рядовой,8,54
Иванов Олег Дмитриевич,майор,4,51
Фёдоров Михаил Викторович,полковник,10,34
Степанов Павел Иванович,капитан,7,30
Морозов Матвей Кириллович,прапорщик,10,22
Соловьёв Егор Михайлович,полковник,10,48
Кочергин Кирилл Олегович,рядовой,7,58
Кузнецов Виктор Сергеевич,лейтенант,9,43
Кузнецов Константин Викторович,лейтенант,10,46
Морозов Михаил Юрьевич,рядовой,10,47
Николаев Олег Максимович,капитан,4,47
Фёдоров Андрей Романович,рядовой,9,37
Смирнов Андрей Максимович,полковник,8,28
Петров Андрей Сергеевич,лейтенант,5,56
Степанов Олег Ильич,сержант,10,50
Орлов Дмитрий Дмитриевич,лейтенант,11,48
Смирнов Иван Сергеевич,лейтенант,6,35
Алексеев Олег Александрович,капитан,5,43
Макаров Роман Кириллович,сержант,2,38
Кочергин Юрий Павлович,майор,1,19
Макаров Роман Олегович,полковник,2,27
Яковлев Денис Кириллович,прапорщик,6,54
Иванов Константин Иванович,прапорщик,8,57
Морозов Матвей Никитич,сержант,4,43
Кочергин Алексей Олегович,рядовой,6,33
Борисов Константин Сергеевич,лейтенант,10,48
Степанов Максим Ильич,лейтенант,2,58
Орлов Кирилл Михайлович,прапорщик,8,41
Кузнецов Юрий Сергеевич,капитан,2,30
Алексеев Степан Павлович,капитан,4,28
Смирнов Алексей Михайлович,сержант,9,54
Морозов Матвей Дмитриевич,капитан,4,42
Новиков Алексей Андреевич,прапорщик,11,45
Семёнов Евгений Сергеевич,рядовой,9,27
Козлов Никита Иванович,капитан,7,32
Лебедев Максим Дмитриевич,прапорщик,6,52
Макаров Никита Олегович,сержант,4,41
Макаров Алексей Романович,лейтенант,8,34
Попов Олег Викторович,рядовой,5,32
Семёнов Павел Андреевич,прапорщик,4,52
Соколов Олег Максимович,прапорщик,6,30
Лебедев Егор Александрович,капитан,5,52
Яковлев Матвей Дмитриевич,капитан,6,41
Егоров Максим Олегович,прапорщик,12,51
Петров Матвей Павлович,рядовой,2,55
Степанов Михаил Андреевич,полковник,9,23
Лебедев Илья Андреевич,полковник,7,47
Иванов Виктор Юрьевич,сержант,10,36
Кочергин Михаил Дмитриевич,лейтенант,3,59
Михайлов Андрей Михайлович,капитан,9,52
Никитин Дмитрий Сергеевич,прапорщик,4,47
Кузнецов Евгений Романович,лейтенант,11,60
Васильев Алексей Викторович,прапорщик,8,43
Макаров Виктор Михайлович,рядовой,1,53
Сидоров Алексей Олегович,прапорщик,10,55
Алексеев Иван Михайлович,рядовой,7,20
Васильев Иван Павлович,лейтенант,6,43
Петров Александр Олегович,сержант,3,26
Кочергин Андрей Кириллович,сержант,12,48
Орлов Дмитрий Олегович,лейтенант,5,42
Морозов Павел Викторович,рядовой,11,25
Козлов Степан Павлович,прапорщик,7,32
Егоров Дмитрий Кириллович,рядовой,3,31
Алексеев Дмитрий Павлович,лейтенант,10,35
Сидоров Иван Сергеевич,лейтенант,12,35
Никитин Никита Олегович,майор,6,51
Васильев Максим Викторович,лейтенант,9,22
Алексеев Кирилл Викторович,сержант,7,27
Николаев Кирилл Андреевич,прапорщик,11,34
Васильев Дмитрий Сергеевич,прапорщик,2,34
Морозов Кирилл Сергеевич,лейтенант,2,51
Соловьёв Алексей Иванович,капитан,9,30
Егоров Максим Андреевич,прапорщик,11,49
Яковлев Иван Викторович,капитан,12,57
Андреев Павел Павлович,полковник,9,53
Попов Денис Кириллович,лейтенант,10,45
Соловьёв Илья Юрьевич,рядовой,12,52
Лебедев Илья Михайлович,капитан,7,42
Николаев Алексей Юрьевич,рядовой,3,55
Петров Юрий Сергеевич,сержант,3,42
Алексеев Роман Викторович,полковник,11,45
Степанов Андрей Романович,капитан,12,29
Зайцев Олег Алексеевич,лейтенант,5,51
Борисов Алексей Андреевич,рядовой,9,18
Павлов Сергей Сергеевич,лейтенант,6,42
Соловьёв Никита Романович,капитан,2,44
Попов Сергей Ильич,прапорщик,4,57
Алексеев Роман Михайлович,прапорщик,8,48
Лебедев Матвей Ильич,сержант,12,32
Егоров Константин Александрович,майор,3,33
Соколов Матвей Андреевич,лейтенант,3,60
Новиков Дмитрий Никитич,полковник,8,30
Егоров Евгений Дмитриевич,прапорщик,8,22
Кузнецов Иван Павлович,полковник,9,46
Иванов Егор Александрович,полковник,8,39
Васильев Константин Максимович,капитан,10,35
Фёдоров Максим Сергеевич,майор,10,59
Михайлов Матвей Максимович,рядовой,4,30
Захаров Евгений Иванович,майор,12,42
Егоров Михаил Викторович,рядовой,12,43
Козлов Павел Сергеевич,майор,3,32
Морозов Павел Дмитриевич,майор,10,44
Семёнов Александр Сергеевич,полковник,6,40
Соколов Матвей Юрьевич,полковник,7,50
Иванов Степан Александрович,прапорщик,5,47
Козлов Павел Юрьевич,лейтенант,12,23
Сидоров Евгений Павлович,прапорщик,2,36
Смирнов Иван Михайлович,полковник,1,35
Смирнов Егор Юрьевич,сержант,10,53
Васильев Артём Олегович,лейтенант,6,31
Борисов Евгений Александрович,прапорщик,8,43
Борисов Павел Максимович,капитан,10,51
Михайлов Юрий Иванович,майор,1,44
Васильев Денис Кириллович,сержант,7,43
Никитин Матвей Иванович,лейтенант,1,46
Попов Виктор Дмитриевич,капитан,4,36
Попов Константин Никитич,рядовой,3,57
Иванов Виктор Ильич,лейтенант,12,57
Макаров Матвей Дмитриевич,лейтенант,10,23
Яковлев Артём Андреевич,капитан,11,52
Морозов Роман Олегович,прапорщик,7,56
Николаев Егор Михайлович,прапорщик,1,31
Захаров Юрий Павлович,лейтенант,7,20
Кузнецов Михаил Михайлович,рядовой,3,56
Морозов Евгений Ильич,рядовой,7,44
Петров Константин Михайлович,полковник,6,35
Соколов Кирилл Андреевич,сержант,3,24
Орлов Денис Юрьевич,сержант,1,31
Смирнов Артём Никитич,рядовой,12,55
Кочергин Денис Никитич,майор,12,19
Попов Алексей Олегович,прапорщик,2,41
Николаев Олег Павлович,полковник,6,28
Алексеев Юрий Никитич,рядовой,6,53
Орлов Алексей Павлович,лейтенант,2,48
Смирнов Максим Никитич,рядовой,11,52
Михайлов Денис Александрович,лейтенант,4,38
Павлов Роман Андреевич,майор,10,55
Смирнов Андрей Максимович,полковник,11,31
Андреев Илья Алексеевич,майор,8,41
Попов Артём Кириллович,прапорщик,3,29
Алексеев Павел Романович,капитан,11,42
Никитин Андрей Кириллович,полковник,8,60
Егоров Евгений Алексеевич,майор,6,52
Иванов Егор Михайлович,майор,6,24
Степанов Евгений Андреевич,прапорщик,9,31
Павлов Артём Кириллович,сержант,12,26
Степанов Иван Иванович,лейтенант,4,37
Кузнецов Юрий Андреевич,капитан,11,54
Попов Павел Алексеевич,майор,7,43
Кочергин Кирилл Викторович,полковник,10,47
Орлов Виктор Иванович,прапорщик,1,58
Егоров Константин Юрьевич,рядовой,2,39
Морозов Михаил Викторович,сержант,8,39
Кочергин Константин Юрьевич,рядовой,8,56
Соколов Александр Олегович,сержант,5,58
Зайцев Степан Юрьевич,майор,6,39
Петров Юрий Викторович,сержант,8,23
Васильев Степан Кириллович,майор,6,21
Морозов Иван Михайлович,майор,7,49
Яковлев Алексей Алексеевич,капитан,11,24
Захаров Виктор Максимович,капитан,6,29
Зайцев Матвей Александрович,майор,3,46
Лебедев Максим Викторович,лейтенант,12,41
Борисов Олег Михайлович,майор,3,23
Сидоров Кирилл Юрьевич,капитан,6,48
Захаров Максим Сергеевич,рядовой,9,54
Николаев Артём Павлович,капитан,3,20
Зайцев Илья Алексеевич,майор,10,26
Егоров Дмитрий Максимович,сержант,8,56
Егоров Егор Викторович,прапорщик,6,38
Николаев Виктор Андреевич,майор,3,23
Васильев Олег Ильич,лейтенант,12,33
Лебедев Алексей Алексеевич,лейтенант,7,27
Петров Никита Кириллович,капитан,10,37
Смирнов Денис Никитич,сержант,9,55
Васильев Сергей Ильич,лейтенант,6,21
Соколов Илья Александрович,лейтенант,1,25
Егоров Иван Сергеевич,капитан,8,25
Алексеев Юрий Никитич,полковник,7,59
Степанов Павел Алексеевич,сержант,7,43
Макаров Алексей Юрьевич,лейтенант,7,39
Николаев Денис Павлович,майор,5,38
Смирнов Матвей Александрович,полковник,10,49
Петров Дмитрий Дмитриевич,рядовой,5,37
Макаров Виктор Александрович,лейтенант,9,51
Михайлов Кирилл Юрьевич,майор,4,48
Сидоров Евгений Романович,майор,8,52
Сидоров Илья Никитич,лейтенант,12,24
Козлов Илья Максимович,рядовой,5,43
Смирнов Михаил Никитич,сержант,10,55
Морозов Денис Иванович,сержант,10,47
Андреев Илья Юрьевич,рядовой,11,29
Борисов Юрий Ильич,рядовой,2,53
Новиков Олег Дмитриевич,майор,7,20
Васильев Олег Викторович,лейтенант,7,35
Егоров Матвей Романович,лейтенант,2,25
Никитин Кирилл Романович,сержант,1,39
Козлов Степан Сергеевич,прапорщик,10,26
Борисов Михаил Романович,сержант,11,48
Яковлев Михаил Михайлович,прапорщик,7,40
Иванов Денис Павлович,лейтенант,6,36
Соколов Виктор Сергеевич,полковник,7,38
Семёнов Павел Алексеевич,рядовой,10,45
Соловьёв Виктор Михайлович,капитан,4,57
Соловьёв Илья Павлович,лейтенант,3,60
Семёнов Дмитрий Павлович,рядовой,5,56
Соколов Кирилл Алексеевич,сержант,4,53
Иванов Юрий Александрович,полковник,5,47
Козлов Алексей Юрьевич,прапорщик,3,44
Борисов Михаил Иванович,прапорщик,12,31
Николаев Матвей Кириллович,прапорщик,3,58
Андреев Денис Кириллович,капитан,1,31
Макаров Иван Михайлович,рядовой,8,56
Никитин Александр Михайлович,сержант,3,49
Алексеев Андрей Викторович,лейтенант,6,48
Соловьёв Илья Олегович,лейтенант,1,31
Петров Иван Юрьевич,капитан,7,18
Николаев Алексей Алексеевич,полковник,4,39
Смирнов Михаил Ильич,капитан,6,22
Степанов Матвей Андреевич,прапорщик,2,39
Степанов Юрий Романович,лейтенант,6,44
Николаев Денис Викторович,сержант,1,42
Зайцев Илья Юрьевич,лейтенант,9,46
Алексеев Константин Дмитриевич,рядовой,9,56
Степанов Евгений Александрович,лейтенант,6,39
Фёдоров Андрей Никитич,полковник,7,26
Козлов Матвей Сергеевич,капитан,12,51
Егоров Роман Максимович,сержант,10,24
Лебедев Михаил Андреевич,прапорщик,2,35
Новиков Егор Максимович,прапорщик,10,49
Орлов Никита Олегович,майор,11,32
Лебедев Олег Павлович,сержант,5,40
Лебедев Матвей Иванович,полковник,10,48
Павлов Матвей Юрьевич,полковник,12,20
Козлов Сергей Иванович,сержант,2,20
Соловьёв Михаил Павлович,прапорщик,4,59
Соловьёв Максим Алексеевич,полковник,6,19
Борисов Егор Олегович,рядовой,6,22
Кузнецов Михаил Андреевич,полковник,4,36
Захаров Денис Андреевич,рядовой,1,34
Морозов Степан Кириллович,капитан,3,22
Никитин Денис Романович,рядовой,3,56
Егоров Матвей Михайлович,рядовой,9,52
Соловьёв Матвей Дмитриевич,лейтенант,12,29
Иванов Максим Михайлович,лейтенант,5,59
Яковлев Павел Сергеевич,рядовой,11,57
Кочергин Артём Никитич,сержант,8,49
Морозов Андрей Кириллович,капитан,3,30
Кочергин Константин Алексеевич,капитан,2,47
Морозов Павел Алексеевич,сержант,11,44
Иванов Павел Викторович,полковник,12,32
Андреев Иван Кириллович,лейтенант,8,25
Захаров Юрий Дмитриевич,полковник,6,45
Попов Максим Александрович,рядовой,2,50
Соловьёв Роман Романович,прапорщик,4,60
Никитин Денис Олегович,полковник,5,40
Кочергин Роман Ильич,полковник,10,24
Егоров Дмитрий Олегович,капитан,1,44
Попов Матвей Романович,майор,3,41
Попов Андрей Никитич,полковник,5,27
Орлов Максим Александрович,капитан,10,24
Орлов Юрий Сергеевич,майор,1,32
Кочергин Иван Александрович,прапорщик,2,33
Попов Максим Михайлович,рядовой,2,54
Попов Константин Кириллович,рядовой,5,46
Петров Евгений Сергеевич,сержант,4,20
Кузнецов Илья Максимович,сержант,7,52
Егоров Алексей Романович,рядовой,3,55
Макаров Матвей Юрьевич,сержант,2,58
Никитин Матвей Павлович,сержант,9,36
Яковлев Михаил Кириллович,полковник,4,47
Петров Юрий Иванович,рядовой,9,43
Михайлов Максим Михайлович,прапорщик,9,43
Сидоров Олег Романович,лейтенант,10,57
Михайлов Павел Никитич,прапорщик,7,36
Николаев Илья Алексеевич,полковник,11,43
Соловьёв Егор Павлович,полковник,5,29
Степанов Сергей Сергеевич,капитан,10,51
Макаров Иван Сергеевич,полковник,2,20
Иванов Никита Олегович,сержант,7,57
Павлов Степан Олегович,сержант,2,38
Андреев Матвей Юрьевич,майор,7,22
Иванов Павел Павлович,сержант,12,46
Сидоров Никита Юрьевич,прапорщик,11,56
Смирнов Роман Ильич,прапорщик,8,29
Васильев Денис Алексеевич,майор,6,46
Павлов Роман Иванович,капитан,12,49
Яковлев Илья Ильич,капитан,7,56
Попов Егор Максимович,капитан,9,60
Соловьёв Алексей Ильич,сержант,12,49
Макаров Роман Максимович,майор,4,39
Лебедев Олег Ильич,полковник,6,51
Николаев Егор Иванович,рядовой,12,29
Смирнов Олег Михайлович,прапорщик,8,45
Морозов Максим Максимович,полковник,1,57
Иванов Матвей Максимович,рядовой,5,20
Васильев Иван Кириллович,лейтенант,12,42
Новиков Роман Викторович,сержант,1,60
Никитин Алексей Павлович,прапорщик,8,46
Алексеев Никита Сергеевич,сержант,3,35
Борисов Евгений Кириллович,прапорщик,2,40
Кузнецов Константин Александрович,сержант,11,52
Соколов Михаил Викторович,сержант,8,23
Кузнецов Михаил Олегович,рядовой,5,57
Соловьёв Никита Кириллович,майор,8,59
Козлов Роман Иванович,майор,11,57
Андреев Константин Романович,майор,10,46
Макаров Сергей Иванович,рядовой,4,39
Степанов Константин Романович,лейтенант,4,59
Сидоров Евгений Павлович,рядовой,3,37
Алексеев Кирилл Александрович,майор,8,19
Никитин Александр Александрович,полковник,11,18
Иванов Александр Никитич,капитан,11,31
Семёнов Степан Дмитриевич,капитан,11,32
Фёдоров Никита Олегович,сержант,4,30
Сидоров Евгений Викторович,сержант,6,59
Соловьёв Михаил Александрович,рядовой,1,39
Новиков Денис Алексеевич,полковник,8,27
Захаров Матвей Юрьевич,капитан,10,31
Орлов Кирилл Юрьевич,прапорщик,2,34
Орлов Степан Никитич,майор,12,27
Михайлов Виктор Михайлович,майор,7,43
Сидоров Константин Сергеевич,лейтенант,2,45
Петров Максим Максимович,полковник,7,46
Иванов Андрей Иванович,сержант,7,46
Михайлов Иван Павлович,полковник,1,28
Николаев Матвей Андреевич,сержант,2,52
Смирнов Александр Олегович,рядовой,6,60
Новиков Константин Андреевич,прапорщик,9,41
Яковлев Иван Алексеевич,лейтенант,4,57
Кочергин Константин Михайлович,полковник,12,43
Алексеев Егор Александрович,полковник,2,34
Семёнов Павел Никитич,майор,9,30
Егоров Олег Алексеевич,майор,5,37
Яковлев Олег Кириллович,майор,5,29
Никитин Евгений Олегович,прапорщик,8,23
Степанов Максим Алексеевич,прапорщик,9,58
Захаров Павел Дмитриевич,сержант,6,29
Никитин Илья Александрович,полковник,1,44
Кочергин Александр Викторович,сержант,11,37
Васильев Александр Ильич,прапорщик,1,47
Иванов Юрий Викторович,полковник,11,23
Кузнецов Денис Дмитриевич,майор,6,46
Макаров Артём Михайлович,капитан,7,42
Новиков Павел Михайлович,рядовой,8,34
Орлов Кирилл Юрьевич,лейтенант,12,43
Иванов Михаил Максимович,капитан,1,56
Смирнов Сергей Дмитриевич,лейтенант,5,46
Иванов Олег Сергеевич,майор,1,31
Михайлов Сергей Олегович,полковник,8,58
Кочергин Юрий Андреевич,прапорщик,12,48
Петров Артём Романович,полковник,7,26
Попов Андрей Романович,сержант,11,52
Яковлев Артём Юрьевич,прапорщик,2,30
Морозов Матвей Иванович,сержант,4,44
Михайлов Денис Олегович,рядовой,5,37
Кузнецов Кирилл Алексеевич,рядовой,10,27
Алексеев Артём Михайлович,лейтенант,1,55
Фёдоров Дмитрий Михайлович,рядовой,3,52
Захаров Артём Михайлович,майор,6,60
Васильев Роман Андреевич,майор,4,52
Алексеев Сергей Алексеевич,лейтенант,9,19
Сидоров Евгений Иванович,сержант,5,47
Кочергин Кирилл Кириллович,капитан,3,48
Смирнов Иван Романович,сержант,11,40
Новиков Михаил Алексеевич,лейтенант,1,48
Смирнов Кирилл Ильич,лейтенант,6,28
Макаров Егор Алексеевич,сержант,3,44
Фёдоров Артём Сергеевич,прапорщик,11,36
Зайцев Андрей Романович,лейтенант,9,26
Васильев Алексей Романович,рядовой,8,38
Соловьёв Матвей Михайлович,рядовой,6,53
Андреев Павел Дмитриевич,капитан,1,20
Кочергин Максим Иванович,сержант,1,26
Сидоров Сергей Олегович,майор,9,44
Иванов Никита Ильич,рядовой,11,31
Степанов Павел Викторович,майор,9,20
Попов Виктор Максимович,капитан,9,53
Яковлев Максим Никитич,полковник,5,51
Борисов Евгений Дмитриевич,майор,3,42
Петров Роман Никитич,сержант,6,20
Петров Алексей Павлович,сержант,6,40
Фёдоров Евгений Александрович,рядовой,9,20
Васильев Максим Ильич,полковник,5,51
Макаров Олег Дмитриевич,капитан,8,20
Захаров Роман Павлович,прапорщик,4,23
Сидоров Дмитрий Михайлович,рядовой,8,58
Зайцев Михаил Сергеевич,майор,7,36
Борисов Алексей Никитич,прапорщик,2,27
Захаров Юрий Максимович,лейтенант,2,49
Кузнецов Денис Сергеевич,прапорщик,6,41
Степанов Степан Олегович,майор,3,41
Кочергин Александр Юрьевич,сержант,4,49
Соловьёв Олег Сергеевич,рядовой,9,35
Козлов Юрий Романович,сержант,5,57
Морозов Сергей Максимович,прапорщик,5,27
Зайцев Олег Александрович,рядовой,5,24
Новиков Юрий Павлович,капитан,12,49
Никитин Кирилл Андреевич,сержант,8,20
Орлов Павел Павлович,прапорщик,6,58
Никитин Матвей Викторович,сержант,11,56
Никитин Кирилл Сергеевич,прапорщик,7,47
Захаров Роман Романович,прапорщик,2,30
Никитин Илья Романович,сержант,7,24
Соловьёв Роман Викторович,лейтенант,5,30
Макаров Максим Викторович,прапорщик,11,22
Николаев Кирилл Юрьевич,майор,3,50
Петров Павел Никитич,сержант,9,18
Яковлев Андрей Иванович,майор,10,55
Новиков Никита Иванович,прапорщик,3,22
Новиков Степан Олегович,полковник,9,31
Сидоров Павел Олегович,капитан,4,60
Николаев Никита Викторович,полковник,8,31
Смирнов Павел Никитич,майор,4,23
Захаров Евгений Викторович,майор,9,39
Алексеев Юрий Алексеевич,прапорщик,3,38
Орлов Степан Ильич,капитан,5,31
Смирнов Юрий Викторович,прапорщик,2,20
Михайлов Юрий Ильич,сержант,2,26
Николаев Роман Иванович,сержант,9,45
Морозов Евгений Алексеевич,майор,1,39
Андреев Виктор Иванович,капитан,6,50
Борисов Степан Юрьевич,полковник,12,43
Зайцев Александр Михайлович,рядовой,10,60
Иванов Артём Никитич,полковник,6,52
Лебедев Илья Кириллович,лейтенант,12,25
Михайлов Кирилл Юрьевич,рядовой,5,32
Зайцев Александр Кириллович,лейтенант,4,19
Семёнов Дмитрий Олегович,капитан,6,44
Петров Олег Павлович,лейтенант,2,29
Смирнов Роман Викторович,майор,11,30
Зайцев Иван Александрович,рядовой,5,59
Новиков Степан Олегович,рядовой,3,24
Соколов Никита Павлович,капитан,8,30
Зайцев Степан Юрьевич,полковник,2,51
Попов Матвей Павлович,сержант,8,34
Смирнов Олег Никитич,сержант,12,36
Морозов Степан Александрович,сержант,2,57
Морозов Алексей Алексеевич,рядовой,2,25
Кузнецов Алексей Михайлович,рядовой,3,40
Никитин Роман Романович,лейтенант,5,54
Егоров Виктор Викторович,лейтенант,4,39
Степанов Андрей Дмитриевич,капитан,12,32
Борисов Кирилл Кириллович,капитан,8,42
Михайлов Андрей Романович,прапорщик,3,33
Павлов Александр Максимович,капитан,12,26
Кочергин Матвей Олегович,сержант,9,52
Захаров Олег Сергеевич,майор,6,40
Васильев Сергей Кириллович,лейтенант,12,34
Лебедев Степан Павлович,полковник,8,22
Алексеев Павел Сергеевич,сержант,11,23
Андреев Максим Никитич,капитан,11,20
Иванов Иван Александрович,рядовой,9,25
Лебедев Константин Дмитриевич,полковник,12,32
Соловьёв Артём Михайлович,прапорщик,11,45
Егоров Матвей Александрович,прапорщик,4,40
Алексеев Михаил Алексеевич,майор,9,27
Михайлов Иван Никитич,капитан,8,27
Соколов Олег Ильич,сержант,8,56
Новиков Олег Викторович,майор,10,48
Семёнов Михаил Михайлович,майор,12,50
Семёнов Андрей Никитич,полковник,11,60
Новиков Олег Александрович,рядовой,11,49
Попов Денис Никитич,капитан,8,31
Сидоров Алексей Ильич,лейтенант,9,53
Андреев Кирилл Павлович,рядовой,11,37
Николаев Алексей Алексеевич,майор,2,55
Фёдоров Никита Михайлович,прапорщик,10,55
Павлов Егор Павлович,майор,1,47
Андреев Кирилл Иванович,майор,12,43
Павлов Андрей Никитич,капитан,3,48
Лебедев Илья Максимович,сержант,4,47
Иванов Денис Сергеевич,майор,5,43
Смирнов Юрий Иванович,сержант,11,37
Михайлов Роман Олегович,лейтенант,11,21
Кузнецов Денис Сергеевич,капитан,7,41
Смирнов Иван Романович,майор,11,18
Иванов Павел Алексеевич,лейтенант,2,55
Зайцев Степан Иванович,полковник,2,60
Зайцев Константин Сергеевич,лейтенант,10,53
Николаев Юрий Викторович,прапорщик,1,49
Орлов Константин Александрович,капитан,8,32
Соловьёв Сергей Михайлович,лейтенант,1,40
Никитин Константин Дмитриевич,полковник,1,48
Соловьёв Сергей Дмитриевич,капитан,3,37
Андреев Павел Кириллович,лейтенант,9,31
Михайлов Михаил Викторович,сержант,9,24
Орлов Дмитрий Алексеевич,майор,5,60
Соколов Сергей Александрович,капитан,7,50
Новиков Максим Никитич,прапорщик,10,22
Алексеев Илья Иванович,сержант,2,30
Фёдоров Евгений Александрович,рядовой,11,35
Соколов Егор Александрович,сержант,11,29
Орлов Степан Никитич,прапорщик,6,55
Фёдоров Андрей Александрович,полковник,4,46
Петров Павел Алексеевич,полковник,6,18
Семёнов Матвей Кириллович,лейтенант,6,37
Смирнов Роман Юрьевич,полковник,9,43
Степанов Денис Павлович,рядовой,12,29
Кочергин Юрий Павлович,майор,4,41
Кузнецов Евгений Алексеевич,полковник,10,54
Михайлов Александр Кириллович,капитан,6,38
Семёнов Дмитрий Викторович,полковник,1,34
Петров Артём Викторович,капитан,11,50
Никитин Виктор Юрьевич,сержант,12,43
Попов Константин Сергеевич,сержант,12,38
Михайлов Алексей Романович,рядовой,10,47
Алексеев Денис Максимович,майор,11,56
Новиков Илья Викторович,лейтенант,4,34
Петров Алексей Дмитриевич,полковник,5,60
Петров Роман Никитич,лейтенант,4,50
Михайлов Олег Максимович,прапорщик,2,46
Андреев Михаил Олегович,майор,5,54
Орлов Михаил Юрьевич,капитан,2,48
Егоров Александр Ильич,прапорщик,4,28
Васильев Виктор Александрович,майор,7,60
Козлов Михаил Павлович,прапорщик,12,48
Козлов Денис Кириллович,сержант,9,21
Попов Роман Александрович,рядовой,11,31
Макаров Никита Максимович,сержант,6,56
Семёнов Алексей Максимович,прапорщик,1,29
Лебедев Дмитрий Кириллович,сержант,6,20
Козлов Денис Дмитриевич,лейтенант,1,26
Павлов Алексей Дмитриевич,прапорщик,5,25
Николаев Алексей Олегович,полковник,7,36
Захаров Денис Олегович,лейтенант,1,47
Попов Роман Алексеевич,рядовой,7,21
Орлов Олег Ильич,прапорщик,2,29
Михайлов Иван Дмитриевич,майор,2,44
Михайлов Степан Олегович,сержант,4,26
Морозов Михаил Андреевич,сержант,4,46
Соловьёв Илья Сергеевич,полковник,5,49
Павлов Никита Романович,прапорщик,1,35
Андреев Роман Викторович,полковник,1,36
Егоров Константин Максимович,рядовой,3,57
Алексеев Максим Кириллович,лейтенант,2,24
Яковлев Дмитрий Кириллович,майор,10,45
Соловьёв Алексей Ильич,лейтенант,6,27
Борисов Максим Дмитриевич,рядовой,6,30
Макаров Никита Максимович,майор,10,48
Соловьёв Андрей Алексеевич,лейтенант,10,54
Никитин Михаил Никитич,полковник,10,18
Новиков Роман Дмитриевич,прапорщик,3,48
Соловьёв Егор Викторович,полковник,3,41
Смирнов Олег Максимович,полковник,1,41
Макаров Никита Андреевич,майор,10,45
Степанов Алексей Алексеевич,капитан,3,19
Новиков Алексей Алексеевич,сержант,1,49
Алексеев Егор Павлович,полковник,1,40
Сидоров Алексей Олегович,прапорщик,3,30
Семёнов Роман Алексеевич,лейтенант,3,34
Морозов Степан Юрьевич,рядовой,9,25
Новиков Степан Павлович,майор,9,50
Андреев Константин Максимович,рядовой,6,35
Смирнов Юрий Олегович,сержант,8,39
Михайлов Юрий Ильич,капитан,2,30
Сидоров Дмитрий Викторович,лейтенант,6,31
Алексеев Матвей Никитич,полковник,2,58
Зайцев Иван Олегович,лейтенант,10,53
Борисов Виктор Викторович,лейтенант,4,55
Васильев Кирилл Викторович,полковник,6,35
Соловьёв Юрий Романович,майор,8,32
Павлов Матвей Ильич,полковник,2,25
Смирнов Александр Максимович,лейтенант,11,28
Орлов Евгений Максимович,лейтенант,3,38
Орлов Михаил Алексеевич,прапорщик,4,32
Смирнов Михаил Дмитриевич,лейтенант,1,57
Яковлев Евгений Андреевич,полковник,4,38
Иванов Денис Викторович,рядовой,10,30
Борисов Кирилл Сергеевич,рядовой,11,20
Попов Алексей Михайлович,майор,1,27
Макаров Юрий Иванович,капитан,6,60
Николаев Матвей Дмитриевич,прапорщик,2,36
Зайцев Виктор Михайлович,лейтенант,10,43
Захаров Евгений Иванович,прапорщик,9,25
Павлов Константин Романович,сержант,3,58
Макаров Сергей Викторович,полковник,12,22
Соловьёв Сергей Олегович,рядовой,8,50
Николаев Олег Павлович,сержант,3,43
Орлов Александр Викторович,сержант,8,58
Степанов Кирилл Александрович,полковник,2,19
Соколов Евгений Кириллович,майор,7,39
Семёнов Илья Кириллович,прапорщик,8,22
Захаров Дмитрий Олегович,полковник,10,53
Лебедев Кирилл Ильич,лейтенант,5,30
Макаров Павел Сергеевич,капитан,7,34
Зайцев Евгений Кириллович,капитан,5,58
Козлов Евгений Сергеевич,полковник,2,34
Соколов Егор Дмитриевич,сержант,12,32
Павлов Андрей Иванович,полковник,11,27
Иванов Иван Александрович,рядовой,11,39
Морозов Степан Павлович,рядовой,2,45
Борисов Егор Юрьевич,полковник,2,36
Иванов Олег Павлович,майор,8,56
Николаев Алексей Дмитриевич,рядовой,2,60
Морозов Денис Юрьевич,сержант,7,37
Андреев Юрий Сергеевич,майор,7,39
Егоров Андрей Кириллович,прапорщик,11,24
Егоров Евгений Романович,рядовой,2,42
Васильев Александр Александрович,майор,7,33
Николаев Кирилл Павлович,майор,1,24
Зайцев Иван Алексеевич,сержант,4,23
Попов Дмитрий Михайлович,прапорщик,5,40
Борисов Сергей Ильич,рядовой,12,20
Николаев Евгений Юрьевич,сержант,5,54
Степанов Денис Кириллович,рядовой,5,57
Николаев Дмитрий Алексеевич,майор,4,53
Кузнецов Юрий Ильич,капитан,10,50
Яковлев Михаил Иванович,сержант,7,43
Козлов Сергей Кириллович,капитан,2,47
Иванов Константин Олегович,полковник,6,24
Борисов Егор Кириллович,рядовой,1,33
Васильев Юрий Романович,рядовой,2,25
Зайцев Александр Ильич,капитан,4,36
Никитин Михаил Юрьевич,прапорщик,11,36
Андреев Виктор Романович,капитан,8,43
Сидоров Александр Викторович,полковник,11,55
Михайлов Денис Павлович,полковник,5,28
Павлов Павел Викторович,сержант,12,42
Иванов Сергей Юрьевич,рядовой,4,28
Андреев Александр Павлович,полковник,2,37
Сидоров Максим Викторович,сержант,3,44
Васильев Дмитрий Юрьевич,лейтенант,4,56
Фёдоров Степан Александрович,лейтенант,12,53
Кочергин Алексей Юрьевич,майор,3,24
Степанов Юрий Дмитриевич,капитан,12,35
Сидоров Александр Александрович,майор,3,28
Смирнов Андрей Никитич,рядовой,7,51
Зайцев Егор Павлович,капитан,8,24
Захаров Сергей Иванович,сержант,5,58
Кочергин Роман Сергеевич,рядовой,9,22
Павлов Кирилл Михайлович,лейтенант,10,33
Андреев Алексей Сергеевич,майор,8,41
Зайцев Алексей Юрьевич,полковник,1,48
Новиков Кирилл Иванович,прапорщик,6,58
Зайцев Степан Алексеевич,сержант,8,59
Макаров Никита Сергеевич,рядовой,11,55
Иванов Денис Андреевич,рядовой,1,50
Иванов Илья Михайлович,рядовой,7,34
Семёнов Артём Юрьевич,прапорщик,10,41
Петров Виктор Никитич,лейтенант,4,41
Семёнов Евгений Олегович,рядовой,7,20
Фёдоров Константин Павлович,капитан,11,49
Кочергин Степан Ильич,лейтенант,9,36
Морозов Сергей Андреевич,рядовой,7,48
Смирнов Матвей Дмитриевич,прапорщик,2,58
Петров Сергей Максимович,полковник,12,50
Морозов Матвей Дмитриевич,рядовой,4,40
Соколов Дмитрий Юрьевич,рядовой,10,18
Алексеев Алексей Романович,лейтенант,7,42
Алексеев Константин Андреевич,полковник,11,54
Петров Кирилл Никитич,сержант,4,46
Фёдоров Никита Никитич,майор,11,29
Козлов Павел Олегович,капитан,5,52
Петров Илья Алексеевич,полковник,3,25
Павлов Олег Сергеевич,прапорщик,8,53
Егоров Александр Михайлович,лейтенант,4,36
Егоров Роман Романович,капитан,10,30
Соколов Евгений Михайлович,прапорщик,8,38
Петров Егор Дмитриевич,майор,7,45
Иванов Алексей Никитич,полковник,3,19
Козлов Юрий Андреевич,рядовой,11,28
Егоров Илья Юрьевич,лейтенант,7,51
Козлов Юрий Иванович,капитан,12,46
Борисов Сергей Александрович,сержант,8,51
Борисов Евгений Андреевич,капитан,1,55
Попов Павел Иванович,капитан,6,56
Попов Виктор Иванович,майор,1,34
Смирнов Евгений Иванович,майор,5,56
Семёнов Юрий Михайлович,капитан,7,44
Васильев Максим Олегович,рядовой,12,29
Петров Артём Максимович,рядовой,12,35
Фёдоров Андрей Сергеевич,полковник,9,33
Орлов Олег Андреевич,майор,4,44
Лебедев Егор Сергеевич,рядовой,6,58
Морозов Виктор Олегович,капитан,8,27
Никитин Андрей Ильич,майор,5,37
Кузнецов Денис Никитич,прапорщик,3,51
Николаев Роман Сергеевич,капитан,7,24
Захаров Алексей Романович,сержант,10,50
Захаров Максим Кириллович,прапорщик,11,23
Петров Павел Максимович,майор,3,55
Фёдоров Дмитрий Алексеевич,прапорщик,3,31
Сидоров Александр Александрович,лейтенант,8,57
Сидоров Иван Павлович,прапорщик,5,49
Макаров Виктор Андреевич,прапорщик,8,28
Васильев Михаил Никитич,прапорщик,7,23
Соколов Юрий Юрьевич,рядовой,6,52
Борисов Илья Александрович,полковник,10,49
Егоров Павел Дмитриевич,лейтенант,1,51
Кузнецов Степан Михайлович,сержант,7,57
Орлов Максим Олегович,сержант,1,54
Степанов Евгений Викторович,капитан,7,48
Орлов Никита Олегович,рядовой,3,42
Петров Степан Викторович,рядовой,3,19
Козлов Андрей Ильич,рядовой,11,52
Михайлов Денис Максимович,лейтенант,11,27
Николаев Иван Сергеевич,сержант,5,27
Егоров Роман Павлович,рядовой,3,51
Макаров Матвей Павлович,прапорщик,12,38
Соловьёв Егор Викторович,майор,10,28
Сидоров Михаил Никитич,майор,7,27
Соловьёв Александр Ильич,прапорщик,1,47
Кочергин Степан Романович,полковник,4,29
Борисов Сергей Юрьевич,прапорщик,7,43
Яковлев Юрий Дмитриевич,прапорщик,9,40
Семёнов Максим Кириллович,прапорщик,1,38
Кочергин Михаил Александрович,капитан,2,50
Сидоров Никита Викторович,сержант,9,51
Лебедев Андрей Михайлович,полковник,11,54
Фёдоров Сергей Максимович,рядовой,9,42
Новиков Павел Кириллович,прапорщик,12,50
Захаров Юрий Павлович,рядовой,9,32
Сидоров Павел Александрович,капитан,9,48
Попов Кирилл Алексеевич,полковник,8,39
Егоров Виктор Дмитриевич,капитан,4,44
Никитин Иван Михайлович,лейтенант,9,22
Фёдоров Андрей Викторович,прапорщик,9,20
Алексеев Евгений Алексеевич,капитан,3,30
Иванов Александр Юрьевич,сержант,10,38
Сидоров Михаил Сергеевич,сержант,5,48
Фёдоров Константин Михайлович,лейтенант,2,28
Зайцев Виктор Юрьевич,капитан,8,29
Иванов Евгений Алексеевич,майор,4,45
Сидоров Виктор Михайлович,майор,1,51
Павлов Евгений Павлович,лейтенант,4,53
Сидоров Матвей Юрьевич,лейтенант,1,60
Козлов Константин Максимович,прапорщик,12,34
Васильев Матвей Максимович,сержант,8,46
Соколов Матвей Никитич,капитан,7,44
Степанов Евгений Юрьевич,капитан,6,21
Степанов Андрей Павлович,прапорщик,7,42
Попов Роман Михайлович,лейтенант,12,32
Орлов Егор Александрович,прапорщик,3,41
Андреев Андрей Сергеевич,лейтенант,4,40
Степанов Матвей Олегович,полковник,3,44
Егоров Павел Андреевич,майор,7,25
Смирнов Артём Юрьевич,лейтенант,11,38
Захаров Алексей Максимович,майор,1,50
Николаев Михаил Михайлович,рядовой,4,20
Попов Андрей Павлович,лейтенант,6,60
Лебедев Денис Михайлович,полковник,5,40
Сидоров Михаил Павлович,капитан,10,46
Борисов Дмитрий Алексеевич,сержант,8,40
Зайцев Андрей Дмитриевич,прапорщик,5,59
Кузнецов Сергей Павлович,прапорщик,7,29
Козлов Матвей Михайлович,рядовой,5,33
Васильев Александр Дмитриевич,рядовой,4,57
Степанов Алексей Александрович,капитан,4,48
Егоров Александр Иванович,майор,6,30
Андреев Павел Павлович,лейтенант,8,29
Петров Максим Ильич,рядовой,2,56
Сидоров Алексей Максимович,сержант,4,57
Петров Иван Никитич,рядовой,9,25
Смирнов Матвей Викторович,полковник,2,23
Лебедев Дмитрий Никитич,прапорщик,9,52
Соколов Матвей Романович,капитан,12,26
Зайцев Евгений Никитич,майор,4,59
Лебедев Артём Юрьевич,капитан,12,43
Соколов Денис Михайлович,капитан,2,56
Петров Кирилл Алексеевич,капитан,11,40
Новиков Егор Алексеевич,лейтенант,9,43
Орлов Кирилл Алексеевич,прапорщик,1,24
Соловьёв Кирилл Олегович,майор,1,41
Егоров Михаил Никитич,майор,1,48
Соколов Александр Павлович,капитан,2,32
Кочергин Константин Викторович,рядовой,7,43
Новиков Юрий Ильич,рядовой,3,43
Новиков Евгений Никитич,лейтенант,11,58
Морозов Александр Никитич,лейтенант,9,44
Захаров Андрей Ильич,капитан,6,38
Захаров Сергей Ильич,майор,2,44
Николаев Михаил Сергеевич,полковник,8,41
Никитин Юрий Никитич,лейтенант,7,36
Зайцев Андрей Павлович,капитан,6,36
Соколов Степан Романович,майор,8,24
Николаев Дмитрий Павлович,рядовой,2,44
Петров Иван Романович,майор,4,39
Михайлов Денис Павлович,лейтенант,11,19
Семёнов Павел Ильич,полковник,11,21
Смирнов Роман Андреевич,прапорщик,6,23
Новиков Виктор Романович,рядовой,6,44
Васильев Олег Викторович,сержант,11,36
Макаров Матвей Романович,лейтенант,11,24
Лебедев Кирилл Иванович,майор,2,23
Петров Олег Дмитриевич,сержант,8,32
Никитин Никита Михайлович,рядовой,12,55
Попов Константин Сергеевич,капитан,5,31
Козлов Юрий Алексеевич,майор,6,37
Яковлев Иван Олегович,лейтенант,4,25
Зайцев Степан Юрьевич,полковник,1,59
Михайлов Иван Дмитриевич,рядовой,3,54
Андреев Артём Иванович,лейтенант,7,58
Яковлев Евгений Михайлович,полковник,5,37
Павлов Матвей Дмитриевич,сержант,11,55
Смирнов Виктор Александрович,лейтенант,4,32
Лебедев Алексей Юрьевич,сержант,10,49
Николаев Степан Павлович,полковник,8,25
Соколов Юрий Сергеевич,рядовой,8,38
Козлов Степан Александрович,полковник,9,57
Новиков Иван Максимович,майор,4,48
Семёнов Дмитрий Иванович,майор,7,20
Андреев Павел Максимович,майор,2,55
Фёдоров Михаил Иванович,полковник,1,42
Борисов Алексей Никитич,капитан,7,18
Борисов Алексей Ильич,лейтенант,5,34
Макаров Евгений Сергеевич,капитан,12,20
Михайлов Константин Павлович,прапорщик,6,54
Павлов Алексей Кириллович,лейтенант,12,26
Соловьёв Илья Юрьевич,полковник,4,24
Петров Андрей Кириллович,лейтенант,12,49
Кузнецов Егор Максимович,капитан,7,49
Лебедев Егор Романович,лейтенант,11,59
Попов Никита Михайлович,капитан,6,39
Борисов Виктор Иванович,лейтенант,2,45
Семёнов Степан Ильич,капитан,5,29
Павлов Олег Андреевич,сержант,12,27
Фёдоров Никита Андреевич,полковник,10,28
Алексеев Денис Викторович,полковник,9,40
Алексеев Денис Олегович,прапорщик,12,28
Попов Юрий Александрович,прапорщик,12,40
Степанов Роман Павлович,прапорщик,10,35
Никитин Виктор Максимович,капитан,6,23
Макаров Виктор Олегович,прапорщик,10,53
Макаров Иван Викторович,рядовой,1,59
Орлов Павел Викторович,прапорщик,2,43
Андреев Иван Сергеевич,прапорщик,1,49
Смирнов Олег Юрьевич,рядовой,7,54
Семёнов Роман Олегович,майор,12,52
Егоров Виктор Викторович,капитан,4,48
Лебедев Кирилл Павлович,капитан,10,19
Макаров Александр Сергеевич,сержант,7,47
Сидоров Кирилл Алексеевич,майор,7,39
Павлов Артём Романович,капитан,5,45
Никитин Сергей Алексеевич,сержант,4,36
Соколов Кирилл Юрьевич,прапорщик,11,46
Борисов Юрий Викторович,сержант,3,30
Петров Илья Сергеевич,прапорщик,2,27
Алексеев Кирилл Романович,капитан,4,37
Николаев Кирилл Михайлович,прапорщик,9,49
Яковлев Никита Сергеевич,полковник,11,53
Попов Кирилл Ильич,рядовой,7,25
Кочергин Егор Александрович,сержант,8,60
Фёдоров Сергей Алексеевич,прапорщик,4,38
Семёнов Сергей Сергеевич,прапорщик,9,38
Лебедев Михаил Сергеевич,капитан,5,48
Новиков Константин Сергеевич,полковник,9,18
Егоров Роман Сергеевич,лейтенант,9,39
Иванов Степан Олегович,прапорщик,3,20
Иванов Олег Викторович,прапорщик,7,26
Смирнов Юрий Дмитриевич,капитан,8,52
Фёдоров Евгений Сергеевич,рядовой,9,58
Соколов Илья Михайлович,прапорщик,1,43
Козлов Степан Ильич,полковник,9,48
Соловьёв Дмитрий Романович,капитан,3,39
Борисов Павел Иванович,сержант,2,51
Сидоров Олег Иванович,сержант,6,56
Андреев Максим Сергеевич,капитан,5,59
Макаров Степан Максимович,сержант,6,44
Соколов Михаил Юрьевич,прапорщик,10,45
Петров Юрий Дмитриевич,майор,12,49
Смирнов Степан Алексеевич,майор,9,31
Морозов Виктор Андреевич,прапорщик,4,41
Николаев Кирилл Андреевич,капитан,8,24
Яковлев Михаил Олегович,сержант,8,58
Орлов Матвей Максимович,лейтенант,11,26
Васильев Егор Максимович,майор,2,56
Новиков Денис Дмитриевич,полковник,7,54
Лебедев Андрей Сергеевич,майор,8,38
Сидоров Андрей Юрьевич,лейтенант,7,28
Кузнецов Никита Андреевич,прапорщик,9,27
Захаров Матвей Андреевич,лейтенант,10,29
Кузнецов Олег Павлович,майор,5,26
Егоров Андрей Павлович,майор,6,57
Кузнецов Никита Максимович,рядовой,8,51
Новиков Константин Иванович,полковник,11,47
Иванов Илья Олегович,капитан,3,50
Новиков Матвей Сергеевич,лейтенант,9,36
Петров Павел Александрович,майор,1,19
Михайлов Евгений Дмитриевич,сержант,6,30
Павлов Илья Дмитриевич,полковник,6,32
Попов Евгений Романович,полковник,5,36
Яковлев Виктор Ильич,рядовой,10,38
Макаров Кирилл Максимович,полковник,5,23
Никитин Михаил Дмитриевич,прапорщик,8,35
Иванов Дмитрий Максимович,майор,1,23
Иванов Роман Викторович,рядовой,7,58
Никитин Олег Андреевич,капитан,12,34
Козлов Дмитрий Никитич,капитан,6,34
Степанов Кирилл Алексеевич,капитан,6,25
Яковлев Степан Иванович,капитан,8,50
Николаев Павел Юрьевич,полковник,11,51
Михайлов Артём Романович,сержант,4,49
Попов Роман Алексеевич,майор,3,22
Захаров Евгений Романович,прапорщик,4,55
Павлов Максим Александрович,лейтенант,12,29
Павлов Юрий Андреевич,майор,8,53
Смирнов Степан Романович,сержант,3,39
Семёнов Дмитрий Никитич,капитан,7,32
Сидоров Павел Андреевич,капитан,2,18
Петров Михаил Михайлович,лейтенант,11,53
Андреев Евгений Максимович,рядовой,2,52
Зайцев Степан Алексеевич,полковник,7,31
Алексеев Павел Олегович,сержант,9,52
Морозов Илья Михайлович,лейтенант,11,29
Фёдоров Евгений Викторович,сержант,3,46
Попов Никита Павлович,лейтенант,9,46
Фёдоров Сергей Романович,полковник,5,24
Михайлов Максим Павлович,капитан,1,42
Орлов Егор Павлович,капитан,12,54
Смирнов Алексей Сергеевич,рядовой,5,18
Сидоров Егор Викторович,лейтенант,7,31
Смирнов Андрей Андреевич,рядовой,1,54
Орлов Алексей Алексеевич,полковник,3,20
Соловьёв Иван Олегович,капитан,8,59
Михайлов Кирилл Михайлович,сержант,7,26
Фёдоров Сергей Алексеевич,прапорщик,11,57
Макаров Алексей Александрович,лейтенант,5,58
Зайцев Андрей Никитич,рядовой,12,38
Козлов Олег Иванович,рядовой,3,30
Захаров Максим Викторович,майор,11,36
Борисов Кирилл Ильич,майор,3,21
Фёдоров Кирилл Дмитриевич,прапорщик,8,57
Сидоров Егор Александрович,майор,7,34
Петров Максим Павлович,прапорщик,4,45
Зайцев Матвей Олегович,сержант,7,36
Фёдоров Денис Андреевич,лейтенант,5,37
Захаров Кирилл Иванович,рядовой,5,33
Орлов Денис Дмитриевич,сержант,6,38
Егоров Никита Кириллович,лейтенант,10,46
Иванов Степан Максимович,полковник,10,21
Зайцев Виктор Андреевич,лейтенант,12,33
Николаев Максим Алексеевич,полковник,8,43
Соколов Егор Павлович,рядовой,5,20
Зайцев Роман Иванович,прапорщик,11,54
Петров Евгений Андреевич,рядовой,5,58
Макаров Денис Сергеевич,капитан,2,48
Семёнов Егор Романович,рядовой,9,35
Попов Евгений Иванович,полковник,9,22
Семёнов Андрей Викторович,сержант,2,42
Соловьёв Максим Алексеевич,сержант,1,46
Соловьёв Олег Никитич,сержант,12,52
Попов Алексей Иванович,прапорщик,11,44
Павлов Михаил Юрьевич,сержант,9,45
Кузнецов Егор Дмитриевич,прапорщик,3,27
Павлов Павел Иванович,рядовой,8,19
Соколов Артём Кириллович,капитан,1,50
Андреев Максим Романович,капитан,2,23
Смирнов Роман Никитич,сержант,5,57
Михайлов Степан Александрович,майор,8,42
Васильев Алексей Алексеевич,сержант,12,53
Зайцев Алексей Сергеевич,прапорщик,11,25
Захаров Константин Сергеевич,майор,10,53
Васильев Матвей Никитич,капитан,6,48
Кочергин Алексей Максимович,майор,2,39
Никитин Виктор Ильич,сержант,5,18
Фёдоров Алексей Никитич,полковник,12,24
Павлов Михаил Сергеевич,майор,5,31
Павлов Юрий Кириллович,сержант,3,28
Фёдоров Олег Александрович,лейтенант,11,41
Попов Александр Никитич,капитан,1,22
Кочергин Максим Олегович,рядовой,12,20
Зайцев Максим Александрович,майор,1,23
Кузнецов Дмитрий Никитич,капитан,9,38
Петров Матвей Ильич,рядовой,4,39
Кочергин Евгений Иванович,полковник,9,60
Кузнецов Максим Сергеевич,полковник,4,55
Борисов Дмитрий Андреевич,сержант,5,49
Егоров Андрей Алексеевич,лейтенант,9,30
Михайлов Михаил Алексеевич,рядовой,2,47
Фёдоров Сергей Максимович,полковник,6,25
Николаев Степан Никитич,прапорщик,10,29
Новиков Виктор Александрович,прапорщик,1,56
Никитин Константин Романович,майор,12,23
Соловьёв Максим Юрьевич,лейтенант,5,35
Васильев Сергей Олегович,полковник,9,34
Зайцев Сергей Юрьевич,майор,1,24
Соловьёв Степан Романович,сержант,4,51
Андреев Михаил Иванович,лейтенант,5,24
Никитин Алексей Романович,лейтенант,7,28
Павлов Михаил Романович,полковник,10,38
Борисов Егор Павлович,майор,1,38
Зайцев Евгений Алексеевич,сержант,1,43
Иванов Дмитрий Кириллович,капитан,11,58
Павлов Юрий Павлович,капитан,7,37
Васильев Максим Андреевич,капитан,9,45
Иванов Юрий Юрьевич,полковник,9,43
Борисов Никита Викторович,лейтенант,1,25
Козлов Степан Иванович,полковник,12,44
Козлов Михаил Александрович,майор,8,59
Егоров Виктор Ильич,полковник,2,29
Петров Дмитрий Ильич,рядовой,2,29
Смирнов Матвей Максимович,капитан,3,57
Сидоров Никита Олегович,сержант,1,40
Петров Алексей Павлович,прапорщик,1,49
Павлов Кирилл Михайлович,прапорщик,9,28
Иванов Олег Викторович,полковник,10,18
Попов Александр Андреевич,сержант,5,58
Павлов Алексей Романович,прапорщик,6,45
Макаров Юрий Максимович,сержант,3,54
Кузнецов Сергей Олегович,сержант,10,42
Яковлев Максим Ильич,сержант,8,48
Новиков Сергей Алексеевич,сержант,6,40
Семёнов Степан Никитич,полковник,3,30
Новиков Михаил Александрович,прапорщик,1,55
Соколов Павел Иванович,майор,2,28
Алексеев Александр Алексеевич,лейтенант,12,60
Петров Илья Олегович,капитан,5,19
Борисов Никита Викторович,сержант,10,56
Захаров Матвей Михайлович,рядовой,11,48
Сидоров Виктор Иванович,капитан,6,35
Попов Константин Александрович,сержант,3,39
Семёнов Юрий Максимович,капитан,4,56
Иванов Алексей Викторович,лейтенант,3,50
Соловьёв Илья Юрьевич,капитан,1,35
Кочергин Сергей Романович,полковник,8,59
Алексеев Егор Павлович,капитан,9,33
Андреев Алексей Алексеевич,сержант,7,24
Иванов Иван Романович,лейтенант,2,32
Макаров Егор Юрьевич,майор,10,31
Соколов Юрий Романович,майор,11,49
Алексеев Константин Александрович,прапорщик,11,39
Кузнецов Евгений Андреевич,сержант,5,48
Орлов Сергей Павлович,капитан,9,44
Козлов Олег Романович,рядовой,3,56
Андреев Юрий Юрьевич,лейтенант,1,57
Васильев Максим Олегович,лейтенант,2,40
Козлов Роман Михайлович,рядовой,8,52
Петров Кирилл Дмитриевич,лейтенант,7,39
Кузнецов Евгений Павлович,майор,1,35
Яковлев Александр Михайлович,капитан,1,39
Борисов Кирилл Романович,майор,10,18
Зайцев Михаил Кириллович,лейтенант,8,42
Иванов Кирилл Павлович,полковник,8,39
Никитин Олег Павлович,майор,9,60
Морозов Михаил Андреевич,рядовой,10,43
Николаев Степан Кириллович,прапорщик,10,21
Никитин Александр Ильич,капитан,10,29
Степанов Илья Александрович,майор,3,22
Фёдоров Дмитрий Кириллович,рядовой,7,46
Михайлов Дмитрий Юрьевич,капитан,8,28
Морозов Алексей Ильич,капитан,5,40
Попов Алексей Андреевич,майор,2,29
Макаров Алексей Алексеевич,лейтенант,10,20
Николаев Андрей Михайлович,майор,10,59
Захаров Денис Юрьевич,лейтенант,8,32
Смирнов Артём Кириллович,лейтенант,12,26
Кочергин Роман Олегович,рядовой,5,46
Семёнов Роман Ильич,капитан,6,56
Захаров Константин Алексеевич,сержант,4,50
Алексеев Илья Кириллович,сержант,2,52
Захаров Дмитрий Александрович,рядовой,6,33
Борисов Артём Юрьевич,сержант,3,36
Васильев Никита Ильич,рядовой,8,23
Макаров Юрий Викторович,лейтенант,11,53
Соловьёв Олег Михайлович,капитан,1,30
Егоров Илья Александрович,капитан,10,56
Михайлов Михаил Ильич,лейтенант,6,38
Фёдоров Максим Романович,рядовой,5,36
Сидоров Юрий Дмитриевич,прапорщик,1,38
Зайцев Матвей Ильич,лейтенант,3,19
Михайлов Матвей Дмитриевич,прапорщик,7,24
Захаров Юрий Алексеевич,лейтенант,8,39
Михайлов Дмитрий Олегович,прапорщик,5,45
Яковлев Степан Олегович,сержант,5,29
Лебедев Сергей Викторович,полковник,10,58
Попов Сергей Кириллович,майор,7,19
Андреев Александр Ильич,лейтенант,2,32
Михайлов Максим Романович,майор,8,31
Николаев Константин Олегович,майор,6,30
Новиков Егор Максимович,сержант,4,26
Смирнов Александр Дмитриевич,прапорщик,2,27
Петров Илья Ильич,майор,5,59
Михайлов Евгений Михайлович,капитан,12,46
Алексеев Степан Кириллович,прапорщик,4,38
Кочергин Андрей Юрьевич,прапорщик,1,49
Никитин Никита Романович,прапорщик,3,53
Орлов Юрий Ильич,прапорщик,2,42
Петров Олег Александрович,сержант,8,25
Смирнов Роман Максимович,сержант,3,38
Лебедев Сергей Никитич,сержант,9,59
Морозов Максим Никитич,рядовой,5,21
Сидоров Кирилл Павлович,лейтенант,10,36
Андреев Денис Дмитриевич,полковник,4,29
Макаров Алексей Кириллович,майор,3,44
Павлов Артём Андреевич,лейтенант,10,41
Васильев Максим Викторович,прапорщик,3,43
Васильев Юрий Олегович,сержант,11,52
Михайлов Илья Павлович,лейтенант,11,40
Павлов Денис Андреевич,лейтенант,3,57
Борисов Евгений Павлович,сержант,9,28
Новиков Юрий Дмитриевич,лейтенант,2,26
Захаров Матвей Ильич,лейтенант,12,30
Захаров Евгений Иванович,майор,11,30
Борисов Матвей Юрьевич,прапорщик,5,41
Орлов Александр Сергеевич,рядовой,12,33
Захаров Виктор Александрович,прапорщик,7,57
Смирнов Степан Никитич,полковник,4,25
Алексеев Егор Максимович,полковник,4,22
Сидоров Павел Андреевич,сержант,10,51
Васильев Олег Дмитриевич,полковник,5,44
Никитин Матвей Андреевич,лейтенант,11,32
Зайцев Михаил Романович,рядовой,9,20
Петров Михаил Романович,майор,5,18
Сидоров Константин Кириллович,капитан,6,36
Иванов Александр Никитич,майор,4,40
Степанов Александр Александрович,сержант,7,19
Борисов Евгений Андреевич,полковник,7,23
Егоров Иван Алексеевич,прапорщик,7,32
Сидоров Сергей Михайлович,капитан,7,37
Сидоров Андрей Викторович,сержант,10,52
Егоров Степан Михайлович,лейтенант,11,59
Егоров Александр Олегович,лейтенант,10,40
Лебедев Константин Юрьевич,капитан,2,37
Михайлов Никита Дмитриевич,полковник,9,18
Павлов Егор Иванович,прапорщик,11,40
Кочергин Иван Кириллович,полковник,9,36
Соколов Павел Олегович,капитан,8,52
Васильев Виктор Ильич,майор,12,45
Алексеев Кирилл Юрьевич,прапорщик,5,23
Николаев Павел Павлович,сержант,3,59
Новиков Кирилл Павлович,полковник,5,56
Борисов Дмитрий Михайлович,капитан,11,26
Соловьёв Юрий Кириллович,прапорщик,2,54
Новиков Артём Михайлович,сержант,9,40
Козлов Виктор Александрович,майор,2,43
Михайлов Алексей Павлович,сержант,7,47
Павлов Павел Александрович,лейтенант,10,34
Зайцев Роман Алексеевич,сержант,1,40
Макаров Денис Никитич,полковник,11,30
Степанов Алексей Михайлович,сержант,11,59
Соловьёв Роман Сергеевич,лейтенант,7,36
Фёдоров Павел Алексеевич,лейтенант,1,27
Фёдоров Виктор Сергеевич,лейтенант,6,29
Соловьёв Дмитрий Кириллович,сержант,4,54
Фёдоров Никита Викторович,прапорщик,9,42
Фёдоров Павел Викторович,лейтенант,8,30
Степанов Олег Ильич,полковник,8,44
Морозов Павел Викторович,майор,3,52
Петров Денис Александрович,рядовой,7,26
Егоров Андрей Михайлович,капитан,7,34
Попов Евгений Романович,полковник,2,26
Лебедев Роман Викторович,прапорщик,5,41
Козлов Никита Олегович,капитан,8,38
Кузнецов Иван Никитич,сержант,2,41
Захаров Егор Олегович,лейтенант,2,55
Смирнов Иван Сергеевич,полковник,6,43
Фёдоров Никита Сергеевич,капитан,10,34
Яковлев Илья Олегович,лейтенант,4,31
Морозов Денис Андреевич,полковник,3,36
Зайцев Константин Олегович,лейтенант,1,27
Смирнов Денис Павлович,полковник,2,42
Попов Степан Ильич,полковник,7,25
Андреев Александр Дмитриевич,рядовой,10,28
Соколов Андрей Олегович,лейтенант,12,48
Соловьёв Евгений Иванович,прапорщик,4,34
Кочергин Алексей Олегович,рядовой,9,19
Николаев Андрей Иванович,рядовой,11,50
Кузнецов Никита Иванович,полковник,8,36
Соколов Дмитрий Ильич,капитан,8,56
Алексеев Денис Кириллович,полковник,2,37
Николаев Юрий Михайлович,рядовой,11,22
Николаев Матвей Алексеевич,лейтенант,5,18
Егоров Егор Романович,капитан,8,46
Яковлев Константин Александрович,прапорщик,12,60
Яковлев Дмитрий Александрович,рядовой,9,41
Соколов Андрей Романович,майор,1,52
Семёнов Никита Кириллович,капитан,6,28
Новиков Михаил Максимович,майор,11,56
Фёдоров Павел Ильич,капитан,7,57
Захаров Павел Алексеевич,лейтенант,10,58
Семёнов Виктор Юрьевич,полковник,9,57
Захаров Матвей Викторович,прапорщик,5,22
Никитин Дмитрий Михайлович,сержант,12,53
Морозов Максим Дмитриевич,майор,3,58
Захаров Андрей Павлович,капитан,2,37
Смирнов Иван Дмитриевич,майор,11,38
Михайлов Артём Михайлович,лейтенант,2,55
Михайлов Роман Алексеевич,прапорщик,12,45
Кочергин Алексей Иванович,майор,11,24
Кузнецов Илья Андреевич,лейтенант,11,25
Фёдоров Олег Михайлович,прапорщик,4,45
Зайцев Максим Максимович,полковник,3,19
Новиков Егор Дмитриевич,лейтенант,7,60
Семёнов Павел Никитич,лейтенант,6,26
Зайцев Евгений Максимович,майор,6,38
Никитин Олег Ильич,майор,10,57
Попов Максим Александрович,майор,7,58
Яковлев Максим Алексеевич,прапорщик,3,35
Николаев Артём Александрович,майор,11,21
Иванов Сергей Иванович,лейтенант,11,33
Орлов Максим Ильич,полковник,11,45
Смирнов Андрей Викторович,лейтенант,12,33
Борисов Денис Викторович,полковник,3,42
Лебедев Андрей Алексеевич,сержант,7,53
Павлов Дмитрий Олегович,майор,2,59
Николаев Никита Романович,лейтенант,9,57
Михайлов Виктор Алексеевич,лейтенант,7,56
Фёдоров Роман Романович,майор,11,53
Борисов Дмитрий Дмитриевич,полковник,1,33
Макаров Илья Михайлович,прапорщик,4,22
Попов Олег Иванович,лейтенант,8,43
Семёнов Дмитрий Андреевич,полковник,5,58
Семёнов Роман Алексеевич,прапорщик,9,40
Фёдоров Иван Павлович,прапорщик,10,37
Захаров Матвей Максимович,сержант,6,50
Орлов Павел Юрьевич,майор,5,47
Степанов Роман Олегович,сержант,7,36
Петров Виктор Александрович,сержант,1,42
Алексеев Матвей Викторович,прапорщик,4,49
Сидоров Степан Кириллович,капитан,11,60
Орлов Александр Кириллович,сержант,11,20
Иванов Алексей Павлович,сержант,11,59
Козлов Константин Ильич,рядовой,3,41
Степанов Виктор Ильич,майор,2,55
Захаров Степан Кириллович,прапорщик,9,28
Попов Михаил Никитич,майор,9,32
Егоров Александр Викторович,майор,3,30
Яковлев Алексей Алексеевич,майор,8,21
Сидоров Кирилл Никитич,майор,2,54
Андреев Сергей Михайлович,лейтенант,8,32
Сидоров Юрий Юрьевич,сержант,4,47
Орлов Павел Кириллович,капитан,11,38
Орлов Михаил Михайлович,майор,6,50
Николаев Матвей Иванович,лейтенант,7,50
Андреев Степан Максимович,майор,7,48
Захаров Максим Юрьевич,полковник,2,35
Морозов Роман Романович,рядовой,2,60
Морозов Денис Викторович,майор,1,33
Николаев Михаил Максимович,капитан,6,22
Орлов Никита Романович,рядовой,11,55
Алексеев Матвей Павлович,капитан,6,44
Кузнецов Кирилл Юрьевич,капитан,12,27
Семёнов Михаил Павлович,рядовой,10,40
Захаров Константин Романович,сержант,3,33
Иванов Дмитрий Максимович,прапорщик,2,50
Морозов Кирилл Михайлович,майор,8,49
Петров Андрей Михайлович,рядовой,2,58
Кузнецов Андрей Ильич,прапорщик,10,18
Кочергин Сергей Олегович,прапорщик,7,25
Козлов Артём Александрович,майор,3,43
Яковлев Павел Иванович,лейтенант,4,18
Алексеев Виктор Никитич,полковник,1,24
Павлов Михаил Сергеевич,капитан,8,47
Зайцев Артём Викторович,сержант,2,60
Соколов Константин Александрович,рядовой,3,24
Морозов Михаил Сергеевич,сержант,9,46
Яковлев Виктор Никитич,майор,8,56
Кочергин Матвей Иванович,майор,11,44
Кочергин Павел Алексеевич,майор,5,50
Захаров Павел Никитич,лейтенант,10,32
Семёнов Олег Олегович,лейтенант,12,32
Алексеев Матвей Максимович,капитан,6,47
Семёнов Денис Максимович,полковник,11,38
Лебедев Юрий Павлович,рядовой,2,30
Егоров Степан Андреевич,полковник,3,34
Козлов Егор Павлович,майор,3,22
Сидоров Егор Дмитриевич,прапорщик,7,55
Зайцев Павел Максимович,сержант,3,26
Зайцев Кирилл Андреевич,сержант,8,45
Яковлев Максим Никитич,лейтенант,4,54
Соловьёв Евгений Иванович,лейтенант,11,52
Васильев Александр Павлович,полковник,3,20
Иванов Илья Александрович,сержант,12,20
Егоров Евгений Романович,рядовой,3,32
Борисов Александр Дмитриевич,рядовой,12,40
Михайлов Дмитрий Сергеевич,полковник,12,24
Макаров Алексей Олегович,лейтенант,11,21
Сидоров Матвей Андреевич,рядовой,7,32
Андреев Никита Андреевич,лейтенант,3,33
Захаров Егор Дмитриевич,майор,9,37
Николаев Андрей Павлович,рядовой,6,39
Кузнецов Павел Михайлович,сержант,9,35
Михайлов Евгений Олегович,рядовой,1,24
Борисов Александр Кириллович,капитан,1,31
Никитин Андрей Олегович,майор,9,48
Николаев Матвей Никитич,капитан,7,57
Петров Юрий Олегович,полковник,4,43
Соколов Никита Александрович,прапорщик,12,43
Козлов Алексей Александрович,прапорщик,10,40
Петров Андрей Дмитриевич,сержант,5,26
Новиков Егор Никитич,рядовой,12,55
Смирнов Олег Юрьевич,капитан,8,58
Макаров Олег Андреевич,рядовой,10,50
Михайлов Дмитрий Романович,майор,8,54
Орлов Матвей Алексеевич,прапорщик,9,37
Кочергин Илья Дмитриевич,капитан,11,39
Новиков Денис Романович,майор,10,36
Кузнецов Евгений Дмитриевич,лейтенант,5,58
Яковлев Никита Александрович,майор,3,30
Егоров Егор Кириллович,капитан,3,41
Макаров Роман Максимович,майор,7,59
Степанов Степан Иванович,лейтенант,8,25
Борисов Матвей Максимович,прапорщик,11,34
Сидоров Сергей Андреевич,капитан,1,55
Алексеев Андрей Максимович,капитан,5,36
Кочергин Константин Сергеевич,сержант,11,28
Николаев Никита Кириллович,капитан,4,28
Соколов Виктор Сергеевич,прапорщик,5,46
Иванов Иван Алексеевич,прапорщик,3,18
Семёнов Сергей Алексеевич,рядовой,8,33
Егоров Степан Романович,капитан,6,39
Яковлев Виктор Юрьевич,капитан,7,32
Лебедев Сергей Павлович,майор,10,52
Орлов Никита Алексеевич,прапорщик,11,56
Лебедев Кирилл Сергеевич,полковник,1,50
Смирнов Олег Максимович,лейтенант,12,21
Васильев Сергей Юрьевич,капитан,6,23
Зайцев Артём Павлович,капитан,3,53
Орлов Михаил Ильич,лейтенант,11,34
Петров Денис Александрович,лейтенант,11,57
Соловьёв Александр Романович,рядовой,2,44
Захаров Александр Сергеевич,прапорщик,10,21
Семёнов Виктор Олегович,сержант,6,60
Семёнов Матвей Олегович,капитан,2,56
Смирнов Кирилл Максимович,майор,11,22
Никитин Константин Олегович,капитан,11,20
Иванов Алексей Алексеевич,прапорщик,1,32
Семёнов Юрий Дмитриевич,рядовой,10,35
Морозов Матвей Олегович,сержант,7,33
Николаев Илья Алексеевич,майор,3,53
Фёдоров Никита Кириллович,полковник,6,21
Козлов Степан Романович,прапорщик,1,31
Захаров Евгений Романович,рядовой,8,25
Николаев Андрей Олегович,сержант,9,24
Алексеев Олег Иванович,майор,3,37
Новиков Илья Викторович,сержант,11,33
Соловьёв Константин Кириллович,прапорщик,1,20
Борисов Александр Юрьевич,капитан,8,52
Орлов Дмитрий Александрович,полковник,5,35
Зайцев Максим Александрович,сержант,4,58
Николаев Виктор Олегович,майор,1,42
Лебедев Максим Максимович,майор,1,41
Михайлов Виктор Олегович,лейтенант,7,56
Лебедев Олег Павлович,рядовой,12,48
Борисов Матвей Андреевич,майор,4,59
Морозов Матвей Романович,полковник,6,27
Макаров Матвей Алексеевич,сержант,6,59
Кочергин Денис Олегович,майор,7,48
Сидоров Степан Андреевич,лейтенант,4,54
Яковлев Юрий Сергеевич,полковник,12,34
Новиков Егор Михайлович,майор,5,32
Захаров Олег Никитич,сержант,11,49
Зайцев Константин Иванович,рядовой,5,55
Попов Артём Олегович,сержант,2,42
Лебедев Юрий Павлович,рядовой,4,38
Орлов Кирилл Ильич,капитан,1,34
Новиков Роман Михайлович,прапорщик,8,50
Сидоров Олег Сергеевич,сержант,6,55
Фёдоров Павел Максимович,прапорщик,12,49
Иванов Константин Викторович,лейтенант,5,31
Соколов Кирилл Дмитриевич,сержант,3,54
Соловьёв Михаил Дмитриевич,прапорщик,12,21
Васильев Кирилл Юрьевич,рядовой,2,52
Степанов Олег Сергеевич,полковник,8,32
Макаров Александр Дмитриевич,капитан,6,46
Андреев Степан Романович,прапорщик,6,42
Соколов Степан Андреевич,лейтенант,1,51
Смирнов Юрий Алексеевич,рядовой,6,33
Соловьёв Роман Романович,лейтенант,8,60
Смирнов Степан Сергеевич,прапорщик,6,54
Петров Константин Юрьевич,лейтенант,2,50
Макаров Дмитрий Олегович,прапорщик,6,47
Борисов Матвей Александрович,прапорщик,8,37
Егоров Юрий Алексеевич,майор,4,28
Попов Никита Михайлович,капитан,6,45
Алексеев Алексей Дмитриевич,капитан,4,58
Семёнов Кирилл Андреевич,прапорщик,2,56
Семёнов Евгений Романович,рядовой,11,21
Никитин Александр Дмитриевич,майор,11,20
Орлов Максим Кириллович,капитан,2,22
Степанов Никита Романович,капитан,2,24
Петров Дмитрий Олегович,рядовой,9,23
Кузнецов Сергей Андреевич,майор,12,30
Яковлев Андрей Андреевич,полковник,1,56
Соколов Виктор Никитич,прапорщик,12,55
Андреев Юрий Романович,полковник,12,41
Борисов Никита Никитич,прапорщик,9,22
Зайцев Матвей Павлович,лейтенант,7,37
Зайцев Максим Максимович,лейтенант,8,40
Васильев Андрей Михайлович,майор,8,21
Козлов Михаил Олегович,сержант,12,44
Козлов Юрий Кириллович,майор,1,39
Никитин Степан Алексеевич,прапорщик,10,53
Смирнов Михаил Андреевич,рядовой,5,50
Морозов Павел Романович,рядовой,8,28
Морозов Иван Павлович,лейтенант,9,41
Кузнецов Александр Андреевич,прапорщик,5,21
Смирнов Михаил Романович,майор,5,52
Морозов Михаил Андреевич,полковник,12,21
Зайцев Юрий Михайлович,рядовой,1,27
Павлов Алексей Ильич,капитан,8,47
Семёнов Егор Юрьевич,прапорщик,1,60
Соколов Иван Викторович,сержант,2,47
Михайлов Иван Максимович,майор,8,47
Смирнов Егор Юрьевич,полковник,12,33
Павлов Олег Кириллович,рядовой,11,36
Соловьёв Кирилл Дмитриевич,майор,8,47
Попов Илья Павлович,лейтенант,9,28
Кочергин Евгений Михайлович,лейтенант,11,40
Макаров Максим Максимович,прапорщик,8,35
Никитин Сергей Викторович,майор,4,28
Фёдоров Александр Максимович,майор,3,23
Кочергин Егор Викторович,полковник,5,58
Фёдоров Артём Сергеевич,майор,3,25
Никитин Андрей Алексеевич,рядовой,12,48
Захаров Александр Никитич,полковник,12,48
Егоров Иван Дмитриевич,капитан,10,43
Соколов Виктор Дмитриевич,майор,9,52
Егоров Егор Сергеевич,капитан,6,59
Павлов Иван Викторович,рядовой,3,22
Васильев Евгений Никитич,рядовой,10,27
Попов Денис Кириллович,капитан,8,42
Степанов Матвей Андреевич,полковник,3,34
Егоров Матвей Ильич,рядовой,10,52
Алексеев Илья Дмитриевич,капитан,5,32
Петров Егор Олегович,сержант,8,42
Соколов Никита Андреевич,лейтенант,1,50
Козлов Михаил Ильич,капитан,10,35
Никитин Олег Кириллович,лейтенант,7,60
Сидоров Степан Андреевич,сержант,5,45
Фёдоров Степан Ильич,рядовой,7,49
Соловьёв Роман Павлович,капитан,8,34
Васильев Михаил Ильич,полковник,2,39
Петров Алексей Александрович,лейтенант,4,48
Морозов Виктор Алексеевич,майор,4,31
Николаев Евгений Викторович,полковник,2,22
Никитин Степан Иванович,рядовой,5,29
Степанов Егор Викторович,капитан,7,41
Захаров Никита Максимович,рядовой,10,58
Яковлев Александр Александрович,капитан,10,31
Семёнов Илья Александрович,майор,3,59
Фёдоров Евгений Иванович,сержант,10,18
Макаров Кирилл Ильич,сержант,9,28
Яковлев Роман Иванович,лейтенант,12,24
Макаров Евгений Олегович,лейтенант,11,21
Сидоров Алексей Викторович,капитан,12,27
Борисов Сергей Иванович,лейтенант,1,23
Орлов Максим Алексеевич,рядовой,8,22
Морозов Юрий Романович,капитан,4,36
Михайлов Роман Никитич,лейтенант,4,52
Фёдоров Юрий Михайлович,капитан,8,23
Захаров Максим Романович,полковник,9,28
Фёдоров Михаил Дмитриевич,сержант,6,23
Алексеев Михаил Юрьевич,сержант,1,31
Морозов Дмитрий Романович,прапорщик,10,26
Морозов Константин Александрович,рядовой,3,53
Семёнов Сергей Романович,прапорщик,5,18
Яковлев Максим Иванович,капитан,8,58
Яковлев Андрей Никитич,майор,11,40
Орлов Михаил Максимович,полковник,1,38
Алексеев Роман Иванович,рядовой,8,57
Яковлев Артём Павлович,капитан,8,18
Кочергин Роман Алексеевич,прапорщик,5,51
Павлов Матвей Олегович,майор,11,49
Сидоров Константин Викторович,полковник,11,47
Зайцев Андрей Олегович,прапорщик,8,32
Козлов Алексей Андреевич,сержант,11,34
Новиков Матвей Михайлович,прапорщик,3,59
Михайлов Матвей Алексеевич,полковник,11,19
Борисов Кирилл Кириллович,лейтенант,8,24
Кузнецов Артём Сергеевич,лейтенант,12,47
Захаров Евгений Алексеевич,сержант,10,18
Кочергин Сергей Андреевич,рядовой,8,58
Иванов Евгений Иванович,рядовой,2,54
Васильев Илья Юрьевич,майор,5,35
Новиков Евгений Олегович,майор,12,56
Семёнов Олег Олегович,прапорщик,9,20
Фёдоров Алексей Михайлович,капитан,1,48
Борисов Матвей Ильич,прапорщик,10,52
Новиков Александр Кириллович,прапорщик,12,46
Макаров Константин Максимович,капитан,3,27
Морозов Сергей Ильич,прапорщик,11,32
Морозов Иван Ильич,сержант,10,34
Соколов Денис Павлович,прапорщик,11,29
Зайцев Кирилл Иванович,сержант,12,19
Яковлев Константин Романович,майор,8,25
Лебедев Максим Александрович,рядовой,4,33
Петров Степан Ильич,майор,7,55
Зайцев Павел Юрьевич,сержант,2,21
Егоров Кирилл Александрович,сержант,4,39
Попов Павел Романович,лейтенант,2,35
Лебедев Егор Кириллович,прапорщик,8,48
Фёдоров Денис Алексеевич,рядовой,1,25
Николаев Денис Михайлович,прапорщик,3,35
Степанов Кирилл Ильич,рядовой,9,26
Захаров Андрей Александрович,прапорщик,10,41
Николаев Дмитрий Александрович,лейтенант,4,44
Попов Виктор Викторович,капитан,4,50
Кочергин Кирилл Андреевич,полковник,10,31
Соколов Михаил Кириллович,рядовой,2,20
Егоров Роман Павлович,прапорщик,2,34
Андреев Евгений Дмитриевич,прапорщик,4,21
Петров Кирилл Кириллович,рядовой,4,33
Петров Дмитрий Андреевич,полковник,7,30
Степанов Константин Павлович,рядовой,2,20
Степанов Артём Алексеевич,капитан,6,23
Зайцев Юрий Сергеевич,майор,6,22
Андреев Юрий Юрьевич,сержант,11,45
Сидоров Евгений Александрович,сержант,3,54
Соловьёв Виктор Викторович,капитан,8,28
Борисов Матвей Сергеевич,рядовой,3,32
Лебедев Михаил Иванович,майор,12,44
Кочергин Илья Александрович,полковник,12,47
Лебедев Матвей Ильич,майор,6,52
Кочергин Алексей Романович,полковник,2,45
Смирнов Дмитрий Иванович,прапорщик,8,34
Новиков Юрий Иванович,майор,10,51
Соколов Иван Дмитриевич,лейтенант,11,45
Николаев Артём Иванович,майор,8,32
Смирнов Матвей Романович,рядовой,10,18
Фёдоров Евгений Максимович,сержант,8,30
Павлов Константин Павлович,сержант,1,29
Попов Олег Романович,прапорщик,5,20
Семёнов Никита Юрьевич,майор,3,52
Сидоров Илья Сергеевич,сержант,1,20
Макаров Алексей Олегович,капитан,3,44
Сидоров Никита Алексеевич,рядовой,8,59
Николаев Юрий Олегович,прапорщик,6,49
Егоров Матвей Викторович,лейтенант,11,50
Кузнецов Степан Алексеевич,полковник,5,31
Петров Юрий Павлович,сержант,9,51
Степанов Константин Александрович,полковник,1,36
Лебедев Андрей Алексеевич,майор,7,18
Никитин Артём Алексеевич,рядовой,5,27
Павлов Матвей Ильич,рядовой,5,18
Никитин Роман Иванович,прапорщик,2,33
Яковлев Константин Никитич,майор,10,47
Лебедев Никита Дмитриевич,рядовой,7,28
Козлов Степан Дмитриевич,капитан,12,56
Фёдоров Максим Алексеевич,полковник,7,39
Лебедев Константин Павлович,полковник,10,59
Смирнов Константин Кириллович,полковник,1,40
Петров Павел Викторович,сержант,9,26
Иванов Артём Викторович,капитан,8,40
Макаров Константин Дмитриевич,рядовой,4,53
Новиков Михаил Никитич,прапорщик,11,60
Морозов Егор Иванович,капитан,7,20
Михайлов Юрий Олегович,лейтенант,9,26
Егоров Сергей Михайлович,полковник,8,55
Никитин Денис Иванович,майор,4,29
Соколов Роман Павлович,полковник,9,44
Петров Кирилл Алексеевич,майор,7,40
Новиков Егор Сергеевич,полковник,10,49
Макаров Константин Алексеевич,майор,3,20
Козлов Константин Павлович,прапорщик,4,59
Попов Роман Иванович,майор,5,54
Морозов Олег Никитич,рядовой,5,56
Попов Матвей Дмитриевич,сержант,1,33
Алексеев Илья Олегович,полковник,11,46
Борисов Дмитрий Алексеевич,сержант,5,44
Егоров Матвей Александрович,полковник,5,19
Орлов Юрий Никитич,рядовой,4,33
Сидоров Дмитрий Юрьевич,полковник,1,52
Орлов Константин Алексеевич,сержант,11,50
Николаев Егор Максимович,майор,12,55
Петров Егор Алексеевич,лейтенант,1,27
Никитин Олег Дмитриевич,рядовой,7,37
Степанов Никита Сергеевич,рядовой,5,58
Орлов Юрий Юрьевич,капитан,7,49
Попов Кирилл Никитич,полковник,12,34
Новиков Евгений Михайлович,лейтенант,1,43
Лебедев Степан Дмитриевич,майор,11,18
Васильев Кирилл Викторович,лейтенант,6,25
Сидоров Степан Андреевич,лейтенант,4,30
Морозов Александр Романович,лейтенант,9,56
Михайлов Кирилл Кириллович,майор,10,59
Зайцев Павел Алексеевич,капитан,5,19
Егоров Илья Иванович,сержант,4,49
Захаров Сергей Романович,капитан,11,33
Морозов Иван Кириллович,рядовой,5,34
Михайлов Сергей Олегович,прапорщик,5,35
Никитин Роман Александрович,прапорщик,2,45
Соколов Константин Олегович,лейтенант,6,36
Алексеев Иван Дмитриевич,лейтенант,7,44
Семёнов Степан Викторович,майор,9,56
Лебедев Артём Андреевич,майор,6,29
Смирнов Никита Романович,рядовой,11,59
Петров Евгений Викторович,майор,2,23
Васильев Денис Максимович,рядовой,6,37
Кочергин Алексей Алексеевич,сержант,1,24
Васильев Илья Павлович,полковник,4,47
Алексеев Иван Кириллович,майор,11,40
Алексеев Александр Олегович,лейтенант,5,56
Фёдоров Олег Никитич,прапорщик,3,34
Петров Евгений Михайлович,майор,5,34
Макаров Иван Максимович,полковник,1,42
Новиков Евгений Юрьевич,сержант,8,18
Васильев Егор Дмитриевич,прапорщик,9,40
Попов Артём Андреевич,полковник,4,25
Андреев Сергей Кириллович,прапорщик,4,55
Морозов Александр Павлович,рядовой,11,33
Козлов Кирилл Дмитриевич,сержант,9,22
Яковлев Матвей Ильич,капитан,3,47
Никитин Андрей Ильич,лейтенант,1,23
Орлов Егор Викторович,лейтенант,2,48
Соколов Алексей Михайлович,сержант,8,27
Борисов Михаил Павлович,рядовой,8,44
Алексеев Павел Павлович,майор,1,48
Семёнов Денис Михайлович,сержант,7,20
Сидоров Юрий Иванович,лейтенант,5,50
Соколов Александр Сергеевич,рядовой,3,20
Михайлов Максим Юрьевич,капитан,8,60
Попов Евгений Викторович,полковник,3,60
Попов Евгений Дмитриевич,лейтенант,1,52
Орлов Михаил Викторович,полковник,5,59
Попов Егор Алексеевич,сержант,8,44
Фёдоров Константин Викторович,прапорщик,8,21
Морозов Константин Романович,лейтенант,12,22
Егоров Матвей Ильич,майор,4,25
Орлов Александр Иванович,полковник,12,53
Алексеев Илья Викторович,рядовой,8,49
Попов Денис Ильич,рядовой,6,56
Лебедев Александр Андреевич,лейтенант,8,38
Зайцев Андрей Викторович,майор,12,51
Фёдоров Евгений Кириллович,майор,3,48
Яковлев Егор Александрович,капитан,1,39
Сидоров Алексей Юрьевич,лейтенант,11,38
Лебедев Степан Максимович,капитан,11,40
Сидоров Андрей Олегович,полковник,6,60
Яковлев Илья Сергеевич,рядовой,10,38
Павлов Матвей Ильич,капитан,4,26
Орлов Роман Романович,рядовой,7,26
Соловьёв Матвей Иванович,майор,2,41
Яковлев Степан Викторович,капитан,12,36
Борисов Евгений Романович,лейтенант,8,37
Никитин Андрей Сергеевич,полковник,7,21
Николаев Евгений Андреевич,майор,11,33
Попов Алексей Викторович,капитан,4,29
Зайцев Степан Ильич,лейтенант,11,34
Павлов Илья Максимович,капитан,11,33
Морозов Иван Алексеевич,лейтенант,3,53
Яковлев Сергей Юрьевич,капитан,11,45
Яковлев Степан Алексеевич,капитан,6,39
Николаев Роман Михайлович,лейтенант,4,35
Никитин Юрий Иванович,рядовой,5,44
Смирнов Никита Максимович,майор,1,31
Фёдоров Андрей Юрьевич,рядовой,6,36
Фёдоров Евгений Михайлович,сержант,7,59
Соколов Виктор Ильич,полковник,2,37
Павлов Юрий Романович,прапорщик,9,18
Орлов Кирилл Юрьевич,капитан,11,44
Никитин Степан Юрьевич,прапорщик,5,37
Андреев Олег Максимович,сержант,2,38
Кузнецов Алексей Дмитриевич,прапорщик,6,47
Лебедев Михаил Олегович,капитан,8,22
Николаев Михаил Максимович,сержант,4,45
Николаев Егор Алексеевич,прапорщик,2,48
Михайлов Дмитрий Юрьевич,майор,7,55
Алексеев Евгений Александрович,рядовой,1,51
Макаров Кирилл Павлович,капитан,5,47
Михайлов Никита Олегович,сержант,8,40
Петров Юрий Никитич,полковник,8,37
Борисов Евгений Александрович,лейтенант,12,23
Борисов Степан Андреевич,лейтенант,12,36
Михайлов Константин Никитич,лейтенант,11,47
Борисов Виктор Сергеевич,рядовой,7,55
Макаров Илья Дмитриевич,полковник,7,28
Орлов Никита Викторович,рядовой,6,47
Иванов Максим Ильич,капитан,7,38
Никитин Илья Алексеевич,капитан,9,18
Николаев Андрей Юрьевич,лейтенант,3,46
Захаров Артём Андреевич,лейтенант,4,33
Кузнецов Юрий Романович,прапорщик,3,53
Алексеев Артём Романович,полковник,8,34
Михайлов Егор Андреевич,прапорщик,12,19
Орлов Илья Кириллович,лейтенант,3,25
Фёдоров Никита Романович,сержант,2,55
Алексеев Константин Никитич,полковник,4,19
Степанов Константин Дмитриевич,прапорщик,3,23
Михайлов Матвей Павлович,капитан,5,57
Яковлев Олег Дмитриевич,полковник,6,22
Николаев Роман Сергеевич,полковник,9,34
Павлов Виктор Никитич,прапорщик,1,19
Лебедев Роман Юрьевич,полковник,9,31
Николаев Юрий Александрович,капитан,5,39
Захаров Дмитрий Никитич,лейтенант,3,30
Новиков Илья Юрьевич,полковник,10,49
Соловьёв Роман Кириллович,прапорщик,3,18
Николаев Денис Иванович,капитан,5,33
Сидоров Роман Алексеевич,майор,11,29
Павлов Илья Михайлович,лейтенант,10,51
Соловьёв Илья Михайлович,сержант,1,23
Морозов Илья Павлович,прапорщик,7,18
Сидоров Денис Юрьевич,прапорщик,8,31
Яковлев Роман Алексеевич,полковник,9,24
Попов Роман Иванович,майор,5,48
Никитин Иван Павлович,капитан,5,28
Попов Виктор Максимович,прапорщик,9,44
Петров Евгений Юрьевич,майор,12,55
Егоров Артём Дмитриевич,рядовой,12,21
Новиков Дмитрий Никитич,сержант,1,46
Михайлов Илья Александрович,прапорщик,3,44
Павлов Александр Андреевич,полковник,7,22
Захаров Павел Андреевич,полковник,10,50
Попов Андрей Павлович,лейтенант,5,56
Андреев Андрей Сергеевич,рядовой,12,50
Степанов Илья Викторович,сержант,1,27
Сидоров Илья Александрович,рядовой,7,50
Козлов Артём Андреевич,сержант,12,40
Степанов Евгений Никитич,сержант,6,38
Андреев Олег Никитич,рядовой,6,45
Петров Кирилл Андреевич,лейтенант,5,22
Лебедев Александр Иванович,майор,8,33
Егоров Максим Викторович,лейтенант,4,38
Яковлев Евгений Алексеевич,капитан,11,52
Яковлев Сергей Михайлович,прапорщик,4,39
Васильев Никита Иванович,прапорщик,11,33
Яковлев Егор Никитич,рядовой,12,30
Морозов Андрей Ильич,рядовой,10,45
Захаров Роман Кириллович,полковник,11,57
Сидоров Юрий Кириллович,сержант,8,50
Борисов Степан Романович,прапорщик,12,42
Зайцев Роман Кириллович,капитан,12,45
Зайцев Степан Сергеевич,сержант,2,59
Орлов Артём Сергеевич,прапорщик,11,49
Иванов Никита Александрович,прапорщик,4,47
Алексеев Матвей Иванович,майор,7,22
Попов Юрий Ильич,сержант,6,48
Новиков Степан Кириллович,прапорщик,12,19
Сидоров Сергей Михайлович,сержант,12,38
Макаров Олег Дмитриевич,сержант,2,44
Новиков Михаил Олегович,капитан,7,58
Николаев Михаил Павлович,полковник,12,20
Васильев Егор Максимович,сержант,9,19
Соловьёв Артём Кириллович,майор,6,50
Никитин Степан Александрович,сержант,4,18
Степанов Михаил Александрович,полковник,7,58
Борисов Михаил Павлович,прапорщик,11,35
Павлов Кирилл Ильич,сержант,9,46
Васильев Максим Михайлович,капитан,5,20
Семёнов Егор Романович,прапорщик,8,60
Лебедев Евгений Сергеевич,майор,11,35
Морозов Олег Романович,прапорщик,12,41
Яковлев Юрий Ильич,лейтенант,8,36
Орлов Максим Олегович,прапорщик,3,18
Кочергин Дмитрий Юрьевич,полковник,3,19
Сидоров Виктор Иванович,сержант,5,29
Смирнов Степан Кириллович,сержант,4,48
Сидоров Олег Михайлович,сержант,1,57
Соловьёв Роман Романович,прапорщик,6,37
Зайцев Артём Павлович,прапорщик,8,56
Павлов Александр Викторович,полковник,12,26
Борисов Юрий Дмитриевич,капитан,2,52
Орлов Олег Иванович,лейтенант,5,45
Попов Сергей Сергеевич,рядовой,8,56
Васильев Иван Иванович,капитан,10,44
Сидоров Александр Иванович,рядовой,2,26
Фёдоров Константин Кириллович,капитан,12,42
Лебедев Андрей Юрьевич,полковник,1,26
Степанов Иван Иванович,лейтенант,10,25
Козлов Роман Иванович,майор,6,59
Иванов Артём Алексеевич,прапорщик,5,46
Соловьёв Артём Романович,полковник,5,29
Егоров Юрий Андреевич,прапорщик,7,39
Иванов Матвей Кириллович,лейтенант,12,51
Петров Михаил Сергеевич,прапорщик,12,43
Васильев Андрей Алексеевич,сержант,6,34
Кочергин Олег Олегович,рядовой,11,23
Николаев Матвей Павлович,рядовой,4,35
Никитин Андрей Андреевич,рядовой,4,24
Иванов Дмитрий Александрович,сержант,10,29
Андреев Илья Ильич,рядовой,5,48
Павлов Никита Никитич,капитан,12,38
Яковлев Иван Александрович,прапорщик,11,52
Семёнов Иван Юрьевич,капитан,11,37
Сидоров Сергей Иванович,лейтенант,12,56
Попов Кирилл Александрович,рядовой,3,39
Семёнов Кирилл Юрьевич,лейтенант,5,20
Лебедев Артём Иванович,прапорщик,7,20
Андреев Евгений Олегович,прапорщик,4,20
Яковлев Илья Михайлович,майор,5,18
Васильев Никита Сергеевич,сержант,4,18
Борисов Алексей Олегович,лейтенант,3,38
Борисов Роман Максимович,рядовой,5,48
Лебедев Олег Дмитриевич,майор,11,27
Смирнов Евгений Олегович,рядовой,6,53
Лебедев Никита Сергеевич,полковник,11,25
Козлов Иван Александрович,прапорщик,8,48
Кузнецов Алексей Максимович,полковник,8,42
Фёдоров Егор Алексеевич,полковник,9,21
Степанов Иван Юрьевич,капитан,3,22
Николаев Андрей Иванович,майор,4,35
Лебедев Андрей Михайлович,рядовой,2,60
Новиков Александр Александрович,майор,9,41
Михайлов Алексей Олегович,сержант,8,27
Козлов Андрей Максимович,полковник,7,48
Алексеев Максим Иванович,сержант,2,60
Васильев Константин Романович,полковник,7,55
Орлов Илья Викторович,сержант,6,39
Борисов Егор Никитич,прапорщик,8,57
Кочергин Юрий Сергеевич,рядовой,6,26
Николаев Дмитрий Сергеевич,сержант,2,48
Фёдоров Константин Иванович,прапорщик,5,38
Козлов Дмитрий Олегович,капитан,4,46
Борисов Андрей Алексеевич,прапорщик,12,43
Фёдоров Никита Никитич,лейтенант,8,50
Кочергин Иван Иванович,полковник,7,42
Новиков Константин Алексеевич,лейтенант,12,56
Егоров Константин Александрович,сержант,12,42
Васильев Сергей Никитич,полковник,5,58
Петров Егор Романович,полковник,3,18
Новиков Иван Романович,полковник,7,29
Васильев Сергей Дмитриевич,сержант,9,47
Макаров Павел Алексеевич,майор,11,28
Захаров Андрей Михайлович,рядовой,11,56
Кузнецов Никита Сергеевич,сержант,6,56
Лебедев Дмитрий Викторович,майор,3,28
Морозов Александр Александрович,рядовой,1,33
Кузнецов Артём Алексеевич,лейтенант,3,19
Лебедев Сергей Павлович,полковник,4,43
Павлов Юрий Андреевич,сержант,8,50
Петров Андрей Максимович,рядовой,12,56
Никитин Андрей Олегович,полковник,2,44
Андреев Илья Олегович,капитан,5,46
Кузнецов Александр Никитич,сержант,12,35
Яковлев Дмитрий Романович,лейтенант,7,33
Соколов Иван Олегович,полковник,11,24
Алексеев Павел Андреевич,лейтенант,3,41
Попов Виктор Александрович,сержант,8,55
Зайцев Егор Никитич,прапорщик,6,28
Павлов Денис Юрьевич,капитан,10,24
Никитин Михаил Романович,полковник,8,44
Борисов Михаил Ильич,майор,4,52
Соловьёв Андрей Иванович,полковник,5,33
Кузнецов Егор Александрович,капитан,7,26
Андреев Матвей Алексеевич,майор,5,25
Новиков Андрей Павлович,майор,11,51
Иванов Матвей Олегович,лейтенант,6,24
Захаров Роман Романович,рядовой,3,48
Попов Денис Викторович,рядовой,3,50
Захаров Матвей Никитич,лейтенант,4,20
Сидоров Виктор Олегович,рядовой,10,55
Петров Матвей Алексеевич,сержант,7,50
Соколов Степан Олегович,майор,1,51
Смирнов Константин Максимович,рядовой,10,28
Никитин Артём Максимович,прапорщик,10,37
Кочергин Матвей Романович,рядовой,11,29
Никитин Виктор Андреевич,лейтенант,9,36
Николаев Сергей Викторович,полковник,10,52
Фёдоров Роман Никитич,лейтенант,9,40
Зайцев Евгений Александрович,лейтенант,10,27
Макаров Степан Сергеевич,лейтенант,11,24
Степанов Константин Олегович,лейтенант,4,29
Зайцев Артём Павлович,лейтенант,4,20
Яковлев Роман Романович,капитан,2,49
Яковлев Илья Олегович,капитан,4,32
Зайцев Роман Романович,рядовой,3,46
Павлов Сергей Юрьевич,рядовой,9,55
Морозов Михаил Павлович,майор,6,32
Соколов Евгений Дмитриевич,сержант,8,25
Никитин Михаил Дмитриевич,лейтенант,10,45
Павлов Степан Юрьевич,прапорщик,6,41
Новиков Артём Романович,прапорщик,2,50
Семёнов Кирилл Сергеевич,майор,6,50
Козлов Константин Романович,рядовой,2,41
Андреев Кирилл Иванович,майор,11,46
Лебедев Степан Михайлович,рядовой,10,52
Павлов Денис Дмитриевич,майор,10,46
Соловьёв Кирилл Максимович,прапорщик,6,38
Морозов Артём Максимович,прапорщик,12,46
Макаров Кирилл Андреевич,полковник,12,28
Кочергин Иван Иванович,прапорщик,7,59
Михайлов Андрей Сергеевич,сержант,5,47
Орлов Евгений Олегович,полковник,1,44
Егоров Матвей Романович,рядовой,8,38
Кузнецов Константин Михайлович,капитан,6,25
Яковлев Александр Михайлович,капитан,3,46
Попов Никита Павлович,сержант,8,42
Морозов Дмитрий Сергеевич,майор,11,29
Кузнецов Артём Романович,сержант,11,45
Соколов Денис Кириллович,майор,4,41
Степанов Константин Кириллович,прапорщик,6,55
Иванов Виктор Романович,лейтенант,2,41
Соловьёв Алексей Ильич,рядовой,8,58
Попов Дмитрий Сергеевич,полковник,10,19
Лебедев Олег Олегович,полковник,6,24
Степанов Кирилл Викторович,рядовой,7,58
Егоров Степан Романович,майор,10,52
Кузнецов Артём Дмитриевич,майор,7,36
Новиков Александр Павлович,прапорщик,4,20
Сидоров Кирилл Романович,полковник,4,54
Смирнов Денис Максимович,лейтенант,3,54
Соловьёв Кирилл Романович,лейтенант,2,18
Захаров Денис Дмитриевич,прапорщик,8,53
Кочергин Олег Кириллович,капитан,6,40
Павлов Артём Иванович,капитан,7,30
Попов Евгений Викторович,лейтенант,3,23
Смирнов Егор Кириллович,рядовой,6,48
Новиков Константин Никитич,капитан,4,21
Макаров Алексей Алексеевич,полковник,7,29
Никитин Павел Викторович,капитан,12,51
Борисов Никита Сергеевич,прапорщик,12,45
Кузнецов Сергей Викторович,сержант,7,37
Фёдоров Кирилл Дмитриевич,рядовой,2,49
Кочергин Илья Сергеевич,полковник,5,54
Алексеев Илья Алексеевич,сержант,2,55
Васильев Роман Викторович,капитан,10,46
Яковлев Денис Сергеевич,прапорщик,11,38
Новиков Андрей Никитич,сержант,12,58
Петров Андрей Романович,прапорщик,5,46
Яковлев Роман Иванович,прапорщик,7,37
Кочергин Евгений Алексеевич,капитан,4,57
Козлов Никита Михайлович,полковник,11,52
Иванов Евгений Алексеевич,майор,10,32
Николаев Юрий Максимович,прапорщик,1,51
Лебедев Олег Никитич,лейтенант,8,32
Макаров Павел Максимович,рядовой,2,55
Соловьёв Павел Юрьевич,капитан,5,39
Кузнецов Константин Андреевич,майор,12,53
Никитин Виктор Иванович,капитан,8,58
Семёнов Степан Викторович,капитан,8,32
Попов Алексей Иванович,прапорщик,4,50
Борисов Андрей Никитич,сержант,6,56
Петров Александр Олегович,майор,4,42
Кочергин Павел Алексеевич,прапорщик,3,38
Орлов Павел Олегович,полковник,2,25
Борисов Иван Ильич,майор,10,34
Кузнецов Алексей Андреевич,полковник,9,57
Николаев Матвей Максимович,сержант,2,30
Николаев Сергей Викторович,майор,1,25
Орлов Павел Максимович,полковник,8,48
Зайцев Дмитрий Александрович,майор,3,50
Петров Роман Александрович,капитан,4,51
Павлов Артём Алексеевич,прапорщик,8,40
Яковлев Сергей Романович,прапорщик,3,31
Степанов Евгений Кириллович,прапорщик,1,59
Николаев Егор Павлович,прапорщик,11,18
Сидоров Евгений Никитич,полковник,12,40
Яковлев Дмитрий Викторович,капитан,6,38
Петров Юрий Максимович,сержант,4,49
Попов Олег Максимович,лейтенант,2,46
Михайлов Роман Александрович,прапорщик,8,56
Яковлев Олег Кириллович,лейтенант,5,22
Андреев Кирилл Павлович,лейтенант,5,43
Смирнов Никита Сергеевич,прапорщик,9,20
Кузнецов Павел Андреевич,капитан,12,35
Никитин Виктор Александрович,прапорщик,7,40
Никитин Михаил Александрович,капитан,2,30
Васильев Юрий Михайлович,лейтенант,7,22
Егоров Михаил Ильич,капитан,6,52
Новиков Кирилл Алексеевич,лейтенант,7,32
Николаев Юрий Олегович,капитан,12,35
Николаев Иван Кириллович,полковник,6,55
Соколов Андрей Олегович,лейтенант,12,19
Попов Дмитрий Михайлович,рядовой,7,54
Никитин Константин Юрьевич,полковник,6,52
Яковлев Константин Александрович,рядовой,6,37
Васильев Илья Юрьевич,сержант,1,27
Козлов Андрей Андреевич,сержант,2,56
Алексеев Константин Максимович,сержант,9,31
Яковлев Сергей Кириллович,прапорщик,9,30
Сидоров Максим Павлович,лейтенант,2,32
Соловьёв Сергей Павлович,майор,5,31
Михайлов Дмитрий Юрьевич,прапорщик,11,46
Соловьёв Степан Кириллович,лейтенант,2,36
Никитин Илья Викторович,майор,9,42
Новиков Юрий Александрович,майор,9,35
Иванов Степан Кириллович,майор,3,30
Захаров Степан Михайлович,сержант,11,58
Захаров Максим Романович,прапорщик,8,20
Васильев Виктор Юрьевич,лейтенант,1,32
Кузнецов Константин Юрьевич,рядовой,5,43
Захаров Роман Ильич,сержант,1,34
Морозов Роман Максимович,майор,8,26
Борисов Кирилл Кириллович,рядовой,2,40
Лебедев Никита Дмитриевич,капитан,1,37
Николаев Александр Сергеевич,прапорщик,2,26
Степанов Сергей Никитич,рядовой,3,51
Николаев Степан Максимович,майор,6,22
Фёдоров Дмитрий Никитич,полковник,10,56
Лебедев Роман Викторович,майор,7,57
Андреев Артём Максимович,рядовой,11,47
Фёдоров Сергей Сергеевич,майор,7,20
Алексеев Артём Александрович,сержант,6,53
Фёдоров Дмитрий Ильич,лейтенант,1,21
Сидоров Денис Иванович,сержант,11,30
Михайлов Кирилл Максимович,полковник,9,54
Яковлев Михаил Дмитриевич,полковник,11,36
Соколов Максим Александрович,сержант,4,38
Морозов Сергей Максимович,лейтенант,3,58
Морозов Олег Никитич,сержант,8,22
Соколов Артём Кириллович,рядовой,9,60
Степанов Сергей Сергеевич,прапорщик,2,20
Борисов Роман Олегович,полковник,1,54
Соколов Олег Романович,прапорщик,12,55
Кузнецов Никита Максимович,прапорщик,5,54
Кузнецов Кирилл Никитич,прапорщик,9,59
Морозов Павел Сергеевич,сержант,5,42
Попов Юрий Максимович,лейтенант,3,19
Павлов Дмитрий Викторович,лейтенант,5,45
Соловьёв Степан Олегович,капитан,2,37
Кочергин Степан Юрьевич,лейтенант,1,46
Семёнов Денис Андреевич,сержант,1,59
Козлов Роман Павлович,капитан,12,48
Яковлев Никита Максимович,лейтенант,6,51
Иванов Никита Кириллович,прапорщик,1,58
Морозов Максим Юрьевич,сержант,3,50
Соколов Дмитрий Юрьевич,сержант,2,57
Смирнов Никита Олегович,лейтенант,4,29
Захаров Алексей Дмитриевич,майор,6,22
Орлов Александр Дмитриевич,прапорщик,11,59
Попов Павел Иванович,сержант,10,47
Никитин Сергей Юрьевич,капитан,1,22
Алексеев Дмитрий Никитич,полковник,9,53
Семёнов Андрей Сергеевич,майор,7,49
Макаров Евгений Сергеевич,сержант,2,24
Иванов Иван Сергеевич,сержант,6,23
Макаров Юрий Александрович,полковник,2,22
Егоров Сергей Иванович,майор,7,27
Алексеев Егор Дмитриевич,сержант,11,38
Васильев Евгений Дмитриевич,сержант,6,51
Орлов Дмитрий Кириллович,лейтенант,6,31
Иванов Дмитрий Олегович,майор,10,21
Николаев Иван Никитич,полковник,4,45
Иванов Денис Юрьевич,капитан,2,42
Фёдоров Виктор Никитич,рядовой,12,20
Зайцев Юрий Михайлович,майор,8,52
Зайцев Иван Олегович,полковник,2,36
Петров Алексей Максимович,майор,3,23
Макаров Илья Андреевич,майор,5,58
Степанов Матвей Юрьевич,прапорщик,12,29
Орлов Максим Сергеевич,сержант,12,37
Соколов Евгений Максимович,прапорщик,5,27
Кузнецов Евгений Дмитриевич,капитан,12,23
Петров Павел Михайлович,прапорщик,8,25
Иванов Роман Викторович,рядовой,7,32
Фёдоров Кирилл Олегович,сержант,9,56
Петров Михаил Ильич,рядовой,5,49
Павлов Алексей Сергеевич,полковник,1,47
Морозов Евгений Ильич,капитан,10,52
Козлов Степан Михайлович,сержант,8,46
Степанов Павел Викторович,майор,4,50
Алексеев Илья Алексеевич,полковник,9,22
Егоров Артём Кириллович,рядовой,6,45
Васильев Иван Юрьевич,капитан,1,59
Соловьёв Кирилл Никитич,сержант,8,46
Егоров Александр Иванович,капитан,5,41
Николаев Дмитрий Сергеевич,сержант,3,25
Соловьёв Иван Кириллович,прапорщик,3,37
Васильев Максим Романович,рядовой,10,60
Борисов Юрий Ильич,полковник,2,59
Сидоров Степан Павлович,сержант,7,57
Захаров Никита Александрович,майор,7,38
Орлов Степан Алексеевич,рядовой,1,31
Захаров Олег Дмитриевич,майор,1,44
Соловьёв Михаил Сергеевич,полковник,5,47
Соловьёв Андрей Максимович,лейтенант,3,39
Кузнецов Денис Никитич,лейтенант,2,39
Макаров Илья Кириллович,лейтенант,7,37
Николаев Никита Михайлович,майор,2,20
Новиков Кирилл Романович,прапорщик,12,52
Морозов Иван Иванович,капитан,8,23
Петров Михаил Дмитриевич,сержант,8,40
Кочергин Александр Алексеевич,полковник,9,49
Захаров Денис Павлович,рядовой,12,37
Степанов Денис Алексеевич,рядовой,11,44
Борисов Роман Андреевич,капитан,6,19
Степанов Андрей Романович,лейтенант,9,30
Яковлев Илья Юрьевич,капитан,12,45
Никитин Егор Романович,лейтенант,1,33
Никитин Иван Максимович,майор,2,56
Кузнецов Матвей Олегович,полковник,3,38
Фёдоров Александр Михайлович,капитан,9,27
Соколов Роман Сергеевич,рядовой,10,20
Морозов Егор Павлович,прапорщик,4,26
Соловьёв Михаил Максимович,сержант,9,33
Новиков Кирилл Андреевич,капитан,1,39
Макаров Олег Викторович,лейтенант,3,26
Новиков Евгений Викторович,капитан,10,56
Алексеев Дмитрий Алексеевич,майор,1,22
Смирнов Артём Викторович,прапорщик,4,58
Васильев Матвей Иванович,капитан,9,33
Захаров Олег Юрьевич,лейтенант,12,54
Алексеев Сергей Максимович,капитан,10,33
Андреев Артём Алексеевич,рядовой,6,33
Фёдоров Егор Максимович,капитан,9,57
Лебедев Алексей Сергеевич,лейтенант,10,36
Борисов Максим Андреевич,рядовой,8,18
Макаров Виктор Павлович,прапорщик,6,30
Николаев Павел Олегович,рядовой,12,37
Козлов Павел Никитич,рядовой,12,50
Алексеев Дмитрий Олегович,прапорщик,9,59
Борисов Дмитрий Александрович,майор,7,26
Соколов Евгений Юрьевич,полковник,9,18
Кузнецов Виктор Ильич,лейтенант,5,26
Егоров Матвей Андреевич,полковник,4,38
Петров Никита Романович,лейтенант,8,25
Семёнов Степан Кириллович,полковник,8,31
Морозов Иван Никитич,лейтенант,8,47
Сидоров Максим Павлович,рядовой,10,24
Павлов Андрей Романович,сержант,8,50
Павлов Дмитрий Дмитриевич,сержант,12,49
Козлов Никита Максимович,прапорщик,11,59
Степанов Евгений Павлович,капитан,1,40
Андреев Михаил Юрьевич,полковник,4,37
Васильев Константин Иванович,прапорщик,6,56
Фёдоров Александр Ильич,прапорщик,10,59
Андреев Константин Михайлович,капитан,3,48
Борисов Александр Олегович,прапорщик,12,42
Козлов Максим Юрьевич,прапорщик,12,34
Иванов Матвей Ильич,прапорщик,4,58
Фёдоров Роман Кириллович,полковник,1,48
Николаев Дмитрий Александрович,капитан,11,34
Сидоров Сергей Ильич,сержант,7,34
Лебедев Михаил Дмитриевич,рядовой,10,54
Николаев Павел Никитич,прапорщик,4,35
Новиков Андрей Викторович,майор,11,50
Сидоров Юрий Александрович,рядовой,3,43
Морозов Юрий Максимович,прапорщик,6,56
Сидоров Виктор Михайлович,майор,7,41
Кузнецов Олег Сергеевич,майор,10,39
Кочергин Артём Александрович,лейтенант,9,23
Никитин Иван Михайлович,сержант,6,44
Кочергин Константин Александрович,капитан,10,21
Кузнецов Денис Романович,майор,6,59
Яковлев Степан Максимович,рядовой,9,60
Соколов Виктор Никитич,лейтенант,10,32
Егоров Степан Никитич,капитан,7,35
Кузнецов Олег Максимович,полковник,11,34
Соколов Артём Александрович,сержант,3,57
Сидоров Илья Михайлович,капитан,8,18
Егоров Иван Андреевич,лейтенант,5,55
Степанов Степан Иванович,рядовой,5,28
Николаев Иван Александрович,сержант,4,31
Павлов Никита Андреевич,прапорщик,10,51
Фёдоров Кирилл Максимович,прапорщик,5,29
Кочергин Кирилл Сергеевич,лейтенант,5,43
Морозов Андрей Юрьевич,лейтенант,5,35
Степанов Роман Викторович,капитан,3,52
Иванов Денис Ильич,полковник,6,44
Лебедев Юрий Ильич,капитан,7,28
Яковлев Илья Ильич,прапорщик,3,59
Егоров Степан Александрович,рядовой,2,46
Петров Степан Павлович,капитан,10,43
Михайлов Иван Олегович,полковник,5,60
Попов Константин Иванович,полковник,4,33
Никитин Юрий Алексеевич,рядовой,6,44
Семёнов Матвей Михайлович,прапорщик,4,25
Петров Сергей Никитич,прапорщик,7,30
Смирнов Дмитрий Ильич,прапорщик,5,58
Борисов Константин Максимович,капитан,12,36
Михайлов Михаил Юрьевич,рядовой,2,48
Новиков Матвей Павлович,сержант,8,41
Захаров Денис Иванович,майор,10,31
Зайцев Дмитрий Олегович,капитан,5,59
Егоров Алексей Иванович,прапорщик,5,45
Яковлев Виктор Никитич,полковник,1,24
Морозов Степан Максимович,рядовой,11,58
Соловьёв Илья Кириллович,рядовой,11,36
Смирнов Илья Иванович,сержант,10,44
Васильев Константин Максимович,майор,12,56
Зайцев Кирилл Михайлович,прапорщик,10,38
Смирнов Андрей Никитич,капитан,6,49
Зайцев Александр Алексеевич,капитан,4,44
Семёнов Никита Ильич,капитан,8,35
Новиков Евгений Романович,капитан,6,51
Морозов Роман Павлович,полковник,1,31
Михайлов Денис Никитич,майор,2,22
Смирнов Павел Дмитриевич,полковник,3,41
Егоров Роман Михайлович,полковник,9,36
Захаров Сергей Викторович,капитан,6,38
Морозов Юрий Александрович,сержант,2,55
Семёнов Илья Михайлович,капитан,2,56
Орлов Алексей Максимович,лейтенант,7,28
Попов Сергей Сергеевич,лейтенант,9,58
Никитин Артём Дмитриевич,лейтенант,11,54
Яковлев Константин Иванович,прапорщик,4,55
Михайлов Иван Юрьевич,прапорщик,1,56
Орлов Михаил Алексеевич,сержант,6,46
Андреев Дмитрий Олегович,сержант,2,41
Попов Роман Викторович,сержант,1,21
Лебедев Павел Максимович,рядовой,12,55
Попов Александр Юрьевич,лейтенант,10,36
Васильев Роман Викторович,полковник,6,55
Андреев Сергей Дмитриевич,рядовой,9,46
Лебедев Юрий Юрьевич,майор,2,54
Кочергин Виктор Никитич,полковник,7,27
Егоров Никита Кириллович,майор,8,21
Борисов Евгений Максимович,лейтенант,9,34
Захаров Егор Андреевич,капитан,1,50
Егоров Евгений Максимович,рядовой,9,39
Сидоров Виктор Кириллович,сержант,2,44
Егоров Юрий Олегович,прапорщик,8,50
Петров Денис Павлович,полковник,11,25
Сидоров Дмитрий Андреевич,прапорщик,11,48
Фёдоров Кирилл Максимович,майор,11,34
Соловьёв Кирилл Дмитриевич,капитан,2,59
Яковлев Иван Алексеевич,прапорщик,2,32
Фёдоров Артём Никитич,майор,3,39
Николаев Никита Андреевич,сержант,10,45
Николаев Юрий Ильич,майор,10,28
Степанов Евгений Юрьевич,лейтенант,5,41
Яковлев Матвей Иванович,рядовой,10,44
Кочергин Константин Кириллович,лейтенант,10,32
Смирнов Андрей Михайлович,майор,12,45
Семёнов Алексей Викторович,рядовой,6,18
Андреев Виктор Юрьевич,сержант,11,27
Семёнов Кирилл Иванович,сержант,4,52
Фёдоров Олег Сергеевич,рядовой,9,21
Кочергин Сергей Олегович,майор,2,43
Андреев Матвей Павлович,майор,10,18
Яковлев Алексей Максимович,прапорщик,10,53
Михайлов Никита Дмитриевич,сержант,2,44
Кочергин Александр Викторович,лейтенант,3,28
Попов Константин Алексеевич,сержант,1,29
Зайцев Артём Олегович,сержант,7,27
Борисов Алексей Викторович,лейтенант,7,18
Макаров Степан Никитич,лейтенант,4,31
Морозов Александр Сергеевич,прапорщик,1,52
Семёнов Александр Романович,рядовой,5,34
Смирнов Кирилл Романович,прапорщик,4,34
Кузнецов Михаил Сергеевич,прапорщик,9,46
Степанов Александр Романович,полковник,1,60
Соколов Кирилл Кириллович,капитан,5,52
Кузнецов Никита Андреевич,капитан,8,49
Козлов Александр Павлович,рядовой,4,43
Орлов Матвей Александрович,майор,12,29
Николаев Никита Павлович,рядовой,10,47
Яковлев Илья Андреевич,сержант,5,51
Орлов Виктор Иванович,лейтенант,9,44
Захаров Евгений Михайлович,сержант,2,19
Фёдоров Александр Никитич,капитан,8,19
Макаров Алексей Дмитриевич,рядовой,8,43
Степанов Илья Михайлович,прапорщик,8,30
Алексеев Андрей Андреевич,полковник,8,37
Кочергин Алексей Максимович,лейтенант,3,24
Николаев Юрий Ильич,рядовой,10,20
Фёдоров Егор Александрович,рядовой,10,31
Орлов Виктор Викторович,рядовой,8,23
Сидоров Константин Кириллович,лейтенант,4,50
Семёнов Денис Никитич,капитан,8,43
Степанов Никита Максимович,лейтенант,4,22
Павлов Михаил Юрьевич,полковник,10,40
Степанов Артём Александрович,рядовой,1,33
Лебедев Александр Олегович,майор,8,58
Яковлев Алексей Максимович,прапорщик,4,27
Иванов Кирилл Никитич,рядовой,6,36
Яковлев Матвей Алексеевич,рядовой,4,26
Павлов Сергей Иванович,прапорщик,12,60
Петров Сергей Максимович,майор,5,22
Семёнов Егор Викторович,капитан,3,21
Борисов Егор Иванович,лейтенант,3,48
Петров Илья Юрьевич,сержант,2,18
Захаров Юрий Дмитриевич,сержант,4,50
Кузнецов Павел Ильич,рядовой,11,20
Козлов Егор Никитич,лейтенант,4,53
Попов Андрей Иванович,рядовой,5,49
Захаров Александр Олегович,полковник,7,27
Сидоров Егор Романович,рядовой,9,32
Яковлев Никита Олегович,сержант,3,44
Морозов Иван Иванович,полковник,10,23
Алексеев Матвей Олегович,полковник,7,59
Захаров Андрей Алексеевич,лейтенант,9,26
Николаев Дмитрий Алексеевич,полковник,5,41
Никитин Егор Алексеевич,полковник,11,31
Иванов Евгений Дмитриевич,сержант,1,50
Фёдоров Юрий Романович,сержант,12,31
Кузнецов Никита Романович,рядовой,1,21
Новиков Олег Дмитриевич,сержант,3,54
Новиков Юрий Юрьевич,майор,8,36
Захаров Олег Викторович,полковник,9,22
Попов Виктор Андреевич,майор,7,39
Кузнецов Олег Дмитриевич,прапорщик,2,29
Кочергин Константин Юрьевич,полковник,10,32
Козлов Илья Михайлович,полковник,12,56
Фёдоров Матвей Олегович,прапорщик,2,46
Соловьёв Артём Романович,капитан,10,27
Степанов Александр Викторович,рядовой,2,42
Зайцев Иван Иванович,майор,7,47
Егоров Егор Никитич,капитан,10,58
Егоров Артём Ильич,прапорщик,5,50
Фёдоров Виктор Никитич,лейтенант,4,40
Егоров Матвей Романович,сержант,10,28
Борисов Алексей Ильич,прапорщик,11,29
Захаров Евгений Андреевич,лейтенант,8,38
Соколов Егор Ильич,лейтенант,10,52
Николаев Максим Алексеевич,полковник,7,30
Соловьёв Егор Алексеевич,прапорщик,6,21
Кузнецов Виктор Алексеевич,прапорщик,12,23
Петров Никита Максимович,прапорщик,2,39
Васильев Александр Романович,сержант,3,40
Никитин Степан Ильич,рядовой,6,42
Васильев Илья Викторович,полковник,3,32
Кочергин Михаил Никитич,лейтенант,10,47
Смирнов Илья Олегович,прапорщик,9,26
Семёнов Дмитрий Михайлович,рядовой,1,19
Попов Андрей Андреевич,лейтенант,6,58
Петров Павел Максимович,майор,6,53
Семёнов Александр Кириллович,полковник,8,19
Морозов Михаил Кириллович,лейтенант,11,24
Макаров Степан Викторович,прапорщик,8,59
Морозов Александр Кириллович,сержант,9,36
Козлов Егор Кириллович,лейтенант,10,21
Сидоров Константин Ильич,майор,9,25
Кузнецов Дмитрий Сергеевич,полковник,4,24
Захаров Виктор Максимович,полковник,6,38
Соколов Денис Алексеевич,майор,1,40
Иванов Иван Иванович,полковник,1,33
Новиков Михаил Алексеевич,сержант,5,54
Семёнов Степан Кириллович,лейтенант,9,39
Николаев Виктор Михайлович,сержант,3,27
Сидоров Юрий Михайлович,сержант,2,28
Соловьёв Иван Андреевич,капитан,11,58
Новиков Егор Александрович,сержант,11,36
Фёдоров Евгений Алексеевич,лейтенант,4,43
Попов Олег Андреевич,лейтенант,11,45
Степанов Кирилл Александрович,майор,8,49
Яковлев Павел Ильич,лейтенант,12,37
Борисов Максим Никитич,майор,12,45
Козлов Иван Романович,рядовой,4,48
Никитин Александр Александрович,прапорщик,9,22
Лебедев Егор Юрьевич,майор,1,21
Зайцев Виктор Романович,майор,1,41
Егоров Роман Алексеевич,лейтенант,8,37
Козлов Константин Андреевич,полковник,4,43
Лебедев Андрей Сергеевич,лейтенант,6,43
Лебедев Максим Александрович,сержант,6,45
Козлов Виктор Максимович,прапорщик,5,18
Андреев Артём Юрьевич,капитан,9,24
Николаев Юрий Иванович,майор,5,19
Алексеев Кирилл Олегович,полковник,10,25
Смирнов Виктор Михайлович,полковник,9,52
Попов Михаил Максимович,майор,5,44
Алексеев Виктор Андреевич,рядовой,5,60
Павлов Константин Ильич,лейтенант,3,56
Степанов Кирилл Алексеевич,лейтенант,11,49
Соколов Максим Михайлович,майор,11,31
Смирнов Андрей Максимович,сержант,9,38
Михайлов Александр Дмитриевич,майор,2,46
Сидоров Иван Кириллович,полковник,8,58
Зайцев Алексей Ильич,сержант,2,23
Козлов Сергей Кириллович,сержант,3,48
Алексеев Евгений Ильич,лейтенант,9,49
Николаев Роман Павлович,прапорщик,2,42
Павлов Денис Михайлович,рядовой,11,58
Петров Степан Никитич,капитан,6,55
Андреев Дмитрий Кириллович,майор,4,42
Лебедев Александр Михайлович,лейтенант,8,51
Семёнов Сергей Андреевич,прапорщик,1,29
Павлов Алексей Иванович,лейтенант,2,44
Степанов Кирилл Александрович,прапорщик,9,34
Смирнов Евгений Ильич,рядовой,5,55
Смирнов Андрей Романович,прапорщик,4,43
Кузнецов Михаил Иванович,сержант,5,23
Морозов Сергей Павлович,лейтенант,10,27
Макаров Роман Михайлович,сержант,8,39
Новиков Матвей Юрьевич,рядовой,4,37
Попов Михаил Иванович,сержант,2,33
Соловьёв Александр Олегович,лейтенант,8,33
Макаров Дмитрий Дмитриевич,капитан,2,24
Соловьёв Егор Александрович,прапорщик,7,51
Семёнов Никита Никитич,лейтенант,7,18
Иванов Егор Ильич,сержант,12,51
Попов Роман Александрович,полковник,7,20
Кочергин Степан Иванович,полковник,1,57
Фёдоров Юрий Сергеевич,прапорщик,1,49
Павлов Матвей Олегович,капитан,12,34
Соколов Денис Александрович,прапорщик,9,19
Яковлев Павел Романович,лейтенант,3,31
Захаров Михаил Дмитриевич,рядовой,2,44
Новиков Денис Романович,сержант,10,35
Степанов Константин Максимович,лейтенант,3,22
Лебедев Денис Алексеевич,рядовой,5,53
Никитин Матвей Андреевич,майор,5,56
Морозов Евгений Ильич,майор,2,33
Иванов Алексей Максимович,рядовой,11,58
Орлов Виктор Михайлович,полковник,3,42
Захаров Артём Иванович,майор,6,24
Никитин Александр Алексеевич,капитан,3,32
Борисов Никита Иванович,капитан,4,29
Кузнецов Кирилл Никитич,капитан,5,58
Смирнов Павел Ильич,капитан,1,32
Сидоров Евгений Михайлович,рядовой,6,38
Зайцев Матвей Андреевич,капитан,5,44
Яковлев Никита Александрович,лейтенант,2,20
Сидоров Константин Андреевич,майор,4,26
Никитин Максим Андреевич,капитан,2,55
Орлов Алексей Юрьевич,прапорщик,7,56
Новиков Андрей Дмитриевич,капитан,9,18
Петров Константин Романович,майор,6,54
Орлов Юрий Никитич,лейтенант,6,30
Фёдоров Виктор Максимович,лейтенант,12,20
Соловьёв Роман Викторович,майор,4,47
Егоров Константин Павлович,полковник,9,27
Кузнецов Кирилл Ильич,капитан,8,47
Сидоров Кирилл Викторович,рядовой,8,37
Андреев Евгений Максимович,прапорщик,3,42
Борисов Егор Юрьевич,полковник,12,21
Новиков Павел Дмитриевич,прапорщик,12,19
Егоров Павел Сергеевич,полковник,7,39
Попов Юрий Александрович,лейтенант,8,39
Яковлев Юрий Викторович,сержант,1,29
Соколов Алексей Сергеевич,капитан,3,37
Козлов Михаил Иванович,прапорщик,3,36
Зайцев Юрий Максимович,рядовой,8,27
Михайлов Дмитрий Павлович,рядовой,7,23
Смирнов Юрий Андреевич,прапорщик,2,42
Соколов Матвей Александрович,прапорщик,1,33
Захаров Юрий Сергеевич,лейтенант,10,53
Кочергин Андрей Дмитриевич,рядовой,5,24
Смирнов Артём Дмитриевич,рядовой,9,42
Попов Денис Никитич,прапорщик,3,28
Николаев Роман Александрович,прапорщик,8,18
Павлов Олег Алексеевич,сержант,9,55
Козлов Виктор Александрович,полковник,8,49
Иванов Константин Олегович,капитан,1,53
Сидоров Виктор Кириллович,лейтенант,9,52
Андреев Андрей Дмитриевич,лейтенант,4,53
Васильев Илья Дмитриевич,майор,12,26
Захаров Павел Романович,полковник,7,49
Яковлев Виктор Романович,рядовой,9,60
Фёдоров Денис Ильич,майор,8,48
Фёдоров Михаил Максимович,рядовой,11,60
Васильев Евгений Иванович,прапорщик,9,39
Никитин Илья Сергеевич,прапорщик,3,26
Зайцев Константин Андреевич,лейтенант,5,24
Михайлов Андрей Сергеевич,лейтенант,2,18
Новиков Михаил Павлович,капитан,8,49
Лебедев Артём Олегович,капитан,4,19
Зайцев Михаил Максимович,полковник,9,19
Фёдоров Егор Романович,лейтенант,6,59
Кочергин Алексей Сергеевич,майор,1,35
Макаров Евгений Алексеевич,майор,1,19
Сидоров Денис Павлович,полковник,11,42
Егоров Алексей Никитич,рядовой,7,46
Семёнов Виктор Алексеевич,капитан,3,20
Михайлов Артём Викторович,сержант,6,42
Макаров Кирилл Павлович,рядовой,5,59
Фёдоров Андрей Сергеевич,сержант,4,23
Павлов Виктор Дмитриевич,капитан,6,34
Сидоров Денис Викторович,рядовой,1,59
Кочергин Александр Никитич,капитан,8,43
Смирнов Алексей Максимович,рядовой,10,57
Фёдоров Алексей Андреевич,капитан,7,22
Соколов Иван Алексеевич,прапорщик,6,56
Васильев Максим Дмитриевич,капитан,1,37
Егоров Денис Романович,капитан,5,19
Лебедев Александр Алексеевич,капитан,9,58
Зайцев Константин Ильич,полковник,1,48
Егоров Дмитрий Михайлович,майор,3,43
Морозов Максим Александрович,лейтенант,11,18
Борисов Матвей Михайлович,лейтенант,11,29
Егоров Максим Юрьевич,майор,7,60
Зайцев Сергей Иванович,капитан,4,57
Морозов Сергей Дмитриевич,майор,3,47
Степанов Иван Викторович,сержант,7,45
Борисов Артём Михайлович,майор,2,46
Борисов Юрий Александрович,сержант,4,48
Кочергин Константин Романович,капитан,9,53
Алексеев Иван Олегович,полковник,1,24
Семёнов Илья Алексеевич,рядовой,11,52
Орлов Алексей Иванович,капитан,10,28
Семёнов Егор Юрьевич,лейтенант,8,35
Никитин Дмитрий Кириллович,лейтенант,12,30
Козлов Дмитрий Романович,сержант,3,44
Смирнов Виктор Ильич,сержант,9,32
Николаев Андрей Андреевич,рядовой,1,36
Зайцев Константин Андреевич,майор,7,55
Николаев Павел Кириллович,капитан,12,35
Павлов Илья Никитич,полковник,2,42
Иванов Андрей Романович,прапорщик,4,52
Егоров Степан Иванович,сержант,5,42
Кочергин Матвей Викторович,лейтенант,10,20
Лебедев Денис Кириллович,майор,9,37
Васильев Илья Павлович,сержант,1,31
Соколов Андрей Кириллович,майор,10,27
Соколов Матвей Романович,капитан,9,34
Семёнов Константин Викторович,прапорщик,7,27
Борисов Павел Ильич,сержант,1,26
Кочергин Иван Михайлович,капитан,4,33
Захаров Юрий Павлович,капитан,3,42
Сидоров Матвей Романович,майор,3,32
Соловьёв Юрий Викторович,полковник,9,52
Андреев Андрей Андреевич,полковник,3,44
Николаев Виктор Олегович,капитан,1,25
Соловьёв Виктор Сергеевич,прапорщик,4,35
Иванов Артём Олегович,капитан,10,27
Егоров Дмитрий Юрьевич,лейтенант,4,40
Николаев Степан Андреевич,сержант,4,40
Лебедев Илья Алексеевич,сержант,2,54
Яковлев Матвей Ильич,рядовой,8,59
Фёдоров Павел Алексеевич,лейтенант,5,53
Попов Павел Олегович,полковник,12,22
Степанов Евгений Иванович,майор,5,26
Никитин Артём Викторович,рядовой,10,47
Васильев Илья Максимович,рядовой,10,40
Васильев Евгений Алексеевич,прапорщик,3,40
Алексеев Олег Андреевич,майор,5,38
Павлов Сергей Олегович,майор,6,55
Алексеев Артём Алексеевич,рядовой,11,35
Попов Илья Викторович,рядовой,6,41
Кочергин Евгений Юрьевич,лейтенант,12,52
Яковлев Иван Ильич,капитан,6,37
Егоров Денис Ильич,полковник,11,25
Васильев Егор Никитич,капитан,11,54
Зайцев Александр Романович,полковник,12,49
Попов Евгений Дмитриевич,рядовой,8,58
Фёдоров Виктор Викторович,майор,6,55
Зайцев Илья Никитич,капитан,5,46
Николаев Кирилл Юрьевич,рядовой,1,60
Борисов Максим Андреевич,лейтенант,8,49
Макаров Олег Ильич,лейтенант,2,42
Захаров Матвей Павлович,капитан,9,47
Яковлев Никита Павлович,рядовой,3,32
Фёдоров Павел Андреевич,лейтенант,5,23
Орлов Иван Алексеевич,майор,5,23
Петров Никита Павлович,лейтенант,6,23
Кузнецов Матвей Александрович,рядовой,3,26
Захаров Олег Дмитриевич,сержант,6,38
Иванов Денис Викторович,капитан,12,45
Яковлев Максим Никитич,капитан,11,25
Михайлов Сергей Кириллович,рядовой,3,37
Зайцев Роман Александрович,лейтенант,4,60
Павлов Юрий Юрьевич,полковник,12,23
Кочергин Роман Никитич,прапорщик,5,37
Никитин Матвей Олегович,рядовой,7,48
Алексеев Александр Павлович,рядовой,7,21
Васильев Дмитрий Юрьевич,прапорщик,9,53
Смирнов Илья Ильич,майор,12,52
Павлов Михаил Алексеевич,майор,7,46
Кочергин Виктор Алексеевич,лейтенант,10,50
Семёнов Матвей Романович,прапорщик,12,52
Кузнецов Дмитрий Ильич,капитан,10,24
Кочергин Денис Сергеевич,сержант,11,45
Андреев Михаил Викторович,прапорщик,10,31
Николаев Матвей Сергеевич,рядовой,4,57
Сидоров Дмитрий Павлович,рядовой,7,39
Соколов Никита Иванович,майор,5,42
Макаров Евгений Никитич,майор,5,58
Павлов Александр Дмитриевич,майор,7,24
Кочергин Максим Павлович,лейтенант,8,43
Соколов Олег Андреевич,прапорщик,5,58
Андреев Константин Юрьевич,полковник,5,26
Васильев Илья Юрьевич,полковник,9,36
Попов Никита Викторович,сержант,12,20
Васильев Никита Алексеевич,прапорщик,2,19
Попов Олег Михайлович,рядовой,7,36
Макаров Дмитрий Павлович,рядовой,7,36
Андреев Виктор Дмитриевич,рядовой,7,52
Павлов Сергей Юрьевич,майор,10,20
Семёнов Сергей Никитич,полковник,12,23
Кочергин Юрий Павлович,лейтенант,7,31
Васильев Евгений Кириллович,сержант,11,23
Павлов Алексей Иванович,капитан,9,22
Орлов Андрей Кириллович,полковник,2,37
Николаев Роман Иванович,рядовой,3,45
Зайцев Сергей Юрьевич,майор,3,60
Морозов Максим Кириллович,сержант,8,60
Новиков Дмитрий Юрьевич,прапорщик,10,27
Иванов Дмитрий Олегович,капитан,12,50
Семёнов Никита Ильич,рядовой,2,18
Фёдоров Иван Сергеевич,рядовой,1,46
Васильев Константин Павлович,лейтенант,8,45
Соколов Денис Олегович,капитан,4,18
Николаев Дмитрий Алексеевич,полковник,1,34
Павлов Александр Андреевич,прапорщик,5,22
Андреев Алексей Ильич,рядовой,6,53
Васильев Максим Никитич,прапорщик,6,39
Смирнов Матвей Павлович,капитан,5,42
Макаров Никита Александрович,капитан,12,33
Смирнов Алексей Викторович,полковник,12,42
Семёнов Александр Никитич,капитан,3,56
Зайцев Михаил Максимович,лейтенант,6,58
Сидоров Константин Андреевич,рядовой,4,41
Смирнов Кирилл Павлович,майор,10,30
Егоров Александр Викторович,прапорщик,10,35
Николаев Алексей Романович,лейтенант,12,21
Яковлев Алексей Никитич,майор,10,43
Морозов Михаил Кириллович,сержант,5,31
Михайлов Юрий Павлович,рядовой,11,46
Алексеев Михаил Иванович,капитан,10,46
Степанов Андрей Ильич,капитан,2,21
Борисов Кирилл Романович,полковник,8,33
Андреев Олег Юрьевич,сержант,10,35
Кузнецов Денис Максимович,сержант,10,34
Борисов Олег Сергеевич,сержант,8,57
Зайцев Егор Сергеевич,лейтенант,7,56
Макаров Роман Максимович,прапорщик,6,47
Степанов Павел Александрович,капитан,3,36
Николаев Кирилл Сергеевич,майор,5,18
Морозов Алексей Кириллович,прапорщик,4,42
Николаев Юрий Романович,капитан,3,42
Фёдоров Матвей Сергеевич,майор,1,58
Смирнов Андрей Сергеевич,сержант,9,21
Васильев Сергей Максимович,полковник,8,52
Павлов Роман Сергеевич,рядовой,5,53
Козлов Александр Викторович,сержант,10,49
Иванов Константин Дмитриевич,полковник,7,57
Морозов Роман Романович,сержант,9,21
Фёдоров Юрий Юрьевич,лейтенант,8,18
Новиков Матвей Никитич,лейтенант,10,46
Попов Андрей Юрьевич,рядовой,1,38
Михайлов Кирилл Сергеевич,рядовой,2,34
Морозов Константин Сергеевич,рядовой,7,47
Макаров Артём Павлович,майор,11,46
Макаров Максим Андреевич,сержант,7,41
Борисов Денис Романович,лейтенант,6,19
Павлов Степан Дмитриевич,сержант,4,44
Зайцев Андрей Михайлович,прапорщик,7,40
Павлов Юрий Никитич,рядовой,3,50
Никитин Сергей Алексеевич,сержант,2,45
Соколов Михаил Дмитриевич,капитан,10,28
Кочергин Андрей Викторович,майор,10,45
Андреев Евгений Ильич,лейтенант,9,47
Соловьёв Денис Павлович,полковник,9,28
Иванов Дмитрий Павлович,сержант,10,40
Соколов Александр Дмитриевич,рядовой,1,49
Павлов Никита Олегович,сержант,11,58
Новиков Кирилл Кириллович,прапорщик,2,49
Никитин Максим Михайлович,прапорщик,1,23
Кузнецов Иван Дмитриевич,рядовой,7,23
Попов Олег Никитич,сержант,2,21
Морозов Никита Сергеевич,капитан,4,29
Морозов Илья Юрьевич,капитан,10,36
Андреев Иван Никитич,прапорщик,3,41
Смирнов Матвей Юрьевич,лейтенант,2,38
Андреев Роман Максимович,лейтенант,3,45
Алексеев Михаил Сергеевич,майор,10,34
Семёнов Сергей Иванович,майор,1,35
Орлов Кирилл Сергеевич,лейтенант,2,58
Семёнов Максим Александрович,прапорщик,1,30
Соловьёв Денис Иванович,сержант,3,42
Кузнецов Константин Юрьевич,прапорщик,3,43
Алексеев Олег Дмитриевич,полковник,10,47
Соколов Матвей Викторович,капитан,9,24
Иванов Матвей Иванович,майор,3,42
Андреев Роман Александрович,майор,8,25
Яковлев Максим Кириллович,полковник,8,22
Михайлов Виктор Алексеевич,полковник,12,18
Орлов Роман Михайлович,полковник,1,45
Захаров Алексей Андреевич,рядовой,3,36
Макаров Евгений Ильич,майор,1,39
Кочергин Павел Романович,майор,8,43
Яковлев Андрей Максимович,майор,10,39
Морозов Виктор Ильич,рядовой,10,40
Захаров Константин Сергеевич,сержант,5,34
Никитин Артём Олегович,лейтенант,10,38
Соколов Сергей Дмитриевич,майор,12,24
Соловьёв Олег Максимович,сержант,1,51
Михайлов Павел Юрьевич,полковник,3,56
Яковлев Иван Иванович,капитан,8,48
Орлов Евгений Романович,рядовой,8,25
Орлов Матвей Дмитриевич,лейтенант,1,43
Алексеев Алексей Дмитриевич,рядовой,6,60
Степанов Артём Павлович,лейтенант,8,38
Андреев Денис Кириллович,полковник,12,57
Алексеев Никита Кириллович,прапорщик,2,53
Фёдоров Матвей Никитич,лейтенант,7,39
Морозов Никита Иванович,рядовой,5,34
Морозов Матвей Алексеевич,сержант,3,41
Зайцев Дмитрий Андреевич,прапорщик,1,34
Иванов Илья Романович,полковник,10,58
Соловьёв Константин Юрьевич,полковник,11,43
Иванов Илья Олегович,лейтенант,8,36
Фёдоров Дмитрий Романович,рядовой,2,36
Морозов Иван Иванович,рядовой,11,40
Степанов Денис Михайлович,прапорщик,9,38
Соколов Илья Романович,капитан,9,20
Соколов Илья Викторович,прапорщик,6,28
Кузнецов Роман Юрьевич,прапорщик,7,51
Никитин Роман Никитич,капитан,3,33
Николаев Денис Сергеевич,прапорщик,3,23
Лебедев Кирилл Алексеевич,сержант,10,28
Морозов Алексей Иванович,сержант,7,30
Захаров Артём Павлович,лейтенант,3,30
Васильев Павел Никитич,полковник,9,34
Соколов Егор Романович,капитан,7,45
Попов Артём Михайлович,майор,3,22
Зайцев Константин Дмитриевич,рядовой,2,36
Егоров Михаил Павлович,прапорщик,9,51
Николаев Виктор Дмитриевич,полковник,11,38
Андреев Кирилл Сергеевич,сержант,5,50
Иванов Степан Олегович,сержант,8,36
Борисов Иван Романович,рядовой,12,36
Николаев Евгений Романович,сержант,3,58
Николаев Михаил Андреевич,лейтенант,3,49
Михайлов Матвей Викторович,полковник,12,30
Михайлов Евгений Юрьевич,лейтенант,3,51
Орлов Павел Кириллович,прапорщик,6,39
Кузнецов Сергей Никитич,майор,7,59
Попов Виктор Ильич,рядовой,8,26
Кузнецов Никита Дмитриевич,сержант,11,26
Михайлов Илья Дмитриевич,капитан,4,51
Соловьёв Сергей Олегович,прапорщик,12,53
Макаров Павел Романович,лейтенант,10,38
Попов Степан Сергеевич,сержант,3,48
Егоров Иван Иванович,капитан,7,31
Васильев Иван Ильич,прапорщик,12,50
Орлов Артём Ильич,рядовой,3,40
Орлов Роман Михайлович,лейтенант,2,33
Павлов Степан Михайлович,сержант,10,28
Яковлев Егор Павлович,капитан,4,30
Зайцев Александр Максимович,майор,2,21
Захаров Дмитрий Кириллович,майор,2,30
Михайлов Егор Михайлович,сержант,5,53
Лебедев Сергей Юрьевич,сержант,11,47
Попов Максим Юрьевич,рядовой,3,57
Смирнов Олег Алексеевич,лейтенант,6,38
Сидоров Дмитрий Олегович,лейтенант,4,60
Кузнецов Максим Кириллович,майор,6,21
Морозов Виктор Павлович,рядовой,1,47
Петров Артём Ильич,лейтенант,6,51
Николаев Алексей Кириллович,майор,1,43
Новиков Артём Ильич,сержант,9,59
Морозов Денис Александрович,рядовой,6,18
Зайцев Алексей Алексеевич,прапорщик,8,49
Кузнецов Степан Александрович,капитан,3,43
Степанов Константин Олегович,лейтенант,2,27
Новиков Дмитрий Романович,сержант,2,58
Николаев Константин Кириллович,полковник,10,22
Михайлов Денис Алексеевич,капитан,11,48
Петров Андрей Александрович,лейтенант,4,50
Никитин Александр Романович,сержант,7,27
Захаров Юрий Викторович,капитан,12,56
Морозов Сергей Юрьевич,майор,6,24
Сидоров Денис Юрьевич,сержант,9,37
Захаров Павел Александрович,прапорщик,1,20
Семёнов Дмитрий Дмитриевич,майор,12,45
Сидоров Максим Дмитриевич,рядовой,12,50
Васильев Евгений Олегович,капитан,5,51
Новиков Михаил Викторович,лейтенант,8,29
Николаев Степан Викторович,полковник,2,39
Морозов Артём Максимович,полковник,8,40
Лебедев Юрий Олегович,капитан,4,42
Макаров Михаил Кириллович,лейтенант,6,44
Орлов Егор Романович,майор,4,19
Алексеев Роман Олегович,рядовой,6,50
Захаров Степан Максимович,майор,8,33
Васильев Павел Сергеевич,капитан,4,43
Козлов Андрей Кириллович,лейтенант,7,44
Орлов Кирилл Павлович,полковник,2,34
Степанов Дмитрий Иванович,майор,1,40
Петров Артём Иванович,лейтенант,10,50
Захаров Михаил Юрьевич,прапорщик,3,18
Соловьёв Александр Андреевич,рядовой,6,22
Соловьёв Максим Сергеевич,капитан,2,56
Яковлев Степан Юрьевич,полковник,7,20
Фёдоров Илья Михайлович,лейтенант,6,48
Иванов Максим Романович,рядовой,12,53
Яковлев Евгений Романович,прапорщик,3,49
Степанов Алексей Юрьевич,сержант,1,50
Сидоров Роман Александрович,майор,11,51
Лебедев Андрей Ильич,майор,3,56
Зайцев Константин Андреевич,сержант,9,18
Васильев Виктор Дмитриевич,сержант,12,22
Лебедев Матвей Павлович,майор,6,34
Никитин Денис Александрович,сержант,12,31
Степанов Юрий Алексеевич,полковник,4,30
Фёдоров Михаил Алексеевич,майор,10,55
Павлов Никита Сергеевич,прапорщик,3,29
Степанов Андрей Павлович,прапорщик,3,37
Андреев Павел Сергеевич,полковник,9,23
Алексеев Андрей Михайлович,лейтенант,6,56
Николаев Илья Никитич,лейтенант,11,18
Иванов Павел Ильич,майор,6,32
Макаров Артём Кириллович,рядовой,3,33
Андреев Денис Романович,капитан,7,24
Сидоров Дмитрий Юрьевич,лейтенант,9,52
Егоров Кирилл Романович,капитан,5,45
Егоров Константин Александрович,полковник,6,24
Лебедев Денис Михайлович,майор,11,51
Семёнов Степан Сергеевич,капитан,3,29
Попов Павел Юрьевич,рядовой,1,57
Кузнецов Артём Кириллович,полковник,4,51
Семёнов Никита Юрьевич,капитан,6,45
Козлов Степан Ильич,прапорщик,9,49
Козлов Алексей Кириллович,сержант,12,46
Михайлов Никита Максимович,полковник,9,29
Козлов Алексей Юрьевич,сержант,7,57
Кочергин Денис Кириллович,рядовой,12,27
Макаров Константин Дмитриевич,сержант,10,49
Петров Матвей Михайлович,рядовой,6,24
Кузнецов Кирилл Романович,рядовой,12,31
Зайцев Кирилл Алексеевич,лейтенант,2,25
Сидоров Кирилл Михайлович,лейтенант,12,29
Захаров Дмитрий Дмитриевич,сержант,4,50
Морозов Илья Кириллович,полковник,3,59
Зайцев Виктор Максимович,полковник,7,32
Морозов Дмитрий Сергеевич,сержант,9,59
Кузнецов Егор Романович,рядовой,5,52
Соловьёв Кирилл Михайлович,лейтенант,12,58
Козлов Алексей Сергеевич,рядовой,3,24
Никитин Юрий Павлович,капитан,3,43
Новиков Илья Сергеевич,капитан,5,45
Сидоров Виктор Ильич,прапорщик,12,35
Сидоров Сергей Кириллович,майор,5,42
Новиков Матвей Юрьевич,полковник,7,42
Николаев Денис Никитич,прапорщик,8,52
Соколов Андрей Никитич,прапорщик,11,20
Петров Евгений Павлович,рядовой,11,29
Попов Константин Ильич,лейтенант,2,41
Соколов Евгений Сергеевич,полковник,2,31
Никитин Кирилл Михайлович,полковник,1,28
Борисов Михаил Михайлович,прапорщик,9,24
Орлов Кирилл Павлович,рядовой,5,24
Кочергин Кирилл Никитич,лейтенант,10,60
Морозов Константин Викторович,лейтенант,6,29
Орлов Денис Юрьевич,полковник,7,54
Орлов Степан Сергеевич,сержант,12,44
Алексеев Дмитрий Дмитриевич,сержант,3,60
Соловьёв Александр Никитич,прапорщик,6,21
Макаров Егор Максимович,капитан,10,45
Семёнов Дмитрий Александрович,рядовой,5,22
Михайлов Артём Сергеевич,прапорщик,4,34
Петров Сергей Сергеевич,майор,5,19
Соколов Илья Дмитриевич,полковник,3,56
Алексеев Артём Михайлович,полковник,5,39
Макаров Кирилл Романович,прапорщик,11,26
Николаев Олег Алексеевич,сержант,10,46
Козлов Никита Олегович,полковник,5,57
Васильев Степан Кириллович,сержант,5,18
Новиков Иван Романович,сержант,6,56
Лебедев Константин Викторович,полковник,4,52
Макаров Константин Никитич,майор,2,25
Алексеев Денис Дмитриевич,сержант,7,32
Николаев Андрей Алексеевич,полковник,2,22
Кузнецов Дмитрий Дмитриевич,прапорщик,5,55
Зайцев Роман Романович,полковник,4,48
Борисов Павел Викторович,майор,1,18
Егоров Михаил Максимович,рядовой,10,49
Кочергин Денис Андреевич,лейтенант,6,37
Орлов Егор Олегович,прапорщик,9,49
Соколов Алексей Алексеевич,прапорщик,9,30
Никитин Дмитрий Сергеевич,прапорщик,1,28
Иванов Алексей Викторович,майор,2,54
Павлов Олег Иванович,сержант,12,44
Яковлев Михаил Михайлович,лейтенант,6,26
Васильев Степан Юрьевич,рядовой,1,54
Васильев Никита Иванович,рядовой,4,53
Васильев Матвей Александрович,рядовой,5,59
Зайцев Евгений Ильич,сержант,10,58
Макаров Александр Андреевич,сержант,5,22
Иванов Степан Викторович,сержант,3,42
Степанов Иван Юрьевич,капитан,11,54
Макаров Артём Михайлович,майор,8,43
Попов Алексей Никитич,лейтенант,8,49
Семёнов Артём Алексеевич,прапорщик,2,23
Степанов Андрей Дмитриевич,капитан,7,20
Семёнов Матвей Олегович,майор,3,39
Андреев Юрий Андреевич,сержант,4,46
Петров Алексей Михайлович,рядовой,9,20
Морозов Матвей Дмитриевич,рядовой,9,24
Соловьёв Сергей Никитич,полковник,2,36
Фёдоров Кирилл Викторович,полковник,2,59
Яковлев Константин Дмитриевич,майор,10,29
Егоров Дмитрий Сергеевич,капитан,4,44
Новиков Артём Сергеевич,прапорщик,11,38
Новиков Юрий Михайлович,рядовой,2,18
Новиков Никита Никитич,лейтенант,1,22
Сидоров Дмитрий Романович,прапорщик,4,24
Алексеев Юрий Иванович,сержант,12,48
Новиков Илья Викторович,майор,8,23
Морозов Александр Максимович,капитан,8,32
Никитин Денис Кириллович,полковник,8,33
Михайлов Олег Олегович,капитан,10,37
Лебедев Александр Андреевич,лейтенант,8,23
Михайлов Денис Юрьевич,сержант,7,59
Егоров Алексей Максимович,полковник,8,50
Кочергин Михаил Александрович,полковник,4,53
Семёнов Алексей Андреевич,прапорщик,6,35
Попов Олег Андреевич,лейтенант,6,29
Кузнецов Михаил Андреевич,сержант,10,53
Новиков Павел Олегович,лейтенант,8,37
Козлов Иван Никитич,лейтенант,12,34
Никитин Дмитрий Юрьевич,майор,6,23
Кузнецов Андрей Юрьевич,полковник,3,40
Кочергин Александр Никитич,прапорщик,1,53
Орлов Алексей Александрович,майор,6,56
Новиков Алексей Кириллович,прапорщик,3,44
Макаров Егор Александрович,майор,3,59
Кочергин Сергей Кириллович,рядовой,8,30
Попов Матвей Олегович,рядовой,2,57
Семёнов Юрий Дмитриевич,лейтенант,6,22
Соловьёв Никита Иванович,майор,9,40
Лебедев Виктор Юрьевич,майор,6,58
Лебедев Никита Алексеевич,лейтенант,4,41
Соловьёв Виктор Сергеевич,капитан,3,21
Борисов Иван Юрьевич,сержант,6,19
Морозов Алексей Романович,прапорщик,7,22
Степанов Константин Викторович,капитан,1,34
Егоров Максим Максимович,полковник,5,51
Макаров Михаил Юрьевич,рядовой,4,57
Николаев Олег Иванович,прапорщик,12,19
Фёдоров Олег Кириллович,лейтенант,11,36
Михайлов Константин Викторович,полковник,3,57
Иванов Виктор Дмитриевич,рядовой,3,24
Лебедев Павел Викторович,майор,12,25
Морозов Максим Юрьевич,майор,9,48
Васильев Илья Михайлович,сержант,5,47
Степанов Алексей Алексеевич,капитан,1,60
Никитин Иван Викторович,прапорщик,9,56
Соловьёв Михаил Ильич,прапорщик,10,33
Алексеев Егор Юрьевич,прапорщик,9,49
Соколов Степан Максимович,полковник,12,29
Семёнов Максим Олегович,сержант,3,50
Кузнецов Иван Ильич,капитан,7,27
Никитин Кирилл Иванович,капитан,9,28
Алексеев Андрей Кириллович,сержант,4,34
Иванов Артём Максимович,лейтенант,6,42
Семёнов Никита Алексеевич,капитан,3,25
Васильев Евгений Александрович,сержант,8,42
Васильев Михаил Андреевич,лейтенант,9,28
Семёнов Иван Александрович,рядовой,6,55
Борисов Иван Михайлович,прапорщик,6,39
Кочергин Матвей Павлович,прапорщик,12,39
Николаев Юрий Михайлович,лейтенант,2,20
Яковлев Олег Никитич,рядовой,9,44
Кочергин Степан Викторович,капитан,3,56
Козлов Никита Юрьевич,сержант,11,57
Фёдоров Сергей Александрович,лейтенант,3,34
Фёдоров Константин Олегович,капитан,7,18
Морозов Константин Ильич,прапорщик,9,23
Кочергин Сергей Михайлович,майор,8,57
Соловьёв Кирилл Юрьевич,капитан,4,48
Семёнов Виктор Викторович,капитан,1,35
Зайцев Степан Павлович,майор,5,26
Захаров Евгений Максимович,прапорщик,7,45
Михайлов Иван Павлович,прапорщик,11,44
Морозов Степан Андреевич,лейтенант,9,57
Павлов Андрей Павлович,лейтенант,2,48
Кузнецов Павел Сергеевич,сержант,3,36
Сидоров Иван Сергеевич,лейтенант,4,46
Кузнецов Павел Александрович,майор,1,27
Кузнецов Иван Ильич,сержант,3,29
Егоров Артём Олегович,полковник,7,38
Зайцев Павел Алексеевич,лейтенант,10,44
Фёдоров Никита Иванович,майор,1,36
Семёнов Дмитрий Романович,сержант,1,48
Лебедев Павел Сергеевич,капитан,6,18
Николаев Егор Дмитриевич,прапорщик,4,59
Яковлев Егор Олегович,полковник,6,57
Орлов Иван Алексеевич,капитан,8,42
Кузнецов Илья Сергеевич,полковник,12,23
Новиков Роман Никитич,капитан,6,26
Смирнов Егор Ильич,капитан,3,29
Сидоров Павел Максимович,сержант,9,53
Яковлев Роман Романович,лейтенант,11,33
Яковлев Иван Юрьевич,сержант,4,60
Андреев Дмитрий Викторович,капитан,8,45
Михайлов Константин Олегович,майор,4,44
Соколов Иван Дмитриевич,майор,8,46
Орлов Павел Алексеевич,капитан,6,34
Зайцев Евгений Михайлович,прапорщик,8,39
Яковлев Андрей Ильич,прапорщик,12,29
Павлов Денис Ильич,прапорщик,6,26
Сидоров Степан Викторович,майор,10,32
Зайцев Евгений Иванович,лейтенант,10,27
Попов Олег Олегович,майор,8,46
Степанов Михаил Михайлович,прапорщик,3,38
Новиков Матвей Олегович,сержант,1,20
Яковлев Сергей Кириллович,прапорщик,3,43
Зайцев Иван Олегович,полковник,3,18
Лебедев Максим Дмитриевич,полковник,4,40
Соколов Андрей Кириллович,полковник,4,55
Соколов Кирилл Викторович,лейтенант,2,43
Козлов Степан Алексеевич,полковник,3,25
Борисов Дмитрий Никитич,сержант,4,48
Яковлев Денис Олегович,рядовой,6,58
Алексеев Михаил Ильич,капитан,4,49
Попов Матвей Олегович,лейтенант,7,22
Сидоров Максим Олегович,полковник,1,25
Соколов Егор Михайлович,прапорщик,2,36
Соловьёв Александр Ильич,лейтенант,9,36
Лебедев Евгений Юрьевич,прапорщик,4,57
Кузнецов Илья Ильич,лейтенант,5,32
Соколов Артём Александрович,полковник,9,49
Семёнов Кирилл Андреевич,капитан,12,32
Степанов Никита Павлович,капитан,8,18
Петров Юрий Максимович,полковник,9,24
Захаров Дмитрий Андреевич,майор,1,29
Лебедев Александр Максимович,сержант,4,33
Кузнецов Иван Сергеевич,капитан,3,26
Павлов Илья Олегович,лейтенант,8,41
Кочергин Денис Павлович,полковник,11,54
Зайцев Матвей Юрьевич,сержант,1,44
Борисов Роман Ильич,прапорщик,6,18
Кочергин Артём Андреевич,полковник,12,52
Козлов Павел Алексеевич,рядовой,2,47
Лебедев Максим Кириллович,рядовой,3,27
Лебедев Олег Кириллович,майор,10,43
Егоров Денис Ильич,полковник,2,28
Семёнов Кирилл Викторович,майор,2,27
Соловьёв Егор Александрович,капитан,9,60
Макаров Виктор Викторович,сержант,11,50
Соловьёв Егор Михайлович,прапорщик,3,35
Орлов Денис Викторович,полковник,12,36
Морозов Александр Юрьевич,полковник,9,45
Соколов Константин Андреевич,капитан,5,29
Яковлев Егор Олегович,майор,5,54
Семёнов Сергей Ильич,прапорщик,2,22
Новиков Степан Михайлович,майор,7,48
Егоров Михаил Иванович,майор,1,36
Макаров Юрий Павлович,лейтенант,4,54
Васильев Артём Олегович,сержант,12,35
Соколов Роман Юрьевич,лейтенант,5,31
Соловьёв Илья Олегович,капитан,12,39
Николаев Матвей Олегович,капитан,6,35
Яковлев Алексей Михайлович,сержант,11,58
Никитин Степан Олегович,лейтенант,1,44
Соловьёв Алексей Иванович,полковник,10,43
Кочергин Сергей Максимович,рядовой,4,23
Васильев Константин Олегович,прапорщик,10,43
Егоров Кирилл Дмитриевич,полковник,6,30
Никитин Олег Дмитриевич,рядовой,9,40
Зайцев Виктор Андреевич,капитан,2,38
Соколов Егор Никитич,капитан,8,58
Соколов Егор Юрьевич,рядовой,9,34
Васильев Алексей Романович,сержант,9,22
Михайлов Андрей Михайлович,майор,4,51
Андреев Михаил Максимович,сержант,10,52
Николаев Михаил Олегович,сержант,1,23
Козлов Артём Максимович,полковник,10,50
Борисов Илья Андреевич,полковник,7,44
Зайцев Егор Никитич,сержант,10,53
Макаров Степан Дмитриевич,капитан,1,50
Васильев Павел Кириллович,прапорщик,11,41
Морозов Дмитрий Максимович,полковник,9,36
Андреев Иван Александрович,майор,12,21
Яковлев Степан Михайлович,капитан,6,31
Фёдоров Александр Алексеевич,майор,7,51
Иванов Евгений Павлович,прапорщик,4,45
Павлов Павел Михайлович,рядовой,7,55
Орлов Дмитрий Юрьевич,прапорщик,6,52
Степанов Юрий Олегович,майор,1,42
Иванов Юрий Максимович,прапорщик,1,42
Алексеев Артём Никитич,сержант,2,42
Степанов Кирилл Михайлович,сержант,2,38
Лебедев Юрий Дмитриевич,майор,2,31
Яковлев Иван Павлович,прапорщик,3,20
Соловьёв Андрей Викторович,лейтенант,1,46
Макаров Павел Сергеевич,майор,10,45
Кузнецов Александр Викторович,лейтенант,2,56
Морозов Сергей Максимович,капитан,12,57
Павлов Евгений Никитич,рядовой,2,32
Васильев Алексей Алексеевич,майор,12,37
Зайцев Артём Юрьевич,майор,10,51
Николаев Максим Максимович,прапорщик,12,19
Никитин Егор Максимович,полковник,3,21
Орлов Кирилл Иванович,прапорщик,9,60
Кочергин Михаил Юрьевич,рядовой,5,41
Петров Матвей Алексеевич,капитан,7,19
Попов Михаил Иванович,рядовой,7,22
Иванов Юрий Дмитриевич,полковник,7,39
Васильев Алексей Ильич,рядовой,9,53
Смирнов Юрий Михайлович,капитан,10,47
Фёдоров Никита Викторович,рядовой,9,52
Иванов Кирилл Сергеевич,рядовой,8,49
Фёдоров Матвей Павлович,полковник,12,23
Соколов Юрий Андреевич,майор,2,26
Андреев Матвей Никитич,капитан,3,41
Попов Павел Олегович,капитан,4,52
Фёдоров Денис Алексеевич,прапорщик,12,58
Васильев Юрий Сергеевич,полковник,9,53
Иванов Сергей Михайлович,рядовой,2,25
Козлов Павел Александрович,полковник,2,27
Соколов Алексей Олегович,прапорщик,6,53
Яковлев Юрий Никитич,лейтенант,7,39
Орлов Юрий Романович,капитан,3,52
Петров Денис Олегович,майор,5,37
Новиков Дмитрий Александрович,капитан,3,50
Николаев Виктор Викторович,капитан,8,53
Егоров Кирилл Павлович,лейтенант,4,29
Козлов Михаил Павлович,лейтенант,9,29
Смирнов Сергей Олегович,полковник,10,57
Сидоров Андрей Иванович,капитан,10,39
Новиков Никита Викторович,лейтенант,5,52
Новиков Сергей Ильич,прапорщик,2,19
Фёдоров Артём Иванович,лейтенант,6,18
Степанов Павел Сергеевич,прапорщик,8,58
Егоров Андрей Дмитриевич,капитан,7,20
Орлов Кирилл Никитич,майор,6,58
Кочергин Денис Ильич,рядовой,12,50
Алексеев Константин Максимович,лейтенант,11,48
Иванов Павел Викторович,капитан,2,24
Морозов Кирилл Юрьевич,прапорщик,4,30
Андреев Олег Юрьевич,прапорщик,7,41
Андреев Роман Павлович,лейтенант,12,29
Захаров Сергей Михайлович,сержант,8,58
Васильев Алексей Романович,майор,5,32
Никитин Сергей Павлович,лейтенант,12,35
Михайлов Олег Ильич,сержант,2,41
Макаров Евгений Дмитриевич,прапорщик,5,23
Андреев Максим Олегович,лейтенант,12,57
Никитин Дмитрий Михайлович,прапорщик,1,30
Борисов Егор Ильич,лейтенант,11,26
Николаев Матвей Андреевич,лейтенант,2,23
Семёнов Алексей Кириллович,полковник,8,54
Егоров Егор Викторович,полковник,3,43
Борисов Максим Александрович,сержант,2,40
Алексеев Олег Иванович,рядовой,9,36
Семёнов Роман Александрович,прапорщик,9,31
Яковлев Юрий Дмитриевич,лейтенант,11,51
Михайлов Иван Романович,лейтенант,7,39
Морозов Матвей Романович,полковник,10,22
Козлов Андрей Александрович,капитан,10,36
Макаров Алексей Викторович,полковник,12,56
Зайцев Роман Сергеевич,лейтенант,9,41
Алексеев Андрей Максимович,лейтенант,3,48
Соловьёв Константин Алексеевич,капитан,12,34
Смирнов Никита Ильич,полковник,2,23
Иванов Михаил Ильич,полковник,12,53
Сидоров Дмитрий Олегович,майор,1,53
Фёдоров Егор Михайлович,рядовой,5,42
Михайлов Никита Михайлович,сержант,3,23
Павлов Олег Олегович,полковник,5,23
Макаров Матвей Александрович,сержант,9,25
Новиков Иван Ильич,прапорщик,3,32
Кочергин Олег Никитич,сержант,2,51
Соловьёв Евгений Александрович,полковник,12,21
Кузнецов Юрий Кириллович,сержант,9,44
Макаров Иван Максимович,сержант,10,55
Новиков Максим Павлович,майор,7,56
Павлов Алексей Иванович,прапорщик,4,54
Кочергин Иван Алексеевич,лейтенант,12,25
Яковлев Павел Дмитриевич,прапорщик,8,57
Васильев Юрий Александрович,рядовой,10,22
Николаев Олег Алексеевич,лейтенант,6,48
Яковлев Константин Романович,капитан,4,21
Васильев Андрей Дмитриевич,капитан,10,49
Макаров Иван Алексеевич,майор,12,18
Соловьёв Денис Иванович,прапорщик,1,36
Фёдоров Михаил Викторович,сержант,7,33
Васильев Сергей Ильич,капитан,6,20
Кузнецов Сергей Кириллович,рядовой,10,37
Яковлев Денис Павлович,рядовой,3,43
Егоров Андрей Викторович,лейтенант,5,34
Кочергин Павел Павлович,майор,3,44
Андреев Егор Сергеевич,лейтенант,2,49
Захаров Павел Иванович,рядовой,7,25
Кочергин Максим Олегович,майор,10,48
Орлов Егор Романович,майор,3,60
Орлов Олег Ильич,рядовой,9,36
Зайцев Дмитрий Ильич,майор,11,22
Петров Степан Кириллович,полковник,12,48
Козлов Степан Романович,майор,6,55
Петров Михаил Дмитриевич,майор,9,26
Яковлев Дмитрий Сергеевич,лейтенант,10,45
Степанов Евгений Иванович,капитан,9,31
Павлов Кирилл Никитич,полковник,4,54
Иванов Егор Кириллович,полковник,7,47
Васильев Роман Никитич,полковник,5,38
Зайцев Степан Сергеевич,полковник,4,22
Захаров Никита Иванович,рядовой,6,35
Захаров Виктор Олегович,сержант,6,22
Кочергин Михаил Ильич,сержант,9,44
Кузнецов Виктор Кириллович,капитан,9,44
Лебедев Илья Максимович,прапорщик,12,54
Макаров Степан Александрович,капитан,2,43
Андреев Иван Романович,капитан,2,18
Семёнов Андрей Дмитриевич,капитан,7,27
Новиков Виктор Алексеевич,сержант,1,60
Лебедев Виктор Никитич,сержант,10,27
Николаев Константин Павлович,рядовой,11,42
Степанов Иван Иванович,капитан,2,24
Егоров Степан Дмитриевич,сержант,6,22
Зайцев Степан Михайлович,прапорщик,8,52
Петров Сергей Ильич,капитан,4,27
Алексеев Андрей Андреевич,лейтенант,3,35
Попов Иван Кириллович,рядовой,10,27
Петров Александр Максимович,прапорщик,1,36
Никитин Матвей Никитич,сержант,12,53
Никитин Виктор Сергеевич,рядовой,3,26
Соколов Юрий Иванович,лейтенант,4,22
Фёдоров Степан Никитич,полковник,7,28
Кузнецов Юрий Михайлович,сержант,11,54
Егоров Артём Сергеевич,сержант,5,21
Попов Иван Иванович,майор,4,46
Михайлов Степан Павлович,рядовой,11,41
Захаров Роман Никитич,лейтенант,11,54
Иванов Сергей Иванович,лейтенант,11,32
Михайлов Константин Александрович,капитан,3,60
Борисов Андрей Романович,рядовой,5,60
Кочергин Павел Алексеевич,капитан,2,30
Павлов Иван Александрович,лейтенант,7,26
Новиков Степан Алексеевич,майор,5,31
Новиков Артём Никитич,капитан,7,36
Иванов Артём Ильич,полковник,7,50
Зайцев Сергей Викторович,лейтенант,7,53
Новиков Сергей Александрович,майор,10,42
Новиков Олег Андреевич,капитан,11,25
Кочергин Юрий Викторович,лейтенант,11,56
Зайцев Виктор Михайлович,сержант,12,52
Семёнов Андрей Максимович,сержант,5,40
Новиков Павел Дмитриевич,майор,9,30
Соколов Степан Дмитриевич,рядовой,6,41
Павлов Матвей Ильич,прапорщик,5,19
Лебедев Дмитрий Сергеевич,майор,9,29
Смирнов Андрей Иванович,майор,5,46
Орлов Юрий Михайлович,прапорщик,2,37
Андреев Артём Викторович,прапорщик,4,29
Орлов Никита Сергеевич,сержант,2,38
Алексеев Кирилл Ильич,сержант,6,40
Семёнов Михаил Александрович,сержант,3,19
Кузнецов Андрей Романович,прапорщик,11,56
Кузнецов Виктор Сергеевич,полковник,6,31
Сидоров Никита Ильич,сержант,8,40
Борисов Андрей Алексеевич,капитан,11,57
Кузнецов Роман Викторович,сержант,5,50
Николаев Иван Романович,майор,10,32
Иванов Алексей Павлович,рядовой,11,24
Борисов Кирилл Никитич,майор,10,35
Макаров Матвей Сергеевич,капитан,6,21
Михайлов Андрей Сергеевич,капитан,7,31
Соловьёв Степан Александрович,прапорщик,8,51
Степанов Виктор Иванович,лейтенант,10,22
Лебедев Евгений Викторович,лейтенант,2,34
Никитин Денис Ильич,полковник,8,36
Никитин Егор Иванович,полковник,9,38
Сидоров Юрий Алексеевич,капитан,6,54
Кузнецов Артём Алексеевич,сержант,4,24
Смирнов Юрий Романович,полковник,4,46
Егоров Артём Кириллович,полковник,10,60
Смирнов Константин Иванович,рядовой,2,31
Попов Олег Андреевич,лейтенант,3,47
Лебедев Андрей Ильич,лейтенант,6,37
Петров Сергей Иванович,майор,7,57
Степанов Роман Михайлович,лейтенант,5,26
Морозов Александр Ильич,майор,9,26
Николаев Илья Алексеевич,полковник,5,30
Кочергин Егор Никитич,лейтенант,3,60
Егоров Роман Михайлович,рядовой,5,54
Новиков Роман Викторович,майор,11,27
Семёнов Кирилл Ильич,капитан,11,27
Сидоров Роман Александрович,прапорщик,5,22
Фёдоров Никита Кириллович,майор,5,42
Сидоров Степан Олегович,полковник,6,25
Зайцев Олег Кириллович,капитан,9,48
Захаров Сергей Ильич,капитан,2,53
Макаров Максим Максимович,майор,9,25
Попов Артём Ильич,сержант,1,37
Макаров Андрей Ильич,полковник,3,44
Иванов Дмитрий Иванович,капитан,8,20
Фёдоров Александр Андреевич,рядовой,7,37
Павлов Евгений Викторович,лейтенант,6,22
Егоров Денис Дмитриевич,майор,12,44
Зайцев Степан Кириллович,сержант,5,19
Орлов Александр Павлович,прапорщик,1,57
Николаев Кирилл Максимович,сержант,5,50
Кузнецов Евгений Павлович,полковник,4,20
Фёдоров Егор Сергеевич,рядовой,3,56
Кузнецов Иван Алексеевич,лейтенант,9,57
Михайлов Александр Юрьевич,полковник,1,38
Орлов Юрий Ильич,майор,3,23
Яковлев Юрий Дмитриевич,полковник,7,35
Никитин Степан Дмитриевич,сержант,4,42
Яковлев Дмитрий Павлович,майор,11,43
Яковлев Юрий Михайлович,рядовой,8,43
Соловьёв Константин Александрович,капитан,3,51
Захаров Илья Иванович,лейтенант,2,23
Борисов Павел Михайлович,капитан,4,22
Михайлов Михаил Максимович,сержант,3,23
Орлов Степан Сергеевич,сержант,7,46
Борисов Денис Михайлович,сержант,8,38
Кочергин Егор Павлович,рядовой,5,45
Семёнов Андрей Олегович,рядовой,7,46
Смирнов Никита Максимович,сержант,6,18
Семёнов Кирилл Ильич,капитан,10,19
Захаров Павел Иванович,капитан,6,60
Иванов Константин Дмитриевич,капитан,2,56
Степанов Никита Юрьевич,полковник,7,42
Николаев Александр Кириллович,сержант,1,25
Попов Роман Александрович,полковник,8,38
Андреев Кирилл Сергеевич,майор,7,32
Борисов Михаил Кириллович,рядовой,8,46
Петров Юрий Максимович,прапорщик,9,49
Морозов Артём Кириллович,прапорщик,6,34
Смирнов Александр Романович,рядовой,5,60
Андреев Степан Павлович,полковник,7,29
Кочергин Сергей Алексеевич,сержант,4,36
Михайлов Степан Михайлович,лейтенант,5,26
Васильев Денис Юрьевич,прапорщик,5,50
Козлов Денис Андреевич,полковник,12,25
Борисов Денис Никитич,прапорщик,2,51
Кузнецов Роман Кириллович,рядовой,1,46
Макаров Виктор Дмитриевич,сержант,3,53
Морозов Матвей Ильич,сержант,10,54
Кузнецов Кирилл Александрович,прапорщик,2,51
Иванов Степан Ильич,полковник,6,26
Попов Кирилл Михайлович,лейтенант,10,54
Соколов Михаил Викторович,прапорщик,1,44
Захаров Денис Викторович,прапорщик,4,56
Яковлев Юрий Никитич,майор,8,50
Соловьёв Егор Андреевич,лейтенант,2,21
Сидоров Сергей Иванович,капитан,11,37
Никитин Алексей Кириллович,полковник,7,50
Степанов Роман Ильич,майор,1,31
Лебедев Илья Олегович,рядовой,1,37
Борисов Дмитрий Ильич,майор,7,45
Лебедев Денис Юрьевич,прапорщик,3,21
Николаев Иван Сергеевич,капитан,1,59
Фёдоров Иван Романович,полковник,2,51
Андреев Юрий Юрьевич,лейтенант,6,53
Макаров Алексей Павлович,лейтенант,4,45
Степанов Евгений Викторович,лейтенант,9,58
Семёнов Александр Кириллович,полковник,4,58
Алексеев Павел Иванович,капитан,7,22
Фёдоров Максим Павлович,лейтенант,1,48
Макаров Иван Юрьевич,капитан,3,42
Иванов Алексей Юрьевич,рядовой,5,46
Кузнецов Роман Романович,прапорщик,7,22
Егоров Юрий Иванович,капитан,1,28
Иванов Егор Алексеевич,прапорщик,2,46
Яковлев Кирилл Андреевич,майор,11,31
Михайлов Роман Александрович,капитан,12,27
Морозов Алексей Александрович,капитан,12,55
Зайцев Иван Романович,сержант,10,59
Иванов Егор Олегович,капитан,10,57
Егоров Дмитрий Викторович,полковник,1,58
Захаров Роман Алексеевич,майор,2,34
Яковлев Олег Ильич,капитан,12,54
Козлов Сергей Андреевич,майор,9,32
Егоров Алексей Сергеевич,полковник,1,39
Лебедев Александр Иванович,полковник,10,18
Соловьёв Артём Кириллович,рядовой,4,35
Соколов Матвей Михайлович,майор,12,21
Захаров Константин Сергеевич,майор,11,47
Васильев Кирилл Павлович,прапорщик,6,44
Кузнецов Дмитрий Андреевич,сержант,6,41
Степанов Павел Кириллович,майор,12,58
Борисов Александр Кириллович,полковник,12,30
Иванов Константин Александрович,прапорщик,5,54
Фёдоров Артём Алексеевич,капитан,4,23
Сидоров Денис Дмитриевич,рядовой,1,58
Николаев Павел Михайлович,рядовой,9,48
Морозов Андрей Викторович,лейтенант,3,39
Васильев Олег Михайлович,сержант,12,29
Морозов Роман Романович,полковник,5,46
Борисов Максим Михайлович,капитан,3,41
Макаров Виктор Алексеевич,майор,12,60
Степанов Константин Михайлович,капитан,1,39
Николаев Никита Юрьевич,лейтенант,10,48
Семёнов Егор Михайлович,майор,10,35
Захаров Денис Алексеевич,сержант,10,35
Сидоров Виктор Михайлович,полковник,2,43
Кочергин Кирилл Дмитриевич,рядовой,2,29
Козлов Павел Максимович,капитан,2,19
Егоров Павел Дмитриевич,полковник,12,26
Николаев Сергей Александрович,майор,3,39
Зайцев Дмитрий Дмитриевич,рядовой,10,25
Захаров Алексей Ильич,капитан,6,22
Захаров Юрий Юрьевич,рядовой,7,47
Алексеев Матвей Андреевич,полковник,10,27
Семёнов Михаил Викторович,капитан,12,35
Макаров Илья Олегович,майор,3,32
Андреев Сергей Алексеевич,майор,10,49
Иванов Матвей Романович,майор,6,51
Попов Павел Максимович,майор,8,35
Борисов Виктор Дмитриевич,майор,2,51
Васильев Алексей Иванович,лейтенант,6,23
Яковлев Денис Дмитриевич,капитан,9,47
Макаров Никита Павлович,прапорщик,5,52
Новиков Андрей Дмитриевич,майор,11,35
Яковлев Евгений Кириллович,сержант,11,20
Соловьёв Степан Дмитриевич,полковник,10,43
Николаев Роман Александрович,полковник,10,19
Козлов Алексей Никитич,майор,2,59
Степанов Иван Кириллович,капитан,1,22
Борисов Иван Викторович,капитан,8,43
Соловьёв Илья Викторович,прапорщик,7,33
Васильев Матвей Никитич,прапорщик,5,21
Степанов Роман Михайлович,прапорщик,5,52
Васильев Виктор Сергеевич,рядовой,2,43
Андреев Роман Алексеевич,лейтенант,3,57
Новиков Максим Алексеевич,лейтенант,2,27
Попов Роман Иванович,майор,4,36
Петров Никита Кириллович,прапорщик,8,23
Лебедев Александр Юрьевич,капитан,10,33
Михайлов Артём Иванович,рядовой,12,49
Семёнов Степан Никитич,прапорщик,11,23
Морозов Роман Никитич,прапорщик,6,53
Кочергин Никита Андреевич,капитан,1,42
Смирнов Артём Максимович,рядовой,11,28
Семёнов Павел Сергеевич,капитан,8,28
Попов Денис Михайлович,сержант,1,54
Орлов Евгений Андреевич,прапорщик,11,28
Соловьёв Денис Сергеевич,сержант,5,31
Васильев Степан Сергеевич,лейтенант,10,37
Андреев Артём Сергеевич,лейтенант,1,42
Смирнов Александр Максимович,рядовой,1,42
Андреев Алексей Романович,прапорщик,10,50
Михайлов Олег Иванович,прапорщик,8,41
Петров Роман Викторович,майор,8,58
Петров Артём Андреевич,полковник,8,43
Морозов Константин Викторович,майор,4,54
Петров Денис Сергеевич,прапорщик,5,31
Сидоров Денис Никитич,прапорщик,12,47
Соколов Матвей Андреевич,рядовой,6,46
Новиков Константин Никитич,полковник,5,38
Степанов Андрей Сергеевич,лейтенант,8,18
Павлов Егор Ильич,майор,9,34
Кузнецов Артём Дмитриевич,лейтенант,4,20
Андреев Сергей Павлович,сержант,5,22
Зайцев Александр Никитич,майор,8,46
Степанов Виктор Никитич,лейтенант,10,39
Николаев Роман Кириллович,полковник,3,26
Лебедев Артём Кириллович,полковник,6,50
Васильев Иван Михайлович,рядовой,9,36
Яковлев Илья Ильич,лейтенант,12,28
Васильев Андрей Александрович,рядовой,3,47
Кочергин Константин Ильич,рядовой,12,50
Семёнов Виктор Дмитриевич,полковник,9,52
Борисов Юрий Андреевич,лейтенант,3,33
Зайцев Дмитрий Максимович,полковник,2,23
Егоров Максим Михайлович,прапорщик,1,58
Петров Денис Иванович,майор,11,29
Новиков Алексей Викторович,рядовой,11,34
Лебедев Павел Викторович,сержант,6,38
Сидоров Матвей Иванович,прапорщик,8,26
Соколов Дмитрий Иванович,рядовой,6,29
Васильев Никита Максимович,майор,6,52
Яковлев Александр Никитич,лейтенант,10,24
Соловьёв Иван Алексеевич,сержант,10,34
Семёнов Егор Сергеевич,рядовой,7,59
Захаров Сергей Иванович,лейтенант,9,52
Соловьёв Матвей Кириллович,сержант,3,60
Орлов Евгений Александрович,сержант,4,51
Николаев Егор Иванович,лейтенант,8,23
Фёдоров Иван Алексеевич,прапорщик,4,35
Лебедев Евгений Романович,полковник,3,50
Алексеев Егор Павлович,сержант,10,31
Лебедев Сергей Иванович,рядовой,4,52
Лебедев Денис Иванович,майор,4,26
Козлов Степан Олегович,рядовой,11,27
Козлов Евгений Никитич,прапорщик,5,55
Яковлев Алексей Юрьевич,прапорщик,8,47
Яковлев Денис Юрьевич,полковник,8,33
Соловьёв Евгений Павлович,полковник,5,20
Козлов Степан Олегович,капитан,2,43
Алексеев Алексей Юрьевич,рядовой,12,42
Егоров Юрий Павлович,рядовой,11,38
Петров Иван Викторович,полковник,9,52
Михайлов Сергей Алексеевич,полковник,1,28
Новиков Илья Иванович,рядовой,9,57
Яковлев Андрей Ильич,рядовой,8,41
Никитин Никита Андреевич,прапорщик,10,56
Лебедев Матвей Алексеевич,майор,10,36
Козлов Александр Андреевич,лейтенант,5,39
Павлов Андрей Александрович,полковник,12,39
Андреев Иван Иванович,лейтенант,1,42
Михайлов Андрей Павлович,лейтенант,9,39
Степанов Евгений Кириллович,капитан,6,49
Егоров Максим Юрьевич,лейтенант,8,49
Петров Виктор Иванович,рядовой,7,30
Соловьёв Роман Павлович,прапорщик,2,25
Попов Матвей Юрьевич,капитан,2,46
Захаров Константин Сергеевич,лейтенант,8,21
Семёнов Юрий Андреевич,прапорщик,8,33
Козлов Павел Андреевич,полковник,8,23
Захаров Дмитрий Михайлович,лейтенант,6,51
Семёнов Никита Александрович,полковник,3,55
Яковлев Денис Никитич,лейтенант,9,57
Новиков Артём Иванович,майор,8,31
Козлов Павел Викторович,майор,10,31
Орлов Павел Викторович,капитан,4,55
Фёдоров Александр Романович,сержант,12,36
Захаров Никита Сергеевич,рядовой,10,38
Михайлов Дмитрий Юрьевич,лейтенант,2,31
Кузнецов Виктор Павлович,майор,5,41
Фёдоров Иван Михайлович,прапорщик,9,43
Морозов Олег Ильич,майор,1,27
Лебедев Виктор Максимович,полковник,12,52
Борисов Юрий Дмитриевич,сержант,8,46
Никитин Юрий Юрьевич,лейтенант,4,43
Васильев Матвей Алексеевич,майор,8,49
Кузнецов Олег Сергеевич,капитан,6,18
Захаров Андрей Максимович,полковник,6,38
Иванов Денис Максимович,капитан,5,33
Соколов Артём Олегович,полковник,7,22
Зайцев Сергей Никитич,рядовой,2,44
Васильев Андрей Викторович,прапорщик,3,27
Новиков Андрей Дмитриевич,прапорщик,9,53
Андреев Андрей Александрович,сержант,6,54
Павлов Сергей Юрьевич,лейтенант,4,26
Борисов Олег Ильич,капитан,3,30
Сидоров Олег Дмитриевич,полковник,10,22
Кузнецов Илья Андреевич,прапорщик,4,54
Кузнецов Роман Андреевич,лейтенант,5,54
Иванов Андрей Ильич,прапорщик,8,21
Николаев Иван Иванович,капитан,1,48
Никитин Константин Павлович,майор,6,38
Соколов Артём Михайлович,капитан,9,22
Лебедев Максим Максимович,сержант,4,19
Алексеев Андрей Иванович,прапорщик,8,42
Смирнов Андрей Олегович,прапорщик,12,57
Никитин Артём Олегович,лейтенант,12,22
Орлов Виктор Олегович,полковник,2,57
Смирнов Андрей Олегович,лейтенант,11,60
Соколов Степан Максимович,майор,1,55
Егоров Максим Алексеевич,сержант,9,32
Николаев Евгений Максимович,прапорщик,1,50
Борисов Алексей Александрович,капитан,8,29
Козлов Дмитрий Иванович,майор,10,54
Макаров Денис Павлович,майор,2,28
Семёнов Алексей Максимович,сержант,4,24
Степанов Егор Олегович,сержант,12,25
Соколов Роман Ильич,прапорщик,2,30
Иванов Константин Олегович,полковник,2,26
Семёнов Павел Никитич,сержант,5,46
Васильев Роман Юрьевич,сержант,5,50
Петров Константин Юрьевич,прапорщик,11,34
Макаров Артём Юрьевич,лейтенант,5,39
Яковлев Андрей Андреевич,прапорщик,10,31
Алексеев Алексей Сергеевич,сержант,11,49
Смирнов Дмитрий Дмитриевич,майор,4,51
Михайлов Юрий Александрович,лейтенант,5,21
Кузнецов Никита Дмитриевич,майор,7,50
Степанов Дмитрий Олегович,майор,5,21
Михайлов Дмитрий Андреевич,капитан,2,45
Козлов Михаил Михайлович,полковник,3,21
Иванов Юрий Андреевич,майор,4,58
Михайлов Олег Ильич,прапорщик,2,29
Васильев Максим Никитич,рядовой,9,43
Борисов Матвей Максимович,капитан,12,48
Петров Максим Иванович,лейтенант,11,57
Кочергин Никита Алексеевич,сержант,12,53
Кузнецов Артём Викторович,сержант,5,54
Егоров Артём Андреевич,лейтенант,5,42
Морозов Павел Алексеевич,лейтенант,2,28
Кочергин Виктор Александрович,полковник,3,29
Борисов Алексей Александрович,рядовой,9,57
Степанов Павел Никитич,прапорщик,8,59
Смирнов Максим Ильич,майор,5,47
Фёдоров Илья Романович,майор,8,57
Смирнов Константин Михайлович,сержант,10,50
Андреев Юрий Ильич,майор,8,36
Смирнов Егор Никитич,майор,2,43
Новиков Виктор Олегович,прапорщик,11,49
Николаев Константин Александрович,прапорщик,2,29
Яковлев Денис Юрьевич,сержант,10,32
Михайлов Михаил Кириллович,майор,12,39
Сидоров Сергей Ильич,сержант,6,55
Фёдоров Сергей Павлович,капитан,4,55
Новиков Дмитрий Ильич,рядовой,4,31
Попов Евгений Никитич,рядовой,4,42
Никитин Дмитрий Дмитриевич,прапорщик,11,19
Степанов Денис Романович,майор,5,24
Орлов Иван Михайлович,рядовой,7,50
Егоров Матвей Максимович,прапорщик,12,57
Васильев Алексей Михайлович,лейтенант,12,46
Павлов Алексей Сергеевич,полковник,10,47
Захаров Илья Юрьевич,полковник,8,36
Орлов Алексей Олегович,сержант,10,57
Борисов Сергей Михайлович,полковник,3,56
Петров Степан Никитич,лейтенант,2,22
Николаев Сергей Иванович,рядовой,11,32
Новиков Павел Олегович,сержант,7,59
Лебедев Юрий Дмитриевич,рядовой,6,47
Зайцев Илья Романович,сержант,7,56
Борисов Роман Викторович,рядовой,6,43
Николаев Виктор Юрьевич,рядовой,12,40
Козлов Матвей Максимович,полковник,3,36
Степанов Сергей Ильич,прапорщик,3,26
Михайлов Юрий Александрович,полковник,2,60
Фёдоров Никита Андреевич,сержант,8,20
Лебедев Виктор Максимович,полковник,11,43
Кузнецов Алексей Максимович,капитан,11,38
Егоров Кирилл Павлович,прапорщик,2,52
Морозов Олег Никитич,капитан,5,47
Егоров Степан Романович,майор,11,38
Фёдоров Виктор Юрьевич,лейтенант,5,34
Сидоров Олег Иванович,лейтенант,2,60
Никитин Павел Алексеевич,сержант,9,37
Никитин Сергей Алексеевич,сержант,11,26
Егоров Никита Ильич,сержант,2,54
Борисов Матвей Юрьевич,прапорщик,2,55
Васильев Павел Никитич,капитан,7,57
Зайцев Константин Михайлович,майор,3,29
Козлов Артём Дмитриевич,прапорщик,12,25
Васильев Алексей Никитич,сержант,12,22
Борисов Егор Сергеевич,капитан,6,59
Алексеев Иван Олегович,полковник,4,40
Васильев Андрей Романович,рядовой,11,27
Яковлев Евгений Максимович,майор,4,43
Алексеев Александр Олегович,капитан,5,23
Петров Юрий Сергеевич,майор,3,43
Козлов Степан Никитич,полковник,3,33
Васильев Максим Алексеевич,сержант,12,35
Петров Константин Иванович,рядовой,9,24
Захаров Константин Михайлович,майор,4,28
Соловьёв Артём Андреевич,рядовой,10,18
Андреев Матвей Юрьевич,прапорщик,5,38
Егоров Евгений Сергеевич,полковник,1,20
Орлов Денис Дмитриевич,лейтенант,9,33
Морозов Константин Олегович,прапорщик,8,47
Зайцев Дмитрий Михайлович,прапорщик,5,32
Михайлов Кирилл Иванович,сержант,3,57
Лебедев Сергей Сергеевич,майор,6,55
Никитин Михаил Андреевич,капитан,5,19
Соловьёв Никита Ильич,рядовой,10,40
Петров Илья Никитич,сержант,11,50
Петров Кирилл Кириллович,лейтенант,1,54
Лебедев Сергей Дмитриевич,рядовой,12,48
Степанов Олег Викторович,прапорщик,7,58
Иванов Роман Олегович,майор,4,52
Новиков Артём Андреевич,прапорщик,7,24
Петров Егор Андреевич,сержант,5,42
Макаров Виктор Олегович,прапорщик,5,22
Семёнов Егор Викторович,капитан,1,56
Смирнов Евгений Никитич,полковник,4,20
Иванов Павел Павлович,рядовой,12,35
Алексеев Виктор Алексеевич,рядовой,4,29
Соловьёв Евгений Никитич,прапорщик,8,49
Петров Степан Дмитриевич,сержант,4,56
Смирнов Роман Михайлович,майор,2,26
Фёдоров Сергей Викторович,полковник,10,53
Егоров Максим Александрович,майор,12,45
Кочергин Олег Павлович,рядовой,3,39
Соловьёв Константин Ильич,сержант,1,21
Лебедев Иван Максимович,майор,2,56
Захаров Алексей Павлович,прапорщик,11,45
Борисов Степан Никитич,рядовой,4,55
Попов Никита Кириллович,полковник,11,59
Новиков Александр Сергеевич,капитан,1,58
Соловьёв Илья Михайлович,прапорщик,12,44
Зайцев Иван Олегович,рядовой,3,51
Кузнецов Кирилл Ильич,лейтенант,10,60
Васильев Сергей Ильич,лейтенант,5,54
Соколов Иван Максимович,рядовой,6,26
Морозов Михаил Кириллович,сержант,3,22
Алексеев Михаил Юрьевич,прапорщик,8,43
Николаев Дмитрий Ильич,майор,1,28
Степанов Евгений Викторович,прапорщик,8,31
Кузнецов Кирилл Андреевич,майор,11,35
Николаев Константин Иванович,рядовой,7,47
Андреев Матвей Романович,полковник,2,25
Козлов Максим Викторович,капитан,2,53
Сидоров Кирилл Максимович,сержант,6,34
Захаров Дмитрий Юрьевич,капитан,11,58
Сидоров Кирилл Алексеевич,прапорщик,12,40
Егоров Олег Никитич,капитан,1,51
Зайцев Виктор Андреевич,рядовой,3,38
Попов Алексей Максимович,сержант,10,45
Морозов Павел Кириллович,сержант,10,44
Козлов Артём Иванович,майор,12,40
Попов Павел Ильич,полковник,5,28
Семёнов Михаил Дмитриевич,майор,2,54
Михайлов Алексей Александрович,сержант,3,42
Морозов Егор Ильич,капитан,12,39
Кочергин Михаил Дмитриевич,капитан,10,22
Борисов Артём Павлович,майор,5,29
Макаров Егор Викторович,полковник,6,58
Новиков Александр Михайлович,лейтенант,7,27
Сидоров Павел Александрович,полковник,12,39
Павлов Андрей Максимович,майор,12,29
Павлов Константин Олегович,полковник,10,20
Зайцев Виктор Александрович,полковник,5,25
Николаев Виктор Алексеевич,лейтенант,7,26
Егоров Кирилл Ильич,лейтенант,11,46
Макаров Егор Максимович,полковник,11,33
Семёнов Сергей Максимович,капитан,4,49
Петров Роман Максимович,майор,2,30
Новиков Сергей Максимович,сержант,12,28
Новиков Олег Александрович,полковник,7,35
Андреев Юрий Никитич,полковник,11,39
Соколов Илья Павлович,полковник,4,48
Николаев Роман Андреевич,рядовой,1,46
Иванов Юрий Юрьевич,сержант,10,45
Андреев Дмитрий Никитич,майор,7,29
Кузнецов Илья Кириллович,лейтенант,7,38
Семёнов Михаил Никитич,прапорщик,10,29
Павлов Олег Александрович,полковник,6,57
Орлов Павел Михайлович,прапорщик,2,37
Орлов Никита Александрович,сержант,5,45
Семёнов Алексей Никитич,полковник,12,60
Соколов Андрей Алексеевич,капитан,4,49
Макаров Артём Сергеевич,сержант,7,26
Козлов Сергей Иванович,рядовой,1,39
Борисов Илья Ильич,полковник,9,39
Попов Максим Викторович,лейтенант,12,37
Кочергин Евгений Иванович,майор,12,47
Макаров Степан Ильич,рядовой,7,30
Фёдоров Максим Юрьевич,рядовой,5,36
Михайлов Иван Иванович,лейтенант,9,22
Семёнов Алексей Викторович,полковник,12,20
Смирнов Михаил Романович,майор,1,23
Егоров Денис Павлович,лейтенант,3,47
Сидоров Сергей Романович,полковник,6,53
Сидоров Виктор Сергеевич,сержант,4,56
Борисов Егор Олегович,рядовой,10,23
Фёдоров Иван Сергеевич,прапорщик,10,55
Васильев Андрей Юрьевич,полковник,6,19
Андреев Павел Александрович,майор,10,26
Козлов Михаил Кириллович,лейтенант,10,35
Смирнов Евгений Олегович,сержант,1,49
Захаров Артём Дмитриевич,рядовой,4,39
Никитин Илья Алексеевич,лейтенант,12,36
Алексеев Андрей Андреевич,прапорщик,10,53
Лебедев Илья Андреевич,сержант,10,48
Никитин Александр Олегович,полковник,11,43
Иванов Артём Романович,полковник,10,60
Степанов Виктор Романович,капитан,11,18
Лебедев Виктор Александрович,капитан,12,29
Павлов Степан Олегович,лейтенант,8,18
Андреев Кирилл Юрьевич,майор,1,30
Васильев Денис Алексеевич,лейтенант,8,37
Захаров Артём Сергеевич,рядовой,10,41
Соколов Юрий Андреевич,капитан,5,56
Новиков Олег Андреевич,рядовой,4,22
Борисов Никита Андреевич,капитан,10,46
Захаров Егор Олегович,лейтенант,5,53
Иванов Никита Иванович,капитан,10,33
Орлов Евгений Александрович,капитан,1,33
Фёдоров Егор Михайлович,полковник,9,30
Кузнецов Евгений Максимович,рядовой,6,43
Сидоров Иван Дмитриевич,сержант,10,22
Степанов Илья Сергеевич,майор,2,51
Семёнов Кирилл Викторович,полковник,6,55
Михайлов Матвей Максимович,майор,7,24
Борисов Александр Дмитриевич,лейтенант,5,38
Семёнов Кирилл Павлович,прапорщик,8,38
Соколов Алексей Михайлович,полковник,7,38
Новиков Кирилл Андреевич,сержант,2,38
Никитин Денис Олегович,прапорщик,6,52
Фёдоров Илья Кириллович,рядовой,12,32
Никитин Юрий Максимович,лейтенант,9,43
Андреев Дмитрий Сергеевич,лейтенант,7,55
Петров Константин Михайлович,лейтенант,8,44
Николаев Алексей Иванович,майор,7,26
Егоров Алексей Сергеевич,прапорщик,8,38
Иванов Роман Юрьевич,рядовой,7,20
Попов Андрей Михайлович,капитан,4,39
Орлов Артём Олегович,сержант,12,39
Макаров Александр Кириллович,лейтенант,7,33
Николаев Михаил Иванович,майор,3,27
Кочергин Роман Кириллович,прапорщик,1,49
Николаев Илья Алексеевич,сержант,4,47
Попов Иван Иванович,полковник,1,29
Андреев Денис Юрьевич,майор,9,22
Васильев Максим Михайлович,прапорщик,11,55
Николаев Михаил Алексеевич,сержант,2,20
Морозов Михаил Алексеевич,полковник,5,19
Макаров Александр Максимович,рядовой,12,26
Орлов Матвей Александрович,майор,6,32
Соколов Денис Романович,капитан,10,21
Зайцев Илья Иванович,прапорщик,7,34
Сидоров Юрий Никитич,полковник,5,42
Семёнов Андрей Алексеевич,лейтенант,12,37
Семёнов Олег Кириллович,капитан,12,59
Соловьёв Алексей Максимович,полковник,6,38
Макаров Юрий Павлович,лейтенант,12,52
Степанов Михаил Никитич,майор,12,46
Алексеев Егор Сергеевич,прапорщик,12,47
Козлов Матвей Павлович,лейтенант,12,46
Алексеев Степан Кириллович,лейтенант,4,44
Козлов Артём Александрович,прапорщик,1,23
Борисов Денис Викторович,рядовой,3,34
Борисов Виктор Викторович,рядовой,3,47
Попов Андрей Дмитриевич,рядовой,8,53
Михайлов Роман Андреевич,рядовой,2,60
Алексеев Иван Иванович,капитан,7,32
Борисов Евгений Максимович,лейтенант,8,31
Николаев Денис Михайлович,рядовой,6,50
Алексеев Евгений Михайлович,прапорщик,9,39
Борисов Никита Максимович,полковник,7,41
Макаров Егор Андреевич,капитан,8,30
Сидоров Дмитрий Ильич,прапорщик,12,50
Борисов Степан Иванович,полковник,2,18
Морозов Виктор Дмитриевич,лейтенант,7,37
Захаров Максим Ильич,рядовой,8,51
Сидоров Александр Алексеевич,лейтенант,1,31
Яковлев Юрий Дмитриевич,майор,12,60
Андреев Роман Павлович,полковник,11,59
Зайцев Роман Олегович,сержант,6,60
Новиков Михаил Викторович,прапорщик,1,40
Соколов Артём Ильич,майор,12,30
Михайлов Егор Дмитриевич,майор,5,54
Степанов Константин Олегович,сержант,3,57
Сидоров Денис Михайлович,лейтенант,1,39
Никитин Максим Юрьевич,прапорщик,5,41
Орлов Егор Сергеевич,сержант,10,51
Козлов Виктор Андреевич,рядовой,12,31
Новиков Александр Олегович,майор,6,32
Яковлев Кирилл Олегович,лейтенант,5,31
Новиков Алексей Кириллович,лейтенант,6,54
Яковлев Константин Михайлович,сержант,10,46
Попов Иван Кириллович,полковник,7,55
Петров Михаил Викторович,капитан,11,35
Семёнов Иван Романович,прапорщик,9,43
Фёдоров Егор Юрьевич,капитан,10,18
Кузнецов Константин Андреевич,рядовой,1,36
Павлов Михаил Юрьевич,рядовой,6,46
Козлов Максим Никитич,майор,8,47
Васильев Иван Алексеевич,лейтенант,8,35
Семёнов Виктор Павлович,рядовой,12,57
Козлов Олег Викторович,лейтенант,8,30
Лебедев Илья Александрович,капитан,8,34
Попов Юрий Дмитриевич,майор,11,45
Степанов Максим Иванович,майор,7,46
Васильев Михаил Александрович,майор,8,22
Петров Иван Ильич,сержант,4,34
Кузнецов Сергей Олегович,лейтенант,7,36
Степанов Андрей Михайлович,сержант,9,24
Алексеев Андрей Сергеевич,прапорщик,12,18
Никитин Олег Сергеевич,майор,8,44
Соколов Кирилл Олегович,майор,6,34
Соловьёв Андрей Романович,рядовой,4,38
Кузнецов Александр Никитич,рядовой,4,53
Зайцев Егор Алексеевич,лейтенант,1,34
Степанов Евгений Андреевич,капитан,4,49
Андреев Максим Юрьевич,майор,5,31
Макаров Павел Никитич,лейтенант,11,23
Зайцев Михаил Михайлович,рядовой,4,25
Никитин Константин Сергеевич,капитан,8,31
Иванов Илья Ильич,сержант,5,31
Сидоров Сергей Юрьевич,лейтенант,3,34
Борисов Евгений Алексеевич,рядовой,1,43
Попов Иван Кириллович,лейтенант,12,29
Петров Алексей Олегович,майор,4,44
Андреев Павел Михайлович,сержант,12,26
Смирнов Михаил Кириллович,прапорщик,8,27
Макаров Олег Андреевич,рядовой,6,28
Смирнов Павел Викторович,лейтенант,1,29
Петров Никита Александрович,полковник,12,21
Соколов Степан Иванович,майор,2,38
Алексеев Степан Романович,майор,1,60
Макаров Олег Максимович,майор,6,27
Морозов Константин Александрович,полковник,4,20
Андреев Илья Ильич,рядовой,11,57
Смирнов Михаил Андреевич,лейтенант,5,52
Петров Павел Никитич,капитан,8,34
Кузнецов Константин Михайлович,майор,4,22
Никитин Алексей Иванович,сержант,2,58
Попов Александр Романович,лейтенант,10,19
Степанов Никита Никитич,капитан,5,39
Сидоров Матвей Александрович,майор,8,43
Степанов Олег Павлович,капитан,7,60
Михайлов Егор Викторович,прапорщик,11,58
Кузнецов Юрий Александрович,прапорщик,10,48
Павлов Никита Максимович,сержант,10,40
Андреев Денис Кириллович,прапорщик,9,51
Попов Константин Алексеевич,полковник,7,57
Зайцев Евгений Сергеевич,прапорщик,11,46
Соколов Артём Павлович,полковник,2,49
Попов Константин Михайлович,майор,5,60
Егоров Евгений Павлович,лейтенант,3,42
Иванов Иван Павлович,майор,8,23
Николаев Егор Андреевич,прапорщик,7,50
Николаев Максим Алексеевич,рядовой,10,55
Петров Максим Андреевич,прапорщик,12,40
Орлов Илья Александрович,капитан,8,51
Николаев Илья Андреевич,прапорщик,9,24
Зайцев Максим Андреевич,рядовой,11,46
Новиков Егор Сергеевич,майор,6,49
Михайлов Иван Сергеевич,капитан,7,41
Семёнов Олег Иванович,лейтенант,4,30
Борисов Денис Олегович,капитан,2,18
Сидоров Юрий Юрьевич,майор,8,50
Смирнов Никита Михайлович,прапорщик,2,19
Иванов Артём Юрьевич,прапорщик,2,26
Михайлов Иван Никитич,полковник,12,19
Морозов Олег Дмитриевич,сержант,9,54
Кузнецов Михаил Сергеевич,сержант,12,50
Иванов Константин Кириллович,рядовой,10,55
Михайлов Константин Никитич,капитан,5,55
Борисов Денис Андреевич,рядовой,8,42
Павлов Александр Олегович,лейтенант,12,52
Макаров Константин Кириллович,рядовой,12,24
Семёнов Михаил Сергеевич,прапорщик,3,29
Сидоров Андрей Ильич,сержант,5,39
Сидоров Олег Ильич,прапорщик,5,58
Соловьёв Олег Юрьевич,рядовой,6,45
Кочергин Кирилл Юрьевич,рядовой,1,28
Семёнов Степан Юрьевич,капитан,10,42
Соловьёв Кирилл Алексеевич,прапорщик,4,18
Павлов Степан Дмитриевич,капитан,4,23
Фёдоров Никита Кириллович,майор,5,48
Семёнов Денис Дмитриевич,майор,6,40
Егоров Михаил Юрьевич,майор,11,56
Павлов Степан Алексеевич,капитан,4,20
Соколов Максим Викторович,капитан,10,35
Соколов Артём Сергеевич,майор,2,24
Васильев Матвей Юрьевич,полковник,5,42
Семёнов Роман Михайлович,капитан,9,43
Борисов Максим Ильич,капитан,5,38
Михайлов Степан Андреевич,лейтенант,1,41
Зайцев Матвей Олегович,прапорщик,2,42
Петров Сергей Максимович,сержант,2,23
Соколов Степан Сергеевич,полковник,2,18
Козлов Александр Иванович,прапорщик,6,27
Михайлов Павел Никитич,сержант,2,42
Морозов Олег Павлович,сержант,3,60
Сидоров Степан Романович,рядовой,4,50
Семёнов Виктор Никитич,полковник,7,53
Смирнов Алексей Ильич,капитан,1,19
Михайлов Михаил Максимович,рядовой,11,20
Попов Егор Алексеевич,рядовой,11,19
Орлов Юрий Максимович,полковник,10,46
Кузнецов Егор Никитич,сержант,10,44
Васильев Матвей Максимович,майор,2,54
Козлов Андрей Павлович,прапорщик,4,25
Новиков Егор Ильич,капитан,7,33
Семёнов Виктор Иванович,рядовой,3,24
Андреев Дмитрий Максимович,сержант,4,30
Захаров Виктор Юрьевич,прапорщик,5,48
Павлов Михаил Сергеевич,рядовой,8,57
Борисов Максим Сергеевич,сержант,8,50
Фёдоров Константин Романович,капитан,8,23
Морозов Кирилл Романович,рядовой,6,29
Макаров Константин Павлович,прапорщик,2,36
Петров Матвей Павлович,прапорщик,4,59
Сидоров Андрей Михайлович,майор,6,53
Новиков Алексей Алексеевич,рядовой,1,53
Борисов Артём Олегович,прапорщик,7,57
Кузнецов Егор Ильич,майор,8,30
Кузнецов Максим Романович,полковник,7,34
Кузнецов Денис Александрович,капитан,7,30
Петров Олег Дмитриевич,майор,5,38
Егоров Иван Алексеевич,полковник,11,22
Семёнов Олег Дмитриевич,лейтенант,5,58
Соловьёв Олег Михайлович,капитан,2,57
Петров Денис Сергеевич,лейтенант,8,42
Алексеев Дмитрий Никитич,сержант,1,28
Фёдоров Матвей Максимович,лейтенант,1,39
Николаев Денис Дмитриевич,сержант,10,38
Соловьёв Степан Олегович,прапорщик,7,37
Морозов Илья Павлович,рядовой,7,37
Макаров Михаил Юрьевич,рядовой,7,31
Семёнов Степан Викторович,рядовой,9,38
Андреев Сергей Олегович,рядовой,6,20
Степанов Кирилл Викторович,прапорщик,5,52
Захаров Матвей Ильич,полковник,12,37
Морозов Иван Юрьевич,лейтенант,6,18
Павлов Павел Юрьевич,капитан,9,30
Макаров Денис Сергеевич,сержант,9,55
Степанов Сергей Максимович,капитан,4,60
Соколов Михаил Олегович,полковник,6,19
Лебедев Кирилл Андреевич,майор,3,33
Морозов Евгений Павлович,сержант,9,51
Соколов Егор Викторович,рядовой,3,35
Попов Роман Иванович,лейтенант,2,47
Соловьёв Кирилл Романович,полковник,4,48
Соколов Матвей Викторович,лейтенант,5,18
Зайцев Павел Павлович,полковник,1,27
Смирнов Кирилл Ильич,капитан,2,43
Соловьёв Александр Михайлович,капитан,3,53
Зайцев Артём Дмитриевич,прапорщик,3,25
Михайлов Павел Михайлович,лейтенант,4,44
Павлов Никита Романович,прапорщик,8,52
Иванов Евгений Алексеевич,капитан,11,31
Морозов Андрей Андреевич,сержант,11,29
Семёнов Андрей Олегович,лейтенант,1,29
Яковлев Алексей Никитич,капитан,7,26
Васильев Денис Иванович,сержант,5,30
Никитин Алексей Михайлович,лейтенант,8,55
Егоров Александр Юрьевич,прапорщик,2,49
Васильев Алексей Кириллович,капитан,5,58
Иванов Степан Олегович,полковник,1,42
Морозов Михаил Ильич,рядовой,12,56
Петров Егор Юрьевич,капитан,7,58
Семёнов Александр Ильич,сержант,3,47
Кузнецов Андрей Кириллович,сержант,4,55
Соловьёв Степан Дмитриевич,лейтенант,11,60
Павлов Денис Павлович,сержант,2,55
Зайцев Илья Андреевич,прапорщик,9,20
Соколов Сергей Кириллович,прапорщик,3,20
Васильев Виктор Викторович,сержант,12,53
Лебедев Олег Павлович,майор,9,54
Семёнов Артём Алексеевич,полковник,10,47
Сидоров Андрей Кириллович,майор,5,59
Козлов Виктор Дмитриевич,полковник,10,28
Никитин Артём Алексеевич,полковник,7,26
Соловьёв Михаил Кириллович,капитан,1,45
Никитин Павел Дмитриевич,рядовой,6,38
Андреев Сергей Максимович,лейтенант,7,38
Новиков Матвей Дмитриевич,сержант,5,23
Сидоров Михаил Юрьевич,сержант,3,47
Андреев Кирилл Алексеевич,лейтенант,7,51
Новиков Денис Павлович,капитан,4,35
Макаров Дмитрий Александрович,рядовой,1,47
Павлов Дмитрий Никитич,полковник,4,58
Павлов Михаил Александрович,майор,12,50
Кузнецов Степан Романович,капитан,10,33
Смирнов Андрей Кириллович,рядовой,5,53
Яковлев Роман Алексеевич,лейтенант,3,31
Кочергин Степан Романович,рядовой,12,50
Яковлев Юрий Алексеевич,лейтенант,12,32
Соколов Павел Андреевич,капитан,5,45
Иванов Сергей Александрович,майор,11,25
Козлов Кирилл Олегович,капитан,3,21
Павлов Егор Ильич,майор,7,39
Алексеев Виктор Максимович,рядовой,2,50
Зайцев Дмитрий Андреевич,капитан,10,39
Лебедев Денис Викторович,лейтенант,10,19
Егоров Артём Максимович,прапорщик,4,60
Никитин Алексей Никитич,рядовой,8,23
Орлов Дмитрий Олегович,прапорщик,7,21
Зайцев Дмитрий Андреевич,майор,2,21
Кочергин Кирилл Романович,капитан,11,48
Яковлев Сергей Андреевич,лейтенант,9,37
Иванов Дмитрий Алексеевич,сержант,3,30
Николаев Никита Алексеевич,майор,6,60
Семёнов Роман Олегович,рядовой,5,39
Васильев Павел Викторович,капитан,9,41
Николаев Олег Олегович,лейтенант,6,19
Новиков Роман Павлович,лейтенант,3,32
Борисов Егор Олегович,прапорщик,1,45
Егоров Сергей Максимович,полковник,4,43
Лебедев Виктор Кириллович,сержант,3,59
Захаров Андрей Сергеевич,полковник,10,29
Кузнецов Никита Иванович,прапорщик,12,37
Фёдоров Кирилл Максимович,майор,9,52
Зайцев Сергей Кириллович,рядовой,10,58
Иванов Александр Михайлович,полковник,8,45
Новиков Илья Алексеевич,капитан,9,34
Михайлов Матвей Романович,сержант,6,20
Смирнов Павел Романович,прапорщик,7,59
Соколов Никита Дмитриевич,прапорщик,11,41
Николаев Александр Никитич,прапорщик,8,44
Попов Михаил Юрьевич,капитан,6,42
Андреев Никита Дмитриевич,лейтенант,11,38
Егоров Александр Юрьевич,капитан,7,20
Орлов Александр Алексеевич,сержант,6,30
Захаров Олег Алексеевич,полковник,12,51
Морозов Виктор Сергеевич,полковник,3,26
Попов Андрей Ильич,рядовой,7,29
Новиков Павел Юрьевич,полковник,9,31
Новиков Никита Романович,лейтенант,10,35
Морозов Роман Кириллович,прапорщик,3,20
Семёнов Артём Андреевич,полковник,7,48
Андреев Олег Дмитриевич,полковник,3,34
Зайцев Матвей Иванович,прапорщик,7,44
Иванов Олег Иванович,лейтенант,2,43
Борисов Степан Кириллович,рядовой,7,39
Егоров Дмитрий Ильич,рядовой,5,41
Сидоров Константин Андреевич,лейтенант,8,20
Алексеев Илья Никитич,рядовой,6,47
Васильев Павел Михайлович,майор,4,24
Кузнецов Артём Михайлович,полковник,6,47
Соколов Сергей Павлович,капитан,11,45
Козлов Денис Андреевич,лейтенант,2,28
Лебедев Матвей Михайлович,прапорщик,10,49
Сидоров Артём Викторович,лейтенант,5,35
Соловьёв Евгений Михайлович,капитан,3,41
Попов Михаил Никитич,лейтенант,3,58
Михайлов Павел Ильич,майор,2,57
Петров Алексей Кириллович,прапорщик,11,22
Павлов Андрей Сергеевич,прапорщик,11,45
Сидоров Евгений Павлович,прапорщик,1,34
Яковлев Дмитрий Андреевич,полковник,2,39
Иванов Матвей Дмитриевич,майор,3,49
Лебедев Артём Никитич,майор,1,41
Борисов Виктор Александрович,прапорщик,9,39
Новиков Александр Ильич,майор,9,31
Петров Александр Олегович,сержант,9,31
Сидоров Кирилл Максимович,майор,6,49
Борисов Андрей Кириллович,сержант,12,23
Фёдоров Алексей Кириллович,лейтенант,4,23
Новиков Константин Романович,майор,9,38
Попов Илья Дмитриевич,рядовой,11,42
Макаров Виктор Михайлович,прапорщик,9,24
Андреев Константин Иванович,лейтенант,9,35
Орлов Алексей Иванович,капитан,8,37
Кочергин Степан Викторович,сержант,7,42
Козлов Павел Иванович,сержант,12,42
Кузнецов Александр Михайлович,сержант,2,24
Васильев Андрей Кириллович,майор,4,31
Орлов Алексей Ильич,майор,4,27
Морозов Павел Сергеевич,сержант,4,49
Соловьёв Никита Ильич,прапорщик,5,43
Фёдоров Артём Алексеевич,рядовой,8,29
Кузнецов Евгений Максимович,лейтенант,1,52
Морозов Кирилл Никитич,майор,11,19
Захаров Сергей Иванович,лейтенант,9,34
Петров Евгений Викторович,майор,8,41
Соловьёв Егор Михайлович,майор,2,32
Кочергин Олег Максимович,капитан,11,30
Алексеев Юрий Олегович,майор,3,33
Смирнов Иван Иванович,лейтенант,10,53
Морозов Матвей Александрович,майор,7,44
Яковлев Дмитрий Андреевич,капитан,1,58
Николаев Денис Юрьевич,майор,2,28
Никитин Дмитрий Олегович,полковник,7,43
Андреев Дмитрий Алексеевич,майор,7,26
Козлов Денис Александрович,полковник,2,53
Петров Виктор Дмитриевич,капитан,9,21
Морозов Евгений Дмитриевич,сержант,8,28
Попов Константин Олегович,прапорщик,7,42
Яковлев Денис Никитич,сержант,6,46
Андреев Константин Ильич,лейтенант,12,52
Николаев Евгений Сергеевич,прапорщик,12,53
Смирнов Илья Романович,рядовой,10,58
Соколов Андрей Викторович,майор,3,20
Кузнецов Матвей Юрьевич,сержант,3,48
Степанов Константин Ильич,сержант,12,46
Андреев Егор Юрьевич,майор,11,54
Козлов Степан Никитич,полковник,6,57
Кузнецов Роман Юрьевич,прапорщик,9,44
Михайлов Иван Викторович,сержант,4,55
Алексеев Сергей Иванович,прапорщик,2,45
Орлов Александр Иванович,лейтенант,10,39
Петров Максим Андреевич,майор,1,40
Сидоров Павел Андреевич,сержант,10,37
Васильев Виктор Александрович,сержант,11,53
Николаев Роман Михайлович,майор,4,30
Соколов Андрей Иванович,лейтенант,1,55
Фёдоров Константин Александрович,лейтенант,10,31
Орлов Дмитрий Кириллович,майор,7,41
Степанов Павел Сергеевич,майор,7,55
Никитин Кирилл Викторович,рядовой,1,51
Захаров Юрий Ильич,рядовой,7,44
Морозов Илья Викторович,рядовой,9,55
Михайлов Матвей Сергеевич,майор,2,34
Макаров Виктор Дмитриевич,лейтенант,6,58
Никитин Егор Павлович,капитан,4,23
Семёнов Никита Андреевич,прапорщик,11,24
Егоров Сергей Дмитриевич,лейтенант,10,31
Козлов Никита Алексеевич,рядовой,5,50
Новиков Павел Максимович,рядовой,5,38
Орлов Артём Дмитриевич,капитан,2,25
Васильев Андрей Алексеевич,капитан,9,58
Павлов Степан Сергеевич,майор,6,34
Никитин Иван Ильич,капитан,2,49
Егоров Сергей Кириллович,лейтенант,12,21
Борисов Алексей Алексеевич,капитан,5,30
Кузнецов Сергей Ильич,сержант,8,33
Попов Иван Андреевич,майор,3,22
Васильев Матвей Иванович,капитан,1,31
Михайлов Максим Александрович,прапорщик,5,27
Попов Константин Максимович,сержант,12,53
Кузнецов Илья Иванович,майор,1,19
Кочергин Виктор Александрович,сержант,2,52
Михайлов Дмитрий Максимович,майор,6,60
Захаров Егор Дмитриевич,майор,1,41
Фёдоров Егор Михайлович,полковник,6,22
Алексеев Матвей Андреевич,полковник,5,60
Козлов Константин Юрьевич,лейтенант,3,38
Фёдоров Матвей Романович,майор,10,46
Зайцев Илья Олегович,полковник,2,33
Фёдоров Андрей Михайлович,майор,9,25
Соколов Иван Романович,прапорщик,10,49
Лебедев Иван Михайлович,сержант,12,45
Фёдоров Евгений Викторович,прапорщик,4,51
Яковлев Денис Александрович,рядовой,1,18
Никитин Иван Никитич,прапорщик,10,53
Борисов Евгений Александрович,капитан,8,50
Морозов Егор Максимович,полковник,2,28
Лебедев Виктор Кириллович,лейтенант,2,29
Яковлев Илья Юрьевич,полковник,2,41
Яковлев Александр Олегович,майор,12,34
Николаев Никита Дмитриевич,рядовой,12,46
Лебедев Денис Михайлович,лейтенант,6,39
Сидоров Денис Романович,рядовой,11,41
Иванов Сергей Иванович,майор,12,48
Никитин Сергей Алексеевич,сержант,7,21
Новиков Андрей Кириллович,рядовой,6,34
Фёдоров Денис Алексеевич,майор,12,46
Новиков Александр Михайлович,сержант,6,43
Борисов Егор Кириллович,прапорщик,6,52
Семёнов Иван Юрьевич,капитан,5,18
Орлов Евгений Викторович,рядовой,9,46
Кочергин Кирилл Ильич,сержант,12,46
Морозов Иван Андреевич,майор,3,31
Попов Иван Александрович,капитан,5,23
Фёдоров Олег Александрович,сержант,2,50
Степанов Денис Дмитриевич,полковник,11,18
Степанов Дмитрий Кириллович,рядовой,8,44
Иванов Евгений Викторович,сержант,11,34
Егоров Алексей Александрович,сержант,9,59
Никитин Юрий Максимович,сержант,10,50
Борисов Михаил Никитич,полковник,5,43
Семёнов Алексей Дмитриевич,полковник,2,54
Яковлев Андрей Викторович,сержант,11,45
Петров Денис Михайлович,капитан,2,49
Иванов Константин Дмитриевич,прапорщик,12,42
Попов Кирилл Олегович,сержант,6,30
Захаров Константин Викторович,полковник,11,26
Попов Константин Викторович,сержант,3,38
Козлов Иван Романович,сержант,10,60
Петров Константин Михайлович,лейтенант,7,19
Новиков Матвей Иванович,лейтенант,6,26
Смирнов Сергей Александрович,рядовой,4,27
Козлов Павел Максимович,майор,7,50
Никитин Юрий Ильич,лейтенант,8,19
Михайлов Сергей Иванович,полковник,1,44
Михайлов Евгений Сергеевич,полковник,9,38
Алексеев Андрей Олегович,капитан,11,49
Яковлев Сергей Иванович,рядовой,4,48
Козлов Михаил Ильич,лейтенант,6,33
Кузнецов Евгений Олегович,лейтенант,12,22
Попов Алексей Романович,полковник,12,21
Морозов Александр Павлович,капитан,3,31
Фёдоров Роман Андреевич,майор,9,44
Соловьёв Роман Никитич,майор,10,59
Смирнов Роман Михайлович,полковник,12,48
Попов Евгений Ильич,сержант,7,46
Фёдоров Артём Кириллович,лейтенант,4,33
Петров Матвей Павлович,полковник,9,52
Алексеев Илья Иванович,капитан,7,57
Яковлев Дмитрий Иванович,полковник,5,27
Орлов Юрий Александрович,капитан,5,59
Зайцев Денис Дмитриевич,сержант,2,32
Соколов Дмитрий Юрьевич,капитан,11,59
Зайцев Евгений Кириллович,лейтенант,3,48
Яковлев Никита Андреевич,полковник,12,34
Семёнов Егор Алексеевич,прапорщик,4,35
Иванов Дмитрий Сергеевич,полковник,11,50
Алексеев Илья Михайлович,рядовой,1,34
Макаров Виктор Романович,прапорщик,2,41
Егоров Виктор Максимович,майор,6,44
Николаев Максим Андреевич,лейтенант,10,39
Козлов Алексей Андреевич,лейтенант,8,21
Петров Виктор Сергеевич,рядовой,8,44
Васильев Артём Андреевич,полковник,1,33
Петров Денис Павлович,прапорщик,2,56
Орлов Олег Иванович,майор,7,29
Соколов Евгений Романович,лейтенант,3,32
Васильев Виктор Александрович,рядовой,9,38
Никитин Павел Ильич,сержант,1,37
Егоров Никита Юрьевич,лейтенант,3,56
Орлов Алексей Андреевич,майор,3,46
Козлов Виктор Романович,полковник,5,22
Попов Павел Иванович,полковник,3,41
Захаров Виктор Никитич,майор,2,49
Васильев Александр Алексеевич,рядовой,9,50
Николаев Евгений Андреевич,полковник,8,39
Егоров Александр Романович,лейтенант,6,60
Алексеев Александр Андреевич,полковник,12,46
Кочергин Егор Романович,лейтенант,6,47
Новиков Артём Романович,прапорщик,10,53
Орлов Сергей Сергеевич,лейтенант,6,60
Кузнецов Константин Дмитриевич,рядовой,2,22
Макаров Дмитрий Иванович,рядовой,8,38
Семёнов Роман Кириллович,рядовой,1,53
Сидоров Степан Никитич,капитан,9,52
Андреев Михаил Андреевич,полковник,1,52
Иванов Сергей Максимович,рядовой,10,43
Новиков Михаил Александрович,рядовой,6,54
Яковлев Павел Олегович,полковник,3,28
Смирнов Никита Викторович,полковник,12,46
Смирнов Сергей Никитич,рядовой,4,51
Петров Андрей Кириллович,рядовой,3,54
Фёдоров Константин Олегович,прапорщик,11,21
Петров Илья Юрьевич,прапорщик,12,53
Михайлов Илья Олегович,майор,12,46
Павлов Никита Михайлович,сержант,5,44
Попов Иван Андреевич,полковник,4,43
Макаров Матвей Кириллович,капитан,12,50
Яковлев Илья Александрович,капитан,1,23
Фёдоров Михаил Иванович,майор,6,45
Егоров Матвей Андреевич,лейтенант,10,45
Лебедев Степан Никитич,майор,8,23
Егоров Михаил Ильич,лейтенант,1,19
Борисов Евгений Михайлович,рядовой,10,54
Михайлов Михаил Сергеевич,майор,2,24
Попов Егор Романович,рядовой,11,49
Степанов Юрий Юрьевич,полковник,10,29
Егоров Дмитрий Павлович,рядовой,9,46
Семёнов Денис Михайлович,сержант,11,24
Попов Егор Александрович,майор,5,57
Михайлов Павел Михайлович,прапорщик,11,55
Николаев Александр Ильич,сержант,12,32
Андреев Александр Александрович,майор,6,33
Васильев Максим Дмитриевич,рядовой,12,29
Захаров Степан Иванович,полковник,8,23
Степанов Максим Максимович,майор,12,38
Андреев Сергей Павлович,рядовой,5,57
Петров Андрей Кириллович,прапорщик,4,33
Петров Роман Иванович,лейтенант,3,49
Сидоров Илья Ильич,сержант,8,21
Павлов Александр Олегович,лейтенант,2,41
Алексеев Никита Викторович,рядовой,9,43
Морозов Кирилл Викторович,сержант,6,20
Яковлев Алексей Кириллович,рядовой,11,45
Андреев Роман Никитич,капитан,4,18
Сидоров Роман Иванович,полковник,1,26
Соловьёв Кирилл Ильич,прапорщик,3,26
Борисов Максим Кириллович,полковник,2,47
Кочергин Роман Андреевич,капитан,10,53
Петров Иван Романович,рядовой,5,24
Лебедев Олег Дмитриевич,лейтенант,6,40
Егоров Константин Олегович,рядовой,8,36
Сидоров Егор Никитич,рядовой,9,26
Алексеев Михаил Михайлович,сержант,10,40
Семёнов Никита Сергеевич,капитан,8,21
Попов Роман Романович,сержант,5,59
Орлов Константин Викторович,полковник,1,27
Павлов Константин Иванович,полковник,1,19
Андреев Павел Никитич,полковник,7,57
Захаров Максим Ильич,капитан,6,30
Смирнов Юрий Александрович,прапорщик,6,40
Яковлев Степан Никитич,капитан,3,31
Зайцев Алексей Павлович,рядовой,9,22
Фёдоров Денис Павлович,полковник,5,59
Петров Иван Викторович,сержант,8,30
Захаров Степан Иванович,лейтенант,8,60
Макаров Артём Максимович,капитан,10,39
Попов Дмитрий Олегович,лейтенант,1,21
Фёдоров Евгений Юрьевич,полковник,11,47
Смирнов Степан Михайлович,сержант,5,38
Соколов Юрий Романович,рядовой,3,47
Попов Никита Сергеевич,сержант,10,57
Николаев Степан Кириллович,полковник,4,35
Степанов Роман Романович,майор,6,57
Морозов Дмитрий Максимович,рядовой,3,55
Морозов Егор Алексеевич,капитан,6,44
Морозов Михаил Александрович,рядовой,4,52
Никитин Степан Олегович,прапорщик,7,51
Никитин Сергей Павлович,сержант,5,28
Степанов Иван Ильич,сержант,10,33
Иванов Виктор Михайлович,лейтенант,9,41
Сидоров Виктор Александрович,рядовой,5,39
Степанов Сергей Максимович,сержант,10,32
Смирнов Илья Алексеевич,полковник,3,41
Попов Никита Никитич,рядовой,7,35
Андреев Степан Сергеевич,майор,1,60
Сидоров Михаил Павлович,лейтенант,4,51
Семёнов Михаил Александрович,сержант,4,34
Соколов Евгений Андреевич,лейтенант,6,55
Козлов Михаил Кириллович,капитан,2,55
Борисов Степан Андреевич,лейтенант,7,44
Сидоров Егор Александрович,сержант,4,49
Степанов Максим Александрович,сержант,3,60
Орлов Илья Максимович,майор,3,23
Михайлов Степан Викторович,сержант,9,39
Смирнов Сергей Ильич,прапорщик,8,55
Соловьёв Михаил Алексеевич,сержант,3,31
Орлов Константин Викторович,сержант,5,48
Новиков Андрей Юрьевич,майор,5,41
Андреев Степан Никитич,лейтенант,12,34
Захаров Виктор Викторович,прапорщик,4,54
Васильев Юрий Дмитриевич,рядовой,11,46
Захаров Илья Михайлович,лейтенант,9,42
Орлов Олег Александрович,капитан,7,35
Соколов Андрей Алексеевич,сержант,11,36
Андреев Илья Олегович,полковник,10,43
Смирнов Роман Михайлович,лейтенант,4,45
Алексеев Дмитрий Сергеевич,рядовой,12,22
Петров Константин Михайлович,полковник,6,33
Сидоров Михаил Кириллович,сержант,6,39
Соколов Сергей Никитич,прапорщик,10,58
Смирнов Егор Михайлович,прапорщик,2,21
Кузнецов Александр Дмитриевич,рядовой,11,55
Алексеев Артём Дмитриевич,капитан,12,60
Попов Денис Юрьевич,лейтенант,6,59
Орлов Илья Ильич,прапорщик,1,35
Андреев Константин Алексеевич,майор,3,34
Фёдоров Виктор Кириллович,прапорщик,4,59
Васильев Илья Иванович,прапорщик,11,57
Соловьёв Андрей Олегович,рядовой,11,36
Яковлев Роман Романович,сержант,2,53
Новиков Иван Андреевич,лейтенант,10,29
Борисов Максим Михайлович,капитан,1,43
Орлов Олег Сергеевич,капитан,3,42
Кочергин Денис Сергеевич,полковник,5,30
Семёнов Юрий Сергеевич,сержант,2,42
Захаров Константин Олегович,лейтенант,8,43
Алексеев Александр Алексеевич,сержант,3,47
Иванов Максим Иванович,лейтенант,4,58
Сидоров Матвей Кириллович,полковник,1,51
Соловьёв Михаил Дмитриевич,лейтенант,3,18
Егоров Алексей Павлович,лейтенант,7,25
Николаев Илья Максимович,полковник,3,57
Степанов Артём Алексеевич,рядовой,10,56
Фёдоров Константин Сергеевич,сержант,12,32
Михайлов Кирилл Павлович,капитан,8,49
Никитин Михаил Кириллович,лейтенант,11,60
Захаров Матвей Павлович,рядовой,7,47
Яковлев Максим Викторович,лейтенант,7,59
Козлов Андрей Андреевич,сержант,10,53
Петров Сергей Юрьевич,лейтенант,10,28
Николаев Алексей Александрович,рядовой,3,41
Смирнов Дмитрий Олегович,майор,6,31
Зайцев Кирилл Дмитриевич,сержант,7,60
Никитин Артём Дмитриевич,прапорщик,3,26
Иванов Алексей Михайлович,прапорщик,7,39
Козлов Роман Кириллович,лейтенант,12,41
Кузнецов Матвей Юрьевич,рядовой,8,45
Кочергин Алексей Ильич,рядовой,4,35
Захаров Денис Павлович,рядовой,12,36
Захаров Илья Викторович,прапорщик,1,22
Николаев Михаил Юрьевич,сержант,1,43
Соловьёв Илья Юрьевич,прапорщик,3,56
Павлов Сергей Александрович,полковник,1,52
Лебедев Константин Иванович,капитан,4,55
Макаров Матвей Дмитриевич,прапорщик,7,54
Николаев Артём Ильич,прапорщик,10,31
Новиков Александр Алексеевич,прапорщик,5,41
Кузнецов Степан Иванович,полковник,9,38
Петров Алексей Викторович,рядовой,3,43
Никитин Иван Олегович,прапорщик,1,43
Лебедев Роман Иванович,сержант,1,48
Егоров Степан Павлович,прапорщик,7,41
Смирнов Никита Павлович,рядовой,1,36
Соловьёв Дмитрий Дмитриевич,полковник,7,53
Соколов Илья Олегович,прапорщик,1,39
Петров Дмитрий Иванович,прапорщик,9,32
Соколов Иван Сергеевич,рядовой,5,24
Андреев Алексей Михайлович,полковник,7,24
Лебедев Алексей Сергеевич,сержант,11,51
Новиков Евгений Сергеевич,рядовой,9,28
Павлов Павел Алексеевич,лейтенант,5,24
Васильев Константин Алексеевич,рядовой,12,20
Зайцев Денис Максимович,капитан,10,43
Кочергин Константин Юрьевич,рядовой,9,27
Сидоров Юрий Павлович,рядовой,2,43
Михайлов Никита Олегович,лейтенант,9,58
Иванов Александр Олегович,капитан,8,60
Семёнов Сергей Романович,лейтенант,3,40
Васильев Олег Александрович,прапорщик,6,43
Зайцев Михаил Алексеевич,полковник,5,29
Сидоров Иван Сергеевич,сержант,7,60
Кузнецов Александр Андреевич,сержант,12,54
Егоров Михаил Сергеевич,лейтенант,1,47
Лебедев Сергей Ильич,прапорщик,10,18
Макаров Илья Викторович,прапорщик,3,53
Егоров Максим Ильич,капитан,10,33
Смирнов Михаил Никитич,лейтенант,8,33
Орлов Роман Викторович,рядовой,11,28
Васильев Егор Александрович,рядовой,4,60
Кочергин Дмитрий Иванович,полковник,7,41
Козлов Михаил Александрович,капитан,6,39
Захаров Алексей Олегович,сержант,1,58
Смирнов Максим Иванович,прапорщик,11,19
Павлов Матвей Максимович,лейтенант,9,49
Кузнецов Дмитрий Андреевич,майор,2,57
Кочергин Сергей Дмитриевич,лейтенант,4,59
Кочергин Андрей Романович,рядовой,2,41
Кузнецов Роман Иванович,лейтенант,12,28
Петров Дмитрий Кириллович,сержант,7,44
Егоров Виктор Романович,майор,3,29
Семёнов Дмитрий Ильич,полковник,12,34
Никитин Иван Дмитриевич,майор,3,20
Новиков Никита Ильич,прапорщик,3,34
Иванов Егор Кириллович,капитан,3,48
Иванов Александр Сергеевич,капитан,1,40
Фёдоров Павел Иванович,капитан,8,52
Кузнецов Олег Олегович,рядовой,5,49
Семёнов Юрий Юрьевич,сержант,1,33
Зайцев Кирилл Юрьевич,полковник,12,50
Орлов Виктор Алексеевич,майор,10,56
Иванов Юрий Алексеевич,прапорщик,6,41
Зайцев Дмитрий Олегович,капитан,5,42
Алексеев Дмитрий Андреевич,капитан,4,59
Соколов Константин Алексеевич,майор,3,31
Васильев Степан Юрьевич,майор,5,20
Кочергин Иван Михайлович,капитан,5,53
Иванов Алексей Викторович,сержант,7,18
Зайцев Денис Павлович,майор,3,27
Кузнецов Павел Викторович,прапорщик,7,27
Семёнов Максим Олегович,майор,2,29
Никитин Михаил Андреевич,прапорщик,1,46
Захаров Дмитрий Никитич,полковник,11,55
Соловьёв Павел Олегович,прапорщик,9,47
Макаров Дмитрий Андреевич,майор,10,21
Алексеев Александр Максимович,капитан,8,26
Соколов Иван Ильич,майор,5,26
Морозов Егор Алексеевич,лейтенант,2,51
Зайцев Сергей Максимович,капитан,7,31
Николаев Алексей Максимович,капитан,10,57
Макаров Олег Викторович,майор,1,26
Андреев Евгений Александрович,полковник,10,26
Кузнецов Илья Дмитриевич,прапорщик,10,52
Никитин Олег Ильич,полковник,1,32
Алексеев Михаил Александрович,полковник,2,33
Попов Максим Александрович,сержант,11,22
Петров Денис Сергеевич,прапорщик,2,27
Макаров Иван Олегович,капитан,12,41
Васильев Константин Михайлович,полковник,2,29
Соловьёв Артём Алексеевич,капитан,12,45
Захаров Максим Михайлович,полковник,8,18
Андреев Александр Алексеевич,майор,11,38
Алексеев Евгений Сергеевич,рядовой,9,58
Соловьёв Денис Дмитриевич,прапорщик,7,31
Морозов Дмитрий Ильич,рядовой,4,44
Яковлев Константин Дмитриевич,рядовой,9,24
Кузнецов Илья Викторович,прапорщик,11,28
Фёдоров Егор Сергеевич,полковник,4,45
Орлов Егор Павлович,лейтенант,3,25
Морозов Иван Иванович,капитан,11,44
Павлов Олег Ильич,майор,3,22
Егоров Дмитрий Михайлович,лейтенант,9,59
Попов Виктор Олегович,капитан,10,32
Захаров Матвей Алексеевич,прапорщик,7,39
Козлов Денис Кириллович,капитан,11,32
Иванов Евгений Александрович,майор,11,46
Петров Артём Павлович,сержант,2,41
Морозов Константин Никитич,рядовой,2,54
Борисов Иван Павлович,полковник,10,27
Егоров Павел Юрьевич,полковник,7,19
Попов Александр Алексеевич,майор,1,18
Попов Максим Александрович,полковник,2,28
Семёнов Никита Сергеевич,майор,5,43
Яковлев Денис Павлович,майор,1,23
Никитин Кирилл Андреевич,лейтенант,11,56
Кочергин Матвей Олегович,сержант,10,37
Павлов Олег Кириллович,лейтенант,11,43
Морозов Александр Кириллович,рядовой,4,39
Фёдоров Матвей Олегович,рядовой,3,19
Лебедев Виктор Юрьевич,капитан,5,38
Соловьёв Егор Викторович,лейтенант,7,39
Андреев Кирилл Викторович,сержант,2,58
Петров Никита Андреевич,майор,11,18
Соколов Иван Никитич,рядовой,7,52
Егоров Михаил Олегович,сержант,5,41
Попов Дмитрий Романович,лейтенант,11,37
Петров Роман Михайлович,рядовой,1,24
Морозов Егор Сергеевич,полковник,5,45
Андреев Матвей Алексеевич,сержант,1,44
Степанов Алексей Сергеевич,лейтенант,10,24
Лебедев Никита Иванович,майор,7,20
Петров Сергей Дмитриевич,лейтенант,2,22
Захаров Александр Кириллович,полковник,5,25
Кузнецов Никита Михайлович,майор,6,26
Сидоров Михаил Викторович,рядовой,10,23
Морозов Кирилл Кириллович,полковник,10,23
Павлов Сергей Олегович,майор,4,21
Орлов Алексей Александрович,рядовой,11,40
Сидоров Виктор Викторович,полковник,11,33
Соколов Илья Максимович,полковник,2,20
Михайлов Михаил Юрьевич,полковник,8,36
Захаров Алексей Александрович,капитан,1,45
Кочергин Андрей Иванович,лейтенант,10,50
Михайлов Александр Сергеевич,полковник,12,27
Смирнов Дмитрий Сергеевич,полковник,4,33
Иванов Сергей Михайлович,рядовой,6,44
Андреев Илья Максимович,прапорщик,11,52
Фёдоров Денис Павлович,капитан,3,27
Семёнов Степан Кириллович,сержант,11,56
Кочергин Иван Викторович,прапорщик,9,56
Сидоров Егор Юрьевич,капитан,10,35
Фёдоров Виктор Олегович,полковник,7,58
Яковлев Александр Викторович,сержант,12,60
Кочергин Роман Романович,полковник,9,27
Орлов Александр Романович,лейтенант,2,53
Козлов Дмитрий Кириллович,сержант,11,51
Кузнецов Роман Ильич,прапорщик,10,59
Алексеев Юрий Андреевич,капитан,2,40
Васильев Виктор Андреевич,прапорщик,12,51
Яковлев Кирилл Никитич,капитан,2,38
Егоров Евгений Дмитриевич,прапорщик,11,57
Кочергин Алексей Юрьевич,сержант,11,47
Николаев Роман Романович,сержант,4,38
Васильев Никита Алексеевич,капитан,4,46
Яковлев Виктор Ильич,майор,10,22
Захаров Степан Юрьевич,майор,1,22
Орлов Денис Александрович,лейтенант,3,18
Захаров Евгений Дмитриевич,капитан,8,22
Фёдоров Павел Викторович,полковник,12,31
Кочергин Егор Романович,сержант,9,39
Соловьёв Виктор Олегович,капитан,5,50
Морозов Андрей Андреевич,прапорщик,11,28
Семёнов Дмитрий Иванович,сержант,11,30
Михайлов Олег Максимович,рядовой,9,37
Кузнецов Иван Иванович,лейтенант,12,44
Козлов Роман Максимович,рядовой,10,19
Яковлев Виктор Романович,сержант,4,39
Яковлев Евгений Александрович,капитан,2,40
Егоров Павел Никитич,капитан,9,57
Павлов Андрей Сергеевич,лейтенант,3,22
Кузнецов Олег Никитич,майор,6,47
Попов Иван Никитич,капитан,10,32
Павлов Юрий Михайлович,лейтенант,10,27
Соловьёв Илья Олегович,полковник,12,25
Борисов Илья Александрович,полковник,10,59
Васильев Павел Олегович,сержант,6,23
Новиков Роман Сергеевич,полковник,8,39
Козлов Алексей Андреевич,полковник,10,41
Сидоров Матвей Иванович,полковник,11,24
Смирнов Матвей Юрьевич,майор,2,60
Борисов Илья Сергеевич,майор,2,19
Орлов Константин Александрович,рядовой,1,51
Васильев Максим Андреевич,капитан,12,51
Иванов Юрий Викторович,лейтенант,11,46
Сидоров Юрий Алексеевич,прапорщик,12,25
Орлов Константин Никитич,майор,6,47
Зайцев Никита Михайлович,капитан,6,55
Зайцев Егор Алексеевич,майор,1,44
Макаров Дмитрий Михайлович,майор,11,50
Лебедев Алексей Романович,прапорщик,11,19
Андреев Евгений Олегович,прапорщик,1,41
Семёнов Дмитрий Ильич,полковник,6,58
Борисов Роман Викторович,полковник,3,23
Михайлов Юрий Кириллович,капитан,8,26
Попов Дмитрий Андреевич,майор,3,43
Орлов Сергей Сергеевич,сержант,12,45
Михайлов Алексей Олегович,капитан,7,38
Яковлев Никита Алексеевич,лейтенант,11,33
Смирнов Илья Юрьевич,лейтенант,7,23
Лебедев Константин Романович,майор,4,39
Соловьёв Константин Сергеевич,капитан,6,24
Соловьёв Дмитрий Алексеевич,лейтенант,4,57
Михайлов Артём Максимович,полковник,8,47
Николаев Константин Алексеевич,прапорщик,4,33
Захаров Степан Александрович,прапорщик,11,42
Новиков Александр Романович,полковник,9,23
Павлов Юрий Максимович,капитан,12,32
Иванов Олег Андреевич,капитан,12,19
Соловьёв Денис Иванович,сержант,12,28
Смирнов Андрей Александрович,лейтенант,8,53
Кузнецов Роман Никитич,рядовой,9,31
Захаров Виктор Иванович,сержант,12,38
Алексеев Андрей Дмитриевич,прапорщик,8,28
Степанов Виктор Алексеевич,майор,12,36
Егоров Алексей Сергеевич,майор,8,31
Попов Максим Павлович,лейтенант,5,58
Егоров Юрий Кириллович,полковник,2,57
Соловьёв Иван Олегович,рядовой,2,41
Андреев Кирилл Дмитриевич,прапорщик,2,29
Макаров Юрий Алексеевич,прапорщик,2,40
Кузнецов Никита Михайлович,полковник,2,43
Морозов Константин Максимович,прапорщик,4,41
Зайцев Дмитрий Александрович,лейтенант,12,29
Андреев Денис Иванович,прапорщик,3,22
Морозов Степан Павлович,лейтенант,8,49
Новиков Константин Андреевич,прапорщик,4,34
Никитин Денис Юрьевич,лейтенант,11,50
Соколов Илья Олегович,рядовой,6,22
Егоров Денис Максимович,полковник,4,26
Яковлев Егор Андреевич,сержант,6,19
Кочергин Степан Олегович,капитан,12,51
Орлов Александр Иванович,прапорщик,4,44
Зайцев Александр Александрович,майор,3,25
Козлов Алексей Викторович,сержант,12,46
Яковлев Алексей Ильич,лейтенант,2,40
Андреев Виктор Кириллович,капитан,1,40
Фёдоров Олег Никитич,полковник,9,23
Михайлов Олег Ильич,майор,6,47
Фёдоров Роман Юрьевич,прапорщик,1,54
Новиков Роман Романович,капитан,11,42
Орлов Артём Андреевич,лейтенант,9,33
Соловьёв Иван Михайлович,рядовой,6,30
Соколов Александр Михайлович,капитан,10,26
Соколов Максим Олегович,сержант,5,31
Яковлев Сергей Романович,лейтенант,12,26
Егоров Олег Александрович,рядовой,10,21
Орлов Михаил Павлович,рядовой,11,55
Петров Евгений Юрьевич,лейтенант,1,33
Андреев Александр Александрович,майор,11,50
Лебедев Роман Юрьевич,прапорщик,2,24
Яковлев Сергей Кириллович,капитан,6,35
Семёнов Денис Андреевич,лейтенант,10,29
Лебедев Иван Кириллович,сержант,2,26
Смирнов Степан Никитич,лейтенант,7,27
Попов Степан Олегович,полковник,9,46
Лебедев Александр Викторович,майор,11,58
Соколов Михаил Ильич,прапорщик,11,34
Андреев Степан Павлович,лейтенант,12,29
Семёнов Алексей Сергеевич,майор,6,26
Степанов Егор Алексеевич,полковник,4,45
Борисов Михаил Максимович,лейтенант,1,47
Семёнов Олег Кириллович,капитан,7,33
Егоров Иван Ильич,полковник,11,18
Лебедев Алексей Максимович,лейтенант,1,58
Соловьёв Максим Александрович,сержант,4,22
Новиков Олег Дмитриевич,рядовой,6,42
Кузнецов Никита Кириллович,рядовой,11,29
Алексеев Денис Максимович,сержант,6,59
Соколов Иван Олегович,капитан,4,36
Михайлов Константин Михайлович,майор,12,41
Никитин Александр Максимович,лейтенант,5,55
Захаров Сергей Андреевич,сержант,7,44
Петров Степан Максимович,майор,4,37
Андреев Кирилл Олегович,майор,6,55
Егоров Олег Андреевич,прапорщик,10,29
Соловьёв Александр Викторович,сержант,9,55
Козлов Олег Романович,капитан,9,37
Попов Александр Ильич,прапорщик,1,51
Николаев Павел Иванович,капитан,8,26
Васильев Денис Никитич,полковник,5,31
Смирнов Иван Романович,полковник,7,37
Попов Олег Юрьевич,капитан,1,30
Попов Степан Никитич,прапорщик,5,39
Васильев Илья Ильич,полковник,6,44
Иванов Максим Александрович,прапорщик,7,29
Зайцев Иван Олегович,капитан,7,53
Захаров Егор Олегович,капитан,8,22
Зайцев Евгений Сергеевич,прапорщик,3,25
Козлов Виктор Викторович,полковник,4,39
Захаров Дмитрий Юрьевич,лейтенант,8,40
Борисов Роман Павлович,капитан,7,19
Смирнов Павел Максимович,капитан,12,54
Новиков Денис Никитич,майор,11,26
Смирнов Юрий Ильич,рядовой,4,27
Андреев Павел Андреевич,сержант,9,37
Кузнецов Андрей Кириллович,капитан,7,27
Макаров Илья Андреевич,майор,10,51
Лебедев Евгений Кириллович,прапорщик,5,28
Новиков Кирилл Олегович,лейтенант,1,45
Захаров Матвей Андреевич,сержант,7,18
Зайцев Евгений Викторович,полковник,4,54
Никитин Александр Викторович,полковник,7,33
Новиков Евгений Дмитриевич,майор,6,59
Петров Кирилл Максимович,полковник,8,57
Морозов Артём Олегович,лейтенант,4,60
Андреев Александр Иванович,капитан,10,32
Захаров Алексей Ильич,майор,11,20
Васильев Степан Романович,полковник,3,19
Морозов Олег Сергеевич,рядовой,3,50
Захаров Матвей Михайлович,сержант,10,42
Борисов Максим Романович,майор,10,57
Макаров Максим Ильич,лейтенант,9,57
Николаев Сергей Иванович,лейтенант,11,34
Лебедев Егор Олегович,рядовой,7,56
Соловьёв Дмитрий Олегович,прапорщик,10,54
Семёнов Юрий Никитич,капитан,5,42
Сидоров Михаил Олегович,полковник,10,39
Смирнов Егор Андреевич,полковник,9,36
Иванов Павел Андреевич,лейтенант,6,43
Андреев Александр Максимович,капитан,6,46
Макаров Никита Александрович,капитан,1,22
Петров Алексей Романович,полковник,7,57
Кочергин Сергей Кириллович,полковник,11,20
Никитин Егор Юрьевич,рядовой,12,56
Васильев Никита Сергеевич,прапорщик,3,22
Алексеев Дмитрий Ильич,капитан,2,39
Морозов Роман Иванович,полковник,11,30
Лебедев Иван Сергеевич,прапорщик,7,22
Попов Егор Андреевич,лейтенант,3,55
Соловьёв Константин Никитич,рядовой,6,53
Зайцев Олег Максимович,майор,11,45
Морозов Михаил Ильич,рядовой,7,40
Попов Дмитрий Никитич,прапорщик,9,42
Кочергин Денис Александрович,майор,12,23
Сидоров Павел Дмитриевич,лейтенант,1,30
Соколов Александр Кириллович,сержант,8,58
Васильев Павел Александрович,майор,3,29
Зайцев Никита Александрович,капитан,9,48
Попов Кирилл Ильич,полковник,6,29
Макаров Алексей Дмитриевич,рядовой,2,51
Иванов Никита Романович,капитан,3,36
Никитин Денис Дмитриевич,лейтенант,1,25
Яковлев Денис Андреевич,лейтенант,1,48
Сидоров Артём Павлович,лейтенант,10,26
Семёнов Максим Никитич,сержант,5,42
Лебедев Евгений Максимович,прапорщик,7,23
Новиков Денис Кириллович,лейтенант,3,41
Макаров Артём Викторович,рядовой,7,44
Никитин Олег Никитич,сержант,1,38
Андреев Илья Кириллович,рядовой,11,25
Николаев Михаил Кириллович,прапорщик,1,19
Семёнов Константин Никитич,капитан,3,39
Новиков Олег Сергеевич,лейтенант,5,21
Семёнов Степан Кириллович,полковник,9,43
Смирнов Кирилл Сергеевич,капитан,4,54
Андреев Павел Сергеевич,лейтенант,5,30
Борисов Михаил Максимович,сержант,2,47
Петров Илья Михайлович,полковник,11,27
Степанов Илья Ильич,лейтенант,12,37
Павлов Артём Викторович,полковник,6,49
Егоров Константин Андреевич,майор,5,48
Васильев Олег Иванович,сержант,12,31
Лебедев Степан Андреевич,майор,4,32
Новиков Евгений Викторович,рядовой,10,25
Андреев Степан Олегович,сержант,1,32
Степанов Павел Сергеевич,капитан,1,28
Макаров Алексей Андреевич,сержант,1,21
Никитин Кирилл Михайлович,сержант,8,20
Кузнецов Михаил Викторович,прапорщик,10,22
Николаев Денис Кириллович,майор,10,55
Захаров Юрий Максимович,капитан,9,34
Новиков Павел Кириллович,прапорщик,6,41
Новиков Егор Михайлович,капитан,10,54
Михайлов Роман Иванович,майор,8,52
Борисов Максим Алексеевич,рядовой,11,33
Фёдоров Артём Иванович,полковник,4,22
Захаров Сергей Олегович,майор,12,51
Фёдоров Виктор Иванович,лейтенант,5,21
Петров Павел Романович,прапорщик,2,30
Захаров Андрей Никитич,лейтенант,10,25
Борисов Денис Романович,полковник,12,23
Козлов Виктор Дмитриевич,лейтенант,2,18
Егоров Дмитрий Максимович,капитан,12,41
Степанов Олег Михайлович,капитан,4,56
Лебедев Сергей Иванович,майор,4,25
Макаров Максим Юрьевич,полковник,9,56
Соколов Никита Иванович,капитан,8,23
Алексеев Матвей Викторович,сержант,3,22
Яковлев Олег Михайлович,прапорщик,11,55
Яковлев Андрей Романович,полковник,4,43
Яковлев Алексей Дмитриевич,рядовой,11,22
Михайлов Михаил Максимович,майор,6,18
Соколов Андрей Алексеевич,лейтенант,6,48
Иванов Павел Алексеевич,майор,9,19
Зайцев Евгений Никитич,майор,6,43
Макаров Роман Кириллович,капитан,10,49
Новиков Алексей Юрьевич,рядовой,10,54
Егоров Виктор Алексеевич,капитан,5,28
Захаров Константин Сергеевич,полковник,2,35
Зайцев Илья Викторович,сержант,7,28
Лебедев Никита Ильич,прапорщик,11,32
Яковлев Андрей Максимович,капитан,12,43
Морозов Александр Михайлович,майор,1,49
Соколов Евгений Максимович,сержант,2,25
Степанов Матвей Сергеевич,майор,10,26
Зайцев Иван Алексеевич,полковник,9,48
Зайцев Денис Андреевич,полковник,6,36
Яковлев Денис Алексеевич,лейтенант,2,47
Морозов Алексей Иванович,сержант,11,30
Морозов Роман Андреевич,рядовой,5,27
Захаров Илья Андреевич,майор,10,48
Новиков Артём Александрович,полковник,6,52
Алексеев Виктор Павлович,прапорщик,8,32
Васильев Максим Дмитриевич,лейтенант,11,40
Фёдоров Алексей Павлович,рядовой,3,20
Васильев Артём Олегович,капитан,6,53
Орлов Юрий Андреевич,майор,3,24
Андреев Дмитрий Ильич,лейтенант,6,54
Алексеев Егор Дмитриевич,полковник,8,29
Яковлев Денис Олегович,полковник,4,59
Макаров Матвей Павлович,капитан,1,33
Борисов Егор Михайлович,лейтенант,12,23
Кочергин Степан Никитич,полковник,7,20
Степанов Алексей Михайлович,капитан,5,22
Смирнов Виктор Романович,лейтенант,12,53
Кочергин Виктор Романович,рядовой,8,48
Андреев Максим Сергеевич,прапорщик,1,51
Андреев Юрий Михайлович,лейтенант,6,38
Кочергин Сергей Максимович,сержант,7,24
Егоров Евгений Сергеевич,прапорщик,10,36
Кузнецов Олег Андреевич,капитан,8,36
Захаров Юрий Романович,сержант,2,40
Семёнов Алексей Иванович,капитан,2,18
Смирнов Павел Никитич,майор,6,42
Кочергин Максим Михайлович,полковник,6,36
Соловьёв Александр Алексеевич,капитан,1,51
Новиков Андрей Павлович,прапорщик,1,51
Егоров Андрей Дмитриевич,капитан,4,60
Макаров Илья Алексеевич,майор,7,38
Петров Михаил Никитич,капитан,8,31
Захаров Егор Алексеевич,сержант,6,21
Никитин Виктор Романович,майор,4,37
Кочергин Иван Павлович,лейтенант,7,43
Орлов Никита Викторович,капитан,12,54
Смирнов Артём Алексеевич,лейтенант,7,37
Николаев Алексей Михайлович,лейтенант,2,47
Смирнов Павел Андреевич,рядовой,4,51
Петров Павел Викторович,рядовой,9,31
Петров Максим Андреевич,прапорщик,6,32
Васильев Илья Дмитриевич,майор,10,26
Кочергин Евгений Сергеевич,полковник,1,44
Васильев Максим Андреевич,капитан,3,59
Лебедев Егор Ильич,рядовой,10,51
Захаров Илья Никитич,сержант,3,21
Никитин Кирилл Александрович,полковник,8,44
Михайлов Юрий Ильич,сержант,3,47
Иванов Юрий Кириллович,капитан,5,21
Зайцев Константин Павлович,полковник,2,34
Степанов Алексей Андреевич,полковник,9,55
Семёнов Матвей Михайлович,майор,2,29
Николаев Олег Павлович,рядовой,10,30
Степанов Олег Дмитриевич,майор,7,46
Сидоров Максим Андреевич,лейтенант,1,46
Михайлов Роман Сергеевич,майор,2,60
Егоров Роман Никитич,рядовой,8,25
Зайцев Константин Алексеевич,лейтенант,4,53
Новиков Илья Михайлович,капитан,5,45
Сидоров Александр Викторович,лейтенант,6,21
Иванов Дмитрий Александрович,рядовой,2,19
Сидоров Денис Михайлович,рядовой,1,60
Борисов Матвей Андреевич,полковник,11,22
Макаров Матвей Максимович,прапорщик,1,22
Новиков Максим Максимович,прапорщик,11,41
Лебедев Иван Сергеевич,лейтенант,6,56
Никитин Андрей Ильич,прапорщик,11,56
Козлов Сергей Юрьевич,прапорщик,5,26
Яковлев Артём Иванович,рядовой,7,39
Лебедев Виктор Иванович,майор,2,18
Михайлов Сергей Алексеевич,капитан,7,38
Николаев Степан Максимович,полковник,6,21
Новиков Степан Никитич,прапорщик,2,55
Павлов Иван Никитич,капитан,4,29
Борисов Роман Александрович,капитан,3,20
Попов Александр Романович,майор,11,43
Захаров Юрий Юрьевич,полковник,10,19
Степанов Павел Андреевич,прапорщик,8,31
Семёнов Дмитрий Сергеевич,прапорщик,9,37
Алексеев Максим Алексеевич,полковник,4,32
Зайцев Юрий Андреевич,лейтенант,2,49
Никитин Денис Алексеевич,полковник,1,58
Павлов Артём Дмитриевич,рядовой,10,19
Николаев Павел Иванович,майор,1,33
Егоров Илья Максимович,капитан,4,22
Алексеев Максим Александрович,майор,6,55
Сидоров Юрий Викторович,рядовой,12,23
Михайлов Евгений Ильич,лейтенант,12,57
Новиков Олег Ильич,капитан,5,34
Андреев Андрей Сергеевич,сержант,11,51
Сидоров Артём Дмитриевич,сержант,12,31
Яковлев Павел Дмитриевич,прапорщик,5,51
Морозов Михаил Олегович,капитан,5,50
Николаев Роман Никитич,сержант,9,24
Яковлев Павел Юрьевич,лейтенант,2,54
Захаров Алексей Дмитриевич,рядовой,6,21
Фёдоров Илья Никитич,лейтенант,9,37
Николаев Иван Дмитриевич,полковник,10,34
Козлов Иван Романович,лейтенант,10,36
Орлов Виктор Сергеевич,сержант,10,51
Захаров Юрий Романович,рядовой,9,22
Яковлев Степан Олегович,прапорщик,11,54
Степанов Кирилл Никитич,майор,1,18
Михайлов Кирилл Викторович,капитан,6,33
Никитин Юрий Алексеевич,рядовой,2,34
Николаев Михаил Максимович,полковник,4,56
Николаев Алексей Михайлович,лейтенант,4,23
Зайцев Андрей Андреевич,прапорщик,8,39
Алексеев Константин Александрович,майор,7,28
Орлов Евгений Никитич,прапорщик,9,60
Зайцев Кирилл Юрьевич,полковник,1,57
Захаров Никита Андреевич,прапорщик,7,38
Семёнов Андрей Павлович,полковник,6,52
Смирнов Матвей Ильич,майор,4,41
Павлов Сергей Павлович,капитан,4,20
Андреев Степан Романович,прапорщик,6,50
Кочергин Матвей Дмитриевич,прапорщик,5,23
Макаров Андрей Сергеевич,сержант,8,21
Егоров Матвей Сергеевич,майор,12,35
Кочергин Виктор Максимович,рядовой,10,37
Михайлов Виктор Юрьевич,сержант,12,33
Алексеев Максим Иванович,полковник,3,24
Степанов Виктор Иванович,прапорщик,9,36
Морозов Евгений Павлович,капитан,4,47
Сидоров Максим Андреевич,сержант,5,21
Козлов Степан Михайлович,рядовой,11,44
Соловьёв Максим Михайлович,прапорщик,9,36
Петров Олег Романович,полковник,2,42
Захаров Юрий Романович,сержант,2,47
Петров Константин Олегович,прапорщик,7,46
Лебедев Павел Ильич,капитан,3,58
Степанов Денис Никитич,полковник,1,39
Яковлев Андрей Кириллович,капитан,11,50
Кузнецов Андрей Максимович,прапорщик,10,47
Семёнов Константин Ильич,капитан,3,28
Зайцев Олег Дмитриевич,майор,12,46
Соколов Максим Алексеевич,сержант,5,34
Захаров Андрей Алексеевич,полковник,12,56
Андреев Александр Иванович,сержант,6,38
Соловьёв Роман Павлович,сержант,4,55
Павлов Иван Юрьевич,лейтенант,2,36
Андреев Илья Дмитриевич,рядовой,12,41
Кочергин Юрий Алексеевич,прапорщик,3,33
Иванов Иван Максимович,майор,8,28
Фёдоров Иван Олегович,рядовой,1,51
Соколов Егор Юрьевич,полковник,1,34
Зайцев Кирилл Павлович,прапорщик,1,31
Семёнов Константин Павлович,лейтенант,8,60
Новиков Виктор Викторович,капитан,7,50
Алексеев Олег Андреевич,капитан,5,23
Фёдоров Степан Максимович,полковник,3,43
Иванов Максим Михайлович,капитан,12,38
Лебедев Андрей Олегович,прапорщик,9,29
Михайлов Максим Сергеевич,капитан,8,30
Павлов Павел Максимович,рядовой,1,23
Алексеев Илья Иванович,лейтенант,2,35
Петров Матвей Иванович,майор,10,21
Степанов Кирилл Александрович,майор,11,40
Захаров Иван Олегович,рядовой,6,51
Новиков Степан Михайлович,лейтенант,5,27
Кочергин Иван Иванович,полковник,4,52
Алексеев Егор Юрьевич,майор,9,49
Козлов Денис Никитич,сержант,3,22
Зайцев Дмитрий Павлович,майор,6,48
Семёнов Олег Михайлович,сержант,6,36
Васильев Олег Ильич,сержант,10,35
Попов Олег Андреевич,лейтенант,8,46
Соловьёв Максим Викторович,сержант,8,23
Борисов Матвей Михайлович,полковник,4,58
Орлов Матвей Ильич,капитан,1,18
Захаров Роман Андреевич,майор,7,46
Лебедев Илья Максимович,прапорщик,6,51
Кузнецов Сергей Никитич,рядовой,5,31
Николаев Степан Викторович,прапорщик,5,37
Козлов Алексей Андреевич,рядовой,1,52
Борисов Степан Ильич,майор,4,40
Николаев Илья Александрович,прапорщик,7,38
Макаров Олег Олегович,майор,2,25
Лебедев Виктор Андреевич,лейтенант,12,40
Сидоров Алексей Ильич,лейтенант,4,57
Фёдоров Матвей Романович,майор,4,60
Васильев Сергей Кириллович,лейтенант,10,19
Никитин Никита Андреевич,майор,11,35
Новиков Иван Андреевич,капитан,12,43
Новиков Иван Юрьевич,полковник,12,55
Сидоров Степан Никитич,капитан,4,24
Захаров Степан Ильич,полковник,9,45
Васильев Иван Викторович,прапорщик,6,40
Захаров Виктор Ильич,сержант,1,51
Сидоров Егор Михайлович,лейтенант,1,21
Никитин Евгений Дмитриевич,лейтенант,4,49
Смирнов Виктор Юрьевич,рядовой,9,34
Соловьёв Андрей Ильич,лейтенант,5,25
Соколов Евгений Максимович,рядовой,7,51
Новиков Сергей Юрьевич,капитан,10,60
Лебедев Павел Ильич,рядовой,8,24
Андреев Денис Алексеевич,капитан,10,27
Яковлев Роман Алексеевич,сержант,5,33
Фёдоров Михаил Викторович,полковник,9,42
Павлов Павел Сергеевич,майор,8,43
Алексеев Денис Александрович,полковник,10,54
Соловьёв Павел Дмитриевич,капитан,2,52
Михайлов Артём Сергеевич,лейтенант,2,54
Новиков Олег Максимович,рядовой,8,49
Лебедев Артём Сергеевич,майор,6,39
Иванов Роман Алексеевич,сержант,8,35
Андреев Константин Александрович,рядовой,12,20
Фёдоров Матвей Павлович,полковник,10,33
Яковлев Евгений Ильич,лейтенант,12,21
Козлов Юрий Ильич,прапорщик,6,28
Иванов Степан Сергеевич,прапорщик,6,50
Сидоров Егор Дмитриевич,лейтенант,10,29
Иванов Дмитрий Романович,майор,11,25
Андреев Алексей Павлович,полковник,6,30
Попов Илья Александрович,полковник,3,32
Павлов Матвей Андреевич,рядовой,3,49
Иванов Егор Михайлович,рядовой,4,50
Орлов Максим Михайлович,прапорщик,7,31
Никитин Матвей Юрьевич,капитан,2,49
Новиков Дмитрий Кириллович,лейтенант,9,44
Андреев Матвей Павлович,прапорщик,2,42
Кузнецов Степан Павлович,капитан,8,43
Соловьёв Степан Алексеевич,полковник,12,53
Андреев Александр Иванович,капитан,7,19
Петров Виктор Максимович,полковник,3,55
Морозов Михаил Иванович,сержант,9,38
Яковлев Сергей Сергеевич,лейтенант,4,45
Соловьёв Денис Сергеевич,рядовой,9,37
Макаров Андрей Романович,капитан,8,58
Егоров Денис Михайлович,майор,2,57
Орлов Юрий Павлович,майор,10,56
Козлов Максим Ильич,прапорщик,3,27
Васильев Олег Александрович,сержант,8,42
Борисов Степан Алексеевич,полковник,5,51
Соколов Никита Максимович,полковник,9,53
Зайцев Роман Никитич,полковник,7,29
Степанов Михаил Олегович,майор,8,26
Фёдоров Андрей Алексеевич,сержант,11,45
Васильев Степан Дмитриевич,лейтенант,4,25
Степанов Андрей Никитич,прапорщик,9,37
Степанов Александр Юрьевич,полковник,11,21
Кочергин Павел Юрьевич,прапорщик,7,28
Морозов Максим Павлович,капитан,4,23
Кузнецов Максим Александрович,лейтенант,5,37
Смирнов Артём Максимович,прапорщик,1,31
Лебедев Егор Александрович,полковник,6,35
Борисов Михаил Романович,капитан,10,50
Соловьёв Сергей Дмитриевич,майор,4,41
Соловьёв Михаил Юрьевич,капитан,10,50
Борисов Артём Романович,лейтенант,8,18
Никитин Алексей Кириллович,полковник,7,44
Петров Виктор Максимович,прапорщик,6,35
Егоров Дмитрий Павлович,прапорщик,7,43
Алексеев Олег Дмитриевич,лейтенант,9,18
Михайлов Кирилл Романович,рядовой,2,46
Кочергин Александр Максимович,майор,11,47
Михайлов Дмитрий Никитич,рядовой,12,27
Семёнов Кирилл Сергеевич,лейтенант,5,39
Никитин Степан Ильич,полковник,1,55
Кузнецов Егор Павлович,рядовой,8,32
Смирнов Денис Никитич,лейтенант,4,19
Степанов Артём Александрович,прапорщик,4,22
Орлов Иван Александрович,сержант,8,24
Павлов Егор Дмитриевич,лейтенант,3,33
Степанов Олег Ильич,полковник,11,59
Егоров Иван Михайлович,капитан,2,60
Соловьёв Артём Максимович,лейтенант,10,43
Никитин Артём Никитич,лейтенант,3,45
Иванов Кирилл Сергеевич,капитан,12,31
Соколов Кирилл Викторович,сержант,6,43
Сидоров Егор Викторович,лейтенант,1,43
Попов Кирилл Юрьевич,лейтенант,10,33
Никитин Олег Александрович,полковник,4,36
Морозов Константин Михайлович,лейтенант,1,42
Николаев Илья Сергеевич,лейтенант,2,57
Орлов Денис Сергеевич,сержант,11,38
Новиков Денис Алексеевич,сержант,8,60
Попов Александр Сергеевич,полковник,7,25
Иванов Олег Алексеевич,рядовой,11,51
Борисов Егор Александрович,прапорщик,7,26
Морозов Павел Романович,полковник,9,57
Макаров Евгений Юрьевич,полковник,9,32
Морозов Роман Кириллович,прапорщик,10,26
Павлов Алексей Олегович,прапорщик,10,45
Макаров Андрей Никитич,полковник,6,41
Морозов Сергей Михайлович,майор,3,40
Лебедев Павел Романович,рядовой,5,43
Лебедев Кирилл Викторович,сержант,3,34
Зайцев Виктор Юрьевич,лейтенант,4,55
Морозов Юрий Ильич,рядовой,2,26
Павлов Илья Александрович,полковник,6,44
Кузнецов Иван Романович,капитан,7,24
Васильев Михаил Александрович,полковник,6,58
Павлов Андрей Романович,полковник,2,29
Егоров Виктор Иванович,сержант,7,29
Сидоров Евгений Олегович,майор,2,56
Попов Илья Иванович,прапорщик,8,23
Петров Олег Сергеевич,лейтенант,6,37
Зайцев Артём Олегович,майор,7,40
Иванов Денис Алексеевич,майор,6,58
Лебедев Максим Кириллович,прапорщик,9,25
Кочергин Матвей Викторович,лейтенант,12,21
Зайцев Максим Никитич,рядовой,5,54
Соколов Кирилл Иванович,сержант,2,59
Козлов Артём Никитич,прапорщик,8,47
Зайцев Дмитрий Андреевич,капитан,10,43
Лебедев Матвей Олегович,прапорщик,8,32
Орлов Степан Сергеевич,сержант,2,33
Борисов Олег Максимович,капитан,7,37
Кузнецов Иван Андреевич,сержант,4,32
Степанов Никита Александрович,лейтенант,1,56
Степанов Денис Иванович,капитан,5,56
Андреев Михаил Михайлович,рядовой,5,35
Попов Егор Александрович,полковник,4,27
Захаров Максим Алексеевич,рядовой,1,59
Фёдоров Михаил Романович,капитан,4,28
Яковлев Юрий Юрьевич,майор,6,27
Лебедев Максим Дмитриевич,капитан,10,28
Яковлев Егор Юрьевич,сержант,6,51
Михайлов Матвей Андреевич,капитан,3,39
Соколов Максим Романович,полковник,1,44
Зайцев Павел Андреевич,прапорщик,6,42
Иванов Олег Дмитриевич,полковник,10,44
Смирнов Виктор Максимович,капитан,8,45
Васильев Михаил Романович,рядовой,9,47
Степанов Степан Олегович,рядовой,4,25
Михайлов Михаил Викторович,майор,11,29
Васильев Олег Олегович,майор,11,20
Петров Сергей Ильич,прапорщик,1,25
Соколов Алексей Александрович,прапорщик,9,52
Смирнов Матвей Романович,сержант,9,40
Смирнов Сергей Сергеевич,лейтенант,6,19
Егоров Максим Викторович,лейтенант,7,44
Никитин Сергей Иванович,майор,6,46
Семёнов Михаил Дмитриевич,майор,9,54
Смирнов Роман Максимович,капитан,6,44
Козлов Евгений Кириллович,майор,11,19
Фёдоров Павел Андреевич,сержант,2,39
Алексеев Юрий Юрьевич,майор,10,52
Алексеев Сергей Павлович,рядовой,3,48
Лебедев Никита Михайлович,майор,8,43
Смирнов Дмитрий Александрович,лейтенант,6,34
Егоров Егор Михайлович,полковник,1,34
Михайлов Михаил Михайлович,рядовой,11,34
Михайлов Сергей Александрович,капитан,10,50
Сидоров Никита Алексеевич,лейтенант,12,21
Орлов Максим Алексеевич,майор,8,52
Николаев Кирилл Олегович,капитан,12,20
Зайцев Никита Максимович,майор,1,26
Козлов Кирилл Викторович,майор,7,32
Васильев Кирилл Александрович,майор,9,32
Павлов Степан Юрьевич,сержант,3,37
Соколов Максим Дмитриевич,полковник,2,18
Иванов Сергей Андреевич,прапорщик,4,40
Борисов Сергей Иванович,капитан,7,47
Никитин Михаил Ильич,капитан,12,53
Кочергин Сергей Александрович,лейтенант,1,30
Петров Илья Викторович,капитан,10,48
Смирнов Иван Сергеевич,прапорщик,3,32
Никитин Матвей Олегович,прапорщик,8,36
Соловьёв Кирилл Александрович,прапорщик,7,19
Фёдоров Виктор Никитич,рядовой,12,18
Николаев Андрей Михайлович,сержант,11,49
Кочергин Александр Олегович,рядовой,8,58
Соколов Константин Михайлович,майор,7,22
Козлов Павел Максимович,рядовой,1,39
Никитин Степан Ильич,капитан,11,31
Кочергин Александр Никитич,майор,7,19
Никитин Евгений Андреевич,прапорщик,8,28
Сидоров Михаил Андреевич,сержант,11,18
Захаров Сергей Дмитриевич,капитан,8,24
