fullName,rank,companyNumber,age
Николаев Константин Юрьевич,лейтенант,10,51
Семёнов Олег Кириллович,майор,2,30
Лебедев Павел Викторович,майор,2,44
Кочергин Константин Никитич,рядовой,7,42
Смирнов Андрей Ильич,лейтенант,5,21
Семёнов Денис Михайлович,сержант,4,29
Никитин Никита Олегович,сержант,4,50
Орлов Павел Никитич,капитан,10,25
Степанов Иван Александрович,рядовой,12,34
Попов Егор Андреевич,рядовой,4,47
Петров Евгений Викторович,полковник,9,28
Смирнов Максим Олегович,рядовой,3,60
Орлов Виктор Александрович,майор,11,58
Михайлов Сергей Максимович,сержант,6,57
Козлов Евгений Викторович,сержант,2,23
Лебедев Александр Никитич,майор,9,19
Зайцев Максим Павлович,прапорщик,5,52
Кузнецов Алексей Сергеевич,лейтенант,6,51
Егоров Илья Викторович,капитан,6,46
Яковлев Александр Алексеевич,рядовой,1,34
Павлов Дмитрий Олегович,лейтенант,6,48
Орлов Максим Алексеевич,полковник,4,42
Козлов Максим Никитич,капитан,7,23
Никитин Олег Максимович,сержант,9,49
Орлов Павел Михайлович,полковник,3,56
Орлов Егор Андреевич,лейтенант,12,43
Козлов Виктор Юрьевич,майор,11,21
Михайлов Дмитрий Иванович,сержант,12,25
Михайлов Максим Олегович,рядовой,6,45
Петров Денис Кириллович,сержант,8,36
Орлов Юрий Кириллович,прапорщик,12,42
Морозов Сергей Викторович,капитан,11,60
Николаев Роман Алексеевич,прапорщик,11,20
Борисов Константин Олегович,майор,11,36
Зайцев Константин Павлович,лейтенант,9,33
Макаров Кирилл Олегович,рядовой,5,46
Егоров Михаил Андреевич,рядовой,8,18
Кузнецов Степан Романович,рядовой,7,27
Попов Матвей Кириллович,полковник,11,44
Михайлов Степан Андреевич,рядовой,9,54
Захаров Илья Михайлович,капитан,7,52
Андреев Евгений Кириллович,капитан,1,45
Кузнецов Кирилл Павлович,лейтенант,3,51
Лебедев Константин Максимович,лейтенант,1,57
Зайцев Максим Максимович,прапорщик,2,31
Зайцев Сергей Кириллович,прапорщик,11,56
Николаев Алексей Ильич,майор,7,24
Соколов Артём Юрьевич,майор,7,18
Фёдоров Алексей Кириллович,рядовой,5,38
Павлов Евгений Сергеевич,лейтенант,6,19
Яковлев Алексей Иванович,прапорщик,5,49
Кузнецов Кирилл Сергеевич,капитан,2,45
Фёдоров Олег Дмитриевич,полковник,4,36
Михайлов Александр Олегович,лейтенант,2,48
Никитин Денис Максимович,полковник,9,26
Андреев Кирилл Дмитриевич,капитан,9,18
Соловьёв Роман Викторович,полковник,9,27
Смирнов Кирилл Максимович,лейтенант,5,44
Егоров Сергей Кириллович,полковник,6,57
Попов Роман Павлович,прапорщик,9,45
Степанов Виктор Кириллович,майор,10,43
Андреев Константин Викторович,прапорщик,9,42
Козлов Михаил Максимович,прапорщик,6,55
Михайлов Никита Дмитриевич,рядовой,2,57
Кузнецов Константин Алексеевич,рядовой,11,48
Морозов Илья Павлович,майор,1,40
Смирнов Максим Юрьевич,рядовой,7,21
Соколов Константин Павлович,сержант,7,38
Соколов Егор Андреевич,рядовой,9,55
Михайлов Никита Иванович,капитан,1,42
Семёнов Александр Дмитриевич,рядовой,10,59
Николаев Павел Никитич,полковник,3,37
Егоров Павел Михайлович,сержант,1,36
Яковлев Роман Павлович,майор,5,53
Степанов Егор Олегович,лейтенант,7,21
Фёдоров Егор Михайлович,сержант,1,37
Фёдоров Егор Иванович,лейтенант,8,39
Павлов Александр Викторович,полковник,5,38
Соколов Артём Александрович,лейтенант,3,33
Соловьёв Матвей Михайлович,полковник,7,42
Захаров Андрей Алексеевич,полковник,7,39
Андреев Михаил Дмитриевич,рядовой,7,58
Фёдоров Константин Иванович,сержант,1,18
Андреев Виктор Олегович,сержант,3,25
Попов Андрей Никитич,сержант,8,45
Борисов Денис Юрьевич,прапорщик,7,26
Никитин Никита Максимович,лейтенант,1,24
Сидоров Алексей Михайлович,майор,2,23
Морозов Евгений Михайлович,капитан,9,58
Кочергин Дмитрий Александрович,полковник,9,18
Смирнов Денис Павлович,лейтенант,12,49
Павлов Андрей Ильич,полковник,2,29
Козлов Константин Иванович,лейтенант,1,35
Лебедев Андрей Олегович,полковник,5,28
Николаев Егор Максимович,сержант,12,25
Яковлев Алексей Дмитриевич,сержант,9,34
Соколов Денис Романович,сержант,7,40
Андреев Павел Павлович,полковник,9,21
Лебедев Степан Иванович,полковник,11,28
Морозов Кирилл Алексеевич,прапорщик,3,25
Орлов Степан Кириллович,капитан,6,34
Морозов Кирилл Дмитриевич,рядовой,11,45
Михайлов Михаил Иванович,прапорщик,11,47
Фёдоров Андрей Ильич,полковник,2,25
Кузнецов Артём Андреевич,майор,8,36
Никитин Степан Юрьевич,майор,10,23
Лебедев Иван Павлович,полковник,4,33
Орлов Михаил Алексеевич,лейтенант,3,19
Васильев Степан Павлович,майор,3,22
Борисов Денис Иванович,майор,1,59
Павлов Дмитрий Максимович,капитан,7,33
Зайцев Дмитрий Михайлович,прапорщик,12,58
Васильев Дмитрий Павлович,капитан,4,38
Макаров Степан Андреевич,прапорщик,10,32
Фёдоров Илья Никитич,рядовой,1,58
Макаров Сергей Максимович,майор,7,46
Семёнов Евгений Никитич,капитан,2,45
Морозов Алексей Михайлович,прапорщик,5,60
Морозов Кирилл Михайлович,лейтенант,1,52
Васильев Степан Иванович,майор,2,48
Степанов Константин Ильич,лейтенант,12,53
Смирнов Александр Романович,сержант,11,56
Смирнов Андрей Викторович,капитан,9,60
Михайлов Степан Павлович,полковник,10,54
Козлов Егор Андреевич,полковник,12,56
Петров Михаил Романович,лейтенант,10,26
Зайцев Денис Сергеевич,прапорщик,8,26
Михайлов Роман Кириллович,рядовой,2,56
Павлов Роман Михайлович,сержант,5,26
Борисов Артём Кириллович,капитан,8,28
Егоров Илья Кириллович,капитан,2,27
Смирнов Олег Юрьевич,рядовой,7,28
Борисов Павел Ильич,сержант,9,50
Яковлев Дмитрий Ильич,сержант,3,25
Петров Сергей Александрович,сержант,4,29
Борисов Александр Александрович,рядовой,12,51
Кочергин Иван Олегович,лейтенант,2,20
Яковлев Александр Юрьевич,майор,7,25
Иванов Степан Максимович,полковник,5,30
Морозов Роман Максимович,прапорщик,1,33
Борисов Степан Никитич,прапорщик,11,33
Николаев Максим Дмитриевич,полковник,8,35
Алексеев Степан Андреевич,сержант,6,37
Алексеев Павел Романович,полковник,11,24
Петров Александр Ильич,майор,1,47
Зайцев Роман Алексеевич,рядовой,6,35
Фёдоров Павел Павлович,лейтенант,2,39
Иванов Юрий Дмитриевич,лейтенант,7,60
Кочергин Егор Михайлович,рядовой,2,18
Борисов Олег Павлович,прапорщик,5,23
Андреев Максим Кириллович,прапорщик,1,46
Павлов Никита Сергеевич,лейтенант,10,55
Михайлов Константин Юрьевич,рядовой,9,57
Иванов Матвей Ильич,лейтенант,7,53
Васильев Михаил Андреевич,лейтенант,9,54
Козлов Константин Павлович,сержант,7,56
Лебедев Александр Кириллович,капитан,7,53
Павлов Евгений Сергеевич,лейтенант,9,60
Николаев Денис Максимович,прапорщик,1,41
Захаров Павел Олегович,сержант,6,47
Соловьёв Максим Викторович,лейтенант,1,56
Соколов Андрей Александрович,рядовой,3,45
Борисов Юрий Иванович,лейтенант,11,51
Козлов Степан Алексеевич,лейтенант,1,37
Сидоров Степан Александрович,полковник,10,41
Яковлев Андрей Максимович,полковник,8,41
Фёдоров Евгений Романович,рядовой,8,49
Лебедев Михаил Максимович,майор,12,26
Семёнов Михаил Павлович,капитан,3,22
Смирнов Степан Андреевич,прапорщик,2,56
Андреев Павел Павлович,сержант,7,35
Попов Алексей Андреевич,капитан,8,39
Егоров Павел Максимович,лейтенант,1,34
Макаров Матвей Михайлович,сержант,2,53
Морозов Виктор Никитич,прапорщик,8,20
Фёдоров Егор Андреевич,рядовой,10,27
Кузнецов Матвей Юрьевич,полковник,1,54
Иванов Дмитрий Максимович,майор,7,32
Яковлев Юрий Романович,лейтенант,5,21
Лебедев Алексей Ильич,полковник,3,35
Соловьёв Денис Алексеевич,капитан,3,53
Степанов Никита Михайлович,рядовой,1,23
Семёнов Евгений Алексеевич,сержант,12,34
Андреев Иван Кириллович,рядовой,3,44
Сидоров Роман Иванович,рядовой,8,22
Петров Матвей Дмитриевич,рядовой,2,54
Морозов Александр Алексеевич,полковник,8,24
Зайцев Виктор Максимович,прапорщик,3,45
Сидоров Дмитрий Иванович,сержант,8,21
Зайцев Павел Андреевич,сержант,1,20
Лебедев Максим Олегович,капитан,6,18
Иванов Денис Михайлович,майор,11,23
Борисов Евгений Никитич,капитан,12,38
Андреев Михаил Кириллович,полковник,11,27
Захаров Павел Викторович,лейтенант,10,53
Козлов Артём Олегович,прапорщик,3,56
Михайлов Кирилл Юрьевич,полковник,2,44
Зайцев Максим Андреевич,лейтенант,4,37
Захаров Степан Максимович,сержант,12,22
Петров Кирилл Романович,рядовой,3,40
Никитин Степан Павлович,сержант,11,29
Сидоров Иван Никитич,сержант,12,41
Лебедев Кирилл Кириллович,прапорщик,3,44
Егоров Дмитрий Павлович,полковник,5,52
Алексеев Дмитрий Олегович,лейтенант,4,55
Павлов Илья Михайлович,прапорщик,9,50
Васильев Степан Никитич,сержант,6,32
Кочергин Олег Никитич,лейтенант,3,52
Петров Никита Романович,рядовой,8,46
Яковлев Кирилл Дмитриевич,лейтенант,6,46
Степанов Никита Иванович,рядовой,6,43
Попов Артём Алексеевич,майор,1,56
Петров Степан Романович,полковник,6,24
Петров Денис Никитич,майор,1,60
Степанов Сергей Кириллович,рядовой,2,24
Лебедев Евгений Павлович,рядовой,10,19
Кузнецов Никита Никитич,майор,8,42
Петров Виктор Алексеевич,сержант,11,19
Кочергин Юрий Иванович,сержант,6,35
Андреев Максим Алексеевич,рядовой,2,60
Кузнецов Алексей Викторович,прапорщик,10,40
Соловьёв Дмитрий Александрович,сержант,7,21
Сидоров Никита Сергеевич,прапорщик,4,29
Яковлев Матвей Михайлович,лейтенант,11,57
Фёдоров Дмитрий Викторович,прапорщик,1,49
Смирнов Иван Ильич,полковник,3,47
Степанов Степан Дмитриевич,прапорщик,12,55
Орлов Матвей Александрович,сержант,11,22
Петров Александр Павлович,прапорщик,11,57
Васильев Михаил Александрович,сержант,12,55
Смирнов Александр Михайлович,прапорщик,3,20
Борисов Артём Олегович,рядовой,9,57
Андреев Михаил Максимович,рядовой,9,37
Николаев Константин Сергеевич,сержант,11,39
Борисов Константин Алексеевич,капитан,6,40
Никитин Илья Иванович,майор,10,39
Кузнецов Дмитрий Иванович,лейтенант,2,20
Петров Егор Юрьевич,капитан,10,18
Николаев Александр Павлович,капитан,7,53
Петров Максим Павлович,майор,8,48
Михайлов Дмитрий Кириллович,лейтенант,9,35
Андреев Виктор Андреевич,майор,4,60
Васильев Павел Никитич,прапорщик,10,41
Соловьёв Илья Александрович,рядовой,7,49
Лебедев Роман Алексеевич,прапорщик,6,18
Васильев Алексей Иванович,полковник,1,22
Семёнов Артём Павлович,прапорщик,5,26
Борисов Роман Алексеевич,прапорщик,2,47
Павлов Кирилл Алексеевич,капитан,1,58
Попов Виктор Андреевич,сержант,4,37
Фёдоров Сергей Максимович,рядовой,12,20
Козлов Дмитрий Олегович,полковник,11,20
Морозов Илья Александрович,майор,9,53
Яковлев Егор Михайлович,сержант,1,27
Борисов Сергей Максимович,лейтенант,7,46
Соколов Андрей Александрович,прапорщик,11,39
Яковлев Иван Романович,полковник,10,53
Захаров Степан Викторович,прапорщик,10,29
Сидоров Алексей Олегович,прапорщик,3,43
Петров Илья Кириллович,лейтенант,11,29
Захаров Александр Андреевич,лейтенант,6,40
Егоров Алексей Максимович,прапорщик,8,47
Борисов Александр Андреевич,рядовой,8,25
Сидоров Матвей Алексеевич,сержант,12,53
Иванов Алексей Ильич,лейтенант,12,28
Смирнов Олег Алексеевич,рядовой,6,51
Захаров Сергей Юрьевич,майор,1,41
Козлов Сергей Олегович,рядовой,2,50
Алексеев Артём Иванович,прапорщик,9,53
Сидоров Павел Романович,капитан,12,47
Андреев Денис Алексеевич,майор,12,24
Кочергин Степан Дмитриевич,майор,1,39
Яковлев Илья Юрьевич,капитан,12,56
Соловьёв Артём Максимович,капитан,7,56
Кузнецов Евгений Юрьевич,сержант,9,35
Фёдоров Михаил Дмитриевич,майор,2,50
Кузнецов Алексей Юрьевич,сержант,1,21
Попов Степан Ильич,капитан,5,52
Кузнецов Олег Кириллович,сержант,11,27
Петров Кирилл Максимович,прапорщик,5,49
Михайлов Олег Ильич,майор,3,51
Макаров Сергей Максимович,лейтенант,6,54
Степанов Юрий Ильич,майор,1,26
Макаров Олег Александрович,сержант,1,58
Васильев Дмитрий Михайлович,майор,12,27
Соколов Андрей Андреевич,майор,8,49
Морозов Андрей Сергеевич,сержант,6,30
Петров Андрей Максимович,лейтенант,6,21
Алексеев Кирилл Павлович,сержант,1,21
Морозов Юрий Кириллович,полковник,8,47
Лебедев Матвей Павлович,капитан,2,57
Павлов Илья Андреевич,полковник,2,19
Николаев Алексей Максимович,лейтенант,11,22
Семёнов Михаил Павлович,полковник,10,20
Соловьёв Алексей Ильич,рядовой,1,34
Соколов Степан Михайлович,рядовой,10,42
Кочергин Алексей Андреевич,капитан,2,30
Смирнов Егор Юрьевич,рядовой,9,21
Морозов Роман Иванович,полковник,7,43
Лебедев Дмитрий Павлович,сержант,12,43
Яковлев Андрей Максимович,капитан,9,43
Морозов Матвей Дмитриевич,прапорщик,10,36
Никитин Кирилл Никитич,майор,1,46
Алексеев Роман Ильич,майор,5,56
Никитин Артём Кириллович,капитан,7,40
Иванов Михаил Павлович,сержант,8,30
Кузнецов Алексей Павлович,сержант,7,25
Сидоров Михаил Андреевич,прапорщик,4,44
Орлов Андрей Романович,майор,9,38
Михайлов Виктор Андреевич,рядовой,11,50
Соловьёв Евгений Дмитриевич,капитан,12,49
Степанов Виктор Сергеевич,майор,10,44
Кузнецов Олег Кириллович,майор,5,23
Орлов Константин Павлович,прапорщик,4,30
Павлов Никита Кириллович,сержант,12,36
Лебедев Алексей Иванович,майор,1,41
Павлов Илья Кириллович,сержант,5,30
Зайцев Дмитрий Кириллович,рядовой,2,41
Соловьёв Виктор Юрьевич,лейтенант,1,41
Макаров Кирилл Иванович,полковник,8,42
Яковлев Юрий Михайлович,лейтенант,6,47
Кочергин Павел Михайлович,майор,11,39
Васильев Матвей Кириллович,лейтенант,6,54
Семёнов Кирилл Павлович,лейтенант,12,56
Никитин Евгений Павлович,полковник,2,45
Васильев Кирилл Андреевич,рядовой,3,39
Новиков Матвей Александрович,капитан,12,18
Козлов Никита Никитич,капитан,2,39
Попов Роман Андреевич,прапорщик,6,54
Кочергин Роман Никитич,полковник,8,29
Смирнов Илья Александрович,лейтенант,5,26
Соколов Матвей Сергеевич,прапорщик,3,42
Смирнов Михаил Дмитриевич,майор,5,59
Павлов Павел Ильич,сержант,3,44
Зайцев Сергей Никитич,полковник,6,37
Васильев Юрий Дмитриевич,лейтенант,10,44
Соколов Виктор Викторович,сержант,2,19
Иванов Степан Сергеевич,лейтенант,9,40
Яковлев Алексей Андреевич,рядовой,2,41
Макаров Степан Викторович,рядовой,9,35
Фёдоров Алексей Ильич,прапорщик,11,35
Макаров Алексей Олегович,капитан,8,34
Михайлов Виктор Юрьевич,рядовой,2,49
Васильев Олег Алексеевич,полковник,11,19
Андреев Евгений Олегович,полковник,6,27
Соколов Иван Викторович,лейтенант,3,54
Алексеев Роман Романович,лейтенант,4,30
Лебедев Александр Сергеевич,прапорщик,1,59
Зайцев Дмитрий Иванович,полковник,3,46
Яковлев Степан Максимович,рядовой,6,38
Николаев Евгений Дмитриевич,рядовой,1,27
Семёнов Виктор Алексеевич,майор,3,22
Новиков Алексей Романович,лейтенант,11,30
Смирнов Егор Александрович,капитан,5,32
Козлов Юрий Сергеевич,полковник,4,43
Егоров Олег Максимович,лейтенант,3,20
Васильев Сергей Ильич,лейтенант,10,40
Морозов Юрий Андреевич,капитан,7,29
Яковлев Александр Алексеевич,капитан,12,58
Соловьёв Денис Кириллович,прапорщик,3,41
Степанов Матвей Ильич,сержант,3,28
Кузнецов Олег Викторович,сержант,12,57
Васильев Евгений Алексеевич,рядовой,5,41
Соловьёв Денис Кириллович,полковник,6,32
Кузнецов Илья Олегович,лейтенант,2,50
Морозов Дмитрий Юрьевич,лейтенант,2,21
Павлов Иван Дмитриевич,капитан,3,42
Степанов Денис Сергеевич,полковник,9,28
Зайцев Артём Павлович,рядовой,2,18
Семёнов Сергей Андреевич,лейтенант,2,40
Николаев Степан Кириллович,капитан,11,53
Николаев Алексей Максимович,полковник,8,60
Захаров Олег Олегович,майор,5,52
Соловьёв Кирилл Павлович,лейтенант,4,38
Лебедев Кирилл Андреевич,сержант,4,31
Андреев Андрей Андреевич,сержант,12,50
Иванов Олег Сергеевич,полковник,10,36
Михайлов Андрей Иванович,капитан,11,54
Кузнецов Юрий Алексеевич,сержант,12,40
Кочергин Дмитрий Павлович,сержант,10,39
Васильев Матвей Дмитриевич,лейтенант,4,58
Захаров Денис Кириллович,рядовой,11,25
Павлов Дмитрий Михайлович,лейтенант,11,49
Михайлов Сергей Кириллович,рядовой,8,60
Фёдоров Илья Никитич,полковник,2,59
Павлов Никита Андреевич,рядовой,11,22
Соколов Роман Алексеевич,лейтенант,11,21
Егоров Михаил Павлович,сержант,10,48
Орлов Матвей Павлович,рядовой,6,35
Захаров Денис Дмитриевич,прапорщик,6,34
Козлов Максим Алексеевич,майор,11,22
Морозов Максим Олегович,майор,5,22
Сидоров Павел Романович,прапорщик,7,35
Иванов Павел Максимович,капитан,12,42
Козлов Артём Романович,лейтенант,9,49
Морозов Алексей Дмитриевич,лейтенант,1,26
Иванов Кирилл Алексеевич,лейтенант,3,60
Иванов Максим Юрьевич,рядовой,3,60
Сидоров Андрей Никитич,рядовой,4,54
Соколов Юрий Олегович,капитан,7,47
Павлов Павел Викторович,лейтенант,1,54
Егоров Денис Ильич,рядовой,3,45
Семёнов Денис Кириллович,рядовой,10,29
Кузнецов Иван Павлович,майор,1,47
Фёдоров Юрий Юрьевич,майор,9,44
Морозов Илья Ильич,майор,11,54
Борисов Юрий Никитич,сержант,2,56
Сидоров Олег Павлович,прапорщик,5,30
Иванов Евгений Романович,сержант,4,25
Кузнецов Дмитрий Алексеевич,рядовой,10,22
Морозов Александр Иванович,лейтенант,7,35
Новиков Павел Викторович,полковник,5,48
Иванов Юрий Дмитриевич,рядовой,3,44
Павлов Иван Павлович,прапорщик,5,52
Орлов Егор Юрьевич,лейтенант,5,54
Лебедев Павел Викторович,прапорщик,2,44
Зайцев Артём Павлович,прапорщик,7,20
Михайлов Никита Дмитриевич,рядовой,7,33
Морозов Никита Кириллович,лейтенант,4,20
Козлов Роман Михайлович,капитан,7,57
Попов Иван Викторович,рядовой,2,58
Козлов Олег Иванович,сержант,10,42
Соколов Никита Ильич,рядовой,12,41
Козлов Иван Александрович,сержант,6,40
Смирнов Алексей Алексеевич,лейтенант,7,31
Алексеев Михаил Кириллович,рядовой,6,57
Новиков Евгений Романович,капитан,7,40
Яковлев Михаил Олегович,майор,7,33
Новиков Никита Михайлович,полковник,5,32
Новиков Юрий Михайлович,полковник,2,37
Степанов Сергей Павлович,капитан,10,55
Соколов Константин Кириллович,полковник,12,34
Михайлов Павел Викторович,прапорщик,4,54
Борисов Кирилл Олегович,прапорщик,1,51
Никитин Виктор Алексеевич,сержант,4,21
Козлов Никита Олегович,сержант,10,48
Макаров Артём Михайлович,рядовой,4,28
Смирнов Александр Викторович,сержант,1,29
Смирнов Денис Дмитриевич,лейтенант,6,37
Борисов Евгений Иванович,сержант,5,58
Андреев Егор Иванович,прапорщик,8,55
Кузнецов Андрей Дмитриевич,сержант,1,20
Новиков Кирилл Олегович,полковник,5,42
Яковлев Максим Андреевич,майор,10,32
Козлов Дмитрий Александрович,сержант,12,40
Смирнов Андрей Сергеевич,сержант,12,47
Фёдоров Роман Иванович,капитан,12,56
Кочергин Артём Романович,капитан,6,58
Орлов Денис Александрович,капитан,7,23
Яковлев Павел Ильич,рядовой,5,41
Павлов Михаил Ильич,прапорщик,12,38
Кочергин Роман Кириллович,рядовой,2,32
Яковлев Степан Иванович,рядовой,4,36
Борисов Алексей Ильич,полковник,7,28
Яковлев Виктор Андреевич,рядовой,4,30
Новиков Иван Никитич,сержант,5,44
Васильев Олег Сергеевич,рядовой,5,32
Орлов Иван Олегович,капитан,12,60
Кочергин Степан Александрович,рядовой,9,59
Фёдоров Юрий Андреевич,капитан,5,42
Никитин Павел Дмитриевич,сержант,11,23
Николаев Виктор Юрьевич,лейтенант,5,22
Лебедев Кирилл Ильич,рядовой,5,31
Зайцев Никита Дмитриевич,сержант,4,52
Захаров Матвей Дмитриевич,сержант,3,53
Степанов Кирилл Олегович,лейтенант,6,29
Лебедев Никита Алексеевич,сержант,4,26
Егоров Андрей Кириллович,рядовой,3,19
Кузнецов Никита Павлович,капитан,2,31
Васильев Александр Кириллович,рядовой,4,30
Михайлов Егор Викторович,лейтенант,2,25
Орлов Егор Викторович,прапорщик,1,46
Соловьёв Егор Андреевич,полковник,8,57
Степанов Матвей Романович,сержант,12,21
Попов Кирилл Иванович,сержант,1,23
Борисов Алексей Кириллович,майор,10,53
Никитин Кирилл Юрьевич,сержант,4,19
Васильев Кирилл Андреевич,рядовой,3,52
Новиков Иван Максимович,полковник,10,19
Сидоров Иван Алексеевич,сержант,11,26
Новиков Дмитрий Иванович,рядовой,8,44
Яковлев Кирилл Викторович,майор,2,48
Николаев Олег Юрьевич,прапорщик,5,44
Смирнов Константин Алексеевич,прапорщик,1,42
Морозов Олег Кириллович,капитан,8,27
Захаров Виктор Юрьевич,майор,3,39
Егоров Максим Алексеевич,сержант,6,56
Петров Павел Романович,лейтенант,7,52
Новиков Юрий Михайлович,капитан,12,27
Соколов Денис Кириллович,майор,4,46
Козлов Максим Алексеевич,рядовой,3,23
Сидоров Дмитрий Сергеевич,капитан,8,50
Петров Илья Иванович,майор,9,44
Захаров Константин Дмитриевич,майор,2,47
Соловьёв Дмитрий Юрьевич,прапорщик,12,20
Захаров Олег Кириллович,капитан,3,40
Смирнов Павел Михайлович,майор,6,29
Степанов Никита Сергеевич,лейтенант,2,29
Попов Андрей Юрьевич,лейтенант,12,34
Соколов Илья Викторович,сержант,3,19
Морозов Михаил Андреевич,сержант,2,42
Попов Роман Романович,майор,5,55
Борисов Олег Павлович,полковник,4,30
Макаров Александр Ильич,сержант,5,36
Новиков Иван Александрович,прапорщик,9,51
Семёнов Евгений Романович,рядовой,5,47
Иванов Алексей Александрович,полковник,6,57
Орлов Роман Иванович,рядовой,10,38
Васильев Виктор Викторович,лейтенант,5,57
Андреев Алексей Павлович,лейтенант,11,60
Васильев Алексей Романович,лейтенант,4,35
Попов Иван Юрьевич,лейтенант,6,28
Попов Матвей Андреевич,рядовой,7,23
Борисов Роман Иванович,капитан,2,27
Захаров Константин Андреевич,рядовой,11,41
Козлов Алексей Андреевич,капитан,5,25
Сидоров Никита Олегович,сержант,1,27
Козлов Никита Романович,полковник,11,55
Кочергин Илья Олегович,сержант,8,60
Макаров Андрей Олегович,сержант,10,36
Орлов Алексей Дмитриевич,лейтенант,7,22
Фёдоров Виктор Михайлович,капитан,9,19
Николаев Виктор Романович,рядовой,4,31
Макаров Сергей Кириллович,майор,9,20
Петров Кирилл Кириллович,майор,3,22
Зайцев Олег Максимович,сержант,3,24
Зайцев Алексей Максимович,прапорщик,12,36
Егоров Виктор Сергеевич,майор,6,52
Кузнецов Егор Олегович,капитан,8,43
Новиков Александр Сергеевич,полковник,10,25
Егоров Никита Михайлович,капитан,9,21
Кочергин Михаил Никитич,полковник,3,18
Петров Роман Алексеевич,капитан,9,49
Лебедев Олег Юрьевич,сержант,6,51
Фёдоров Роман Павлович,прапорщик,7,37
Никитин Сергей Олегович,майор,3,31
Новиков Виктор Алексеевич,рядовой,10,27
Андреев Егор Андреевич,сержант,2,30
Попов Александр Никитич,майор,2,20
Новиков Алексей Михайлович,капитан,4,25
Новиков Денис Сергеевич,рядовой,8,57
Лебедев Андрей Олегович,капитан,10,56
Степанов Кирилл Сергеевич,майор,3,50
Андреев Артём Сергеевич,майор,9,19
Петров Илья Олегович,лейтенант,7,19
Макаров Юрий Алексеевич,майор,1,21
Иванов Матвей Ильич,майор,3,52
Фёдоров Артём Павлович,сержант,2,18
Фёдоров Олег Дмитриевич,прапорщик,3,35
Соколов Евгений Кириллович,капитан,12,18
Яковлев Матвей Алексеевич,лейтенант,10,28
Орлов Павел Дмитриевич,рядовой,8,43
Павлов Юрий Олегович,сержант,8,45
Яковлев Илья Кириллович,сержант,9,31
Борисов Евгений Павлович,майор,4,31
Зайцев Денис Олегович,майор,2,50
Фёдоров Олег Сергеевич,майор,9,43
Попов Роман Викторович,рядовой,4,45
Павлов Михаил Сергеевич,рядовой,2,30
Кузнецов Виктор Алексеевич,сержант,4,56
Кузнецов Сергей Кириллович,прапорщик,3,47
Макаров Константин Максимович,капитан,8,38
Андреев Юрий Александрович,лейтенант,8,49
Кочергин Сергей Дмитриевич,лейтенант,11,41
Зайцев Павел Алексеевич,рядовой,11,52
Егоров Сергей Михайлович,сержант,2,57
Кузнецов Иван Викторович,лейтенант,2,47
Яковлев Евгений Сергеевич,прапорщик,10,44
Козлов Степан Кириллович,капитан,12,37
Морозов Виктор Юрьевич,сержант,12,19
Андреев Андрей Павлович,лейтенант,6,43
Павлов Роман Алексеевич,капитан,6,54
Зайцев Сергей Андреевич,прапорщик,8,31
Новиков Константин Алексеевич,прапорщик,6,32
Степанов Кирилл Олегович,майор,11,18
Никитин Иван Никитич,сержант,10,56
Иванов Иван Михайлович,майор,8,27
Никитин Константин Олегович,лейтенант,10,37
Сидоров Иван Павлович,лейтенант,1,53
Иванов Степан Викторович,прапорщик,11,49
Михайлов Степан Иванович,майор,10,54
Новиков Роман Михайлович,рядовой,9,30
Захаров Константин Никитич,рядовой,7,47
Соколов Михаил Викторович,капитан,11,39
Васильев Роман Сергеевич,лейтенант,5,55
Павлов Александр Михайлович,прапорщик,6,18
Захаров Константин Алексеевич,майор,11,50
Захаров Роман Александрович,прапорщик,3,25
Зайцев Дмитрий Алексеевич,лейтенант,3,47
Петров Роман Павлович,прапорщик,9,56
Борисов Дмитрий Александрович,полковник,9,29
Михайлов Степан Михайлович,прапорщик,9,24
Никитин Илья Александрович,капитан,9,54
Павлов Артём Дмитриевич,прапорщик,8,37
Орлов Степан Кириллович,капитан,10,48
Михайлов Сергей Иванович,лейтенант,4,18
Кузнецов Иван Иванович,рядовой,1,18
Васильев Дмитрий Иванович,майор,7,43
Смирнов Павел Иванович,майор,4,19
Яковлев Матвей Павлович,прапорщик,2,53
Михайлов Павел Ильич,полковник,8,52
Орлов Михаил Олегович,лейтенант,10,21
Егоров Денис Александрович,майор,2,51
Семёнов Алексей Олегович,майор,1,19
Смирнов Олег Ильич,лейтенант,6,25
Петров Илья Михайлович,прапорщик,5,34
Кузнецов Константин Дмитриевич,лейтенант,8,35
Орлов Никита Олегович,капитан,7,41
Попов Михаил Дмитриевич,лейтенант,3,26
Смирнов Никита Иванович,капитан,10,45
Соловьёв Денис Андреевич,прапорщик,7,29
Попов Алексей Сергеевич,капитан,1,39
Соколов Артём Никитич,лейтенант,1,34
Семёнов Михаил Юрьевич,лейтенант,5,52
Новиков Виктор Романович,прапорщик,10,32
Степанов Егор Романович,сержант,2,32
Павлов Илья Романович,рядовой,8,23
Кузнецов Михаил Романович,майор,6,31
Смирнов Алексей Дмитриевич,рядовой,12,33
Кочергин Андрей Алексеевич,рядовой,2,48
Соколов Олег Андреевич,майор,8,49
Попов Егор Михайлович,капитан,11,52
Макаров Илья Иванович,капитан,6,38
Павлов Никита Алексеевич,сержант,10,60
Новиков Алексей Иванович,сержант,12,38
Смирнов Роман Сергеевич,капитан,6,49
Морозов Константин Максимович,лейтенант,2,21
Фёдоров Дмитрий Дмитриевич,прапорщик,5,56
Сидоров Кирилл Викторович,лейтенант,5,35
Семёнов Илья Иванович,майор,4,40
Никитин Андрей Никитич,лейтенант,9,36
Смирнов Иван Сергеевич,прапорщик,10,37
Андреев Павел Викторович,сержант,5,36
Соловьёв Константин Ильич,рядовой,6,32
Семёнов Евгений Александрович,сержант,4,25
Егоров Артём Олегович,рядовой,2,30
Соколов Олег Алексеевич,лейтенант,1,50
Семёнов Евгений Алексеевич,полковник,9,22
Морозов Алексей Юрьевич,капитан,8,30
Иванов Михаил Олегович,сержант,6,22
Фёдоров Алексей Сергеевич,лейтенант,12,37
Алексеев Никита Ильич,прапорщик,12,32
Семёнов Евгений Дмитриевич,рядовой,9,54
Соловьёв Сергей Иванович,лейтенант,11,48
Васильев Михаил Михайлович,полковник,7,49
Сидоров Денис Викторович,майор,7,28
Козлов Роман Максимович,прапорщик,4,31
Зайцев Роман Андреевич,капитан,10,54
Михайлов Роман Олегович,прапорщик,6,21
Степанов Павел Александрович,майор,1,25
Петров Степан Романович,лейтенант,4,54
Иванов Степан Кириллович,полковник,11,39
Попов Сергей Максимович,капитан,10,44
Орлов Евгений Никитич,прапорщик,3,59
Новиков Роман Михайлович,майор,9,51
Новиков Константин Викторович,капитан,6,46
Попов Степан Иванович,полковник,8,39
Николаев Юрий Иванович,полковник,9,26
Егоров Сергей Дмитриевич,сержант,3,22
Лебедев Павел Викторович,майор,9,56
Орлов Виктор Максимович,полковник,3,37
Егоров Степан Ильич,майор,10,46
Борисов Максим Викторович,рядовой,6,55
Егоров Михаил Михайлович,прапорщик,2,35
Захаров Артём Олегович,лейтенант,3,51
Кочергин Евгений Сергеевич,рядовой,3,31
Николаев Александр Ильич,капитан,9,39
Никитин Егор Сергеевич,полковник,2,54
Соколов Константин Юрьевич,полковник,9,23
Михайлов Никита Александрович,полковник,1,57
Орлов Павел Алексеевич,полковник,2,46
Лебедев Павел Дмитриевич,прапорщик,6,27
Павлов Егор Олегович,капитан,4,32
Зайцев Матвей Максимович,майор,11,38
Макаров Евгений Александрович,полковник,12,47
Макаров Александр Романович,сержант,3,43
Иванов Сергей Сергеевич,капитан,4,55
Сидоров Александр Кириллович,полковник,9,26
Соловьёв Павел Юрьевич,прапорщик,3,59
Соловьёв Никита Иванович,рядовой,4,45
Петров Павел Дмитриевич,майор,9,38
Зайцев Степан Сергеевич,полковник,9,25
Петров Михаил Романович,рядовой,3,37
Васильев Юрий Викторович,сержант,7,22
Борисов Никита Юрьевич,сержант,7,43
Кузнецов Иван Максимович,сержант,12,40
Егоров Константин Павлович,капитан,4,31
Морозов Илья Дмитриевич,майор,1,58
Фёдоров Степан Романович,полковник,7,23
Морозов Олег Никитич,лейтенант,11,33
Сидоров Олег Романович,полковник,7,42
Соколов Павел Юрьевич,капитан,3,40
Морозов Сергей Сергеевич,лейтенант,5,33
Кочергин Виктор Дмитриевич,майор,3,50
Яковлев Илья Юрьевич,лейтенант,3,47
Иванов Алексей Олегович,полковник,11,42
Алексеев Александр Романович,сержант,5,29
Егоров Максим Павлович,полковник,5,34
Сидоров Юрий Олегович,рядовой,1,24
Степанов Юрий Викторович,прапорщик,11,31
Фёдоров Степан Никитич,лейтенант,5,20
Морозов Сергей Дмитриевич,сержант,11,53
Павлов Александр Андреевич,лейтенант,4,18
Михайлов Андрей Юрьевич,лейтенант,4,45
Кузнецов Евгений Сергеевич,прапорщик,11,34
Орлов Кирилл Викторович,рядовой,9,55
Соколов Павел Романович,полковник,4,19
Козлов Егор Дмитриевич,лейтенант,8,43
Михайлов Юрий Александрович,капитан,3,29
Егоров Степан Михайлович,капитан,9,47
Никитин Кирилл Романович,полковник,6,25
Соловьёв Юрий Кириллович,полковник,6,52
Макаров Иван Андреевич,полковник,8,25
Лебедев Кирилл Ильич,рядовой,11,45
Захаров Степан Сергеевич,полковник,2,42
Зайцев Кирилл Дмитриевич,сержант,5,31
Козлов Евгений Максимович,капитан,8,31
Павлов Денис Викторович,майор,12,40
Егоров Илья Кириллович,сержант,7,36
Никитин Денис Викторович,рядовой,5,24
Соколов Юрий Александрович,капитан,1,57
Яковлев Сергей Иванович,сержант,9,58
Соловьёв Егор Александрович,сержант,9,26
Кочергин Андрей Иванович,прапорщик,3,20
Яковлев Кирилл Максимович,майор,3,32
Борисов Максим Дмитриевич,майор,11,40
Лебедев Иван Андреевич,рядовой,5,35
Сидоров Александр Дмитриевич,майор,12,49
Андреев Павел Михайлович,рядовой,10,31
Попов Кирилл Иванович,полковник,4,53
Николаев Максим Дмитриевич,капитан,8,57
Новиков Сергей Андреевич,сержант,5,52
Лебедев Александр Юрьевич,сержант,12,42
Михайлов Павел Олегович,сержант,3,29
Морозов Максим Юрьевич,полковник,5,27
Попов Михаил Александрович,прапорщик,12,59
Орлов Артём Алексеевич,лейтенант,2,24
Павлов Константин Дмитриевич,рядовой,4,37
Кочергин Евгений Олегович,рядовой,12,42
Васильев Дмитрий Юрьевич,рядовой,3,52
Кочергин Иван Алексеевич,рядовой,3,20
Петров Константин Романович,полковник,4,43
Борисов Егор Андреевич,рядовой,10,41
Васильев Егор Александрович,рядовой,6,47
Семёнов Константин Романович,рядовой,1,24
Семёнов Илья Андреевич,прапорщик,10,18
Иванов Иван Ильич,капитан,8,23
Васильев Дмитрий Викторович,сержант,3,23
Смирнов Артём Павлович,капитан,1,50
Семёнов Максим Павлович,лейтенант,3,29
Смирнов Александр Михайлович,прапорщик,12,35
Макаров Егор Сергеевич,лейтенант,2,54
Попов Степан Максимович,лейтенант,1,47
Михайлов Михаил Кириллович,лейтенант,1,27
Зайцев Илья Никитич,прапорщик,3,29
Морозов Андрей Максимович,майор,7,18
Кузнецов Никита Алексеевич,сержант,10,35
Никитин Максим Андреевич,майор,11,19
Козлов Кирилл Никитич,майор,8,48
Борисов Алексей Павлович,капитан,1,31
Орлов Алексей Олегович,майор,11,40
Фёдоров Сергей Кириллович,сержант,8,44
Сидоров Олег Викторович,капитан,5,53
Иванов Виктор Андреевич,прапорщик,6,40
Козлов Степан Иванович,рядовой,7,20
Кузнецов Сергей Сергеевич,капитан,11,25
Фёдоров Степан Максимович,сержант,7,52
Борисов Роман Никитич,майор,10,52
Борисов Егор Михайлович,лейтенант,9,45
Захаров Евгений Олегович,сержант,4,47
Кочергин Дмитрий Александрович,капитан,9,35
Новиков Иван Михайлович,рядовой,9,32
Лебедев Виктор Максимович,капитан,2,54
Петров Денис Никитич,капитан,10,26
Сидоров Егор Никитич,рядовой,1,43
Козлов Евгений Ильич,лейтенант,10,58
Кузнецов Артём Романович,сержант,5,52
Михайлов Евгений Олегович,прапорщик,8,20
Егоров Алексей Сергеевич,сержант,10,51
Алексеев Никита Михайлович,лейтенант,3,27
Андреев Александр Алексеевич,рядовой,3,30
Макаров Денис Андреевич,полковник,1,40
Борисов Никита Александрович,сержант,4,18
Петров Александр Александрович,капитан,9,42
Соколов Михаил Павлович,лейтенант,4,55
Смирнов Константин Александрович,рядовой,9,51
Козлов Павел Максимович,рядовой,5,25
Кочергин Александр Александрович,капитан,2,42
Козлов Олег Андреевич,полковник,4,26
Орлов Денис Ильич,лейтенант,12,55
Орлов Степан Викторович,майор,12,57
Петров Роман Александрович,капитан,12,39
Новиков Степан Максимович,полковник,9,45
Семёнов Кирилл Павлович,сержант,1,21
Иванов Константин Михайлович,майор,4,33
Алексеев Сергей Сергеевич,майор,4,46
Сидоров Сергей Максимович,прапорщик,2,60
Степанов Степан Иванович,майор,5,39
Егоров Андрей Никитич,сержант,1,30
Николаев Кирилл Александрович,рядовой,6,31
Фёдоров Илья Михайлович,лейтенант,7,19
Лебедев Никита Павлович,капитан,10,56
Михайлов Михаил Михайлович,полковник,7,45
Лебедев Андрей Дмитриевич,рядовой,1,53
Кузнецов Кирилл Александрович,полковник,3,52
Яковлев Максим Андреевич,сержант,11,32
Егоров Иван Никитич,рядовой,3,43
Кузнецов Дмитрий Иванович,капитан,2,49
Михайлов Юрий Романович,сержант,8,32
Захаров Матвей Ильич,лейтенант,5,28
Яковлев Илья Иванович,лейтенант,1,18
Новиков Максим Алексеевич,капитан,2,53
Кузнецов Степан Романович,рядовой,9,25
Орлов Егор Максимович,майор,3,58
Фёдоров Матвей Александрович,прапорщик,11,43
Смирнов Дмитрий Дмитриевич,лейтенант,10,29
Соколов Дмитрий Михайлович,лейтенант,7,19
Петров Максим Андреевич,капитан,4,51
Кузнецов Иван Максимович,рядовой,2,29
Васильев Андрей Олегович,рядовой,6,23
Кузнецов Александр Михайлович,капитан,12,41
Иванов Денис Олегович,лейтенант,6,32
Зайцев Кирилл Никитич,лейтенант,12,20
Борисов Михаил Алексеевич,сержант,8,44
Соколов Олег Никитич,лейтенант,1,24
Степанов Максим Романович,сержант,1,41
Семёнов Олег Ильич,майор,5,49
Соловьёв Андрей Михайлович,сержант,6,53
Алексеев Максим Юрьевич,лейтенант,9,28
Попов Никита Сергеевич,майор,11,26
Зайцев Иван Алексеевич,лейтенант,8,18
Егоров Роман Олегович,майор,7,40
Яковлев Юрий Павлович,сержант,3,35
Сидоров Константин Викторович,лейтенант,9,46
Егоров Кирилл Никитич,лейтенант,8,23
Орлов Алексей Дмитриевич,майор,4,41
Иванов Дмитрий Олегович,рядовой,9,37
Егоров Павел Юрьевич,прапорщик,3,26
Соколов Никита Михайлович,полковник,4,37
Петров Михаил Олегович,майор,7,53
Кузнецов Сергей Андреевич,рядовой,6,58
Алексеев Кирилл Иванович,сержант,6,34
Козлов Алексей Александрович,лейтенант,11,35
Захаров Михаил Максимович,полковник,2,24
Орлов Юрий Юрьевич,полковник,4,52
Павлов Максим Андреевич,лейтенант,4,18
Соловьёв Виктор Олегович,сержант,5,32
Фёдоров Виктор Никитич,капитан,9,29
Макаров Максим Михайлович,капитан,7,52
Иванов Роман Павлович,прапорщик,1,40
Соловьёв Сергей Сергеевич,рядовой,3,23
Попов Матвей Никитич,сержант,11,35
Сидоров Алексей Кириллович,полковник,1,25
Андреев Роман Дмитриевич,прапорщик,10,51
Алексеев Александр Кириллович,лейтенант,3,24
Андреев Олег Павлович,рядовой,1,30
Попов Дмитрий Ильич,рядовой,10,46
Павлов Павел Дмитриевич,рядовой,2,35
Петров Александр Ильич,прапорщик,8,25
Соколов Сергей Юрьевич,майор,2,55
Зайцев Иван Олегович,рядовой,12,24
Борисов Олег Павлович,сержант,6,57
Никитин Дмитрий Михайлович,рядовой,10,59
Новиков Олег Викторович,полковник,9,39
Соловьёв Матвей Александрович,майор,2,22
Васильев Иван Романович,сержант,6,51
Попов Юрий Сергеевич,рядовой,8,28
Павлов Евгений Викторович,капитан,12,18
Семёнов Андрей Викторович,капитан,1,32
Лебедев Сергей Олегович,рядовой,7,19
Павлов Юрий Сергеевич,полковник,10,48
Зайцев Андрей Андреевич,сержант,11,56
Борисов Павел Павлович,прапорщик,8,49
Никитин Сергей Ильич,лейтенант,6,32
Петров Иван Олегович,капитан,2,18
Попов Михаил Александрович,майор,12,53
Морозов Матвей Викторович,полковник,9,20
Иванов Алексей Михайлович,майор,5,30
Захаров Андрей Ильич,лейтенант,3,28
Зайцев Сергей Павлович,капитан,1,42
Степанов Виктор Павлович,капитан,6,47
Михайлов Роман Юрьевич,рядовой,7,46
Орлов Виктор Иванович,рядовой,7,57
Андреев Сергей Кириллович,капитан,6,27
Сидоров Никита Дмитриевич,майор,2,44
Борисов Михаил Андреевич,лейтенант,2,18
Семёнов Александр Ильич,сержант,6,20
Зайцев Олег Михайлович,полковник,3,36
Соловьёв Артём Сергеевич,капитан,9,32
Козлов Андрей Никитич,капитан,5,50
Сидоров Илья Александрович,рядовой,5,24
Макаров Егор Максимович,полковник,1,38
Соловьёв Илья Дмитриевич,сержант,2,41
Яковлев Максим Павлович,лейтенант,12,41
Никитин Юрий Павлович,майор,5,43
Андреев Илья Кириллович,майор,10,39
Соколов Михаил Максимович,рядовой,1,38
Иванов Сергей Михайлович,лейтенант,7,34
Никитин Андрей Юрьевич,капитан,10,45
Соловьёв Сергей Романович,лейтенант,4,53
Фёдоров Никита Сергеевич,сержант,9,22
Борисов Иван Юрьевич,прапорщик,2,26
Соколов Павел Иванович,полковник,10,49
Егоров Сергей Романович,прапорщик,5,27
Кочергин Олег Дмитриевич,полковник,11,56
Лебедев Алексей Кириллович,майор,7,19
Кузнецов Михаил Никитич,лейтенант,12,41
Никитин Кирилл Олегович,полковник,8,47
Кузнецов Дмитрий Иванович,рядовой,8,24
Иванов Иван Ильич,рядовой,9,47
Смирнов Матвей Павлович,полковник,5,59
Семёнов Степан Кириллович,лейтенант,11,21
Васильев Сергей Юрьевич,прапорщик,5,32
Егоров Александр Алексеевич,лейтенант,5,22
Зайцев Михаил Романович,майор,8,60
Попов Роман Дмитриевич,сержант,10,29
Фёдоров Кирилл Павлович,майор,9,43
Кузнецов Иван Алексеевич,капитан,9,37
Петров Иван Олегович,лейтенант,5,26
Иванов Иван Павлович,майор,4,27
Семёнов Максим Ильич,прапорщик,4,53
Яковлев Роман Юрьевич,лейтенант,12,26
Морозов Константин Андреевич,сержант,9,45
Макаров Евгений Юрьевич,капитан,1,44
Борисов Виктор Александрович,полковник,5,51
Яковлев Евгений Павлович,капитан,11,32
Попов Дмитрий Романович,полковник,6,33
Михайлов Александр Иванович,полковник,1,51
Зайцев Константин Андреевич,лейтенант,4,54
Алексеев Максим Романович,капитан,8,45
Михайлов Александр Романович,сержант,11,59
Макаров Никита Олегович,лейтенант,1,48
Егоров Константин Викторович,лейтенант,12,39
Морозов Кирилл Алексеевич,лейтенант,2,55
Андреев Александр Кириллович,полковник,9,34
Кузнецов Алексей Юрьевич,сержант,7,26
Лебедев Артём Алексеевич,рядовой,12,29
Попов Олег Андреевич,лейтенант,2,24
Никитин Максим Викторович,полковник,6,59
Борисов Денис Олегович,капитан,2,49
Смирнов Егор Алексеевич,рядовой,5,28
Степанов Степан Иванович,рядовой,5,35
Зайцев Степан Павлович,капитан,9,32
Петров Матвей Алексеевич,рядовой,7,55
Иванов Артём Алексеевич,сержант,1,29
Макаров Егор Александрович,рядовой,5,29
Орлов Роман Михайлович,лейтенант,2,21
Алексеев Степан Александрович,полковник,2,46
Лебедев Александр Ильич,полковник,2,43
Яковлев Артём Викторович,полковник,1,39
Орлов Александр Дмитриевич,прапорщик,10,30
Васильев Алексей Олегович,полковник,8,29
Михайлов Кирилл Павлович,капитан,4,25
Соловьёв Иван Алексеевич,капитан,5,46
Алексеев Илья Александрович,капитан,4,54
Петров Роман Романович,прапорщик,1,28
Борисов Матвей Романович,рядовой,12,56
Соколов Константин Кириллович,сержант,8,28
Никитин Денис Алексеевич,капитан,2,28
Борисов Павел Сергеевич,полковник,7,32
Морозов Олег Дмитриевич,прапорщик,10,45
Петров Андрей Олегович,майор,7,46
Кочергин Олег Романович,полковник,3,47
Соловьёв Алексей Никитич,прапорщик,4,55
Семёнов Кирилл Иванович,рядовой,8,18
Егоров Степан Олегович,прапорщик,1,44
Макаров Денис Иванович,полковник,7,19
Попов Дмитрий Александрович,майор,12,24
Козлов Алексей Дмитриевич,сержант,3,22
Борисов Матвей Никитич,полковник,4,57
Петров Кирилл Михайлович,капитан,10,20
Козлов Илья Алексеевич,сержант,6,30
Соколов Артём Алексеевич,рядовой,3,33
Морозов Максим Дмитриевич,сержант,6,59
Захаров Никита Иванович,полковник,1,25
Степанов Илья Романович,прапорщик,6,20
Соколов Роман Никитич,майор,4,57
Васильев Илья Ильич,сержант,5,33
Кочергин Алексей Олегович,сержант,1,52
Иванов Матвей Кириллович,рядовой,3,35
Никитин Кирилл Максимович,сержант,10,21
Лебедев Никита Павлович,прапорщик,10,56
Степанов Андрей Дмитриевич,рядовой,3,33
Семёнов Роман Ильич,рядовой,8,47
Новиков Павел Иванович,прапорщик,3,22
Яковлев Александр Павлович,сержант,10,35
Николаев Максим Ильич,лейтенант,6,57
Захаров Сергей Андреевич,сержант,7,46
Сидоров Юрий Кириллович,рядовой,8,41
Соколов Роман Андреевич,лейтенант,5,48
Фёдоров Андрей Павлович,прапорщик,7,24
Борисов Андрей Александрович,капитан,7,25
Лебедев Илья Александрович,рядовой,10,55
Попов Виктор Михайлович,прапорщик,3,35
Петров Артём Алексеевич,майор,2,22
Морозов Юрий Кириллович,полковник,6,40
Иванов Никита Сергеевич,прапорщик,4,26
Смирнов Павел Сергеевич,прапорщик,4,60
Зайцев Дмитрий Викторович,лейтенант,10,47
Николаев Андрей Михайлович,лейтенант,10,26
Морозов Юрий Михайлович,полковник,3,27
Сидоров Евгений Кириллович,майор,5,58
Захаров Виктор Романович,майор,9,25
Козлов Алексей Александрович,прапорщик,9,48
Семёнов Дмитрий Олегович,лейтенант,11,42
Зайцев Павел Ильич,сержант,4,28
Козлов Павел Олегович,прапорщик,2,40
Соловьёв Константин Дмитриевич,сержант,6,47
Андреев Степан Никитич,лейтенант,5,21
Борисов Евгений Романович,майор,9,40
Макаров Евгений Ильич,полковник,12,52
Попов Никита Олегович,майор,8,26
Кочергин Алексей Александрович,майор,9,35
Кочергин Денис Андреевич,майор,10,28
Морозов Михаил Ильич,полковник,11,38
Макаров Матвей Максимович,полковник,10,43
Попов Степан Алексеевич,сержант,3,40
Иванов Сергей Алексеевич,прапорщик,12,60
Яковлев Олег Павлович,сержант,5,46
Попов Степан Олегович,сержант,10,34
Борисов Алексей Александрович,рядовой,3,28
Соколов Кирилл Максимович,прапорщик,10,54
Попов Константин Александрович,полковник,1,56
Андреев Олег Олегович,лейтенант,3,46
Петров Андрей Олегович,лейтенант,1,34
Яковлев Никита Дмитриевич,капитан,6,45
Васильев Алексей Максимович,лейтенант,5,59
Петров Александр Кириллович,капитан,2,21
Макаров Максим Кириллович,сержант,6,30
Павлов Константин Алексеевич,сержант,3,37
Зайцев Иван Максимович,рядовой,10,32
Кочергин Александр Дмитриевич,лейтенант,1,51
Кузнецов Иван Юрьевич,майор,1,38
Кочергин Кирилл Павлович,рядовой,11,44
Зайцев Дмитрий Юрьевич,лейтенант,3,43
Новиков Артём Иванович,рядовой,1,54
Фёдоров Илья Викторович,сержант,4,35
Алексеев Максим Викторович,полковник,7,60
Кузнецов Илья Сергеевич,сержант,4,44
Смирнов Александр Михайлович,прапорщик,12,23
Алексеев Михаил Андреевич,сержант,12,24
Кочергин Матвей Михайлович,полковник,5,25
Яковлев Артём Викторович,сержант,8,48
Орлов Роман Иванович,лейтенант,7,20
Алексеев Юрий Ильич,полковник,5,56
Новиков Алексей Дмитриевич,полковник,5,45
Захаров Максим Юрьевич,прапорщик,6,24
Егоров Степан Викторович,рядовой,2,49
Степанов Константин Ильич,сержант,5,29
Петров Алексей Никитич,капитан,4,46
Новиков Кирилл Михайлович,рядовой,8,28
Соколов Кирилл Иванович,лейтенант,6,30
Егоров Роман Михайлович,лейтенант,10,18
Попов Матвей Никитич,полковник,9,41
Макаров Илья Павлович,полковник,3,44
Павлов Павел Дмитриевич,прапорщик,12,47
Попов Артём Олегович,майор,12,35
Сидоров Олег Александрович,рядовой,10,39
Соколов Евгений Романович,майор,6,48
Макаров Кирилл Алексеевич,рядовой,7,35
Соколов Никита Александрович,полковник,1,55
Никитин Илья Юрьевич,капитан,2,34
Орлов Егор Дмитриевич,прапорщик,8,59
Николаев Егор Сергеевич,прапорщик,4,47
Егоров Евгений Михайлович,прапорщик,4,47
Петров Роман Павлович,рядовой,9,46
Зайцев Олег Иванович,лейтенант,5,44
Соловьёв Иван Андреевич,майор,7,32
Кочергин Степан Максимович,прапорщик,11,37
Борисов Юрий Максимович,капитан,6,51
Макаров Константин Дмитриевич,рядовой,3,46
Семёнов Юрий Алексеевич,капитан,2,18
Никитин Евгений Никитич,прапорщик,1,47
Николаев Степан Павлович,рядовой,5,33
Морозов Егор Олегович,рядовой,6,20
Соколов Юрий Кириллович,лейтенант,5,45
Козлов Евгений Кириллович,сержант,1,43
Семёнов Олег Викторович,майор,4,19
Зайцев Роман Юрьевич,майор,2,53
Яковлев Андрей Алексеевич,майор,3,44
Алексеев Денис Михайлович,полковник,2,57
Иванов Евгений Викторович,капитан,11,50
Алексеев Никита Ильич,капитан,6,56
Захаров Дмитрий Павлович,лейтенант,4,54
Алексеев Артём Никитич,майор,3,50
Андреев Константин Юрьевич,лейтенант,1,38
Захаров Олег Романович,полковник,1,60
Николаев Михаил Андреевич,сержант,2,47
Петров Кирилл Олегович,полковник,12,22
Павлов Роман Викторович,рядовой,7,43
Васильев Алексей Дмитриевич,полковник,2,43
Никитин Алексей Александрович,лейтенант,4,55
Козлов Алексей Максимович,майор,10,52
Яковлев Алексей Юрьевич,рядовой,9,27
Алексеев Юрий Романович,полковник,4,32
Лебедев Максим Викторович,майор,1,52
Алексеев Михаил Михайлович,сержант,7,55
Новиков Алексей Александрович,сержант,12,55
Павлов Виктор Кириллович,рядовой,11,33
Фёдоров Михаил Александрович,рядовой,5,40
Никитин Павел Олегович,лейтенант,1,42
Степанов Алексей Максимович,капитан,6,52
Лебедев Артём Александрович,прапорщик,5,56
Егоров Алексей Михайлович,сержант,9,50
Макаров Кирилл Кириллович,полковник,1,27
Захаров Юрий Максимович,лейтенант,12,52
Смирнов Егор Юрьевич,капитан,1,42
Николаев Роман Михайлович,майор,4,25
Фёдоров Олег Дмитриевич,рядовой,7,59
Соловьёв Кирилл Андреевич,полковник,11,50
Сидоров Никита Александрович,сержант,8,20
Смирнов Денис Дмитриевич,капитан,3,44
Николаев Михаил Дмитриевич,лейтенант,1,31
Иванов Евгений Дмитриевич,капитан,11,22
Лебедев Алексей Павлович,сержант,9,28
Степанов Егор Алексеевич,майор,5,37
Зайцев Евгений Романович,полковник,1,60
Соловьёв Александр Викторович,сержант,9,50
Орлов Павел Романович,капитан,3,59
Николаев Иван Михайлович,рядовой,2,44
Павлов Александр Олегович,капитан,11,25
Макаров Константин Павлович,полковник,2,28
Захаров Денис Павлович,лейтенант,3,18
Павлов Дмитрий Андреевич,полковник,1,33
Степанов Сергей Викторович,рядовой,11,29
Яковлев Егор Ильич,майор,5,35
Михайлов Артём Романович,полковник,10,42
Николаев Олег Алексеевич,майор,5,39
Егоров Виктор Юрьевич,рядовой,2,29
Иванов Михаил Андреевич,прапорщик,3,60
Борисов Матвей Ильич,лейтенант,10,19
Козлов Максим Андреевич,сержант,8,41
Соколов Александр Алексеевич,капитан,5,54
Лебедев Роман Дмитриевич,сержант,10,42
Николаев Иван Александрович,сержант,5,33
Кочергин Никита Андреевич,полковник,12,37
Петров Матвей Иванович,сержант,12,45
Михайлов Евгений Максимович,майор,9,46
Захаров Матвей Михайлович,майор,1,33
Соловьёв Роман Михайлович,полковник,9,52
Кузнецов Сергей Иванович,полковник,12,54
Лебедев Денис Кириллович,капитан,6,35
Андреев Роман Олегович,сержант,4,26
Соколов Егор Дмитриевич,лейтенант,7,47
Степанов Константин Олегович,прапорщик,10,22
Кузнецов Матвей Никитич,капитан,8,60
Борисов Алексей Андреевич,майор,1,34
Попов Константин Павлович,сержант,3,44
Козлов Константин Андреевич,рядовой,7,44
Кочергин Максим Викторович,капитан,10,44
Попов Артём Иванович,лейтенант,10,55
Яковлев Константин Андреевич,капитан,12,56
Захаров Степан Кириллович,сержант,6,53
Макаров Денис Павлович,капитан,9,47
Андреев Денис Викторович,капитан,3,41
Яковлев Егор Александрович,прапорщик,2,33
Михайлов Евгений Алексеевич,рядовой,9,34
Борисов Константин Кириллович,рядовой,6,30
Степанов Евгений Ильич,полковник,10,23
Кузнецов Андрей Павлович,рядовой,1,18
Борисов Максим Никитич,прапорщик,1,59
Орлов Юрий Викторович,лейтенант,3,57
Макаров Максим Никитич,майор,11,60
Соколов Дмитрий Никитич,майор,10,22
Васильев Михаил Сергеевич,рядовой,4,51
Захаров Павел Юрьевич,прапорщик,3,58
Зайцев Степан Юрьевич,сержант,1,55
Степанов Степан Олегович,майор,6,60
Кочергин Михаил Алексеевич,майор,11,26
Новиков Александр Романович,капитан,12,59
Кузнецов Дмитрий Алексеевич,сержант,6,32
Иванов Павел Юрьевич,лейтенант,7,56
Захаров Сергей Михайлович,капитан,10,43
Кузнецов Павел Дмитриевич,майор,6,43
Павлов Андрей Александрович,рядовой,8,60
Морозов Илья Александрович,лейтенант,10,44
Алексеев Сергей Олегович,капитан,6,48
Кузнецов Олег Никитич,полковник,1,37
Соколов Михаил Юрьевич,прапорщик,2,28
Фёдоров Илья Максимович,майор,4,48
Орлов Константин Романович,полковник,7,24
Иванов Дмитрий Юрьевич,лейтенант,8,30
Николаев Алексей Максимович,лейтенант,6,21
Соколов Егор Максимович,полковник,10,60
Попов Дмитрий Андреевич,майор,6,57
Макаров Павел Максимович,капитан,4,51
Семёнов Артём Ильич,лейтенант,1,30
Новиков Алексей Никитич,полковник,5,35
Соловьёв Иван Никитич,капитан,10,18
Никитин Кирилл Юрьевич,лейтенант,1,46
Макаров Степан Олегович,полковник,3,32
Фёдоров Максим Александрович,майор,8,44
Фёдоров Максим Максимович,полковник,8,58
Петров Юрий Иванович,рядовой,8,33
Орлов Алексей Иванович,рядовой,5,40
Кочергин Артём Михайлович,рядовой,10,22
Павлов Матвей Александрович,прапорщик,6,52
Макаров Максим Сергеевич,прапорщик,8,34
Михайлов Юрий Павлович,майор,6,33
Степанов Виктор Сергеевич,лейтенант,1,59
Семёнов Денис Александрович,рядовой,5,18
Козлов Илья Александрович,майор,5,38
Борисов Михаил Сергеевич,капитан,5,19
Никитин Илья Андреевич,сержант,2,52
Иванов Виктор Ильич,капитан,7,43
Никитин Алексей Дмитриевич,сержант,9,41
Яковлев Степан Павлович,майор,5,58
Андреев Александр Викторович,капитан,9,18
Кузнецов Роман Романович,сержант,10,39
Сидоров Роман Никитич,майор,7,56
Васильев Артём Кириллович,прапорщик,12,44
Кузнецов Артём Дмитриевич,сержант,10,47
Новиков Кирилл Александрович,капитан,9,21
Никитин Егор Юрьевич,рядовой,9,56
Павлов Денис Дмитриевич,капитан,3,20
Орлов Юрий Сергеевич,капитан,12,57
Сидоров Степан Никитич,полковник,4,23
Сидоров Артём Андреевич,полковник,7,42
Смирнов Сергей Романович,капитан,5,53
Фёдоров Степан Дмитриевич,прапорщик,3,43
Соколов Алексей Сергеевич,рядовой,10,59
Кочергин Дмитрий Никитич,лейтенант,11,28
Кузнецов Александр Романович,сержант,10,48
Орлов Александр Юрьевич,лейтенант,5,41
Андреев Кирилл Никитич,лейтенант,12,21
Соловьёв Степан Андреевич,майор,4,23
Лебедев Максим Никитич,лейтенант,12,22
Зайцев Константин Романович,майор,4,54
Михайлов Егор Юрьевич,полковник,7,44
Кузнецов Егор Алексеевич,сержант,6,54
Кочергин Александр Иванович,сержант,1,26
Макаров Роман Максимович,майор,9,37
Иванов Андрей Иванович,лейтенант,9,46
Иванов Артём Павлович,капитан,7,21
Фёдоров Дмитрий Павлович,сержант,1,43
Кочергин Илья Олегович,полковник,1,41
Петров Андрей Максимович,майор,11,45
Михайлов Александр Сергеевич,рядовой,4,55
Петров Павел Сергеевич,сержант,1,33
Николаев Александр Андреевич,прапорщик,3,19
Степанов Кирилл Романович,сержант,12,30
Никитин Иван Иванович,капитан,8,56
Морозов Илья Сергеевич,капитан,11,29
Кочергин Дмитрий Дмитриевич,капитан,12,52
Алексеев Дмитрий Андреевич,полковник,8,40
Яковлев Денис Никитич,майор,6,34
Захаров Кирилл Андреевич,рядовой,6,36
Макаров Степан Никитич,майор,5,39
Соколов Евгений Максимович,рядовой,9,19
Николаев Степан Сергеевич,майор,9,56
Кочергин Матвей Иванович,капитан,4,36
Борисов Михаил Романович,лейтенант,7,28
Соловьёв Алексей Иванович,сержант,2,49
Степанов Денис Дмитриевич,прапорщик,12,44
Кочергин Александр Кириллович,полковник,7,24
Захаров Егор Андреевич,прапорщик,9,45
Иванов Иван Александрович,прапорщик,8,58
Кузнецов Егор Павлович,рядовой,3,30
Морозов Максим Иванович,капитан,6,19
Сидоров Матвей Ильич,майор,1,22
Лебедев Илья Максимович,лейтенант,8,24
Фёдоров Егор Дмитриевич,прапорщик,9,46
Козлов Дмитрий Иванович,сержант,3,34
Новиков Максим Ильич,сержант,10,38
Новиков Иван Михайлович,рядовой,12,42
Михайлов Матвей Ильич,рядовой,11,38
Андреев Иван Дмитриевич,прапорщик,12,47
Смирнов Павел Максимович,полковник,11,51
Николаев Павел Павлович,лейтенант,12,37
Соловьёв Юрий Павлович,капитан,4,45
Фёдоров Роман Сергеевич,капитан,4,30
Борисов Никита Юрьевич,прапорщик,11,60
Павлов Иван Павлович,капитан,1,41
Орлов Иван Дмитриевич,полковник,3,33
Макаров Юрий Юрьевич,полковник,8,23
Павлов Кирилл Кириллович,полковник,1,59
Смирнов Павел Алексеевич,сержант,1,56
Морозов Егор Юрьевич,сержант,4,30
Соловьёв Андрей Юрьевич,сержант,11,26
Васильев Павел Павлович,прапорщик,5,20
Попов Степан Андреевич,прапорщик,4,28
Зайцев Роман Викторович,лейтенант,10,55
Николаев Алексей Михайлович,сержант,8,48
Яковлев Илья Алексеевич,сержант,12,52
Соловьёв Никита Андреевич,рядовой,3,33
Орлов Алексей Александрович,капитан,2,34
Андреев Александр Максимович,лейтенант,10,30
Соколов Алексей Михайлович,прапорщик,3,31
Новиков Денис Максимович,капитан,10,51
Кузнецов Константин Александрович,полковник,11,48
Фёдоров Никита Максимович,прапорщик,5,39
Кузнецов Роман Дмитриевич,лейтенант,6,45
Козлов Юрий Максимович,сержант,9,32
Смирнов Александр Александрович,майор,7,36
Соколов Артём Андреевич,сержант,7,58
Макаров Андрей Андреевич,лейтенант,8,47
Лебедев Артём Ильич,рядовой,7,50
Андреев Дмитрий Павлович,лейтенант,5,48
Иванов Иван Александрович,сержант,9,41
Петров Илья Павлович,полковник,1,39
Степанов Никита Алексеевич,капитан,9,37
Кузнецов Олег Никитич,рядовой,12,20
Николаев Денис Никитич,майор,1,26
Борисов Денис Михайлович,рядовой,11,59
Соловьёв Егор Юрьевич,полковник,6,50
Попов Егор Викторович,лейтенант,3,41
Козлов Александр Олегович,полковник,3,18
Зайцев Дмитрий Кириллович,майор,7,30
Захаров Евгений Иванович,майор,7,34
Алексеев Максим Никитич,капитан,8,35
Фёдоров Константин Юрьевич,майор,10,31
Смирнов Евгений Ильич,капитан,12,54
Орлов Денис Михайлович,полковник,10,22
Михайлов Константин Олегович,рядовой,10,57
Борисов Никита Романович,рядовой,5,56
Андреев Виктор Ильич,сержант,7,45
Новиков Артём Андреевич,сержант,12,32
Козлов Кирилл Павлович,рядовой,3,24
Попов Юрий Максимович,майор,2,39
Степанов Михаил Романович,сержант,5,19
Иванов Юрий Максимович,сержант,11,46
Алексеев Юрий Алексеевич,сержант,4,55
Егоров Юрий Никитич,лейтенант,5,29
Зайцев Олег Алексеевич,прапорщик,7,47
Макаров Евгений Юрьевич,рядовой,9,50
Егоров Андрей Андреевич,сержант,8,51
Николаев Степан Юрьевич,рядовой,6,60
Павлов Михаил Максимович,лейтенант,9,21
Кочергин Юрий Максимович,майор,4,34
Козлов Олег Иванович,лейтенант,5,47
Макаров Павел Михайлович,лейтенант,1,38
Егоров Егор Викторович,капитан,5,54
Никитин Роман Ильич,майор,9,33
Иванов Константин Викторович,сержант,4,43
Захаров Сергей Дмитриевич,полковник,9,21
Козлов Андрей Олегович,рядовой,7,43
Кузнецов Александр Сергеевич,лейтенант,6,40
Борисов Никита Викторович,майор,9,44
Михайлов Никита Юрьевич,майор,9,43
Фёдоров Никита Иванович,лейтенант,6,24
Попов Кирилл Юрьевич,лейтенант,5,18
Иванов Дмитрий Павлович,капитан,8,39
Егоров Егор Андреевич,прапорщик,11,21
Морозов Максим Олегович,лейтенант,6,34
Фёдоров Сергей Андреевич,сержант,5,37
Михайлов Максим Юрьевич,прапорщик,1,27
Захаров Артём Ильич,капитан,7,52
Алексеев Александр Кириллович,полковник,6,48
Соловьёв Дмитрий Максимович,лейтенант,1,33
Алексеев Артём Дмитриевич,капитан,5,35
Кузнецов Артём Олегович,рядовой,3,20
Захаров Юрий Романович,майор,1,52
Степанов Степан Кириллович,рядовой,10,35
Макаров Максим Ильич,прапорщик,11,55
Иванов Павел Олегович,майор,2,56
Семёнов Константин Юрьевич,полковник,10,49
Кузнецов Кирилл Романович,сержант,9,35
Смирнов Артём Иванович,лейтенант,10,35
Егоров Александр Никитич,прапорщик,1,47
Васильев Матвей Павлович,полковник,12,49
Новиков Евгений Александрович,капитан,6,49
Николаев Олег Кириллович,капитан,5,19
Борисов Никита Дмитриевич,сержант,11,45
Иванов Алексей Михайлович,прапорщик,3,59
Соловьёв Дмитрий Кириллович,рядовой,6,51
Степанов Андрей Романович,капитан,5,57
Зайцев Александр Викторович,сержант,5,27
Петров Илья Сергеевич,капитан,12,46
Орлов Иван Юрьевич,прапорщик,9,45
Лебедев Матвей Иванович,рядовой,11,37
Сидоров Евгений Олегович,майор,5,51
Макаров Алексей Ильич,рядовой,9,51
Никитин Андрей Романович,полковник,11,51
Соловьёв Роман Михайлович,рядовой,10,44
Попов Илья Кириллович,сержант,7,19
Макаров Олег Иванович,майор,9,42
Андреев Константин Михайлович,сержант,8,44
Зайцев Денис Никитич,капитан,4,24
Соловьёв Иван Ильич,майор,1,42
Кочергин Алексей Ильич,майор,11,23
Морозов Максим Максимович,лейтенант,9,50
Кузнецов Михаил Андреевич,лейтенант,6,39
Козлов Михаил Олегович,капитан,9,55
Зайцев Александр Олегович,сержант,4,26
Лебедев Андрей Кириллович,майор,8,25
Лебедев Константин Александрович,сержант,3,32
Семёнов Виктор Дмитриевич,рядовой,12,45
Фёдоров Кирилл Викторович,рядовой,11,53
Михайлов Иван Викторович,капитан,6,34
Сидоров Олег Викторович,лейтенант,8,38
Фёдоров Артём Максимович,полковник,9,52
Степанов Виктор Дмитриевич,полковник,8,31
Лебедев Евгений Максимович,прапорщик,10,22
Фёдоров Денис Дмитриевич,капитан,10,37
Морозов Евгений Павлович,сержант,7,53
Васильев Евгений Михайлович,капитан,9,46
Алексеев Артём Александрович,полковник,3,19
Орлов Денис Павлович,рядовой,3,33
Козлов Роман Сергеевич,сержант,2,58
Захаров Виктор Александрович,майор,6,23
Павлов Степан Сергеевич,сержант,10,59
Захаров Степан Павлович,полковник,11,24
Егоров Андрей Александрович,майор,8,18
Яковлев Роман Павлович,майор,10,20
Соловьёв Сергей Дмитриевич,лейтенант,10,26
Соколов Денис Андреевич,капитан,9,27
Кочергин Степан Кириллович,сержант,5,50
Орлов Егор Никитич,капитан,8,20
Соколов Юрий Романович,рядовой,7,49
Фёдоров Иван Олегович,полковник,9,32
Васильев Никита Иванович,майор,8,18
Захаров Денис Викторович,сержант,12,24
Никитин Алексей Ильич,рядовой,6,39
Фёдоров Олег Дмитриевич,майор,6,46
Орлов Дмитрий Иванович,сержант,11,23
Егоров Денис Кириллович,капитан,5,35
Михайлов Дмитрий Никитич,прапорщик,9,52
Васильев Сергей Максимович,прапорщик,2,37
Борисов Денис Дмитриевич,майор,12,24
Никитин Андрей Кириллович,майор,6,21
Васильев Роман Викторович,рядовой,6,58
Никитин Роман Максимович,майор,1,55
Николаев Иван Викторович,капитан,8,52
Петров Андрей Кириллович,майор,5,58
Михайлов Матвей Олегович,капитан,5,34
Алексеев Денис Никитич,рядовой,4,45
Макаров Егор Никитич,полковник,1,22
Алексеев Артём Андреевич,капитан,6,48
Васильев Денис Ильич,полковник,2,40
Козлов Денис Иванович,лейтенант,12,28
Степанов Юрий Андреевич,майор,8,32
Смирнов Евгений Павлович,капитан,12,31
Андреев Дмитрий Андреевич,капитан,2,39
Павлов Матвей Никитич,майор,3,32
Соколов Алексей Никитич,рядовой,7,41
Сидоров Степан Иванович,майор,12,34
Павлов Илья Олегович,полковник,7,19
Лебедев Артём Никитич,прапорщик,7,48
Андреев Кирилл Павлович,сержант,12,25
Морозов Олег Иванович,капитан,5,59
Сидоров Олег Юрьевич,прапорщик,12,57
Смирнов Егор Максимович,лейтенант,1,39
Иванов Алексей Алексеевич,рядовой,9,60
Смирнов Роман Максимович,майор,5,24
Соколов Михаил Михайлович,майор,8,42
Андреев Дмитрий Михайлович,полковник,9,31
Андреев Денис Викторович,прапорщик,1,26
Козлов Андрей Павлович,прапорщик,11,58
Соколов Артём Александрович,полковник,3,45
Соловьёв Олег Иванович,майор,1,54
Макаров Олег Павлович,майор,3,25
Павлов Артём Олегович,лейтенант,8,47
Смирнов Константин Павлович,лейтенант,7,45
Сидоров Александр Андреевич,прапорщик,12,43
Яковлев Илья Михайлович,сержант,1,26
Захаров Андрей Андреевич,майор,12,32
Михайлов Константин Дмитриевич,рядовой,4,46
Алексеев Степан Кириллович,лейтенант,8,40
Степанов Александр Сергеевич,лейтенант,8,57
Сидоров Никита Андреевич,майор,5,35
Зайцев Роман Сергеевич,прапорщик,5,19
Степанов Алексей Ильич,сержант,6,22
Лебедев Михаил Павлович,прапорщик,7,37
Кузнецов Роман Дмитриевич,рядовой,9,42
Соколов Денис Андреевич,лейтенант,4,22
Козлов Павел Иванович,майор,11,42
Борисов Константин Романович,прапорщик,10,28
Николаев Алексей Юрьевич,майор,8,42
Соловьёв Кирилл Максимович,прапорщик,10,20
Иванов Артём Романович,рядовой,3,39
Фёдоров Максим Ильич,полковник,5,36
Яковлев Виктор Михайлович,капитан,7,48
Кузнецов Алексей Кириллович,капитан,1,37
Семёнов Илья Кириллович,рядовой,5,41
Михайлов Роман Максимович,прапорщик,11,48
Новиков Павел Ильич,сержант,6,23
Смирнов Кирилл Викторович,капитан,9,47
Козлов Никита Ильич,рядовой,3,18
Новиков Александр Романович,прапорщик,4,46
Семёнов Олег Олегович,лейтенант,2,50
Васильев Дмитрий Иванович,капитан,1,21
Смирнов Юрий Юрьевич,сержант,2,37
Васильев Павел Максимович,прапорщик,2,22
Михайлов Илья Олегович,лейтенант,9,44
Попов Олег Сергеевич,полковник,1,49
Захаров Степан Максимович,капитан,8,24
Петров Константин Павлович,майор,9,38
Алексеев Михаил Андреевич,прапорщик,8,21
Алексеев Олег Александрович,сержант,7,55
Орлов Артём Кириллович,полковник,12,22
Морозов Кирилл Алексеевич,майор,12,30
Иванов Роман Дмитриевич,рядовой,3,30
Петров Алексей Олегович,полковник,6,59
Андреев Никита Александрович,майор,6,26
Попов Михаил Сергеевич,рядовой,5,27
Иванов Роман Олегович,лейтенант,1,24
Фёдоров Максим Михайлович,прапорщик,12,55
Козлов Андрей Александрович,рядовой,7,45
Борисов Илья Ильич,полковник,12,51
Кузнецов Андрей Андреевич,полковник,3,35
Петров Дмитрий Романович,сержант,10,26
Попов Виктор Алексеевич,рядовой,6,42
Кузнецов Олег Александрович,рядовой,11,57
Никитин Дмитрий Максимович,рядовой,4,34
Павлов Михаил Ильич,сержант,10,24
Васильев Илья Алексеевич,прапорщик,3,51
Кочергин Сергей Ильич,сержант,4,56
Михайлов Никита Олегович,майор,5,39
Кузнецов Артём Никитич,сержант,9,43
Новиков Михаил Викторович,лейтенант,1,29
Михайлов Павел Олегович,лейтенант,4,35
Попов Дмитрий Иванович,сержант,7,47
Николаев Виктор Юрьевич,майор,4,35
Орлов Павел Иванович,сержант,10,48
Зайцев Илья Иванович,лейтенант,2,39
Андреев Алексей Павлович,лейтенант,6,39
Козлов Максим Михайлович,лейтенант,7,28
Морозов Илья Дмитриевич,капитан,7,44
Новиков Сергей Михайлович,лейтенант,6,32
Соколов Роман Иванович,сержант,5,46
Никитин Кирилл Павлович,лейтенант,12,38
Орлов Илья Романович,сержант,9,55
Андреев Юрий Олегович,сержант,11,54
Павлов Никита Кириллович,сержант,5,30
Борисов Юрий Павлович,лейтенант,10,27
Новиков Сергей Романович,лейтенант,2,28
Николаев Иван Олегович,сержант,12,58
Павлов Илья Романович,прапорщик,4,60
Новиков Егор Романович,капитан,12,45
Соколов Виктор Александрович,лейтенант,2,43
Макаров Степан Андреевич,прапорщик,10,48
Козлов Олег Кириллович,капитан,10,52
Захаров Виктор Максимович,лейтенант,2,40
Соловьёв Илья Максимович,рядовой,7,50
Николаев Артём Викторович,рядовой,1,33
Иванов Денис Ильич,лейтенант,3,42
Петров Денис Алексеевич,полковник,1,24
Михайлов Степан Олегович,полковник,8,53
Борисов Юрий Александрович,капитан,3,42
Макаров Кирилл Ильич,рядовой,3,25
Новиков Роман Ильич,капитан,5,46
Кочергин Алексей Романович,майор,5,27
Макаров Павел Алексеевич,лейтенант,12,36
Морозов Роман Ильич,полковник,4,56
Смирнов Иван Андреевич,майор,10,55
Николаев Михаил Александрович,сержант,7,54
Михайлов Евгений Максимович,майор,2,29
Николаев Егор Павлович,майор,5,54
Лебедев Максим Олегович,лейтенант,11,19
Алексеев Виктор Кириллович,сержант,6,32
Степанов Сергей Дмитриевич,рядовой,7,24
Попов Матвей Александрович,рядовой,7,33
Козлов Константин Михайлович,майор,10,20
Никитин Максим Ильич,сержант,4,35
Михайлов Артём Юрьевич,майор,7,48
Орлов Артём Михайлович,капитан,2,36
Петров Павел Михайлович,рядовой,12,21
Сидоров Егор Юрьевич,капитан,4,20
Сидоров Кирилл Максимович,рядовой,7,18
Новиков Павел Максимович,полковник,1,21
Соловьёв Михаил Алексеевич,рядовой,3,51
Павлов Егор Олегович,рядовой,7,52
Петров Максим Дмитриевич,сержант,5,27
Смирнов Артём Михайлович,капитан,12,39
Новиков Степан Михайлович,сержант,1,31
Фёдоров Артём Максимович,лейтенант,1,48
Козлов Виктор Сергеевич,лейтенант,10,24
Васильев Степан Павлович,рядовой,2,38
Захаров Денис Сергеевич,полковник,12,23
Захаров Денис Сергеевич,сержант,3,24
Козлов Виктор Никитич,полковник,1,26
Новиков Иван Александрович,сержант,9,53
Захаров Олег Максимович,прапорщик,2,25
Кузнецов Степан Викторович,полковник,11,37
Фёдоров Андрей Юрьевич,майор,2,56
Васильев Егор Юрьевич,полковник,9,41
Семёнов Роман Никитич,полковник,7,30
Степанов Максим Кириллович,капитан,2,20
Яковлев Олег Юрьевич,прапорщик,10,25
Орлов Роман Сергеевич,полковник,10,36
Попов Илья Андреевич,рядовой,6,36
Борисов Дмитрий Максимович,майор,4,23
Яковлев Никита Ильич,прапорщик,1,44
Степанов Виктор Олегович,майор,3,42
Сидоров Егор Михайлович,полковник,6,39
Попов Никита Алексеевич,полковник,11,49
Макаров Михаил Максимович,рядовой,3,58
Морозов Михаил Юрьевич,майор,2,47
Козлов Степан Михайлович,капитан,9,40
Алексеев Роман Никитич,капитан,10,56
Соколов Дмитрий Александрович,прапорщик,2,55
Николаев Юрий Романович,лейтенант,8,40
Орлов Роман Ильич,прапорщик,6,50
Новиков Андрей Алексеевич,лейтенант,11,23
Лебедев Андрей Павлович,лейтенант,3,59
Морозов Роман Иванович,рядовой,5,42
Соловьёв Александр Юрьевич,рядовой,11,20
Сидоров Михаил Михайлович,рядовой,4,18
Зайцев Роман Олегович,полковник,3,34
Петров Юрий Викторович,полковник,2,18
Иванов Олег Олегович,лейтенант,9,56
Петров Виктор Михайлович,полковник,2,49
Кузнецов Степан Андреевич,рядовой,8,44
Попов Артём Сергеевич,рядовой,6,60
Попов Андрей Кириллович,сержант,9,27
Попов Алексей Андреевич,прапорщик,1,52
Михайлов Денис Романович,полковник,3,51
Васильев Матвей Никитич,рядовой,1,35
Сидоров Дмитрий Михайлович,лейтенант,10,25
Соколов Матвей Сергеевич,майор,2,33
Морозов Виктор Александрович,полковник,6,30
Фёдоров Иван Андреевич,сержант,11,51
Козлов Андрей Александрович,полковник,7,36
Смирнов Олег Иванович,лейтенант,9,20
Степанов Иван Кириллович,рядовой,3,52
Иванов Максим Александрович,прапорщик,2,57
Новиков Юрий Романович,сержант,5,22
Степанов Никита Андреевич,полковник,9,24
Яковлев Олег Михайлович,прапорщик,8,53
Алексеев Иван Никитич,майор,11,26
Павлов Дмитрий Алексеевич,рядовой,11,50
Орлов Степан Кириллович,рядовой,7,32
Никитин Матвей Юрьевич,капитан,11,19
Орлов Илья Викторович,капитан,10,25
Орлов Андрей Сергеевич,сержант,11,57
Макаров Юрий Викторович,прапорщик,4,43
Степанов Павел Александрович,прапорщик,6,53
Фёдоров Матвей Юрьевич,полковник,6,55
Козлов Михаил Александрович,капитан,5,29
Козлов Александр Олегович,капитан,7,54
Николаев Дмитрий Никитич,прапорщик,3,51
Степанов Степан Олегович,рядовой,7,22
Макаров Дмитрий Павлович,прапорщик,7,47
Соколов Илья Викторович,полковник,5,41
Лебедев Дмитрий Максимович,лейтенант,6,27
Лебедев Егор Максимович,сержант,7,60
Павлов Максим Никитич,капитан,9,21
Кузнецов Матвей Кириллович,майор,1,50
Михайлов Артём Юрьевич,майор,7,57
Степанов Алексей Павлович,прапорщик,5,37
Лебедев Денис Алексеевич,прапорщик,1,52
Новиков Виктор Алексеевич,сержант,12,27
Борисов Кирилл Алексеевич,сержант,5,50
Иванов Дмитрий Михайлович,рядовой,8,26
Новиков Сергей Романович,прапорщик,4,43
Степанов Сергей Романович,капитан,6,38
Лебедев Михаил Александрович,лейтенант,3,49
Козлов Роман Александрович,сержант,5,28
Морозов Иван Дмитриевич,сержант,4,32
Орлов Андрей Романович,майор,10,36
Морозов Алексей Кириллович,полковник,2,38
Николаев Степан Андреевич,капитан,7,32
Петров Кирилл Александрович,полковник,3,56
Алексеев Роман Алексеевич,майор,10,56
Сидоров Иван Алексеевич,рядовой,8,36
Попов Константин Андреевич,полковник,3,19
Новиков Максим Олегович,лейтенант,9,29
Борисов Сергей Иванович,майор,4,55
Попов Роман Павлович,капитан,4,48
Соловьёв Александр Павлович,сержант,3,40
Никитин Дмитрий Ильич,рядовой,4,55
Попов Евгений Дмитриевич,прапорщик,9,40
Иванов Алексей Андреевич,рядовой,7,24
Орлов Павел Дмитриевич,рядовой,10,33
Николаев Илья Ильич,прапорщик,10,32
Семёнов Константин Юрьевич,рядовой,10,21
Иванов Дмитрий Александрович,сержант,12,55
Николаев Никита Олегович,рядовой,7,27
Попов Никита Павлович,майор,12,35
Андреев Денис Максимович,капитан,12,41
Морозов Константин Никитич,рядовой,12,46
Козлов Константин Андреевич,сержант,1,36
Захаров Матвей Ильич,сержант,12,32
Сидоров Роман Викторович,лейтенант,9,22
Новиков Никита Павлович,прапорщик,8,36
Зайцев Илья Викторович,рядовой,12,25
Степанов Михаил Иванович,сержант,11,57
Андреев Сергей Максимович,майор,8,49
Алексеев Егор Олегович,прапорщик,1,40
Попов Виктор Юрьевич,майор,7,22
Кузнецов Александр Алексеевич,капитан,2,59
Фёдоров Денис Дмитриевич,лейтенант,11,22
Захаров Константин Дмитриевич,сержант,3,33
Сидоров Виктор Сергеевич,лейтенант,8,58
Павлов Виктор Викторович,рядовой,7,58
Зайцев Денис Олегович,сержант,6,33
Кузнецов Андрей Ильич,майор,8,25
Павлов Матвей Андреевич,рядовой,3,42
Зайцев Олег Никитич,майор,9,41
Алексеев Илья Юрьевич,рядовой,2,36
Соловьёв Андрей Никитич,сержант,1,20
Иванов Илья Викторович,полковник,6,33
Козлов Степан Андреевич,полковник,4,22
Васильев Андрей Михайлович,лейтенант,6,56
Орлов Олег Павлович,лейтенант,10,31
Кузнецов Денис Михайлович,рядовой,8,60
Павлов Артём Юрьевич,лейтенант,6,54
Сидоров Никита Ильич,капитан,3,20
Смирнов Сергей Михайлович,майор,1,42
Захаров Матвей Алексеевич,майор,7,43
Новиков Алексей Олегович,лейтенант,4,41
Сидоров Андрей Юрьевич,сержант,5,38
Морозов Илья Кириллович,лейтенант,6,43
Фёдоров Роман Юрьевич,лейтенант,5,51
Лебедев Евгений Никитич,капитан,7,28
Попов Кирилл Никитич,майор,6,25
Иванов Михаил Олегович,майор,3,38
Иванов Егор Андреевич,капитан,7,38
Кочергин Степан Романович,полковник,2,27
Зайцев Виктор Дмитриевич,полковник,7,26
Никитин Иван Олегович,майор,8,29
Степанов Илья Романович,майор,1,57
Лебедев Павел Ильич,прапорщик,11,35
Соловьёв Андрей Максимович,сержант,10,25
Новиков Егор Иванович,рядовой,3,27
Захаров Артём Никитич,лейтенант,8,53
Соловьёв Юрий Александрович,прапорщик,6,49
Макаров Павел Викторович,полковник,3,41
Смирнов Евгений Никитич,майор,11,21
Лебедев Александр Ильич,сержант,11,57
Егоров Андрей Максимович,прапорщик,8,53
Орлов Андрей Кириллович,сержант,8,59
Макаров Андрей Дмитриевич,капитан,12,35
Фёдоров Максим Павлович,лейтенант,7,46
Иванов Роман Ильич,лейтенант,11,32
Орлов Андрей Олегович,сержант,1,25
Сидоров Андрей Андреевич,рядовой,1,51
Новиков Евгений Михайлович,сержант,7,34
Никитин Степан Ильич,сержант,4,45
Соловьёв Иван Павлович,рядовой,9,28
Андреев Степан Павлович,лейтенант,12,58
Сидоров Юрий Ильич,лейтенант,1,39
Николаев Виктор Михайлович,капитан,5,45
Борисов Константин Андреевич,рядовой,9,41
Яковлев Егор Михайлович,капитан,12,21
Смирнов Артём Андреевич,прапорщик,10,41
Никитин Максим Ильич,прапорщик,1,59
Борисов Александр Максимович,рядовой,6,36
Кочергин Сергей Юрьевич,прапорщик,9,59
Петров Степан Дмитриевич,сержант,9,50
Козлов Олег Дмитриевич,прапорщик,5,58
Сидоров Дмитрий Никитич,рядовой,5,33
Сидоров Матвей Павлович,лейтенант,9,39
Сидоров Виктор Ильич,полковник,6,30
Егоров Олег Сергеевич,прапорщик,9,59
Васильев Денис Никитич,лейтенант,6,40
Егоров Дмитрий Ильич,рядовой,10,58
Иванов Сергей Павлович,капитан,6,42
Новиков Иван Сергеевич,лейтенант,8,53
Михайлов Дмитрий Максимович,капитан,1,27
Борисов Иван Сергеевич,лейтенант,10,51
Андреев Степан Ильич,лейтенант,12,24
Алексеев Максим Сергеевич,прапорщик,9,42
Алексеев Евгений Олегович,рядовой,2,54
Козлов Денис Павлович,лейтенант,6,55
Макаров Юрий Ильич,майор,4,28
Алексеев Максим Юрьевич,полковник,1,38
Соловьёв Александр Романович,капитан,4,41
Васильев Кирилл Иванович,майор,9,22
Козлов Матвей Олегович,прапорщик,8,27
Павлов Матвей Кириллович,прапорщик,4,33
Козлов Олег Алексеевич,прапорщик,3,42
Кочергин Виктор Андреевич,рядовой,8,48
Фёдоров Степан Дмитриевич,рядовой,11,39
Павлов Кирилл Олегович,лейтенант,9,49
Степанов Артём Александрович,полковник,4,18
Кузнецов Евгений Романович,сержант,3,47
Попов Денис Павлович,лейтенант,10,53
Захаров Олег Кириллович,прапорщик,6,22
Николаев Матвей Дмитриевич,сержант,6,26
Соловьёв Евгений Иванович,прапорщик,7,24
Соколов Александр Викторович,полковник,4,18
Павлов Павел Юрьевич,сержант,12,18
Николаев Иван Кириллович,капитан,12,28
Семёнов Денис Юрьевич,лейтенант,12,25
Смирнов Евгений Никитич,сержант,6,26
Андреев Денис Павлович,сержант,1,56
Петров Александр Викторович,рядовой,3,22
Петров Андрей Михайлович,сержант,4,36
Орлов Михаил Юрьевич,сержант,11,21
Морозов Виктор Юрьевич,полковник,12,60
Лебедев Денис Сергеевич,полковник,10,45
Яковлев Сергей Юрьевич,рядовой,7,41
Андреев Константин Олегович,прапорщик,7,43
Никитин Иван Олегович,прапорщик,1,56
Степанов Виктор Павлович,капитан,4,30
Новиков Кирилл Александрович,рядовой,10,41
Кузнецов Алексей Никитич,сержант,11,42
Орлов Юрий Иванович,сержант,8,57
Васильев Юрий Алексеевич,сержант,2,55
Сидоров Кирилл Кириллович,капитан,12,18
Лебедев Александр Иванович,майор,5,48
Орлов Илья Олегович,рядовой,2,39
Семёнов Олег Сергеевич,рядовой,6,20
Макаров Юрий Сергеевич,рядовой,2,43
Андреев Андрей Олегович,рядовой,1,50
Петров Андрей Павлович,прапорщик,9,54
Андреев Артём Михайлович,полковник,8,39
Степанов Иван Ильич,сержант,6,36
Егоров Евгений Ильич,прапорщик,8,23
Степанов Алексей Сергеевич,прапорщик,10,43
Семёнов Павел Максимович,полковник,5,42
Соколов Юрий Олегович,майор,7,36
Орлов Илья Андреевич,рядовой,4,23
Семёнов Юрий Андреевич,полковник,11,44
Алексеев Матвей Андреевич,полковник,9,27
Новиков Роман Романович,прапорщик,10,28
Макаров Денис Андреевич,прапорщик,1,20
Захаров Дмитрий Андреевич,рядовой,9,43
Орлов Дмитрий Максимович,прапорщик,11,42
Захаров Александр Романович,рядовой,10,19
Павлов Никита Михайлович,сержант,3,49
Борисов Сергей Павлович,майор,4,21
Борисов Олег Ильич,сержант,6,44
Соловьёв Олег Ильич,лейтенант,10,30
Захаров Александр Максимович,рядовой,1,20
Козлов Дмитрий Кириллович,рядовой,9,46
Егоров Сергей Александрович,полковник,5,52
Петров Алексей Кириллович,прапорщик,12,35
Сидоров Никита Алексеевич,капитан,11,21
Степанов Илья Дмитриевич,прапорщик,12,32
Николаев Иван Олегович,лейтенант,2,33
Никитин Егор Павлович,сержант,9,59
Иванов Евгений Максимович,сержант,3,58
Алексеев Евгений Максимович,прапорщик,10,37
Никитин Иван Михайлович,полковник,8,18
Соловьёв Матвей Кириллович,рядовой,2,20
Морозов Виктор Ильич,майор,12,33
Иванов Константин Олегович,лейтенант,4,56
Лебедев Константин Никитич,сержант,2,53
Козлов Сергей Никитич,сержант,11,45
Степанов Илья Юрьевич,лейтенант,12,40
Николаев Александр Сергеевич,лейтенант,8,45
Семёнов Юрий Сергеевич,капитан,8,48
Кочергин Андрей Ильич,лейтенант,4,45
Павлов Евгений Иванович,рядовой,2,59
Кочергин Олег Алексеевич,лейтенант,7,29
Козлов Алексей Алексеевич,лейтенант,7,45
Лебедев Евгений Александрович,капитан,12,30
Лебедев Олег Павлович,рядовой,7,38
Попов Алексей Александрович,лейтенант,5,55
Козлов Илья Романович,капитан,9,24
Кузнецов Никита Романович,капитан,8,48
Лебедев Андрей Олегович,прапорщик,10,49
Кочергин Михаил Александрович,капитан,4,53
Морозов Степан Александрович,прапорщик,1,22
Яковлев Юрий Никитич,рядовой,8,24
Борисов Роман Романович,лейтенант,9,55
Васильев Павел Максимович,полковник,3,55
Соловьёв Матвей Павлович,прапорщик,2,52
Павлов Иван Максимович,майор,2,37
Егоров Егор Дмитриевич,рядовой,11,41
Никитин Дмитрий Александрович,майор,10,29
Михайлов Кирилл Алексеевич,капитан,8,53
Зайцев Денис Иванович,майор,8,21
Николаев Илья Александрович,полковник,3,55
Васильев Александр Сергеевич,рядовой,12,27
Фёдоров Олег Александрович,рядовой,11,50
Кочергин Олег Дмитриевич,лейтенант,5,28
Козлов Александр Павлович,майор,11,56
Морозов Андрей Алексеевич,сержант,4,30
Алексеев Константин Ильич,полковник,2,58
Павлов Александр Павлович,сержант,1,18
Захаров Денис Ильич,рядовой,3,34
Захаров Алексей Павлович,майор,12,45
Кузнецов Кирилл Викторович,прапорщик,4,48
Захаров Олег Никитич,рядовой,12,38
Семёнов Юрий Максимович,полковник,11,35
Новиков Роман Иванович,лейтенант,11,49
Михайлов Дмитрий Павлович,капитан,8,31
Морозов Олег Никитич,прапорщик,6,32
Михайлов Никита Максимович,прапорщик,7,59
Алексеев Степан Олегович,прапорщик,9,30
Орлов Кирилл Ильич,полковник,5,53
Макаров Илья Иванович,майор,9,45
Николаев Алексей Олегович,полковник,8,31
Алексеев Роман Никитич,капитан,6,33
Кузнецов Александр Викторович,лейтенант,6,51
Семёнов Александр Никитич,сержант,3,59
Алексеев Константин Ильич,майор,11,34
Новиков Илья Олегович,капитан,12,39
Соловьёв Степан Дмитриевич,прапорщик,1,37
Фёдоров Дмитрий Иванович,майор,1,56
Попов Степан Михайлович,лейтенант,8,28
Макаров Александр Дмитриевич,лейтенант,4,35
Попов Константин Ильич,капитан,1,47
Лебедев Илья Юрьевич,сержант,10,38
Михайлов Олег Иванович,майор,11,18
Соколов Степан Александрович,рядовой,7,26
Фёдоров Степан Иванович,рядовой,6,20
Орлов Андрей Александрович,прапорщик,6,19
Орлов Алексей Сергеевич,прапорщик,4,39
Соколов Максим Андреевич,лейтенант,10,34
Никитин Виктор Кириллович,полковник,4,49
Степанов Никита Ильич,рядовой,12,24
Смирнов Андрей Кириллович,майор,6,54
Иванов Кирилл Алексеевич,лейтенант,6,29
Борисов Иван Михайлович,сержант,9,45
Зайцев Виктор Павлович,сержант,11,40
Смирнов Юрий Дмитриевич,капитан,6,49
Соколов Евгений Ильич,капитан,12,40
Морозов Михаил Романович,рядовой,5,58
Никитин Егор Дмитриевич,полковник,10,58
Сидоров Павел Кириллович,прапорщик,2,23
Семёнов Виктор Никитич,прапорщик,6,38
Никитин Виктор Кириллович,майор,8,20
Яковлев Егор Андреевич,лейтенант,3,52
Соловьёв Сергей Олегович,лейтенант,4,33
Лебедев Кирилл Павлович,рядовой,3,23
Орлов Никита Юрьевич,прапорщик,7,28
Никитин Егор Михайлович,рядовой,3,45
Иванов Евгений Михайлович,капитан,2,50
Захаров Олег Викторович,лейтенант,3,18
Козлов Константин Дмитриевич,лейтенант,10,32
Сидоров Константин Олегович,сержант,1,33
Яковлев Константин Романович,рядовой,7,49
Петров Михаил Романович,рядовой,12,39
Макаров Константин Андреевич,полковник,3,44
Лебедев Илья Сергеевич,сержант,4,35
Захаров Илья Дмитриевич,прапорщик,9,40
Соловьёв Максим Никитич,майор,3,21
Кузнецов Матвей Кириллович,лейтенант,5,41
Петров Виктор Андреевич,капитан,3,33
Смирнов Илья Михайлович,сержант,8,41
Никитин Матвей Викторович,лейтенант,8,29
Степанов Константин Максимович,рядовой,12,39
Новиков Павел Александрович,майор,5,58
Михайлов Артём Максимович,капитан,12,30
Николаев Михаил Кириллович,лейтенант,10,41
Соколов Максим Дмитриевич,майор,11,28
Орлов Павел Юрьевич,лейтенант,2,59
Смирнов Никита Александрович,лейтенант,3,55
Смирнов Виктор Викторович,капитан,3,42
Борисов Никита Максимович,лейтенант,4,28
Егоров Сергей Олегович,сержант,11,57
Сидоров Дмитрий Юрьевич,сержант,10,27
Попов Сергей Кириллович,лейтенант,10,22
Захаров Никита Викторович,сержант,11,47
Алексеев Денис Сергеевич,полковник,1,40
Кузнецов Павел Викторович,лейтенант,1,46
Николаев Михаил Иванович,полковник,10,57
Зайцев Максим Иванович,полковник,4,21
Михайлов Кирилл Романович,рядовой,1,29
Иванов Андрей Павлович,майор,9,33
Павлов Денис Дмитриевич,сержант,12,37
Николаев Матвей Дмитриевич,сержант,10,38
Егоров Роман Викторович,полковник,7,21
Соколов Олег Дмитриевич,прапорщик,1,56
Никитин Артём Михайлович,лейтенант,11,47
Орлов Матвей Никитич,майор,2,52
Андреев Андрей Кириллович,полковник,7,52
Егоров Сергей Дмитриевич,рядовой,4,53
Орлов Андрей Викторович,сержант,2,21
Соловьёв Никита Сергеевич,сержант,4,35
Кочергин Дмитрий Сергеевич,капитан,5,28
Кузнецов Александр Сергеевич,сержант,9,60
Павлов Алексей Иванович,полковник,4,29
Петров Степан Ильич,майор,12,22
Борисов Виктор Павлович,капитан,2,58
Алексеев Илья Олегович,полковник,1,33
Павлов Павел Максимович,майор,12,48
Соколов Роман Александрович,лейтенант,12,50
Козлов Юрий Никитич,майор,8,45
Семёнов Алексей Дмитриевич,рядовой,1,40
Кузнецов Максим Михайлович,майор,12,24
Никитин Дмитрий Юрьевич,рядовой,8,25
Алексеев Илья Михайлович,капитан,6,19
Захаров Олег Романович,рядовой,3,31
Лебедев Александр Иванович,рядовой,2,55
Никитин Максим Михайлович,полковник,11,37
Морозов Кирилл Иванович,лейтенант,10,48
Кузнецов Константин Павлович,прапорщик,6,42
Зайцев Сергей Алексеевич,лейтенант,7,49
Сидоров Илья Викторович,лейтенант,12,25
Андреев Виктор Олегович,полковник,3,45
Соколов Павел Иванович,лейтенант,2,26
Макаров Роман Павлович,полковник,8,52
Соколов Александр Иванович,прапорщик,8,31
Лебедев Сергей Ильич,капитан,9,48
Макаров Михаил Дмитриевич,сержант,12,26
Васильев Виктор Никитич,майор,7,22
Новиков Михаил Павлович,лейтенант,3,49
Алексеев Артём Ильич,рядовой,5,25
Сидоров Иван Олегович,полковник,2,37
Попов Олег Сергеевич,прапорщик,3,36
Егоров Илья Сергеевич,капитан,7,52
Макаров Егор Ильич,лейтенант,5,48
Иванов Кирилл Павлович,прапорщик,7,52
Козлов Роман Юрьевич,рядовой,4,42
Павлов Степан Кириллович,рядовой,1,35
Павлов Илья Юрьевич,майор,10,59
Соколов Роман Кириллович,майор,2,40
Козлов Алексей Андреевич,полковник,12,56
Смирнов Виктор Алексеевич,лейтенант,1,42
Фёдоров Константин Кириллович,прапорщик,2,20
Яковлев Кирилл Дмитриевич,лейтенант,12,27
Козлов Сергей Максимович,капитан,8,28
Кузнецов Евгений Алексеевич,прапорщик,8,25
Егоров Артём Александрович,рядовой,9,25
Лебедев Юрий Павлович,майор,1,48
Фёдоров Виктор Викторович,капитан,10,51
Николаев Кирилл Юрьевич,прапорщик,10,57
Лебедев Константин Дмитриевич,прапорщик,3,26
Смирнов Денис Сергеевич,рядовой,5,52
Соловьёв Егор Романович,лейтенант,6,51
Макаров Сергей Сергеевич,рядовой,7,22
Семёнов Артём Романович,лейтенант,4,24
Алексеев Артём Сергеевич,сержант,10,47
Морозов Матвей Викторович,полковник,3,44
Смирнов Егор Никитич,капитан,7,31
Семёнов Степан Максимович,рядовой,10,31
Егоров Юрий Дмитриевич,лейтенант,9,28
Андреев Дмитрий Сергеевич,полковник,4,59
Зайцев Александр Юрьевич,рядовой,7,49
Морозов Артём Алексеевич,рядовой,7,32
Захаров Юрий Ильич,лейтенант,2,33
Сидоров Денис Романович,прапорщик,10,20
Никитин Дмитрий Никитич,майор,10,21
Соколов Денис Алексеевич,капитан,6,36
Морозов Евгений Романович,капитан,4,39
Андреев Егор Кириллович,майор,10,55
Павлов Сергей Андреевич,лейтенант,5,31
Степанов Олег Андреевич,сержант,6,39
Смирнов Иван Михайлович,рядовой,10,29
Фёдоров Степан Максимович,майор,12,34
Зайцев Денис Олегович,сержант,2,29
Андреев Артём Павлович,полковник,1,25
Андреев Степан Павлович,сержант,10,56
Михайлов Матвей Михайлович,рядовой,4,53
Михайлов Никита Кириллович,рядовой,6,42
Васильев Дмитрий Кириллович,рядовой,8,56
Кочергин Евгений Романович,полковник,10,20
Николаев Павел Олегович,майор,11,37
Морозов Павел Викторович,сержант,11,35
Яковлев Дмитрий Алексеевич,майор,2,47
Семёнов Олег Ильич,прапорщик,11,23
Алексеев Роман Максимович,рядовой,4,31
Степанов Денис Ильич,лейтенант,8,19
Семёнов Юрий Андреевич,рядовой,8,60
Соколов Юрий Никитич,рядовой,12,29
Новиков Андрей Алексеевич,майор,3,35
Смирнов Юрий Кириллович,полковник,1,44
Орлов Илья Алексеевич,майор,4,45
Фёдоров Михаил Александрович,рядовой,9,24
Николаев Михаил Никитич,прапорщик,3,36
Никитин Степан Михайлович,сержант,11,60
Иванов Алексей Михайлович,сержант,6,18
Андреев Константин Никитич,лейтенант,7,40
Андреев Максим Сергеевич,майор,12,50
Алексеев Виктор Максимович,прапорщик,7,35
Иванов Константин Никитич,рядовой,5,49
Морозов Артём Максимович,сержант,8,20
Фёдоров Михаил Андреевич,прапорщик,6,23
Орлов Олег Дмитриевич,капитан,3,42
Соловьёв Максим Максимович,рядовой,11,30
Фёдоров Роман Романович,капитан,5,29
Макаров Павел Алексеевич,рядовой,11,29
Соколов Денис Павлович,майор,7,45
Козлов Виктор Олегович,капитан,3,28
Козлов Матвей Кириллович,сержант,9,42
Сидоров Павел Михайлович,рядовой,2,58
Зайцев Степан Ильич,капитан,11,19
Зайцев Константин Кириллович,полковник,5,26
Михайлов Олег Андреевич,прапорщик,1,42
Алексеев Виктор Алексеевич,капитан,12,30
Михайлов Егор Ильич,сержант,5,51
Павлов Константин Кириллович,сержант,5,31
Семёнов Матвей Сергеевич,майор,9,42
Алексеев Константин Михайлович,майор,1,50
Алексеев Матвей Никитич,сержант,5,33
Макаров Степан Алексеевич,лейтенант,10,26
Павлов Никита Романович,рядовой,8,35
Васильев Никита Александрович,капитан,6,28
Никитин Степан Иванович,капитан,5,48
Зайцев Олег Александрович,сержант,10,45
Захаров Константин Олегович,прапорщик,6,31
Фёдоров Константин Сергеевич,полковник,8,43
Фёдоров Дмитрий Михайлович,лейтенант,2,53
Егоров Артём Александрович,рядовой,10,55
Фёдоров Кирилл Андреевич,капитан,9,47
Васильев Кирилл Никитич,майор,12,57
Николаев Роман Павлович,капитан,7,45
Лебедев Павел Михайлович,лейтенант,1,44
Андреев Сергей Викторович,майор,11,19
Соловьёв Егор Дмитриевич,рядовой,5,57
Лебедев Максим Максимович,рядовой,4,51
Михайлов Юрий Викторович,рядовой,6,43
Семёнов Матвей Олегович,лейтенант,12,38
Иванов Олег Романович,рядовой,9,50
Алексеев Александр Сергеевич,лейтенант,8,60
Новиков Кирилл Алексеевич,сержант,5,31
Морозов Константин Олегович,капитан,9,38
Иванов Кирилл Романович,полковник,1,59
Фёдоров Егор Олегович,полковник,12,54
Захаров Илья Юрьевич,прапорщик,5,20
Кузнецов Юрий Михайлович,сержант,9,45
Сидоров Денис Алексеевич,прапорщик,8,25
Новиков Дмитрий Андреевич,прапорщик,1,33
Павлов Никита Юрьевич,лейтенант,12,29
Никитин Роман Никитич,капитан,2,58
Алексеев Илья Никитич,капитан,4,44
Соловьёв Степан Дмитриевич,майор,7,30
Фёдоров Евгений Иванович,сержант,1,23
Иванов Максим Андреевич,лейтенант,9,54
Кочергин Константин Романович,рядовой,10,59
Васильев Александр Никитич,майор,9,41
Кузнецов Юрий Юрьевич,лейтенант,6,51
Кочергин Денис Дмитриевич,сержант,7,38
Алексеев Андрей Дмитриевич,сержант,12,45
Васильев Кирилл Никитич,майор,5,31
Николаев Константин Михайлович,лейтенант,9,56
Кочергин Юрий Кириллович,сержант,2,52
Сидоров Виктор Андреевич,сержант,4,41
Лебедев Виктор Олегович,рядовой,8,21
Лебедев Илья Сергеевич,лейтенант,5,35
Соловьёв Матвей Викторович,лейтенант,7,29
Орлов Егор Андреевич,лейтенант,4,43
Лебедев Степан Романович,майор,1,50
Степанов Степан Юрьевич,полковник,8,34
Захаров Денис Иванович,капитан,5,36
Николаев Илья Никитич,полковник,9,39
Кузнецов Павел Иванович,полковник,4,46
Макаров Иван Михайлович,полковник,1,33
Семёнов Роман Викторович,лейтенант,9,48
Новиков Александр Михайлович,полковник,3,19
Соловьёв Денис Олегович,лейтенант,6,23
Новиков Константин Викторович,прапорщик,4,37
Сидоров Максим Романович,полковник,8,31
Николаев Артём Дмитриевич,капитан,10,21
Захаров Дмитрий Дмитриевич,капитан,5,20
Захаров Егор Иванович,лейтенант,6,50
Кузнецов Илья Никитич,майор,5,39
Соколов Евгений Романович,майор,11,45
Морозов Илья Романович,сержант,4,26
Алексеев Егор Дмитриевич,майор,11,60
Никитин Александр Дмитриевич,прапорщик,8,19
Соловьёв Павел Максимович,рядовой,1,33
Зайцев Михаил Иванович,полковник,7,22
Сидоров Константин Павлович,полковник,6,23
Сидоров Степан Сергеевич,майор,6,50
Васильев Иван Михайлович,лейтенант,7,22
Новиков Михаил Юрьевич,лейтенант,7,23
Егоров Олег Олегович,капитан,8,60
Иванов Кирилл Викторович,майор,10,44
Кочергин Виктор Павлович,капитан,3,57
Иванов Матвей Андреевич,прапорщик,7,39
Степанов Павел Иванович,рядовой,9,59
Степанов Максим Михайлович,майор,3,32
Андреев Илья Александрович,майор,3,54
Андреев Алексей Юрьевич,лейтенант,5,19
Фёдоров Кирилл Юрьевич,майор,4,57
Павлов Егор Алексеевич,сержант,2,34
Петров Матвей Максимович,сержант,2,52
Кочергин Роман Дмитриевич,прапорщик,8,37
Лебедев Илья Ильич,капитан,10,23
Михайлов Иван Романович,сержант,5,47
Новиков Михаил Андреевич,рядовой,4,38
Степанов Кирилл Никитич,рядовой,1,28
Яковлев Илья Юрьевич,майор,4,40
Сидоров Степан Олегович,лейтенант,5,49
Семёнов Михаил Сергеевич,сержант,2,31
Яковлев Матвей Максимович,капитан,11,30
Иванов Андрей Иванович,капитан,6,30
Михайлов Егор Романович,капитан,2,40
Васильев Константин Иванович,майор,3,25
Семёнов Степан Романович,прапорщик,10,57
Петров Павел Никитич,майор,11,22
Яковлев Алексей Павлович,прапорщик,6,51
Зайцев Сергей Павлович,лейтенант,6,57
Попов Артём Ильич,полковник,2,55
Соколов Михаил Максимович,капитан,12,20
Макаров Дмитрий Ильич,капитан,2,34
Соловьёв Роман Ильич,прапорщик,3,56
Зайцев Алексей Никитич,сержант,2,56
Борисов Матвей Викторович,майор,4,21
Зайцев Павел Сергеевич,сержант,2,50
Фёдоров Андрей Юрьевич,сержант,5,23
Сидоров Михаил Павлович,рядовой,4,33
Сидоров Никита Иванович,прапорщик,4,21
Сидоров Никита Кириллович,рядовой,4,21
Захаров Михаил Никитич,рядовой,8,46
Павлов Максим Сергеевич,рядовой,10,44
Морозов Константин Никитич,майор,6,38
Лебедев Егор Олегович,сержант,12,37
Фёдоров Михаил Сергеевич,полковник,9,29
Степанов Павел Сергеевич,сержант,7,57
Соловьёв Константин Михайлович,прапорщик,3,21
Алексеев Михаил Максимович,капитан,12,24
Иванов Егор Сергеевич,майор,12,42
Николаев Роман Максимович,рядовой,1,51
Николаев Андрей Алексеевич,майор,5,26
Захаров Сергей Павлович,капитан,3,44
Зайцев Евгений Андреевич,сержант,11,23
Николаев Денис Иванович,майор,7,28
Николаев Роман Павлович,сержант,1,51
Васильев Олег Михайлович,лейтенант,10,23
Макаров Александр Александрович,прапорщик,10,32
Кузнецов Виктор Иванович,лейтенант,3,26
Павлов Олег Викторович,рядовой,12,30
Попов Андрей Александрович,рядовой,11,60
Лебедев Кирилл Романович,капитан,8,26
Михайлов Артём Викторович,рядовой,3,57
Морозов Максим Никитич,прапорщик,3,20
Фёдоров Виктор Александрович,майор,3,58
Егоров Роман Александрович,полковник,7,20
Новиков Степан Александрович,сержант,3,34
Иванов Егор Иванович,полковник,5,48
Михайлов Иван Павлович,майор,10,39
Петров Юрий Александрович,прапорщик,2,58
Егоров Павел Романович,лейтенант,7,34
Васильев Дмитрий Сергеевич,лейтенант,6,58
Зайцев Матвей Олегович,полковник,3,32
Егоров Степан Юрьевич,капитан,9,50
Лебедев Роман Иванович,лейтенант,12,57
Степанов Илья Максимович,сержант,7,60
Петров Егор Андреевич,сержант,10,19
Борисов Максим Сергеевич,полковник,12,30
Павлов Роман Александрович,прапорщик,8,55
Михайлов Виктор Викторович,рядовой,10,57
Иванов Артём Александрович,сержант,6,25
Никитин Кирилл Романович,майор,4,53
Попов Юрий Никитич,прапорщик,2,55
Андреев Сергей Михайлович,лейтенант,10,21
Морозов Илья Никитич,лейтенант,3,53
Соколов Павел Иванович,рядовой,12,44
Семёнов Артём Дмитриевич,полковник,10,39
Макаров Илья Андреевич,майор,12,43
Семёнов Александр Михайлович,полковник,9,51
Кочергин Олег Олегович,полковник,6,42
Андреев Виктор Андреевич,капитан,3,41
Никитин Виктор Алексеевич,полковник,3,51
Борисов Алексей Александрович,полковник,2,51
Васильев Андрей Кириллович,прапорщик,4,20
Алексеев Евгений Романович,лейтенант,9,37
Орлов Егор Юрьевич,лейтенант,11,49
Егоров Александр Павлович,прапорщик,6,53
Соколов Денис Михайлович,майор,5,54
Фёдоров Павел Юрьевич,прапорщик,3,23
Соколов Матвей Ильич,рядовой,8,38
Борисов Матвей Романович,капитан,11,28
Яковлев Евгений Юрьевич,прапорщик,9,47
Михайлов Максим Максимович,майор,11,36
Егоров Роман Алексеевич,лейтенант,8,38
Никитин Сергей Сергеевич,полковник,10,57
Семёнов Егор Михайлович,прапорщик,4,35
Степанов Егор Иванович,полковник,6,22
Никитин Матвей Олегович,прапорщик,2,57
Кочергин Иван Олегович,сержант,12,18
Яковлев Дмитрий Ильич,прапорщик,12,50
Зайцев Алексей Дмитриевич,полковник,2,43
Захаров Артём Дмитриевич,рядовой,12,38
Козлов Денис Андреевич,сержант,5,27
Кузнецов Евгений Михайлович,полковник,9,31
Новиков Виктор Алексеевич,лейтенант,7,44
Павлов Дмитрий Михайлович,лейтенант,11,21
Сидоров Олег Дмитриевич,прапорщик,1,31
Васильев Михаил Александрович,рядовой,6,32
Лебедев Илья Иванович,полковник,9,43
Кочергин Денис Сергеевич,прапорщик,6,34
Михайлов Егор Александрович,прапорщик,4,55
Кузнецов Роман Дмитриевич,капитан,7,49
Соловьёв Кирилл Павлович,майор,12,26
Семёнов Андрей Дмитриевич,майор,6,31
Кочергин Юрий Никитич,капитан,10,22
Смирнов Константин Андреевич,майор,9,40
Алексеев Иван Андреевич,полковник,9,41
Макаров Дмитрий Алексеевич,рядовой,6,38
Макаров Олег Ильич,капитан,4,19
Орлов Денис Викторович,прапорщик,6,53
Кузнецов Максим Алексеевич,лейтенант,3,44
Михайлов Артём Иванович,лейтенант,8,59
Егоров Кирилл Никитич,майор,7,18
Лебедев Степан Александрович,полковник,8,39
Сидоров Виктор Сергеевич,капитан,9,22
Лебедев Денис Иванович,прапорщик,2,27
Козлов Виктор Михайлович,прапорщик,2,37
Степанов Алексей Романович,сержант,11,24
Алексеев Кирилл Алексеевич,капитан,11,33
Егоров Олег Романович,майор,10,48
Михайлов Иван Викторович,лейтенант,6,42
Никитин Никита Дмитриевич,лейтенант,1,41
Фёдоров Михаил Михайлович,майор,12,31
Николаев Михаил Кириллович,полковник,7,52
Семёнов Виктор Юрьевич,рядовой,6,44
Захаров Павел Алексеевич,сержант,12,18
Зайцев Павел Михайлович,полковник,10,21
Семёнов Роман Кириллович,прапорщик,2,40
Васильев Матвей Викторович,лейтенант,2,21
Орлов Дмитрий Сергеевич,рядовой,6,59
Михайлов Иван Викторович,полковник,4,36
Степанов Кирилл Кириллович,майор,2,60
Михайлов Юрий Юрьевич,сержант,3,40
Морозов Иван Романович,лейтенант,5,24
Соколов Никита Михайлович,майор,12,58
Семёнов Михаил Сергеевич,лейтенант,9,39
Борисов Олег Иванович,лейтенант,4,57
Орлов Никита Андреевич,сержант,3,52
Морозов Матвей Иванович,капитан,1,55
Захаров Матвей Юрьевич,майор,10,37
Зайцев Денис Иванович,капитан,2,59
Алексеев Роман Дмитриевич,сержант,9,34
Николаев Олег Сергеевич,полковник,4,44
Попов Илья Ильич,майор,12,59
Захаров Олег Никитич,лейтенант,1,37
Иванов Иван Сергеевич,прапорщик,7,55
Лебедев Олег Сергеевич,прапорщик,12,49
Орлов Павел Юрьевич,майор,12,33
Новиков Сергей Иванович,майор,6,54
Фёдоров Дмитрий Ильич,лейтенант,5,41
Андреев Роман Дмитриевич,рядовой,8,19
Васильев Константин Павлович,рядовой,1,22
Лебедев Матвей Александрович,майор,1,24
Лебедев Дмитрий Павлович,лейтенант,10,59
Михайлов Павел Дмитриевич,лейтенант,9,45
Андреев Константин Алексеевич,капитан,6,38
Орлов Сергей Павлович,майор,3,25
Макаров Матвей Кириллович,майор,9,55
Алексеев Иван Павлович,майор,4,40
Васильев Егор Юрьевич,сержант,6,40
Андреев Евгений Олегович,рядовой,8,21
Лебедев Андрей Андреевич,капитан,9,31
Михайлов Максим Ильич,сержант,6,24
Никитин Артём Александрович,рядовой,5,30
Петров Константин Викторович,полковник,5,28
Семёнов Олег Никитич,капитан,4,45
Кочергин Виктор Кириллович,прапорщик,8,54
Алексеев Иван Максимович,майор,5,51
Иванов Артём Александрович,майор,1,47
Орлов Илья Иванович,полковник,11,45
Зайцев Матвей Андреевич,лейтенант,1,50
Попов Никита Алексеевич,майор,7,33
Борисов Денис Михайлович,майор,2,27
Борисов Евгений Павлович,лейтенант,10,24
Сидоров Андрей Андреевич,сержант,3,22
Михайлов Олег Алексеевич,прапорщик,3,42
Сидоров Сергей Юрьевич,полковник,11,52
Козлов Андрей Романович,полковник,10,37
Кочергин Никита Викторович,прапорщик,11,58
Михайлов Роман Иванович,майор,4,29
Морозов Виктор Романович,прапорщик,5,22
Смирнов Евгений Сергеевич,полковник,12,52
Орлов Юрий Романович,рядовой,4,42
Яковлев Иван Ильич,капитан,1,39
Кузнецов Дмитрий Ильич,капитан,11,59
Павлов Сергей Ильич,лейтенант,12,45
Егоров Михаил Сергеевич,капитан,5,49
Сидоров Кирилл Павлович,майор,3,28
Иванов Максим Михайлович,майор,9,33
Васильев Илья Романович,прапорщик,1,24
Смирнов Алексей Викторович,сержант,9,31
Яковлев Роман Александрович,сержант,1,50
Семёнов Роман Никитич,лейтенант,8,20
Макаров Павел Александрович,лейтенант,11,60
Семёнов Егор Сергеевич,капитан,4,47
Кочергин Андрей Иванович,рядовой,8,44
Николаев Денис Максимович,майор,7,29
Смирнов Денис Андреевич,рядовой,5,52
Егоров Евгений Павлович,капитан,1,60
Новиков Сергей Павлович,полковник,10,32
Петров Илья Алексеевич,лейтенант,5,59
Фёдоров Роман Михайлович,капитан,7,47
Новиков Сергей Максимович,лейтенант,1,38
Андреев Виктор Кириллович,капитан,11,19
Кочергин Кирилл Дмитриевич,капитан,12,49
Николаев Александр Кириллович,прапорщик,3,39
Зайцев Виктор Сергеевич,майор,10,46
Орлов Дмитрий Сергеевич,капитан,2,41
Павлов Павел Сергеевич,сержант,7,52
Кузнецов Павел Павлович,лейтенант,1,47
Михайлов Алексей Сергеевич,прапорщик,4,22
Степанов Илья Павлович,майор,3,39
Попов Роман Александрович,сержант,3,25
Алексеев Павел Александрович,капитан,12,50
Лебедев Матвей Михайлович,капитан,1,27
Соловьёв Константин Кириллович,сержант,6,52
Соколов Евгений Никитич,сержант,11,57
Николаев Максим Александрович,лейтенант,6,46
Соколов Никита Максимович,лейтенант,5,39
Яковлев Кирилл Павлович,капитан,4,40
Смирнов Александр Алексеевич,майор,2,37
Петров Максим Андреевич,капитан,4,30
Сидоров Павел Романович,прапорщик,9,58
Козлов Юрий Юрьевич,капитан,10,18
Яковлев Илья Романович,полковник,10,47
Смирнов Денис Юрьевич,рядовой,8,19
Васильев Дмитрий Иванович,лейтенант,9,46
Яковлев Дмитрий Никитич,рядовой,3,34
Яковлев Юрий Павлович,рядовой,6,23
Кочергин Кирилл Кириллович,полковник,11,58
Павлов Павел Романович,сержант,4,46
Кочергин Степан Михайлович,рядовой,9,47
Никитин Роман Викторович,лейтенант,11,45
Соловьёв Дмитрий Александрович,лейтенант,5,32
Новиков Никита Викторович,майор,11,60
Зайцев Илья Максимович,майор,8,33
Петров Илья Кириллович,сержант,5,55
Захаров Егор Викторович,прапорщик,8,34
Соловьёв Никита Сергеевич,полковник,1,37
Павлов Кирилл Дмитриевич,капитан,5,46
Макаров Артём Сергеевич,капитан,2,40
Кочергин Александр Романович,полковник,5,28
Семёнов Дмитрий Викторович,капитан,10,41
Зайцев Павел Никитич,полковник,8,44
Зайцев Сергей Сергеевич,рядовой,1,48
Козлов Денис Павлович,прапорщик,8,41
Новиков Виктор Иванович,лейтенант,6,47
Кузнецов Евгений Викторович,сержант,3,42
Орлов Павел Ильич,прапорщик,9,39
Михайлов Виктор Александрович,полковник,4,55
Иванов Константин Михайлович,майор,7,51
Соловьёв Матвей Олегович,рядовой,7,42
Макаров Павел Алексеевич,полковник,11,44
Сидоров Артём Андреевич,лейтенант,9,48
Петров Константин Викторович,лейтенант,8,46
Степанов Матвей Викторович,рядовой,11,31
Козлов Павел Олегович,сержант,7,32
Семёнов Иван Алексеевич,майор,8,22
Орлов Максим Дмитриевич,лейтенант,4,40
Смирнов Андрей Олегович,сержант,3,60
Захаров Дмитрий Олегович,капитан,11,28
Новиков Артём Алексеевич,сержант,4,33
Петров Андрей Ильич,капитан,10,32
Михайлов Кирилл Павлович,рядовой,7,19
Зайцев Роман Михайлович,майор,4,18
Кочергин Константин Иванович,майор,3,30
Фёдоров Иван Павлович,прапорщик,3,56
Новиков Максим Андреевич,капитан,6,33
Семёнов Юрий Дмитриевич,рядовой,7,34
Михайлов Евгений Романович,прапорщик,9,48
Никитин Никита Кириллович,рядовой,2,55
Николаев Евгений Александрович,прапорщик,3,41
Морозов Михаил Андреевич,капитан,1,38
Соколов Иван Олегович,полковник,5,26
Морозов Никита Александрович,лейтенант,9,45
Павлов Евгений Викторович,капитан,7,19
Орлов Алексей Дмитриевич,сержант,12,55
Кузнецов Алексей Сергеевич,сержант,2,48
Петров Максим Романович,капитан,7,44
Яковлев Артём Андреевич,капитан,8,54
Егоров Денис Алексеевич,капитан,8,30
Зайцев Юрий Максимович,прапорщик,3,37
Козлов Матвей Олегович,сержант,10,25
Семёнов Виктор Павлович,прапорщик,5,25
Алексеев Александр Кириллович,сержант,3,52
Павлов Евгений Александрович,лейтенант,1,19
Фёдоров Максим Дмитриевич,сержант,9,49
Новиков Никита Максимович,сержант,1,27
Орлов Алексей Александрович,рядовой,12,49
Морозов Михаил Иванович,прапорщик,2,43
Михайлов Евгений Юрьевич,капитан,3,60
Соловьёв Юрий Максимович,рядовой,5,43
Алексеев Андрей Викторович,прапорщик,11,19
Никитин Сергей Иванович,сержант,7,54
Лебедев Кирилл Михайлович,сержант,1,32
Соловьёв Роман Дмитриевич,лейтенант,9,39
Новиков Степан Ильич,сержант,1,54
Морозов Евгений Юрьевич,сержант,4,53
Васильев Роман Александрович,лейтенант,1,23
Соловьёв Кирилл Романович,лейтенант,10,27
Соколов Андрей Павлович,лейтенант,2,35
Макаров Виктор Романович,капитан,12,24
Степанов Олег Викторович,рядовой,2,41
Петров Сергей Олегович,лейтенант,10,48
Орлов Андрей Александрович,капитан,3,40
Сидоров Павел Андреевич,рядовой,2,53
Кузнецов Степан Иванович,сержант,4,32
Андреев Андрей Викторович,полковник,1,35
Козлов Олег Ильич,полковник,8,55
Фёдоров Евгений Алексеевич,капитан,2,39
Павлов Олег Иванович,прапорщик,2,22
Алексеев Артём Викторович,рядовой,5,56
Попов Александр Викторович,прапорщик,8,37
Андреев Сергей Никитич,сержант,5,53
Захаров Иван Кириллович,капитан,7,28
Кочергин Андрей Иванович,капитан,2,51
Яковлев Степан Кириллович,майор,2,29
Новиков Олег Юрьевич,майор,8,33
Никитин Олег Олегович,майор,8,48
Попов Кирилл Никитич,сержант,11,37
Васильев Олег Романович,полковник,5,57
Борисов Иван Юрьевич,сержант,10,42
Морозов Денис Сергеевич,прапорщик,7,37
Соколов Евгений Дмитриевич,полковник,3,57
Яковлев Павел Дмитриевич,полковник,4,35
Яковлев Степан Александрович,майор,5,26
Новиков Денис Олегович,рядовой,11,19
Макаров Дмитрий Никитич,рядовой,10,22
Алексеев Юрий Иванович,лейтенант,4,48
Алексеев Андрей Никитич,сержант,7,42
Андреев Юрий Андреевич,сержант,6,34
Степанов Андрей Дмитриевич,сержант,7,56
Соколов Дмитрий Максимович,майор,5,58
Петров Сергей Романович,сержант,8,33
Смирнов Юрий Сергеевич,полковник,8,29
Зайцев Алексей Павлович,прапорщик,2,34
Семёнов Никита Олегович,капитан,1,18
Николаев Максим Михайлович,сержант,10,32
Васильев Никита Михайлович,лейтенант,5,28
Попов Павел Кириллович,полковник,11,38
Степанов Егор Олегович,майор,8,48
Захаров Максим Иванович,сержант,10,19
Захаров Алексей Алексеевич,лейтенант,3,37
Лебедев Илья Павлович,прапорщик,1,20
Макаров Артём Андреевич,капитан,10,19
Козлов Дмитрий Дмитриевич,лейтенант,5,47
Алексеев Максим Никитич,прапорщик,3,46
Егоров Денис Кириллович,полковник,12,38
Фёдоров Кирилл Дмитриевич,майор,5,29
Николаев Илья Сергеевич,лейтенант,10,49
Степанов Андрей Дмитриевич,майор,7,46
Морозов Кирилл Кириллович,капитан,4,37
Соколов Виктор Павлович,капитан,1,35
Фёдоров Артём Алексеевич,полковник,12,40
Попов Евгений Юрьевич,капитан,12,32
Фёдоров Иван Ильич,сержант,9,24
Борисов Илья Кириллович,рядовой,8,32
Михайлов Никита Кириллович,майор,11,31
Петров Алексей Кириллович,лейтенант,5,24
Соловьёв Алексей Андреевич,прапорщик,8,34
Иванов Олег Иванович,сержант,12,47
Попов Дмитрий Кириллович,сержант,6,20
Фёдоров Максим Павлович,рядовой,3,33
Зайцев Андрей Романович,рядовой,1,49
Андреев Максим Иванович,прапорщик,6,52
Соловьёв Денис Дмитриевич,полковник,10,35
Николаев Юрий Дмитриевич,прапорщик,3,27
Борисов Олег Никитич,прапорщик,7,37
Сидоров Максим Алексеевич,прапорщик,6,23
Кузнецов Никита Кириллович,капитан,1,49
Никитин Евгений Максимович,капитан,2,33
Зайцев Матвей Александрович,прапорщик,12,32
Макаров Юрий Никитич,капитан,5,22
Степанов Юрий Юрьевич,рядовой,6,49
Соловьёв Никита Иванович,лейтенант,2,43
Алексеев Илья Алексеевич,капитан,11,59
Кузнецов Кирилл Олегович,сержант,1,45
Смирнов Егор Андреевич,полковник,2,60
Орлов Степан Иванович,майор,7,33
Фёдоров Андрей Александрович,полковник,1,47
Алексеев Максим Романович,рядовой,5,27
Петров Никита Павлович,капитан,6,60
Николаев Егор Викторович,лейтенант,2,37
Васильев Виктор Ильич,майор,7,19
Яковлев Евгений Дмитриевич,майор,10,20
Смирнов Дмитрий Максимович,прапорщик,7,24
Соловьёв Дмитрий Ильич,капитан,3,49
Зайцев Евгений Сергеевич,капитан,10,31
Петров Кирилл Павлович,майор,2,42
Соколов Степан Сергеевич,лейтенант,9,48
Андреев Степан Иванович,рядовой,9,40
Яковлев Егор Дмитриевич,прапорщик,11,20
Орлов Павел Павлович,прапорщик,7,53
Павлов Алексей Павлович,лейтенант,3,51
Петров Александр Юрьевич,сержант,12,49
Попов Александр Сергеевич,майор,11,36
Лебедев Андрей Ильич,лейтенант,4,40
Алексеев Михаил Александрович,лейтенант,9,32
Макаров Юрий Александрович,капитан,4,21
Никитин Роман Викторович,капитан,10,55
Николаев Павел Иванович,рядовой,11,34
Морозов Михаил Ильич,лейтенант,8,23
Михайлов Роман Юрьевич,прапорщик,10,20
Алексеев Роман Олегович,лейтенант,6,22
Соловьёв Степан Романович,полковник,8,24
Сидоров Егор Никитич,прапорщик,7,20
Морозов Виктор Иванович,полковник,7,31
Новиков Илья Максимович,капитан,1,58
Николаев Иван Ильич,капитан,3,19
Макаров Дмитрий Андреевич,прапорщик,9,40
Алексеев Никита Ильич,сержант,8,48
Семёнов Илья Александрович,майор,4,24
Кочергин Денис Юрьевич,рядовой,10,28
Зайцев Егор Сергеевич,прапорщик,5,53
Семёнов Виктор Андреевич,рядовой,2,27
Михайлов Виктор Дмитриевич,сержант,6,36
Фёдоров Никита Александрович,майор,1,39
Новиков Павел Дмитриевич,капитан,12,20
Орлов Павел Ильич,капитан,8,43
Николаев Иван Кириллович,капитан,9,48
Кузнецов Михаил Павлович,рядовой,7,31
Иванов Артём Никитич,сержант,9,32
Никитин Виктор Дмитриевич,рядовой,1,55
Сидоров Михаил Кириллович,прапорщик,3,57
Новиков Константин Кириллович,рядовой,8,35
Смирнов Иван Олегович,прапорщик,5,44
Никитин Роман Андреевич,капитан,10,49
Андреев Артём Иванович,рядовой,9,56
Захаров Роман Алексеевич,сержант,6,27
Лебедев Никита Павлович,рядовой,1,28
Кузнецов Илья Дмитриевич,сержант,4,36
Петров Матвей Павлович,майор,8,46
Соловьёв Сергей Алексеевич,прапорщик,2,60
Морозов Евгений Дмитриевич,полковник,5,24
Яковлев Евгений Алексеевич,полковник,9,18
Фёдоров Максим Олегович,лейтенант,7,20
Андреев Степан Сергеевич,полковник,3,31
Козлов Андрей Юрьевич,капитан,9,36
Никитин Кирилл Юрьевич,майор,10,20
Козлов Степан Павлович,полковник,4,44
Сидоров Никита Андреевич,лейтенант,7,57
Фёдоров Степан Никитич,прапорщик,5,27
Иванов Андрей Алексеевич,полковник,5,53
Кузнецов Кирилл Павлович,сержант,12,22
Соколов Иван Кириллович,лейтенант,2,37
Морозов Дмитрий Кириллович,рядовой,2,52
Петров Юрий Андреевич,лейтенант,11,42
Николаев Павел Сергеевич,прапорщик,2,56
Никитин Илья Олегович,рядовой,7,23
Иванов Кирилл Викторович,полковник,2,50
Козлов Сергей Сергеевич,полковник,10,57
Кузнецов Никита Павлович,майор,11,56
Кузнецов Михаил Юрьевич,лейтенант,9,53
Орлов Артём Никитич,рядовой,1,32
Михайлов Максим Михайлович,рядовой,4,22
Егоров Сергей Сергеевич,полковник,9,58
Смирнов Михаил Александрович,прапорщик,2,32
Попов Никита Сергеевич,лейтенант,10,60
Иванов Михаил Никитич,лейтенант,1,50
Морозов Егор Александрович,капитан,12,35
Захаров Дмитрий Павлович,лейтенант,2,36
Орлов Евгений Викторович,капитан,4,22
Иванов Артём Сергеевич,прапорщик,6,42
Михайлов Никита Юрьевич,сержант,3,47
Фёдоров Виктор Юрьевич,капитан,5,21
Лебедев Кирилл Александрович,сержант,4,46
Михайлов Кирилл Викторович,рядовой,10,32
Соколов Константин Сергеевич,майор,4,43
Макаров Константин Никитич,рядовой,3,58
Кочергин Михаил Максимович,рядовой,7,19
Соколов Алексей Олегович,полковник,8,40
Соколов Максим Дмитриевич,прапорщик,8,43
Соколов Максим Дмитриевич,рядовой,1,52
Степанов Роман Романович,прапорщик,7,24
Попов Никита Кириллович,лейтенант,1,42
Яковлев Михаил Александрович,рядовой,5,46
Новиков Евгений Павлович,лейтенант,10,37
Борисов Степан Павлович,полковник,11,58
Козлов Евгений Михайлович,капитан,5,51
Сидоров Иван Александрович,майор,4,43
Захаров Сергей Александрович,рядовой,8,47
Иванов Максим Викторович,лейтенант,4,59
Семёнов Никита Никитич,капитан,4,30
Зайцев Дмитрий Викторович,капитан,2,25
Яковлев Максим Викторович,рядовой,10,45
Зайцев Дмитрий Дмитриевич,прапорщик,10,19
Попов Максим Михайлович,прапорщик,5,23
Захаров Матвей Романович,полковник,10,45
Лебедев Кирилл Кириллович,сержант,4,60
Орлов Евгений Никитич,майор,10,44
Андреев Никита Иванович,сержант,4,54
Смирнов Денис Александрович,полковник,4,32
Морозов Илья Александрович,полковник,1,37
Степанов Юрий Алексеевич,лейтенант,11,43
Морозов Артём Павлович,майор,2,57
Семёнов Олег Викторович,сержант,2,47
Васильев Павел Никитич,полковник,7,27
Михайлов Евгений Юрьевич,майор,12,27
Яковлев Артём Иванович,полковник,9,42
Соловьёв Никита Кириллович,полковник,10,27
Соловьёв Денис Павлович,капитан,8,60
Сидоров Кирилл Максимович,сержант,5,54
Васильев Сергей Юрьевич,капитан,7,46
Яковлев Дмитрий Олегович,рядовой,6,41
Павлов Олег Сергеевич,лейтенант,4,38
Лебедев Константин Андреевич,рядовой,12,25
Кочергин Андрей Романович,рядовой,7,55
Павлов Константин Ильич,прапорщик,5,43
Новиков Роман Ильич,полковник,10,52
Андреев Константин Викторович,рядовой,2,36
Орлов Олег Романович,прапорщик,8,18
Соловьёв Илья Кириллович,прапорщик,11,26
Семёнов Юрий Сергеевич,майор,9,43
Кочергин Павел Андреевич,прапорщик,6,26
Степанов Олег Дмитриевич,прапорщик,1,57
Яковлев Алексей Павлович,рядовой,1,21
Орлов Максим Сергеевич,майор,12,21
Сидоров Никита Олегович,рядовой,7,22
Соловьёв Павел Викторович,сержант,9,34
Захаров Кирилл Максимович,сержант,2,32
Иванов Дмитрий Андреевич,майор,4,51
Соловьёв Михаил Павлович,полковник,10,57
Петров Виктор Павлович,лейтенант,3,30
Орлов Артём Максимович,рядовой,5,60
Михайлов Евгений Сергеевич,лейтенант,11,47
Николаев Илья Олегович,полковник,6,38
Макаров Егор Максимович,капитан,3,26
Сидоров Евгений Андреевич,сержант,1,44
Васильев Максим Павлович,полковник,5,25
Семёнов Роман Максимович,майор,11,58
Андреев Илья Александрович,сержант,4,44
Михайлов Сергей Олегович,капитан,4,45
Егоров Артём Романович,майор,10,55
Сидоров Егор Викторович,лейтенант,5,18
Зайцев Илья Андреевич,сержант,10,60
Сидоров Юрий Кириллович,майор,3,39
Кузнецов Степан Андреевич,майор,7,47
Яковлев Сергей Алексеевич,лейтенант,10,33
Лебедев Павел Михайлович,капитан,10,54
Фёдоров Алексей Алексеевич,прапорщик,3,57
Алексеев Кирилл Михайлович,прапорщик,11,51
Михайлов Илья Олегович,полковник,12,52
Алексеев Евгений Сергеевич,полковник,2,22
Новиков Илья Кириллович,рядовой,7,34
Иванов Константин Александрович,прапорщик,9,49
Семёнов Максим Романович,прапорщик,12,40
Степанов Виктор Дмитриевич,полковник,11,42
Андреев Алексей Юрьевич,капитан,8,57
Петров Алексей Иванович,капитан,2,27
Иванов Юрий Михайлович,лейтенант,4,47
Попов Сергей Олегович,сержант,12,43
Кочергин Александр Ильич,сержант,4,38
Егоров Михаил Максимович,капитан,1,29
Степанов Никита Иванович,майор,10,55
Козлов Денис Викторович,полковник,4,47
Яковлев Павел Ильич,капитан,6,49
Соловьёв Павел Романович,полковник,6,22
Козлов Олег Андреевич,прапорщик,12,46
Михайлов Виктор Максимович,рядовой,2,48
Орлов Артём Павлович,лейтенант,1,31
Андреев Евгений Олегович,сержант,6,43
Николаев Иван Олегович,рядовой,2,28
Морозов Степан Никитич,майор,3,31
Васильев Александр Александрович,капитан,1,41
Кочергин Илья Дмитриевич,майор,9,27
Козлов Алексей Михайлович,майор,9,26
Егоров Иван Кириллович,полковник,3,25
Петров Денис Ильич,рядовой,3,58
Лебедев Илья Олегович,прапорщик,5,52
Морозов Андрей Алексеевич,рядовой,8,26
Иванов Максим Викторович,полковник,1,53
Новиков Андрей Юрьевич,прапорщик,11,22
Алексеев Виктор Алексеевич,лейтенант,10,45
Никитин Артём Павлович,прапорщик,2,28
Степанов Никита Иванович,прапорщик,2,19
Иванов Матвей Максимович,рядовой,9,25
Степанов Михаил Михайлович,майор,3,26
Алексеев Алексей Ильич,майор,1,18
Васильев Егор Александрович,лейтенант,3,26
Соколов Никита Дмитриевич,сержант,12,59
Егоров Илья Александрович,майор,4,60
Михайлов Виктор Андреевич,полковник,11,35
Васильев Иван Романович,полковник,4,54
Смирнов Егор Андреевич,полковник,9,19
Соловьёв Константин Сергеевич,полковник,7,43
Соколов Сергей Олегович,полковник,7,57
Кочергин Степан Юрьевич,майор,11,37
Иванов Илья Ильич,полковник,1,34
Морозов Кирилл Михайлович,рядовой,1,42
Смирнов Егор Павлович,прапорщик,10,47
Иванов Александр Никитич,прапорщик,12,39
Павлов Александр Сергеевич,прапорщик,12,59
Смирнов Денис Олегович,прапорщик,3,55
Алексеев Юрий Алексеевич,капитан,1,55
Кузнецов Михаил Сергеевич,рядовой,6,18
Фёдоров Александр Олегович,капитан,10,44
Смирнов Артём Сергеевич,прапорщик,3,39
Морозов Алексей Кириллович,майор,3,26
Орлов Степан Дмитриевич,прапорщик,9,53
Васильев Иван Викторович,майор,5,33
Морозов Кирилл Дмитриевич,майор,12,37
Семёнов Роман Алексеевич,прапорщик,12,30
Степанов Матвей Дмитриевич,полковник,2,23
Смирнов Никита Алексеевич,полковник,6,38
Егоров Виктор Олегович,полковник,3,47
Лебедев Юрий Алексеевич,лейтенант,1,32
Сидоров Иван Михайлович,капитан,10,19
Соколов Александр Михайлович,прапорщик,9,50
Иванов Юрий Юрьевич,рядовой,9,45
Сидоров Михаил Андреевич,сержант,10,32
Морозов Юрий Романович,майор,5,60
Макаров Матвей Алексеевич,рядовой,6,40
Козлов Егор Викторович,прапорщик,8,49
Степанов Константин Максимович,рядовой,11,30
Захаров Иван Кириллович,рядовой,12,37
Никитин Никита Викторович,лейтенант,3,46
Соловьёв Кирилл Романович,полковник,11,24
Сидоров Роман Александрович,капитан,10,40
Егоров Павел Викторович,рядовой,2,40
Орлов Алексей Алексеевич,рядовой,4,30
Кочергин Юрий Павлович,рядовой,1,50
Васильев Кирилл Викторович,лейтенант,11,22
Кузнецов Виктор Кириллович,рядовой,11,49
Михайлов Роман Сергеевич,майор,2,33
Макаров Павел Юрьевич,капитан,10,26
Лебедев Сергей Романович,майор,7,21
Яковлев Илья Ильич,капитан,11,49
Макаров Степан Иванович,полковник,3,50
Морозов Олег Павлович,капитан,11,24
Павлов Кирилл Кириллович,капитан,8,43
Андреев Илья Дмитриевич,майор,10,18
Николаев Александр Юрьевич,сержант,8,55
Новиков Константин Никитич,полковник,5,38
Лебедев Виктор Михайлович,полковник,5,35
Смирнов Дмитрий Викторович,лейтенант,10,28
Макаров Егор Андреевич,лейтенант,11,39
Новиков Олег Кириллович,прапорщик,8,40
Козлов Сергей Павлович,рядовой,12,34
Соколов Никита Ильич,капитан,9,39
Николаев Олег Дмитриевич,лейтенант,10,54
Алексеев Матвей Романович,лейтенант,9,32
Яковлев Виктор Юрьевич,прапорщик,7,60
Захаров Степан Максимович,лейтенант,8,51
Новиков Артём Никитич,майор,1,49
Зайцев Юрий Ильич,рядовой,8,59
Орлов Сергей Викторович,лейтенант,7,24
Борисов Виктор Ильич,прапорщик,11,19
Николаев Олег Александрович,лейтенант,9,52
Васильев Роман Алексеевич,сержант,4,30
Андреев Юрий Романович,прапорщик,1,33
Борисов Артём Олегович,капитан,10,56
Фёдоров Андрей Романович,майор,1,29
Соколов Максим Андреевич,полковник,11,43
Фёдоров Артём Алексеевич,лейтенант,4,38
Андреев Виктор Романович,полковник,2,36
Степанов Иван Андреевич,прапорщик,10,21
Васильев Андрей Андреевич,сержант,5,48
Семёнов Максим Никитич,лейтенант,10,39
Борисов Дмитрий Кириллович,майор,6,38
Морозов Матвей Викторович,рядовой,3,20
Петров Егор Сергеевич,лейтенант,5,22
Васильев Егор Никитич,прапорщик,6,54
Михайлов Денис Павлович,рядовой,3,24
Павлов Павел Кириллович,майор,10,23
Николаев Андрей Юрьевич,майор,12,18
Зайцев Егор Романович,рядовой,8,43
Смирнов Андрей Алексеевич,полковник,3,52
Николаев Илья Александрович,прапорщик,7,36
Новиков Егор Иванович,сержант,11,18
Яковлев Кирилл Иванович,прапорщик,6,39
Козлов Никита Дмитриевич,сержант,7,31
Андреев Никита Олегович,рядовой,8,49
Семёнов Степан Никитич,полковник,4,32
Николаев Андрей Юрьевич,лейтенант,4,54
Макаров Константин Дмитриевич,прапорщик,11,44
Петров Александр Алексеевич,майор,12,33
Кочергин Павел Павлович,майор,11,27
Алексеев Павел Александрович,сержант,11,29
Кузнецов Дмитрий Викторович,прапорщик,6,19
Кочергин Сергей Викторович,полковник,10,20
Алексеев Олег Викторович,рядовой,12,22
Фёдоров Виктор Сергеевич,сержант,1,21
Васильев Павел Ильич,прапорщик,5,57
Петров Иван Олегович,капитан,8,28
Яковлев Сергей Павлович,сержант,12,22
Павлов Олег Ильич,майор,4,32
Козлов Олег Максимович,майор,10,28
Козлов Роман Андреевич,рядовой,1,39
Соколов Александр Юрьевич,рядовой,3,29
Яковлев Егор Дмитриевич,полковник,1,53
Кузнецов Андрей Кириллович,майор,8,46
Макаров Кирилл Алексеевич,лейтенант,1,38
Новиков Константин Романович,лейтенант,12,52
Павлов Иван Алексеевич,капитан,3,21
Кочергин Артём Андреевич,сержант,12,60
Егоров Юрий Александрович,рядовой,3,44
Козлов Степан Дмитриевич,прапорщик,5,44
Андреев Егор Иванович,капитан,10,38
Кузнецов Кирилл Юрьевич,лейтенант,1,54
Алексеев Юрий Александрович,майор,7,34
Лебедев Андрей Михайлович,полковник,6,29
Морозов Иван Ильич,лейтенант,9,47
Андреев Кирилл Юрьевич,лейтенант,9,52
Михайлов Александр Викторович,рядовой,12,56
Михайлов Егор Романович,лейтенант,8,47
Никитин Дмитрий Олегович,рядовой,3,57
Егоров Евгений Викторович,сержант,9,37
Кузнецов Роман Дмитриевич,полковник,10,26
Егоров Андрей Павлович,майор,12,22
Андреев Олег Павлович,прапорщик,2,46
Иванов Александр Романович,сержант,8,22
Николаев Евгений Олегович,рядовой,6,42
Макаров Юрий Павлович,капитан,9,18
Захаров Артём Максимович,майор,11,43
Кочергин Михаил Юрьевич,полковник,10,41
Николаев Максим Андреевич,лейтенант,10,51
Васильев Сергей Алексеевич,полковник,5,26
Павлов Виктор Иванович,сержант,6,35
Сидоров Роман Александрович,рядовой,10,56
Сидоров Константин Михайлович,капитан,1,51
Лебедев Александр Сергеевич,лейтенант,1,50
Никитин Виктор Павлович,лейтенант,2,41
Попов Дмитрий Юрьевич,лейтенант,11,24
Макаров Дмитрий Юрьевич,полковник,5,21
Новиков Илья Кириллович,лейтенант,9,55
Морозов Иван Павлович,лейтенант,12,27
Николаев Михаил Олегович,рядовой,11,21
Фёдоров Максим Максимович,рядовой,10,18
Петров Виктор Юрьевич,рядовой,2,49
Павлов Матвей Александрович,майор,3,18
Морозов Дмитрий Андреевич,прапорщик,11,36
Козлов Денис Алексеевич,майор,11,32
Андреев Виктор Алексеевич,рядовой,2,18
Орлов Алексей Юрьевич,прапорщик,10,56
Семёнов Кирилл Викторович,майор,12,59
Орлов Никита Кириллович,полковник,10,45
Фёдоров Константин Викторович,майор,5,34
Зайцев Алексей Иванович,сержант,7,60
Орлов Виктор Михайлович,майор,11,28
Петров Михаил Максимович,лейтенант,5,25
Морозов Артём Викторович,прапорщик,1,41
Сидоров Артём Кириллович,лейтенант,10,32
Соловьёв Иван Олегович,полковник,7,54
Никитин Виктор Викторович,лейтенант,9,25
Макаров Виктор Павлович,полковник,1,51
Фёдоров Никита Юрьевич,полковник,2,47
Новиков Константин Дмитриевич,полковник,6,51
Новиков Константин Павлович,капитан,9,23
Михайлов Кирилл Дмитриевич,капитан,1,31
Зайцев Никита Павлович,сержант,5,20
Орлов Матвей Викторович,прапорщик,5,39
Иванов Павел Олегович,сержант,3,34
Морозов Илья Романович,сержант,8,55
Смирнов Сергей Сергеевич,рядовой,12,21
Яковлев Юрий Иванович,полковник,12,22
Павлов Кирилл Олегович,майор,7,50
Степанов Степан Романович,капитан,4,28
Сидоров Илья Иванович,полковник,10,44
Смирнов Евгений Ильич,рядовой,11,47
Макаров Юрий Ильич,майор,5,52
Иванов Дмитрий Андреевич,сержант,11,44
Михайлов Андрей Иванович,капитан,8,60
Яковлев Андрей Александрович,прапорщик,6,36
Павлов Алексей Юрьевич,полковник,9,24
Андреев Константин Андреевич,рядовой,5,48
Орлов Кирилл Михайлович,лейтенант,5,42
Иванов Михаил Алексеевич,капитан,4,47
Смирнов Денис Михайлович,майор,8,29
Сидоров Кирилл Олегович,рядовой,8,29
Семёнов Никита Дмитриевич,полковник,5,40
Захаров Андрей Алексеевич,лейтенант,8,45
Степанов Евгений Викторович,капитан,9,51
Лебедев Денис Романович,прапорщик,5,39
Егоров Кирилл Викторович,полковник,5,22
Соколов Кирилл Александрович,рядовой,10,26
Макаров Павел Ильич,лейтенант,1,39
Степанов Егор Алексеевич,майор,8,39
Орлов Максим Ильич,прапорщик,7,33
Егоров Константин Александрович,рядовой,3,35
Зайцев Евгений Никитич,полковник,5,48
Степанов Илья Олегович,майор,11,40
Алексеев Сергей Максимович,прапорщик,7,53
Захаров Роман Андреевич,майор,3,33
Соловьёв Дмитрий Викторович,рядовой,11,44
Фёдоров Константин Михайлович,капитан,1,38
Соколов Сергей Павлович,рядовой,3,26
Лебедев Олег Никитич,сержант,4,21
Васильев Иван Алексеевич,полковник,11,49
Сидоров Степан Олегович,майор,11,28
Новиков Михаил Викторович,полковник,6,44
Васильев Максим Сергеевич,сержант,11,22
Васильев Степан Александрович,лейтенант,9,29
Павлов Денис Дмитриевич,лейтенант,7,22
Фёдоров Юрий Никитич,прапорщик,10,50
Фёдоров Евгений Павлович,лейтенант,4,40
Алексеев Никита Никитич,рядовой,9,19
Попов Олег Алексеевич,прапорщик,3,22
Попов Виктор Павлович,лейтенант,10,20
Яковлев Никита Михайлович,лейтенант,10,56
Егоров Михаил Алексеевич,капитан,9,28
Андреев Степан Никитич,лейтенант,1,39
Кузнецов Дмитрий Кириллович,рядовой,11,32
Зайцев Виктор Алексеевич,полковник,10,52
Павлов Иван Максимович,полковник,12,28
Васильев Алексей Александрович,сержант,7,42
Егоров Егор Никитич,сержант,8,48
Павлов Роман Андреевич,лейтенант,9,60
Никитин Никита Алексеевич,лейтенант,3,51
Лебедев Роман Александрович,майор,4,27
Иванов Евгений Юрьевич,лейтенант,9,32
Зайцев Кирилл Викторович,рядовой,12,18
Алексеев Алексей Кириллович,полковник,4,35
Николаев Олег Иванович,полковник,11,41
Семёнов Илья Романович,лейтенант,3,30
Николаев Андрей Викторович,лейтенант,11,20
Петров Кирилл Романович,сержант,6,51
Морозов Юрий Юрьевич,сержант,1,26
Никитин Иван Кириллович,майор,11,60
Зайцев Андрей Алексеевич,капитан,6,46
Яковлев Александр Никитич,майор,3,34
Петров Андрей Романович,прапорщик,6,36
Яковлев Егор Кириллович,капитан,8,47
Николаев Дмитрий Никитич,рядовой,2,44
Семёнов Степан Максимович,прапорщик,10,44
Николаев Михаил Павлович,полковник,11,47
Соколов Евгений Павлович,полковник,6,42
Степанов Александр Никитич,прапорщик,9,60
Яковлев Кирилл Олегович,лейтенант,12,32
Васильев Алексей Алексеевич,капитан,2,28
Новиков Степан Романович,прапорщик,9,47
Яковлев Юрий Викторович,рядовой,1,60
Соловьёв Егор Алексеевич,сержант,11,57
Михайлов Никита Михайлович,сержант,7,35
Петров Денис Олегович,рядовой,11,53
Степанов Никита Ильич,рядовой,2,26
Андреев Дмитрий Кириллович,полковник,4,54
Егоров Александр Сергеевич,сержант,12,50
Семёнов Максим Павлович,сержант,9,32
Соколов Матвей Олегович,капитан,10,21
Фёдоров Степан Максимович,рядовой,9,19
Смирнов Матвей Ильич,сержант,8,35
Зайцев Артём Романович,лейтенант,8,19
Кузнецов Олег Викторович,лейтенант,3,50
Никитин Иван Максимович,прапорщик,7,41
Степанов Егор Иванович,лейтенант,12,55
Орлов Михаил Иванович,лейтенант,6,54
Фёдоров Константин Иванович,прапорщик,1,39
Фёдоров Олег Кириллович,майор,11,42
Кузнецов Павел Максимович,лейтенант,2,37
Егоров Матвей Никитич,рядовой,9,32
Степанов Матвей Алексеевич,майор,6,26
Макаров Виктор Иванович,сержант,1,47
Борисов Виктор Алексеевич,полковник,2,43
Николаев Никита Сергеевич,полковник,2,57
Николаев Юрий Алексеевич,рядовой,5,41
Семёнов Михаил Никитич,прапорщик,3,21
Захаров Артём Дмитриевич,полковник,11,26
Семёнов Олег Павлович,полковник,10,34
Лебедев Артём Александрович,капитан,12,53
Кузнецов Михаил Дмитриевич,сержант,12,41
Орлов Илья Алексеевич,майор,2,28
Макаров Михаил Никитич,рядовой,12,29
Козлов Артём Олегович,сержант,5,59
Зайцев Александр Михайлович,рядовой,3,23
Зайцев Степан Дмитриевич,прапорщик,12,60
Попов Матвей Юрьевич,капитан,6,55
Козлов Дмитрий Александрович,прапорщик,8,56
Яковлев Кирилл Максимович,сержант,11,33
Борисов Андрей Романович,прапорщик,7,18
Сидоров Степан Максимович,полковник,2,31
Захаров Михаил Кириллович,прапорщик,9,41
Семёнов Максим Ильич,сержант,10,57
Алексеев Юрий Алексеевич,лейтенант,7,52
Алексеев Максим Алексеевич,лейтенант,4,36
Зайцев Андрей Сергеевич,полковник,2,27
Иванов Алексей Максимович,майор,12,31
Егоров Максим Кириллович,рядовой,2,36
Козлов Михаил Дмитриевич,сержант,10,51
Степанов Дмитрий Максимович,капитан,7,44
Новиков Матвей Алексеевич,сержант,2,54
Смирнов Виктор Дмитриевич,капитан,3,22
Орлов Артём Ильич,прапорщик,7,53
Макаров Юрий Ильич,рядовой,8,27
Соколов Егор Павлович,лейтенант,1,37
Яковлев Юрий Максимович,лейтенант,2,18
Соловьёв Олег Ильич,майор,9,54
Сидоров Константин Сергеевич,капитан,8,36
Петров Никита Александрович,рядовой,4,31
Захаров Алексей Александрович,полковник,4,35
Захаров Кирилл Иванович,лейтенант,1,49
Сидоров Кирилл Юрьевич,полковник,7,40
Петров Юрий Юрьевич,лейтенант,6,27
Морозов Юрий Викторович,сержант,4,22
Зайцев Роман Ильич,рядовой,7,19
Зайцев Артём Юрьевич,майор,9,22
Сидоров Олег Дмитриевич,прапорщик,12,46
Соловьёв Александр Ильич,полковник,10,57
Кочергин Артём Дмитриевич,лейтенант,7,47
Иванов Александр Иванович,капитан,10,35
Кочергин Константин Павлович,лейтенант,11,56
Соколов Юрий Андреевич,полковник,4,31
Андреев Иван Дмитриевич,рядовой,8,24
Макаров Виктор Романович,капитан,1,19
Козлов Денис Максимович,прапорщик,11,21
Павлов Егор Ильич,сержант,3,31
Новиков Артём Александрович,полковник,7,39
Борисов Степан Юрьевич,прапорщик,5,52
Андреев Евгений Ильич,капитан,11,28
Соколов Иван Романович,капитан,12,18
Зайцев Павел Юрьевич,сержант,3,51
Соловьёв Никита Андреевич,майор,6,53
Фёдоров Кирилл Иванович,прапорщик,2,31
Степанов Сергей Олегович,полковник,1,31
Яковлев Михаил Алексеевич,полковник,4,45
Семёнов Степан Ильич,капитан,12,49
Васильев Роман Ильич,сержант,4,52
Иванов Дмитрий Михайлович,майор,4,44
Михайлов Иван Иванович,капитан,5,44
Алексеев Кирилл Олегович,майор,8,35
Смирнов Роман Кириллович,лейтенант,2,26
Петров Роман Кириллович,рядовой,8,39
Морозов Алексей Викторович,лейтенант,7,20
Смирнов Кирилл Иванович,капитан,5,18
Егоров Сергей Сергеевич,майор,5,34
Захаров Максим Иванович,лейтенант,3,52
Смирнов Юрий Никитич,майор,4,42
Борисов Максим Максимович,лейтенант,9,42
Смирнов Сергей Никитич,лейтенант,1,30
Борисов Роман Максимович,рядовой,9,56
Попов Роман Александрович,полковник,6,39
Фёдоров Юрий Михайлович,лейтенант,6,34
Попов Роман Кириллович,лейтенант,9,34
Яковлев Илья Юрьевич,лейтенант,2,35
Захаров Александр Ильич,прапорщик,11,35
Николаев Виктор Романович,прапорщик,6,54
Морозов Виктор Олегович,полковник,7,19
Иванов Илья Александрович,полковник,2,23
Степанов Егор Андреевич,сержант,8,27
Соколов Евгений Павлович,полковник,10,48
Яковлев Кирилл Андреевич,майор,2,59
Соловьёв Иван Ильич,лейтенант,9,32
Павлов Матвей Дмитриевич,капитан,6,58
Лебедев Александр Ильич,прапорщик,1,56
Козлов Максим Олегович,майор,6,20
Павлов Сергей Максимович,сержант,7,34
Соловьёв Александр Кириллович,прапорщик,9,58
Михайлов Степан Михайлович,сержант,12,48
Зайцев Иван Дмитриевич,рядовой,12,44
Попов Денис Романович,майор,11,54
Фёдоров Юрий Сергеевич,прапорщик,3,56
Морозов Кирилл Никитич,капитан,12,42
Алексеев Павел Романович,прапорщик,3,23
Макаров Юрий Юрьевич,полковник,12,40
Соловьёв Егор Андреевич,лейтенант,6,28
Егоров Александр Александрович,рядовой,7,22
Николаев Иван Ильич,прапорщик,5,47
Козлов Виктор Никитич,майор,6,55
Попов Илья Романович,майор,2,44
Андреев Артём Кириллович,полковник,3,45
Михайлов Евгений Юрьевич,майор,2,20
Петров Максим Викторович,рядовой,8,53
Смирнов Андрей Никитич,майор,11,39
Лебедев Роман Максимович,майор,12,33
Петров Кирилл Никитич,капитан,5,23
Андреев Михаил Алексеевич,майор,12,58
Соловьёв Илья Романович,майор,6,27
Захаров Степан Ильич,майор,4,48
Попов Виктор Юрьевич,майор,6,43
Орлов Денис Сергеевич,майор,4,21
Яковлев Андрей Олегович,прапорщик,7,35
Николаев Иван Юрьевич,рядовой,2,39
Егоров Степан Андреевич,майор,12,22
Зайцев Евгений Викторович,рядовой,11,51
Захаров Константин Михайлович,рядовой,12,18
Семёнов Павел Сергеевич,рядовой,7,25
Сидоров Михаил Павлович,прапорщик,5,42
Андреев Олег Максимович,рядовой,10,50
Соколов Дмитрий Викторович,прапорщик,5,29
Макаров Михаил Юрьевич,сержант,12,60
Егоров Степан Романович,майор,3,33
Семёнов Виктор Юрьевич,прапорщик,9,49
Лебедев Александр Дмитриевич,лейтенант,9,53
Борисов Сергей Андреевич,прапорщик,4,29
Фёдоров Сергей Алексеевич,рядовой,11,53
Зайцев Александр Алексеевич,полковник,3,43
Семёнов Павел Дмитриевич,капитан,7,60
Кочергин Егор Александрович,сержант,9,45
Морозов Артём Ильич,полковник,10,59
Морозов Иван Максимович,лейтенант,5,43
Никитин Виктор Андреевич,рядовой,12,18
Зайцев Александр Ильич,майор,12,48
Иванов Павел Александрович,лейтенант,1,33
Семёнов Евгений Дмитриевич,капитан,11,50
Никитин Егор Олегович,полковник,10,32
Попов Дмитрий Юрьевич,полковник,12,20
Козлов Евгений Кириллович,прапорщик,9,35
Степанов Андрей Олегович,лейтенант,12,37
Павлов Иван Олегович,майор,3,57
Алексеев Матвей Дмитриевич,полковник,8,36
Орлов Кирилл Романович,лейтенант,6,46
Кузнецов Егор Юрьевич,лейтенант,6,35
Сидоров Константин Алексеевич,капитан,2,46
Козлов Кирилл Юрьевич,лейтенант,10,40
Иванов Дмитрий Ильич,прапорщик,6,26
Никитин Андрей Дмитриевич,сержант,7,29
Кочергин Константин Кириллович,рядовой,4,26
Соловьёв Роман Михайлович,прапорщик,3,41
Лебедев Илья Кириллович,рядовой,10,20
Лебедев Кирилл Дмитриевич,майор,7,32
Фёдоров Максим Олегович,капитан,6,27
Николаев Андрей Михайлович,лейтенант,7,48
Морозов Сергей Андреевич,прапорщик,12,53
Васильев Денис Александрович,рядовой,12,40
Зайцев Артём Павлович,майор,7,56
Яковлев Артём Ильич,сержант,8,45
Соколов Артём Михайлович,сержант,3,52
Морозов Юрий Павлович,сержант,9,32
Лебедев Андрей Кириллович,лейтенант,11,29
Попов Никита Ильич,рядовой,1,32
Захаров Илья Юрьевич,полковник,12,21
Иванов Степан Никитич,сержант,11,31
Михайлов Дмитрий Ильич,майор,8,18
Михайлов Артём Ильич,сержант,4,25
Николаев Олег Ильич,капитан,5,41
Кочергин Олег Максимович,сержант,6,59
Семёнов Степан Александрович,прапорщик,8,32
Лебедев Сергей Иванович,полковник,11,25
Семёнов Егор Павлович,капитан,1,59
Николаев Роман Никитич,прапорщик,12,40
Новиков Михаил Андреевич,рядовой,6,49
Орлов Юрий Кириллович,лейтенант,10,60
Попов Егор Никитич,рядовой,6,31
Андреев Андрей Викторович,сержант,11,56
Алексеев Евгений Иванович,капитан,4,34
Макаров Андрей Ильич,майор,10,20
Соколов Константин Викторович,капитан,10,47
Яковлев Виктор Ильич,майор,4,23
Андреев Матвей Александрович,сержант,3,24
Степанов Евгений Иванович,полковник,10,44
Морозов Матвей Максимович,майор,11,19
Кузнецов Никита Александрович,лейтенант,7,45
Борисов Олег Павлович,майор,11,20
Кочергин Олег Викторович,сержант,5,49
Алексеев Денис Максимович,полковник,5,54
Козлов Виктор Олегович,сержант,3,53
Козлов Матвей Максимович,майор,1,32
Егоров Никита Алексеевич,прапорщик,3,48
Кочергин Алексей Андреевич,рядовой,6,40
Козлов Роман Кириллович,майор,8,36
Васильев Павел Олегович,сержант,10,56
Михайлов Константин Романович,капитан,5,18
Васильев Степан Иванович,прапорщик,12,36
Алексеев Матвей Олегович,полковник,11,59
Морозов Артём Максимович,лейтенант,1,50
Семёнов Артём Дмитриевич,рядовой,3,23
Иванов Виктор Андреевич,майор,8,31
Кочергин Виктор Павлович,сержант,11,28
Морозов Роман Викторович,сержант,12,29
Попов Артём Никитич,капитан,8,35
Козлов Артём Максимович,лейтенант,11,43
Иванов Сергей Сергеевич,рядовой,10,18
Новиков Степан Олегович,лейтенант,12,19
Макаров Иван Ильич,полковник,12,27
Алексеев Михаил Никитич,полковник,8,53
Борисов Павел Ильич,майор,8,50
Морозов Константин Иванович,майор,5,23
Семёнов Егор Дмитриевич,полковник,10,60
Иванов Константин Ильич,лейтенант,2,44
Новиков Юрий Иванович,майор,9,24
Иванов Михаил Иванович,полковник,8,33
Андреев Кирилл Олегович,лейтенант,10,37
Михайлов Денис Ильич,майор,4,52
Лебедев Степан Дмитриевич,майор,12,38
Кузнецов Евгений Александрович,майор,6,42
Алексеев Матвей Максимович,капитан,4,46
Павлов Михаил Викторович,лейтенант,2,55
Егоров Степан Кириллович,лейтенант,5,33
Зайцев Кирилл Иванович,рядовой,10,43
Егоров Никита Ильич,капитан,1,43
Попов Никита Дмитриевич,сержант,4,20
Егоров Павел Павлович,прапорщик,7,56
Николаев Алексей Михайлович,сержант,5,32
Морозов Кирилл Павлович,капитан,6,29
Смирнов Алексей Сергеевич,майор,6,42
Петров Илья Викторович,рядовой,1,51
Павлов Дмитрий Ильич,прапорщик,5,44
Степанов Михаил Павлович,лейтенант,1,37
Козлов Дмитрий Ильич,лейтенант,7,34
Лебедев Кирилл Викторович,лейтенант,12,55
Смирнов Виктор Максимович,лейтенант,2,29
Попов Сергей Романович,рядовой,4,54
Зайцев Виктор Павлович,майор,6,40
Павлов Егор Максимович,майор,10,58
Петров Дмитрий Никитич,рядовой,6,51
Степанов Илья Ильич,сержант,6,26
Соловьёв Степан Олегович,майор,12,60
Кочергин Александр Сергеевич,полковник,4,50
Фёдоров Никита Александрович,полковник,1,28
Козлов Никита Юрьевич,сержант,9,18
Смирнов Александр Максимович,сержант,5,40
Соловьёв Иван Сергеевич,капитан,2,41
Павлов Дмитрий Павлович,майор,11,23
Степанов Михаил Сергеевич,сержант,7,58
Захаров Матвей Дмитриевич,прапорщик,6,25
Козлов Сергей Кириллович,полковник,10,44
Павлов Иван Максимович,капитан,7,60
Семёнов Максим Юрьевич,рядовой,9,18
Николаев Михаил Андреевич,капитан,4,28
Никитин Степан Иванович,рядовой,8,24
Степанов Егор Максимович,сержант,10,32
Васильев Андрей Максимович,полковник,4,35
Козлов Матвей Алексеевич,сержант,1,54
Соловьёв Кирилл Дмитриевич,майор,1,31
Семёнов Виктор Максимович,лейтенант,8,41
Егоров Степан Иванович,лейтенант,3,46
Михайлов Степан Александрович,лейтенант,7,24
Сидоров Юрий Алексеевич,лейтенант,12,26
Макаров Дмитрий Кириллович,рядовой,7,55
Зайцев Матвей Максимович,лейтенант,6,49
Орлов Максим Алексеевич,рядовой,2,53
Алексеев Дмитрий Максимович,капитан,2,25
Орлов Андрей Кириллович,полковник,11,57
Соловьёв Константин Кириллович,сержант,1,29
Фёдоров Матвей Юрьевич,капитан,12,26
Петров Егор Андреевич,сержант,2,36
Зайцев Виктор Романович,капитан,7,53
Орлов Юрий Сергеевич,полковник,1,55
Андреев Роман Сергеевич,капитан,7,53
Петров Михаил Иванович,рядовой,6,28
Сидоров Максим Андреевич,полковник,1,31
Захаров Егор Александрович,капитан,2,43
Захаров Кирилл Сергеевич,майор,9,18
Михайлов Кирилл Олегович,полковник,1,52
Андреев Максим Юрьевич,рядовой,5,20
Захаров Степан Кириллович,прапорщик,7,54
Фёдоров Кирилл Михайлович,капитан,6,19
Зайцев Роман Александрович,капитан,11,39
Зайцев Евгений Дмитриевич,лейтенант,3,47
Михайлов Никита Павлович,лейтенант,10,53
Соколов Виктор Иванович,капитан,11,20
Семёнов Кирилл Андреевич,капитан,5,23
Новиков Андрей Александрович,прапорщик,10,40
Лебедев Олег Викторович,лейтенант,3,38
Соловьёв Артём Никитич,лейтенант,7,42
Степанов Максим Иванович,сержант,1,24
Кочергин Михаил Юрьевич,сержант,9,58
Кочергин Сергей Юрьевич,прапорщик,11,42
Борисов Евгений Романович,капитан,1,26
Захаров Виктор Павлович,сержант,10,46
Кочергин Максим Сергеевич,полковник,7,42
Кузнецов Степан Павлович,лейтенант,1,30
Новиков Константин Андреевич,прапорщик,7,53
Степанов Олег Олегович,лейтенант,11,20
Смирнов Роман Иванович,лейтенант,3,49
Макаров Денис Никитич,рядовой,3,22
Борисов Матвей Юрьевич,сержант,4,23
Андреев Андрей Романович,сержант,5,29
Васильев Никита Андреевич,прапорщик,12,42
Зайцев Дмитрий Александрович,капитан,6,51
Зайцев Константин Никитич,капитан,7,22
Лебедев Алексей Сергеевич,прапорщик,1,39
Никитин Андрей Александрович,майор,6,32
Фёдоров Артём Максимович,сержант,12,25
Егоров Кирилл Иванович,лейтенант,1,39
Степанов Константин Кириллович,прапорщик,11,27
Соколов Андрей Андреевич,майор,12,25
Иванов Константин Максимович,сержант,10,35
Яковлев Кирилл Кириллович,майор,2,35
Яковлев Юрий Максимович,прапорщик,1,52
Яковлев Денис Кириллович,прапорщик,12,30
Орлов Олег Викторович,полковник,8,55
Никитин Степан Андреевич,майор,5,20
Никитин Андрей Сергеевич,рядовой,7,51
Кузнецов Илья Максимович,сержант,8,57
Козлов Виктор Максимович,капитан,2,59
Иванов Дмитрий Павлович,сержант,5,28
Алексеев Матвей Викторович,капитан,10,45
Захаров Артём Романович,прапорщик,9,48
Лебедев Михаил Иванович,полковник,3,44
Васильев Юрий Никитич,капитан,9,52
Кузнецов Артём Юрьевич,полковник,11,27
Фёдоров Михаил Никитич,майор,3,26
Николаев Никита Ильич,прапорщик,2,22
Борисов Иван Алексеевич,капитан,1,39
Петров Илья Михайлович,прапорщик,6,32
Павлов Евгений Алексеевич,капитан,8,28
Иванов Кирилл Викторович,лейтенант,8,45
Кочергин Роман Дмитриевич,капитан,3,52
Павлов Денис Никитич,прапорщик,12,50
Лебедев Максим Андреевич,рядовой,11,48
Фёдоров Артём Максимович,майор,4,42
Павлов Матвей Ильич,рядовой,6,26
Кочергин Андрей Сергеевич,майор,11,20
Семёнов Михаил Максимович,прапорщик,5,32
Иванов Олег Сергеевич,рядовой,7,23
Михайлов Михаил Иванович,сержант,10,56
Кочергин Михаил Иванович,майор,8,37
Михайлов Артём Ильич,рядовой,10,57
Соловьёв Денис Сергеевич,полковник,2,41
Соколов Илья Кириллович,прапорщик,10,46
Попов Константин Олегович,полковник,10,47
Иванов Максим Александрович,полковник,1,31
Захаров Олег Никитич,сержант,5,37
Степанов Константин Юрьевич,прапорщик,12,52
Андреев Матвей Олегович,майор,2,51
Егоров Евгений Максимович,полковник,8,50
Кочергин Дмитрий Андреевич,рядовой,6,54
Козлов Андрей Юрьевич,капитан,5,31
Лебедев Егор Кириллович,капитан,3,49
Борисов Михаил Дмитриевич,сержант,4,25
Попов Алексей Алексеевич,сержант,10,38
Михайлов Степан Дмитриевич,лейтенант,1,36
Лебедев Артём Сергеевич,прапорщик,12,51
Васильев Роман Викторович,прапорщик,8,48
Макаров Денис Михайлович,рядовой,8,19
Соколов Роман Павлович,лейтенант,6,43
Иванов Александр Викторович,лейтенант,12,26
Попов Степан Андреевич,рядовой,3,59
Павлов Андрей Сергеевич,капитан,4,50
Алексеев Степан Алексеевич,лейтенант,9,34
Никитин Иван Андреевич,лейтенант,5,31
Степанов Артём Ильич,полковник,1,37
Макаров Матвей Олегович,капитан,3,60
Никитин Дмитрий Павлович,лейтенант,11,43
Петров Кирилл Иванович,сержант,2,29
Васильев Кирилл Михайлович,сержант,6,51
Захаров Кирилл Максимович,рядовой,9,60
Новиков Егор Иванович,рядовой,3,34
Попов Сергей Александрович,полковник,7,33
Лебедев Степан Максимович,лейтенант,12,19
Новиков Степан Кириллович,полковник,7,34
Николаев Евгений Сергеевич,рядовой,12,44
Макаров Никита Иванович,прапорщик,12,53
Захаров Олег Иванович,капитан,5,28
Сидоров Константин Кириллович,лейтенант,10,30
Яковлев Сергей Ильич,полковник,7,30
Яковлев Юрий Павлович,прапорщик,10,49
Попов Денис Павлович,лейтенант,7,51
Семёнов Денис Юрьевич,прапорщик,10,31
Морозов Степан Олегович,рядовой,4,37
Сидоров Денис Михайлович,капитан,2,55
Морозов Илья Александрович,капитан,11,52
Захаров Михаил Алексеевич,лейтенант,8,26
Васильев Артём Александрович,майор,8,43
Смирнов Матвей Александрович,рядовой,2,22
Сидоров Илья Сергеевич,прапорщик,5,51
Иванов Михаил Никитич,сержант,12,30
Алексеев Кирилл Юрьевич,капитан,3,22
Михайлов Павел Александрович,рядовой,1,51
Кочергин Сергей Павлович,полковник,5,47
Андреев Константин Александрович,прапорщик,11,60
Степанов Павел Максимович,прапорщик,8,32
Егоров Виктор Александрович,лейтенант,8,57
Козлов Роман Викторович,майор,4,42
Лебедев Алексей Дмитриевич,капитан,11,43
Смирнов Дмитрий Алексеевич,полковник,4,47
Попов Егор Никитич,сержант,11,29
Петров Матвей Павлович,капитан,10,46
Попов Кирилл Иванович,капитан,8,24
Орлов Олег Иванович,прапорщик,11,46
Степанов Артём Алексеевич,полковник,8,47
Иванов Сергей Сергеевич,майор,6,37
Орлов Константин Сергеевич,полковник,8,49
Васильев Олег Алексеевич,майор,7,18
Зайцев Павел Олегович,капитан,6,44
Егоров Степан Олегович,полковник,2,20
Яковлев Евгений Романович,майор,10,48
Васильев Матвей Павлович,лейтенант,10,36
Зайцев Артём Ильич,полковник,7,35
Михайлов Денис Дмитриевич,сержант,7,30
Кузнецов Денис Павлович,полковник,8,60
Алексеев Матвей Павлович,полковник,5,39
Егоров Иван Павлович,лейтенант,10,34
Зайцев Павел Михайлович,лейтенант,12,23
Морозов Матвей Кириллович,прапорщик,8,34
Соловьёв Никита Дмитриевич,майор,11,26
Михайлов Александр Иванович,сержант,8,49
Попов Константин Александрович,капитан,12,35
Орлов Евгений Павлович,прапорщик,4,59
Степанов Кирилл Романович,рядовой,4,46
Захаров Матвей Михайлович,капитан,1,48
Егоров Александр Иванович,сержант,9,31
Васильев Степан Иванович,лейтенант,10,30
Попов Константин Сергеевич,сержант,7,56
Кочергин Михаил Дмитриевич,майор,5,19
Семёнов Илья Викторович,сержант,1,35
Сидоров Матвей Александрович,майор,7,31
Попов Юрий Михайлович,полковник,1,38
Смирнов Дмитрий Андреевич,лейтенант,6,51
Соколов Степан Викторович,майор,10,45
Васильев Артём Никитич,лейтенант,8,35
Николаев Егор Михайлович,майор,7,45
Макаров Дмитрий Кириллович,сержант,3,49
Васильев Павел Юрьевич,прапорщик,2,39
Степанов Андрей Дмитриевич,майор,10,36
Зайцев Максим Дмитриевич,рядовой,1,29
Николаев Денис Олегович,рядовой,8,52
Смирнов Виктор Романович,рядовой,7,37
Егоров Кирилл Викторович,лейтенант,10,58
Семёнов Артём Ильич,сержант,1,45
Сидоров Кирилл Михайлович,сержант,6,46
Соловьёв Олег Иванович,прапорщик,12,48
Егоров Павел Ильич,полковник,6,19
Захаров Матвей Алексеевич,лейтенант,1,29
Никитин Иван Александрович,майор,7,51
Семёнов Никита Олегович,полковник,8,21
Семёнов Максим Сергеевич,сержант,10,29
Соколов Роман Сергеевич,полковник,4,54
Смирнов Андрей Ильич,лейтенант,8,34
Морозов Константин Никитич,майор,2,31
Яковлев Илья Юрьевич,лейтенант,9,46
Иванов Никита Александрович,лейтенант,10,22
Никитин Дмитрий Павлович,полковник,11,41
Смирнов Александр Олегович,прапорщик,1,49
Петров Иван Ильич,полковник,9,59
Новиков Иван Михайлович,капитан,4,18
Соколов Кирилл Иванович,лейтенант,4,45
Яковлев Никита Никитич,майор,11,18
Соловьёв Михаил Михайлович,капитан,3,48
Попов Евгений Дмитриевич,капитан,1,30
Смирнов Иван Кириллович,полковник,11,42
Захаров Кирилл Кириллович,майор,2,45
Семёнов Евгений Романович,майор,10,50
Зайцев Кирилл Михайлович,прапорщик,1,53
Павлов Виктор Романович,майор,10,31
Иванов Артём Алексеевич,майор,1,47
Николаев Матвей Олегович,рядовой,12,39
Кузнецов Егор Дмитриевич,рядовой,12,41
Попов Артём Дмитриевич,сержант,10,56
Орлов Константин Павлович,лейтенант,4,32
Иванов Константин Алексеевич,сержант,6,43
Морозов Кирилл Александрович,сержант,1,46
Степанов Олег Сергеевич,полковник,6,35
Захаров Дмитрий Алексеевич,майор,8,31
Яковлев Алексей Александрович,рядовой,3,58
Степанов Матвей Ильич,рядовой,9,38
Иванов Александр Никитич,сержант,4,23
Орлов Степан Андреевич,майор,1,42
Яковлев Евгений Андреевич,полковник,1,37
Егоров Сергей Дмитриевич,капитан,4,21
Яковлев Матвей Никитич,капитан,5,46
Васильев Евгений Иванович,лейтенант,8,56
Лебедев Артём Андреевич,прапорщик,12,39
Николаев Виктор Романович,сержант,9,24
Морозов Максим Алексеевич,лейтенант,3,30
Никитин Евгений Андреевич,лейтенант,5,26
Козлов Матвей Сергеевич,капитан,6,29
Соловьёв Матвей Иванович,майор,8,44
Никитин Евгений Максимович,прапорщик,6,55
Петров Илья Дмитриевич,капитан,2,54
Алексеев Константин Романович,полковник,5,34
Макаров Евгений Викторович,лейтенант,2,39
Иванов Юрий Никитич,капитан,9,36
Козлов Сергей Романович,майор,1,50
Козлов Андрей Михайлович,прапорщик,7,36
Петров Илья Романович,рядовой,8,44
Степанов Матвей Иванович,полковник,6,56
Андреев Артём Иванович,полковник,6,50
Егоров Максим Дмитриевич,капитан,12,26
Орлов Андрей Викторович,лейтенант,6,37
Лебедев Иван Юрьевич,лейтенант,5,41
Козлов Алексей Иванович,прапорщик,12,25
Кузнецов Артём Викторович,сержант,5,55
Захаров Илья Юрьевич,капитан,8,57
Петров Александр Юрьевич,рядовой,12,36
Соловьёв Никита Иванович,капитан,5,53
Зайцев Михаил Олегович,лейтенант,5,24
Алексеев Егор Андреевич,сержант,11,54
Фёдоров Егор Юрьевич,рядовой,3,39
Морозов Павел Кириллович,прапорщик,1,28
Никитин Иван Олегович,лейтенант,5,57
Макаров Александр Павлович,прапорщик,2,27
Яковлев Андрей Юрьевич,сержант,11,48
Кочергин Матвей Ильич,полковник,2,36
Зайцев Матвей Сергеевич,майор,11,30
Михайлов Сергей Юрьевич,майор,1,21
Фёдоров Михаил Иванович,прапорщик,9,33
Захаров Михаил Иванович,прапорщик,10,39
Борисов Матвей Олегович,полковник,3,25
Алексеев Степан Ильич,сержант,6,60
Семёнов Юрий Олегович,лейтенант,9,21
Павлов Константин Иванович,полковник,1,37
Захаров Павел Максимович,рядовой,9,44
Никитин Юрий Дмитриевич,прапорщик,4,23
Семёнов Максим Иванович,прапорщик,11,48
Павлов Никита Алексеевич,рядовой,11,55
Лебедев Павел Кириллович,сержант,7,53
Кочергин Дмитрий Кириллович,полковник,2,60
Орлов Егор Дмитриевич,капитан,10,51
Егоров Степан Иванович,майор,11,19
Сидоров Дмитрий Иванович,прапорщик,9,30
Степанов Максим Максимович,рядовой,6,31
Попов Дмитрий Алексеевич,лейтенант,5,21
Петров Константин Ильич,майор,11,33
Андреев Артём Олегович,сержант,8,55
Петров Алексей Александрович,майор,11,33
Павлов Степан Викторович,капитан,3,59
Сидоров Степан Ильич,капитан,5,36
Лебедев Евгений Сергеевич,полковник,7,46
Алексеев Роман Кириллович,майор,5,26
Макаров Александр Кириллович,прапорщик,9,23
Попов Михаил Алексеевич,майор,7,45
Новиков Денис Михайлович,сержант,12,44
Новиков Кирилл Александрович,прапорщик,8,59
Павлов Артём Алексеевич,полковник,8,56
Зайцев Егор Олегович,сержант,8,56
Захаров Олег Романович,капитан,2,53
Семёнов Иван Никитич,прапорщик,10,54
Попов Михаил Павлович,капитан,8,60
Сидоров Михаил Михайлович,лейтенант,10,31
Захаров Павел Романович,сержант,2,38
Фёдоров Егор Павлович,прапорщик,11,27
Васильев Константин Михайлович,рядовой,3,58
Кочергин Павел Александрович,полковник,9,54
Захаров Роман Михайлович,полковник,10,42
Кочергин Егор Максимович,рядовой,11,52
Попов Андрей Андреевич,сержант,11,59
Николаев Олег Андреевич,прапорщик,7,53
Семёнов Андрей Алексеевич,рядовой,4,47
Васильев Илья Юрьевич,майор,9,35
Петров Роман Максимович,сержант,9,44
Семёнов Михаил Романович,лейтенант,9,33
Петров Кирилл Романович,прапорщик,10,42
Орлов Никита Викторович,майор,7,59
Зайцев Виктор Иванович,полковник,8,50
Кочергин Степан Александрович,рядовой,6,39
Сидоров Андрей Павлович,майор,12,48
Николаев Егор Михайлович,майор,5,56
Михайлов Артём Олегович,сержант,3,47
Петров Матвей Олегович,рядовой,5,45
Морозов Артём Михайлович,полковник,5,29
Петров Дмитрий Никитич,сержант,2,50
Алексеев Иван Михайлович,лейтенант,12,24
Соловьёв Матвей Андреевич,рядовой,4,38
Сидоров Олег Максимович,капитан,9,40
Орлов Виктор Александрович,полковник,6,44
Морозов Олег Сергеевич,сержант,4,38
Борисов Степан Романович,рядовой,9,23
Николаев Кирилл Ильич,сержант,3,54
Егоров Денис Олегович,лейтенант,12,31
Попов Денис Дмитриевич,полковник,5,26
Васильев Артём Сергеевич,рядовой,7,20
Яковлев Евгений Максимович,майор,8,20
Петров Матвей Андреевич,сержант,10,23
Егоров Кирилл Иванович,лейтенант,11,36
Козлов Егор Иванович,капитан,10,19
Фёдоров Андрей Юрьевич,рядовой,12,29
Морозов Константин Олегович,рядовой,2,36
Васильев Никита Ильич,рядовой,5,18
Николаев Денис Юрьевич,майор,12,41
Смирнов Илья Дмитриевич,лейтенант,2,18
Степанов Андрей Андреевич,рядовой,7,53
Козлов Иван Никитич,прапорщик,4,47
Смирнов Михаил Викторович,сержант,3,20
Новиков Илья Максимович,капитан,3,46
Новиков Илья Максимович,сержант,7,45
Алексеев Матвей Павлович,полковник,1,29
Соколов Артём Павлович,рядовой,7,40
Фёдоров Евгений Александрович,лейтенант,3,34
Лебедев Никита Романович,прапорщик,3,44
Лебедев Андрей Дмитриевич,майор,4,43
Николаев Денис Дмитриевич,сержант,8,38
Смирнов Александр Александрович,прапорщик,12,45
Павлов Денис Дмитриевич,лейтенант,10,18
Фёдоров Иван Максимович,полковник,2,29
Сидоров Юрий Максимович,полковник,7,47
Соловьёв Юрий Ильич,полковник,3,33
Морозов Артём Кириллович,полковник,12,32
Иванов Олег Иванович,прапорщик,9,36
Макаров Павел Романович,рядовой,7,39
Семёнов Дмитрий Викторович,капитан,5,30
Кузнецов Сергей Кириллович,рядовой,3,35
Попов Роман Михайлович,лейтенант,12,51
Захаров Никита Романович,майор,2,54
Иванов Андрей Дмитриевич,прапорщик,2,59
Борисов Максим Романович,майор,5,52
Егоров Дмитрий Романович,рядовой,1,56
Соколов Артём Никитич,лейтенант,6,33
Соколов Егор Ильич,полковник,4,18
Фёдоров Денис Иванович,майор,5,30
Лебедев Юрий Дмитриевич,рядовой,10,52
Борисов Михаил Сергеевич,лейтенант,5,32
Лебедев Иван Дмитриевич,майор,11,27
Смирнов Иван Александрович,полковник,12,35
Лебедев Дмитрий Сергеевич,полковник,3,39
Андреев Юрий Алексеевич,капитан,11,32
Соловьёв Артём Юрьевич,рядовой,8,59
Зайцев Степан Иванович,лейтенант,9,24
Лебедев Роман Викторович,прапорщик,1,40
Степанов Сергей Юрьевич,майор,4,54
Соколов Александр Максимович,рядовой,11,40
Макаров Матвей Максимович,полковник,7,56
Никитин Степан Ильич,сержант,12,59
Сидоров Денис Ильич,лейтенант,5,59
Семёнов Александр Михайлович,майор,5,20
Кочергин Матвей Никитич,полковник,6,27
Макаров Никита Ильич,полковник,6,47
Иванов Виктор Юрьевич,полковник,7,41
Иванов Павел Михайлович,лейтенант,3,18
Семёнов Степан Романович,лейтенант,3,59
Макаров Алексей Викторович,рядовой,10,60
Зайцев Алексей Олегович,рядовой,3,58
Орлов Роман Максимович,рядовой,9,45
Егоров Александр Сергеевич,рядовой,10,32
Алексеев Александр Максимович,капитан,5,54
Иванов Степан Максимович,майор,8,21
Петров Артём Андреевич,лейтенант,12,43
Орлов Алексей Александрович,прапорщик,11,60
Андреев Евгений Викторович,лейтенант,8,49
Захаров Дмитрий Максимович,прапорщик,11,55
Лебедев Андрей Павлович,капитан,3,24
Смирнов Павел Романович,лейтенант,11,59
Никитин Константин Павлович,прапорщик,7,19
Семёнов Иван Ильич,майор,6,56
Морозов Роман Сергеевич,капитан,3,27
Петров Матвей Сергеевич,сержант,6,43
Соколов Павел Викторович,полковник,5,51
Захаров Виктор Алексеевич,прапорщик,1,21
Семёнов Матвей Сергеевич,лейтенант,8,35
Борисов Евгений Олегович,майор,8,30
Морозов Степан Сергеевич,капитан,3,25
Семёнов Денис Михайлович,капитан,8,36
Семёнов Иван Кириллович,прапорщик,10,57
Орлов Виктор Романович,майор,9,37
Васильев Степан Кириллович,прапорщик,7,56
Козлов Павел Юрьевич,полковник,2,29
Морозов Андрей Дмитриевич,полковник,2,57
Васильев Дмитрий Павлович,прапорщик,7,58
Козлов Сергей Андреевич,лейтенант,8,25
Козлов Максим Олегович,капитан,10,30
Васильев Матвей Кириллович,майор,1,31
Николаев Максим Кириллович,полковник,9,48
Павлов Артём Дмитриевич,прапорщик,11,43
Егоров Андрей Юрьевич,прапорщик,4,33
Фёдоров Никита Алексеевич,лейтенант,12,28
Петров Андрей Михайлович,полковник,9,49
Михайлов Денис Сергеевич,рядовой,3,53
Попов Роман Ильич,прапорщик,12,41
Смирнов Иван Кириллович,капитан,3,26
Кузнецов Павел Кириллович,рядовой,8,59
Лебедев Евгений Олегович,прапорщик,1,33
Козлов Олег Михайлович,майор,12,46
Морозов Олег Дмитриевич,прапорщик,6,48
Андреев Виктор Юрьевич,майор,8,54
Сидоров Иван Никитич,сержант,2,26
Орлов Михаил Ильич,прапорщик,11,38
Васильев Матвей Кириллович,капитан,12,22
Сидоров Юрий Романович,лейтенант,6,20
Соловьёв Павел Андреевич,лейтенант,3,21
Степанов Кирилл Дмитриевич,майор,4,42
Козлов Юрий Иванович,лейтенант,11,40
Алексеев Алексей Михайлович,сержант,4,54
Смирнов Егор Павлович,полковник,8,18
Захаров Евгений Романович,прапорщик,1,43
Козлов Кирилл Кириллович,полковник,10,59
Яковлев Кирилл Михайлович,полковник,2,21
Захаров Юрий Максимович,рядовой,5,27
Соловьёв Денис Юрьевич,прапорщик,10,30
Морозов Кирилл Андреевич,рядовой,1,24
Соловьёв Евгений Максимович,капитан,9,58
Степанов Егор Сергеевич,сержант,3,58
Козлов Илья Иванович,лейтенант,6,31
Егоров Михаил Максимович,рядовой,2,38
Андреев Денис Дмитриевич,полковник,4,37
Лебедев Матвей Павлович,рядовой,11,23
Соловьёв Егор Никитич,полковник,11,28
Кочергин Алексей Никитич,полковник,6,38
Новиков Егор Алексеевич,рядовой,3,25
Зайцев Илья Романович,майор,5,42
Степанов Юрий Алексеевич,сержант,11,33
Козлов Михаил Александрович,лейтенант,2,46
Соколов Виктор Никитич,сержант,5,42
Кочергин Дмитрий Романович,полковник,5,48
Орлов Дмитрий Дмитриевич,лейтенант,1,33
Яковлев Павел Максимович,рядовой,8,54
Никитин Матвей Сергеевич,лейтенант,4,39
Кузнецов Максим Михайлович,майор,12,23
Макаров Алексей Александрович,сержант,3,36
Николаев Сергей Юрьевич,прапорщик,7,22
Кочергин Евгений Дмитриевич,капитан,6,45
Михайлов Виктор Максимович,капитан,12,39
Михайлов Сергей Ильич,сержант,11,30
Алексеев Роман Иванович,майор,1,26
Егоров Никита Максимович,прапорщик,7,38
Павлов Сергей Викторович,майор,10,24
Орлов Матвей Юрьевич,капитан,3,54
Петров Юрий Романович,сержант,12,37
Козлов Алексей Алексеевич,рядовой,10,25
Николаев Виктор Сергеевич,майор,5,28
Козлов Павел Михайлович,капитан,2,36
Смирнов Михаил Александрович,полковник,2,31
Зайцев Евгений Иванович,майор,12,43
Борисов Павел Ильич,капитан,2,36
Соловьёв Алексей Олегович,прапорщик,3,18
Борисов Сергей Алексеевич,полковник,12,19
Смирнов Иван Никитич,рядовой,3,21
Степанов Евгений Никитич,майор,5,45
Степанов Евгений Павлович,лейтенант,6,57
Новиков Степан Максимович,майор,9,27
Лебедев Алексей Сергеевич,сержант,11,42
Лебедев Виктор Романович,капитан,2,44
Новиков Кирилл Сергеевич,прапорщик,4,27
Макаров Сергей Александрович,рядовой,2,30
Петров Евгений Романович,сержант,4,24
Морозов Роман Алексеевич,сержант,5,29
Павлов Кирилл Александрович,майор,3,27
Борисов Кирилл Павлович,сержант,7,48
Зайцев Максим Кириллович,полковник,3,18
Кузнецов Никита Кириллович,полковник,5,28
Соколов Степан Олегович,лейтенант,1,46
Семёнов Роман Александрович,прапорщик,3,57
Яковлев Артём Юрьевич,майор,12,45
Андреев Роман Юрьевич,прапорщик,1,52
Андреев Денис Юрьевич,полковник,3,22
Петров Иван Романович,сержант,5,21
Иванов Илья Ильич,майор,1,41
Соловьёв Максим Александрович,майор,11,56
Андреев Денис Андреевич,прапорщик,8,26
Морозов Кирилл Алексеевич,лейтенант,6,36
Борисов Максим Олегович,майор,11,52
Козлов Виктор Ильич,капитан,3,49
Соловьёв Егор Кириллович,капитан,9,38
Андреев Алексей Кириллович,капитан,11,24
Захаров Степан Алексеевич,полковник,9,54
Васильев Роман Ильич,майор,11,28
Никитин Иван Олегович,капитан,1,48
Борисов Дмитрий Михайлович,сержант,11,32
Морозов Иван Кириллович,рядовой,9,57
Степанов Матвей Кириллович,рядовой,2,45
Орлов Павел Алексеевич,майор,2,59
Васильев Никита Кириллович,прапорщик,12,47
Макаров Дмитрий Иванович,рядовой,8,59
Иванов Денис Юрьевич,прапорщик,1,53
Павлов Михаил Никитич,майор,10,57
Степанов Роман Ильич,полковник,6,47
Кочергин Евгений Олегович,майор,7,26
Никитин Максим Кириллович,капитан,1,38
Яковлев Павел Иванович,рядовой,10,34
Павлов Кирилл Иванович,прапорщик,12,28
Попов Матвей Романович,прапорщик,2,30
Зайцев Артём Дмитриевич,майор,6,57
Сидоров Матвей Никитич,рядовой,10,44
Васильев Виктор Иванович,рядовой,12,24
Иванов Константин Олегович,лейтенант,5,39
Смирнов Виктор Кириллович,полковник,7,32
Кочергин Матвей Александрович,полковник,6,19
Михайлов Максим Юрьевич,сержант,8,27
Кузнецов Илья Михайлович,сержант,7,49
Зайцев Евгений Викторович,полковник,1,30
Борисов Виктор Алексеевич,сержант,11,52
Смирнов Андрей Максимович,лейтенант,2,51
Зайцев Константин Кириллович,прапорщик,5,46
Макаров Виктор Романович,сержант,2,22
Борисов Алексей Викторович,майор,6,55
Алексеев Илья Юрьевич,полковник,4,22
Сидоров Михаил Ильич,сержант,2,19
Павлов Евгений Павлович,сержант,4,21
Зайцев Егор Романович,полковник,10,34
Орлов Александр Александрович,сержант,9,24
Егоров Александр Кириллович,майор,7,37
Павлов Матвей Максимович,майор,1,20
Кузнецов Максим Андреевич,прапорщик,2,34
Иванов Степан Максимович,лейтенант,1,26
Егоров Кирилл Олегович,рядовой,7,58
Павлов Денис Викторович,майор,11,30
Попов Максим Никитич,капитан,10,54
Семёнов Александр Ильич,майор,3,19
Михайлов Артём Никитич,майор,8,34
Васильев Артём Никитич,прапорщик,3,24
Петров Егор Иванович,рядовой,1,19
Новиков Роман Александрович,рядовой,1,58
Новиков Сергей Ильич,рядовой,4,39
Морозов Никита Викторович,капитан,5,26
Петров Денис Андреевич,майор,11,26
Орлов Илья Иванович,лейтенант,12,47
Кузнецов Виктор Максимович,лейтенант,7,22
Андреев Евгений Юрьевич,майор,9,47
Семёнов Егор Юрьевич,майор,8,41
Соловьёв Максим Ильич,капитан,8,47
Орлов Максим Андреевич,полковник,4,56
Павлов Максим Кириллович,капитан,8,59
Николаев Алексей Дмитриевич,прапорщик,9,48
Соколов Дмитрий Михайлович,прапорщик,2,55
Михайлов Никита Романович,майор,9,44
Яковлев Евгений Максимович,майор,12,47
Зайцев Илья Михайлович,рядовой,9,53
Борисов Виктор Александрович,лейтенант,10,60
Кочергин Михаил Дмитриевич,сержант,11,58
Захаров Сергей Иванович,лейтенант,6,50
Фёдоров Константин Ильич,капитан,2,52
Николаев Никита Кириллович,майор,7,26
Петров Матвей Михайлович,полковник,5,56
Васильев Илья Алексеевич,лейтенант,2,54
Фёдоров Кирилл Александрович,лейтенант,4,51
Фёдоров Егор Викторович,рядовой,3,21
Макаров Иван Максимович,полковник,6,30
Лебедев Степан Михайлович,сержант,1,40
Морозов Виктор Иванович,майор,6,32
Орлов Никита Михайлович,прапорщик,1,46
Никитин Евгений Олегович,лейтенант,8,50
Соловьёв Евгений Алексеевич,майор,12,26
Захаров Сергей Дмитриевич,майор,1,47
Никитин Андрей Александрович,прапорщик,1,57
Новиков Денис Максимович,рядовой,3,36
Кочергин Сергей Викторович,прапорщик,11,49
Павлов Юрий Александрович,прапорщик,2,19
Андреев Михаил Олегович,лейтенант,8,23
Егоров Егор Михайлович,прапорщик,3,45
Кузнецов Михаил Никитич,полковник,8,21
Андреев Кирилл Олегович,лейтенант,2,25
Захаров Александр Сергеевич,капитан,8,47
Никитин Александр Кириллович,сержант,3,38
Лебедев Дмитрий Никитич,майор,5,32
Захаров Александр Викторович,сержант,3,37
Зайцев Роман Олегович,полковник,9,54
Степанов Денис Михайлович,капитан,11,21
Никитин Артём Дмитриевич,прапорщик,4,50
Смирнов Иван Викторович,капитан,10,50
Яковлев Павел Андреевич,прапорщик,7,54
Попов Михаил Викторович,рядовой,5,51
Смирнов Сергей Ильич,рядовой,2,50
Алексеев Михаил Кириллович,сержант,4,23
Зайцев Кирилл Иванович,майор,7,41
Смирнов Евгений Сергеевич,сержант,8,41
Степанов Максим Юрьевич,рядовой,1,33
Михайлов Илья Викторович,прапорщик,4,27
Морозов Роман Юрьевич,прапорщик,1,39
Васильев Роман Андреевич,прапорщик,2,59
Орлов Андрей Ильич,рядовой,2,39
Михайлов Сергей Максимович,рядовой,10,19
Николаев Андрей Александрович,лейтенант,1,49
Смирнов Илья Павлович,майор,10,31
Петров Дмитрий Иванович,полковник,3,29
Сидоров Виктор Никитич,прапорщик,3,59
Соловьёв Егор Викторович,майор,4,41
Зайцев Артём Михайлович,майор,3,38
Никитин Егор Сергеевич,рядовой,7,24
Орлов Никита Никитич,прапорщик,12,27
Алексеев Юрий Максимович,капитан,5,39
Фёдоров Артём Викторович,полковник,6,52
Кузнецов Роман Андреевич,майор,11,57
Морозов Дмитрий Сергеевич,прапорщик,10,55
Зайцев Виктор Никитич,рядовой,3,30
Кузнецов Артём Иванович,капитан,6,55
Соколов Матвей Дмитриевич,майор,4,60
Макаров Олег Романович,майор,3,50
Егоров Александр Романович,рядовой,8,38
Петров Денис Максимович,капитан,11,58
Зайцев Иван Ильич,прапорщик,5,36
Яковлев Андрей Иванович,сержант,5,48
Семёнов Денис Юрьевич,прапорщик,5,35
Козлов Роман Михайлович,полковник,10,33
Петров Михаил Олегович,прапорщик,1,21
Алексеев Александр Павлович,капитан,9,50
Яковлев Андрей Павлович,прапорщик,9,45
Кузнецов Виктор Викторович,прапорщик,6,31
Семёнов Иван Кириллович,полковник,9,40
Борисов Олег Никитич,майор,7,19
Козлов Сергей Андреевич,рядовой,1,34
Иванов Иван Алексеевич,полковник,6,34
Захаров Матвей Ильич,капитан,7,20
Сидоров Егор Дмитриевич,капитан,10,32
Кузнецов Олег Михайлович,лейтенант,1,46
Козлов Андрей Павлович,сержант,6,60
Борисов Сергей Юрьевич,прапорщик,4,25
Орлов Роман Дмитриевич,сержант,3,41
Петров Олег Кириллович,майор,11,55
Новиков Илья Михайлович,прапорщик,3,47
Павлов Павел Иванович,сержант,11,33
Алексеев Максим Юрьевич,капитан,5,54
Алексеев Кирилл Романович,полковник,5,56
Андреев Матвей Иванович,полковник,8,50
Борисов Сергей Алексеевич,лейтенант,12,30
Макаров Сергей Юрьевич,майор,5,60
Захаров Андрей Викторович,майор,2,51
Соколов Андрей Андреевич,майор,5,19
Попов Артём Ильич,лейтенант,11,26
Семёнов Роман Сергеевич,лейтенант,7,35
Андреев Александр Михайлович,рядовой,5,42
Фёдоров Виктор Иванович,рядовой,2,28
Павлов Роман Кириллович,капитан,2,25
Иванов Матвей Александрович,сержант,12,26
Павлов Юрий Алексеевич,рядовой,8,59
Новиков Виктор Романович,капитан,6,28
Захаров Евгений Андреевич,лейтенант,7,49
Семёнов Кирилл Алексеевич,сержант,10,31
Фёдоров Юрий Михайлович,сержант,4,58
Борисов Иван Ильич,майор,3,46
Егоров Артём Олегович,полковник,12,55
Попов Максим Иванович,рядовой,1,18
Кузнецов Роман Александрович,лейтенант,8,28
Сидоров Кирилл Ильич,майор,11,34
Андреев Евгений Павлович,капитан,11,42
Захаров Никита Ильич,полковник,8,22
Морозов Матвей Юрьевич,сержант,2,19
Морозов Алексей Александрович,капитан,10,53
Васильев Максим Викторович,сержант,1,60
Захаров Павел Иванович,рядовой,8,57
Васильев Илья Викторович,лейтенант,4,24
Кузнецов Константин Юрьевич,сержант,5,23
Макаров Михаил Романович,рядовой,3,47
Орлов Матвей Александрович,капитан,3,44
Павлов Юрий Александрович,рядовой,10,21
Семёнов Андрей Алексеевич,рядовой,9,59
Николаев Денис Максимович,полковник,3,25
Егоров Павел Михайлович,прапорщик,3,33
Степанов Олег Романович,капитан,7,20
Кузнецов Илья Ильич,рядовой,6,57
Яковлев Константин Викторович,прапорщик,2,47
Морозов Иван Александрович,сержант,3,30
Иванов Степан Дмитриевич,полковник,7,18
Борисов Константин Никитич,рядовой,8,39
Иванов Алексей Михайлович,рядовой,4,19
Петров Иван Олегович,лейтенант,11,40
Егоров Юрий Юрьевич,прапорщик,6,52
Фёдоров Александр Романович,капитан,2,37
Фёдоров Дмитрий Никитич,капитан,8,29
Борисов Илья Павлович,лейтенант,10,36
Орлов Роман Андреевич,лейтенант,3,50
Алексеев Никита Сергеевич,капитан,2,36
Никитин Юрий Андреевич,рядовой,5,32
Николаев Степан Михайлович,полковник,11,38
Яковлев Дмитрий Михайлович,лейтенант,3,24
Семёнов Роман Михайлович,майор,4,36
Степанов Артём Никитич,рядовой,7,42
Лебедев Кирилл Дмитриевич,лейтенант,9,53
Орлов Юрий Олегович,капитан,9,41
Павлов Никита Викторович,прапорщик,10,22
Никитин Максим Дмитриевич,лейтенант,11,45
Лебедев Олег Андреевич,лейтенант,5,23
Егоров Иван Кириллович,майор,10,46
Павлов Константин Романович,сержант,8,48
Петров Максим Алексеевич,прапорщик,10,31
Борисов Сергей Олегович,майор,5,40
Орлов Виктор Андреевич,прапорщик,4,46
Павлов Александр Михайлович,лейтенант,1,36
Петров Денис Ильич,лейтенант,6,22
Захаров Евгений Викторович,прапорщик,7,55
Попов Егор Андреевич,полковник,1,32
Орлов Алексей Юрьевич,сержант,6,49
Смирнов Андрей Иванович,лейтенант,8,29
Сидоров Андрей Кириллович,рядовой,1,53
Никитин Никита Викторович,майор,9,54
Морозов Павел Сергеевич,прапорщик,4,27
Андреев Михаил Алексеевич,прапорщик,7,42
Иванов Александр Александрович,полковник,6,49
Захаров Степан Ильич,лейтенант,11,56
Петров Юрий Ильич,рядовой,4,35
Сидоров Илья Павлович,прапорщик,11,30
Кузнецов Павел Романович,лейтенант,12,52
Михайлов Константин Викторович,полковник,12,46
Зайцев Александр Юрьевич,полковник,1,45
Петров Александр Юрьевич,прапорщик,7,24
Зайцев Кирилл Кириллович,сержант,8,20
Петров Кирилл Максимович,майор,11,49
Новиков Михаил Ильич,лейтенант,9,46
Сидоров Виктор Павлович,сержант,9,47
Алексеев Алексей Максимович,прапорщик,8,49
Захаров Михаил Александрович,майор,6,34
Морозов Евгений Олегович,лейтенант,2,51
Кузнецов Михаил Юрьевич,прапорщик,2,35
Попов Денис Иванович,сержант,11,22
Михайлов Сергей Юрьевич,сержант,7,31
Андреев Кирилл Алексеевич,рядовой,11,28
Кузнецов Артём Кириллович,капитан,10,51
Борисов Алексей Сергеевич,прапорщик,10,19
Иванов Иван Сергеевич,сержант,3,60
Андреев Александр Никитич,майор,5,50
Михайлов Матвей Олегович,лейтенант,8,22
Морозов Виктор Михайлович,рядовой,12,47
Николаев Юрий Павлович,лейтенант,1,36
Фёдоров Егор Кириллович,капитан,2,24
Кочергин Виктор Никитич,прапорщик,8,59
Кочергин Денис Викторович,полковник,7,41
Зайцев Денис Олегович,лейтенант,7,34
Семёнов Роман Дмитриевич,капитан,6,26
Иванов Евгений Романович,полковник,11,26
Козлов Егор Никитич,прапорщик,6,29
Сидоров Денис Иванович,рядовой,5,54
Степанов Степан Юрьевич,капитан,3,55
Павлов Евгений Юрьевич,сержант,8,41
Новиков Кирилл Андреевич,сержант,1,45
Сидоров Виктор Иванович,майор,1,44
Борисов Константин Алексеевич,капитан,9,47
Захаров Виктор Кириллович,майор,9,45
Захаров Виктор Михайлович,рядовой,1,42
Захаров Денис Андреевич,прапорщик,7,45
Васильев Павел Дмитриевич,сержант,3,23
Михайлов Илья Дмитриевич,сержант,2,52
Андреев Артём Кириллович,сержант,1,23
Смирнов Сергей Михайлович,майор,1,43
Морозов Кирилл Романович,прапорщик,9,49
Фёдоров Матвей Андреевич,майор,5,40
Кузнецов Павел Павлович,рядовой,6,22
Михайлов Артём Олегович,капитан,8,34
Морозов Иван Ильич,прапорщик,2,46
Козлов Степан Ильич,майор,9,47
Андреев Максим Кириллович,прапорщик,6,43
Алексеев Константин Олегович,сержант,11,31
Захаров Степан Иванович,майор,12,52
Алексеев Виктор Михайлович,рядовой,8,59
Павлов Андрей Романович,майор,7,20
Андреев Сергей Сергеевич,полковник,12,45
Кузнецов Кирилл Олегович,капитан,5,58
Семёнов Егор Алексеевич,капитан,4,43
Захаров Виктор Никитич,сержант,7,51
Соловьёв Матвей Сергеевич,лейтенант,10,47
Васильев Егор Юрьевич,капитан,12,56
Борисов Дмитрий Максимович,полковник,1,26
Николаев Денис Максимович,капитан,1,57
Фёдоров Виктор Андреевич,полковник,1,30
Павлов Виктор Викторович,сержант,2,26
Смирнов Матвей Максимович,капитан,1,58
Михайлов Матвей Павлович,сержант,5,35
Алексеев Юрий Алексеевич,сержант,1,24
Кочергин Никита Олегович,лейтенант,4,58
Захаров Илья Ильич,майор,6,20
Егоров Андрей Никитич,сержант,12,26
Кочергин Андрей Романович,сержант,11,52
Сидоров Кирилл Александрович,сержант,1,59
Семёнов Никита Романович,полковник,10,51
Зайцев Михаил Максимович,майор,5,28
Петров Андрей Никитич,капитан,5,30
Никитин Матвей Дмитриевич,лейтенант,5,41
Иванов Константин Ильич,майор,4,29
Егоров Дмитрий Викторович,рядовой,3,34
Михайлов Александр Никитич,полковник,4,23
Иванов Константин Александрович,лейтенант,8,24
Орлов Степан Алексеевич,сержант,11,39
Андреев Юрий Кириллович,сержант,8,48
Николаев Олег Кириллович,лейтенант,7,40
Фёдоров Кирилл Викторович,лейтенант,2,46
Кузнецов Иван Иванович,лейтенант,4,39
Фёдоров Михаил Сергеевич,прапорщик,8,24
Попов Роман Олегович,лейтенант,2,39
Борисов Виктор Кириллович,капитан,4,54
Макаров Андрей Михайлович,сержант,8,21
Зайцев Андрей Максимович,прапорщик,1,59
Смирнов Артём Михайлович,полковник,4,58
Соколов Павел Дмитриевич,лейтенант,3,48
Степанов Степан Романович,капитан,3,36
Захаров Иван Юрьевич,сержант,4,54
Сидоров Андрей Дмитриевич,сержант,8,25
Андреев Константин Сергеевич,сержант,8,40
Степанов Илья Иванович,прапорщик,8,60
Яковлев Максим Никитич,полковник,3,23
Захаров Максим Олегович,майор,3,29
Петров Юрий Павлович,полковник,11,38
Степанов Максим Дмитриевич,рядовой,12,35
Зайцев Кирилл Ильич,лейтенант,5,31
Кочергин Кирилл Никитич,прапорщик,4,28
Макаров Павел Олегович,капитан,2,34
Кузнецов Алексей Александрович,майор,1,47
Николаев Андрей Алексеевич,лейтенант,7,50
Соколов Никита Алексеевич,лейтенант,9,21
Соловьёв Олег Викторович,капитан,6,60
Семёнов Сергей Дмитриевич,капитан,4,30
Павлов Матвей Ильич,рядовой,1,20
Козлов Дмитрий Дмитриевич,майор,7,31
Николаев Андрей Романович,капитан,12,45
Николаев Денис Викторович,прапорщик,5,43
Морозов Степан Олегович,рядовой,8,28
Павлов Виктор Никитич,лейтенант,11,19
Соколов Михаил Михайлович,полковник,7,58
Васильев Илья Алексеевич,майор,5,42
Морозов Олег Олегович,полковник,9,36
Зайцев Максим Романович,прапорщик,12,44
Макаров Артём Романович,рядовой,8,38
Семёнов Артём Романович,полковник,2,50
Морозов Сергей Юрьевич,лейтенант,10,42
Морозов Юрий Иванович,капитан,7,38
Захаров Егор Александрович,рядовой,11,32
Андреев Илья Викторович,майор,6,27
Попов Павел Павлович,майор,5,51
Михайлов Олег Андреевич,рядовой,1,54
Попов Алексей Андреевич,прапорщик,2,34
Фёдоров Матвей Юрьевич,капитан,11,41
Зайцев Артём Викторович,майор,3,32
Семёнов Роман Олегович,рядовой,5,22
Новиков Андрей Олегович,прапорщик,4,21
Попов Константин Юрьевич,рядовой,9,22
Соколов Денис Андреевич,сержант,10,53
Кузнецов Сергей Александрович,капитан,4,41
Николаев Андрей Никитич,майор,4,56
Кузнецов Алексей Иванович,рядовой,2,60
Яковлев Михаил Павлович,сержант,9,34
Иванов Иван Олегович,майор,11,60
Козлов Никита Ильич,капитан,1,52
Лебедев Степан Ильич,майор,11,36
Никитин Денис Павлович,лейтенант,11,57
Иванов Дмитрий Викторович,капитан,3,37
Новиков Роман Олегович,лейтенант,7,56
Новиков Юрий Кириллович,лейтенант,11,18
Орлов Павел Никитич,сержант,9,44
Егоров Алексей Иванович,майор,1,51
Фёдоров Никита Алексеевич,прапорщик,11,45
Попов Павел Юрьевич,полковник,3,42
Кочергин Павел Андреевич,сержант,3,38
Лебедев Алексей Юрьевич,сержант,11,37
Андреев Егор Алексеевич,лейтенант,1,35
Лебедев Алексей Ильич,полковник,11,33
Михайлов Олег Михайлович,лейтенант,7,43
Смирнов Дмитрий Иванович,рядовой,5,56
Макаров Роман Максимович,капитан,1,42
Соловьёв Евгений Павлович,сержант,9,53
Кочергин Евгений Юрьевич,капитан,3,35
Михайлов Константин Михайлович,рядовой,4,59
Орлов Константин Иванович,рядовой,9,45
Степанов Юрий Романович,лейтенант,2,32
Орлов Михаил Михайлович,рядовой,9,52
Соколов Юрий Кириллович,полковник,2,52
Соколов Степан Александрович,рядовой,7,55
Макаров Артём Михайлович,лейтенант,7,55
Сидоров Андрей Ильич,лейтенант,8,56
Захаров Илья Александрович,рядовой,11,28
Попов Александр Максимович,лейтенант,4,24
Егоров Матвей Алексеевич,рядовой,1,58
Кузнецов Илья Сергеевич,прапорщик,3,31
Сидоров Артём Кириллович,полковник,7,58
Никитин Виктор Ильич,майор,2,36
Никитин Александр Алексеевич,рядовой,3,49
Петров Алексей Кириллович,рядовой,9,56
Яковлев Егор Юрьевич,сержант,1,25
Попов Константин Иванович,капитан,1,33
Смирнов Виктор Викторович,лейтенант,11,38
Кочергин Павел Александрович,рядовой,12,18
Андреев Сергей Максимович,лейтенант,7,39
Зайцев Артём Алексеевич,прапорщик,5,51
Соколов Кирилл Ильич,полковник,9,48
Смирнов Матвей Максимович,прапорщик,5,49
Новиков Егор Сергеевич,рядовой,8,58
Петров Юрий Викторович,рядовой,3,48
Кузнецов Степан Алексеевич,рядовой,5,21
Петров Константин Кириллович,майор,12,51
Иванов Степан Ильич,прапорщик,11,54
Николаев Сергей Алексеевич,полковник,4,28
Смирнов Роман Александрович,рядовой,6,56
Соловьёв Юрий Ильич,сержант,5,22
Павлов Илья Андреевич,майор,12,40
Попов Юрий Викторович,лейтенант,3,41
Кузнецов Олег Дмитриевич,сержант,2,32
Смирнов Сергей Олегович,лейтенант,10,40
Макаров Михаил Алексеевич,капитан,12,31
Попов Роман Юрьевич,майор,1,24
Макаров Максим Павлович,лейтенант,9,25
Смирнов Егор Викторович,полковник,12,52
Алексеев Андрей Александрович,сержант,6,24
Фёдоров Артём Павлович,полковник,5,28
Алексеев Иван Кириллович,полковник,1,28
Попов Дмитрий Никитич,рядовой,8,39
Васильев Олег Александрович,прапорщик,11,18
Морозов Артём Максимович,капитан,9,35
Никитин Максим Дмитриевич,майор,6,19
Лебедев Никита Романович,рядовой,9,34
Егоров Никита Алексеевич,капитан,5,44
Яковлев Денис Викторович,рядовой,4,49
Егоров Кирилл Олегович,лейтенант,10,49
Петров Александр Кириллович,рядовой,11,46
Кочергин Кирилл Никитич,полковник,1,39
Яковлев Евгений Кириллович,прапорщик,6,18
Сидоров Денис Алексеевич,лейтенант,3,47
Николаев Константин Викторович,сержант,12,26
Павлов Алексей Александрович,рядовой,12,53
Яковлев Илья Андреевич,рядовой,6,24
Сидоров Алексей Максимович,полковник,4,34
Иванов Егор Ильич,полковник,7,52
Иванов Максим Дмитриевич,прапорщик,1,29
Новиков Дмитрий Павлович,прапорщик,2,22
Орлов Денис Михайлович,полковник,8,22
Макаров Максим Викторович,рядовой,11,43
Михайлов Степан Иванович,полковник,8,54
Алексеев Евгений Павлович,сержант,11,60
Сидоров Алексей Михайлович,полковник,1,46
Макаров Виктор Александрович,прапорщик,11,37
Павлов Виктор Максимович,сержант,9,60
Егоров Сергей Дмитриевич,рядовой,2,35
Зайцев Никита Олегович,лейтенант,12,43
Лебедев Иван Олегович,рядовой,10,39
Кузнецов Кирилл Павлович,майор,1,24
Семёнов Дмитрий Андреевич,полковник,2,46
Алексеев Михаил Романович,рядовой,8,47
Никитин Дмитрий Андреевич,сержант,11,31
Павлов Александр Михайлович,майор,6,32
Новиков Иван Алексеевич,лейтенант,8,60
Кузнецов Никита Ильич,майор,3,21
Степанов Матвей Алексеевич,капитан,5,51
Козлов Степан Юрьевич,полковник,4,41
Андреев Евгений Юрьевич,сержант,8,28
Степанов Константин Ильич,сержант,11,39
Андреев Денис Александрович,сержант,12,34
Иванов Константин Кириллович,капитан,9,43
Орлов Егор Ильич,майор,10,51
Новиков Роман Никитич,капитан,5,35
Кузнецов Виктор Викторович,сержант,10,53
Соколов Никита Павлович,полковник,11,40
Кузнецов Юрий Кириллович,капитан,2,53
Макаров Степан Олегович,майор,8,43
Попов Андрей Юрьевич,сержант,6,32
Зайцев Илья Никитич,рядовой,7,58
Попов Дмитрий Сергеевич,лейтенант,7,30
Соколов Кирилл Дмитриевич,рядовой,5,26
Сидоров Матвей Павлович,майор,4,34
Борисов Юрий Романович,сержант,7,31
Кочергин Алексей Олегович,сержант,4,30
Морозов Иван Дмитриевич,прапорщик,5,35
Морозов Матвей Сергеевич,майор,11,37
Васильев Кирилл Никитич,сержант,2,22
Смирнов Иван Романович,прапорщик,10,34
Новиков Павел Романович,лейтенант,11,36
Попов Максим Никитич,сержант,11,37
Кочергин Илья Сергеевич,прапорщик,2,28
Степанов Сергей Сергеевич,лейтенант,5,49
Николаев Константин Алексеевич,прапорщик,11,42
Новиков Алексей Викторович,сержант,5,46
Макаров Артём Романович,сержант,11,57
Степанов Евгений Юрьевич,прапорщик,11,54
Захаров Сергей Иванович,сержант,1,21
Лебедев Никита Сергеевич,прапорщик,6,59
Сидоров Евгений Кириллович,полковник,5,48
Борисов Павел Алексеевич,майор,4,21
Фёдоров Иван Алексеевич,прапорщик,6,30
Сидоров Александр Максимович,сержант,5,43
Новиков Илья Юрьевич,капитан,11,42
Попов Михаил Ильич,майор,1,58
Сидоров Кирилл Олегович,рядовой,7,44
Макаров Павел Павлович,рядовой,12,19
Кочергин Константин Олегович,сержант,12,46
Яковлев Михаил Сергеевич,полковник,3,22
Егоров Денис Дмитриевич,лейтенант,6,18
Алексеев Максим Михайлович,лейтенант,2,40
Козлов Александр Сергеевич,рядовой,3,38
Иванов Андрей Ильич,рядовой,7,20
Иванов Кирилл Дмитриевич,сержант,8,28
Павлов Константин Олегович,полковник,9,32
Николаев Андрей Сергеевич,сержант,1,53
Кочергин Максим Михайлович,майор,12,57
Павлов Михаил Андреевич,прапорщик,1,47
Степанов Роман Павлович,капитан,10,58
Никитин Иван Михайлович,сержант,1,21
Николаев Максим Никитич,рядовой,5,35
Кузнецов Кирилл Павлович,рядовой,11,48
Соколов Денис Алексеевич,сержант,12,52
Яковлев Егор Максимович,майор,6,55
Морозов Алексей Романович,майор,10,56
Михайлов Иван Романович,майор,8,45
Васильев Денис Алексеевич,капитан,4,19
Фёдоров Никита Юрьевич,лейтенант,10,48
Орлов Константин Ильич,лейтенант,8,45
Иванов Денис Никитич,майор,11,24
Петров Матвей Ильич,капитан,5,52
Смирнов Никита Александрович,полковник,5,32
Козлов Дмитрий Кириллович,прапорщик,7,19
Соловьёв Андрей Иванович,полковник,9,58
Алексеев Константин Павлович,лейтенант,12,18
Соловьёв Константин Олегович,сержант,6,37
Орлов Иван Павлович,рядовой,8,38
Соловьёв Максим Алексеевич,рядовой,1,23
Егоров Михаил Андреевич,лейтенант,3,60
Кузнецов Роман Никитич,полковник,11,36
Яковлев Сергей Александрович,полковник,3,35
Морозов Павел Никитич,рядовой,9,40
Захаров Константин Кириллович,прапорщик,7,41
Соколов Никита Алексеевич,полковник,5,59
Соколов Денис Викторович,полковник,12,55
Фёдоров Дмитрий Викторович,майор,7,41
Никитин Никита Викторович,сержант,8,34
Павлов Матвей Андреевич,прапорщик,2,28
Попов Никита Никитич,лейтенант,8,55
Соловьёв Олег Дмитриевич,рядовой,11,49
Захаров Никита Алексеевич,полковник,3,48
Козлов Олег Алексеевич,капитан,5,54
Орлов Егор Романович,сержант,4,57
Кочергин Денис Михайлович,майор,10,54
Степанов Дмитрий Андреевич,рядовой,4,60
Егоров Никита Михайлович,рядовой,8,18
Петров Степан Михайлович,полковник,2,39
Козлов Юрий Максимович,сержант,5,27
Алексеев Павел Романович,лейтенант,6,32
Зайцев Юрий Романович,рядовой,12,30
Орлов Константин Юрьевич,лейтенант,12,33
Фёдоров Алексей Никитич,лейтенант,2,37
Кузнецов Егор Алексеевич,рядовой,5,21
Егоров Матвей Андреевич,рядовой,7,33
Васильев Кирилл Олегович,рядовой,2,51
Степанов Денис Юрьевич,сержант,8,27
Егоров Алексей Павлович,прапорщик,10,30
Орлов Артём Дмитриевич,прапорщик,2,57
Сидоров Денис Максимович,полковник,7,21
Соколов Артём Кириллович,рядовой,9,41
Новиков Михаил Максимович,капитан,11,37
Соколов Егор Олегович,рядовой,11,29
Орлов Александр Ильич,рядовой,4,48
Яковлев Степан Дмитриевич,майор,3,22
Петров Павел Кириллович,лейтенант,8,44
Семёнов Иван Викторович,лейтенант,4,44
Фёдоров Иван Павлович,прапорщик,6,40
Новиков Никита Дмитриевич,сержант,5,50
Смирнов Константин Романович,полковник,12,34
Васильев Матвей Сергеевич,рядовой,1,26
Кочергин Константин Ильич,капитан,6,41
Васильев Илья Дмитриевич,капитан,10,26
Васильев Юрий Кириллович,сержант,11,23
Васильев Матвей Максимович,прапорщик,11,51
Фёдоров Никита Александрович,лейтенант,1,27
Кочергин Кирилл Александрович,лейтенант,3,45
Иванов Роман Викторович,прапорщик,12,24
Фёдоров Олег Сергеевич,майор,5,37
Зайцев Евгений Юрьевич,лейтенант,3,24
Яковлев Егор Никитич,капитан,4,34
Орлов Андрей Викторович,майор,10,47
Соколов Дмитрий Алексеевич,капитан,5,21
Алексеев Павел Романович,полковник,8,28
Морозов Алексей Дмитриевич,сержант,4,41
Егоров Константин Ильич,лейтенант,8,25
Попов Матвей Алексеевич,капитан,5,51
Никитин Степан Максимович,капитан,11,55
Новиков Константин Иванович,рядовой,7,39
Степанов Павел Максимович,майор,12,55
Михайлов Никита Павлович,майор,5,37
Алексеев Кирилл Романович,сержант,4,55
Иванов Александр Михайлович,рядовой,6,28
Новиков Андрей Павлович,лейтенант,9,41
Фёдоров Кирилл Юрьевич,рядовой,2,50
Козлов Денис Юрьевич,капитан,11,40
Никитин Дмитрий Сергеевич,майор,5,42
Лебедев Дмитрий Кириллович,лейтенант,8,27
Никитин Олег Романович,рядовой,12,26
Яковлев Евгений Александрович,рядовой,12,37
Орлов Максим Викторович,лейтенант,12,20
Зайцев Олег Юрьевич,сержант,5,45
Петров Виктор Кириллович,рядовой,7,24
Соколов Виктор Никитич,рядовой,12,49
Козлов Константин Андреевич,полковник,11,23
Кочергин Кирилл Иванович,лейтенант,6,29
Семёнов Матвей Никитич,майор,3,50
Андреев Виктор Ильич,полковник,3,53
Никитин Роман Юрьевич,майор,9,39
Яковлев Максим Иванович,майор,1,45
Яковлев Роман Максимович,прапорщик,6,47
Смирнов Юрий Романович,прапорщик,7,44
Сидоров Егор Олегович,капитан,10,37
Петров Павел Кириллович,лейтенант,12,33
Кочергин Кирилл Олегович,майор,1,39
Козлов Матвей Романович,рядовой,12,44
Смирнов Максим Кириллович,сержант,10,39
Алексеев Артём Алексеевич,сержант,5,41
Яковлев Максим Андреевич,прапорщик,7,56
Кочергин Максим Андреевич,рядовой,3,59
Андреев Егор Викторович,полковник,12,37
Павлов Юрий Павлович,капитан,8,53
Новиков Евгений Юрьевич,капитан,9,58
Степанов Егор Ильич,рядовой,10,45
Яковлев Илья Дмитриевич,прапорщик,3,49
Николаев Дмитрий Михайлович,майор,4,42
Козлов Алексей Алексеевич,полковник,6,54
Макаров Максим Олегович,прапорщик,3,33
Иванов Сергей Андреевич,лейтенант,5,43
Козлов Юрий Александрович,рядовой,8,42
Васильев Сергей Максимович,капитан,9,45
Соколов Иван Александрович,полковник,9,41
Орлов Матвей Кириллович,полковник,7,18
Алексеев Андрей Алексеевич,сержант,1,44
Васильев Матвей Олегович,лейтенант,4,59
Макаров Матвей Юрьевич,лейтенант,6,43
Степанов Михаил Алексеевич,полковник,10,51
Новиков Максим Александрович,полковник,5,18
Зайцев Юрий Дмитриевич,сержант,12,28
Семёнов Артём Александрович,сержант,3,37
Никитин Евгений Алексеевич,майор,8,37
Соловьёв Юрий Павлович,сержант,12,38
Кузнецов Виктор Кириллович,полковник,6,44
Сидоров Сергей Андреевич,рядовой,4,52
Иванов Виктор Олегович,полковник,11,55
Фёдоров Евгений Олегович,сержант,11,22
Павлов Никита Ильич,майор,11,22
Андреев Сергей Сергеевич,майор,3,50
Никитин Максим Викторович,лейтенант,10,19
Захаров Артём Павлович,лейтенант,7,43
Соколов Роман Никитич,лейтенант,3,50
Сидоров Олег Кириллович,сержант,7,38
Козлов Евгений Михайлович,прапорщик,1,30
Васильев Виктор Юрьевич,капитан,1,29
Орлов Виктор Михайлович,рядовой,4,49
Морозов Артём Иванович,майор,12,30
Орлов Сергей Ильич,сержант,12,34
Макаров Никита Андреевич,полковник,12,46
Андреев Никита Олегович,лейтенант,2,55
Николаев Никита Дмитриевич,полковник,12,33
Петров Матвей Павлович,капитан,8,53
Петров Иван Максимович,сержант,12,43
Фёдоров Андрей Никитич,полковник,10,36
Захаров Степан Максимович,капитан,6,28
Захаров Константин Кириллович,капитан,9,28
Яковлев Александр Максимович,прапорщик,2,35
Козлов Иван Викторович,лейтенант,7,35
Козлов Максим Кириллович,лейтенант,12,23
Алексеев Матвей Викторович,лейтенант,6,26
Егоров Алексей Андреевич,майор,7,24
Зайцев Павел Романович,майор,5,54
Орлов Александр Андреевич,капитан,5,53
Соловьёв Кирилл Никитич,сержант,11,34
Макаров Никита Викторович,лейтенант,7,43
Сидоров Илья Олегович,прапорщик,11,39
Иванов Дмитрий Максимович,майор,6,56
Морозов Роман Викторович,капитан,4,27
Васильев Павел Иванович,полковник,10,30
Кочергин Александр Сергеевич,капитан,5,23
Кузнецов Олег Викторович,рядовой,7,42
Смирнов Степан Романович,майор,4,44
Петров Юрий Юрьевич,капитан,1,46
Кузнецов Александр Андреевич,рядовой,4,58
Андреев Артём Сергеевич,рядовой,3,18
Никитин Павел Олегович,лейтенант,8,45
Соколов Иван Алексеевич,рядовой,4,59
Лебедев Илья Никитич,полковник,5,50
Соколов Роман Иванович,лейтенант,8,18
Лебедев Олег Сергеевич,капитан,11,18
Морозов Роман Романович,лейтенант,5,30
Козлов Егор Юрьевич,лейтенант,1,38
Михайлов Роман Викторович,сержант,10,33
Сидоров Роман Михайлович,майор,10,18
Козлов Никита Михайлович,лейтенант,9,59
Павлов Денис Кириллович,майор,11,21
Никитин Матвей Олегович,капитан,2,21
Соловьёв Алексей Романович,сержант,2,26
Козлов Алексей Олегович,полковник,7,26
Фёдоров Кирилл Юрьевич,полковник,9,21
Орлов Дмитрий Романович,капитан,1,37
Иванов Максим Никитич,лейтенант,2,38
Степанов Иван Александрович,рядовой,1,22
Яковлев Павел Дмитриевич,рядовой,8,31
Егоров Евгений Романович,прапорщик,7,46
Яковлев Юрий Кириллович,майор,5,49
Новиков Илья Павлович,полковник,10,32
Зайцев Павел Дмитриевич,капитан,10,35
Смирнов Артём Сергеевич,капитан,9,38
Козлов Роман Юрьевич,рядовой,9,32
Кузнецов Сергей Ильич,рядовой,6,36
Кузнецов Виктор Михайлович,майор,12,29
Морозов Олег Максимович,рядовой,2,55
Николаев Дмитрий Ильич,полковник,6,56
Новиков Александр Никитич,сержант,11,54
Новиков Максим Алексеевич,прапорщик,10,46
Степанов Константин Дмитриевич,майор,11,32
Никитин Андрей Кириллович,капитан,9,46
Орлов Егор Викторович,лейтенант,7,20
Николаев Роман Алексеевич,полковник,12,51
Козлов Никита Максимович,сержант,5,19
Николаев Артём Юрьевич,капитан,4,52
Лебедев Михаил Никитич,майор,12,59
Васильев Александр Сергеевич,капитан,4,44
Соколов Алексей Ильич,майор,10,46
Андреев Александр Алексеевич,лейтенант,7,33
Егоров Алексей Александрович,лейтенант,2,40
Яковлев Михаил Максимович,капитан,6,25
Соколов Илья Сергеевич,рядовой,8,50
Алексеев Дмитрий Романович,лейтенант,8,43
Зайцев Иван Юрьевич,рядовой,10,26
Андреев Виктор Андреевич,полковник,1,32
Петров Андрей Викторович,прапорщик,8,35
Петров Матвей Алексеевич,сержант,11,18
Васильев Егор Александрович,лейтенант,8,49
Егоров Денис Сергеевич,капитан,11,28
Михайлов Константин Юрьевич,майор,3,42
Фёдоров Никита Викторович,рядовой,4,43
Новиков Павел Олегович,лейтенант,5,41
Смирнов Юрий Никитич,прапорщик,4,46
Морозов Алексей Иванович,лейтенант,12,37
Захаров Михаил Андреевич,полковник,6,26
Макаров Егор Дмитриевич,майор,2,51
Морозов Сергей Сергеевич,полковник,2,38
Макаров Егор Юрьевич,сержант,4,52
Соловьёв Матвей Максимович,прапорщик,8,45
Новиков Егор Юрьевич,рядовой,11,41
Петров Виктор Олегович,полковник,9,18
Степанов Степан Ильич,капитан,12,31
Сидоров Павел Кириллович,прапорщик,7,38
Андреев Дмитрий Алексеевич,полковник,8,38
Егоров Егор Дмитриевич,сержант,11,37
Макаров Матвей Павлович,сержант,12,33
Соловьёв Артём Андреевич,сержант,5,57
Борисов Матвей Андреевич,прапорщик,6,46
Петров Никита Максимович,прапорщик,6,48
Соловьёв Евгений Андреевич,лейтенант,4,52
Павлов Александр Ильич,полковник,3,35
Орлов Андрей Викторович,рядовой,7,25
Орлов Евгений Павлович,полковник,3,50
Яковлев Олег Павлович,капитан,8,34
Семёнов Егор Алексеевич,сержант,11,48
Иванов Артём Иванович,майор,5,48
Павлов Иван Алексеевич,лейтенант,9,24
Козлов Артём Сергеевич,полковник,10,27
Попов Павел Михайлович,рядовой,12,29
Яковлев Юрий Кириллович,сержант,9,18
Соловьёв Роман Алексеевич,прапорщик,4,55
Михайлов Сергей Иванович,прапорщик,6,41
Михайлов Максим Алексеевич,прапорщик,9,51
Борисов Илья Максимович,прапорщик,1,21
Борисов Илья Иванович,лейтенант,4,19
Васильев Алексей Андреевич,лейтенант,8,30
Фёдоров Виктор Никитич,полковник,10,18
Новиков Иван Павлович,прапорщик,8,24
Алексеев Евгений Олегович,майор,3,23
Васильев Андрей Иванович,рядовой,9,44
Попов Степан Олегович,капитан,6,42
Новиков Олег Ильич,прапорщик,8,42
Петров Виктор Алексеевич,сержант,1,54
Попов Матвей Викторович,сержант,9,56
Захаров Олег Никитич,лейтенант,8,60
Васильев Роман Ильич,рядовой,7,30
Соколов Александр Никитич,лейтенант,1,24
Семёнов Алексей Павлович,сержант,9,18
Соколов Артём Павлович,прапорщик,10,21
Егоров Михаил Юрьевич,прапорщик,10,23
Николаев Максим Олегович,полковник,4,34
Соловьёв Олег Кириллович,полковник,11,20
Соколов Сергей Дмитриевич,майор,12,24
Кочергин Егор Кириллович,полковник,7,45
Попов Андрей Михайлович,прапорщик,6,37
Сидоров Михаил Александрович,капитан,11,39
Лебедев Константин Павлович,сержант,3,54
Морозов Максим Сергеевич,майор,1,50
Новиков Евгений Олегович,рядовой,1,42
Макаров Егор Дмитриевич,майор,11,21
Попов Роман Александрович,прапорщик,7,55
Иванов Олег Сергеевич,лейтенант,5,57
Орлов Никита Ильич,капитан,11,57
Смирнов Роман Андреевич,прапорщик,5,22
Иванов Егор Павлович,майор,8,52
Павлов Михаил Романович,лейтенант,4,27
Яковлев Максим Олегович,прапорщик,1,29
Яковлев Виктор Михайлович,сержант,4,51
Козлов Артём Иванович,прапорщик,12,34
Соловьёв Александр Викторович,рядовой,2,59
Яковлев Александр Викторович,полковник,3,57
Егоров Матвей Александрович,сержант,4,60
Орлов Александр Иванович,майор,12,19
Зайцев Егор Олегович,лейтенант,2,34
Павлов Никита Кириллович,сержант,11,30
Никитин Сергей Юрьевич,полковник,2,34
Лебедев Павел Романович,прапорщик,5,22
Попов Павел Алексеевич,прапорщик,10,29
Попов Александр Алексеевич,капитан,11,53
Сидоров Матвей Алексеевич,рядовой,9,55
Соловьёв Виктор Иванович,сержант,2,46
Соловьёв Роман Александрович,рядовой,3,44
Степанов Егор Алексеевич,прапорщик,1,38
Никитин Дмитрий Юрьевич,майор,4,26
Михайлов Константин Максимович,сержант,10,36
Соколов Дмитрий Кириллович,полковник,12,28
Морозов Дмитрий Алексеевич,лейтенант,5,56
Кочергин Андрей Кириллович,капитан,4,50
Новиков Михаил Дмитриевич,полковник,11,32
Семёнов Олег Павлович,прапорщик,5,31
Степанов Павел Михайлович,сержант,12,53
Никитин Матвей Александрович,сержант,4,19
Егоров Егор Михайлович,полковник,2,36
Павлов Егор Кириллович,полковник,3,55
Николаев Дмитрий Романович,полковник,1,39
Петров Кирилл Юрьевич,майор,2,39
Козлов Александр Романович,рядовой,9,26
Яковлев Артём Викторович,лейтенант,3,24
Петров Константин Дмитриевич,лейтенант,5,36
Михайлов Денис Кириллович,капитан,2,22
Семёнов Сергей Юрьевич,прапорщик,12,18
Иванов Артём Михайлович,прапорщик,7,51
Орлов Евгений Михайлович,капитан,7,39
Орлов Денис Ильич,лейтенант,5,35
Степанов Роман Павлович,лейтенант,1,46
Кузнецов Илья Павлович,лейтенант,12,21
Никитин Михаил Юрьевич,прапорщик,2,27
Иванов Степан Сергеевич,капитан,1,30
Алексеев Евгений Ильич,капитан,11,27
Морозов Андрей Никитич,рядовой,5,31
Козлов Илья Иванович,рядовой,7,19
Кузнецов Роман Романович,лейтенант,8,41
Кузнецов Юрий Олегович,лейтенант,9,36
Павлов Дмитрий Ильич,майор,12,24
Алексеев Артём Павлович,лейтенант,9,22
Лебедев Никита Андреевич,прапорщик,11,53
Сидоров Илья Романович,сержант,8,42
Борисов Кирилл Алексеевич,капитан,9,32
Никитин Константин Кириллович,рядовой,4,57
Никитин Матвей Кириллович,капитан,6,26
Макаров Юрий Павлович,рядовой,9,59
Павлов Матвей Ильич,сержант,10,53
Зайцев Иван Кириллович,прапорщик,12,19
Сидоров Максим Михайлович,капитан,10,49
Зайцев Михаил Викторович,прапорщик,5,49
Васильев Виктор Викторович,полковник,8,20
Михайлов Павел Дмитриевич,капитан,7,47
Павлов Максим Никитич,прапорщик,7,39
Козлов Денис Викторович,сержант,10,42
Смирнов Дмитрий Ильич,полковник,11,34
Иванов Никита Юрьевич,сержант,7,52
Борисов Павел Сергеевич,рядовой,9,19
Новиков Сергей Юрьевич,прапорщик,7,57
Николаев Кирилл Ильич,рядовой,8,28
Захаров Сергей Викторович,майор,8,22
Орлов Егор Сергеевич,лейтенант,6,50
Лебедев Алексей Кириллович,лейтенант,4,37
Никитин Максим Сергеевич,рядовой,5,52
Соловьёв Никита Викторович,капитан,12,44
Лебедев Сергей Андреевич,лейтенант,6,48
Андреев Алексей Максимович,капитан,3,55
Зайцев Сергей Алексеевич,полковник,8,53
Степанов Олег Иванович,майор,3,34
Козлов Виктор Максимович,капитан,7,19
Николаев Евгений Никитич,рядовой,12,40
Орлов Степан Романович,прапорщик,4,47
Андреев Илья Дмитриевич,майор,5,31
Лебедев Егор Ильич,рядовой,9,38
Морозов Павел Павлович,лейтенант,1,49
Зайцев Сергей Олегович,полковник,10,34
Михайлов Степан Сергеевич,прапорщик,12,37
Иванов Александр Дмитриевич,майор,12,35
Петров Иван Иванович,лейтенант,1,27
Соколов Сергей Дмитриевич,майор,7,37
Никитин Дмитрий Викторович,полковник,10,49
Попов Павел Олегович,капитан,12,28
Попов Степан Романович,майор,5,27
Лебедев Артём Михайлович,прапорщик,10,49
Козлов Константин Андреевич,полковник,6,25
Захаров Олег Юрьевич,майор,4,44
Алексеев Олег Романович,прапорщик,8,41
Егоров Иван Кириллович,майор,8,22
Яковлев Дмитрий Романович,сержант,10,27
Морозов Олег Дмитриевич,полковник,7,49
Лебедев Сергей Романович,сержант,12,43
Иванов Олег Сергеевич,лейтенант,5,32
Андреев Александр Михайлович,рядовой,3,40
Кочергин Дмитрий Дмитриевич,прапорщик,2,30
Борисов Сергей Олегович,майор,7,49
Лебедев Матвей Андреевич,лейтенант,1,46
Смирнов Андрей Викторович,капитан,12,47
Смирнов Иван Олегович,сержант,12,38
Иванов Егор Никитич,сержант,12,47
Попов Павел Александрович,майор,5,31
Егоров Степан Сергеевич,лейтенант,12,44
Лебедев Роман Андреевич,полковник,3,46
Петров Андрей Иванович,прапорщик,4,22
Кочергин Олег Кириллович,капитан,2,38
Егоров Михаил Олегович,прапорщик,8,26
Фёдоров Егор Дмитриевич,полковник,5,42
Захаров Иван Алексеевич,майор,1,31
Алексеев Константин Александрович,лейтенант,12,24
Фёдоров Юрий Иванович,рядовой,11,29
Кочергин Максим Кириллович,прапорщик,1,57
Соловьёв Денис Кириллович,рядовой,3,27
Захаров Виктор Дмитриевич,полковник,12,45
Кочергин Иван Олегович,лейтенант,6,36
Николаев Александр Романович,сержант,12,58
Попов Кирилл Алексеевич,майор,11,25
Андреев Егор Михайлович,сержант,6,32
Андреев Алексей Олегович,рядовой,8,53
Орлов Александр Иванович,капитан,2,33
Егоров Дмитрий Романович,лейтенант,4,29
Смирнов Илья Павлович,полковник,8,53
Никитин Олег Павлович,прапорщик,6,39
Зайцев Матвей Андреевич,лейтенант,2,38
Смирнов Александр Викторович,рядовой,12,40
Орлов Матвей Юрьевич,рядовой,6,28
Степанов Матвей Дмитриевич,капитан,7,52
Семёнов Кирилл Никитич,рядовой,3,30
Фёдоров Виктор Олегович,майор,3,38
Павлов Роман Андреевич,полковник,7,33
Фёдоров Егор Александрович,рядовой,7,59
Попов Никита Иванович,рядовой,6,23
Семёнов Павел Викторович,майор,6,22
Соловьёв Павел Ильич,лейтенант,9,34
Козлов Никита Ильич,рядовой,3,47
Захаров Артём Михайлович,полковник,5,39
Егоров Олег Александрович,майор,2,57
Семёнов Егор Алексеевич,рядовой,4,35
Алексеев Максим Павлович,прапорщик,11,42
Сидоров Никита Андреевич,майор,7,39
Соколов Андрей Андреевич,сержант,11,34
Борисов Иван Дмитриевич,майор,11,50
Смирнов Александр Сергеевич,прапорщик,9,24
Попов Павел Викторович,рядовой,10,53
Павлов Кирилл Дмитриевич,полковник,9,56
Борисов Виктор Михайлович,сержант,8,37
Павлов Виктор Сергеевич,полковник,3,43
Егоров Сергей Юрьевич,полковник,10,33
Иванов Александр Александрович,прапорщик,9,52
Захаров Павел Александрович,прапорщик,11,50
Петров Степан Сергеевич,прапорщик,1,30
Васильев Михаил Александрович,прапорщик,1,53
Зайцев Сергей Дмитриевич,прапорщик,7,32
Фёдоров Олег Олегович,полковник,10,55
Петров Олег Алексеевич,рядовой,4,22
Смирнов Егор Олегович,капитан,5,44
Иванов Андрей Максимович,сержант,5,45
Лебедев Егор Михайлович,сержант,9,25
Кузнецов Юрий Иванович,капитан,9,30
Кочергин Алексей Дмитриевич,лейтенант,5,57
Егоров Степан Михайлович,капитан,12,38
Степанов Максим Алексеевич,лейтенант,1,55
Кузнецов Александр Кириллович,сержант,2,34
Макаров Егор Иванович,лейтенант,11,40
Семёнов Юрий Сергеевич,полковник,7,43
Морозов Денис Сергеевич,сержант,1,36
Козлов Константин Иванович,полковник,1,37
Соколов Евгений Павлович,прапорщик,11,24
Кочергин Кирилл Иванович,рядовой,9,42
Кузнецов Юрий Романович,сержант,3,26
Соловьёв Илья Александрович,лейтенант,3,35
Борисов Степан Юрьевич,лейтенант,5,24
Яковлев Алексей Олегович,рядовой,4,60
Соловьёв Павел Иванович,полковник,6,49
Михайлов Никита Павлович,рядовой,9,18
Андреев Никита Ильич,капитан,4,37
Борисов Дмитрий Кириллович,прапорщик,5,58
Зайцев Кирилл Андреевич,майор,11,48
Егоров Евгений Иванович,капитан,9,50
Смирнов Павел Алексеевич,рядовой,7,57
Кочергин Матвей Павлович,капитан,4,29
Морозов Виктор Олегович,полковник,3,47
Алексеев Юрий Алексеевич,сержант,4,44
Павлов Илья Максимович,полковник,3,48
Фёдоров Илья Михайлович,рядовой,9,31
Степанов Константин Иванович,прапорщик,11,48
Зайцев Степан Дмитриевич,сержант,3,50
Иванов Максим Викторович,лейтенант,2,19
Алексеев Андрей Никитич,прапорщик,1,26
Макаров Роман Никитич,прапорщик,8,32
Никитин Матвей Ильич,прапорщик,2,59
Новиков Юрий Кириллович,капитан,2,19
Макаров Артём Алексеевич,сержант,12,25
Зайцев Евгений Олегович,полковник,11,45
Лебедев Павел Дмитриевич,лейтенант,7,58
Семёнов Кирилл Юрьевич,лейтенант,11,58
Кузнецов Дмитрий Сергеевич,рядовой,11,21
Новиков Александр Кириллович,капитан,5,33
Макаров Иван Алексеевич,лейтенант,1,23
Николаев Степан Викторович,лейтенант,12,48
Захаров Константин Иванович,майор,4,30
Соловьёв Михаил Андреевич,сержант,6,31
Козлов Илья Андреевич,сержант,5,26
Морозов Денис Юрьевич,лейтенант,3,47
Лебедев Кирилл Иванович,лейтенант,11,39
Петров Алексей Сергеевич,майор,9,51
Борисов Матвей Алексеевич,рядовой,2,36
Егоров Михаил Олегович,рядовой,4,42
Васильев Евгений Кириллович,капитан,7,52
Семёнов Степан Никитич,сержант,1,60
Новиков Иван Романович,майор,11,55
Никитин Степан Кириллович,прапорщик,11,50
Захаров Константин Никитич,лейтенант,8,21
Борисов Роман Кириллович,майор,10,29
Егоров Никита Кириллович,сержант,11,58
Петров Андрей Романович,прапорщик,7,23
Соловьёв Егор Юрьевич,капитан,5,44
Макаров Иван Викторович,капитан,11,22
Егоров Павел Олегович,сержант,12,44
Макаров Максим Кириллович,полковник,10,38
Степанов Юрий Никитич,полковник,11,38
Захаров Павел Андреевич,майор,2,25
Андреев Степан Романович,майор,8,29
Соколов Олег Романович,майор,1,23
Степанов Кирилл Викторович,сержант,8,49
Козлов Егор Андреевич,лейтенант,11,30
Егоров Павел Павлович,полковник,6,36
Никитин Павел Юрьевич,майор,8,54
Сидоров Юрий Юрьевич,капитан,11,58
Кузнецов Андрей Александрович,рядовой,9,59
Смирнов Александр Александрович,рядовой,12,34
Попов Евгений Олегович,майор,7,56
Петров Роман Алексеевич,прапорщик,2,38
Семёнов Никита Романович,рядовой,5,55
Никитин Дмитрий Павлович,лейтенант,2,58
Андреев Виктор Александрович,майор,9,18
Иванов Юрий Михайлович,майор,6,50
Андреев Денис Алексеевич,прапорщик,3,60
Попов Денис Никитич,майор,12,55
Кочергин Егор Иванович,майор,11,26
Степанов Михаил Ильич,полковник,1,40
Смирнов Иван Сергеевич,капитан,8,27
Макаров Никита Максимович,сержант,11,31
Соловьёв Кирилл Ильич,полковник,4,38
Соколов Егор Викторович,прапорщик,11,46
Орлов Денис Юрьевич,лейтенант,4,34
Борисов Андрей Павлович,полковник,6,52
Соловьёв Денис Романович,рядовой,4,60
Сидоров Александр Никитич,майор,11,55
Лебедев Константин Максимович,прапорщик,1,48
Яковлев Денис Максимович,майор,11,58
Попов Евгений Александрович,полковник,7,23
Орлов Павел Дмитриевич,лейтенант,5,43
Кочергин Юрий Олегович,капитан,8,60
Михайлов Денис Андреевич,полковник,12,23
Лебедев Сергей Алексеевич,прапорщик,4,41
Кочергин Егор Кириллович,полковник,12,21
Васильев Андрей Иванович,полковник,4,42
Яковлев Павел Иванович,майор,3,41
Фёдоров Степан Викторович,майор,12,42
Семёнов Артём Романович,майор,1,48
Павлов Максим Дмитриевич,майор,8,29
Егоров Юрий Кириллович,майор,10,37
Захаров Иван Павлович,прапорщик,12,44
Макаров Виктор Максимович,сержант,11,42
Сидоров Кирилл Ильич,майор,7,60
Яковлев Илья Сергеевич,полковник,10,43
Попов Иван Романович,лейтенант,12,37
Михайлов Илья Дмитриевич,капитан,6,22
Николаев Константин Романович,лейтенант,7,31
Иванов Дмитрий Павлович,сержант,7,27
Андреев Сергей Дмитриевич,прапорщик,11,22
Кочергин Кирилл Дмитриевич,лейтенант,9,47
Соловьёв Юрий Дмитриевич,полковник,5,50
Смирнов Максим Ильич,майор,11,41
Никитин Артём Юрьевич,майор,11,60
Николаев Илья Олегович,прапорщик,3,48
Яковлев Олег Алексеевич,полковник,10,38
Козлов Степан Павлович,лейтенант,8,48
Андреев Дмитрий Романович,прапорщик,5,51
Козлов Павел Дмитриевич,лейтенант,2,29
Андреев Павел Павлович,капитан,10,24
Фёдоров Михаил Алексеевич,полковник,8,18
Петров Виктор Андреевич,капитан,4,31
Никитин Юрий Сергеевич,сержант,3,43
Егоров Павел Ильич,лейтенант,5,44
Иванов Алексей Максимович,сержант,7,52
Соловьёв Степан Никитич,рядовой,6,49
Семёнов Максим Андреевич,майор,10,22
Егоров Кирилл Алексеевич,майор,11,59
Морозов Максим Иванович,полковник,7,23
Семёнов Егор Иванович,прапорщик,9,56
Попов Андрей Кириллович,майор,6,41
Борисов Андрей Романович,капитан,8,60
Иванов Егор Ильич,рядовой,11,27
Никитин Андрей Алексеевич,капитан,4,33
Морозов Андрей Викторович,капитан,10,49
Смирнов Матвей Ильич,прапорщик,10,59
Алексеев Михаил Юрьевич,сержант,7,51
Орлов Михаил Юрьевич,прапорщик,7,35
Орлов Матвей Романович,рядовой,8,27
Борисов Евгений Кириллович,рядовой,1,25
Павлов Матвей Дмитриевич,капитан,9,21
Яковлев Степан Юрьевич,прапорщик,7,37
Зайцев Матвей Александрович,майор,11,39
Павлов Сергей Александрович,прапорщик,9,18
Смирнов Александр Олегович,лейтенант,10,49
Захаров Кирилл Михайлович,лейтенант,7,23
Козлов Артём Викторович,капитан,12,53
Алексеев Роман Ильич,полковник,7,58
Новиков Роман Романович,сержант,4,32
Новиков Иван Викторович,прапорщик,12,54
Алексеев Илья Ильич,лейтенант,10,27
Кузнецов Юрий Олегович,сержант,9,25
Степанов Максим Иванович,рядовой,3,31
Семёнов Михаил Ильич,капитан,11,49
Соколов Михаил Романович,рядовой,6,28
Смирнов Константин Никитич,рядовой,6,58
Иванов Кирилл Юрьевич,сержант,7,19
Степанов Денис Олегович,сержант,10,22
Михайлов Матвей Юрьевич,лейтенант,4,44
Кочергин Александр Романович,капитан,2,56
Павлов Максим Викторович,полковник,5,49
Макаров Илья Павлович,лейтенант,6,31
Степанов Иван Иванович,капитан,8,37
Егоров Константин Иванович,майор,6,46
Смирнов Илья Сергеевич,полковник,11,57
Павлов Кирилл Михайлович,прапорщик,12,56
Яковлев Роман Максимович,лейтенант,4,54
Фёдоров Алексей Романович,лейтенант,5,48
Семёнов Денис Михайлович,сержант,8,58
Попов Максим Андреевич,сержант,9,35
Егоров Иван Викторович,прапорщик,7,22
Захаров Константин Максимович,капитан,10,51
Семёнов Никита Иванович,лейтенант,10,60
Павлов Илья Андреевич,майор,3,56
Петров Олег Александрович,рядовой,6,55
Иванов Никита Никитич,прапорщик,12,25
Лебедев Илья Павлович,прапорщик,9,41
Новиков Дмитрий Романович,майор,10,22
Козлов Илья Михайлович,прапорщик,3,36
Алексеев Андрей Юрьевич,рядовой,3,30
Степанов Илья Кириллович,рядовой,7,39
Соколов Артём Иванович,полковник,4,41
Степанов Денис Романович,полковник,10,60
Павлов Александр Павлович,полковник,3,50
Попов Юрий Сергеевич,капитан,7,18
Егоров Денис Юрьевич,полковник,11,38
Николаев Денис Андреевич,полковник,12,48
Васильев Иван Олегович,сержант,1,55
Яковлев Денис Викторович,сержант,10,59
Зайцев Евгений Кириллович,полковник,7,42
Алексеев Александр Юрьевич,майор,10,49
Егоров Никита Романович,рядовой,1,59
Новиков Кирилл Иванович,майор,1,46
Андреев Андрей Павлович,сержант,10,19
Орлов Максим Александрович,лейтенант,10,32
Андреев Алексей Андреевич,лейтенант,6,27
Лебедев Евгений Алексеевич,прапорщик,5,42
Соколов Александр Романович,капитан,5,60
Сидоров Матвей Олегович,лейтенант,2,22
Лебедев Иван Романович,сержант,10,53
Зайцев Иван Алексеевич,прапорщик,11,38
Павлов Максим Викторович,майор,1,50
Орлов Евгений Никитич,рядовой,8,39
Андреев Никита Ильич,майор,9,18
Морозов Артём Павлович,прапорщик,10,58
Семёнов Андрей Олегович,капитан,4,57
Морозов Дмитрий Викторович,майор,12,19
Морозов Максим Ильич,полковник,1,44
Степанов Егор Викторович,сержант,2,26
Павлов Сергей Романович,лейтенант,9,33
Павлов Иван Александрович,полковник,3,48
Соловьёв Евгений Романович,сержант,8,54
Борисов Степан Андреевич,рядовой,5,54
Попов Михаил Максимович,сержант,8,24
Семёнов Илья Александрович,полковник,7,30
Козлов Дмитрий Иванович,капитан,4,20
Алексеев Степан Михайлович,майор,9,31
Соловьёв Егор Сергеевич,лейтенант,8,28
Васильев Степан Павлович,лейтенант,6,60
Алексеев Дмитрий Павлович,лейтенант,8,41
Яковлев Матвей Иванович,лейтенант,4,38
Новиков Сергей Александрович,прапорщик,12,58
Орлов Иван Юрьевич,майор,3,40
Иванов Михаил Дмитриевич,сержант,6,52
Николаев Константин Максимович,рядовой,11,52
Яковлев Никита Романович,капитан,8,27
Васильев Никита Юрьевич,капитан,5,41
Захаров Денис Андреевич,рядовой,9,19
Кузнецов Михаил Сергеевич,рядовой,5,23
Морозов Дмитрий Викторович,майор,5,55
Соколов Сергей Павлович,лейтенант,1,51
Орлов Сергей Олегович,полковник,11,25
Сидоров Никита Иванович,майор,7,45
Сидоров Илья Никитич,рядовой,12,35
Лебедев Виктор Иванович,рядовой,1,20
Соловьёв Михаил Романович,капитан,5,20
Николаев Степан Андреевич,сержант,11,48
Иванов Роман Дмитриевич,майор,7,37
Степанов Михаил Кириллович,прапорщик,7,59
Морозов Юрий Дмитриевич,майор,4,59
Кочергин Артём Ильич,лейтенант,5,49
Кузнецов Алексей Никитич,прапорщик,6,50
Яковлев Сергей Юрьевич,рядовой,9,32
